[   0.000257] Config <Info> citra\config.cpp:Config::LoadINI:46: Successfully loaded C:\Users\weyst\AppData\Roaming/Citra/config/sdl2-config.ini
[   0.228910] Input <Info> input_common\udp\client.cpp:InputCommon::CemuhookUDP::Client::StartCommunication:206: Starting communication with UDP input server on 127.0.0.1:26760
[   0.834264] Frontend <Info> citra\citra.cpp:main:404: Citra Version: Nightly 2104 | HEAD-0ff3440
[   0.834273] Config <Info> common\settings.cpp:Settings::LogSettings:83: Citra Configuration:
[   0.834276] Config <Info> common\settings.cpp:Settings::LogSettings::<lambda_1>::operator ():80: Core_UseCpuJit: true
[   0.834277] Config <Info> common\settings.cpp:Settings::LogSettings::<lambda_1>::operator ():80: Core_CPUClockPercentage: 100
[   0.834277] Config <Info> common\settings.cpp:Settings::LogSettings::<lambda_1>::operator ():80: Renderer_UseGLES: false
[   0.834278] Config <Info> common\settings.cpp:Settings::LogSettings::<lambda_1>::operator ():80: Renderer_GraphicsAPI: OpenGL
[   0.834279] Config <Info> common\settings.cpp:Settings::LogSettings::<lambda_1>::operator ():80: Renderer_AsyncShaders: false
[   0.834279] Config <Info> common\settings.cpp:Settings::LogSettings::<lambda_1>::operator ():80: Renderer_AsyncPresentation: true
[   0.834279] Config <Info> common\settings.cpp:Settings::LogSettings::<lambda_1>::operator ():80: Renderer_SpirvShaderGen: true
[   0.834280] Config <Info> common\settings.cpp:Settings::LogSettings::<lambda_1>::operator ():80: Renderer_Debug: false
[   0.834282] Config <Info> common\settings.cpp:Settings::LogSettings::<lambda_1>::operator ():80: Renderer_UseHwShader: true
[   0.834282] Config <Info> common\settings.cpp:Settings::LogSettings::<lambda_1>::operator ():80: Renderer_ShadersAccurateMul: true
[   0.834283] Config <Info> common\settings.cpp:Settings::LogSettings::<lambda_1>::operator ():80: Renderer_UseShaderJit: true
[   0.834283] Config <Info> common\settings.cpp:Settings::LogSettings::<lambda_1>::operator ():80: Renderer_UseResolutionFactor: 1
[   0.834284] Config <Info> common\settings.cpp:Settings::LogSettings::<lambda_1>::operator ():80: Renderer_FrameLimit: 100
[   0.834285] Config <Info> common\settings.cpp:Settings::LogSettings::<lambda_1>::operator ():80: Renderer_VSyncNew: true
[   0.834285] Config <Info> common\settings.cpp:Settings::LogSettings::<lambda_1>::operator ():80: Renderer_PostProcessingShader: none (builtin)
[   0.834286] Config <Info> common\settings.cpp:Settings::LogSettings::<lambda_1>::operator ():80: Renderer_FilterMode: true
[   0.834286] Config <Info> common\settings.cpp:Settings::LogSettings::<lambda_1>::operator ():80: Renderer_TextureFilter: None
[   0.834287] Config <Info> common\settings.cpp:Settings::LogSettings::<lambda_1>::operator ():80: Renderer_TextureSampling: GameControlled
[   0.834288] Config <Info> common\settings.cpp:Settings::LogSettings::<lambda_1>::operator ():80: Stereoscopy_Render3d: 0
[   0.834289] Config <Info> common\settings.cpp:Settings::LogSettings::<lambda_1>::operator ():80: Stereoscopy_Factor3d: 0
[   0.834289] Config <Info> common\settings.cpp:Settings::LogSettings::<lambda_1>::operator ():80: Stereoscopy_MonoRenderOption: 0
[   0.834290] Config <Info> common\settings.cpp:Settings::LogSettings::<lambda_1>::operator ():80: Layout_LayoutOption: 0
[   0.834290] Config <Info> common\settings.cpp:Settings::LogSettings::<lambda_1>::operator ():80: Layout_SwapScreen: false
[   0.834291] Config <Info> common\settings.cpp:Settings::LogSettings::<lambda_1>::operator ():80: Layout_UprightScreen: false
[   0.834300] Config <Info> common\settings.cpp:Settings::LogSettings::<lambda_1>::operator ():80: Layout_LargeScreenProportion: 4
[   0.834301] Config <Info> common\settings.cpp:Settings::LogSettings::<lambda_1>::operator ():80: Utility_DumpTextures: false
[   0.834301] Config <Info> common\settings.cpp:Settings::LogSettings::<lambda_1>::operator ():80: Utility_CustomTextures: false
[   0.834302] Config <Info> common\settings.cpp:Settings::LogSettings::<lambda_1>::operator ():80: Utility_PreloadTextures: false
[   0.834302] Config <Info> common\settings.cpp:Settings::LogSettings::<lambda_1>::operator ():80: Utility_AsyncCustomLoading: true
[   0.834303] Config <Info> common\settings.cpp:Settings::LogSettings::<lambda_1>::operator ():80: Utility_UseDiskShaderCache: true
[   0.834303] Config <Info> common\settings.cpp:Settings::LogSettings::<lambda_1>::operator ():80: Audio_Emulation: HLE
[   0.834304] Config <Info> common\settings.cpp:Settings::LogSettings::<lambda_1>::operator ():80: Audio_OutputType: 0
[   0.834304] Config <Info> common\settings.cpp:Settings::LogSettings::<lambda_1>::operator ():80: Audio_OutputDevice: auto
[   0.834304] Config <Info> common\settings.cpp:Settings::LogSettings::<lambda_1>::operator ():80: Audio_InputType: 0
[   0.834305] Config <Info> common\settings.cpp:Settings::LogSettings::<lambda_1>::operator ():80: Audio_InputDevice: auto
[   0.834305] Config <Info> common\settings.cpp:Settings::LogSettings::<lambda_1>::operator ():80: Audio_EnableAudioStretching: true
[   0.834306] Config <Info> common\settings.cpp:Settings::LogSettings::<lambda_1>::operator ():80: Camera_OuterRightName: blank
[   0.834306] Config <Info> common\settings.cpp:Settings::LogSettings::<lambda_1>::operator ():80: Camera_OuterRightConfig: 
[   0.834307] Config <Info> common\settings.cpp:Settings::LogSettings::<lambda_1>::operator ():80: Camera_OuterRightFlip: 0
[   0.834307] Config <Info> common\settings.cpp:Settings::LogSettings::<lambda_1>::operator ():80: Camera_InnerName: blank
[   0.834308] Config <Info> common\settings.cpp:Settings::LogSettings::<lambda_1>::operator ():80: Camera_InnerConfig: 
[   0.834308] Config <Info> common\settings.cpp:Settings::LogSettings::<lambda_1>::operator ():80: Camera_InnerFlip: 0
[   0.834308] Config <Info> common\settings.cpp:Settings::LogSettings::<lambda_1>::operator ():80: Camera_OuterLeftName: blank
[   0.834309] Config <Info> common\settings.cpp:Settings::LogSettings::<lambda_1>::operator ():80: Camera_OuterLeftConfig: 
[   0.834309] Config <Info> common\settings.cpp:Settings::LogSettings::<lambda_1>::operator ():80: Camera_OuterLeftFlip: 0
[   0.834310] Config <Info> common\settings.cpp:Settings::LogSettings::<lambda_1>::operator ():80: DataStorage_UseVirtualSd: true
[   0.834310] Config <Info> common\settings.cpp:Settings::LogSettings::<lambda_1>::operator ():80: DataStorage_UseCustomStorage: false
[   0.834311] Config <Info> common\settings.cpp:Settings::LogSettings::<lambda_1>::operator ():80: System_IsNew3ds: true
[   0.834311] Config <Info> common\settings.cpp:Settings::LogSettings::<lambda_1>::operator ():80: System_LLEApplets: false
[   0.834312] Config <Info> common\settings.cpp:Settings::LogSettings::<lambda_1>::operator ():80: System_RegionValue: -1
[   0.834313] Config <Info> common\settings.cpp:Settings::LogSettings::<lambda_1>::operator ():80: System_PluginLoader: false
[   0.834313] Config <Info> common\settings.cpp:Settings::LogSettings::<lambda_1>::operator ():80: System_PluginLoaderAllowed: true
[   0.834314] Config <Info> common\settings.cpp:Settings::LogSettings::<lambda_1>::operator ():80: Debugging_DelayStartForLLEModules: true
[   0.834314] Config <Info> common\settings.cpp:Settings::LogSettings::<lambda_1>::operator ():80: Debugging_UseGdbstub: false
[   0.834315] Config <Info> common\settings.cpp:Settings::LogSettings::<lambda_1>::operator ():80: Debugging_GdbstubPort: 24689
[   0.891451] Audio.DSP <Info> audio_core\hle\aac_decoder.cpp:AudioCore::HLE::AACDecoder::AACDecoder:27: Created FAAD2 AAC decoder.
[   0.933793] Audio.Sink <Info> audio_core\cubeb_sink.cpp:AudioCore::CubebSink::Impl::StateCallback:135: Cubeb Audio Stream Started
[   0.933813] RPC_Server <Info> core\rpc\rpc_server.cpp:Core::RPC::RPCServer::RPCServer:14: Starting RPC server.
[   0.934001] RPC_Server <Info> core\rpc\rpc_server.cpp:Core::RPC::RPCServer::HandleRequestsLoop:104: Request handler started.
[   0.935515] Service.HTTP <Error> core\hle\service\http\http_c.cpp:Service::HTTP::HTTP_C::DecryptClCertA:1974: ClCertA file missing
[   0.935590] Render.OpenGL <Info> video_core\renderer_opengl\gl_driver.cpp:OpenGL::Driver::ReportDriverInfo:135: GL_VERSION: 4.3.0 NVIDIA 591.74
[   0.935590] Render.OpenGL <Info> video_core\renderer_opengl\gl_driver.cpp:OpenGL::Driver::ReportDriverInfo:136: GL_VENDOR: NVIDIA Corporation
[   0.935591] Render.OpenGL <Info> video_core\renderer_opengl\gl_driver.cpp:OpenGL::Driver::ReportDriverInfo:137: GL_RENDERER: NVIDIA GeForce RTX 4050 Laptop GPU/PCIe/SSE2
[   1.056599] Loader <Info> core\loader\ncch.cpp:Loader::AppLoader_NCCH::Load:268: Program ID: 0004000000F0A100
[   1.056688] Service.FS <Warning> core\file_sys\ncch_container.cpp:FileSys::NCCHContainer::OpenFile:126: Failed to open C:\Users\weyst\AppData\Roaming/Citra/sdmc/Nintendo 3DS/00000000000000000000000000000000/00000000000000000000000000000000/title/0004000e/00f0a100/content/00000000.app
[   1.116575] Loader <Info> core\hle\kernel\process.cpp:Kernel::Process::ParseKernelCaps:196: ExHeader kernel version: 2.33
[   1.125263] Render.OpenGL <Info> video_core\renderer_opengl\gl_shader_disk_cache.cpp:OpenGL::ShaderDiskCache::LoadTransferable:175: Found a transferable disk cache with 0 entries
[   1.125274] Render.OpenGL <Info> video_core\renderer_opengl\gl_shader_disk_cache.cpp:OpenGL::ShaderDiskCache::LoadPrecompiled:186: No precompiled shader cache found for game with title id=0004000000F0A100
[   4.093196] Service.SRV <Warning> core\hle\service\sm\srv.cpp:Service::SM::SRV::RegisterClient:63: (STUBBED) called. Caller PID=11
[   4.129887] Service.APT <Warning> core\hle\service\apt\apt.cpp:Service::APT::Module::APTInterface::NotifyToWait:343: (STUBBED) app_id=768
[   4.130800] Service <Error> core\hle\service\service.cpp:Service::ServiceFrameworkBase::ReportUnimplementedFunction:168: unknown / unimplemented function 'ConfigureNew3DSCPU': port='ptm:sysm' cmd_buf={[0]=0x8180040 (0x0818, 1, 0), [1]=0x0}
[   4.131008] Service.APT <Warning> core\hle\service\apt\apt.cpp:Service::APT::Module::APTInterface::AppletUtility:694: (STUBBED) called command=0X00000007, input_size=0X00000004, output_size=0X00000001
[   4.131154] Service.APT <Warning> core\hle\service\apt\apt.cpp:Service::APT::Module::APTInterface::AppletUtility:694: (STUBBED) called command=0X00000004, input_size=0X00000001, output_size=0X00000001
[   4.396251] Service.FS <Error> core/file_sys/archive_backend.h:FileSys::ArchiveBackend::GetOpenDelayNs:194: Delay generator was not initalized. Using default
[   4.413728] HW.Memory <Error> core\memory.cpp:Memory::MemorySystem::Write:528: unmapped Write8 0x0000002F @ 0x00000828 at PC 0x010F3548
[   4.413737] HW.Memory <Error> core\memory.cpp:Memory::MemorySystem::Write:528: unmapped Write8 0x0000006F @ 0x00000829 at PC 0x010F3548
[   4.413738] HW.Memory <Error> core\memory.cpp:Memory::MemorySystem::Write:528: unmapped Write8 0x00000070 @ 0x0000082A at PC 0x010F3548
[   4.413738] HW.Memory <Error> core\memory.cpp:Memory::MemorySystem::Write:528: unmapped Write8 0x00000065 @ 0x0000082B at PC 0x010F3548
[   4.413739] HW.Memory <Error> core\memory.cpp:Memory::MemorySystem::Write:528: unmapped Write8 0x0000006E @ 0x0000082C at PC 0x010F3548
[   4.413739] HW.Memory <Error> core\memory.cpp:Memory::MemorySystem::Write:528: unmapped Write8 0x00000073 @ 0x0000082D at PC 0x010F3548
[   4.413740] HW.Memory <Error> core\memory.cpp:Memory::MemorySystem::Write:528: unmapped Write8 0x00000062 @ 0x0000082E at PC 0x010F3548
[   4.413740] HW.Memory <Error> core\memory.cpp:Memory::MemorySystem::Write:528: unmapped Write8 0x0000005F @ 0x0000082F at PC 0x010F3548
[   4.413741] HW.Memory <Error> core\memory.cpp:Memory::MemorySystem::Write:528: unmapped Write8 0x0000006D @ 0x00000830 at PC 0x010F3548
[   4.413742] HW.Memory <Error> core\memory.cpp:Memory::MemorySystem::Write:528: unmapped Write8 0x00000061 @ 0x00000831 at PC 0x010F3548
[   4.413742] HW.Memory <Error> core\memory.cpp:Memory::MemorySystem::Write:528: unmapped Write8 0x00000069 @ 0x00000832 at PC 0x010F3548
[   4.413743] HW.Memory <Error> core\memory.cpp:Memory::MemorySystem::Write:528: unmapped Write8 0x0000006E @ 0x00000833 at PC 0x010F3548
[   4.413743] HW.Memory <Error> core\memory.cpp:Memory::MemorySystem::Write:528: unmapped Write8 0x0000002E @ 0x00000834 at PC 0x010F3548
[   4.413744] HW.Memory <Error> core\memory.cpp:Memory::MemorySystem::Write:528: unmapped Write8 0x0000006C @ 0x00000835 at PC 0x010F3548
[   4.413744] HW.Memory <Error> core\memory.cpp:Memory::MemorySystem::Write:528: unmapped Write8 0x0000006F @ 0x00000836 at PC 0x010F3548
[   4.413745] HW.Memory <Error> core\memory.cpp:Memory::MemorySystem::Write:528: unmapped Write8 0x00000067 @ 0x00000837 at PC 0x010F3548
[   4.413745] HW.Memory <Error> core\memory.cpp:Memory::MemorySystem::Write:528: unmapped Write8 0x00000000 @ 0x00000838 at PC 0x010F3548
[   4.413746] HW.Memory <Error> core\memory.cpp:Memory::MemorySystem::Write:528: unmapped Write8 0x00000000 @ 0x00000839 at PC 0x010F3548
[   4.413747] HW.Memory <Error> core\memory.cpp:Memory::MemorySystem::Write:528: unmapped Write8 0x00000000 @ 0x0000083A at PC 0x010F3548
[   4.413748] HW.Memory <Error> core\memory.cpp:Memory::MemorySystem::Write:528: unmapped Write8 0x00000000 @ 0x0000083B at PC 0x010F3548
[   4.413748] HW.Memory <Error> core\memory.cpp:Memory::MemorySystem::Write:528: unmapped Write8 0x00000000 @ 0x0000083C at PC 0x010F3548
[   4.413749] HW.Memory <Error> core\memory.cpp:Memory::MemorySystem::Write:528: unmapped Write8 0x00000000 @ 0x0000083D at PC 0x010F3548
[   4.413749] HW.Memory <Error> core\memory.cpp:Memory::MemorySystem::Write:528: unmapped Write8 0x00000000 @ 0x0000083E at PC 0x010F3548
[   4.413750] HW.Memory <Error> core\memory.cpp:Memory::MemorySystem::Write:528: unmapped Write8 0x00000000 @ 0x0000083F at PC 0x010F3548
[   4.413751] HW.Memory <Error> core\memory.cpp:Memory::MemorySystem::Write:528: unmapped Write8 0x00000000 @ 0x00000840 at PC 0x010F3548
[   4.413751] HW.Memory <Error> core\memory.cpp:Memory::MemorySystem::Write:528: unmapped Write8 0x00000000 @ 0x00000841 at PC 0x010F3548
[   4.413752] HW.Memory <Error> core\memory.cpp:Memory::MemorySystem::Write:528: unmapped Write8 0x00000000 @ 0x00000842 at PC 0x010F3548
[   4.413752] HW.Memory <Error> core\memory.cpp:Memory::MemorySystem::Write:528: unmapped Write8 0x00000000 @ 0x00000843 at PC 0x010F3548
[   4.413753] HW.Memory <Error> core\memory.cpp:Memory::MemorySystem::Write:528: unmapped Write8 0x00000000 @ 0x00000844 at PC 0x010F3548
[   4.413754] HW.Memory <Error> core\memory.cpp:Memory::MemorySystem::Write:528: unmapped Write8 0x00000000 @ 0x00000845 at PC 0x010F3548
[   4.413754] HW.Memory <Error> core\memory.cpp:Memory::MemorySystem::Write:528: unmapped Write8 0x00000000 @ 0x00000846 at PC 0x010F3548
[   4.413755] HW.Memory <Error> core\memory.cpp:Memory::MemorySystem::Write:528: unmapped Write8 0x00000000 @ 0x00000847 at PC 0x010F3548
[   4.413755] HW.Memory <Error> core\memory.cpp:Memory::MemorySystem::Write:528: unmapped Write8 0x00000000 @ 0x00000848 at PC 0x010F3548
[   4.413756] HW.Memory <Error> core\memory.cpp:Memory::MemorySystem::Write:528: unmapped Write8 0x00000000 @ 0x00000849 at PC 0x010F3548
[   4.413757] HW.Memory <Error> core\memory.cpp:Memory::MemorySystem::Write:528: unmapped Write8 0x00000000 @ 0x0000084A at PC 0x010F3548
[   4.413757] HW.Memory <Error> core\memory.cpp:Memory::MemorySystem::Write:528: unmapped Write8 0x00000000 @ 0x0000084B at PC 0x010F3548
[   4.413757] HW.Memory <Error> core\memory.cpp:Memory::MemorySystem::Write:528: unmapped Write8 0x00000000 @ 0x0000084C at PC 0x010F3548
[   4.413758] HW.Memory <Error> core\memory.cpp:Memory::MemorySystem::Write:528: unmapped Write8 0x00000000 @ 0x0000084D at PC 0x010F3548
[   4.413765] HW.Memory <Error> core\memory.cpp:Memory::MemorySystem::Write:528: unmapped Write8 0x00000000 @ 0x0000084E at PC 0x010F3548
[   4.413765] HW.Memory <Error> core\memory.cpp:Memory::MemorySystem::Write:528: unmapped Write8 0x00000000 @ 0x0000084F at PC 0x010F3548
[   4.413766] HW.Memory <Error> core\memory.cpp:Memory::MemorySystem::Write:528: unmapped Write8 0x00000000 @ 0x00000850 at PC 0x010F3548
[   4.413766] HW.Memory <Error> core\memory.cpp:Memory::MemorySystem::Write:528: unmapped Write8 0x00000000 @ 0x00000851 at PC 0x010F3548
[   4.413767] HW.Memory <Error> core\memory.cpp:Memory::MemorySystem::Write:528: unmapped Write8 0x00000000 @ 0x00000852 at PC 0x010F3548
[   4.413768] HW.Memory <Error> core\memory.cpp:Memory::MemorySystem::Write:528: unmapped Write8 0x00000000 @ 0x00000853 at PC 0x010F3548
[   4.413770] HW.Memory <Error> core\memory.cpp:Memory::MemorySystem::Write:528: unmapped Write8 0x00000000 @ 0x00000854 at PC 0x010F3548
[   4.413771] HW.Memory <Error> core\memory.cpp:Memory::MemorySystem::Write:528: unmapped Write8 0x00000000 @ 0x00000855 at PC 0x010F3548
[   4.413771] HW.Memory <Error> core\memory.cpp:Memory::MemorySystem::Write:528: unmapped Write8 0x00000000 @ 0x00000856 at PC 0x010F3548
[   4.413772] HW.Memory <Error> core\memory.cpp:Memory::MemorySystem::Write:528: unmapped Write8 0x00000000 @ 0x00000857 at PC 0x010F3548
[   4.413773] HW.Memory <Error> core\memory.cpp:Memory::MemorySystem::Write:528: unmapped Write8 0x00000000 @ 0x00000858 at PC 0x010F3548
[   4.413774] HW.Memory <Error> core\memory.cpp:Memory::MemorySystem::Write:528: unmapped Write8 0x00000000 @ 0x00000859 at PC 0x010F3548
[   4.413775] HW.Memory <Error> core\memory.cpp:Memory::MemorySystem::Write:528: unmapped Write8 0x00000000 @ 0x0000085A at PC 0x010F3548
[   4.413776] HW.Memory <Error> core\memory.cpp:Memory::MemorySystem::Write:528: unmapped Write8 0x00000000 @ 0x0000085B at PC 0x010F3548
[   4.413776] HW.Memory <Error> core\memory.cpp:Memory::MemorySystem::Write:528: unmapped Write8 0x00000000 @ 0x0000085C at PC 0x010F3548
[   4.413777] HW.Memory <Error> core\memory.cpp:Memory::MemorySystem::Write:528: unmapped Write8 0x00000000 @ 0x0000085D at PC 0x010F3548
[   4.413777] HW.Memory <Error> core\memory.cpp:Memory::MemorySystem::Write:528: unmapped Write8 0x00000000 @ 0x0000085E at PC 0x010F3548
[   4.413778] HW.Memory <Error> core\memory.cpp:Memory::MemorySystem::Write:528: unmapped Write8 0x00000000 @ 0x0000085F at PC 0x010F3548
[   4.413778] HW.Memory <Error> core\memory.cpp:Memory::MemorySystem::Write:528: unmapped Write8 0x00000000 @ 0x00000860 at PC 0x010F3548
[   4.413779] HW.Memory <Error> core\memory.cpp:Memory::MemorySystem::Write:528: unmapped Write8 0x00000000 @ 0x00000861 at PC 0x010F3548
[   4.413779] HW.Memory <Error> core\memory.cpp:Memory::MemorySystem::Write:528: unmapped Write8 0x00000000 @ 0x00000862 at PC 0x010F3548
[   4.413780] HW.Memory <Error> core\memory.cpp:Memory::MemorySystem::Write:528: unmapped Write8 0x00000000 @ 0x00000863 at PC 0x010F3548
[   4.413781] HW.Memory <Error> core\memory.cpp:Memory::MemorySystem::Write:528: unmapped Write8 0x00000000 @ 0x00000864 at PC 0x010F3548
[   4.413781] HW.Memory <Error> core\memory.cpp:Memory::MemorySystem::Write:528: unmapped Write8 0x00000000 @ 0x00000865 at PC 0x010F3548
[   4.413783] HW.Memory <Error> core\memory.cpp:Memory::MemorySystem::Write:528: unmapped Write8 0x00000000 @ 0x00000866 at PC 0x010F3548
[   4.413784] HW.Memory <Error> core\memory.cpp:Memory::MemorySystem::Write:528: unmapped Write8 0x00000000 @ 0x00000867 at PC 0x010F3548
[   4.413784] HW.Memory <Error> core\memory.cpp:Memory::MemorySystem::Write:528: unmapped Write8 0x00000000 @ 0x00000868 at PC 0x010F3548
[   4.413786] HW.Memory <Error> core\memory.cpp:Memory::MemorySystem::Write:528: unmapped Write8 0x00000000 @ 0x00000869 at PC 0x010F3548
[   4.413786] HW.Memory <Error> core\memory.cpp:Memory::MemorySystem::Write:528: unmapped Write8 0x00000000 @ 0x0000086A at PC 0x010F3548
[   4.413788] HW.Memory <Error> core\memory.cpp:Memory::MemorySystem::Write:528: unmapped Write8 0x00000000 @ 0x0000086B at PC 0x010F3548
[   4.413789] HW.Memory <Error> core\memory.cpp:Memory::MemorySystem::Write:528: unmapped Write8 0x00000000 @ 0x0000086C at PC 0x010F3548
[   4.413791] HW.Memory <Error> core\memory.cpp:Memory::MemorySystem::Write:528: unmapped Write8 0x00000000 @ 0x0000086D at PC 0x010F3548
[   4.413792] HW.Memory <Error> core\memory.cpp:Memory::MemorySystem::Write:528: unmapped Write8 0x00000000 @ 0x0000086E at PC 0x010F3548
[   4.413793] HW.Memory <Error> core\memory.cpp:Memory::MemorySystem::Write:528: unmapped Write8 0x00000000 @ 0x0000086F at PC 0x010F3548
[   4.413795] HW.Memory <Error> core\memory.cpp:Memory::MemorySystem::Write:528: unmapped Write8 0x00000000 @ 0x00000870 at PC 0x010F3548
[   4.413796] HW.Memory <Error> core\memory.cpp:Memory::MemorySystem::Write:528: unmapped Write8 0x00000000 @ 0x00000871 at PC 0x010F3548
[   4.413859] HW.Memory <Error> core\memory.cpp:Memory::MemorySystem::Write:528: unmapped Write8 0x00000000 @ 0x00000872 at PC 0x010F3548
[   4.413903] HW.Memory <Error> core\memory.cpp:Memory::MemorySystem::Write:528: unmapped Write8 0x00000000 @ 0x00000873 at PC 0x010F3548
[   4.413903] HW.Memory <Error> core\memory.cpp:Memory::MemorySystem::Write:528: unmapped Write8 0x00000000 @ 0x00000874 at PC 0x010F3548
[   4.413904] HW.Memory <Error> core\memory.cpp:Memory::MemorySystem::Write:528: unmapped Write8 0x00000000 @ 0x00000875 at PC 0x010F3548
[   4.413904] HW.Memory <Error> core\memory.cpp:Memory::MemorySystem::Write:528: unmapped Write8 0x00000000 @ 0x00000876 at PC 0x010F3548
[   4.413905] HW.Memory <Error> core\memory.cpp:Memory::MemorySystem::Write:528: unmapped Write8 0x00000000 @ 0x00000877 at PC 0x010F3548
[   4.413905] HW.Memory <Error> core\memory.cpp:Memory::MemorySystem::Write:528: unmapped Write8 0x00000000 @ 0x00000878 at PC 0x010F3548
[   4.413906] HW.Memory <Error> core\memory.cpp:Memory::MemorySystem::Write:528: unmapped Write8 0x00000000 @ 0x00000879 at PC 0x010F3548
[   4.413906] HW.Memory <Error> core\memory.cpp:Memory::MemorySystem::Write:528: unmapped Write8 0x00000000 @ 0x0000087A at PC 0x010F3548
[   4.413907] HW.Memory <Error> core\memory.cpp:Memory::MemorySystem::Write:528: unmapped Write8 0x00000000 @ 0x0000087B at PC 0x010F3548
[   4.413907] HW.Memory <Error> core\memory.cpp:Memory::MemorySystem::Write:528: unmapped Write8 0x00000000 @ 0x0000087C at PC 0x010F3548
[   4.413908] HW.Memory <Error> core\memory.cpp:Memory::MemorySystem::Write:528: unmapped Write8 0x00000000 @ 0x0000087D at PC 0x010F3548
[   4.413908] HW.Memory <Error> core\memory.cpp:Memory::MemorySystem::Write:528: unmapped Write8 0x00000000 @ 0x0000087E at PC 0x010F3548
[   4.413909] HW.Memory <Error> core\memory.cpp:Memory::MemorySystem::Write:528: unmapped Write8 0x00000000 @ 0x0000087F at PC 0x010F3548
[   4.413909] HW.Memory <Error> core\memory.cpp:Memory::MemorySystem::Write:528: unmapped Write8 0x00000000 @ 0x00000880 at PC 0x010F3548
[   4.413910] HW.Memory <Error> core\memory.cpp:Memory::MemorySystem::Write:528: unmapped Write8 0x00000000 @ 0x00000881 at PC 0x010F3548
[   4.413910] HW.Memory <Error> core\memory.cpp:Memory::MemorySystem::Write:528: unmapped Write8 0x00000000 @ 0x00000882 at PC 0x010F3548
[   4.413911] HW.Memory <Error> core\memory.cpp:Memory::MemorySystem::Write:528: unmapped Write8 0x00000000 @ 0x00000883 at PC 0x010F3548
[   4.413911] HW.Memory <Error> core\memory.cpp:Memory::MemorySystem::Write:528: unmapped Write8 0x00000000 @ 0x00000884 at PC 0x010F3548
[   4.413912] HW.Memory <Error> core\memory.cpp:Memory::MemorySystem::Write:528: unmapped Write8 0x00000000 @ 0x00000885 at PC 0x010F3548
[   4.413912] HW.Memory <Error> core\memory.cpp:Memory::MemorySystem::Write:528: unmapped Write8 0x00000000 @ 0x00000886 at PC 0x010F3548
[   4.413913] HW.Memory <Error> core\memory.cpp:Memory::MemorySystem::Write:528: unmapped Write8 0x00000000 @ 0x00000887 at PC 0x010F3548
[   4.413913] HW.Memory <Error> core\memory.cpp:Memory::MemorySystem::Write:528: unmapped Write8 0x00000000 @ 0x00000888 at PC 0x010F3548
[   4.413914] HW.Memory <Error> core\memory.cpp:Memory::MemorySystem::Write:528: unmapped Write8 0x00000000 @ 0x00000889 at PC 0x010F3548
[   4.413914] HW.Memory <Error> core\memory.cpp:Memory::MemorySystem::Write:528: unmapped Write8 0x00000000 @ 0x0000088A at PC 0x010F3548
[   4.413915] HW.Memory <Error> core\memory.cpp:Memory::MemorySystem::Write:528: unmapped Write8 0x00000000 @ 0x0000088B at PC 0x010F3548
[   4.413915] HW.Memory <Error> core\memory.cpp:Memory::MemorySystem::Write:528: unmapped Write8 0x00000000 @ 0x0000088C at PC 0x010F3548
[   4.413916] HW.Memory <Error> core\memory.cpp:Memory::MemorySystem::Write:528: unmapped Write8 0x00000000 @ 0x0000088D at PC 0x010F3548
[   4.413916] HW.Memory <Error> core\memory.cpp:Memory::MemorySystem::Write:528: unmapped Write8 0x00000000 @ 0x0000088E at PC 0x010F3548
[   4.413917] HW.Memory <Error> core\memory.cpp:Memory::MemorySystem::Write:528: unmapped Write8 0x00000000 @ 0x0000088F at PC 0x010F3548
[   4.413917] HW.Memory <Error> core\memory.cpp:Memory::MemorySystem::Write:528: unmapped Write8 0x00000000 @ 0x00000890 at PC 0x010F3548
[   4.413918] HW.Memory <Error> core\memory.cpp:Memory::MemorySystem::Write:528: unmapped Write8 0x00000000 @ 0x00000891 at PC 0x010F3548
[   4.413918] HW.Memory <Error> core\memory.cpp:Memory::MemorySystem::Write:528: unmapped Write8 0x00000000 @ 0x00000892 at PC 0x010F3548
[   4.413919] HW.Memory <Error> core\memory.cpp:Memory::MemorySystem::Write:528: unmapped Write8 0x00000000 @ 0x00000893 at PC 0x010F3548
[   4.413919] HW.Memory <Error> core\memory.cpp:Memory::MemorySystem::Write:528: unmapped Write8 0x00000000 @ 0x00000894 at PC 0x010F3548
[   4.413920] HW.Memory <Error> core\memory.cpp:Memory::MemorySystem::Write:528: unmapped Write8 0x00000000 @ 0x00000895 at PC 0x010F3548
[   4.413920] HW.Memory <Error> core\memory.cpp:Memory::MemorySystem::Write:528: unmapped Write8 0x00000000 @ 0x00000896 at PC 0x010F3548
[   4.413921] HW.Memory <Error> core\memory.cpp:Memory::MemorySystem::Write:528: unmapped Write8 0x00000000 @ 0x00000897 at PC 0x010F3548
[   4.413921] HW.Memory <Error> core\memory.cpp:Memory::MemorySystem::Write:528: unmapped Write8 0x00000000 @ 0x00000898 at PC 0x010F3548
[   4.413922] HW.Memory <Error> core\memory.cpp:Memory::MemorySystem::Write:528: unmapped Write8 0x00000000 @ 0x00000899 at PC 0x010F3548
[   4.413922] HW.Memory <Error> core\memory.cpp:Memory::MemorySystem::Write:528: unmapped Write8 0x00000000 @ 0x0000089A at PC 0x010F3548
[   4.413923] HW.Memory <Error> core\memory.cpp:Memory::MemorySystem::Write:528: unmapped Write8 0x00000000 @ 0x0000089B at PC 0x010F3548
[   4.413923] HW.Memory <Error> core\memory.cpp:Memory::MemorySystem::Write:528: unmapped Write8 0x00000000 @ 0x0000089C at PC 0x010F3548
[   4.413924] HW.Memory <Error> core\memory.cpp:Memory::MemorySystem::Write:528: unmapped Write8 0x00000000 @ 0x0000089D at PC 0x010F3548
[   4.413924] HW.Memory <Error> core\memory.cpp:Memory::MemorySystem::Write:528: unmapped Write8 0x00000000 @ 0x0000089E at PC 0x010F3548
[   4.413925] HW.Memory <Error> core\memory.cpp:Memory::MemorySystem::Write:528: unmapped Write8 0x00000000 @ 0x0000089F at PC 0x010F3548
[   4.413925] HW.Memory <Error> core\memory.cpp:Memory::MemorySystem::Write:528: unmapped Write8 0x00000000 @ 0x000008A0 at PC 0x010F3548
[   4.413926] HW.Memory <Error> core\memory.cpp:Memory::MemorySystem::Write:528: unmapped Write8 0x00000000 @ 0x000008A1 at PC 0x010F3548
[   4.413926] HW.Memory <Error> core\memory.cpp:Memory::MemorySystem::Write:528: unmapped Write8 0x00000000 @ 0x000008A2 at PC 0x010F3548
[   4.413927] HW.Memory <Error> core\memory.cpp:Memory::MemorySystem::Write:528: unmapped Write8 0x00000000 @ 0x000008A3 at PC 0x010F3548
[   4.413927] HW.Memory <Error> core\memory.cpp:Memory::MemorySystem::Write:528: unmapped Write8 0x00000000 @ 0x000008A4 at PC 0x010F3548
[   4.413928] HW.Memory <Error> core\memory.cpp:Memory::MemorySystem::Write:528: unmapped Write8 0x00000000 @ 0x000008A5 at PC 0x010F3548
[   4.413928] HW.Memory <Error> core\memory.cpp:Memory::MemorySystem::Write:528: unmapped Write8 0x00000000 @ 0x000008A6 at PC 0x010F3548
[   4.413929] HW.Memory <Error> core\memory.cpp:Memory::MemorySystem::Write:528: unmapped Write8 0x00000000 @ 0x000008A7 at PC 0x010F3548
[   4.413929] HW.Memory <Error> core\memory.cpp:Memory::MemorySystem::Write:528: unmapped Write8 0x00000000 @ 0x000008A8 at PC 0x010F3548
[   4.413929] HW.Memory <Error> core\memory.cpp:Memory::MemorySystem::Write:528: unmapped Write8 0x00000000 @ 0x000008A9 at PC 0x010F3548
[   4.413930] HW.Memory <Error> core\memory.cpp:Memory::MemorySystem::Write:528: unmapped Write8 0x00000000 @ 0x000008AA at PC 0x010F3548
[   4.413930] HW.Memory <Error> core\memory.cpp:Memory::MemorySystem::Write:528: unmapped Write8 0x00000000 @ 0x000008AB at PC 0x010F3548
[   4.413931] HW.Memory <Error> core\memory.cpp:Memory::MemorySystem::Write:528: unmapped Write8 0x00000000 @ 0x000008AC at PC 0x010F3548
[   4.413932] HW.Memory <Error> core\memory.cpp:Memory::MemorySystem::Write:528: unmapped Write8 0x00000000 @ 0x000008AD at PC 0x010F3548
[   4.413932] HW.Memory <Error> core\memory.cpp:Memory::MemorySystem::Write:528: unmapped Write8 0x00000000 @ 0x000008AE at PC 0x010F3548
[   4.413933] HW.Memory <Error> core\memory.cpp:Memory::MemorySystem::Write:528: unmapped Write8 0x00000000 @ 0x000008AF at PC 0x010F3548
[   4.413933] HW.Memory <Error> core\memory.cpp:Memory::MemorySystem::Write:528: unmapped Write8 0x00000000 @ 0x000008B0 at PC 0x010F3548
[   4.413934] HW.Memory <Error> core\memory.cpp:Memory::MemorySystem::Write:528: unmapped Write8 0x00000000 @ 0x000008B1 at PC 0x010F3548
[   4.413934] HW.Memory <Error> core\memory.cpp:Memory::MemorySystem::Write:528: unmapped Write8 0x00000000 @ 0x000008B2 at PC 0x010F3548
[   4.413935] HW.Memory <Error> core\memory.cpp:Memory::MemorySystem::Write:528: unmapped Write8 0x00000000 @ 0x000008B3 at PC 0x010F3548
[   4.413935] HW.Memory <Error> core\memory.cpp:Memory::MemorySystem::Write:528: unmapped Write8 0x00000000 @ 0x000008B4 at PC 0x010F3548
[   4.413936] HW.Memory <Error> core\memory.cpp:Memory::MemorySystem::Write:528: unmapped Write8 0x00000000 @ 0x000008B5 at PC 0x010F3548
[   4.413936] HW.Memory <Error> core\memory.cpp:Memory::MemorySystem::Write:528: unmapped Write8 0x00000000 @ 0x000008B6 at PC 0x010F3548
[   4.413937] HW.Memory <Error> core\memory.cpp:Memory::MemorySystem::Write:528: unmapped Write8 0x00000000 @ 0x000008B7 at PC 0x010F3548
[   4.413937] HW.Memory <Error> core\memory.cpp:Memory::MemorySystem::Write:528: unmapped Write8 0x00000000 @ 0x000008B8 at PC 0x010F3548
[   4.413938] HW.Memory <Error> core\memory.cpp:Memory::MemorySystem::Write:528: unmapped Write8 0x00000000 @ 0x000008B9 at PC 0x010F3548
[   4.413938] HW.Memory <Error> core\memory.cpp:Memory::MemorySystem::Write:528: unmapped Write8 0x00000000 @ 0x000008BA at PC 0x010F3548
[   4.413939] HW.Memory <Error> core\memory.cpp:Memory::MemorySystem::Write:528: unmapped Write8 0x00000000 @ 0x000008BB at PC 0x010F3548
[   4.413939] HW.Memory <Error> core\memory.cpp:Memory::MemorySystem::Write:528: unmapped Write8 0x00000000 @ 0x000008BC at PC 0x010F3548
[   4.413940] HW.Memory <Error> core\memory.cpp:Memory::MemorySystem::Write:528: unmapped Write8 0x00000000 @ 0x000008BD at PC 0x010F3548
[   4.413940] HW.Memory <Error> core\memory.cpp:Memory::MemorySystem::Write:528: unmapped Write8 0x00000000 @ 0x000008BE at PC 0x010F3548
[   4.413941] HW.Memory <Error> core\memory.cpp:Memory::MemorySystem::Write:528: unmapped Write8 0x00000000 @ 0x000008BF at PC 0x010F3548
[   4.413941] HW.Memory <Error> core\memory.cpp:Memory::MemorySystem::Write:528: unmapped Write8 0x00000000 @ 0x000008C0 at PC 0x010F3548
[   4.413942] HW.Memory <Error> core\memory.cpp:Memory::MemorySystem::Write:528: unmapped Write8 0x00000000 @ 0x000008C1 at PC 0x010F3548
[   4.413942] HW.Memory <Error> core\memory.cpp:Memory::MemorySystem::Write:528: unmapped Write8 0x00000000 @ 0x000008C2 at PC 0x010F3548
[   4.413943] HW.Memory <Error> core\memory.cpp:Memory::MemorySystem::Write:528: unmapped Write8 0x00000000 @ 0x000008C3 at PC 0x010F3548
[   4.413943] HW.Memory <Error> core\memory.cpp:Memory::MemorySystem::Write:528: unmapped Write8 0x00000000 @ 0x000008C4 at PC 0x010F3548
[   4.413944] HW.Memory <Error> core\memory.cpp:Memory::MemorySystem::Write:528: unmapped Write8 0x00000000 @ 0x000008C5 at PC 0x010F3548
[   4.413944] HW.Memory <Error> core\memory.cpp:Memory::MemorySystem::Write:528: unmapped Write8 0x00000000 @ 0x000008C6 at PC 0x010F3548
[   4.413945] HW.Memory <Error> core\memory.cpp:Memory::MemorySystem::Write:528: unmapped Write8 0x00000000 @ 0x000008C7 at PC 0x010F3548
[   4.413945] HW.Memory <Error> core\memory.cpp:Memory::MemorySystem::Write:528: unmapped Write8 0x00000000 @ 0x000008C8 at PC 0x010F3548
[   4.413946] HW.Memory <Error> core\memory.cpp:Memory::MemorySystem::Write:528: unmapped Write8 0x00000000 @ 0x000008C9 at PC 0x010F3548
[   4.413946] HW.Memory <Error> core\memory.cpp:Memory::MemorySystem::Write:528: unmapped Write8 0x00000000 @ 0x000008CA at PC 0x010F3548
[   4.413947] HW.Memory <Error> core\memory.cpp:Memory::MemorySystem::Write:528: unmapped Write8 0x00000000 @ 0x000008CB at PC 0x010F3548
[   4.413947] HW.Memory <Error> core\memory.cpp:Memory::MemorySystem::Write:528: unmapped Write8 0x00000000 @ 0x000008CC at PC 0x010F3548
[   4.413948] HW.Memory <Error> core\memory.cpp:Memory::MemorySystem::Write:528: unmapped Write8 0x00000000 @ 0x000008CD at PC 0x010F3548
[   4.413948] HW.Memory <Error> core\memory.cpp:Memory::MemorySystem::Write:528: unmapped Write8 0x00000000 @ 0x000008CE at PC 0x010F3548
[   4.413949] HW.Memory <Error> core\memory.cpp:Memory::MemorySystem::Write:528: unmapped Write8 0x00000000 @ 0x000008CF at PC 0x010F3548
[   4.413949] HW.Memory <Error> core\memory.cpp:Memory::MemorySystem::Write:528: unmapped Write8 0x00000000 @ 0x000008D0 at PC 0x010F3548
[   4.413950] HW.Memory <Error> core\memory.cpp:Memory::MemorySystem::Write:528: unmapped Write8 0x00000000 @ 0x000008D1 at PC 0x010F3548
[   4.413950] HW.Memory <Error> core\memory.cpp:Memory::MemorySystem::Write:528: unmapped Write8 0x00000000 @ 0x000008D2 at PC 0x010F3548
[   4.413950] HW.Memory <Error> core\memory.cpp:Memory::MemorySystem::Write:528: unmapped Write8 0x00000000 @ 0x000008D3 at PC 0x010F3548
[   4.413951] HW.Memory <Error> core\memory.cpp:Memory::MemorySystem::Write:528: unmapped Write8 0x00000000 @ 0x000008D4 at PC 0x010F3548
[   4.413951] HW.Memory <Error> core\memory.cpp:Memory::MemorySystem::Write:528: unmapped Write8 0x00000000 @ 0x000008D5 at PC 0x010F3548
[   4.413952] HW.Memory <Error> core\memory.cpp:Memory::MemorySystem::Write:528: unmapped Write8 0x00000000 @ 0x000008D6 at PC 0x010F3548
[   4.413952] HW.Memory <Error> core\memory.cpp:Memory::MemorySystem::Write:528: unmapped Write8 0x00000000 @ 0x000008D7 at PC 0x010F3548
[   4.413953] HW.Memory <Error> core\memory.cpp:Memory::MemorySystem::Write:528: unmapped Write8 0x00000000 @ 0x000008D8 at PC 0x010F3548
[   4.413953] HW.Memory <Error> core\memory.cpp:Memory::MemorySystem::Write:528: unmapped Write8 0x00000000 @ 0x000008D9 at PC 0x010F3548
[   4.413954] HW.Memory <Error> core\memory.cpp:Memory::MemorySystem::Write:528: unmapped Write8 0x00000000 @ 0x000008DA at PC 0x010F3548
[   4.413954] HW.Memory <Error> core\memory.cpp:Memory::MemorySystem::Write:528: unmapped Write8 0x00000000 @ 0x000008DB at PC 0x010F3548
[   4.413955] HW.Memory <Error> core\memory.cpp:Memory::MemorySystem::Write:528: unmapped Write8 0x00000000 @ 0x000008DC at PC 0x010F3548
[   4.413955] HW.Memory <Error> core\memory.cpp:Memory::MemorySystem::Write:528: unmapped Write8 0x00000000 @ 0x000008DD at PC 0x010F3548
[   4.413956] HW.Memory <Error> core\memory.cpp:Memory::MemorySystem::Write:528: unmapped Write8 0x00000000 @ 0x000008DE at PC 0x010F3548
[   4.413956] HW.Memory <Error> core\memory.cpp:Memory::MemorySystem::Write:528: unmapped Write8 0x00000000 @ 0x000008DF at PC 0x010F3548
[   4.413957] HW.Memory <Error> core\memory.cpp:Memory::MemorySystem::Write:528: unmapped Write8 0x00000000 @ 0x000008E0 at PC 0x010F3548
[   4.413957] HW.Memory <Error> core\memory.cpp:Memory::MemorySystem::Write:528: unmapped Write8 0x00000000 @ 0x000008E1 at PC 0x010F3548
[   4.413958] HW.Memory <Error> core\memory.cpp:Memory::MemorySystem::Write:528: unmapped Write8 0x00000000 @ 0x000008E2 at PC 0x010F3548
[   4.413958] HW.Memory <Error> core\memory.cpp:Memory::MemorySystem::Write:528: unmapped Write8 0x00000000 @ 0x000008E3 at PC 0x010F3548
[   4.413959] HW.Memory <Error> core\memory.cpp:Memory::MemorySystem::Write:528: unmapped Write8 0x00000000 @ 0x000008E4 at PC 0x010F3548
[   4.413959] HW.Memory <Error> core\memory.cpp:Memory::MemorySystem::Write:528: unmapped Write8 0x00000000 @ 0x000008E5 at PC 0x010F3548
[   4.413960] HW.Memory <Error> core\memory.cpp:Memory::MemorySystem::Write:528: unmapped Write8 0x00000000 @ 0x000008E6 at PC 0x010F3548
[   4.413960] HW.Memory <Error> core\memory.cpp:Memory::MemorySystem::Write:528: unmapped Write8 0x00000000 @ 0x000008E7 at PC 0x010F3548
[   4.413961] HW.Memory <Error> core\memory.cpp:Memory::MemorySystem::Write:528: unmapped Write8 0x00000000 @ 0x000008E8 at PC 0x010F3548
[   4.413961] HW.Memory <Error> core\memory.cpp:Memory::MemorySystem::Write:528: unmapped Write8 0x00000000 @ 0x000008E9 at PC 0x010F3548
[   4.413962] HW.Memory <Error> core\memory.cpp:Memory::MemorySystem::Write:528: unmapped Write8 0x00000000 @ 0x000008EA at PC 0x010F3548
[   4.413962] HW.Memory <Error> core\memory.cpp:Memory::MemorySystem::Write:528: unmapped Write8 0x00000000 @ 0x000008EB at PC 0x010F3548
[   4.413963] HW.Memory <Error> core\memory.cpp:Memory::MemorySystem::Write:528: unmapped Write8 0x00000000 @ 0x000008EC at PC 0x010F3548
[   4.413963] HW.Memory <Error> core\memory.cpp:Memory::MemorySystem::Write:528: unmapped Write8 0x00000000 @ 0x000008ED at PC 0x010F3548
[   4.413964] HW.Memory <Error> core\memory.cpp:Memory::MemorySystem::Write:528: unmapped Write8 0x00000000 @ 0x000008EE at PC 0x010F3548
[   4.413964] HW.Memory <Error> core\memory.cpp:Memory::MemorySystem::Write:528: unmapped Write8 0x00000000 @ 0x000008EF at PC 0x010F3548
[   4.413965] HW.Memory <Error> core\memory.cpp:Memory::MemorySystem::Write:528: unmapped Write8 0x00000000 @ 0x000008F0 at PC 0x010F3548
[   4.413965] HW.Memory <Error> core\memory.cpp:Memory::MemorySystem::Write:528: unmapped Write8 0x00000000 @ 0x000008F1 at PC 0x010F3548
[   4.413966] HW.Memory <Error> core\memory.cpp:Memory::MemorySystem::Write:528: unmapped Write8 0x00000000 @ 0x000008F2 at PC 0x010F3548
[   4.413966] HW.Memory <Error> core\memory.cpp:Memory::MemorySystem::Write:528: unmapped Write8 0x00000000 @ 0x000008F3 at PC 0x010F3548
[   4.413967] HW.Memory <Error> core\memory.cpp:Memory::MemorySystem::Write:528: unmapped Write8 0x00000000 @ 0x000008F4 at PC 0x010F3548
[   4.413967] HW.Memory <Error> core\memory.cpp:Memory::MemorySystem::Write:528: unmapped Write8 0x00000000 @ 0x000008F5 at PC 0x010F3548
[   4.413968] HW.Memory <Error> core\memory.cpp:Memory::MemorySystem::Write:528: unmapped Write8 0x00000000 @ 0x000008F6 at PC 0x010F3548
[   4.413968] HW.Memory <Error> core\memory.cpp:Memory::MemorySystem::Write:528: unmapped Write8 0x00000000 @ 0x000008F7 at PC 0x010F3548
[   4.413969] HW.Memory <Error> core\memory.cpp:Memory::MemorySystem::Write:528: unmapped Write8 0x00000000 @ 0x000008F8 at PC 0x010F3548
[   4.413969] HW.Memory <Error> core\memory.cpp:Memory::MemorySystem::Write:528: unmapped Write8 0x00000000 @ 0x000008F9 at PC 0x010F3548
[   4.413970] HW.Memory <Error> core\memory.cpp:Memory::MemorySystem::Write:528: unmapped Write8 0x00000000 @ 0x000008FA at PC 0x010F3548
[   4.413970] HW.Memory <Error> core\memory.cpp:Memory::MemorySystem::Write:528: unmapped Write8 0x00000000 @ 0x000008FB at PC 0x010F3548
[   4.413971] HW.Memory <Error> core\memory.cpp:Memory::MemorySystem::Write:528: unmapped Write8 0x00000000 @ 0x000008FC at PC 0x010F3548
[   4.413971] HW.Memory <Error> core\memory.cpp:Memory::MemorySystem::Write:528: unmapped Write8 0x00000000 @ 0x000008FD at PC 0x010F3548
[   4.413971] HW.Memory <Error> core\memory.cpp:Memory::MemorySystem::Write:528: unmapped Write8 0x00000000 @ 0x000008FE at PC 0x010F3548
[   4.413972] HW.Memory <Error> core\memory.cpp:Memory::MemorySystem::Write:528: unmapped Write8 0x00000000 @ 0x000008FF at PC 0x010F3548
[   4.413972] HW.Memory <Error> core\memory.cpp:Memory::MemorySystem::Write:528: unmapped Write8 0x00000000 @ 0x00000900 at PC 0x010F3548
[   4.413973] HW.Memory <Error> core\memory.cpp:Memory::MemorySystem::Write:528: unmapped Write8 0x00000000 @ 0x00000901 at PC 0x010F3548
[   4.413973] HW.Memory <Error> core\memory.cpp:Memory::MemorySystem::Write:528: unmapped Write8 0x00000000 @ 0x00000902 at PC 0x010F3548
[   4.413974] HW.Memory <Error> core\memory.cpp:Memory::MemorySystem::Write:528: unmapped Write8 0x00000000 @ 0x00000903 at PC 0x010F3548
[   4.413974] HW.Memory <Error> core\memory.cpp:Memory::MemorySystem::Write:528: unmapped Write8 0x00000000 @ 0x00000904 at PC 0x010F3548
[   4.413975] HW.Memory <Error> core\memory.cpp:Memory::MemorySystem::Write:528: unmapped Write8 0x00000000 @ 0x00000905 at PC 0x010F3548
[   4.413975] HW.Memory <Error> core\memory.cpp:Memory::MemorySystem::Write:528: unmapped Write8 0x00000000 @ 0x00000906 at PC 0x010F3548
[   4.413976] HW.Memory <Error> core\memory.cpp:Memory::MemorySystem::Write:528: unmapped Write8 0x00000000 @ 0x00000907 at PC 0x010F3548
[   4.413976] HW.Memory <Error> core\memory.cpp:Memory::MemorySystem::Write:528: unmapped Write8 0x00000000 @ 0x00000908 at PC 0x010F3548
[   4.413977] HW.Memory <Error> core\memory.cpp:Memory::MemorySystem::Write:528: unmapped Write8 0x00000000 @ 0x00000909 at PC 0x010F3548
[   4.413977] HW.Memory <Error> core\memory.cpp:Memory::MemorySystem::Write:528: unmapped Write8 0x00000000 @ 0x0000090A at PC 0x010F3548
[   4.413978] HW.Memory <Error> core\memory.cpp:Memory::MemorySystem::Write:528: unmapped Write8 0x00000000 @ 0x0000090B at PC 0x010F3548
[   4.413978] HW.Memory <Error> core\memory.cpp:Memory::MemorySystem::Write:528: unmapped Write8 0x00000000 @ 0x0000090C at PC 0x010F3548
[   4.413979] HW.Memory <Error> core\memory.cpp:Memory::MemorySystem::Write:528: unmapped Write8 0x00000000 @ 0x0000090D at PC 0x010F3548
[   4.413979] HW.Memory <Error> core\memory.cpp:Memory::MemorySystem::Write:528: unmapped Write8 0x00000000 @ 0x0000090E at PC 0x010F3548
[   4.413980] HW.Memory <Error> core\memory.cpp:Memory::MemorySystem::Write:528: unmapped Write8 0x00000000 @ 0x0000090F at PC 0x010F3548
[   4.413980] HW.Memory <Error> core\memory.cpp:Memory::MemorySystem::Write:528: unmapped Write8 0x00000000 @ 0x00000910 at PC 0x010F3548
[   4.413981] HW.Memory <Error> core\memory.cpp:Memory::MemorySystem::Write:528: unmapped Write8 0x00000000 @ 0x00000911 at PC 0x010F3548
[   4.413981] HW.Memory <Error> core\memory.cpp:Memory::MemorySystem::Write:528: unmapped Write8 0x00000000 @ 0x00000912 at PC 0x010F3548
[   4.413982] HW.Memory <Error> core\memory.cpp:Memory::MemorySystem::Write:528: unmapped Write8 0x00000000 @ 0x00000913 at PC 0x010F3548
[   4.413982] HW.Memory <Error> core\memory.cpp:Memory::MemorySystem::Write:528: unmapped Write8 0x00000000 @ 0x00000914 at PC 0x010F3548
[   4.413983] HW.Memory <Error> core\memory.cpp:Memory::MemorySystem::Write:528: unmapped Write8 0x00000000 @ 0x00000915 at PC 0x010F3548
[   4.413983] HW.Memory <Error> core\memory.cpp:Memory::MemorySystem::Write:528: unmapped Write8 0x00000000 @ 0x00000916 at PC 0x010F3548
[   4.413984] HW.Memory <Error> core\memory.cpp:Memory::MemorySystem::Write:528: unmapped Write8 0x00000000 @ 0x00000917 at PC 0x010F3548
[   4.413984] HW.Memory <Error> core\memory.cpp:Memory::MemorySystem::Write:528: unmapped Write8 0x00000000 @ 0x00000918 at PC 0x010F3548
[   4.413984] HW.Memory <Error> core\memory.cpp:Memory::MemorySystem::Write:528: unmapped Write8 0x00000000 @ 0x00000919 at PC 0x010F3548
[   4.413985] HW.Memory <Error> core\memory.cpp:Memory::MemorySystem::Write:528: unmapped Write8 0x00000000 @ 0x0000091A at PC 0x010F3548
[   4.413985] HW.Memory <Error> core\memory.cpp:Memory::MemorySystem::Write:528: unmapped Write8 0x00000000 @ 0x0000091B at PC 0x010F3548
[   4.413986] HW.Memory <Error> core\memory.cpp:Memory::MemorySystem::Write:528: unmapped Write8 0x00000000 @ 0x0000091C at PC 0x010F3548
[   4.413986] HW.Memory <Error> core\memory.cpp:Memory::MemorySystem::Write:528: unmapped Write8 0x00000000 @ 0x0000091D at PC 0x010F3548
[   4.413987] HW.Memory <Error> core\memory.cpp:Memory::MemorySystem::Write:528: unmapped Write8 0x00000000 @ 0x0000091E at PC 0x010F3548
[   4.413987] HW.Memory <Error> core\memory.cpp:Memory::MemorySystem::Write:528: unmapped Write8 0x00000000 @ 0x0000091F at PC 0x010F3548
[   4.413988] HW.Memory <Error> core\memory.cpp:Memory::MemorySystem::Write:528: unmapped Write8 0x00000000 @ 0x00000920 at PC 0x010F3548
[   4.413988] HW.Memory <Error> core\memory.cpp:Memory::MemorySystem::Write:528: unmapped Write8 0x00000000 @ 0x00000921 at PC 0x010F3548
[   4.413989] HW.Memory <Error> core\memory.cpp:Memory::MemorySystem::Write:528: unmapped Write8 0x00000000 @ 0x00000922 at PC 0x010F3548
[   4.413989] HW.Memory <Error> core\memory.cpp:Memory::MemorySystem::Write:528: unmapped Write8 0x00000000 @ 0x00000923 at PC 0x010F3548
[   4.413990] HW.Memory <Error> core\memory.cpp:Memory::MemorySystem::Write:528: unmapped Write8 0x00000000 @ 0x00000924 at PC 0x010F3548
[   4.413990] HW.Memory <Error> core\memory.cpp:Memory::MemorySystem::Write:528: unmapped Write8 0x00000000 @ 0x00000925 at PC 0x010F3548
[   4.413991] HW.Memory <Error> core\memory.cpp:Memory::MemorySystem::Write:528: unmapped Write8 0x00000000 @ 0x00000926 at PC 0x010F3548
[   4.413991] HW.Memory <Error> core\memory.cpp:Memory::MemorySystem::Write:528: unmapped Write8 0x00000000 @ 0x00000927 at PC 0x010F3548
[   4.413992] HW.Memory <Error> core\memory.cpp:Memory::MemorySystem::Write:528: unmapped Write8 0x00000000 @ 0x00000928 at PC 0x010F3548
[   4.413992] HW.Memory <Error> core\memory.cpp:Memory::MemorySystem::Write:528: unmapped Write8 0x00000000 @ 0x00000929 at PC 0x010F3548
[   4.413993] HW.Memory <Error> core\memory.cpp:Memory::MemorySystem::Write:528: unmapped Write8 0x00000000 @ 0x0000092A at PC 0x010F3548
[   4.413993] HW.Memory <Error> core\memory.cpp:Memory::MemorySystem::Write:528: unmapped Write8 0x00000000 @ 0x0000092B at PC 0x010F3548
[   4.413994] HW.Memory <Error> core\memory.cpp:Memory::MemorySystem::Write:528: unmapped Write8 0x00000000 @ 0x0000092C at PC 0x010F3548
[   4.413994] HW.Memory <Error> core\memory.cpp:Memory::MemorySystem::Write:528: unmapped Write8 0x00000000 @ 0x0000092D at PC 0x010F3548
[   4.413995] HW.Memory <Error> core\memory.cpp:Memory::MemorySystem::Write:528: unmapped Write8 0x00000000 @ 0x0000092E at PC 0x010F3548
[   4.413995] HW.Memory <Error> core\memory.cpp:Memory::MemorySystem::Write:528: unmapped Write8 0x00000000 @ 0x0000092F at PC 0x010F3548
[   4.413996] HW.Memory <Error> core\memory.cpp:Memory::MemorySystem::Write:528: unmapped Write8 0x00000000 @ 0x00000930 at PC 0x010F3548
[   4.413996] HW.Memory <Error> core\memory.cpp:Memory::MemorySystem::Write:528: unmapped Write8 0x00000000 @ 0x00000931 at PC 0x010F3548
[   4.413997] HW.Memory <Error> core\memory.cpp:Memory::MemorySystem::Write:528: unmapped Write8 0x00000000 @ 0x00000932 at PC 0x010F3548
[   4.413997] HW.Memory <Error> core\memory.cpp:Memory::MemorySystem::Write:528: unmapped Write8 0x00000000 @ 0x00000933 at PC 0x010F3548
[   4.413998] HW.Memory <Error> core\memory.cpp:Memory::MemorySystem::Write:528: unmapped Write8 0x00000000 @ 0x00000934 at PC 0x010F3548
[   4.413998] HW.Memory <Error> core\memory.cpp:Memory::MemorySystem::Write:528: unmapped Write8 0x00000000 @ 0x00000935 at PC 0x010F3548
[   4.413999] HW.Memory <Error> core\memory.cpp:Memory::MemorySystem::Write:528: unmapped Write8 0x00000000 @ 0x00000936 at PC 0x010F3548
[   4.413999] HW.Memory <Error> core\memory.cpp:Memory::MemorySystem::Write:528: unmapped Write8 0x00000000 @ 0x00000937 at PC 0x010F3548
[   4.414000] HW.Memory <Error> core\memory.cpp:Memory::MemorySystem::Write:528: unmapped Write8 0x00000000 @ 0x00000938 at PC 0x010F3548
[   4.414000] HW.Memory <Error> core\memory.cpp:Memory::MemorySystem::Write:528: unmapped Write8 0x00000000 @ 0x00000939 at PC 0x010F3548
[   4.414001] HW.Memory <Error> core\memory.cpp:Memory::MemorySystem::Write:528: unmapped Write8 0x00000000 @ 0x0000093A at PC 0x010F3548
[   4.414001] HW.Memory <Error> core\memory.cpp:Memory::MemorySystem::Write:528: unmapped Write8 0x00000000 @ 0x0000093B at PC 0x010F3548
[   4.414002] HW.Memory <Error> core\memory.cpp:Memory::MemorySystem::Write:528: unmapped Write8 0x00000000 @ 0x0000093C at PC 0x010F3548
[   4.414002] HW.Memory <Error> core\memory.cpp:Memory::MemorySystem::Write:528: unmapped Write8 0x00000000 @ 0x0000093D at PC 0x010F3548
[   4.414003] HW.Memory <Error> core\memory.cpp:Memory::MemorySystem::Write:528: unmapped Write8 0x00000000 @ 0x0000093E at PC 0x010F3548
[   4.414003] HW.Memory <Error> core\memory.cpp:Memory::MemorySystem::Write:528: unmapped Write8 0x00000000 @ 0x0000093F at PC 0x010F3548
[   4.414004] HW.Memory <Error> core\memory.cpp:Memory::MemorySystem::Write:528: unmapped Write8 0x00000000 @ 0x00000940 at PC 0x010F3548
[   4.414004] HW.Memory <Error> core\memory.cpp:Memory::MemorySystem::Write:528: unmapped Write8 0x00000000 @ 0x00000941 at PC 0x010F3548
[   4.414005] HW.Memory <Error> core\memory.cpp:Memory::MemorySystem::Write:528: unmapped Write8 0x00000000 @ 0x00000942 at PC 0x010F3548
[   4.414005] HW.Memory <Error> core\memory.cpp:Memory::MemorySystem::Write:528: unmapped Write8 0x00000000 @ 0x00000943 at PC 0x010F3548
[   4.414005] HW.Memory <Error> core\memory.cpp:Memory::MemorySystem::Write:528: unmapped Write8 0x00000000 @ 0x00000944 at PC 0x010F3548
[   4.414006] HW.Memory <Error> core\memory.cpp:Memory::MemorySystem::Write:528: unmapped Write8 0x00000000 @ 0x00000945 at PC 0x010F3548
[   4.414006] HW.Memory <Error> core\memory.cpp:Memory::MemorySystem::Write:528: unmapped Write8 0x00000000 @ 0x00000946 at PC 0x010F3548
[   4.414007] HW.Memory <Error> core\memory.cpp:Memory::MemorySystem::Write:528: unmapped Write8 0x00000000 @ 0x00000947 at PC 0x010F3548
[   4.414008] HW.Memory <Error> core\memory.cpp:Memory::MemorySystem::Write:528: unmapped Write8 0x00000000 @ 0x00000948 at PC 0x010F3548
[   4.414008] HW.Memory <Error> core\memory.cpp:Memory::MemorySystem::Write:528: unmapped Write8 0x00000000 @ 0x00000949 at PC 0x010F3548
[   4.414009] HW.Memory <Error> core\memory.cpp:Memory::MemorySystem::Write:528: unmapped Write8 0x00000000 @ 0x0000094A at PC 0x010F3548
[   4.414009] HW.Memory <Error> core\memory.cpp:Memory::MemorySystem::Write:528: unmapped Write8 0x00000000 @ 0x0000094B at PC 0x010F3548
[   4.414010] HW.Memory <Error> core\memory.cpp:Memory::MemorySystem::Write:528: unmapped Write8 0x00000000 @ 0x0000094C at PC 0x010F3548
[   4.414010] HW.Memory <Error> core\memory.cpp:Memory::MemorySystem::Write:528: unmapped Write8 0x00000000 @ 0x0000094D at PC 0x010F3548
[   4.414011] HW.Memory <Error> core\memory.cpp:Memory::MemorySystem::Write:528: unmapped Write8 0x00000000 @ 0x0000094E at PC 0x010F3548
[   4.414011] HW.Memory <Error> core\memory.cpp:Memory::MemorySystem::Write:528: unmapped Write8 0x00000000 @ 0x0000094F at PC 0x010F3548
[   4.414012] HW.Memory <Error> core\memory.cpp:Memory::MemorySystem::Write:528: unmapped Write8 0x00000000 @ 0x00000950 at PC 0x010F3548
[   4.414012] HW.Memory <Error> core\memory.cpp:Memory::MemorySystem::Write:528: unmapped Write8 0x00000000 @ 0x00000951 at PC 0x010F3548
[   4.414013] HW.Memory <Error> core\memory.cpp:Memory::MemorySystem::Write:528: unmapped Write8 0x00000000 @ 0x00000952 at PC 0x010F3548
[   4.414013] HW.Memory <Error> core\memory.cpp:Memory::MemorySystem::Write:528: unmapped Write8 0x00000000 @ 0x00000953 at PC 0x010F3548
[   4.414014] HW.Memory <Error> core\memory.cpp:Memory::MemorySystem::Write:528: unmapped Write8 0x00000000 @ 0x00000954 at PC 0x010F3548
[   4.414014] HW.Memory <Error> core\memory.cpp:Memory::MemorySystem::Write:528: unmapped Write8 0x00000000 @ 0x00000955 at PC 0x010F3548
[   4.414015] HW.Memory <Error> core\memory.cpp:Memory::MemorySystem::Write:528: unmapped Write8 0x00000000 @ 0x00000956 at PC 0x010F3548
[   4.414015] HW.Memory <Error> core\memory.cpp:Memory::MemorySystem::Write:528: unmapped Write8 0x00000000 @ 0x00000957 at PC 0x010F3548
[   4.414016] HW.Memory <Error> core\memory.cpp:Memory::MemorySystem::Write:528: unmapped Write8 0x00000000 @ 0x00000958 at PC 0x010F3548
[   4.414016] HW.Memory <Error> core\memory.cpp:Memory::MemorySystem::Write:528: unmapped Write8 0x00000000 @ 0x00000959 at PC 0x010F3548
[   4.414017] HW.Memory <Error> core\memory.cpp:Memory::MemorySystem::Write:528: unmapped Write8 0x00000000 @ 0x0000095A at PC 0x010F3548
[   4.414017] HW.Memory <Error> core\memory.cpp:Memory::MemorySystem::Write:528: unmapped Write8 0x00000000 @ 0x0000095B at PC 0x010F3548
[   4.414018] HW.Memory <Error> core\memory.cpp:Memory::MemorySystem::Write:528: unmapped Write8 0x00000000 @ 0x0000095C at PC 0x010F3548
[   4.414018] HW.Memory <Error> core\memory.cpp:Memory::MemorySystem::Write:528: unmapped Write8 0x00000000 @ 0x0000095D at PC 0x010F3548
[   4.414019] HW.Memory <Error> core\memory.cpp:Memory::MemorySystem::Write:528: unmapped Write8 0x00000000 @ 0x0000095E at PC 0x010F3548
[   4.414019] HW.Memory <Error> core\memory.cpp:Memory::MemorySystem::Write:528: unmapped Write8 0x00000000 @ 0x0000095F at PC 0x010F3548
[   4.414019] HW.Memory <Error> core\memory.cpp:Memory::MemorySystem::Write:528: unmapped Write8 0x00000000 @ 0x00000960 at PC 0x010F3548
[   4.414020] HW.Memory <Error> core\memory.cpp:Memory::MemorySystem::Write:528: unmapped Write8 0x00000000 @ 0x00000961 at PC 0x010F3548
[   4.414020] HW.Memory <Error> core\memory.cpp:Memory::MemorySystem::Write:528: unmapped Write8 0x00000000 @ 0x00000962 at PC 0x010F3548
[   4.414021] HW.Memory <Error> core\memory.cpp:Memory::MemorySystem::Write:528: unmapped Write8 0x00000000 @ 0x00000963 at PC 0x010F3548
[   4.414021] HW.Memory <Error> core\memory.cpp:Memory::MemorySystem::Write:528: unmapped Write8 0x00000000 @ 0x00000964 at PC 0x010F3548
[   4.414022] HW.Memory <Error> core\memory.cpp:Memory::MemorySystem::Write:528: unmapped Write8 0x00000000 @ 0x00000965 at PC 0x010F3548
[   4.414022] HW.Memory <Error> core\memory.cpp:Memory::MemorySystem::Write:528: unmapped Write8 0x00000000 @ 0x00000966 at PC 0x010F3548
[   4.414023] HW.Memory <Error> core\memory.cpp:Memory::MemorySystem::Write:528: unmapped Write8 0x00000000 @ 0x00000967 at PC 0x010F3548
[   4.414023] HW.Memory <Error> core\memory.cpp:Memory::MemorySystem::Write:528: unmapped Write8 0x00000000 @ 0x00000968 at PC 0x010F3548
[   4.414024] HW.Memory <Error> core\memory.cpp:Memory::MemorySystem::Write:528: unmapped Write8 0x00000000 @ 0x00000969 at PC 0x010F3548
[   4.414024] HW.Memory <Error> core\memory.cpp:Memory::MemorySystem::Write:528: unmapped Write8 0x00000000 @ 0x0000096A at PC 0x010F3548
[   4.414025] HW.Memory <Error> core\memory.cpp:Memory::MemorySystem::Write:528: unmapped Write8 0x00000000 @ 0x0000096B at PC 0x010F3548
[   4.414025] HW.Memory <Error> core\memory.cpp:Memory::MemorySystem::Write:528: unmapped Write8 0x00000000 @ 0x0000096C at PC 0x010F3548
[   4.414026] HW.Memory <Error> core\memory.cpp:Memory::MemorySystem::Write:528: unmapped Write8 0x00000000 @ 0x0000096D at PC 0x010F3548
[   4.414026] HW.Memory <Error> core\memory.cpp:Memory::MemorySystem::Write:528: unmapped Write8 0x00000000 @ 0x0000096E at PC 0x010F3548
[   4.414027] HW.Memory <Error> core\memory.cpp:Memory::MemorySystem::Write:528: unmapped Write8 0x00000000 @ 0x0000096F at PC 0x010F3548
[   4.414027] HW.Memory <Error> core\memory.cpp:Memory::MemorySystem::Write:528: unmapped Write8 0x00000000 @ 0x00000970 at PC 0x010F3548
[   4.414028] HW.Memory <Error> core\memory.cpp:Memory::MemorySystem::Write:528: unmapped Write8 0x00000000 @ 0x00000971 at PC 0x010F3548
[   4.414028] HW.Memory <Error> core\memory.cpp:Memory::MemorySystem::Write:528: unmapped Write8 0x00000000 @ 0x00000972 at PC 0x010F3548
[   4.414029] HW.Memory <Error> core\memory.cpp:Memory::MemorySystem::Write:528: unmapped Write8 0x00000000 @ 0x00000973 at PC 0x010F3548
[   4.414029] HW.Memory <Error> core\memory.cpp:Memory::MemorySystem::Write:528: unmapped Write8 0x00000000 @ 0x00000974 at PC 0x010F3548
[   4.414030] HW.Memory <Error> core\memory.cpp:Memory::MemorySystem::Write:528: unmapped Write8 0x00000000 @ 0x00000975 at PC 0x010F3548
[   4.414030] HW.Memory <Error> core\memory.cpp:Memory::MemorySystem::Write:528: unmapped Write8 0x00000000 @ 0x00000976 at PC 0x010F3548
[   4.414031] HW.Memory <Error> core\memory.cpp:Memory::MemorySystem::Write:528: unmapped Write8 0x00000000 @ 0x00000977 at PC 0x010F3548
[   4.414031] HW.Memory <Error> core\memory.cpp:Memory::MemorySystem::Write:528: unmapped Write8 0x00000000 @ 0x00000978 at PC 0x010F3548
[   4.414032] HW.Memory <Error> core\memory.cpp:Memory::MemorySystem::Write:528: unmapped Write8 0x00000000 @ 0x00000979 at PC 0x010F3548
[   4.414032] HW.Memory <Error> core\memory.cpp:Memory::MemorySystem::Write:528: unmapped Write8 0x00000000 @ 0x0000097A at PC 0x010F3548
[   4.414033] HW.Memory <Error> core\memory.cpp:Memory::MemorySystem::Write:528: unmapped Write8 0x00000000 @ 0x0000097B at PC 0x010F3548
[   4.414033] HW.Memory <Error> core\memory.cpp:Memory::MemorySystem::Write:528: unmapped Write8 0x00000000 @ 0x0000097C at PC 0x010F3548
[   4.414034] HW.Memory <Error> core\memory.cpp:Memory::MemorySystem::Write:528: unmapped Write8 0x00000000 @ 0x0000097D at PC 0x010F3548
[   4.414034] HW.Memory <Error> core\memory.cpp:Memory::MemorySystem::Write:528: unmapped Write8 0x00000000 @ 0x0000097E at PC 0x010F3548
[   4.414035] HW.Memory <Error> core\memory.cpp:Memory::MemorySystem::Write:528: unmapped Write8 0x00000000 @ 0x0000097F at PC 0x010F3548
[   4.414035] HW.Memory <Error> core\memory.cpp:Memory::MemorySystem::Write:528: unmapped Write8 0x00000000 @ 0x00000980 at PC 0x010F3548
[   4.414036] HW.Memory <Error> core\memory.cpp:Memory::MemorySystem::Write:528: unmapped Write8 0x00000000 @ 0x00000981 at PC 0x010F3548
[   4.414036] HW.Memory <Error> core\memory.cpp:Memory::MemorySystem::Write:528: unmapped Write8 0x00000000 @ 0x00000982 at PC 0x010F3548
[   4.414037] HW.Memory <Error> core\memory.cpp:Memory::MemorySystem::Write:528: unmapped Write8 0x00000000 @ 0x00000983 at PC 0x010F3548
[   4.414037] HW.Memory <Error> core\memory.cpp:Memory::MemorySystem::Write:528: unmapped Write8 0x00000000 @ 0x00000984 at PC 0x010F3548
[   4.414038] HW.Memory <Error> core\memory.cpp:Memory::MemorySystem::Write:528: unmapped Write8 0x00000000 @ 0x00000985 at PC 0x010F3548
[   4.414038] HW.Memory <Error> core\memory.cpp:Memory::MemorySystem::Write:528: unmapped Write8 0x00000000 @ 0x00000986 at PC 0x010F3548
[   4.414039] HW.Memory <Error> core\memory.cpp:Memory::MemorySystem::Write:528: unmapped Write8 0x00000000 @ 0x00000987 at PC 0x010F3548
[   4.414039] HW.Memory <Error> core\memory.cpp:Memory::MemorySystem::Write:528: unmapped Write8 0x00000000 @ 0x00000988 at PC 0x010F3548
[   4.414039] HW.Memory <Error> core\memory.cpp:Memory::MemorySystem::Write:528: unmapped Write8 0x00000000 @ 0x00000989 at PC 0x010F3548
[   4.414040] HW.Memory <Error> core\memory.cpp:Memory::MemorySystem::Write:528: unmapped Write8 0x00000000 @ 0x0000098A at PC 0x010F3548
[   4.414041] HW.Memory <Error> core\memory.cpp:Memory::MemorySystem::Write:528: unmapped Write8 0x00000000 @ 0x0000098B at PC 0x010F3548
[   4.414041] HW.Memory <Error> core\memory.cpp:Memory::MemorySystem::Write:528: unmapped Write8 0x00000000 @ 0x0000098C at PC 0x010F3548
[   4.414042] HW.Memory <Error> core\memory.cpp:Memory::MemorySystem::Write:528: unmapped Write8 0x00000000 @ 0x0000098D at PC 0x010F3548
[   4.414042] HW.Memory <Error> core\memory.cpp:Memory::MemorySystem::Write:528: unmapped Write8 0x00000000 @ 0x0000098E at PC 0x010F3548
[   4.414042] HW.Memory <Error> core\memory.cpp:Memory::MemorySystem::Write:528: unmapped Write8 0x00000000 @ 0x0000098F at PC 0x010F3548
[   4.414043] HW.Memory <Error> core\memory.cpp:Memory::MemorySystem::Write:528: unmapped Write8 0x00000000 @ 0x00000990 at PC 0x010F3548
[   4.414043] HW.Memory <Error> core\memory.cpp:Memory::MemorySystem::Write:528: unmapped Write8 0x00000000 @ 0x00000991 at PC 0x010F3548
[   4.414044] HW.Memory <Error> core\memory.cpp:Memory::MemorySystem::Write:528: unmapped Write8 0x00000000 @ 0x00000992 at PC 0x010F3548
[   4.414044] HW.Memory <Error> core\memory.cpp:Memory::MemorySystem::Write:528: unmapped Write8 0x00000000 @ 0x00000993 at PC 0x010F3548
[   4.414045] HW.Memory <Error> core\memory.cpp:Memory::MemorySystem::Write:528: unmapped Write8 0x00000000 @ 0x00000994 at PC 0x010F3548
[   4.414045] HW.Memory <Error> core\memory.cpp:Memory::MemorySystem::Write:528: unmapped Write8 0x00000000 @ 0x00000995 at PC 0x010F3548
[   4.414046] HW.Memory <Error> core\memory.cpp:Memory::MemorySystem::Write:528: unmapped Write8 0x00000000 @ 0x00000996 at PC 0x010F3548
[   4.414046] HW.Memory <Error> core\memory.cpp:Memory::MemorySystem::Write:528: unmapped Write8 0x00000000 @ 0x00000997 at PC 0x010F3548
[   4.414047] HW.Memory <Error> core\memory.cpp:Memory::MemorySystem::Write:528: unmapped Write8 0x00000000 @ 0x00000998 at PC 0x010F3548
[   4.414047] HW.Memory <Error> core\memory.cpp:Memory::MemorySystem::Write:528: unmapped Write8 0x00000000 @ 0x00000999 at PC 0x010F3548
[   4.414048] HW.Memory <Error> core\memory.cpp:Memory::MemorySystem::Write:528: unmapped Write8 0x00000000 @ 0x0000099A at PC 0x010F3548
[   4.414048] HW.Memory <Error> core\memory.cpp:Memory::MemorySystem::Write:528: unmapped Write8 0x00000000 @ 0x0000099B at PC 0x010F3548
[   4.414049] HW.Memory <Error> core\memory.cpp:Memory::MemorySystem::Write:528: unmapped Write8 0x00000000 @ 0x0000099C at PC 0x010F3548
[   4.414049] HW.Memory <Error> core\memory.cpp:Memory::MemorySystem::Write:528: unmapped Write8 0x00000000 @ 0x0000099D at PC 0x010F3548
[   4.414050] HW.Memory <Error> core\memory.cpp:Memory::MemorySystem::Write:528: unmapped Write8 0x00000000 @ 0x0000099E at PC 0x010F3548
[   4.414050] HW.Memory <Error> core\memory.cpp:Memory::MemorySystem::Write:528: unmapped Write8 0x00000000 @ 0x0000099F at PC 0x010F3548
[   4.414051] HW.Memory <Error> core\memory.cpp:Memory::MemorySystem::Write:528: unmapped Write8 0x00000000 @ 0x000009A0 at PC 0x010F3548
[   4.414051] HW.Memory <Error> core\memory.cpp:Memory::MemorySystem::Write:528: unmapped Write8 0x00000000 @ 0x000009A1 at PC 0x010F3548
[   4.414052] HW.Memory <Error> core\memory.cpp:Memory::MemorySystem::Write:528: unmapped Write8 0x00000000 @ 0x000009A2 at PC 0x010F3548
[   4.414052] HW.Memory <Error> core\memory.cpp:Memory::MemorySystem::Write:528: unmapped Write8 0x00000000 @ 0x000009A3 at PC 0x010F3548
[   4.414053] HW.Memory <Error> core\memory.cpp:Memory::MemorySystem::Write:528: unmapped Write8 0x00000000 @ 0x000009A4 at PC 0x010F3548
[   4.414053] HW.Memory <Error> core\memory.cpp:Memory::MemorySystem::Write:528: unmapped Write8 0x00000000 @ 0x000009A5 at PC 0x010F3548
[   4.414054] HW.Memory <Error> core\memory.cpp:Memory::MemorySystem::Write:528: unmapped Write8 0x00000000 @ 0x000009A6 at PC 0x010F3548
[   4.414054] HW.Memory <Error> core\memory.cpp:Memory::MemorySystem::Write:528: unmapped Write8 0x00000000 @ 0x000009A7 at PC 0x010F3548
[   4.414055] HW.Memory <Error> core\memory.cpp:Memory::MemorySystem::Write:528: unmapped Write8 0x00000000 @ 0x000009A8 at PC 0x010F3548
[   4.414055] HW.Memory <Error> core\memory.cpp:Memory::MemorySystem::Write:528: unmapped Write8 0x00000000 @ 0x000009A9 at PC 0x010F3548
[   4.414056] HW.Memory <Error> core\memory.cpp:Memory::MemorySystem::Write:528: unmapped Write8 0x00000000 @ 0x000009AA at PC 0x010F3548
[   4.414056] HW.Memory <Error> core\memory.cpp:Memory::MemorySystem::Write:528: unmapped Write8 0x00000000 @ 0x000009AB at PC 0x010F3548
[   4.414056] HW.Memory <Error> core\memory.cpp:Memory::MemorySystem::Write:528: unmapped Write8 0x00000000 @ 0x000009AC at PC 0x010F3548
[   4.414057] HW.Memory <Error> core\memory.cpp:Memory::MemorySystem::Write:528: unmapped Write8 0x00000000 @ 0x000009AD at PC 0x010F3548
[   4.414057] HW.Memory <Error> core\memory.cpp:Memory::MemorySystem::Write:528: unmapped Write8 0x00000000 @ 0x000009AE at PC 0x010F3548
[   4.414058] HW.Memory <Error> core\memory.cpp:Memory::MemorySystem::Write:528: unmapped Write8 0x00000000 @ 0x000009AF at PC 0x010F3548
[   4.414058] HW.Memory <Error> core\memory.cpp:Memory::MemorySystem::Write:528: unmapped Write8 0x00000000 @ 0x000009B0 at PC 0x010F3548
[   4.414059] HW.Memory <Error> core\memory.cpp:Memory::MemorySystem::Write:528: unmapped Write8 0x00000000 @ 0x000009B1 at PC 0x010F3548
[   4.414059] HW.Memory <Error> core\memory.cpp:Memory::MemorySystem::Write:528: unmapped Write8 0x00000000 @ 0x000009B2 at PC 0x010F3548
[   4.414060] HW.Memory <Error> core\memory.cpp:Memory::MemorySystem::Write:528: unmapped Write8 0x00000000 @ 0x000009B3 at PC 0x010F3548
[   4.414060] HW.Memory <Error> core\memory.cpp:Memory::MemorySystem::Write:528: unmapped Write8 0x00000000 @ 0x000009B4 at PC 0x010F3548
[   4.414061] HW.Memory <Error> core\memory.cpp:Memory::MemorySystem::Write:528: unmapped Write8 0x00000000 @ 0x000009B5 at PC 0x010F3548
[   4.414061] HW.Memory <Error> core\memory.cpp:Memory::MemorySystem::Write:528: unmapped Write8 0x00000000 @ 0x000009B6 at PC 0x010F3548
[   4.414062] HW.Memory <Error> core\memory.cpp:Memory::MemorySystem::Write:528: unmapped Write8 0x00000000 @ 0x000009B7 at PC 0x010F3548
[   4.414062] HW.Memory <Error> core\memory.cpp:Memory::MemorySystem::Write:528: unmapped Write8 0x00000000 @ 0x000009B8 at PC 0x010F3548
[   4.414063] HW.Memory <Error> core\memory.cpp:Memory::MemorySystem::Write:528: unmapped Write8 0x00000000 @ 0x000009B9 at PC 0x010F3548
[   4.414063] HW.Memory <Error> core\memory.cpp:Memory::MemorySystem::Write:528: unmapped Write8 0x00000000 @ 0x000009BA at PC 0x010F3548
[   4.414064] HW.Memory <Error> core\memory.cpp:Memory::MemorySystem::Write:528: unmapped Write8 0x00000000 @ 0x000009BB at PC 0x010F3548
[   4.414064] HW.Memory <Error> core\memory.cpp:Memory::MemorySystem::Write:528: unmapped Write8 0x00000000 @ 0x000009BC at PC 0x010F3548
[   4.414065] HW.Memory <Error> core\memory.cpp:Memory::MemorySystem::Write:528: unmapped Write8 0x00000000 @ 0x000009BD at PC 0x010F3548
[   4.414065] HW.Memory <Error> core\memory.cpp:Memory::MemorySystem::Write:528: unmapped Write8 0x00000000 @ 0x000009BE at PC 0x010F3548
[   4.414066] HW.Memory <Error> core\memory.cpp:Memory::MemorySystem::Write:528: unmapped Write8 0x00000000 @ 0x000009BF at PC 0x010F3548
[   4.414066] HW.Memory <Error> core\memory.cpp:Memory::MemorySystem::Write:528: unmapped Write8 0x00000000 @ 0x000009C0 at PC 0x010F3548
[   4.414067] HW.Memory <Error> core\memory.cpp:Memory::MemorySystem::Write:528: unmapped Write8 0x00000000 @ 0x000009C1 at PC 0x010F3548
[   4.414067] HW.Memory <Error> core\memory.cpp:Memory::MemorySystem::Write:528: unmapped Write8 0x00000000 @ 0x000009C2 at PC 0x010F3548
[   4.414068] HW.Memory <Error> core\memory.cpp:Memory::MemorySystem::Write:528: unmapped Write8 0x00000000 @ 0x000009C3 at PC 0x010F3548
[   4.414068] HW.Memory <Error> core\memory.cpp:Memory::MemorySystem::Write:528: unmapped Write8 0x00000000 @ 0x000009C4 at PC 0x010F3548
[   4.414069] HW.Memory <Error> core\memory.cpp:Memory::MemorySystem::Write:528: unmapped Write8 0x00000000 @ 0x000009C5 at PC 0x010F3548
[   4.414069] HW.Memory <Error> core\memory.cpp:Memory::MemorySystem::Write:528: unmapped Write8 0x00000000 @ 0x000009C6 at PC 0x010F3548
[   4.414070] HW.Memory <Error> core\memory.cpp:Memory::MemorySystem::Write:528: unmapped Write8 0x00000000 @ 0x000009C7 at PC 0x010F3548
[   4.414070] HW.Memory <Error> core\memory.cpp:Memory::MemorySystem::Write:528: unmapped Write8 0x00000000 @ 0x000009C8 at PC 0x010F3548
[   4.414071] HW.Memory <Error> core\memory.cpp:Memory::MemorySystem::Write:528: unmapped Write8 0x00000000 @ 0x000009C9 at PC 0x010F3548
[   4.414071] HW.Memory <Error> core\memory.cpp:Memory::MemorySystem::Write:528: unmapped Write8 0x00000000 @ 0x000009CA at PC 0x010F3548
[   4.414072] HW.Memory <Error> core\memory.cpp:Memory::MemorySystem::Write:528: unmapped Write8 0x00000000 @ 0x000009CB at PC 0x010F3548
[   4.414072] HW.Memory <Error> core\memory.cpp:Memory::MemorySystem::Write:528: unmapped Write8 0x00000000 @ 0x000009CC at PC 0x010F3548
[   4.414073] HW.Memory <Error> core\memory.cpp:Memory::MemorySystem::Write:528: unmapped Write8 0x00000000 @ 0x000009CD at PC 0x010F3548
[   4.414073] HW.Memory <Error> core\memory.cpp:Memory::MemorySystem::Write:528: unmapped Write8 0x00000000 @ 0x000009CE at PC 0x010F3548
[   4.414074] HW.Memory <Error> core\memory.cpp:Memory::MemorySystem::Write:528: unmapped Write8 0x00000000 @ 0x000009CF at PC 0x010F3548
[   4.414074] HW.Memory <Error> core\memory.cpp:Memory::MemorySystem::Write:528: unmapped Write8 0x00000000 @ 0x000009D0 at PC 0x010F3548
[   4.414075] HW.Memory <Error> core\memory.cpp:Memory::MemorySystem::Write:528: unmapped Write8 0x00000000 @ 0x000009D1 at PC 0x010F3548
[   4.414075] HW.Memory <Error> core\memory.cpp:Memory::MemorySystem::Write:528: unmapped Write8 0x00000000 @ 0x000009D2 at PC 0x010F3548
[   4.414076] HW.Memory <Error> core\memory.cpp:Memory::MemorySystem::Write:528: unmapped Write8 0x00000000 @ 0x000009D3 at PC 0x010F3548
[   4.414076] HW.Memory <Error> core\memory.cpp:Memory::MemorySystem::Write:528: unmapped Write8 0x00000000 @ 0x000009D4 at PC 0x010F3548
[   4.414076] HW.Memory <Error> core\memory.cpp:Memory::MemorySystem::Write:528: unmapped Write8 0x00000000 @ 0x000009D5 at PC 0x010F3548
[   4.414077] HW.Memory <Error> core\memory.cpp:Memory::MemorySystem::Write:528: unmapped Write8 0x00000000 @ 0x000009D6 at PC 0x010F3548
[   4.414077] HW.Memory <Error> core\memory.cpp:Memory::MemorySystem::Write:528: unmapped Write8 0x00000000 @ 0x000009D7 at PC 0x010F3548
[   4.414078] HW.Memory <Error> core\memory.cpp:Memory::MemorySystem::Write:528: unmapped Write8 0x00000000 @ 0x000009D8 at PC 0x010F3548
[   4.414078] HW.Memory <Error> core\memory.cpp:Memory::MemorySystem::Write:528: unmapped Write8 0x00000000 @ 0x000009D9 at PC 0x010F3548
[   4.414079] HW.Memory <Error> core\memory.cpp:Memory::MemorySystem::Write:528: unmapped Write8 0x00000000 @ 0x000009DA at PC 0x010F3548
[   4.414079] HW.Memory <Error> core\memory.cpp:Memory::MemorySystem::Write:528: unmapped Write8 0x00000000 @ 0x000009DB at PC 0x010F3548
[   4.414080] HW.Memory <Error> core\memory.cpp:Memory::MemorySystem::Write:528: unmapped Write8 0x00000000 @ 0x000009DC at PC 0x010F3548
[   4.414080] HW.Memory <Error> core\memory.cpp:Memory::MemorySystem::Write:528: unmapped Write8 0x00000000 @ 0x000009DD at PC 0x010F3548
[   4.414081] HW.Memory <Error> core\memory.cpp:Memory::MemorySystem::Write:528: unmapped Write8 0x00000000 @ 0x000009DE at PC 0x010F3548
[   4.414081] HW.Memory <Error> core\memory.cpp:Memory::MemorySystem::Write:528: unmapped Write8 0x00000000 @ 0x000009DF at PC 0x010F3548
[   4.414082] HW.Memory <Error> core\memory.cpp:Memory::MemorySystem::Write:528: unmapped Write8 0x00000000 @ 0x000009E0 at PC 0x010F3548
[   4.414082] HW.Memory <Error> core\memory.cpp:Memory::MemorySystem::Write:528: unmapped Write8 0x00000000 @ 0x000009E1 at PC 0x010F3548
[   4.414083] HW.Memory <Error> core\memory.cpp:Memory::MemorySystem::Write:528: unmapped Write8 0x00000000 @ 0x000009E2 at PC 0x010F3548
[   4.414083] HW.Memory <Error> core\memory.cpp:Memory::MemorySystem::Write:528: unmapped Write8 0x00000000 @ 0x000009E3 at PC 0x010F3548
[   4.414084] HW.Memory <Error> core\memory.cpp:Memory::MemorySystem::Write:528: unmapped Write8 0x00000000 @ 0x000009E4 at PC 0x010F3548
[   4.414084] HW.Memory <Error> core\memory.cpp:Memory::MemorySystem::Write:528: unmapped Write8 0x00000000 @ 0x000009E5 at PC 0x010F3548
[   4.414085] HW.Memory <Error> core\memory.cpp:Memory::MemorySystem::Write:528: unmapped Write8 0x00000000 @ 0x000009E6 at PC 0x010F3548
[   4.414085] HW.Memory <Error> core\memory.cpp:Memory::MemorySystem::Write:528: unmapped Write8 0x00000000 @ 0x000009E7 at PC 0x010F3548
[   4.414086] HW.Memory <Error> core\memory.cpp:Memory::MemorySystem::Write:528: unmapped Write8 0x00000000 @ 0x000009E8 at PC 0x010F3548
[   4.414086] HW.Memory <Error> core\memory.cpp:Memory::MemorySystem::Write:528: unmapped Write8 0x00000000 @ 0x000009E9 at PC 0x010F3548
[   4.414087] HW.Memory <Error> core\memory.cpp:Memory::MemorySystem::Write:528: unmapped Write8 0x00000000 @ 0x000009EA at PC 0x010F3548
[   4.414087] HW.Memory <Error> core\memory.cpp:Memory::MemorySystem::Write:528: unmapped Write8 0x00000000 @ 0x000009EB at PC 0x010F3548
[   4.414088] HW.Memory <Error> core\memory.cpp:Memory::MemorySystem::Write:528: unmapped Write8 0x00000000 @ 0x000009EC at PC 0x010F3548
[   4.414088] HW.Memory <Error> core\memory.cpp:Memory::MemorySystem::Write:528: unmapped Write8 0x00000000 @ 0x000009ED at PC 0x010F3548
[   4.414089] HW.Memory <Error> core\memory.cpp:Memory::MemorySystem::Write:528: unmapped Write8 0x00000000 @ 0x000009EE at PC 0x010F3548
[   4.414089] HW.Memory <Error> core\memory.cpp:Memory::MemorySystem::Write:528: unmapped Write8 0x00000000 @ 0x000009EF at PC 0x010F3548
[   4.414090] HW.Memory <Error> core\memory.cpp:Memory::MemorySystem::Write:528: unmapped Write8 0x00000000 @ 0x000009F0 at PC 0x010F3548
[   4.414090] HW.Memory <Error> core\memory.cpp:Memory::MemorySystem::Write:528: unmapped Write8 0x00000000 @ 0x000009F1 at PC 0x010F3548
[   4.414090] HW.Memory <Error> core\memory.cpp:Memory::MemorySystem::Write:528: unmapped Write8 0x00000000 @ 0x000009F2 at PC 0x010F3548
[   4.414091] HW.Memory <Error> core\memory.cpp:Memory::MemorySystem::Write:528: unmapped Write8 0x00000000 @ 0x000009F3 at PC 0x010F3548
[   4.414091] HW.Memory <Error> core\memory.cpp:Memory::MemorySystem::Write:528: unmapped Write8 0x00000000 @ 0x000009F4 at PC 0x010F3548
[   4.414092] HW.Memory <Error> core\memory.cpp:Memory::MemorySystem::Write:528: unmapped Write8 0x00000000 @ 0x000009F5 at PC 0x010F3548
[   4.414092] HW.Memory <Error> core\memory.cpp:Memory::MemorySystem::Write:528: unmapped Write8 0x00000000 @ 0x000009F6 at PC 0x010F3548
[   4.414093] HW.Memory <Error> core\memory.cpp:Memory::MemorySystem::Write:528: unmapped Write8 0x00000000 @ 0x000009F7 at PC 0x010F3548
[   4.414093] HW.Memory <Error> core\memory.cpp:Memory::MemorySystem::Write:528: unmapped Write8 0x00000000 @ 0x000009F8 at PC 0x010F3548
[   4.414094] HW.Memory <Error> core\memory.cpp:Memory::MemorySystem::Write:528: unmapped Write8 0x00000000 @ 0x000009F9 at PC 0x010F3548
[   4.414094] HW.Memory <Error> core\memory.cpp:Memory::MemorySystem::Write:528: unmapped Write8 0x00000000 @ 0x000009FA at PC 0x010F3548
[   4.414095] HW.Memory <Error> core\memory.cpp:Memory::MemorySystem::Write:528: unmapped Write8 0x00000000 @ 0x000009FB at PC 0x010F3548
[   4.414095] HW.Memory <Error> core\memory.cpp:Memory::MemorySystem::Write:528: unmapped Write8 0x00000000 @ 0x000009FC at PC 0x010F3548
[   4.414096] HW.Memory <Error> core\memory.cpp:Memory::MemorySystem::Write:528: unmapped Write8 0x00000000 @ 0x000009FD at PC 0x010F3548
[   4.414096] HW.Memory <Error> core\memory.cpp:Memory::MemorySystem::Write:528: unmapped Write8 0x00000000 @ 0x000009FE at PC 0x010F3548
[   4.414097] HW.Memory <Error> core\memory.cpp:Memory::MemorySystem::Write:528: unmapped Write8 0x00000000 @ 0x000009FF at PC 0x010F3548
[   4.414097] HW.Memory <Error> core\memory.cpp:Memory::MemorySystem::Write:528: unmapped Write8 0x00000000 @ 0x00000A00 at PC 0x010F3548
[   4.414098] HW.Memory <Error> core\memory.cpp:Memory::MemorySystem::Write:528: unmapped Write8 0x00000000 @ 0x00000A01 at PC 0x010F3548
[   4.414098] HW.Memory <Error> core\memory.cpp:Memory::MemorySystem::Write:528: unmapped Write8 0x00000000 @ 0x00000A02 at PC 0x010F3548
[   4.414099] HW.Memory <Error> core\memory.cpp:Memory::MemorySystem::Write:528: unmapped Write8 0x00000000 @ 0x00000A03 at PC 0x010F3548
[   4.414099] HW.Memory <Error> core\memory.cpp:Memory::MemorySystem::Write:528: unmapped Write8 0x00000000 @ 0x00000A04 at PC 0x010F3548
[   4.414100] HW.Memory <Error> core\memory.cpp:Memory::MemorySystem::Write:528: unmapped Write8 0x00000000 @ 0x00000A05 at PC 0x010F3548
[   4.414100] HW.Memory <Error> core\memory.cpp:Memory::MemorySystem::Write:528: unmapped Write8 0x00000000 @ 0x00000A06 at PC 0x010F3548
[   4.414101] HW.Memory <Error> core\memory.cpp:Memory::MemorySystem::Write:528: unmapped Write8 0x00000000 @ 0x00000A07 at PC 0x010F3548
[   4.414101] HW.Memory <Error> core\memory.cpp:Memory::MemorySystem::Write:528: unmapped Write8 0x00000000 @ 0x00000A08 at PC 0x010F3548
[   4.414102] HW.Memory <Error> core\memory.cpp:Memory::MemorySystem::Write:528: unmapped Write8 0x00000000 @ 0x00000A09 at PC 0x010F3548
[   4.414102] HW.Memory <Error> core\memory.cpp:Memory::MemorySystem::Write:528: unmapped Write8 0x00000000 @ 0x00000A0A at PC 0x010F3548
[   4.414103] HW.Memory <Error> core\memory.cpp:Memory::MemorySystem::Write:528: unmapped Write8 0x00000000 @ 0x00000A0B at PC 0x010F3548
[   4.414103] HW.Memory <Error> core\memory.cpp:Memory::MemorySystem::Write:528: unmapped Write8 0x00000000 @ 0x00000A0C at PC 0x010F3548
[   4.414104] HW.Memory <Error> core\memory.cpp:Memory::MemorySystem::Write:528: unmapped Write8 0x00000000 @ 0x00000A0D at PC 0x010F3548
[   4.414104] HW.Memory <Error> core\memory.cpp:Memory::MemorySystem::Write:528: unmapped Write8 0x00000000 @ 0x00000A0E at PC 0x010F3548
[   4.414105] HW.Memory <Error> core\memory.cpp:Memory::MemorySystem::Write:528: unmapped Write8 0x00000000 @ 0x00000A0F at PC 0x010F3548
[   4.414105] HW.Memory <Error> core\memory.cpp:Memory::MemorySystem::Write:528: unmapped Write8 0x00000000 @ 0x00000A10 at PC 0x010F3548
[   4.414106] HW.Memory <Error> core\memory.cpp:Memory::MemorySystem::Write:528: unmapped Write8 0x00000000 @ 0x00000A11 at PC 0x010F3548
[   4.414106] HW.Memory <Error> core\memory.cpp:Memory::MemorySystem::Write:528: unmapped Write8 0x00000000 @ 0x00000A12 at PC 0x010F3548
[   4.414107] HW.Memory <Error> core\memory.cpp:Memory::MemorySystem::Write:528: unmapped Write8 0x00000000 @ 0x00000A13 at PC 0x010F3548
[   4.414107] HW.Memory <Error> core\memory.cpp:Memory::MemorySystem::Write:528: unmapped Write8 0x00000000 @ 0x00000A14 at PC 0x010F3548
[   4.414108] HW.Memory <Error> core\memory.cpp:Memory::MemorySystem::Write:528: unmapped Write8 0x00000000 @ 0x00000A15 at PC 0x010F3548
[   4.414108] HW.Memory <Error> core\memory.cpp:Memory::MemorySystem::Write:528: unmapped Write8 0x00000000 @ 0x00000A16 at PC 0x010F3548
[   4.414109] HW.Memory <Error> core\memory.cpp:Memory::MemorySystem::Write:528: unmapped Write8 0x00000000 @ 0x00000A17 at PC 0x010F3548
[   4.414109] HW.Memory <Error> core\memory.cpp:Memory::MemorySystem::Write:528: unmapped Write8 0x00000000 @ 0x00000A18 at PC 0x010F3548
[   4.414110] HW.Memory <Error> core\memory.cpp:Memory::MemorySystem::Write:528: unmapped Write8 0x00000000 @ 0x00000A19 at PC 0x010F3548
[   4.414110] HW.Memory <Error> core\memory.cpp:Memory::MemorySystem::Write:528: unmapped Write8 0x00000000 @ 0x00000A1A at PC 0x010F3548
[   4.414111] HW.Memory <Error> core\memory.cpp:Memory::MemorySystem::Write:528: unmapped Write8 0x00000000 @ 0x00000A1B at PC 0x010F3548
[   4.414111] HW.Memory <Error> core\memory.cpp:Memory::MemorySystem::Write:528: unmapped Write8 0x00000000 @ 0x00000A1C at PC 0x010F3548
[   4.414112] HW.Memory <Error> core\memory.cpp:Memory::MemorySystem::Write:528: unmapped Write8 0x00000000 @ 0x00000A1D at PC 0x010F3548
[   4.414112] HW.Memory <Error> core\memory.cpp:Memory::MemorySystem::Write:528: unmapped Write8 0x00000000 @ 0x00000A1E at PC 0x010F3548
[   4.414113] HW.Memory <Error> core\memory.cpp:Memory::MemorySystem::Write:528: unmapped Write8 0x00000000 @ 0x00000A1F at PC 0x010F3548
[   4.414113] HW.Memory <Error> core\memory.cpp:Memory::MemorySystem::Write:528: unmapped Write8 0x00000000 @ 0x00000A20 at PC 0x010F3548
[   4.414114] HW.Memory <Error> core\memory.cpp:Memory::MemorySystem::Write:528: unmapped Write8 0x00000000 @ 0x00000A21 at PC 0x010F3548
[   4.414114] HW.Memory <Error> core\memory.cpp:Memory::MemorySystem::Write:528: unmapped Write8 0x00000000 @ 0x00000A22 at PC 0x010F3548
[   4.414115] HW.Memory <Error> core\memory.cpp:Memory::MemorySystem::Write:528: unmapped Write8 0x00000000 @ 0x00000A23 at PC 0x010F3548
[   4.414115] HW.Memory <Error> core\memory.cpp:Memory::MemorySystem::Write:528: unmapped Write8 0x00000000 @ 0x00000A24 at PC 0x010F3548
[   4.414116] HW.Memory <Error> core\memory.cpp:Memory::MemorySystem::Write:528: unmapped Write8 0x00000000 @ 0x00000A25 at PC 0x010F3548
[   4.414116] HW.Memory <Error> core\memory.cpp:Memory::MemorySystem::Write:528: unmapped Write8 0x00000000 @ 0x00000A26 at PC 0x010F3548
[   4.414117] HW.Memory <Error> core\memory.cpp:Memory::MemorySystem::Write:528: unmapped Write8 0x00000000 @ 0x00000A27 at PC 0x010F3548
[   4.414117] HW.Memory <Error> core\memory.cpp:Memory::MemorySystem::Write:528: unmapped Write8 0x00000000 @ 0x00000A28 at PC 0x010F3548
[   4.414117] HW.Memory <Error> core\memory.cpp:Memory::MemorySystem::Write:528: unmapped Write8 0x00000000 @ 0x00000A29 at PC 0x010F3548
[   4.414118] HW.Memory <Error> core\memory.cpp:Memory::MemorySystem::Write:528: unmapped Write8 0x00000000 @ 0x00000A2A at PC 0x010F3548
[   4.414119] HW.Memory <Error> core\memory.cpp:Memory::MemorySystem::Write:528: unmapped Write8 0x00000000 @ 0x00000A2B at PC 0x010F3548
[   4.414119] HW.Memory <Error> core\memory.cpp:Memory::MemorySystem::Write:528: unmapped Write8 0x00000000 @ 0x00000A2C at PC 0x010F3548
[   4.414120] HW.Memory <Error> core\memory.cpp:Memory::MemorySystem::Write:528: unmapped Write8 0x00000000 @ 0x00000A2D at PC 0x010F3548
[   4.414120] HW.Memory <Error> core\memory.cpp:Memory::MemorySystem::Write:528: unmapped Write8 0x00000000 @ 0x00000A2E at PC 0x010F3548
[   4.414121] HW.Memory <Error> core\memory.cpp:Memory::MemorySystem::Write:528: unmapped Write8 0x00000000 @ 0x00000A2F at PC 0x010F3548
[   4.414121] HW.Memory <Error> core\memory.cpp:Memory::MemorySystem::Write:528: unmapped Write8 0x00000000 @ 0x00000A30 at PC 0x010F3548
[   4.414122] HW.Memory <Error> core\memory.cpp:Memory::MemorySystem::Write:528: unmapped Write8 0x00000000 @ 0x00000A31 at PC 0x010F3548
[   4.414122] HW.Memory <Error> core\memory.cpp:Memory::MemorySystem::Write:528: unmapped Write8 0x00000000 @ 0x00000A32 at PC 0x010F3548
[   4.414122] HW.Memory <Error> core\memory.cpp:Memory::MemorySystem::Write:528: unmapped Write8 0x00000000 @ 0x00000A33 at PC 0x010F3548
[   4.414123] HW.Memory <Error> core\memory.cpp:Memory::MemorySystem::Write:528: unmapped Write8 0x00000000 @ 0x00000A34 at PC 0x010F3548
[   4.414123] HW.Memory <Error> core\memory.cpp:Memory::MemorySystem::Write:528: unmapped Write8 0x00000000 @ 0x00000A35 at PC 0x010F3548
[   4.414124] HW.Memory <Error> core\memory.cpp:Memory::MemorySystem::Write:528: unmapped Write8 0x00000000 @ 0x00000A36 at PC 0x010F3548
[   4.414124] HW.Memory <Error> core\memory.cpp:Memory::MemorySystem::Write:528: unmapped Write8 0x00000000 @ 0x00000A37 at PC 0x010F3548
[   4.414125] HW.Memory <Error> core\memory.cpp:Memory::MemorySystem::Write:528: unmapped Write8 0x00000000 @ 0x00000A38 at PC 0x010F3548
[   4.414125] HW.Memory <Error> core\memory.cpp:Memory::MemorySystem::Write:528: unmapped Write8 0x00000000 @ 0x00000A39 at PC 0x010F3548
[   4.414126] HW.Memory <Error> core\memory.cpp:Memory::MemorySystem::Write:528: unmapped Write8 0x00000000 @ 0x00000A3A at PC 0x010F3548
[   4.414126] HW.Memory <Error> core\memory.cpp:Memory::MemorySystem::Write:528: unmapped Write8 0x00000000 @ 0x00000A3B at PC 0x010F3548
[   4.414127] HW.Memory <Error> core\memory.cpp:Memory::MemorySystem::Write:528: unmapped Write8 0x00000000 @ 0x00000A3C at PC 0x010F3548
[   4.414127] HW.Memory <Error> core\memory.cpp:Memory::MemorySystem::Write:528: unmapped Write8 0x00000000 @ 0x00000A3D at PC 0x010F3548
[   4.414128] HW.Memory <Error> core\memory.cpp:Memory::MemorySystem::Write:528: unmapped Write8 0x00000000 @ 0x00000A3E at PC 0x010F3548
[   4.414128] HW.Memory <Error> core\memory.cpp:Memory::MemorySystem::Write:528: unmapped Write8 0x00000000 @ 0x00000A3F at PC 0x010F3548
[   4.414129] HW.Memory <Error> core\memory.cpp:Memory::MemorySystem::Write:528: unmapped Write8 0x00000000 @ 0x00000A40 at PC 0x010F3548
[   4.414129] HW.Memory <Error> core\memory.cpp:Memory::MemorySystem::Write:528: unmapped Write8 0x00000000 @ 0x00000A41 at PC 0x010F3548
[   4.414130] HW.Memory <Error> core\memory.cpp:Memory::MemorySystem::Write:528: unmapped Write8 0x00000000 @ 0x00000A42 at PC 0x010F3548
[   4.414130] HW.Memory <Error> core\memory.cpp:Memory::MemorySystem::Write:528: unmapped Write8 0x00000000 @ 0x00000A43 at PC 0x010F3548
[   4.414131] HW.Memory <Error> core\memory.cpp:Memory::MemorySystem::Write:528: unmapped Write8 0x00000000 @ 0x00000A44 at PC 0x010F3548
[   4.414131] HW.Memory <Error> core\memory.cpp:Memory::MemorySystem::Write:528: unmapped Write8 0x00000000 @ 0x00000A45 at PC 0x010F3548
[   4.414132] HW.Memory <Error> core\memory.cpp:Memory::MemorySystem::Write:528: unmapped Write8 0x00000000 @ 0x00000A46 at PC 0x010F3548
[   4.414132] HW.Memory <Error> core\memory.cpp:Memory::MemorySystem::Write:528: unmapped Write8 0x00000000 @ 0x00000A47 at PC 0x010F3548
[   4.414133] HW.Memory <Error> core\memory.cpp:Memory::MemorySystem::Write:528: unmapped Write8 0x00000000 @ 0x00000A48 at PC 0x010F3548
[   4.414133] HW.Memory <Error> core\memory.cpp:Memory::MemorySystem::Write:528: unmapped Write8 0x00000000 @ 0x00000A49 at PC 0x010F3548
[   4.414134] HW.Memory <Error> core\memory.cpp:Memory::MemorySystem::Write:528: unmapped Write8 0x00000000 @ 0x00000A4A at PC 0x010F3548
[   4.414134] HW.Memory <Error> core\memory.cpp:Memory::MemorySystem::Write:528: unmapped Write8 0x00000000 @ 0x00000A4B at PC 0x010F3548
[   4.414135] HW.Memory <Error> core\memory.cpp:Memory::MemorySystem::Write:528: unmapped Write8 0x00000000 @ 0x00000A4C at PC 0x010F3548
[   4.414135] HW.Memory <Error> core\memory.cpp:Memory::MemorySystem::Write:528: unmapped Write8 0x00000000 @ 0x00000A4D at PC 0x010F3548
[   4.414136] HW.Memory <Error> core\memory.cpp:Memory::MemorySystem::Write:528: unmapped Write8 0x00000000 @ 0x00000A4E at PC 0x010F3548
[   4.414136] HW.Memory <Error> core\memory.cpp:Memory::MemorySystem::Write:528: unmapped Write8 0x00000000 @ 0x00000A4F at PC 0x010F3548
[   4.414137] HW.Memory <Error> core\memory.cpp:Memory::MemorySystem::Write:528: unmapped Write8 0x00000000 @ 0x00000A50 at PC 0x010F3548
[   4.414137] HW.Memory <Error> core\memory.cpp:Memory::MemorySystem::Write:528: unmapped Write8 0x00000000 @ 0x00000A51 at PC 0x010F3548
[   4.414138] HW.Memory <Error> core\memory.cpp:Memory::MemorySystem::Write:528: unmapped Write8 0x00000000 @ 0x00000A52 at PC 0x010F3548
[   4.414138] HW.Memory <Error> core\memory.cpp:Memory::MemorySystem::Write:528: unmapped Write8 0x00000000 @ 0x00000A53 at PC 0x010F3548
[   4.414139] HW.Memory <Error> core\memory.cpp:Memory::MemorySystem::Write:528: unmapped Write8 0x00000000 @ 0x00000A54 at PC 0x010F3548
[   4.414139] HW.Memory <Error> core\memory.cpp:Memory::MemorySystem::Write:528: unmapped Write8 0x00000000 @ 0x00000A55 at PC 0x010F3548
[   4.414139] HW.Memory <Error> core\memory.cpp:Memory::MemorySystem::Write:528: unmapped Write8 0x00000000 @ 0x00000A56 at PC 0x010F3548
[   4.414140] HW.Memory <Error> core\memory.cpp:Memory::MemorySystem::Write:528: unmapped Write8 0x00000000 @ 0x00000A57 at PC 0x010F3548
[   4.414141] HW.Memory <Error> core\memory.cpp:Memory::MemorySystem::Write:528: unmapped Write8 0x00000000 @ 0x00000A58 at PC 0x010F3548
[   4.414141] HW.Memory <Error> core\memory.cpp:Memory::MemorySystem::Write:528: unmapped Write8 0x00000000 @ 0x00000A59 at PC 0x010F3548
[   4.414142] HW.Memory <Error> core\memory.cpp:Memory::MemorySystem::Write:528: unmapped Write8 0x00000000 @ 0x00000A5A at PC 0x010F3548
[   4.414142] HW.Memory <Error> core\memory.cpp:Memory::MemorySystem::Write:528: unmapped Write8 0x00000000 @ 0x00000A5B at PC 0x010F3548
[   4.414142] HW.Memory <Error> core\memory.cpp:Memory::MemorySystem::Write:528: unmapped Write8 0x00000000 @ 0x00000A5C at PC 0x010F3548
[   4.414143] HW.Memory <Error> core\memory.cpp:Memory::MemorySystem::Write:528: unmapped Write8 0x00000000 @ 0x00000A5D at PC 0x010F3548
[   4.414143] HW.Memory <Error> core\memory.cpp:Memory::MemorySystem::Write:528: unmapped Write8 0x00000000 @ 0x00000A5E at PC 0x010F3548
[   4.414144] HW.Memory <Error> core\memory.cpp:Memory::MemorySystem::Write:528: unmapped Write8 0x00000000 @ 0x00000A5F at PC 0x010F3548
[   4.414144] HW.Memory <Error> core\memory.cpp:Memory::MemorySystem::Write:528: unmapped Write8 0x00000000 @ 0x00000A60 at PC 0x010F3548
[   4.414145] HW.Memory <Error> core\memory.cpp:Memory::MemorySystem::Write:528: unmapped Write8 0x00000000 @ 0x00000A61 at PC 0x010F3548
[   4.414145] HW.Memory <Error> core\memory.cpp:Memory::MemorySystem::Write:528: unmapped Write8 0x00000000 @ 0x00000A62 at PC 0x010F3548
[   4.414146] HW.Memory <Error> core\memory.cpp:Memory::MemorySystem::Write:528: unmapped Write8 0x00000000 @ 0x00000A63 at PC 0x010F3548
[   4.414146] HW.Memory <Error> core\memory.cpp:Memory::MemorySystem::Write:528: unmapped Write8 0x00000000 @ 0x00000A64 at PC 0x010F3548
[   4.414147] HW.Memory <Error> core\memory.cpp:Memory::MemorySystem::Write:528: unmapped Write8 0x00000000 @ 0x00000A65 at PC 0x010F3548
[   4.414147] HW.Memory <Error> core\memory.cpp:Memory::MemorySystem::Write:528: unmapped Write8 0x00000000 @ 0x00000A66 at PC 0x010F3548
[   4.414148] HW.Memory <Error> core\memory.cpp:Memory::MemorySystem::Write:528: unmapped Write8 0x00000000 @ 0x00000A67 at PC 0x010F3548
[   4.414148] HW.Memory <Error> core\memory.cpp:Memory::MemorySystem::Write:528: unmapped Write8 0x00000000 @ 0x00000A68 at PC 0x010F3548
[   4.414149] HW.Memory <Error> core\memory.cpp:Memory::MemorySystem::Write:528: unmapped Write8 0x00000000 @ 0x00000A69 at PC 0x010F3548
[   4.414149] HW.Memory <Error> core\memory.cpp:Memory::MemorySystem::Write:528: unmapped Write8 0x00000000 @ 0x00000A6A at PC 0x010F3548
[   4.414150] HW.Memory <Error> core\memory.cpp:Memory::MemorySystem::Write:528: unmapped Write8 0x00000000 @ 0x00000A6B at PC 0x010F3548
[   4.414150] HW.Memory <Error> core\memory.cpp:Memory::MemorySystem::Write:528: unmapped Write8 0x00000000 @ 0x00000A6C at PC 0x010F3548
[   4.414151] HW.Memory <Error> core\memory.cpp:Memory::MemorySystem::Write:528: unmapped Write8 0x00000000 @ 0x00000A6D at PC 0x010F3548
[   4.414151] HW.Memory <Error> core\memory.cpp:Memory::MemorySystem::Write:528: unmapped Write8 0x00000000 @ 0x00000A6E at PC 0x010F3548
[   4.414152] HW.Memory <Error> core\memory.cpp:Memory::MemorySystem::Write:528: unmapped Write8 0x00000000 @ 0x00000A6F at PC 0x010F3548
[   4.414152] HW.Memory <Error> core\memory.cpp:Memory::MemorySystem::Write:528: unmapped Write8 0x00000000 @ 0x00000A70 at PC 0x010F3548
[   4.414153] HW.Memory <Error> core\memory.cpp:Memory::MemorySystem::Write:528: unmapped Write8 0x00000000 @ 0x00000A71 at PC 0x010F3548
[   4.414153] HW.Memory <Error> core\memory.cpp:Memory::MemorySystem::Write:528: unmapped Write8 0x00000000 @ 0x00000A72 at PC 0x010F3548
[   4.414154] HW.Memory <Error> core\memory.cpp:Memory::MemorySystem::Write:528: unmapped Write8 0x00000000 @ 0x00000A73 at PC 0x010F3548
[   4.414154] HW.Memory <Error> core\memory.cpp:Memory::MemorySystem::Write:528: unmapped Write8 0x00000000 @ 0x00000A74 at PC 0x010F3548
[   4.414155] HW.Memory <Error> core\memory.cpp:Memory::MemorySystem::Write:528: unmapped Write8 0x00000000 @ 0x00000A75 at PC 0x010F3548
[   4.414155] HW.Memory <Error> core\memory.cpp:Memory::MemorySystem::Write:528: unmapped Write8 0x00000000 @ 0x00000A76 at PC 0x010F3548
[   4.414156] HW.Memory <Error> core\memory.cpp:Memory::MemorySystem::Write:528: unmapped Write8 0x00000000 @ 0x00000A77 at PC 0x010F3548
[   4.414156] HW.Memory <Error> core\memory.cpp:Memory::MemorySystem::Write:528: unmapped Write8 0x00000000 @ 0x00000A78 at PC 0x010F3548
[   4.414157] HW.Memory <Error> core\memory.cpp:Memory::MemorySystem::Write:528: unmapped Write8 0x00000000 @ 0x00000A79 at PC 0x010F3548
[   4.414157] HW.Memory <Error> core\memory.cpp:Memory::MemorySystem::Write:528: unmapped Write8 0x00000000 @ 0x00000A7A at PC 0x010F3548
[   4.414158] HW.Memory <Error> core\memory.cpp:Memory::MemorySystem::Write:528: unmapped Write8 0x00000000 @ 0x00000A7B at PC 0x010F3548
[   4.414158] HW.Memory <Error> core\memory.cpp:Memory::MemorySystem::Write:528: unmapped Write8 0x00000000 @ 0x00000A7C at PC 0x010F3548
[   4.414159] HW.Memory <Error> core\memory.cpp:Memory::MemorySystem::Write:528: unmapped Write8 0x00000000 @ 0x00000A7D at PC 0x010F3548
[   4.414159] HW.Memory <Error> core\memory.cpp:Memory::MemorySystem::Write:528: unmapped Write8 0x00000000 @ 0x00000A7E at PC 0x010F3548
[   4.414160] HW.Memory <Error> core\memory.cpp:Memory::MemorySystem::Write:528: unmapped Write8 0x00000000 @ 0x00000A7F at PC 0x010F3548
[   4.414160] HW.Memory <Error> core\memory.cpp:Memory::MemorySystem::Write:528: unmapped Write8 0x00000000 @ 0x00000A80 at PC 0x010F3548
[   4.414161] HW.Memory <Error> core\memory.cpp:Memory::MemorySystem::Write:528: unmapped Write8 0x00000000 @ 0x00000A81 at PC 0x010F3548
[   4.414161] HW.Memory <Error> core\memory.cpp:Memory::MemorySystem::Write:528: unmapped Write8 0x00000000 @ 0x00000A82 at PC 0x010F3548
[   4.414162] HW.Memory <Error> core\memory.cpp:Memory::MemorySystem::Write:528: unmapped Write8 0x00000000 @ 0x00000A83 at PC 0x010F3548
[   4.414162] HW.Memory <Error> core\memory.cpp:Memory::MemorySystem::Write:528: unmapped Write8 0x00000000 @ 0x00000A84 at PC 0x010F3548
[   4.414163] HW.Memory <Error> core\memory.cpp:Memory::MemorySystem::Write:528: unmapped Write8 0x00000000 @ 0x00000A85 at PC 0x010F3548
[   4.414163] HW.Memory <Error> core\memory.cpp:Memory::MemorySystem::Write:528: unmapped Write8 0x00000000 @ 0x00000A86 at PC 0x010F3548
[   4.414163] HW.Memory <Error> core\memory.cpp:Memory::MemorySystem::Write:528: unmapped Write8 0x00000000 @ 0x00000A87 at PC 0x010F3548
[   4.414164] HW.Memory <Error> core\memory.cpp:Memory::MemorySystem::Write:528: unmapped Write8 0x00000000 @ 0x00000A88 at PC 0x010F3548
[   4.414164] HW.Memory <Error> core\memory.cpp:Memory::MemorySystem::Write:528: unmapped Write8 0x00000000 @ 0x00000A89 at PC 0x010F3548
[   4.414165] HW.Memory <Error> core\memory.cpp:Memory::MemorySystem::Write:528: unmapped Write8 0x00000000 @ 0x00000A8A at PC 0x010F3548
[   4.414165] HW.Memory <Error> core\memory.cpp:Memory::MemorySystem::Write:528: unmapped Write8 0x00000000 @ 0x00000A8B at PC 0x010F3548
[   4.414166] HW.Memory <Error> core\memory.cpp:Memory::MemorySystem::Write:528: unmapped Write8 0x00000000 @ 0x00000A8C at PC 0x010F3548
[   4.414166] HW.Memory <Error> core\memory.cpp:Memory::MemorySystem::Write:528: unmapped Write8 0x00000000 @ 0x00000A8D at PC 0x010F3548
[   4.414167] HW.Memory <Error> core\memory.cpp:Memory::MemorySystem::Write:528: unmapped Write8 0x00000000 @ 0x00000A8E at PC 0x010F3548
[   4.414167] HW.Memory <Error> core\memory.cpp:Memory::MemorySystem::Write:528: unmapped Write8 0x00000000 @ 0x00000A8F at PC 0x010F3548
[   4.414168] HW.Memory <Error> core\memory.cpp:Memory::MemorySystem::Write:528: unmapped Write8 0x00000000 @ 0x00000A90 at PC 0x010F3548
[   4.414168] HW.Memory <Error> core\memory.cpp:Memory::MemorySystem::Write:528: unmapped Write8 0x00000000 @ 0x00000A91 at PC 0x010F3548
[   4.414169] HW.Memory <Error> core\memory.cpp:Memory::MemorySystem::Write:528: unmapped Write8 0x00000000 @ 0x00000A92 at PC 0x010F3548
[   4.414169] HW.Memory <Error> core\memory.cpp:Memory::MemorySystem::Write:528: unmapped Write8 0x00000000 @ 0x00000A93 at PC 0x010F3548
[   4.414170] HW.Memory <Error> core\memory.cpp:Memory::MemorySystem::Write:528: unmapped Write8 0x00000000 @ 0x00000A94 at PC 0x010F3548
[   4.414170] HW.Memory <Error> core\memory.cpp:Memory::MemorySystem::Write:528: unmapped Write8 0x00000000 @ 0x00000A95 at PC 0x010F3548
[   4.414171] HW.Memory <Error> core\memory.cpp:Memory::MemorySystem::Write:528: unmapped Write8 0x00000000 @ 0x00000A96 at PC 0x010F3548
[   4.414171] HW.Memory <Error> core\memory.cpp:Memory::MemorySystem::Write:528: unmapped Write8 0x00000000 @ 0x00000A97 at PC 0x010F3548
[   4.414172] HW.Memory <Error> core\memory.cpp:Memory::MemorySystem::Write:528: unmapped Write8 0x00000000 @ 0x00000A98 at PC 0x010F3548
[   4.414172] HW.Memory <Error> core\memory.cpp:Memory::MemorySystem::Write:528: unmapped Write8 0x00000000 @ 0x00000A99 at PC 0x010F3548
[   4.414173] HW.Memory <Error> core\memory.cpp:Memory::MemorySystem::Write:528: unmapped Write8 0x00000000 @ 0x00000A9A at PC 0x010F3548
[   4.414173] HW.Memory <Error> core\memory.cpp:Memory::MemorySystem::Write:528: unmapped Write8 0x00000000 @ 0x00000A9B at PC 0x010F3548
[   4.414174] HW.Memory <Error> core\memory.cpp:Memory::MemorySystem::Write:528: unmapped Write8 0x00000000 @ 0x00000A9C at PC 0x010F3548
[   4.414174] HW.Memory <Error> core\memory.cpp:Memory::MemorySystem::Write:528: unmapped Write8 0x00000000 @ 0x00000A9D at PC 0x010F3548
[   4.414175] HW.Memory <Error> core\memory.cpp:Memory::MemorySystem::Write:528: unmapped Write8 0x00000000 @ 0x00000A9E at PC 0x010F3548
[   4.414175] HW.Memory <Error> core\memory.cpp:Memory::MemorySystem::Write:528: unmapped Write8 0x00000000 @ 0x00000A9F at PC 0x010F3548
[   4.414176] HW.Memory <Error> core\memory.cpp:Memory::MemorySystem::Write:528: unmapped Write8 0x00000000 @ 0x00000AA0 at PC 0x010F3548
[   4.414176] HW.Memory <Error> core\memory.cpp:Memory::MemorySystem::Write:528: unmapped Write8 0x00000000 @ 0x00000AA1 at PC 0x010F3548
[   4.414176] HW.Memory <Error> core\memory.cpp:Memory::MemorySystem::Write:528: unmapped Write8 0x00000000 @ 0x00000AA2 at PC 0x010F3548
[   4.414177] HW.Memory <Error> core\memory.cpp:Memory::MemorySystem::Write:528: unmapped Write8 0x00000000 @ 0x00000AA3 at PC 0x010F3548
[   4.414177] HW.Memory <Error> core\memory.cpp:Memory::MemorySystem::Write:528: unmapped Write8 0x00000000 @ 0x00000AA4 at PC 0x010F3548
[   4.414178] HW.Memory <Error> core\memory.cpp:Memory::MemorySystem::Write:528: unmapped Write8 0x00000000 @ 0x00000AA5 at PC 0x010F3548
[   4.414178] HW.Memory <Error> core\memory.cpp:Memory::MemorySystem::Write:528: unmapped Write8 0x00000000 @ 0x00000AA6 at PC 0x010F3548
[   4.414179] HW.Memory <Error> core\memory.cpp:Memory::MemorySystem::Write:528: unmapped Write8 0x00000000 @ 0x00000AA7 at PC 0x010F3548
[   4.414179] HW.Memory <Error> core\memory.cpp:Memory::MemorySystem::Write:528: unmapped Write8 0x00000000 @ 0x00000AA8 at PC 0x010F3548
[   4.414180] HW.Memory <Error> core\memory.cpp:Memory::MemorySystem::Write:528: unmapped Write8 0x00000000 @ 0x00000AA9 at PC 0x010F3548
[   4.414180] HW.Memory <Error> core\memory.cpp:Memory::MemorySystem::Write:528: unmapped Write8 0x00000000 @ 0x00000AAA at PC 0x010F3548
[   4.414181] HW.Memory <Error> core\memory.cpp:Memory::MemorySystem::Write:528: unmapped Write8 0x00000000 @ 0x00000AAB at PC 0x010F3548
[   4.414181] HW.Memory <Error> core\memory.cpp:Memory::MemorySystem::Write:528: unmapped Write8 0x00000000 @ 0x00000AAC at PC 0x010F3548
[   4.414182] HW.Memory <Error> core\memory.cpp:Memory::MemorySystem::Write:528: unmapped Write8 0x00000000 @ 0x00000AAD at PC 0x010F3548
[   4.414182] HW.Memory <Error> core\memory.cpp:Memory::MemorySystem::Write:528: unmapped Write8 0x00000000 @ 0x00000AAE at PC 0x010F3548
[   4.414183] HW.Memory <Error> core\memory.cpp:Memory::MemorySystem::Write:528: unmapped Write8 0x00000000 @ 0x00000AAF at PC 0x010F3548
[   4.414183] HW.Memory <Error> core\memory.cpp:Memory::MemorySystem::Write:528: unmapped Write8 0x00000000 @ 0x00000AB0 at PC 0x010F3548
[   4.414184] HW.Memory <Error> core\memory.cpp:Memory::MemorySystem::Write:528: unmapped Write8 0x00000000 @ 0x00000AB1 at PC 0x010F3548
[   4.414184] HW.Memory <Error> core\memory.cpp:Memory::MemorySystem::Write:528: unmapped Write8 0x00000000 @ 0x00000AB2 at PC 0x010F3548
[   4.414185] HW.Memory <Error> core\memory.cpp:Memory::MemorySystem::Write:528: unmapped Write8 0x00000000 @ 0x00000AB3 at PC 0x010F3548
[   4.414185] HW.Memory <Error> core\memory.cpp:Memory::MemorySystem::Write:528: unmapped Write8 0x00000000 @ 0x00000AB4 at PC 0x010F3548
[   4.414186] HW.Memory <Error> core\memory.cpp:Memory::MemorySystem::Write:528: unmapped Write8 0x00000000 @ 0x00000AB5 at PC 0x010F3548
[   4.414186] HW.Memory <Error> core\memory.cpp:Memory::MemorySystem::Write:528: unmapped Write8 0x00000000 @ 0x00000AB6 at PC 0x010F3548
[   4.414187] HW.Memory <Error> core\memory.cpp:Memory::MemorySystem::Write:528: unmapped Write8 0x00000000 @ 0x00000AB7 at PC 0x010F3548
[   4.414187] HW.Memory <Error> core\memory.cpp:Memory::MemorySystem::Write:528: unmapped Write8 0x00000000 @ 0x00000AB8 at PC 0x010F3548
[   4.414188] HW.Memory <Error> core\memory.cpp:Memory::MemorySystem::Write:528: unmapped Write8 0x00000000 @ 0x00000AB9 at PC 0x010F3548
[   4.414188] HW.Memory <Error> core\memory.cpp:Memory::MemorySystem::Write:528: unmapped Write8 0x00000000 @ 0x00000ABA at PC 0x010F3548
[   4.414189] HW.Memory <Error> core\memory.cpp:Memory::MemorySystem::Write:528: unmapped Write8 0x00000000 @ 0x00000ABB at PC 0x010F3548
[   4.414189] HW.Memory <Error> core\memory.cpp:Memory::MemorySystem::Write:528: unmapped Write8 0x00000000 @ 0x00000ABC at PC 0x010F3548
[   4.414190] HW.Memory <Error> core\memory.cpp:Memory::MemorySystem::Write:528: unmapped Write8 0x00000000 @ 0x00000ABD at PC 0x010F3548
[   4.414190] HW.Memory <Error> core\memory.cpp:Memory::MemorySystem::Write:528: unmapped Write8 0x00000000 @ 0x00000ABE at PC 0x010F3548
[   4.414191] HW.Memory <Error> core\memory.cpp:Memory::MemorySystem::Write:528: unmapped Write8 0x00000000 @ 0x00000ABF at PC 0x010F3548
[   4.414191] HW.Memory <Error> core\memory.cpp:Memory::MemorySystem::Write:528: unmapped Write8 0x00000000 @ 0x00000AC0 at PC 0x010F3548
[   4.414192] HW.Memory <Error> core\memory.cpp:Memory::MemorySystem::Write:528: unmapped Write8 0x00000000 @ 0x00000AC1 at PC 0x010F3548
[   4.414192] HW.Memory <Error> core\memory.cpp:Memory::MemorySystem::Write:528: unmapped Write8 0x00000000 @ 0x00000AC2 at PC 0x010F3548
[   4.414192] HW.Memory <Error> core\memory.cpp:Memory::MemorySystem::Write:528: unmapped Write8 0x00000000 @ 0x00000AC3 at PC 0x010F3548
[   4.414193] HW.Memory <Error> core\memory.cpp:Memory::MemorySystem::Write:528: unmapped Write8 0x00000000 @ 0x00000AC4 at PC 0x010F3548
[   4.414193] HW.Memory <Error> core\memory.cpp:Memory::MemorySystem::Write:528: unmapped Write8 0x00000000 @ 0x00000AC5 at PC 0x010F3548
[   4.414194] HW.Memory <Error> core\memory.cpp:Memory::MemorySystem::Write:528: unmapped Write8 0x00000000 @ 0x00000AC6 at PC 0x010F3548
[   4.414194] HW.Memory <Error> core\memory.cpp:Memory::MemorySystem::Write:528: unmapped Write8 0x00000000 @ 0x00000AC7 at PC 0x010F3548
[   4.414195] HW.Memory <Error> core\memory.cpp:Memory::MemorySystem::Write:528: unmapped Write8 0x00000000 @ 0x00000AC8 at PC 0x010F3548
[   4.414195] HW.Memory <Error> core\memory.cpp:Memory::MemorySystem::Write:528: unmapped Write8 0x00000000 @ 0x00000AC9 at PC 0x010F3548
[   4.414196] HW.Memory <Error> core\memory.cpp:Memory::MemorySystem::Write:528: unmapped Write8 0x00000000 @ 0x00000ACA at PC 0x010F3548
[   4.414196] HW.Memory <Error> core\memory.cpp:Memory::MemorySystem::Write:528: unmapped Write8 0x00000000 @ 0x00000ACB at PC 0x010F3548
[   4.414197] HW.Memory <Error> core\memory.cpp:Memory::MemorySystem::Write:528: unmapped Write8 0x00000000 @ 0x00000ACC at PC 0x010F3548
[   4.414197] HW.Memory <Error> core\memory.cpp:Memory::MemorySystem::Write:528: unmapped Write8 0x00000000 @ 0x00000ACD at PC 0x010F3548
[   4.414198] HW.Memory <Error> core\memory.cpp:Memory::MemorySystem::Write:528: unmapped Write8 0x00000000 @ 0x00000ACE at PC 0x010F3548
[   4.414198] HW.Memory <Error> core\memory.cpp:Memory::MemorySystem::Write:528: unmapped Write8 0x00000000 @ 0x00000ACF at PC 0x010F3548
[   4.414199] HW.Memory <Error> core\memory.cpp:Memory::MemorySystem::Write:528: unmapped Write8 0x00000000 @ 0x00000AD0 at PC 0x010F3548
[   4.414199] HW.Memory <Error> core\memory.cpp:Memory::MemorySystem::Write:528: unmapped Write8 0x00000000 @ 0x00000AD1 at PC 0x010F3548
[   4.414200] HW.Memory <Error> core\memory.cpp:Memory::MemorySystem::Write:528: unmapped Write8 0x00000000 @ 0x00000AD2 at PC 0x010F3548
[   4.414200] HW.Memory <Error> core\memory.cpp:Memory::MemorySystem::Write:528: unmapped Write8 0x00000000 @ 0x00000AD3 at PC 0x010F3548
[   4.414201] HW.Memory <Error> core\memory.cpp:Memory::MemorySystem::Write:528: unmapped Write8 0x00000000 @ 0x00000AD4 at PC 0x010F3548
[   4.414201] HW.Memory <Error> core\memory.cpp:Memory::MemorySystem::Write:528: unmapped Write8 0x00000000 @ 0x00000AD5 at PC 0x010F3548
[   4.414202] HW.Memory <Error> core\memory.cpp:Memory::MemorySystem::Write:528: unmapped Write8 0x00000000 @ 0x00000AD6 at PC 0x010F3548
[   4.414202] HW.Memory <Error> core\memory.cpp:Memory::MemorySystem::Write:528: unmapped Write8 0x00000000 @ 0x00000AD7 at PC 0x010F3548
[   4.414203] HW.Memory <Error> core\memory.cpp:Memory::MemorySystem::Write:528: unmapped Write8 0x00000000 @ 0x00000AD8 at PC 0x010F3548
[   4.414203] HW.Memory <Error> core\memory.cpp:Memory::MemorySystem::Write:528: unmapped Write8 0x00000000 @ 0x00000AD9 at PC 0x010F3548
[   4.414204] HW.Memory <Error> core\memory.cpp:Memory::MemorySystem::Write:528: unmapped Write8 0x00000000 @ 0x00000ADA at PC 0x010F3548
[   4.414204] HW.Memory <Error> core\memory.cpp:Memory::MemorySystem::Write:528: unmapped Write8 0x00000000 @ 0x00000ADB at PC 0x010F3548
[   4.414205] HW.Memory <Error> core\memory.cpp:Memory::MemorySystem::Write:528: unmapped Write8 0x00000000 @ 0x00000ADC at PC 0x010F3548
[   4.414205] HW.Memory <Error> core\memory.cpp:Memory::MemorySystem::Write:528: unmapped Write8 0x00000000 @ 0x00000ADD at PC 0x010F3548
[   4.414206] HW.Memory <Error> core\memory.cpp:Memory::MemorySystem::Write:528: unmapped Write8 0x00000000 @ 0x00000ADE at PC 0x010F3548
[   4.414206] HW.Memory <Error> core\memory.cpp:Memory::MemorySystem::Write:528: unmapped Write8 0x00000000 @ 0x00000ADF at PC 0x010F3548
[   4.414207] HW.Memory <Error> core\memory.cpp:Memory::MemorySystem::Write:528: unmapped Write8 0x00000000 @ 0x00000AE0 at PC 0x010F3548
[   4.414207] HW.Memory <Error> core\memory.cpp:Memory::MemorySystem::Write:528: unmapped Write8 0x00000000 @ 0x00000AE1 at PC 0x010F3548
[   4.414207] HW.Memory <Error> core\memory.cpp:Memory::MemorySystem::Write:528: unmapped Write8 0x00000000 @ 0x00000AE2 at PC 0x010F3548
[   4.414208] HW.Memory <Error> core\memory.cpp:Memory::MemorySystem::Write:528: unmapped Write8 0x00000000 @ 0x00000AE3 at PC 0x010F3548
[   4.414208] HW.Memory <Error> core\memory.cpp:Memory::MemorySystem::Write:528: unmapped Write8 0x00000000 @ 0x00000AE4 at PC 0x010F3548
[   4.414209] HW.Memory <Error> core\memory.cpp:Memory::MemorySystem::Write:528: unmapped Write8 0x00000000 @ 0x00000AE5 at PC 0x010F3548
[   4.414209] HW.Memory <Error> core\memory.cpp:Memory::MemorySystem::Write:528: unmapped Write8 0x00000000 @ 0x00000AE6 at PC 0x010F3548
[   4.414210] HW.Memory <Error> core\memory.cpp:Memory::MemorySystem::Write:528: unmapped Write8 0x00000000 @ 0x00000AE7 at PC 0x010F3548
[   4.414210] HW.Memory <Error> core\memory.cpp:Memory::MemorySystem::Write:528: unmapped Write8 0x00000000 @ 0x00000AE8 at PC 0x010F3548
[   4.414211] HW.Memory <Error> core\memory.cpp:Memory::MemorySystem::Write:528: unmapped Write8 0x00000000 @ 0x00000AE9 at PC 0x010F3548
[   4.414211] HW.Memory <Error> core\memory.cpp:Memory::MemorySystem::Write:528: unmapped Write8 0x00000000 @ 0x00000AEA at PC 0x010F3548
[   4.414212] HW.Memory <Error> core\memory.cpp:Memory::MemorySystem::Write:528: unmapped Write8 0x00000000 @ 0x00000AEB at PC 0x010F3548
[   4.414212] HW.Memory <Error> core\memory.cpp:Memory::MemorySystem::Write:528: unmapped Write8 0x00000000 @ 0x00000AEC at PC 0x010F3548
[   4.414213] HW.Memory <Error> core\memory.cpp:Memory::MemorySystem::Write:528: unmapped Write8 0x00000000 @ 0x00000AED at PC 0x010F3548
[   4.414213] HW.Memory <Error> core\memory.cpp:Memory::MemorySystem::Write:528: unmapped Write8 0x00000000 @ 0x00000AEE at PC 0x010F3548
[   4.414214] HW.Memory <Error> core\memory.cpp:Memory::MemorySystem::Write:528: unmapped Write8 0x00000000 @ 0x00000AEF at PC 0x010F3548
[   4.414214] HW.Memory <Error> core\memory.cpp:Memory::MemorySystem::Write:528: unmapped Write8 0x00000000 @ 0x00000AF0 at PC 0x010F3548
[   4.414215] HW.Memory <Error> core\memory.cpp:Memory::MemorySystem::Write:528: unmapped Write8 0x00000000 @ 0x00000AF1 at PC 0x010F3548
[   4.414215] HW.Memory <Error> core\memory.cpp:Memory::MemorySystem::Write:528: unmapped Write8 0x00000000 @ 0x00000AF2 at PC 0x010F3548
[   4.414216] HW.Memory <Error> core\memory.cpp:Memory::MemorySystem::Write:528: unmapped Write8 0x00000000 @ 0x00000AF3 at PC 0x010F3548
[   4.414216] HW.Memory <Error> core\memory.cpp:Memory::MemorySystem::Write:528: unmapped Write8 0x00000000 @ 0x00000AF4 at PC 0x010F3548
[   4.414217] HW.Memory <Error> core\memory.cpp:Memory::MemorySystem::Write:528: unmapped Write8 0x00000000 @ 0x00000AF5 at PC 0x010F3548
[   4.414217] HW.Memory <Error> core\memory.cpp:Memory::MemorySystem::Write:528: unmapped Write8 0x00000000 @ 0x00000AF6 at PC 0x010F3548
[   4.414218] HW.Memory <Error> core\memory.cpp:Memory::MemorySystem::Write:528: unmapped Write8 0x00000000 @ 0x00000AF7 at PC 0x010F3548
[   4.414218] HW.Memory <Error> core\memory.cpp:Memory::MemorySystem::Write:528: unmapped Write8 0x00000000 @ 0x00000AF8 at PC 0x010F3548
[   4.414219] HW.Memory <Error> core\memory.cpp:Memory::MemorySystem::Write:528: unmapped Write8 0x00000000 @ 0x00000AF9 at PC 0x010F3548
[   4.414219] HW.Memory <Error> core\memory.cpp:Memory::MemorySystem::Write:528: unmapped Write8 0x00000000 @ 0x00000AFA at PC 0x010F3548
[   4.414220] HW.Memory <Error> core\memory.cpp:Memory::MemorySystem::Write:528: unmapped Write8 0x00000000 @ 0x00000AFB at PC 0x010F3548
[   4.414220] HW.Memory <Error> core\memory.cpp:Memory::MemorySystem::Write:528: unmapped Write8 0x00000000 @ 0x00000AFC at PC 0x010F3548
[   4.414221] HW.Memory <Error> core\memory.cpp:Memory::MemorySystem::Write:528: unmapped Write8 0x00000000 @ 0x00000AFD at PC 0x010F3548
[   4.414221] HW.Memory <Error> core\memory.cpp:Memory::MemorySystem::Write:528: unmapped Write8 0x00000000 @ 0x00000AFE at PC 0x010F3548
[   4.414222] HW.Memory <Error> core\memory.cpp:Memory::MemorySystem::Write:528: unmapped Write8 0x00000000 @ 0x00000AFF at PC 0x010F3548
[   4.414222] HW.Memory <Error> core\memory.cpp:Memory::MemorySystem::Write:528: unmapped Write8 0x00000000 @ 0x00000B00 at PC 0x010F3548
[   4.414223] HW.Memory <Error> core\memory.cpp:Memory::MemorySystem::Write:528: unmapped Write8 0x00000000 @ 0x00000B01 at PC 0x010F3548
[   4.414223] HW.Memory <Error> core\memory.cpp:Memory::MemorySystem::Write:528: unmapped Write8 0x00000000 @ 0x00000B02 at PC 0x010F3548
[   4.414224] HW.Memory <Error> core\memory.cpp:Memory::MemorySystem::Write:528: unmapped Write8 0x00000000 @ 0x00000B03 at PC 0x010F3548
[   4.414224] HW.Memory <Error> core\memory.cpp:Memory::MemorySystem::Write:528: unmapped Write8 0x00000000 @ 0x00000B04 at PC 0x010F3548
[   4.414225] HW.Memory <Error> core\memory.cpp:Memory::MemorySystem::Write:528: unmapped Write8 0x00000000 @ 0x00000B05 at PC 0x010F3548
[   4.414225] HW.Memory <Error> core\memory.cpp:Memory::MemorySystem::Write:528: unmapped Write8 0x00000000 @ 0x00000B06 at PC 0x010F3548
[   4.414226] HW.Memory <Error> core\memory.cpp:Memory::MemorySystem::Write:528: unmapped Write8 0x00000000 @ 0x00000B07 at PC 0x010F3548
[   4.414226] HW.Memory <Error> core\memory.cpp:Memory::MemorySystem::Write:528: unmapped Write8 0x00000000 @ 0x00000B08 at PC 0x010F3548
[   4.414227] HW.Memory <Error> core\memory.cpp:Memory::MemorySystem::Write:528: unmapped Write8 0x00000000 @ 0x00000B09 at PC 0x010F3548
[   4.414227] HW.Memory <Error> core\memory.cpp:Memory::MemorySystem::Write:528: unmapped Write8 0x00000000 @ 0x00000B0A at PC 0x010F3548
[   4.414228] HW.Memory <Error> core\memory.cpp:Memory::MemorySystem::Write:528: unmapped Write8 0x00000000 @ 0x00000B0B at PC 0x010F3548
[   4.414228] HW.Memory <Error> core\memory.cpp:Memory::MemorySystem::Write:528: unmapped Write8 0x00000000 @ 0x00000B0C at PC 0x010F3548
[   4.414229] HW.Memory <Error> core\memory.cpp:Memory::MemorySystem::Write:528: unmapped Write8 0x00000000 @ 0x00000B0D at PC 0x010F3548
[   4.414229] HW.Memory <Error> core\memory.cpp:Memory::MemorySystem::Write:528: unmapped Write8 0x00000000 @ 0x00000B0E at PC 0x010F3548
[   4.414239] HW.Memory <Error> core\memory.cpp:Memory::MemorySystem::Write:528: unmapped Write8 0x00000000 @ 0x00000B0F at PC 0x010F3548
[   4.414240] HW.Memory <Error> core\memory.cpp:Memory::MemorySystem::Write:528: unmapped Write8 0x00000000 @ 0x00000B10 at PC 0x010F3548
[   4.414240] HW.Memory <Error> core\memory.cpp:Memory::MemorySystem::Write:528: unmapped Write8 0x00000000 @ 0x00000B11 at PC 0x010F3548
[   4.414241] HW.Memory <Error> core\memory.cpp:Memory::MemorySystem::Write:528: unmapped Write8 0x00000000 @ 0x00000B12 at PC 0x010F3548
[   4.414241] HW.Memory <Error> core\memory.cpp:Memory::MemorySystem::Write:528: unmapped Write8 0x00000000 @ 0x00000B13 at PC 0x010F3548
[   4.414242] HW.Memory <Error> core\memory.cpp:Memory::MemorySystem::Write:528: unmapped Write8 0x00000000 @ 0x00000B14 at PC 0x010F3548
[   4.414242] HW.Memory <Error> core\memory.cpp:Memory::MemorySystem::Write:528: unmapped Write8 0x00000000 @ 0x00000B15 at PC 0x010F3548
[   4.414243] HW.Memory <Error> core\memory.cpp:Memory::MemorySystem::Write:528: unmapped Write8 0x00000000 @ 0x00000B16 at PC 0x010F3548
[   4.414243] HW.Memory <Error> core\memory.cpp:Memory::MemorySystem::Write:528: unmapped Write8 0x00000000 @ 0x00000B17 at PC 0x010F3548
[   4.414244] HW.Memory <Error> core\memory.cpp:Memory::MemorySystem::Write:528: unmapped Write8 0x00000000 @ 0x00000B18 at PC 0x010F3548
[   4.414244] HW.Memory <Error> core\memory.cpp:Memory::MemorySystem::Write:528: unmapped Write8 0x00000000 @ 0x00000B19 at PC 0x010F3548
[   4.414245] HW.Memory <Error> core\memory.cpp:Memory::MemorySystem::Write:528: unmapped Write8 0x00000000 @ 0x00000B1A at PC 0x010F3548
[   4.414245] HW.Memory <Error> core\memory.cpp:Memory::MemorySystem::Write:528: unmapped Write8 0x00000000 @ 0x00000B1B at PC 0x010F3548
[   4.414246] HW.Memory <Error> core\memory.cpp:Memory::MemorySystem::Write:528: unmapped Write8 0x00000000 @ 0x00000B1C at PC 0x010F3548
[   4.414246] HW.Memory <Error> core\memory.cpp:Memory::MemorySystem::Write:528: unmapped Write8 0x00000000 @ 0x00000B1D at PC 0x010F3548
[   4.414247] HW.Memory <Error> core\memory.cpp:Memory::MemorySystem::Write:528: unmapped Write8 0x00000000 @ 0x00000B1E at PC 0x010F3548
[   4.414247] HW.Memory <Error> core\memory.cpp:Memory::MemorySystem::Write:528: unmapped Write8 0x00000000 @ 0x00000B1F at PC 0x010F3548
[   4.414248] HW.Memory <Error> core\memory.cpp:Memory::MemorySystem::Write:528: unmapped Write8 0x00000000 @ 0x00000B20 at PC 0x010F3548
[   4.414248] HW.Memory <Error> core\memory.cpp:Memory::MemorySystem::Write:528: unmapped Write8 0x00000000 @ 0x00000B21 at PC 0x010F3548
[   4.414249] HW.Memory <Error> core\memory.cpp:Memory::MemorySystem::Write:528: unmapped Write8 0x00000000 @ 0x00000B22 at PC 0x010F3548
[   4.414249] HW.Memory <Error> core\memory.cpp:Memory::MemorySystem::Write:528: unmapped Write8 0x00000000 @ 0x00000B23 at PC 0x010F3548
[   4.414249] HW.Memory <Error> core\memory.cpp:Memory::MemorySystem::Write:528: unmapped Write8 0x00000000 @ 0x00000B24 at PC 0x010F3548
[   4.414250] HW.Memory <Error> core\memory.cpp:Memory::MemorySystem::Write:528: unmapped Write8 0x00000000 @ 0x00000B25 at PC 0x010F3548
[   4.414250] HW.Memory <Error> core\memory.cpp:Memory::MemorySystem::Write:528: unmapped Write8 0x00000000 @ 0x00000B26 at PC 0x010F3548
[   4.414251] HW.Memory <Error> core\memory.cpp:Memory::MemorySystem::Write:528: unmapped Write8 0x00000000 @ 0x00000B27 at PC 0x010F3548
[   4.414251] HW.Memory <Error> core\memory.cpp:Memory::MemorySystem::Write:528: unmapped Write8 0x00000000 @ 0x00000B28 at PC 0x010F3548
[   4.414252] HW.Memory <Error> core\memory.cpp:Memory::MemorySystem::Write:528: unmapped Write8 0x00000000 @ 0x00000B29 at PC 0x010F3548
[   4.414252] HW.Memory <Error> core\memory.cpp:Memory::MemorySystem::Write:528: unmapped Write8 0x00000000 @ 0x00000B2A at PC 0x010F3548
[   4.414253] HW.Memory <Error> core\memory.cpp:Memory::MemorySystem::Write:528: unmapped Write8 0x00000000 @ 0x00000B2B at PC 0x010F3548
[   4.414253] HW.Memory <Error> core\memory.cpp:Memory::MemorySystem::Write:528: unmapped Write8 0x00000000 @ 0x00000B2C at PC 0x010F3548
[   4.414254] HW.Memory <Error> core\memory.cpp:Memory::MemorySystem::Write:528: unmapped Write8 0x00000000 @ 0x00000B2D at PC 0x010F3548
[   4.414254] HW.Memory <Error> core\memory.cpp:Memory::MemorySystem::Write:528: unmapped Write8 0x00000000 @ 0x00000B2E at PC 0x010F3548
[   4.414255] HW.Memory <Error> core\memory.cpp:Memory::MemorySystem::Write:528: unmapped Write8 0x00000000 @ 0x00000B2F at PC 0x010F3548
[   4.414255] HW.Memory <Error> core\memory.cpp:Memory::MemorySystem::Write:528: unmapped Write8 0x00000000 @ 0x00000B30 at PC 0x010F3548
[   4.414256] HW.Memory <Error> core\memory.cpp:Memory::MemorySystem::Write:528: unmapped Write8 0x00000000 @ 0x00000B31 at PC 0x010F3548
[   4.414256] HW.Memory <Error> core\memory.cpp:Memory::MemorySystem::Write:528: unmapped Write8 0x00000000 @ 0x00000B32 at PC 0x010F3548
[   4.414257] HW.Memory <Error> core\memory.cpp:Memory::MemorySystem::Write:528: unmapped Write8 0x00000000 @ 0x00000B33 at PC 0x010F3548
[   4.414257] HW.Memory <Error> core\memory.cpp:Memory::MemorySystem::Write:528: unmapped Write8 0x00000000 @ 0x00000B34 at PC 0x010F3548
[   4.414258] HW.Memory <Error> core\memory.cpp:Memory::MemorySystem::Write:528: unmapped Write8 0x00000000 @ 0x00000B35 at PC 0x010F3548
[   4.414258] HW.Memory <Error> core\memory.cpp:Memory::MemorySystem::Write:528: unmapped Write8 0x00000000 @ 0x00000B36 at PC 0x010F3548
[   4.414259] HW.Memory <Error> core\memory.cpp:Memory::MemorySystem::Write:528: unmapped Write8 0x00000000 @ 0x00000B37 at PC 0x010F3548
[   4.414259] HW.Memory <Error> core\memory.cpp:Memory::MemorySystem::Write:528: unmapped Write8 0x00000000 @ 0x00000B38 at PC 0x010F3548
[   4.414260] HW.Memory <Error> core\memory.cpp:Memory::MemorySystem::Write:528: unmapped Write8 0x00000000 @ 0x00000B39 at PC 0x010F3548
[   4.414260] HW.Memory <Error> core\memory.cpp:Memory::MemorySystem::Write:528: unmapped Write8 0x00000000 @ 0x00000B3A at PC 0x010F3548
[   4.414261] HW.Memory <Error> core\memory.cpp:Memory::MemorySystem::Write:528: unmapped Write8 0x00000000 @ 0x00000B3B at PC 0x010F3548
[   4.414261] HW.Memory <Error> core\memory.cpp:Memory::MemorySystem::Write:528: unmapped Write8 0x00000000 @ 0x00000B3C at PC 0x010F3548
[   4.414262] HW.Memory <Error> core\memory.cpp:Memory::MemorySystem::Write:528: unmapped Write8 0x00000000 @ 0x00000B3D at PC 0x010F3548
[   4.414262] HW.Memory <Error> core\memory.cpp:Memory::MemorySystem::Write:528: unmapped Write8 0x00000000 @ 0x00000B3E at PC 0x010F3548
[   4.414263] HW.Memory <Error> core\memory.cpp:Memory::MemorySystem::Write:528: unmapped Write8 0x00000000 @ 0x00000B3F at PC 0x010F3548
[   4.414263] HW.Memory <Error> core\memory.cpp:Memory::MemorySystem::Write:528: unmapped Write8 0x00000000 @ 0x00000B40 at PC 0x010F3548
[   4.414264] HW.Memory <Error> core\memory.cpp:Memory::MemorySystem::Write:528: unmapped Write8 0x00000000 @ 0x00000B41 at PC 0x010F3548
[   4.414264] HW.Memory <Error> core\memory.cpp:Memory::MemorySystem::Write:528: unmapped Write8 0x00000000 @ 0x00000B42 at PC 0x010F3548
[   4.414265] HW.Memory <Error> core\memory.cpp:Memory::MemorySystem::Write:528: unmapped Write8 0x00000000 @ 0x00000B43 at PC 0x010F3548
[   4.414265] HW.Memory <Error> core\memory.cpp:Memory::MemorySystem::Write:528: unmapped Write8 0x00000000 @ 0x00000B44 at PC 0x010F3548
[   4.414266] HW.Memory <Error> core\memory.cpp:Memory::MemorySystem::Write:528: unmapped Write8 0x00000000 @ 0x00000B45 at PC 0x010F3548
[   4.414266] HW.Memory <Error> core\memory.cpp:Memory::MemorySystem::Write:528: unmapped Write8 0x00000000 @ 0x00000B46 at PC 0x010F3548
[   4.414267] HW.Memory <Error> core\memory.cpp:Memory::MemorySystem::Write:528: unmapped Write8 0x00000000 @ 0x00000B47 at PC 0x010F3548
[   4.414267] HW.Memory <Error> core\memory.cpp:Memory::MemorySystem::Write:528: unmapped Write8 0x00000000 @ 0x00000B48 at PC 0x010F3548
[   4.414268] HW.Memory <Error> core\memory.cpp:Memory::MemorySystem::Write:528: unmapped Write8 0x00000000 @ 0x00000B49 at PC 0x010F3548
[   4.414268] HW.Memory <Error> core\memory.cpp:Memory::MemorySystem::Write:528: unmapped Write8 0x00000000 @ 0x00000B4A at PC 0x010F3548
[   4.414269] HW.Memory <Error> core\memory.cpp:Memory::MemorySystem::Write:528: unmapped Write8 0x00000000 @ 0x00000B4B at PC 0x010F3548
[   4.414269] HW.Memory <Error> core\memory.cpp:Memory::MemorySystem::Write:528: unmapped Write8 0x00000000 @ 0x00000B4C at PC 0x010F3548
[   4.414270] HW.Memory <Error> core\memory.cpp:Memory::MemorySystem::Write:528: unmapped Write8 0x00000000 @ 0x00000B4D at PC 0x010F3548
[   4.414270] HW.Memory <Error> core\memory.cpp:Memory::MemorySystem::Write:528: unmapped Write8 0x00000000 @ 0x00000B4E at PC 0x010F3548
[   4.414271] HW.Memory <Error> core\memory.cpp:Memory::MemorySystem::Write:528: unmapped Write8 0x00000000 @ 0x00000B4F at PC 0x010F3548
[   4.414271] HW.Memory <Error> core\memory.cpp:Memory::MemorySystem::Write:528: unmapped Write8 0x00000000 @ 0x00000B50 at PC 0x010F3548
[   4.414272] HW.Memory <Error> core\memory.cpp:Memory::MemorySystem::Write:528: unmapped Write8 0x00000000 @ 0x00000B51 at PC 0x010F3548
[   4.414272] HW.Memory <Error> core\memory.cpp:Memory::MemorySystem::Write:528: unmapped Write8 0x00000000 @ 0x00000B52 at PC 0x010F3548
[   4.414273] HW.Memory <Error> core\memory.cpp:Memory::MemorySystem::Write:528: unmapped Write8 0x00000000 @ 0x00000B53 at PC 0x010F3548
[   4.414273] HW.Memory <Error> core\memory.cpp:Memory::MemorySystem::Write:528: unmapped Write8 0x00000000 @ 0x00000B54 at PC 0x010F3548
[   4.414273] HW.Memory <Error> core\memory.cpp:Memory::MemorySystem::Write:528: unmapped Write8 0x00000000 @ 0x00000B55 at PC 0x010F3548
[   4.414274] HW.Memory <Error> core\memory.cpp:Memory::MemorySystem::Write:528: unmapped Write8 0x00000000 @ 0x00000B56 at PC 0x010F3548
[   4.414274] HW.Memory <Error> core\memory.cpp:Memory::MemorySystem::Write:528: unmapped Write8 0x00000000 @ 0x00000B57 at PC 0x010F3548
[   4.414275] HW.Memory <Error> core\memory.cpp:Memory::MemorySystem::Write:528: unmapped Write8 0x00000000 @ 0x00000B58 at PC 0x010F3548
[   4.414275] HW.Memory <Error> core\memory.cpp:Memory::MemorySystem::Write:528: unmapped Write8 0x00000000 @ 0x00000B59 at PC 0x010F3548
[   4.414276] HW.Memory <Error> core\memory.cpp:Memory::MemorySystem::Write:528: unmapped Write8 0x00000000 @ 0x00000B5A at PC 0x010F3548
[   4.414276] HW.Memory <Error> core\memory.cpp:Memory::MemorySystem::Write:528: unmapped Write8 0x00000000 @ 0x00000B5B at PC 0x010F3548
[   4.414277] HW.Memory <Error> core\memory.cpp:Memory::MemorySystem::Write:528: unmapped Write8 0x00000000 @ 0x00000B5C at PC 0x010F3548
[   4.414277] HW.Memory <Error> core\memory.cpp:Memory::MemorySystem::Write:528: unmapped Write8 0x00000000 @ 0x00000B5D at PC 0x010F3548
[   4.414278] HW.Memory <Error> core\memory.cpp:Memory::MemorySystem::Write:528: unmapped Write8 0x00000000 @ 0x00000B5E at PC 0x010F3548
[   4.414278] HW.Memory <Error> core\memory.cpp:Memory::MemorySystem::Write:528: unmapped Write8 0x00000000 @ 0x00000B5F at PC 0x010F3548
[   4.414279] HW.Memory <Error> core\memory.cpp:Memory::MemorySystem::Write:528: unmapped Write8 0x00000000 @ 0x00000B60 at PC 0x010F3548
[   4.414279] HW.Memory <Error> core\memory.cpp:Memory::MemorySystem::Write:528: unmapped Write8 0x00000000 @ 0x00000B61 at PC 0x010F3548
[   4.414280] HW.Memory <Error> core\memory.cpp:Memory::MemorySystem::Write:528: unmapped Write8 0x00000000 @ 0x00000B62 at PC 0x010F3548
[   4.414280] HW.Memory <Error> core\memory.cpp:Memory::MemorySystem::Write:528: unmapped Write8 0x00000000 @ 0x00000B63 at PC 0x010F3548
[   4.414281] HW.Memory <Error> core\memory.cpp:Memory::MemorySystem::Write:528: unmapped Write8 0x00000000 @ 0x00000B64 at PC 0x010F3548
[   4.414281] HW.Memory <Error> core\memory.cpp:Memory::MemorySystem::Write:528: unmapped Write8 0x00000000 @ 0x00000B65 at PC 0x010F3548
[   4.414282] HW.Memory <Error> core\memory.cpp:Memory::MemorySystem::Write:528: unmapped Write8 0x00000000 @ 0x00000B66 at PC 0x010F3548
[   4.414282] HW.Memory <Error> core\memory.cpp:Memory::MemorySystem::Write:528: unmapped Write8 0x00000000 @ 0x00000B67 at PC 0x010F3548
[   4.414283] HW.Memory <Error> core\memory.cpp:Memory::MemorySystem::Write:528: unmapped Write8 0x00000000 @ 0x00000B68 at PC 0x010F3548
[   4.414283] HW.Memory <Error> core\memory.cpp:Memory::MemorySystem::Write:528: unmapped Write8 0x00000000 @ 0x00000B69 at PC 0x010F3548
[   4.414284] HW.Memory <Error> core\memory.cpp:Memory::MemorySystem::Write:528: unmapped Write8 0x00000000 @ 0x00000B6A at PC 0x010F3548
[   4.414284] HW.Memory <Error> core\memory.cpp:Memory::MemorySystem::Write:528: unmapped Write8 0x00000000 @ 0x00000B6B at PC 0x010F3548
[   4.414285] HW.Memory <Error> core\memory.cpp:Memory::MemorySystem::Write:528: unmapped Write8 0x00000000 @ 0x00000B6C at PC 0x010F3548
[   4.414285] HW.Memory <Error> core\memory.cpp:Memory::MemorySystem::Write:528: unmapped Write8 0x00000000 @ 0x00000B6D at PC 0x010F3548
[   4.414286] HW.Memory <Error> core\memory.cpp:Memory::MemorySystem::Write:528: unmapped Write8 0x00000000 @ 0x00000B6E at PC 0x010F3548
[   4.414286] HW.Memory <Error> core\memory.cpp:Memory::MemorySystem::Write:528: unmapped Write8 0x00000000 @ 0x00000B6F at PC 0x010F3548
[   4.414287] HW.Memory <Error> core\memory.cpp:Memory::MemorySystem::Write:528: unmapped Write8 0x00000000 @ 0x00000B70 at PC 0x010F3548
[   4.414287] HW.Memory <Error> core\memory.cpp:Memory::MemorySystem::Write:528: unmapped Write8 0x00000000 @ 0x00000B71 at PC 0x010F3548
[   4.414288] HW.Memory <Error> core\memory.cpp:Memory::MemorySystem::Write:528: unmapped Write8 0x00000000 @ 0x00000B72 at PC 0x010F3548
[   4.414288] HW.Memory <Error> core\memory.cpp:Memory::MemorySystem::Write:528: unmapped Write8 0x00000000 @ 0x00000B73 at PC 0x010F3548
[   4.414289] HW.Memory <Error> core\memory.cpp:Memory::MemorySystem::Write:528: unmapped Write8 0x00000000 @ 0x00000B74 at PC 0x010F3548
[   4.414289] HW.Memory <Error> core\memory.cpp:Memory::MemorySystem::Write:528: unmapped Write8 0x00000000 @ 0x00000B75 at PC 0x010F3548
[   4.414290] HW.Memory <Error> core\memory.cpp:Memory::MemorySystem::Write:528: unmapped Write8 0x00000000 @ 0x00000B76 at PC 0x010F3548
[   4.414290] HW.Memory <Error> core\memory.cpp:Memory::MemorySystem::Write:528: unmapped Write8 0x00000000 @ 0x00000B77 at PC 0x010F3548
[   4.414291] HW.Memory <Error> core\memory.cpp:Memory::MemorySystem::Write:528: unmapped Write8 0x00000000 @ 0x00000B78 at PC 0x010F3548
[   4.414291] HW.Memory <Error> core\memory.cpp:Memory::MemorySystem::Write:528: unmapped Write8 0x00000000 @ 0x00000B79 at PC 0x010F3548
[   4.414292] HW.Memory <Error> core\memory.cpp:Memory::MemorySystem::Write:528: unmapped Write8 0x00000000 @ 0x00000B7A at PC 0x010F3548
[   4.414292] HW.Memory <Error> core\memory.cpp:Memory::MemorySystem::Write:528: unmapped Write8 0x00000000 @ 0x00000B7B at PC 0x010F3548
[   4.414293] HW.Memory <Error> core\memory.cpp:Memory::MemorySystem::Write:528: unmapped Write8 0x00000000 @ 0x00000B7C at PC 0x010F3548
[   4.414293] HW.Memory <Error> core\memory.cpp:Memory::MemorySystem::Write:528: unmapped Write8 0x00000000 @ 0x00000B7D at PC 0x010F3548
[   4.414294] HW.Memory <Error> core\memory.cpp:Memory::MemorySystem::Write:528: unmapped Write8 0x00000000 @ 0x00000B7E at PC 0x010F3548
[   4.414294] HW.Memory <Error> core\memory.cpp:Memory::MemorySystem::Write:528: unmapped Write8 0x00000000 @ 0x00000B7F at PC 0x010F3548
[   4.414295] HW.Memory <Error> core\memory.cpp:Memory::MemorySystem::Write:528: unmapped Write8 0x00000000 @ 0x00000B80 at PC 0x010F3548
[   4.414295] HW.Memory <Error> core\memory.cpp:Memory::MemorySystem::Write:528: unmapped Write8 0x00000000 @ 0x00000B81 at PC 0x010F3548
[   4.414296] HW.Memory <Error> core\memory.cpp:Memory::MemorySystem::Write:528: unmapped Write8 0x00000000 @ 0x00000B82 at PC 0x010F3548
[   4.414296] HW.Memory <Error> core\memory.cpp:Memory::MemorySystem::Write:528: unmapped Write8 0x00000000 @ 0x00000B83 at PC 0x010F3548
[   4.414297] HW.Memory <Error> core\memory.cpp:Memory::MemorySystem::Write:528: unmapped Write8 0x00000000 @ 0x00000B84 at PC 0x010F3548
[   4.414297] HW.Memory <Error> core\memory.cpp:Memory::MemorySystem::Write:528: unmapped Write8 0x00000000 @ 0x00000B85 at PC 0x010F3548
[   4.414298] HW.Memory <Error> core\memory.cpp:Memory::MemorySystem::Write:528: unmapped Write8 0x00000000 @ 0x00000B86 at PC 0x010F3548
[   4.414298] HW.Memory <Error> core\memory.cpp:Memory::MemorySystem::Write:528: unmapped Write8 0x00000000 @ 0x00000B87 at PC 0x010F3548
[   4.414299] HW.Memory <Error> core\memory.cpp:Memory::MemorySystem::Write:528: unmapped Write8 0x00000000 @ 0x00000B88 at PC 0x010F3548
[   4.414299] HW.Memory <Error> core\memory.cpp:Memory::MemorySystem::Write:528: unmapped Write8 0x00000000 @ 0x00000B89 at PC 0x010F3548
[   4.414300] HW.Memory <Error> core\memory.cpp:Memory::MemorySystem::Write:528: unmapped Write8 0x00000000 @ 0x00000B8A at PC 0x010F3548
[   4.414300] HW.Memory <Error> core\memory.cpp:Memory::MemorySystem::Write:528: unmapped Write8 0x00000000 @ 0x00000B8B at PC 0x010F3548
[   4.414300] HW.Memory <Error> core\memory.cpp:Memory::MemorySystem::Write:528: unmapped Write8 0x00000000 @ 0x00000B8C at PC 0x010F3548
[   4.414301] HW.Memory <Error> core\memory.cpp:Memory::MemorySystem::Write:528: unmapped Write8 0x00000000 @ 0x00000B8D at PC 0x010F3548
[   4.414301] HW.Memory <Error> core\memory.cpp:Memory::MemorySystem::Write:528: unmapped Write8 0x00000000 @ 0x00000B8E at PC 0x010F3548
[   4.414302] HW.Memory <Error> core\memory.cpp:Memory::MemorySystem::Write:528: unmapped Write8 0x00000000 @ 0x00000B8F at PC 0x010F3548
[   4.414302] HW.Memory <Error> core\memory.cpp:Memory::MemorySystem::Write:528: unmapped Write8 0x00000000 @ 0x00000B90 at PC 0x010F3548
[   4.414303] HW.Memory <Error> core\memory.cpp:Memory::MemorySystem::Write:528: unmapped Write8 0x00000000 @ 0x00000B91 at PC 0x010F3548
[   4.414303] HW.Memory <Error> core\memory.cpp:Memory::MemorySystem::Write:528: unmapped Write8 0x00000000 @ 0x00000B92 at PC 0x010F3548
[   4.414304] HW.Memory <Error> core\memory.cpp:Memory::MemorySystem::Write:528: unmapped Write8 0x00000000 @ 0x00000B93 at PC 0x010F3548
[   4.414304] HW.Memory <Error> core\memory.cpp:Memory::MemorySystem::Write:528: unmapped Write8 0x00000000 @ 0x00000B94 at PC 0x010F3548
[   4.414305] HW.Memory <Error> core\memory.cpp:Memory::MemorySystem::Write:528: unmapped Write8 0x00000000 @ 0x00000B95 at PC 0x010F3548
[   4.414305] HW.Memory <Error> core\memory.cpp:Memory::MemorySystem::Write:528: unmapped Write8 0x00000000 @ 0x00000B96 at PC 0x010F3548
[   4.414306] HW.Memory <Error> core\memory.cpp:Memory::MemorySystem::Write:528: unmapped Write8 0x00000000 @ 0x00000B97 at PC 0x010F3548
[   4.414306] HW.Memory <Error> core\memory.cpp:Memory::MemorySystem::Write:528: unmapped Write8 0x00000000 @ 0x00000B98 at PC 0x010F3548
[   4.414307] HW.Memory <Error> core\memory.cpp:Memory::MemorySystem::Write:528: unmapped Write8 0x00000000 @ 0x00000B99 at PC 0x010F3548
[   4.414307] HW.Memory <Error> core\memory.cpp:Memory::MemorySystem::Write:528: unmapped Write8 0x00000000 @ 0x00000B9A at PC 0x010F3548
[   4.414308] HW.Memory <Error> core\memory.cpp:Memory::MemorySystem::Write:528: unmapped Write8 0x00000000 @ 0x00000B9B at PC 0x010F3548
[   4.414309] HW.Memory <Error> core\memory.cpp:Memory::MemorySystem::Write:528: unmapped Write8 0x00000000 @ 0x00000B9C at PC 0x010F3548
[   4.414309] HW.Memory <Error> core\memory.cpp:Memory::MemorySystem::Write:528: unmapped Write8 0x00000000 @ 0x00000B9D at PC 0x010F3548
[   4.414309] HW.Memory <Error> core\memory.cpp:Memory::MemorySystem::Write:528: unmapped Write8 0x00000000 @ 0x00000B9E at PC 0x010F3548
[   4.414310] HW.Memory <Error> core\memory.cpp:Memory::MemorySystem::Write:528: unmapped Write8 0x00000000 @ 0x00000B9F at PC 0x010F3548
[   4.414310] HW.Memory <Error> core\memory.cpp:Memory::MemorySystem::Write:528: unmapped Write8 0x00000000 @ 0x00000BA0 at PC 0x010F3548
[   4.414311] HW.Memory <Error> core\memory.cpp:Memory::MemorySystem::Write:528: unmapped Write8 0x00000000 @ 0x00000BA1 at PC 0x010F3548
[   4.414311] HW.Memory <Error> core\memory.cpp:Memory::MemorySystem::Write:528: unmapped Write8 0x00000000 @ 0x00000BA2 at PC 0x010F3548
[   4.414312] HW.Memory <Error> core\memory.cpp:Memory::MemorySystem::Write:528: unmapped Write8 0x00000000 @ 0x00000BA3 at PC 0x010F3548
[   4.414312] HW.Memory <Error> core\memory.cpp:Memory::MemorySystem::Write:528: unmapped Write8 0x00000000 @ 0x00000BA4 at PC 0x010F3548
[   4.414313] HW.Memory <Error> core\memory.cpp:Memory::MemorySystem::Write:528: unmapped Write8 0x00000000 @ 0x00000BA5 at PC 0x010F3548
[   4.414313] HW.Memory <Error> core\memory.cpp:Memory::MemorySystem::Write:528: unmapped Write8 0x00000000 @ 0x00000BA6 at PC 0x010F3548
[   4.414314] HW.Memory <Error> core\memory.cpp:Memory::MemorySystem::Write:528: unmapped Write8 0x00000000 @ 0x00000BA7 at PC 0x010F3548
[   4.414314] HW.Memory <Error> core\memory.cpp:Memory::MemorySystem::Write:528: unmapped Write8 0x00000000 @ 0x00000BA8 at PC 0x010F3548
[   4.414315] HW.Memory <Error> core\memory.cpp:Memory::MemorySystem::Write:528: unmapped Write8 0x00000000 @ 0x00000BA9 at PC 0x010F3548
[   4.414315] HW.Memory <Error> core\memory.cpp:Memory::MemorySystem::Write:528: unmapped Write8 0x00000000 @ 0x00000BAA at PC 0x010F3548
[   4.414316] HW.Memory <Error> core\memory.cpp:Memory::MemorySystem::Write:528: unmapped Write8 0x00000000 @ 0x00000BAB at PC 0x010F3548
[   4.414316] HW.Memory <Error> core\memory.cpp:Memory::MemorySystem::Write:528: unmapped Write8 0x00000000 @ 0x00000BAC at PC 0x010F3548
[   4.414317] HW.Memory <Error> core\memory.cpp:Memory::MemorySystem::Write:528: unmapped Write8 0x00000000 @ 0x00000BAD at PC 0x010F3548
[   4.414317] HW.Memory <Error> core\memory.cpp:Memory::MemorySystem::Write:528: unmapped Write8 0x00000000 @ 0x00000BAE at PC 0x010F3548
[   4.414318] HW.Memory <Error> core\memory.cpp:Memory::MemorySystem::Write:528: unmapped Write8 0x00000000 @ 0x00000BAF at PC 0x010F3548
[   4.414318] HW.Memory <Error> core\memory.cpp:Memory::MemorySystem::Write:528: unmapped Write8 0x00000000 @ 0x00000BB0 at PC 0x010F3548
[   4.414319] HW.Memory <Error> core\memory.cpp:Memory::MemorySystem::Write:528: unmapped Write8 0x00000000 @ 0x00000BB1 at PC 0x010F3548
[   4.414319] HW.Memory <Error> core\memory.cpp:Memory::MemorySystem::Write:528: unmapped Write8 0x00000000 @ 0x00000BB2 at PC 0x010F3548
[   4.414320] HW.Memory <Error> core\memory.cpp:Memory::MemorySystem::Write:528: unmapped Write8 0x00000000 @ 0x00000BB3 at PC 0x010F3548
[   4.414320] HW.Memory <Error> core\memory.cpp:Memory::MemorySystem::Write:528: unmapped Write8 0x00000000 @ 0x00000BB4 at PC 0x010F3548
[   4.414321] HW.Memory <Error> core\memory.cpp:Memory::MemorySystem::Write:528: unmapped Write8 0x00000000 @ 0x00000BB5 at PC 0x010F3548
[   4.414321] HW.Memory <Error> core\memory.cpp:Memory::MemorySystem::Write:528: unmapped Write8 0x00000000 @ 0x00000BB6 at PC 0x010F3548
[   4.414322] HW.Memory <Error> core\memory.cpp:Memory::MemorySystem::Write:528: unmapped Write8 0x00000000 @ 0x00000BB7 at PC 0x010F3548
[   4.414322] HW.Memory <Error> core\memory.cpp:Memory::MemorySystem::Write:528: unmapped Write8 0x00000000 @ 0x00000BB8 at PC 0x010F3548
[   4.414322] HW.Memory <Error> core\memory.cpp:Memory::MemorySystem::Write:528: unmapped Write8 0x00000000 @ 0x00000BB9 at PC 0x010F3548
[   4.414323] HW.Memory <Error> core\memory.cpp:Memory::MemorySystem::Write:528: unmapped Write8 0x00000000 @ 0x00000BBA at PC 0x010F3548
[   4.414323] HW.Memory <Error> core\memory.cpp:Memory::MemorySystem::Write:528: unmapped Write8 0x00000000 @ 0x00000BBB at PC 0x010F3548
[   4.414324] HW.Memory <Error> core\memory.cpp:Memory::MemorySystem::Write:528: unmapped Write8 0x00000000 @ 0x00000BBC at PC 0x010F3548
[   4.414324] HW.Memory <Error> core\memory.cpp:Memory::MemorySystem::Write:528: unmapped Write8 0x00000000 @ 0x00000BBD at PC 0x010F3548
[   4.414325] HW.Memory <Error> core\memory.cpp:Memory::MemorySystem::Write:528: unmapped Write8 0x00000000 @ 0x00000BBE at PC 0x010F3548
[   4.414325] HW.Memory <Error> core\memory.cpp:Memory::MemorySystem::Write:528: unmapped Write8 0x00000000 @ 0x00000BBF at PC 0x010F3548
[   4.414326] HW.Memory <Error> core\memory.cpp:Memory::MemorySystem::Write:528: unmapped Write8 0x00000000 @ 0x00000BC0 at PC 0x010F3548
[   4.414326] HW.Memory <Error> core\memory.cpp:Memory::MemorySystem::Write:528: unmapped Write8 0x00000000 @ 0x00000BC1 at PC 0x010F3548
[   4.414327] HW.Memory <Error> core\memory.cpp:Memory::MemorySystem::Write:528: unmapped Write8 0x00000000 @ 0x00000BC2 at PC 0x010F3548
[   4.414327] HW.Memory <Error> core\memory.cpp:Memory::MemorySystem::Write:528: unmapped Write8 0x00000000 @ 0x00000BC3 at PC 0x010F3548
[   4.414328] HW.Memory <Error> core\memory.cpp:Memory::MemorySystem::Write:528: unmapped Write8 0x00000000 @ 0x00000BC4 at PC 0x010F3548
[   4.414328] HW.Memory <Error> core\memory.cpp:Memory::MemorySystem::Write:528: unmapped Write8 0x00000000 @ 0x00000BC5 at PC 0x010F3548
[   4.414329] HW.Memory <Error> core\memory.cpp:Memory::MemorySystem::Write:528: unmapped Write8 0x00000000 @ 0x00000BC6 at PC 0x010F3548
[   4.414329] HW.Memory <Error> core\memory.cpp:Memory::MemorySystem::Write:528: unmapped Write8 0x00000000 @ 0x00000BC7 at PC 0x010F3548
[   4.414330] HW.Memory <Error> core\memory.cpp:Memory::MemorySystem::Write:528: unmapped Write8 0x00000000 @ 0x00000BC8 at PC 0x010F3548
[   4.414330] HW.Memory <Error> core\memory.cpp:Memory::MemorySystem::Write:528: unmapped Write8 0x00000000 @ 0x00000BC9 at PC 0x010F3548
[   4.414331] HW.Memory <Error> core\memory.cpp:Memory::MemorySystem::Write:528: unmapped Write8 0x00000000 @ 0x00000BCA at PC 0x010F3548
[   4.414331] HW.Memory <Error> core\memory.cpp:Memory::MemorySystem::Write:528: unmapped Write8 0x00000000 @ 0x00000BCB at PC 0x010F3548
[   4.414332] HW.Memory <Error> core\memory.cpp:Memory::MemorySystem::Write:528: unmapped Write8 0x00000000 @ 0x00000BCC at PC 0x010F3548
[   4.414332] HW.Memory <Error> core\memory.cpp:Memory::MemorySystem::Write:528: unmapped Write8 0x00000000 @ 0x00000BCD at PC 0x010F3548
[   4.414333] HW.Memory <Error> core\memory.cpp:Memory::MemorySystem::Write:528: unmapped Write8 0x00000000 @ 0x00000BCE at PC 0x010F3548
[   4.414333] HW.Memory <Error> core\memory.cpp:Memory::MemorySystem::Write:528: unmapped Write8 0x00000000 @ 0x00000BCF at PC 0x010F3548
[   4.414334] HW.Memory <Error> core\memory.cpp:Memory::MemorySystem::Write:528: unmapped Write8 0x00000000 @ 0x00000BD0 at PC 0x010F3548
[   4.414334] HW.Memory <Error> core\memory.cpp:Memory::MemorySystem::Write:528: unmapped Write8 0x00000000 @ 0x00000BD1 at PC 0x010F3548
[   4.414335] HW.Memory <Error> core\memory.cpp:Memory::MemorySystem::Write:528: unmapped Write8 0x00000000 @ 0x00000BD2 at PC 0x010F3548
[   4.414335] HW.Memory <Error> core\memory.cpp:Memory::MemorySystem::Write:528: unmapped Write8 0x00000000 @ 0x00000BD3 at PC 0x010F3548
[   4.414336] HW.Memory <Error> core\memory.cpp:Memory::MemorySystem::Write:528: unmapped Write8 0x00000000 @ 0x00000BD4 at PC 0x010F3548
[   4.414336] HW.Memory <Error> core\memory.cpp:Memory::MemorySystem::Write:528: unmapped Write8 0x00000000 @ 0x00000BD5 at PC 0x010F3548
[   4.414337] HW.Memory <Error> core\memory.cpp:Memory::MemorySystem::Write:528: unmapped Write8 0x00000000 @ 0x00000BD6 at PC 0x010F3548
[   4.414337] HW.Memory <Error> core\memory.cpp:Memory::MemorySystem::Write:528: unmapped Write8 0x00000000 @ 0x00000BD7 at PC 0x010F3548
[   4.414338] HW.Memory <Error> core\memory.cpp:Memory::MemorySystem::Write:528: unmapped Write8 0x00000000 @ 0x00000BD8 at PC 0x010F3548
[   4.414338] HW.Memory <Error> core\memory.cpp:Memory::MemorySystem::Write:528: unmapped Write8 0x00000000 @ 0x00000BD9 at PC 0x010F3548
[   4.414339] HW.Memory <Error> core\memory.cpp:Memory::MemorySystem::Write:528: unmapped Write8 0x00000000 @ 0x00000BDA at PC 0x010F3548
[   4.414339] HW.Memory <Error> core\memory.cpp:Memory::MemorySystem::Write:528: unmapped Write8 0x00000000 @ 0x00000BDB at PC 0x010F3548
[   4.414340] HW.Memory <Error> core\memory.cpp:Memory::MemorySystem::Write:528: unmapped Write8 0x00000000 @ 0x00000BDC at PC 0x010F3548
[   4.414340] HW.Memory <Error> core\memory.cpp:Memory::MemorySystem::Write:528: unmapped Write8 0x00000000 @ 0x00000BDD at PC 0x010F3548
[   4.414341] HW.Memory <Error> core\memory.cpp:Memory::MemorySystem::Write:528: unmapped Write8 0x00000000 @ 0x00000BDE at PC 0x010F3548
[   4.414341] HW.Memory <Error> core\memory.cpp:Memory::MemorySystem::Write:528: unmapped Write8 0x00000000 @ 0x00000BDF at PC 0x010F3548
[   4.414342] HW.Memory <Error> core\memory.cpp:Memory::MemorySystem::Write:528: unmapped Write8 0x00000000 @ 0x00000BE0 at PC 0x010F3548
[   4.414342] HW.Memory <Error> core\memory.cpp:Memory::MemorySystem::Write:528: unmapped Write8 0x00000000 @ 0x00000BE1 at PC 0x010F3548
[   4.414343] HW.Memory <Error> core\memory.cpp:Memory::MemorySystem::Write:528: unmapped Write8 0x00000000 @ 0x00000BE2 at PC 0x010F3548
[   4.414343] HW.Memory <Error> core\memory.cpp:Memory::MemorySystem::Write:528: unmapped Write8 0x00000000 @ 0x00000BE3 at PC 0x010F3548
[   4.414344] HW.Memory <Error> core\memory.cpp:Memory::MemorySystem::Write:528: unmapped Write8 0x00000000 @ 0x00000BE4 at PC 0x010F3548
[   4.414344] HW.Memory <Error> core\memory.cpp:Memory::MemorySystem::Write:528: unmapped Write8 0x00000000 @ 0x00000BE5 at PC 0x010F3548
[   4.414345] HW.Memory <Error> core\memory.cpp:Memory::MemorySystem::Write:528: unmapped Write8 0x00000000 @ 0x00000BE6 at PC 0x010F3548
[   4.414345] HW.Memory <Error> core\memory.cpp:Memory::MemorySystem::Write:528: unmapped Write8 0x00000000 @ 0x00000BE7 at PC 0x010F3548
[   4.414346] HW.Memory <Error> core\memory.cpp:Memory::MemorySystem::Write:528: unmapped Write8 0x00000000 @ 0x00000BE8 at PC 0x010F3548
[   4.414346] HW.Memory <Error> core\memory.cpp:Memory::MemorySystem::Write:528: unmapped Write8 0x00000000 @ 0x00000BE9 at PC 0x010F3548
[   4.414347] HW.Memory <Error> core\memory.cpp:Memory::MemorySystem::Write:528: unmapped Write8 0x00000000 @ 0x00000BEA at PC 0x010F3548
[   4.414347] HW.Memory <Error> core\memory.cpp:Memory::MemorySystem::Write:528: unmapped Write8 0x00000000 @ 0x00000BEB at PC 0x010F3548
[   4.414348] HW.Memory <Error> core\memory.cpp:Memory::MemorySystem::Write:528: unmapped Write8 0x00000000 @ 0x00000BEC at PC 0x010F3548
[   4.414348] HW.Memory <Error> core\memory.cpp:Memory::MemorySystem::Write:528: unmapped Write8 0x00000000 @ 0x00000BED at PC 0x010F3548
[   4.414349] HW.Memory <Error> core\memory.cpp:Memory::MemorySystem::Write:528: unmapped Write8 0x00000000 @ 0x00000BEE at PC 0x010F3548
[   4.414349] HW.Memory <Error> core\memory.cpp:Memory::MemorySystem::Write:528: unmapped Write8 0x00000000 @ 0x00000BEF at PC 0x010F3548
[   4.414349] HW.Memory <Error> core\memory.cpp:Memory::MemorySystem::Write:528: unmapped Write8 0x00000000 @ 0x00000BF0 at PC 0x010F3548
[   4.414350] HW.Memory <Error> core\memory.cpp:Memory::MemorySystem::Write:528: unmapped Write8 0x00000000 @ 0x00000BF1 at PC 0x010F3548
[   4.414350] HW.Memory <Error> core\memory.cpp:Memory::MemorySystem::Write:528: unmapped Write8 0x00000000 @ 0x00000BF2 at PC 0x010F3548
[   4.414351] HW.Memory <Error> core\memory.cpp:Memory::MemorySystem::Write:528: unmapped Write8 0x00000000 @ 0x00000BF3 at PC 0x010F3548
[   4.414351] HW.Memory <Error> core\memory.cpp:Memory::MemorySystem::Write:528: unmapped Write8 0x00000000 @ 0x00000BF4 at PC 0x010F3548
[   4.414352] HW.Memory <Error> core\memory.cpp:Memory::MemorySystem::Write:528: unmapped Write8 0x00000000 @ 0x00000BF5 at PC 0x010F3548
[   4.414352] HW.Memory <Error> core\memory.cpp:Memory::MemorySystem::Write:528: unmapped Write8 0x00000000 @ 0x00000BF6 at PC 0x010F3548
[   4.414353] HW.Memory <Error> core\memory.cpp:Memory::MemorySystem::Write:528: unmapped Write8 0x00000000 @ 0x00000BF7 at PC 0x010F3548
[   4.414353] HW.Memory <Error> core\memory.cpp:Memory::MemorySystem::Write:528: unmapped Write8 0x00000000 @ 0x00000BF8 at PC 0x010F3548
[   4.414354] HW.Memory <Error> core\memory.cpp:Memory::MemorySystem::Write:528: unmapped Write8 0x00000000 @ 0x00000BF9 at PC 0x010F3548
[   4.414354] HW.Memory <Error> core\memory.cpp:Memory::MemorySystem::Write:528: unmapped Write8 0x00000000 @ 0x00000BFA at PC 0x010F3548
[   4.414355] HW.Memory <Error> core\memory.cpp:Memory::MemorySystem::Write:528: unmapped Write8 0x00000000 @ 0x00000BFB at PC 0x010F3548
[   4.414355] HW.Memory <Error> core\memory.cpp:Memory::MemorySystem::Write:528: unmapped Write8 0x00000000 @ 0x00000BFC at PC 0x010F3548
[   4.414356] HW.Memory <Error> core\memory.cpp:Memory::MemorySystem::Write:528: unmapped Write8 0x00000000 @ 0x00000BFD at PC 0x010F3548
[   4.414356] HW.Memory <Error> core\memory.cpp:Memory::MemorySystem::Write:528: unmapped Write8 0x00000000 @ 0x00000BFE at PC 0x010F3548
[   4.414357] HW.Memory <Error> core\memory.cpp:Memory::MemorySystem::Write:528: unmapped Write8 0x00000000 @ 0x00000BFF at PC 0x010F3548
[   4.414357] HW.Memory <Error> core\memory.cpp:Memory::MemorySystem::Write:528: unmapped Write8 0x00000000 @ 0x00000C00 at PC 0x010F3548
[   4.414358] HW.Memory <Error> core\memory.cpp:Memory::MemorySystem::Write:528: unmapped Write8 0x00000000 @ 0x00000C01 at PC 0x010F3548
[   4.414358] HW.Memory <Error> core\memory.cpp:Memory::MemorySystem::Write:528: unmapped Write8 0x00000000 @ 0x00000C02 at PC 0x010F3548
[   4.414359] HW.Memory <Error> core\memory.cpp:Memory::MemorySystem::Write:528: unmapped Write8 0x00000000 @ 0x00000C03 at PC 0x010F3548
[   4.414359] HW.Memory <Error> core\memory.cpp:Memory::MemorySystem::Write:528: unmapped Write8 0x00000000 @ 0x00000C04 at PC 0x010F3548
[   4.414360] HW.Memory <Error> core\memory.cpp:Memory::MemorySystem::Write:528: unmapped Write8 0x00000000 @ 0x00000C05 at PC 0x010F3548
[   4.414360] HW.Memory <Error> core\memory.cpp:Memory::MemorySystem::Write:528: unmapped Write8 0x00000000 @ 0x00000C06 at PC 0x010F3548
[   4.414361] HW.Memory <Error> core\memory.cpp:Memory::MemorySystem::Write:528: unmapped Write8 0x00000000 @ 0x00000C07 at PC 0x010F3548
[   4.414361] HW.Memory <Error> core\memory.cpp:Memory::MemorySystem::Write:528: unmapped Write8 0x00000000 @ 0x00000C08 at PC 0x010F3548
[   4.414362] HW.Memory <Error> core\memory.cpp:Memory::MemorySystem::Write:528: unmapped Write8 0x00000000 @ 0x00000C09 at PC 0x010F3548
[   4.414362] HW.Memory <Error> core\memory.cpp:Memory::MemorySystem::Write:528: unmapped Write8 0x00000000 @ 0x00000C0A at PC 0x010F3548
[   4.414363] HW.Memory <Error> core\memory.cpp:Memory::MemorySystem::Write:528: unmapped Write8 0x00000000 @ 0x00000C0B at PC 0x010F3548
[   4.414363] HW.Memory <Error> core\memory.cpp:Memory::MemorySystem::Write:528: unmapped Write8 0x00000000 @ 0x00000C0C at PC 0x010F3548
[   4.414364] HW.Memory <Error> core\memory.cpp:Memory::MemorySystem::Write:528: unmapped Write8 0x00000000 @ 0x00000C0D at PC 0x010F3548
[   4.414364] HW.Memory <Error> core\memory.cpp:Memory::MemorySystem::Write:528: unmapped Write8 0x00000000 @ 0x00000C0E at PC 0x010F3548
[   4.414365] HW.Memory <Error> core\memory.cpp:Memory::MemorySystem::Write:528: unmapped Write8 0x00000000 @ 0x00000C0F at PC 0x010F3548
[   4.414365] HW.Memory <Error> core\memory.cpp:Memory::MemorySystem::Write:528: unmapped Write8 0x00000000 @ 0x00000C10 at PC 0x010F3548
[   4.414366] HW.Memory <Error> core\memory.cpp:Memory::MemorySystem::Write:528: unmapped Write8 0x00000000 @ 0x00000C11 at PC 0x010F3548
[   4.414366] HW.Memory <Error> core\memory.cpp:Memory::MemorySystem::Write:528: unmapped Write8 0x00000000 @ 0x00000C12 at PC 0x010F3548
[   4.414367] HW.Memory <Error> core\memory.cpp:Memory::MemorySystem::Write:528: unmapped Write8 0x00000000 @ 0x00000C13 at PC 0x010F3548
[   4.414367] HW.Memory <Error> core\memory.cpp:Memory::MemorySystem::Write:528: unmapped Write8 0x00000000 @ 0x00000C14 at PC 0x010F3548
[   4.414368] HW.Memory <Error> core\memory.cpp:Memory::MemorySystem::Write:528: unmapped Write8 0x00000000 @ 0x00000C15 at PC 0x010F3548
[   4.414368] HW.Memory <Error> core\memory.cpp:Memory::MemorySystem::Write:528: unmapped Write8 0x00000000 @ 0x00000C16 at PC 0x010F3548
[   4.414369] HW.Memory <Error> core\memory.cpp:Memory::MemorySystem::Write:528: unmapped Write8 0x00000000 @ 0x00000C17 at PC 0x010F3548
[   4.414369] HW.Memory <Error> core\memory.cpp:Memory::MemorySystem::Write:528: unmapped Write8 0x00000000 @ 0x00000C18 at PC 0x010F3548
[   4.414370] HW.Memory <Error> core\memory.cpp:Memory::MemorySystem::Write:528: unmapped Write8 0x00000000 @ 0x00000C19 at PC 0x010F3548
[   4.414370] HW.Memory <Error> core\memory.cpp:Memory::MemorySystem::Write:528: unmapped Write8 0x00000000 @ 0x00000C1A at PC 0x010F3548
[   4.414371] HW.Memory <Error> core\memory.cpp:Memory::MemorySystem::Write:528: unmapped Write8 0x00000000 @ 0x00000C1B at PC 0x010F3548
[   4.414371] HW.Memory <Error> core\memory.cpp:Memory::MemorySystem::Write:528: unmapped Write8 0x00000000 @ 0x00000C1C at PC 0x010F3548
[   4.414372] HW.Memory <Error> core\memory.cpp:Memory::MemorySystem::Write:528: unmapped Write8 0x00000000 @ 0x00000C1D at PC 0x010F3548
[   4.414372] HW.Memory <Error> core\memory.cpp:Memory::MemorySystem::Write:528: unmapped Write8 0x00000000 @ 0x00000C1E at PC 0x010F3548
[   4.414373] HW.Memory <Error> core\memory.cpp:Memory::MemorySystem::Write:528: unmapped Write8 0x00000000 @ 0x00000C1F at PC 0x010F3548
[   4.414373] HW.Memory <Error> core\memory.cpp:Memory::MemorySystem::Write:528: unmapped Write8 0x00000000 @ 0x00000C20 at PC 0x010F3548
[   4.414374] HW.Memory <Error> core\memory.cpp:Memory::MemorySystem::Write:528: unmapped Write8 0x00000000 @ 0x00000C21 at PC 0x010F3548
[   4.414374] HW.Memory <Error> core\memory.cpp:Memory::MemorySystem::Write:528: unmapped Write8 0x00000000 @ 0x00000C22 at PC 0x010F3548
[   4.414375] HW.Memory <Error> core\memory.cpp:Memory::MemorySystem::Write:528: unmapped Write8 0x00000000 @ 0x00000C23 at PC 0x010F3548
[   4.414375] HW.Memory <Error> core\memory.cpp:Memory::MemorySystem::Write:528: unmapped Write8 0x00000000 @ 0x00000C24 at PC 0x010F3548
[   4.414376] HW.Memory <Error> core\memory.cpp:Memory::MemorySystem::Write:528: unmapped Write8 0x00000000 @ 0x00000C25 at PC 0x010F3548
[   4.414376] HW.Memory <Error> core\memory.cpp:Memory::MemorySystem::Write:528: unmapped Write8 0x00000000 @ 0x00000C26 at PC 0x010F3548
[   4.414377] HW.Memory <Error> core\memory.cpp:Memory::MemorySystem::Write:528: unmapped Write8 0x00000000 @ 0x00000C27 at PC 0x010F3548
[   4.414430] HW.Memory <Error> core\memory.cpp:Memory::MemorySystem::Read:479: unmapped Read8 @ 0x00000C28 at PC 0x010F348C
[   4.414522] HW.Memory <Error> core\memory.cpp:Memory::MemorySystem::Read:479: unmapped Read8 @ 0x00000828 at PC 0x010F04C8
[   4.414653] HW.Memory <Error> core\memory.cpp:Memory::MemorySystem::Write:528: unmapped Write16 0x00000000 @ 0x00000024 at PC 0x010F34E8
[   4.414916] HW.Memory <Error> core\memory.cpp:Memory::MemorySystem::Impl::ReadBlockImpl:178: unmapped ReadBlock @ 0x00000024 (start address = 0x00000024, size = 2) at PC 0x010F0A78
[   4.414934] Service.FS <Error> core\file_sys\archive_sdmc.cpp:FileSys::SDMCArchive::DeleteFile:119: Invalid path [Wchar: ]
[   4.415531] HW.Memory <Error> core\memory.cpp:Memory::MemorySystem::Write:528: unmapped Write8 0x0000002F @ 0x00000828 at PC 0x010F3548
[   4.415531] HW.Memory <Error> core\memory.cpp:Memory::MemorySystem::Write:528: unmapped Write8 0x0000006F @ 0x00000829 at PC 0x010F3548
[   4.415532] HW.Memory <Error> core\memory.cpp:Memory::MemorySystem::Write:528: unmapped Write8 0x00000070 @ 0x0000082A at PC 0x010F3548
[   4.415532] HW.Memory <Error> core\memory.cpp:Memory::MemorySystem::Write:528: unmapped Write8 0x00000065 @ 0x0000082B at PC 0x010F3548
[   4.415533] HW.Memory <Error> core\memory.cpp:Memory::MemorySystem::Write:528: unmapped Write8 0x0000006E @ 0x0000082C at PC 0x010F3548
[   4.415533] HW.Memory <Error> core\memory.cpp:Memory::MemorySystem::Write:528: unmapped Write8 0x00000073 @ 0x0000082D at PC 0x010F3548
[   4.415534] HW.Memory <Error> core\memory.cpp:Memory::MemorySystem::Write:528: unmapped Write8 0x00000062 @ 0x0000082E at PC 0x010F3548
[   4.415534] HW.Memory <Error> core\memory.cpp:Memory::MemorySystem::Write:528: unmapped Write8 0x0000005F @ 0x0000082F at PC 0x010F3548
[   4.415535] HW.Memory <Error> core\memory.cpp:Memory::MemorySystem::Write:528: unmapped Write8 0x0000006D @ 0x00000830 at PC 0x010F3548
[   4.415536] HW.Memory <Error> core\memory.cpp:Memory::MemorySystem::Write:528: unmapped Write8 0x00000061 @ 0x00000831 at PC 0x010F3548
[   4.415536] HW.Memory <Error> core\memory.cpp:Memory::MemorySystem::Write:528: unmapped Write8 0x00000069 @ 0x00000832 at PC 0x010F3548
[   4.415537] HW.Memory <Error> core\memory.cpp:Memory::MemorySystem::Write:528: unmapped Write8 0x0000006E @ 0x00000833 at PC 0x010F3548
[   4.415537] HW.Memory <Error> core\memory.cpp:Memory::MemorySystem::Write:528: unmapped Write8 0x0000002E @ 0x00000834 at PC 0x010F3548
[   4.415538] HW.Memory <Error> core\memory.cpp:Memory::MemorySystem::Write:528: unmapped Write8 0x0000006C @ 0x00000835 at PC 0x010F3548
[   4.415538] HW.Memory <Error> core\memory.cpp:Memory::MemorySystem::Write:528: unmapped Write8 0x0000006F @ 0x00000836 at PC 0x010F3548
[   4.415539] HW.Memory <Error> core\memory.cpp:Memory::MemorySystem::Write:528: unmapped Write8 0x00000067 @ 0x00000837 at PC 0x010F3548
[   4.415539] HW.Memory <Error> core\memory.cpp:Memory::MemorySystem::Write:528: unmapped Write8 0x00000000 @ 0x00000838 at PC 0x010F3548
[   4.415540] HW.Memory <Error> core\memory.cpp:Memory::MemorySystem::Write:528: unmapped Write8 0x00000000 @ 0x00000839 at PC 0x010F3548
[   4.415541] HW.Memory <Error> core\memory.cpp:Memory::MemorySystem::Write:528: unmapped Write8 0x00000000 @ 0x0000083A at PC 0x010F3548
[   4.415541] HW.Memory <Error> core\memory.cpp:Memory::MemorySystem::Write:528: unmapped Write8 0x00000000 @ 0x0000083B at PC 0x010F3548
[   4.415541] HW.Memory <Error> core\memory.cpp:Memory::MemorySystem::Write:528: unmapped Write8 0x00000000 @ 0x0000083C at PC 0x010F3548
[   4.415542] HW.Memory <Error> core\memory.cpp:Memory::MemorySystem::Write:528: unmapped Write8 0x00000000 @ 0x0000083D at PC 0x010F3548
[   4.415543] HW.Memory <Error> core\memory.cpp:Memory::MemorySystem::Write:528: unmapped Write8 0x00000000 @ 0x0000083E at PC 0x010F3548
[   4.415543] HW.Memory <Error> core\memory.cpp:Memory::MemorySystem::Write:528: unmapped Write8 0x00000000 @ 0x0000083F at PC 0x010F3548
[   4.415544] HW.Memory <Error> core\memory.cpp:Memory::MemorySystem::Write:528: unmapped Write8 0x00000000 @ 0x00000840 at PC 0x010F3548
[   4.415544] HW.Memory <Error> core\memory.cpp:Memory::MemorySystem::Write:528: unmapped Write8 0x00000000 @ 0x00000841 at PC 0x010F3548
[   4.415545] HW.Memory <Error> core\memory.cpp:Memory::MemorySystem::Write:528: unmapped Write8 0x00000000 @ 0x00000842 at PC 0x010F3548
[   4.415545] HW.Memory <Error> core\memory.cpp:Memory::MemorySystem::Write:528: unmapped Write8 0x00000000 @ 0x00000843 at PC 0x010F3548
[   4.415546] HW.Memory <Error> core\memory.cpp:Memory::MemorySystem::Write:528: unmapped Write8 0x00000000 @ 0x00000844 at PC 0x010F3548
[   4.415546] HW.Memory <Error> core\memory.cpp:Memory::MemorySystem::Write:528: unmapped Write8 0x00000000 @ 0x00000845 at PC 0x010F3548
[   4.415547] HW.Memory <Error> core\memory.cpp:Memory::MemorySystem::Write:528: unmapped Write8 0x00000000 @ 0x00000846 at PC 0x010F3548
[   4.415547] HW.Memory <Error> core\memory.cpp:Memory::MemorySystem::Write:528: unmapped Write8 0x00000000 @ 0x00000847 at PC 0x010F3548
[   4.415548] HW.Memory <Error> core\memory.cpp:Memory::MemorySystem::Write:528: unmapped Write8 0x00000000 @ 0x00000848 at PC 0x010F3548
[   4.415549] HW.Memory <Error> core\memory.cpp:Memory::MemorySystem::Write:528: unmapped Write8 0x00000000 @ 0x00000849 at PC 0x010F3548
[   4.415549] HW.Memory <Error> core\memory.cpp:Memory::MemorySystem::Write:528: unmapped Write8 0x00000000 @ 0x0000084A at PC 0x010F3548
[   4.415550] HW.Memory <Error> core\memory.cpp:Memory::MemorySystem::Write:528: unmapped Write8 0x00000000 @ 0x0000084B at PC 0x010F3548
[   4.415550] HW.Memory <Error> core\memory.cpp:Memory::MemorySystem::Write:528: unmapped Write8 0x00000000 @ 0x0000084C at PC 0x010F3548
[   4.415551] HW.Memory <Error> core\memory.cpp:Memory::MemorySystem::Write:528: unmapped Write8 0x00000000 @ 0x0000084D at PC 0x010F3548
[   4.415551] HW.Memory <Error> core\memory.cpp:Memory::MemorySystem::Write:528: unmapped Write8 0x00000000 @ 0x0000084E at PC 0x010F3548
[   4.415552] HW.Memory <Error> core\memory.cpp:Memory::MemorySystem::Write:528: unmapped Write8 0x00000000 @ 0x0000084F at PC 0x010F3548
[   4.415552] HW.Memory <Error> core\memory.cpp:Memory::MemorySystem::Write:528: unmapped Write8 0x00000000 @ 0x00000850 at PC 0x010F3548
[   4.415553] HW.Memory <Error> core\memory.cpp:Memory::MemorySystem::Write:528: unmapped Write8 0x00000000 @ 0x00000851 at PC 0x010F3548
[   4.415553] HW.Memory <Error> core\memory.cpp:Memory::MemorySystem::Write:528: unmapped Write8 0x00000000 @ 0x00000852 at PC 0x010F3548
[   4.415554] HW.Memory <Error> core\memory.cpp:Memory::MemorySystem::Write:528: unmapped Write8 0x00000000 @ 0x00000853 at PC 0x010F3548
[   4.415554] HW.Memory <Error> core\memory.cpp:Memory::MemorySystem::Write:528: unmapped Write8 0x00000000 @ 0x00000854 at PC 0x010F3548
[   4.415555] HW.Memory <Error> core\memory.cpp:Memory::MemorySystem::Write:528: unmapped Write8 0x00000000 @ 0x00000855 at PC 0x010F3548
[   4.415555] HW.Memory <Error> core\memory.cpp:Memory::MemorySystem::Write:528: unmapped Write8 0x00000000 @ 0x00000856 at PC 0x010F3548
[   4.415556] HW.Memory <Error> core\memory.cpp:Memory::MemorySystem::Write:528: unmapped Write8 0x00000000 @ 0x00000857 at PC 0x010F3548
[   4.415556] HW.Memory <Error> core\memory.cpp:Memory::MemorySystem::Write:528: unmapped Write8 0x00000000 @ 0x00000858 at PC 0x010F3548
[   4.415557] HW.Memory <Error> core\memory.cpp:Memory::MemorySystem::Write:528: unmapped Write8 0x00000000 @ 0x00000859 at PC 0x010F3548
[   4.415557] HW.Memory <Error> core\memory.cpp:Memory::MemorySystem::Write:528: unmapped Write8 0x00000000 @ 0x0000085A at PC 0x010F3548
[   4.415558] HW.Memory <Error> core\memory.cpp:Memory::MemorySystem::Write:528: unmapped Write8 0x00000000 @ 0x0000085B at PC 0x010F3548
[   4.415558] HW.Memory <Error> core\memory.cpp:Memory::MemorySystem::Write:528: unmapped Write8 0x00000000 @ 0x0000085C at PC 0x010F3548
[   4.415559] HW.Memory <Error> core\memory.cpp:Memory::MemorySystem::Write:528: unmapped Write8 0x00000000 @ 0x0000085D at PC 0x010F3548
[   4.415559] HW.Memory <Error> core\memory.cpp:Memory::MemorySystem::Write:528: unmapped Write8 0x00000000 @ 0x0000085E at PC 0x010F3548
[   4.415560] HW.Memory <Error> core\memory.cpp:Memory::MemorySystem::Write:528: unmapped Write8 0x00000000 @ 0x0000085F at PC 0x010F3548
[   4.415560] HW.Memory <Error> core\memory.cpp:Memory::MemorySystem::Write:528: unmapped Write8 0x00000000 @ 0x00000860 at PC 0x010F3548
[   4.415561] HW.Memory <Error> core\memory.cpp:Memory::MemorySystem::Write:528: unmapped Write8 0x00000000 @ 0x00000861 at PC 0x010F3548
[   4.415561] HW.Memory <Error> core\memory.cpp:Memory::MemorySystem::Write:528: unmapped Write8 0x00000000 @ 0x00000862 at PC 0x010F3548
[   4.415562] HW.Memory <Error> core\memory.cpp:Memory::MemorySystem::Write:528: unmapped Write8 0x00000000 @ 0x00000863 at PC 0x010F3548
[   4.415562] HW.Memory <Error> core\memory.cpp:Memory::MemorySystem::Write:528: unmapped Write8 0x00000000 @ 0x00000864 at PC 0x010F3548
[   4.415563] HW.Memory <Error> core\memory.cpp:Memory::MemorySystem::Write:528: unmapped Write8 0x00000000 @ 0x00000865 at PC 0x010F3548
[   4.415564] HW.Memory <Error> core\memory.cpp:Memory::MemorySystem::Write:528: unmapped Write8 0x00000000 @ 0x00000866 at PC 0x010F3548
[   4.415564] HW.Memory <Error> core\memory.cpp:Memory::MemorySystem::Write:528: unmapped Write8 0x00000000 @ 0x00000867 at PC 0x010F3548
[   4.415565] HW.Memory <Error> core\memory.cpp:Memory::MemorySystem::Write:528: unmapped Write8 0x00000000 @ 0x00000868 at PC 0x010F3548
[   4.415565] HW.Memory <Error> core\memory.cpp:Memory::MemorySystem::Write:528: unmapped Write8 0x00000000 @ 0x00000869 at PC 0x010F3548
[   4.415566] HW.Memory <Error> core\memory.cpp:Memory::MemorySystem::Write:528: unmapped Write8 0x00000000 @ 0x0000086A at PC 0x010F3548
[   4.415566] HW.Memory <Error> core\memory.cpp:Memory::MemorySystem::Write:528: unmapped Write8 0x00000000 @ 0x0000086B at PC 0x010F3548
[   4.415567] HW.Memory <Error> core\memory.cpp:Memory::MemorySystem::Write:528: unmapped Write8 0x00000000 @ 0x0000086C at PC 0x010F3548
[   4.415567] HW.Memory <Error> core\memory.cpp:Memory::MemorySystem::Write:528: unmapped Write8 0x00000000 @ 0x0000086D at PC 0x010F3548
[   4.415568] HW.Memory <Error> core\memory.cpp:Memory::MemorySystem::Write:528: unmapped Write8 0x00000000 @ 0x0000086E at PC 0x010F3548
[   4.415569] HW.Memory <Error> core\memory.cpp:Memory::MemorySystem::Write:528: unmapped Write8 0x00000000 @ 0x0000086F at PC 0x010F3548
[   4.415569] HW.Memory <Error> core\memory.cpp:Memory::MemorySystem::Write:528: unmapped Write8 0x00000000 @ 0x00000870 at PC 0x010F3548
[   4.415570] HW.Memory <Error> core\memory.cpp:Memory::MemorySystem::Write:528: unmapped Write8 0x00000000 @ 0x00000871 at PC 0x010F3548
[   4.415570] HW.Memory <Error> core\memory.cpp:Memory::MemorySystem::Write:528: unmapped Write8 0x00000000 @ 0x00000872 at PC 0x010F3548
[   4.415571] HW.Memory <Error> core\memory.cpp:Memory::MemorySystem::Write:528: unmapped Write8 0x00000000 @ 0x00000873 at PC 0x010F3548
[   4.415571] HW.Memory <Error> core\memory.cpp:Memory::MemorySystem::Write:528: unmapped Write8 0x00000000 @ 0x00000874 at PC 0x010F3548
[   4.415572] HW.Memory <Error> core\memory.cpp:Memory::MemorySystem::Write:528: unmapped Write8 0x00000000 @ 0x00000875 at PC 0x010F3548
[   4.415572] HW.Memory <Error> core\memory.cpp:Memory::MemorySystem::Write:528: unmapped Write8 0x00000000 @ 0x00000876 at PC 0x010F3548
[   4.415573] HW.Memory <Error> core\memory.cpp:Memory::MemorySystem::Write:528: unmapped Write8 0x00000000 @ 0x00000877 at PC 0x010F3548
[   4.415574] HW.Memory <Error> core\memory.cpp:Memory::MemorySystem::Write:528: unmapped Write8 0x00000000 @ 0x00000878 at PC 0x010F3548
[   4.415574] HW.Memory <Error> core\memory.cpp:Memory::MemorySystem::Write:528: unmapped Write8 0x00000000 @ 0x00000879 at PC 0x010F3548
[   4.415575] HW.Memory <Error> core\memory.cpp:Memory::MemorySystem::Write:528: unmapped Write8 0x00000000 @ 0x0000087A at PC 0x010F3548
[   4.415575] HW.Memory <Error> core\memory.cpp:Memory::MemorySystem::Write:528: unmapped Write8 0x00000000 @ 0x0000087B at PC 0x010F3548
[   4.415576] HW.Memory <Error> core\memory.cpp:Memory::MemorySystem::Write:528: unmapped Write8 0x00000000 @ 0x0000087C at PC 0x010F3548
[   4.415577] HW.Memory <Error> core\memory.cpp:Memory::MemorySystem::Write:528: unmapped Write8 0x00000000 @ 0x0000087D at PC 0x010F3548
[   4.415577] HW.Memory <Error> core\memory.cpp:Memory::MemorySystem::Write:528: unmapped Write8 0x00000000 @ 0x0000087E at PC 0x010F3548
[   4.415578] HW.Memory <Error> core\memory.cpp:Memory::MemorySystem::Write:528: unmapped Write8 0x00000000 @ 0x0000087F at PC 0x010F3548
[   4.415578] HW.Memory <Error> core\memory.cpp:Memory::MemorySystem::Write:528: unmapped Write8 0x00000000 @ 0x00000880 at PC 0x010F3548
[   4.415579] HW.Memory <Error> core\memory.cpp:Memory::MemorySystem::Write:528: unmapped Write8 0x00000000 @ 0x00000881 at PC 0x010F3548
[   4.415579] HW.Memory <Error> core\memory.cpp:Memory::MemorySystem::Write:528: unmapped Write8 0x00000000 @ 0x00000882 at PC 0x010F3548
[   4.415580] HW.Memory <Error> core\memory.cpp:Memory::MemorySystem::Write:528: unmapped Write8 0x00000000 @ 0x00000883 at PC 0x010F3548
[   4.415580] HW.Memory <Error> core\memory.cpp:Memory::MemorySystem::Write:528: unmapped Write8 0x00000000 @ 0x00000884 at PC 0x010F3548
[   4.415581] HW.Memory <Error> core\memory.cpp:Memory::MemorySystem::Write:528: unmapped Write8 0x00000000 @ 0x00000885 at PC 0x010F3548
[   4.415582] HW.Memory <Error> core\memory.cpp:Memory::MemorySystem::Write:528: unmapped Write8 0x00000000 @ 0x00000886 at PC 0x010F3548
[   4.415582] HW.Memory <Error> core\memory.cpp:Memory::MemorySystem::Write:528: unmapped Write8 0x00000000 @ 0x00000887 at PC 0x010F3548
[   4.415583] HW.Memory <Error> core\memory.cpp:Memory::MemorySystem::Write:528: unmapped Write8 0x00000000 @ 0x00000888 at PC 0x010F3548
[   4.415583] HW.Memory <Error> core\memory.cpp:Memory::MemorySystem::Write:528: unmapped Write8 0x00000000 @ 0x00000889 at PC 0x010F3548
[   4.415584] HW.Memory <Error> core\memory.cpp:Memory::MemorySystem::Write:528: unmapped Write8 0x00000000 @ 0x0000088A at PC 0x010F3548
[   4.415584] HW.Memory <Error> core\memory.cpp:Memory::MemorySystem::Write:528: unmapped Write8 0x00000000 @ 0x0000088B at PC 0x010F3548
[   4.415585] HW.Memory <Error> core\memory.cpp:Memory::MemorySystem::Write:528: unmapped Write8 0x00000000 @ 0x0000088C at PC 0x010F3548
[   4.415585] HW.Memory <Error> core\memory.cpp:Memory::MemorySystem::Write:528: unmapped Write8 0x00000000 @ 0x0000088D at PC 0x010F3548
[   4.415586] HW.Memory <Error> core\memory.cpp:Memory::MemorySystem::Write:528: unmapped Write8 0x00000000 @ 0x0000088E at PC 0x010F3548
[   4.415586] HW.Memory <Error> core\memory.cpp:Memory::MemorySystem::Write:528: unmapped Write8 0x00000000 @ 0x0000088F at PC 0x010F3548
[   4.415587] HW.Memory <Error> core\memory.cpp:Memory::MemorySystem::Write:528: unmapped Write8 0x00000000 @ 0x00000890 at PC 0x010F3548
[   4.415588] HW.Memory <Error> core\memory.cpp:Memory::MemorySystem::Write:528: unmapped Write8 0x00000000 @ 0x00000891 at PC 0x010F3548
[   4.415588] HW.Memory <Error> core\memory.cpp:Memory::MemorySystem::Write:528: unmapped Write8 0x00000000 @ 0x00000892 at PC 0x010F3548
[   4.415589] HW.Memory <Error> core\memory.cpp:Memory::MemorySystem::Write:528: unmapped Write8 0x00000000 @ 0x00000893 at PC 0x010F3548
[   4.415589] HW.Memory <Error> core\memory.cpp:Memory::MemorySystem::Write:528: unmapped Write8 0x00000000 @ 0x00000894 at PC 0x010F3548
[   4.415590] HW.Memory <Error> core\memory.cpp:Memory::MemorySystem::Write:528: unmapped Write8 0x00000000 @ 0x00000895 at PC 0x010F3548
[   4.415590] HW.Memory <Error> core\memory.cpp:Memory::MemorySystem::Write:528: unmapped Write8 0x00000000 @ 0x00000896 at PC 0x010F3548
[   4.415591] HW.Memory <Error> core\memory.cpp:Memory::MemorySystem::Write:528: unmapped Write8 0x00000000 @ 0x00000897 at PC 0x010F3548
[   4.415591] HW.Memory <Error> core\memory.cpp:Memory::MemorySystem::Write:528: unmapped Write8 0x00000000 @ 0x00000898 at PC 0x010F3548
[   4.415592] HW.Memory <Error> core\memory.cpp:Memory::MemorySystem::Write:528: unmapped Write8 0x00000000 @ 0x00000899 at PC 0x010F3548
[   4.415592] HW.Memory <Error> core\memory.cpp:Memory::MemorySystem::Write:528: unmapped Write8 0x00000000 @ 0x0000089A at PC 0x010F3548
[   4.415593] HW.Memory <Error> core\memory.cpp:Memory::MemorySystem::Write:528: unmapped Write8 0x00000000 @ 0x0000089B at PC 0x010F3548
[   4.415593] HW.Memory <Error> core\memory.cpp:Memory::MemorySystem::Write:528: unmapped Write8 0x00000000 @ 0x0000089C at PC 0x010F3548
[   4.415594] HW.Memory <Error> core\memory.cpp:Memory::MemorySystem::Write:528: unmapped Write8 0x00000000 @ 0x0000089D at PC 0x010F3548
[   4.415594] HW.Memory <Error> core\memory.cpp:Memory::MemorySystem::Write:528: unmapped Write8 0x00000000 @ 0x0000089E at PC 0x010F3548
[   4.415595] HW.Memory <Error> core\memory.cpp:Memory::MemorySystem::Write:528: unmapped Write8 0x00000000 @ 0x0000089F at PC 0x010F3548
[   4.415596] HW.Memory <Error> core\memory.cpp:Memory::MemorySystem::Write:528: unmapped Write8 0x00000000 @ 0x000008A0 at PC 0x010F3548
[   4.415596] HW.Memory <Error> core\memory.cpp:Memory::MemorySystem::Write:528: unmapped Write8 0x00000000 @ 0x000008A1 at PC 0x010F3548
[   4.415597] HW.Memory <Error> core\memory.cpp:Memory::MemorySystem::Write:528: unmapped Write8 0x00000000 @ 0x000008A2 at PC 0x010F3548
[   4.415597] HW.Memory <Error> core\memory.cpp:Memory::MemorySystem::Write:528: unmapped Write8 0x00000000 @ 0x000008A3 at PC 0x010F3548
[   4.415598] HW.Memory <Error> core\memory.cpp:Memory::MemorySystem::Write:528: unmapped Write8 0x00000000 @ 0x000008A4 at PC 0x010F3548
[   4.415598] HW.Memory <Error> core\memory.cpp:Memory::MemorySystem::Write:528: unmapped Write8 0x00000000 @ 0x000008A5 at PC 0x010F3548
[   4.415599] HW.Memory <Error> core\memory.cpp:Memory::MemorySystem::Write:528: unmapped Write8 0x00000000 @ 0x000008A6 at PC 0x010F3548
[   4.415599] HW.Memory <Error> core\memory.cpp:Memory::MemorySystem::Write:528: unmapped Write8 0x00000000 @ 0x000008A7 at PC 0x010F3548
[   4.415600] HW.Memory <Error> core\memory.cpp:Memory::MemorySystem::Write:528: unmapped Write8 0x00000000 @ 0x000008A8 at PC 0x010F3548
[   4.415600] HW.Memory <Error> core\memory.cpp:Memory::MemorySystem::Write:528: unmapped Write8 0x00000000 @ 0x000008A9 at PC 0x010F3548
[   4.415601] HW.Memory <Error> core\memory.cpp:Memory::MemorySystem::Write:528: unmapped Write8 0x00000000 @ 0x000008AA at PC 0x010F3548
[   4.415602] HW.Memory <Error> core\memory.cpp:Memory::MemorySystem::Write:528: unmapped Write8 0x00000000 @ 0x000008AB at PC 0x010F3548
[   4.415602] HW.Memory <Error> core\memory.cpp:Memory::MemorySystem::Write:528: unmapped Write8 0x00000000 @ 0x000008AC at PC 0x010F3548
[   4.415603] HW.Memory <Error> core\memory.cpp:Memory::MemorySystem::Write:528: unmapped Write8 0x00000000 @ 0x000008AD at PC 0x010F3548
[   4.415603] HW.Memory <Error> core\memory.cpp:Memory::MemorySystem::Write:528: unmapped Write8 0x00000000 @ 0x000008AE at PC 0x010F3548
[   4.415604] HW.Memory <Error> core\memory.cpp:Memory::MemorySystem::Write:528: unmapped Write8 0x00000000 @ 0x000008AF at PC 0x010F3548
[   4.415605] HW.Memory <Error> core\memory.cpp:Memory::MemorySystem::Write:528: unmapped Write8 0x00000000 @ 0x000008B0 at PC 0x010F3548
[   4.415605] HW.Memory <Error> core\memory.cpp:Memory::MemorySystem::Write:528: unmapped Write8 0x00000000 @ 0x000008B1 at PC 0x010F3548
[   4.415606] HW.Memory <Error> core\memory.cpp:Memory::MemorySystem::Write:528: unmapped Write8 0x00000000 @ 0x000008B2 at PC 0x010F3548
[   4.415606] HW.Memory <Error> core\memory.cpp:Memory::MemorySystem::Write:528: unmapped Write8 0x00000000 @ 0x000008B3 at PC 0x010F3548
[   4.415607] HW.Memory <Error> core\memory.cpp:Memory::MemorySystem::Write:528: unmapped Write8 0x00000000 @ 0x000008B4 at PC 0x010F3548
[   4.415607] HW.Memory <Error> core\memory.cpp:Memory::MemorySystem::Write:528: unmapped Write8 0x00000000 @ 0x000008B5 at PC 0x010F3548
[   4.415608] HW.Memory <Error> core\memory.cpp:Memory::MemorySystem::Write:528: unmapped Write8 0x00000000 @ 0x000008B6 at PC 0x010F3548
[   4.415608] HW.Memory <Error> core\memory.cpp:Memory::MemorySystem::Write:528: unmapped Write8 0x00000000 @ 0x000008B7 at PC 0x010F3548
[   4.415609] HW.Memory <Error> core\memory.cpp:Memory::MemorySystem::Write:528: unmapped Write8 0x00000000 @ 0x000008B8 at PC 0x010F3548
[   4.415610] HW.Memory <Error> core\memory.cpp:Memory::MemorySystem::Write:528: unmapped Write8 0x00000000 @ 0x000008B9 at PC 0x010F3548
[   4.415610] HW.Memory <Error> core\memory.cpp:Memory::MemorySystem::Write:528: unmapped Write8 0x00000000 @ 0x000008BA at PC 0x010F3548
[   4.415611] HW.Memory <Error> core\memory.cpp:Memory::MemorySystem::Write:528: unmapped Write8 0x00000000 @ 0x000008BB at PC 0x010F3548
[   4.415611] HW.Memory <Error> core\memory.cpp:Memory::MemorySystem::Write:528: unmapped Write8 0x00000000 @ 0x000008BC at PC 0x010F3548
[   4.415612] HW.Memory <Error> core\memory.cpp:Memory::MemorySystem::Write:528: unmapped Write8 0x00000000 @ 0x000008BD at PC 0x010F3548
[   4.415613] HW.Memory <Error> core\memory.cpp:Memory::MemorySystem::Write:528: unmapped Write8 0x00000000 @ 0x000008BE at PC 0x010F3548
[   4.415613] HW.Memory <Error> core\memory.cpp:Memory::MemorySystem::Write:528: unmapped Write8 0x00000000 @ 0x000008BF at PC 0x010F3548
[   4.415614] HW.Memory <Error> core\memory.cpp:Memory::MemorySystem::Write:528: unmapped Write8 0x00000000 @ 0x000008C0 at PC 0x010F3548
[   4.415614] HW.Memory <Error> core\memory.cpp:Memory::MemorySystem::Write:528: unmapped Write8 0x00000000 @ 0x000008C1 at PC 0x010F3548
[   4.415615] HW.Memory <Error> core\memory.cpp:Memory::MemorySystem::Write:528: unmapped Write8 0x00000000 @ 0x000008C2 at PC 0x010F3548
[   4.415615] HW.Memory <Error> core\memory.cpp:Memory::MemorySystem::Write:528: unmapped Write8 0x00000000 @ 0x000008C3 at PC 0x010F3548
[   4.415616] HW.Memory <Error> core\memory.cpp:Memory::MemorySystem::Write:528: unmapped Write8 0x00000000 @ 0x000008C4 at PC 0x010F3548
[   4.415617] HW.Memory <Error> core\memory.cpp:Memory::MemorySystem::Write:528: unmapped Write8 0x00000000 @ 0x000008C5 at PC 0x010F3548
[   4.415617] HW.Memory <Error> core\memory.cpp:Memory::MemorySystem::Write:528: unmapped Write8 0x00000000 @ 0x000008C6 at PC 0x010F3548
[   4.415618] HW.Memory <Error> core\memory.cpp:Memory::MemorySystem::Write:528: unmapped Write8 0x00000000 @ 0x000008C7 at PC 0x010F3548
[   4.415618] HW.Memory <Error> core\memory.cpp:Memory::MemorySystem::Write:528: unmapped Write8 0x00000000 @ 0x000008C8 at PC 0x010F3548
[   4.415619] HW.Memory <Error> core\memory.cpp:Memory::MemorySystem::Write:528: unmapped Write8 0x00000000 @ 0x000008C9 at PC 0x010F3548
[   4.415619] HW.Memory <Error> core\memory.cpp:Memory::MemorySystem::Write:528: unmapped Write8 0x00000000 @ 0x000008CA at PC 0x010F3548
[   4.415620] HW.Memory <Error> core\memory.cpp:Memory::MemorySystem::Write:528: unmapped Write8 0x00000000 @ 0x000008CB at PC 0x010F3548
[   4.415621] HW.Memory <Error> core\memory.cpp:Memory::MemorySystem::Write:528: unmapped Write8 0x00000000 @ 0x000008CC at PC 0x010F3548
[   4.415621] HW.Memory <Error> core\memory.cpp:Memory::MemorySystem::Write:528: unmapped Write8 0x00000000 @ 0x000008CD at PC 0x010F3548
[   4.415622] HW.Memory <Error> core\memory.cpp:Memory::MemorySystem::Write:528: unmapped Write8 0x00000000 @ 0x000008CE at PC 0x010F3548
[   4.415622] HW.Memory <Error> core\memory.cpp:Memory::MemorySystem::Write:528: unmapped Write8 0x00000000 @ 0x000008CF at PC 0x010F3548
[   4.415623] HW.Memory <Error> core\memory.cpp:Memory::MemorySystem::Write:528: unmapped Write8 0x00000000 @ 0x000008D0 at PC 0x010F3548
[   4.415623] HW.Memory <Error> core\memory.cpp:Memory::MemorySystem::Write:528: unmapped Write8 0x00000000 @ 0x000008D1 at PC 0x010F3548
[   4.415624] HW.Memory <Error> core\memory.cpp:Memory::MemorySystem::Write:528: unmapped Write8 0x00000000 @ 0x000008D2 at PC 0x010F3548
[   4.415625] HW.Memory <Error> core\memory.cpp:Memory::MemorySystem::Write:528: unmapped Write8 0x00000000 @ 0x000008D3 at PC 0x010F3548
[   4.415625] HW.Memory <Error> core\memory.cpp:Memory::MemorySystem::Write:528: unmapped Write8 0x00000000 @ 0x000008D4 at PC 0x010F3548
[   4.415626] HW.Memory <Error> core\memory.cpp:Memory::MemorySystem::Write:528: unmapped Write8 0x00000000 @ 0x000008D5 at PC 0x010F3548
[   4.415626] HW.Memory <Error> core\memory.cpp:Memory::MemorySystem::Write:528: unmapped Write8 0x00000000 @ 0x000008D6 at PC 0x010F3548
[   4.415627] HW.Memory <Error> core\memory.cpp:Memory::MemorySystem::Write:528: unmapped Write8 0x00000000 @ 0x000008D7 at PC 0x010F3548
[   4.415627] HW.Memory <Error> core\memory.cpp:Memory::MemorySystem::Write:528: unmapped Write8 0x00000000 @ 0x000008D8 at PC 0x010F3548
[   4.415628] HW.Memory <Error> core\memory.cpp:Memory::MemorySystem::Write:528: unmapped Write8 0x00000000 @ 0x000008D9 at PC 0x010F3548
[   4.415628] HW.Memory <Error> core\memory.cpp:Memory::MemorySystem::Write:528: unmapped Write8 0x00000000 @ 0x000008DA at PC 0x010F3548
[   4.415629] HW.Memory <Error> core\memory.cpp:Memory::MemorySystem::Write:528: unmapped Write8 0x00000000 @ 0x000008DB at PC 0x010F3548
[   4.415630] HW.Memory <Error> core\memory.cpp:Memory::MemorySystem::Write:528: unmapped Write8 0x00000000 @ 0x000008DC at PC 0x010F3548
[   4.415630] HW.Memory <Error> core\memory.cpp:Memory::MemorySystem::Write:528: unmapped Write8 0x00000000 @ 0x000008DD at PC 0x010F3548
[   4.415631] HW.Memory <Error> core\memory.cpp:Memory::MemorySystem::Write:528: unmapped Write8 0x00000000 @ 0x000008DE at PC 0x010F3548
[   4.415631] HW.Memory <Error> core\memory.cpp:Memory::MemorySystem::Write:528: unmapped Write8 0x00000000 @ 0x000008DF at PC 0x010F3548
[   4.415632] HW.Memory <Error> core\memory.cpp:Memory::MemorySystem::Write:528: unmapped Write8 0x00000000 @ 0x000008E0 at PC 0x010F3548
[   4.415633] HW.Memory <Error> core\memory.cpp:Memory::MemorySystem::Write:528: unmapped Write8 0x00000000 @ 0x000008E1 at PC 0x010F3548
[   4.415633] HW.Memory <Error> core\memory.cpp:Memory::MemorySystem::Write:528: unmapped Write8 0x00000000 @ 0x000008E2 at PC 0x010F3548
[   4.415634] HW.Memory <Error> core\memory.cpp:Memory::MemorySystem::Write:528: unmapped Write8 0x00000000 @ 0x000008E3 at PC 0x010F3548
[   4.415634] HW.Memory <Error> core\memory.cpp:Memory::MemorySystem::Write:528: unmapped Write8 0x00000000 @ 0x000008E4 at PC 0x010F3548
[   4.415635] HW.Memory <Error> core\memory.cpp:Memory::MemorySystem::Write:528: unmapped Write8 0x00000000 @ 0x000008E5 at PC 0x010F3548
[   4.415635] HW.Memory <Error> core\memory.cpp:Memory::MemorySystem::Write:528: unmapped Write8 0x00000000 @ 0x000008E6 at PC 0x010F3548
[   4.415636] HW.Memory <Error> core\memory.cpp:Memory::MemorySystem::Write:528: unmapped Write8 0x00000000 @ 0x000008E7 at PC 0x010F3548
[   4.415636] HW.Memory <Error> core\memory.cpp:Memory::MemorySystem::Write:528: unmapped Write8 0x00000000 @ 0x000008E8 at PC 0x010F3548
[   4.415637] HW.Memory <Error> core\memory.cpp:Memory::MemorySystem::Write:528: unmapped Write8 0x00000000 @ 0x000008E9 at PC 0x010F3548
[   4.415637] HW.Memory <Error> core\memory.cpp:Memory::MemorySystem::Write:528: unmapped Write8 0x00000000 @ 0x000008EA at PC 0x010F3548
[   4.415638] HW.Memory <Error> core\memory.cpp:Memory::MemorySystem::Write:528: unmapped Write8 0x00000000 @ 0x000008EB at PC 0x010F3548
[   4.415639] HW.Memory <Error> core\memory.cpp:Memory::MemorySystem::Write:528: unmapped Write8 0x00000000 @ 0x000008EC at PC 0x010F3548
[   4.415639] HW.Memory <Error> core\memory.cpp:Memory::MemorySystem::Write:528: unmapped Write8 0x00000000 @ 0x000008ED at PC 0x010F3548
[   4.415640] HW.Memory <Error> core\memory.cpp:Memory::MemorySystem::Write:528: unmapped Write8 0x00000000 @ 0x000008EE at PC 0x010F3548
[   4.415640] HW.Memory <Error> core\memory.cpp:Memory::MemorySystem::Write:528: unmapped Write8 0x00000000 @ 0x000008EF at PC 0x010F3548
[   4.415641] HW.Memory <Error> core\memory.cpp:Memory::MemorySystem::Write:528: unmapped Write8 0x00000000 @ 0x000008F0 at PC 0x010F3548
[   4.415641] HW.Memory <Error> core\memory.cpp:Memory::MemorySystem::Write:528: unmapped Write8 0x00000000 @ 0x000008F1 at PC 0x010F3548
[   4.415642] HW.Memory <Error> core\memory.cpp:Memory::MemorySystem::Write:528: unmapped Write8 0x00000000 @ 0x000008F2 at PC 0x010F3548
[   4.415643] HW.Memory <Error> core\memory.cpp:Memory::MemorySystem::Write:528: unmapped Write8 0x00000000 @ 0x000008F3 at PC 0x010F3548
[   4.415643] HW.Memory <Error> core\memory.cpp:Memory::MemorySystem::Write:528: unmapped Write8 0x00000000 @ 0x000008F4 at PC 0x010F3548
[   4.415644] HW.Memory <Error> core\memory.cpp:Memory::MemorySystem::Write:528: unmapped Write8 0x00000000 @ 0x000008F5 at PC 0x010F3548
[   4.415645] HW.Memory <Error> core\memory.cpp:Memory::MemorySystem::Write:528: unmapped Write8 0x00000000 @ 0x000008F6 at PC 0x010F3548
[   4.415645] HW.Memory <Error> core\memory.cpp:Memory::MemorySystem::Write:528: unmapped Write8 0x00000000 @ 0x000008F7 at PC 0x010F3548
[   4.415646] HW.Memory <Error> core\memory.cpp:Memory::MemorySystem::Write:528: unmapped Write8 0x00000000 @ 0x000008F8 at PC 0x010F3548
[   4.415646] HW.Memory <Error> core\memory.cpp:Memory::MemorySystem::Write:528: unmapped Write8 0x00000000 @ 0x000008F9 at PC 0x010F3548
[   4.415647] HW.Memory <Error> core\memory.cpp:Memory::MemorySystem::Write:528: unmapped Write8 0x00000000 @ 0x000008FA at PC 0x010F3548
[   4.415647] HW.Memory <Error> core\memory.cpp:Memory::MemorySystem::Write:528: unmapped Write8 0x00000000 @ 0x000008FB at PC 0x010F3548
[   4.415648] HW.Memory <Error> core\memory.cpp:Memory::MemorySystem::Write:528: unmapped Write8 0x00000000 @ 0x000008FC at PC 0x010F3548
[   4.415648] HW.Memory <Error> core\memory.cpp:Memory::MemorySystem::Write:528: unmapped Write8 0x00000000 @ 0x000008FD at PC 0x010F3548
[   4.415649] HW.Memory <Error> core\memory.cpp:Memory::MemorySystem::Write:528: unmapped Write8 0x00000000 @ 0x000008FE at PC 0x010F3548
[   4.415650] HW.Memory <Error> core\memory.cpp:Memory::MemorySystem::Write:528: unmapped Write8 0x00000000 @ 0x000008FF at PC 0x010F3548
[   4.415650] HW.Memory <Error> core\memory.cpp:Memory::MemorySystem::Write:528: unmapped Write8 0x00000000 @ 0x00000900 at PC 0x010F3548
[   4.415651] HW.Memory <Error> core\memory.cpp:Memory::MemorySystem::Write:528: unmapped Write8 0x00000000 @ 0x00000901 at PC 0x010F3548
[   4.415651] HW.Memory <Error> core\memory.cpp:Memory::MemorySystem::Write:528: unmapped Write8 0x00000000 @ 0x00000902 at PC 0x010F3548
[   4.415652] HW.Memory <Error> core\memory.cpp:Memory::MemorySystem::Write:528: unmapped Write8 0x00000000 @ 0x00000903 at PC 0x010F3548
[   4.415652] HW.Memory <Error> core\memory.cpp:Memory::MemorySystem::Write:528: unmapped Write8 0x00000000 @ 0x00000904 at PC 0x010F3548
[   4.415653] HW.Memory <Error> core\memory.cpp:Memory::MemorySystem::Write:528: unmapped Write8 0x00000000 @ 0x00000905 at PC 0x010F3548
[   4.415653] HW.Memory <Error> core\memory.cpp:Memory::MemorySystem::Write:528: unmapped Write8 0x00000000 @ 0x00000906 at PC 0x010F3548
[   4.415654] HW.Memory <Error> core\memory.cpp:Memory::MemorySystem::Write:528: unmapped Write8 0x00000000 @ 0x00000907 at PC 0x010F3548
[   4.415654] HW.Memory <Error> core\memory.cpp:Memory::MemorySystem::Write:528: unmapped Write8 0x00000000 @ 0x00000908 at PC 0x010F3548
[   4.415655] HW.Memory <Error> core\memory.cpp:Memory::MemorySystem::Write:528: unmapped Write8 0x00000000 @ 0x00000909 at PC 0x010F3548
[   4.415655] HW.Memory <Error> core\memory.cpp:Memory::MemorySystem::Write:528: unmapped Write8 0x00000000 @ 0x0000090A at PC 0x010F3548
[   4.415656] HW.Memory <Error> core\memory.cpp:Memory::MemorySystem::Write:528: unmapped Write8 0x00000000 @ 0x0000090B at PC 0x010F3548
[   4.415656] HW.Memory <Error> core\memory.cpp:Memory::MemorySystem::Write:528: unmapped Write8 0x00000000 @ 0x0000090C at PC 0x010F3548
[   4.415657] HW.Memory <Error> core\memory.cpp:Memory::MemorySystem::Write:528: unmapped Write8 0x00000000 @ 0x0000090D at PC 0x010F3548
[   4.415657] HW.Memory <Error> core\memory.cpp:Memory::MemorySystem::Write:528: unmapped Write8 0x00000000 @ 0x0000090E at PC 0x010F3548
[   4.415658] HW.Memory <Error> core\memory.cpp:Memory::MemorySystem::Write:528: unmapped Write8 0x00000000 @ 0x0000090F at PC 0x010F3548
[   4.415658] HW.Memory <Error> core\memory.cpp:Memory::MemorySystem::Write:528: unmapped Write8 0x00000000 @ 0x00000910 at PC 0x010F3548
[   4.415659] HW.Memory <Error> core\memory.cpp:Memory::MemorySystem::Write:528: unmapped Write8 0x00000000 @ 0x00000911 at PC 0x010F3548
[   4.415660] HW.Memory <Error> core\memory.cpp:Memory::MemorySystem::Write:528: unmapped Write8 0x00000000 @ 0x00000912 at PC 0x010F3548
[   4.415660] HW.Memory <Error> core\memory.cpp:Memory::MemorySystem::Write:528: unmapped Write8 0x00000000 @ 0x00000913 at PC 0x010F3548
[   4.415661] HW.Memory <Error> core\memory.cpp:Memory::MemorySystem::Write:528: unmapped Write8 0x00000000 @ 0x00000914 at PC 0x010F3548
[   4.415661] HW.Memory <Error> core\memory.cpp:Memory::MemorySystem::Write:528: unmapped Write8 0x00000000 @ 0x00000915 at PC 0x010F3548
[   4.415662] HW.Memory <Error> core\memory.cpp:Memory::MemorySystem::Write:528: unmapped Write8 0x00000000 @ 0x00000916 at PC 0x010F3548
[   4.415662] HW.Memory <Error> core\memory.cpp:Memory::MemorySystem::Write:528: unmapped Write8 0x00000000 @ 0x00000917 at PC 0x010F3548
[   4.415663] HW.Memory <Error> core\memory.cpp:Memory::MemorySystem::Write:528: unmapped Write8 0x00000000 @ 0x00000918 at PC 0x010F3548
[   4.415663] HW.Memory <Error> core\memory.cpp:Memory::MemorySystem::Write:528: unmapped Write8 0x00000000 @ 0x00000919 at PC 0x010F3548
[   4.415664] HW.Memory <Error> core\memory.cpp:Memory::MemorySystem::Write:528: unmapped Write8 0x00000000 @ 0x0000091A at PC 0x010F3548
[   4.415664] HW.Memory <Error> core\memory.cpp:Memory::MemorySystem::Write:528: unmapped Write8 0x00000000 @ 0x0000091B at PC 0x010F3548
[   4.415665] HW.Memory <Error> core\memory.cpp:Memory::MemorySystem::Write:528: unmapped Write8 0x00000000 @ 0x0000091C at PC 0x010F3548
[   4.415665] HW.Memory <Error> core\memory.cpp:Memory::MemorySystem::Write:528: unmapped Write8 0x00000000 @ 0x0000091D at PC 0x010F3548
[   4.415666] HW.Memory <Error> core\memory.cpp:Memory::MemorySystem::Write:528: unmapped Write8 0x00000000 @ 0x0000091E at PC 0x010F3548
[   4.415666] HW.Memory <Error> core\memory.cpp:Memory::MemorySystem::Write:528: unmapped Write8 0x00000000 @ 0x0000091F at PC 0x010F3548
[   4.415667] HW.Memory <Error> core\memory.cpp:Memory::MemorySystem::Write:528: unmapped Write8 0x00000000 @ 0x00000920 at PC 0x010F3548
[   4.415667] HW.Memory <Error> core\memory.cpp:Memory::MemorySystem::Write:528: unmapped Write8 0x00000000 @ 0x00000921 at PC 0x010F3548
[   4.415668] HW.Memory <Error> core\memory.cpp:Memory::MemorySystem::Write:528: unmapped Write8 0x00000000 @ 0x00000922 at PC 0x010F3548
[   4.415668] HW.Memory <Error> core\memory.cpp:Memory::MemorySystem::Write:528: unmapped Write8 0x00000000 @ 0x00000923 at PC 0x010F3548
[   4.415669] HW.Memory <Error> core\memory.cpp:Memory::MemorySystem::Write:528: unmapped Write8 0x00000000 @ 0x00000924 at PC 0x010F3548
[   4.415670] HW.Memory <Error> core\memory.cpp:Memory::MemorySystem::Write:528: unmapped Write8 0x00000000 @ 0x00000925 at PC 0x010F3548
[   4.415670] HW.Memory <Error> core\memory.cpp:Memory::MemorySystem::Write:528: unmapped Write8 0x00000000 @ 0x00000926 at PC 0x010F3548
[   4.415670] HW.Memory <Error> core\memory.cpp:Memory::MemorySystem::Write:528: unmapped Write8 0x00000000 @ 0x00000927 at PC 0x010F3548
[   4.415671] HW.Memory <Error> core\memory.cpp:Memory::MemorySystem::Write:528: unmapped Write8 0x00000000 @ 0x00000928 at PC 0x010F3548
[   4.415671] HW.Memory <Error> core\memory.cpp:Memory::MemorySystem::Write:528: unmapped Write8 0x00000000 @ 0x00000929 at PC 0x010F3548
[   4.415672] HW.Memory <Error> core\memory.cpp:Memory::MemorySystem::Write:528: unmapped Write8 0x00000000 @ 0x0000092A at PC 0x010F3548
[   4.415673] HW.Memory <Error> core\memory.cpp:Memory::MemorySystem::Write:528: unmapped Write8 0x00000000 @ 0x0000092B at PC 0x010F3548
[   4.415673] HW.Memory <Error> core\memory.cpp:Memory::MemorySystem::Write:528: unmapped Write8 0x00000000 @ 0x0000092C at PC 0x010F3548
[   4.415674] HW.Memory <Error> core\memory.cpp:Memory::MemorySystem::Write:528: unmapped Write8 0x00000000 @ 0x0000092D at PC 0x010F3548
[   4.415674] HW.Memory <Error> core\memory.cpp:Memory::MemorySystem::Write:528: unmapped Write8 0x00000000 @ 0x0000092E at PC 0x010F3548
[   4.415675] HW.Memory <Error> core\memory.cpp:Memory::MemorySystem::Write:528: unmapped Write8 0x00000000 @ 0x0000092F at PC 0x010F3548
[   4.415675] HW.Memory <Error> core\memory.cpp:Memory::MemorySystem::Write:528: unmapped Write8 0x00000000 @ 0x00000930 at PC 0x010F3548
[   4.415676] HW.Memory <Error> core\memory.cpp:Memory::MemorySystem::Write:528: unmapped Write8 0x00000000 @ 0x00000931 at PC 0x010F3548
[   4.415676] HW.Memory <Error> core\memory.cpp:Memory::MemorySystem::Write:528: unmapped Write8 0x00000000 @ 0x00000932 at PC 0x010F3548
[   4.415677] HW.Memory <Error> core\memory.cpp:Memory::MemorySystem::Write:528: unmapped Write8 0x00000000 @ 0x00000933 at PC 0x010F3548
[   4.415678] HW.Memory <Error> core\memory.cpp:Memory::MemorySystem::Write:528: unmapped Write8 0x00000000 @ 0x00000934 at PC 0x010F3548
[   4.415678] HW.Memory <Error> core\memory.cpp:Memory::MemorySystem::Write:528: unmapped Write8 0x00000000 @ 0x00000935 at PC 0x010F3548
[   4.415679] HW.Memory <Error> core\memory.cpp:Memory::MemorySystem::Write:528: unmapped Write8 0x00000000 @ 0x00000936 at PC 0x010F3548
[   4.415679] HW.Memory <Error> core\memory.cpp:Memory::MemorySystem::Write:528: unmapped Write8 0x00000000 @ 0x00000937 at PC 0x010F3548
[   4.415680] HW.Memory <Error> core\memory.cpp:Memory::MemorySystem::Write:528: unmapped Write8 0x00000000 @ 0x00000938 at PC 0x010F3548
[   4.415680] HW.Memory <Error> core\memory.cpp:Memory::MemorySystem::Write:528: unmapped Write8 0x00000000 @ 0x00000939 at PC 0x010F3548
[   4.415681] HW.Memory <Error> core\memory.cpp:Memory::MemorySystem::Write:528: unmapped Write8 0x00000000 @ 0x0000093A at PC 0x010F3548
[   4.415681] HW.Memory <Error> core\memory.cpp:Memory::MemorySystem::Write:528: unmapped Write8 0x00000000 @ 0x0000093B at PC 0x010F3548
[   4.415682] HW.Memory <Error> core\memory.cpp:Memory::MemorySystem::Write:528: unmapped Write8 0x00000000 @ 0x0000093C at PC 0x010F3548
[   4.415682] HW.Memory <Error> core\memory.cpp:Memory::MemorySystem::Write:528: unmapped Write8 0x00000000 @ 0x0000093D at PC 0x010F3548
[   4.415683] HW.Memory <Error> core\memory.cpp:Memory::MemorySystem::Write:528: unmapped Write8 0x00000000 @ 0x0000093E at PC 0x010F3548
[   4.415683] HW.Memory <Error> core\memory.cpp:Memory::MemorySystem::Write:528: unmapped Write8 0x00000000 @ 0x0000093F at PC 0x010F3548
[   4.415684] HW.Memory <Error> core\memory.cpp:Memory::MemorySystem::Write:528: unmapped Write8 0x00000000 @ 0x00000940 at PC 0x010F3548
[   4.415684] HW.Memory <Error> core\memory.cpp:Memory::MemorySystem::Write:528: unmapped Write8 0x00000000 @ 0x00000941 at PC 0x010F3548
[   4.415685] HW.Memory <Error> core\memory.cpp:Memory::MemorySystem::Write:528: unmapped Write8 0x00000000 @ 0x00000942 at PC 0x010F3548
[   4.415685] HW.Memory <Error> core\memory.cpp:Memory::MemorySystem::Write:528: unmapped Write8 0x00000000 @ 0x00000943 at PC 0x010F3548
[   4.415686] HW.Memory <Error> core\memory.cpp:Memory::MemorySystem::Write:528: unmapped Write8 0x00000000 @ 0x00000944 at PC 0x010F3548
[   4.415686] HW.Memory <Error> core\memory.cpp:Memory::MemorySystem::Write:528: unmapped Write8 0x00000000 @ 0x00000945 at PC 0x010F3548
[   4.415687] HW.Memory <Error> core\memory.cpp:Memory::MemorySystem::Write:528: unmapped Write8 0x00000000 @ 0x00000946 at PC 0x010F3548
[   4.415687] HW.Memory <Error> core\memory.cpp:Memory::MemorySystem::Write:528: unmapped Write8 0x00000000 @ 0x00000947 at PC 0x010F3548
[   4.415688] HW.Memory <Error> core\memory.cpp:Memory::MemorySystem::Write:528: unmapped Write8 0x00000000 @ 0x00000948 at PC 0x010F3548
[   4.415689] HW.Memory <Error> core\memory.cpp:Memory::MemorySystem::Write:528: unmapped Write8 0x00000000 @ 0x00000949 at PC 0x010F3548
[   4.415689] HW.Memory <Error> core\memory.cpp:Memory::MemorySystem::Write:528: unmapped Write8 0x00000000 @ 0x0000094A at PC 0x010F3548
[   4.415690] HW.Memory <Error> core\memory.cpp:Memory::MemorySystem::Write:528: unmapped Write8 0x00000000 @ 0x0000094B at PC 0x010F3548
[   4.415690] HW.Memory <Error> core\memory.cpp:Memory::MemorySystem::Write:528: unmapped Write8 0x00000000 @ 0x0000094C at PC 0x010F3548
[   4.415691] HW.Memory <Error> core\memory.cpp:Memory::MemorySystem::Write:528: unmapped Write8 0x00000000 @ 0x0000094D at PC 0x010F3548
[   4.415691] HW.Memory <Error> core\memory.cpp:Memory::MemorySystem::Write:528: unmapped Write8 0x00000000 @ 0x0000094E at PC 0x010F3548
[   4.415692] HW.Memory <Error> core\memory.cpp:Memory::MemorySystem::Write:528: unmapped Write8 0x00000000 @ 0x0000094F at PC 0x010F3548
[   4.415692] HW.Memory <Error> core\memory.cpp:Memory::MemorySystem::Write:528: unmapped Write8 0x00000000 @ 0x00000950 at PC 0x010F3548
[   4.415693] HW.Memory <Error> core\memory.cpp:Memory::MemorySystem::Write:528: unmapped Write8 0x00000000 @ 0x00000951 at PC 0x010F3548
[   4.415693] HW.Memory <Error> core\memory.cpp:Memory::MemorySystem::Write:528: unmapped Write8 0x00000000 @ 0x00000952 at PC 0x010F3548
[   4.415694] HW.Memory <Error> core\memory.cpp:Memory::MemorySystem::Write:528: unmapped Write8 0x00000000 @ 0x00000953 at PC 0x010F3548
[   4.415694] HW.Memory <Error> core\memory.cpp:Memory::MemorySystem::Write:528: unmapped Write8 0x00000000 @ 0x00000954 at PC 0x010F3548
[   4.415695] HW.Memory <Error> core\memory.cpp:Memory::MemorySystem::Write:528: unmapped Write8 0x00000000 @ 0x00000955 at PC 0x010F3548
[   4.415696] HW.Memory <Error> core\memory.cpp:Memory::MemorySystem::Write:528: unmapped Write8 0x00000000 @ 0x00000956 at PC 0x010F3548
[   4.415696] HW.Memory <Error> core\memory.cpp:Memory::MemorySystem::Write:528: unmapped Write8 0x00000000 @ 0x00000957 at PC 0x010F3548
[   4.415697] HW.Memory <Error> core\memory.cpp:Memory::MemorySystem::Write:528: unmapped Write8 0x00000000 @ 0x00000958 at PC 0x010F3548
[   4.415697] HW.Memory <Error> core\memory.cpp:Memory::MemorySystem::Write:528: unmapped Write8 0x00000000 @ 0x00000959 at PC 0x010F3548
[   4.415698] HW.Memory <Error> core\memory.cpp:Memory::MemorySystem::Write:528: unmapped Write8 0x00000000 @ 0x0000095A at PC 0x010F3548
[   4.415698] HW.Memory <Error> core\memory.cpp:Memory::MemorySystem::Write:528: unmapped Write8 0x00000000 @ 0x0000095B at PC 0x010F3548
[   4.415699] HW.Memory <Error> core\memory.cpp:Memory::MemorySystem::Write:528: unmapped Write8 0x00000000 @ 0x0000095C at PC 0x010F3548
[   4.415699] HW.Memory <Error> core\memory.cpp:Memory::MemorySystem::Write:528: unmapped Write8 0x00000000 @ 0x0000095D at PC 0x010F3548
[   4.415700] HW.Memory <Error> core\memory.cpp:Memory::MemorySystem::Write:528: unmapped Write8 0x00000000 @ 0x0000095E at PC 0x010F3548
[   4.415700] HW.Memory <Error> core\memory.cpp:Memory::MemorySystem::Write:528: unmapped Write8 0x00000000 @ 0x0000095F at PC 0x010F3548
[   4.415701] HW.Memory <Error> core\memory.cpp:Memory::MemorySystem::Write:528: unmapped Write8 0x00000000 @ 0x00000960 at PC 0x010F3548
[   4.415701] HW.Memory <Error> core\memory.cpp:Memory::MemorySystem::Write:528: unmapped Write8 0x00000000 @ 0x00000961 at PC 0x010F3548
[   4.415702] HW.Memory <Error> core\memory.cpp:Memory::MemorySystem::Write:528: unmapped Write8 0x00000000 @ 0x00000962 at PC 0x010F3548
[   4.415702] HW.Memory <Error> core\memory.cpp:Memory::MemorySystem::Write:528: unmapped Write8 0x00000000 @ 0x00000963 at PC 0x010F3548
[   4.415703] HW.Memory <Error> core\memory.cpp:Memory::MemorySystem::Write:528: unmapped Write8 0x00000000 @ 0x00000964 at PC 0x010F3548
[   4.415703] HW.Memory <Error> core\memory.cpp:Memory::MemorySystem::Write:528: unmapped Write8 0x00000000 @ 0x00000965 at PC 0x010F3548
[   4.415704] HW.Memory <Error> core\memory.cpp:Memory::MemorySystem::Write:528: unmapped Write8 0x00000000 @ 0x00000966 at PC 0x010F3548
[   4.415704] HW.Memory <Error> core\memory.cpp:Memory::MemorySystem::Write:528: unmapped Write8 0x00000000 @ 0x00000967 at PC 0x010F3548
[   4.415705] HW.Memory <Error> core\memory.cpp:Memory::MemorySystem::Write:528: unmapped Write8 0x00000000 @ 0x00000968 at PC 0x010F3548
[   4.415705] HW.Memory <Error> core\memory.cpp:Memory::MemorySystem::Write:528: unmapped Write8 0x00000000 @ 0x00000969 at PC 0x010F3548
[   4.415706] HW.Memory <Error> core\memory.cpp:Memory::MemorySystem::Write:528: unmapped Write8 0x00000000 @ 0x0000096A at PC 0x010F3548
[   4.415706] HW.Memory <Error> core\memory.cpp:Memory::MemorySystem::Write:528: unmapped Write8 0x00000000 @ 0x0000096B at PC 0x010F3548
[   4.415707] HW.Memory <Error> core\memory.cpp:Memory::MemorySystem::Write:528: unmapped Write8 0x00000000 @ 0x0000096C at PC 0x010F3548
[   4.415708] HW.Memory <Error> core\memory.cpp:Memory::MemorySystem::Write:528: unmapped Write8 0x00000000 @ 0x0000096D at PC 0x010F3548
[   4.415708] HW.Memory <Error> core\memory.cpp:Memory::MemorySystem::Write:528: unmapped Write8 0x00000000 @ 0x0000096E at PC 0x010F3548
[   4.415709] HW.Memory <Error> core\memory.cpp:Memory::MemorySystem::Write:528: unmapped Write8 0x00000000 @ 0x0000096F at PC 0x010F3548
[   4.415709] HW.Memory <Error> core\memory.cpp:Memory::MemorySystem::Write:528: unmapped Write8 0x00000000 @ 0x00000970 at PC 0x010F3548
[   4.415710] HW.Memory <Error> core\memory.cpp:Memory::MemorySystem::Write:528: unmapped Write8 0x00000000 @ 0x00000971 at PC 0x010F3548
[   4.415710] HW.Memory <Error> core\memory.cpp:Memory::MemorySystem::Write:528: unmapped Write8 0x00000000 @ 0x00000972 at PC 0x010F3548
[   4.415711] HW.Memory <Error> core\memory.cpp:Memory::MemorySystem::Write:528: unmapped Write8 0x00000000 @ 0x00000973 at PC 0x010F3548
[   4.415711] HW.Memory <Error> core\memory.cpp:Memory::MemorySystem::Write:528: unmapped Write8 0x00000000 @ 0x00000974 at PC 0x010F3548
[   4.415712] HW.Memory <Error> core\memory.cpp:Memory::MemorySystem::Write:528: unmapped Write8 0x00000000 @ 0x00000975 at PC 0x010F3548
[   4.415712] HW.Memory <Error> core\memory.cpp:Memory::MemorySystem::Write:528: unmapped Write8 0x00000000 @ 0x00000976 at PC 0x010F3548
[   4.415713] HW.Memory <Error> core\memory.cpp:Memory::MemorySystem::Write:528: unmapped Write8 0x00000000 @ 0x00000977 at PC 0x010F3548
[   4.415713] HW.Memory <Error> core\memory.cpp:Memory::MemorySystem::Write:528: unmapped Write8 0x00000000 @ 0x00000978 at PC 0x010F3548
[   4.415714] HW.Memory <Error> core\memory.cpp:Memory::MemorySystem::Write:528: unmapped Write8 0x00000000 @ 0x00000979 at PC 0x010F3548
[   4.415715] HW.Memory <Error> core\memory.cpp:Memory::MemorySystem::Write:528: unmapped Write8 0x00000000 @ 0x0000097A at PC 0x010F3548
[   4.415715] HW.Memory <Error> core\memory.cpp:Memory::MemorySystem::Write:528: unmapped Write8 0x00000000 @ 0x0000097B at PC 0x010F3548
[   4.415716] HW.Memory <Error> core\memory.cpp:Memory::MemorySystem::Write:528: unmapped Write8 0x00000000 @ 0x0000097C at PC 0x010F3548
[   4.415716] HW.Memory <Error> core\memory.cpp:Memory::MemorySystem::Write:528: unmapped Write8 0x00000000 @ 0x0000097D at PC 0x010F3548
[   4.415717] HW.Memory <Error> core\memory.cpp:Memory::MemorySystem::Write:528: unmapped Write8 0x00000000 @ 0x0000097E at PC 0x010F3548
[   4.415717] HW.Memory <Error> core\memory.cpp:Memory::MemorySystem::Write:528: unmapped Write8 0x00000000 @ 0x0000097F at PC 0x010F3548
[   4.415718] HW.Memory <Error> core\memory.cpp:Memory::MemorySystem::Write:528: unmapped Write8 0x00000000 @ 0x00000980 at PC 0x010F3548
[   4.415719] HW.Memory <Error> core\memory.cpp:Memory::MemorySystem::Write:528: unmapped Write8 0x00000000 @ 0x00000981 at PC 0x010F3548
[   4.415719] HW.Memory <Error> core\memory.cpp:Memory::MemorySystem::Write:528: unmapped Write8 0x00000000 @ 0x00000982 at PC 0x010F3548
[   4.415720] HW.Memory <Error> core\memory.cpp:Memory::MemorySystem::Write:528: unmapped Write8 0x00000000 @ 0x00000983 at PC 0x010F3548
[   4.415720] HW.Memory <Error> core\memory.cpp:Memory::MemorySystem::Write:528: unmapped Write8 0x00000000 @ 0x00000984 at PC 0x010F3548
[   4.415721] HW.Memory <Error> core\memory.cpp:Memory::MemorySystem::Write:528: unmapped Write8 0x00000000 @ 0x00000985 at PC 0x010F3548
[   4.415721] HW.Memory <Error> core\memory.cpp:Memory::MemorySystem::Write:528: unmapped Write8 0x00000000 @ 0x00000986 at PC 0x010F3548
[   4.415722] HW.Memory <Error> core\memory.cpp:Memory::MemorySystem::Write:528: unmapped Write8 0x00000000 @ 0x00000987 at PC 0x010F3548
[   4.415723] HW.Memory <Error> core\memory.cpp:Memory::MemorySystem::Write:528: unmapped Write8 0x00000000 @ 0x00000988 at PC 0x010F3548
[   4.415723] HW.Memory <Error> core\memory.cpp:Memory::MemorySystem::Write:528: unmapped Write8 0x00000000 @ 0x00000989 at PC 0x010F3548
[   4.415724] HW.Memory <Error> core\memory.cpp:Memory::MemorySystem::Write:528: unmapped Write8 0x00000000 @ 0x0000098A at PC 0x010F3548
[   4.415724] HW.Memory <Error> core\memory.cpp:Memory::MemorySystem::Write:528: unmapped Write8 0x00000000 @ 0x0000098B at PC 0x010F3548
[   4.415725] HW.Memory <Error> core\memory.cpp:Memory::MemorySystem::Write:528: unmapped Write8 0x00000000 @ 0x0000098C at PC 0x010F3548
[   4.415725] HW.Memory <Error> core\memory.cpp:Memory::MemorySystem::Write:528: unmapped Write8 0x00000000 @ 0x0000098D at PC 0x010F3548
[   4.415726] HW.Memory <Error> core\memory.cpp:Memory::MemorySystem::Write:528: unmapped Write8 0x00000000 @ 0x0000098E at PC 0x010F3548
[   4.415726] HW.Memory <Error> core\memory.cpp:Memory::MemorySystem::Write:528: unmapped Write8 0x00000000 @ 0x0000098F at PC 0x010F3548
[   4.415727] HW.Memory <Error> core\memory.cpp:Memory::MemorySystem::Write:528: unmapped Write8 0x00000000 @ 0x00000990 at PC 0x010F3548
[   4.415727] HW.Memory <Error> core\memory.cpp:Memory::MemorySystem::Write:528: unmapped Write8 0x00000000 @ 0x00000991 at PC 0x010F3548
[   4.415728] HW.Memory <Error> core\memory.cpp:Memory::MemorySystem::Write:528: unmapped Write8 0x00000000 @ 0x00000992 at PC 0x010F3548
[   4.415728] HW.Memory <Error> core\memory.cpp:Memory::MemorySystem::Write:528: unmapped Write8 0x00000000 @ 0x00000993 at PC 0x010F3548
[   4.415729] HW.Memory <Error> core\memory.cpp:Memory::MemorySystem::Write:528: unmapped Write8 0x00000000 @ 0x00000994 at PC 0x010F3548
[   4.415747] HW.Memory <Error> core\memory.cpp:Memory::MemorySystem::Write:528: unmapped Write8 0x00000000 @ 0x00000995 at PC 0x010F3548
[   4.415747] HW.Memory <Error> core\memory.cpp:Memory::MemorySystem::Write:528: unmapped Write8 0x00000000 @ 0x00000996 at PC 0x010F3548
[   4.415748] HW.Memory <Error> core\memory.cpp:Memory::MemorySystem::Write:528: unmapped Write8 0x00000000 @ 0x00000997 at PC 0x010F3548
[   4.415748] HW.Memory <Error> core\memory.cpp:Memory::MemorySystem::Write:528: unmapped Write8 0x00000000 @ 0x00000998 at PC 0x010F3548
[   4.415749] HW.Memory <Error> core\memory.cpp:Memory::MemorySystem::Write:528: unmapped Write8 0x00000000 @ 0x00000999 at PC 0x010F3548
[   4.415749] HW.Memory <Error> core\memory.cpp:Memory::MemorySystem::Write:528: unmapped Write8 0x00000000 @ 0x0000099A at PC 0x010F3548
[   4.415750] HW.Memory <Error> core\memory.cpp:Memory::MemorySystem::Write:528: unmapped Write8 0x00000000 @ 0x0000099B at PC 0x010F3548
[   4.415750] HW.Memory <Error> core\memory.cpp:Memory::MemorySystem::Write:528: unmapped Write8 0x00000000 @ 0x0000099C at PC 0x010F3548
[   4.415751] HW.Memory <Error> core\memory.cpp:Memory::MemorySystem::Write:528: unmapped Write8 0x00000000 @ 0x0000099D at PC 0x010F3548
[   4.415751] HW.Memory <Error> core\memory.cpp:Memory::MemorySystem::Write:528: unmapped Write8 0x00000000 @ 0x0000099E at PC 0x010F3548
[   4.415752] HW.Memory <Error> core\memory.cpp:Memory::MemorySystem::Write:528: unmapped Write8 0x00000000 @ 0x0000099F at PC 0x010F3548
[   4.415752] HW.Memory <Error> core\memory.cpp:Memory::MemorySystem::Write:528: unmapped Write8 0x00000000 @ 0x000009A0 at PC 0x010F3548
[   4.415753] HW.Memory <Error> core\memory.cpp:Memory::MemorySystem::Write:528: unmapped Write8 0x00000000 @ 0x000009A1 at PC 0x010F3548
[   4.415754] HW.Memory <Error> core\memory.cpp:Memory::MemorySystem::Write:528: unmapped Write8 0x00000000 @ 0x000009A2 at PC 0x010F3548
[   4.415754] HW.Memory <Error> core\memory.cpp:Memory::MemorySystem::Write:528: unmapped Write8 0x00000000 @ 0x000009A3 at PC 0x010F3548
[   4.415755] HW.Memory <Error> core\memory.cpp:Memory::MemorySystem::Write:528: unmapped Write8 0x00000000 @ 0x000009A4 at PC 0x010F3548
[   4.415755] HW.Memory <Error> core\memory.cpp:Memory::MemorySystem::Write:528: unmapped Write8 0x00000000 @ 0x000009A5 at PC 0x010F3548
[   4.415756] HW.Memory <Error> core\memory.cpp:Memory::MemorySystem::Write:528: unmapped Write8 0x00000000 @ 0x000009A6 at PC 0x010F3548
[   4.415756] HW.Memory <Error> core\memory.cpp:Memory::MemorySystem::Write:528: unmapped Write8 0x00000000 @ 0x000009A7 at PC 0x010F3548
[   4.415757] HW.Memory <Error> core\memory.cpp:Memory::MemorySystem::Write:528: unmapped Write8 0x00000000 @ 0x000009A8 at PC 0x010F3548
[   4.415757] HW.Memory <Error> core\memory.cpp:Memory::MemorySystem::Write:528: unmapped Write8 0x00000000 @ 0x000009A9 at PC 0x010F3548
[   4.415758] HW.Memory <Error> core\memory.cpp:Memory::MemorySystem::Write:528: unmapped Write8 0x00000000 @ 0x000009AA at PC 0x010F3548
[   4.415758] HW.Memory <Error> core\memory.cpp:Memory::MemorySystem::Write:528: unmapped Write8 0x00000000 @ 0x000009AB at PC 0x010F3548
[   4.415759] HW.Memory <Error> core\memory.cpp:Memory::MemorySystem::Write:528: unmapped Write8 0x00000000 @ 0x000009AC at PC 0x010F3548
[   4.415759] HW.Memory <Error> core\memory.cpp:Memory::MemorySystem::Write:528: unmapped Write8 0x00000000 @ 0x000009AD at PC 0x010F3548
[   4.415760] HW.Memory <Error> core\memory.cpp:Memory::MemorySystem::Write:528: unmapped Write8 0x00000000 @ 0x000009AE at PC 0x010F3548
[   4.415761] HW.Memory <Error> core\memory.cpp:Memory::MemorySystem::Write:528: unmapped Write8 0x00000000 @ 0x000009AF at PC 0x010F3548
[   4.415761] HW.Memory <Error> core\memory.cpp:Memory::MemorySystem::Write:528: unmapped Write8 0x00000000 @ 0x000009B0 at PC 0x010F3548
[   4.415762] HW.Memory <Error> core\memory.cpp:Memory::MemorySystem::Write:528: unmapped Write8 0x00000000 @ 0x000009B1 at PC 0x010F3548
[   4.415762] HW.Memory <Error> core\memory.cpp:Memory::MemorySystem::Write:528: unmapped Write8 0x00000000 @ 0x000009B2 at PC 0x010F3548
[   4.415763] HW.Memory <Error> core\memory.cpp:Memory::MemorySystem::Write:528: unmapped Write8 0x00000000 @ 0x000009B3 at PC 0x010F3548
[   4.415763] HW.Memory <Error> core\memory.cpp:Memory::MemorySystem::Write:528: unmapped Write8 0x00000000 @ 0x000009B4 at PC 0x010F3548
[   4.415764] HW.Memory <Error> core\memory.cpp:Memory::MemorySystem::Write:528: unmapped Write8 0x00000000 @ 0x000009B5 at PC 0x010F3548
[   4.415764] HW.Memory <Error> core\memory.cpp:Memory::MemorySystem::Write:528: unmapped Write8 0x00000000 @ 0x000009B6 at PC 0x010F3548
[   4.415765] HW.Memory <Error> core\memory.cpp:Memory::MemorySystem::Write:528: unmapped Write8 0x00000000 @ 0x000009B7 at PC 0x010F3548
[   4.415766] HW.Memory <Error> core\memory.cpp:Memory::MemorySystem::Write:528: unmapped Write8 0x00000000 @ 0x000009B8 at PC 0x010F3548
[   4.415766] HW.Memory <Error> core\memory.cpp:Memory::MemorySystem::Write:528: unmapped Write8 0x00000000 @ 0x000009B9 at PC 0x010F3548
[   4.415766] HW.Memory <Error> core\memory.cpp:Memory::MemorySystem::Write:528: unmapped Write8 0x00000000 @ 0x000009BA at PC 0x010F3548
[   4.415767] HW.Memory <Error> core\memory.cpp:Memory::MemorySystem::Write:528: unmapped Write8 0x00000000 @ 0x000009BB at PC 0x010F3548
[   4.415768] HW.Memory <Error> core\memory.cpp:Memory::MemorySystem::Write:528: unmapped Write8 0x00000000 @ 0x000009BC at PC 0x010F3548
[   4.415768] HW.Memory <Error> core\memory.cpp:Memory::MemorySystem::Write:528: unmapped Write8 0x00000000 @ 0x000009BD at PC 0x010F3548
[   4.415769] HW.Memory <Error> core\memory.cpp:Memory::MemorySystem::Write:528: unmapped Write8 0x00000000 @ 0x000009BE at PC 0x010F3548
[   4.415769] HW.Memory <Error> core\memory.cpp:Memory::MemorySystem::Write:528: unmapped Write8 0x00000000 @ 0x000009BF at PC 0x010F3548
[   4.415770] HW.Memory <Error> core\memory.cpp:Memory::MemorySystem::Write:528: unmapped Write8 0x00000000 @ 0x000009C0 at PC 0x010F3548
[   4.415770] HW.Memory <Error> core\memory.cpp:Memory::MemorySystem::Write:528: unmapped Write8 0x00000000 @ 0x000009C1 at PC 0x010F3548
[   4.415771] HW.Memory <Error> core\memory.cpp:Memory::MemorySystem::Write:528: unmapped Write8 0x00000000 @ 0x000009C2 at PC 0x010F3548
[   4.415772] HW.Memory <Error> core\memory.cpp:Memory::MemorySystem::Write:528: unmapped Write8 0x00000000 @ 0x000009C3 at PC 0x010F3548
[   4.415772] HW.Memory <Error> core\memory.cpp:Memory::MemorySystem::Write:528: unmapped Write8 0x00000000 @ 0x000009C4 at PC 0x010F3548
[   4.415773] HW.Memory <Error> core\memory.cpp:Memory::MemorySystem::Write:528: unmapped Write8 0x00000000 @ 0x000009C5 at PC 0x010F3548
[   4.415773] HW.Memory <Error> core\memory.cpp:Memory::MemorySystem::Write:528: unmapped Write8 0x00000000 @ 0x000009C6 at PC 0x010F3548
[   4.415774] HW.Memory <Error> core\memory.cpp:Memory::MemorySystem::Write:528: unmapped Write8 0x00000000 @ 0x000009C7 at PC 0x010F3548
[   4.415775] HW.Memory <Error> core\memory.cpp:Memory::MemorySystem::Write:528: unmapped Write8 0x00000000 @ 0x000009C8 at PC 0x010F3548
[   4.415775] HW.Memory <Error> core\memory.cpp:Memory::MemorySystem::Write:528: unmapped Write8 0x00000000 @ 0x000009C9 at PC 0x010F3548
[   4.415776] HW.Memory <Error> core\memory.cpp:Memory::MemorySystem::Write:528: unmapped Write8 0x00000000 @ 0x000009CA at PC 0x010F3548
[   4.415776] HW.Memory <Error> core\memory.cpp:Memory::MemorySystem::Write:528: unmapped Write8 0x00000000 @ 0x000009CB at PC 0x010F3548
[   4.415777] HW.Memory <Error> core\memory.cpp:Memory::MemorySystem::Write:528: unmapped Write8 0x00000000 @ 0x000009CC at PC 0x010F3548
[   4.415777] HW.Memory <Error> core\memory.cpp:Memory::MemorySystem::Write:528: unmapped Write8 0x00000000 @ 0x000009CD at PC 0x010F3548
[   4.415778] HW.Memory <Error> core\memory.cpp:Memory::MemorySystem::Write:528: unmapped Write8 0x00000000 @ 0x000009CE at PC 0x010F3548
[   4.415778] HW.Memory <Error> core\memory.cpp:Memory::MemorySystem::Write:528: unmapped Write8 0x00000000 @ 0x000009CF at PC 0x010F3548
[   4.415779] HW.Memory <Error> core\memory.cpp:Memory::MemorySystem::Write:528: unmapped Write8 0x00000000 @ 0x000009D0 at PC 0x010F3548
[   4.415779] HW.Memory <Error> core\memory.cpp:Memory::MemorySystem::Write:528: unmapped Write8 0x00000000 @ 0x000009D1 at PC 0x010F3548
[   4.415780] HW.Memory <Error> core\memory.cpp:Memory::MemorySystem::Write:528: unmapped Write8 0x00000000 @ 0x000009D2 at PC 0x010F3548
[   4.415780] HW.Memory <Error> core\memory.cpp:Memory::MemorySystem::Write:528: unmapped Write8 0x00000000 @ 0x000009D3 at PC 0x010F3548
[   4.415781] HW.Memory <Error> core\memory.cpp:Memory::MemorySystem::Write:528: unmapped Write8 0x00000000 @ 0x000009D4 at PC 0x010F3548
[   4.415781] HW.Memory <Error> core\memory.cpp:Memory::MemorySystem::Write:528: unmapped Write8 0x00000000 @ 0x000009D5 at PC 0x010F3548
[   4.415782] HW.Memory <Error> core\memory.cpp:Memory::MemorySystem::Write:528: unmapped Write8 0x00000000 @ 0x000009D6 at PC 0x010F3548
[   4.415782] HW.Memory <Error> core\memory.cpp:Memory::MemorySystem::Write:528: unmapped Write8 0x00000000 @ 0x000009D7 at PC 0x010F3548
[   4.415783] HW.Memory <Error> core\memory.cpp:Memory::MemorySystem::Write:528: unmapped Write8 0x00000000 @ 0x000009D8 at PC 0x010F3548
[   4.415783] HW.Memory <Error> core\memory.cpp:Memory::MemorySystem::Write:528: unmapped Write8 0x00000000 @ 0x000009D9 at PC 0x010F3548
[   4.415784] HW.Memory <Error> core\memory.cpp:Memory::MemorySystem::Write:528: unmapped Write8 0x00000000 @ 0x000009DA at PC 0x010F3548
[   4.415784] HW.Memory <Error> core\memory.cpp:Memory::MemorySystem::Write:528: unmapped Write8 0x00000000 @ 0x000009DB at PC 0x010F3548
[   4.415785] HW.Memory <Error> core\memory.cpp:Memory::MemorySystem::Write:528: unmapped Write8 0x00000000 @ 0x000009DC at PC 0x010F3548
[   4.415785] HW.Memory <Error> core\memory.cpp:Memory::MemorySystem::Write:528: unmapped Write8 0x00000000 @ 0x000009DD at PC 0x010F3548
[   4.415786] HW.Memory <Error> core\memory.cpp:Memory::MemorySystem::Write:528: unmapped Write8 0x00000000 @ 0x000009DE at PC 0x010F3548
[   4.415786] HW.Memory <Error> core\memory.cpp:Memory::MemorySystem::Write:528: unmapped Write8 0x00000000 @ 0x000009DF at PC 0x010F3548
[   4.415787] HW.Memory <Error> core\memory.cpp:Memory::MemorySystem::Write:528: unmapped Write8 0x00000000 @ 0x000009E0 at PC 0x010F3548
[   4.415787] HW.Memory <Error> core\memory.cpp:Memory::MemorySystem::Write:528: unmapped Write8 0x00000000 @ 0x000009E1 at PC 0x010F3548
[   4.415788] HW.Memory <Error> core\memory.cpp:Memory::MemorySystem::Write:528: unmapped Write8 0x00000000 @ 0x000009E2 at PC 0x010F3548
[   4.415788] HW.Memory <Error> core\memory.cpp:Memory::MemorySystem::Write:528: unmapped Write8 0x00000000 @ 0x000009E3 at PC 0x010F3548
[   4.415789] HW.Memory <Error> core\memory.cpp:Memory::MemorySystem::Write:528: unmapped Write8 0x00000000 @ 0x000009E4 at PC 0x010F3548
[   4.415789] HW.Memory <Error> core\memory.cpp:Memory::MemorySystem::Write:528: unmapped Write8 0x00000000 @ 0x000009E5 at PC 0x010F3548
[   4.415790] HW.Memory <Error> core\memory.cpp:Memory::MemorySystem::Write:528: unmapped Write8 0x00000000 @ 0x000009E6 at PC 0x010F3548
[   4.415790] HW.Memory <Error> core\memory.cpp:Memory::MemorySystem::Write:528: unmapped Write8 0x00000000 @ 0x000009E7 at PC 0x010F3548
[   4.415791] HW.Memory <Error> core\memory.cpp:Memory::MemorySystem::Write:528: unmapped Write8 0x00000000 @ 0x000009E8 at PC 0x010F3548
[   4.415791] HW.Memory <Error> core\memory.cpp:Memory::MemorySystem::Write:528: unmapped Write8 0x00000000 @ 0x000009E9 at PC 0x010F3548
[   4.415792] HW.Memory <Error> core\memory.cpp:Memory::MemorySystem::Write:528: unmapped Write8 0x00000000 @ 0x000009EA at PC 0x010F3548
[   4.415793] HW.Memory <Error> core\memory.cpp:Memory::MemorySystem::Write:528: unmapped Write8 0x00000000 @ 0x000009EB at PC 0x010F3548
[   4.415793] HW.Memory <Error> core\memory.cpp:Memory::MemorySystem::Write:528: unmapped Write8 0x00000000 @ 0x000009EC at PC 0x010F3548
[   4.415794] HW.Memory <Error> core\memory.cpp:Memory::MemorySystem::Write:528: unmapped Write8 0x00000000 @ 0x000009ED at PC 0x010F3548
[   4.415794] HW.Memory <Error> core\memory.cpp:Memory::MemorySystem::Write:528: unmapped Write8 0x00000000 @ 0x000009EE at PC 0x010F3548
[   4.415795] HW.Memory <Error> core\memory.cpp:Memory::MemorySystem::Write:528: unmapped Write8 0x00000000 @ 0x000009EF at PC 0x010F3548
[   4.415795] HW.Memory <Error> core\memory.cpp:Memory::MemorySystem::Write:528: unmapped Write8 0x00000000 @ 0x000009F0 at PC 0x010F3548
[   4.415796] HW.Memory <Error> core\memory.cpp:Memory::MemorySystem::Write:528: unmapped Write8 0x00000000 @ 0x000009F1 at PC 0x010F3548
[   4.415797] HW.Memory <Error> core\memory.cpp:Memory::MemorySystem::Write:528: unmapped Write8 0x00000000 @ 0x000009F2 at PC 0x010F3548
[   4.415797] HW.Memory <Error> core\memory.cpp:Memory::MemorySystem::Write:528: unmapped Write8 0x00000000 @ 0x000009F3 at PC 0x010F3548
[   4.415798] HW.Memory <Error> core\memory.cpp:Memory::MemorySystem::Write:528: unmapped Write8 0x00000000 @ 0x000009F4 at PC 0x010F3548
[   4.415798] HW.Memory <Error> core\memory.cpp:Memory::MemorySystem::Write:528: unmapped Write8 0x00000000 @ 0x000009F5 at PC 0x010F3548
[   4.415799] HW.Memory <Error> core\memory.cpp:Memory::MemorySystem::Write:528: unmapped Write8 0x00000000 @ 0x000009F6 at PC 0x010F3548
[   4.415799] HW.Memory <Error> core\memory.cpp:Memory::MemorySystem::Write:528: unmapped Write8 0x00000000 @ 0x000009F7 at PC 0x010F3548
[   4.415800] HW.Memory <Error> core\memory.cpp:Memory::MemorySystem::Write:528: unmapped Write8 0x00000000 @ 0x000009F8 at PC 0x010F3548
[   4.415800] HW.Memory <Error> core\memory.cpp:Memory::MemorySystem::Write:528: unmapped Write8 0x00000000 @ 0x000009F9 at PC 0x010F3548
[   4.415801] HW.Memory <Error> core\memory.cpp:Memory::MemorySystem::Write:528: unmapped Write8 0x00000000 @ 0x000009FA at PC 0x010F3548
[   4.415802] HW.Memory <Error> core\memory.cpp:Memory::MemorySystem::Write:528: unmapped Write8 0x00000000 @ 0x000009FB at PC 0x010F3548
[   4.415802] HW.Memory <Error> core\memory.cpp:Memory::MemorySystem::Write:528: unmapped Write8 0x00000000 @ 0x000009FC at PC 0x010F3548
[   4.415803] HW.Memory <Error> core\memory.cpp:Memory::MemorySystem::Write:528: unmapped Write8 0x00000000 @ 0x000009FD at PC 0x010F3548
[   4.415803] HW.Memory <Error> core\memory.cpp:Memory::MemorySystem::Write:528: unmapped Write8 0x00000000 @ 0x000009FE at PC 0x010F3548
[   4.415804] HW.Memory <Error> core\memory.cpp:Memory::MemorySystem::Write:528: unmapped Write8 0x00000000 @ 0x000009FF at PC 0x010F3548
[   4.415805] HW.Memory <Error> core\memory.cpp:Memory::MemorySystem::Write:528: unmapped Write8 0x00000000 @ 0x00000A00 at PC 0x010F3548
[   4.415805] HW.Memory <Error> core\memory.cpp:Memory::MemorySystem::Write:528: unmapped Write8 0x00000000 @ 0x00000A01 at PC 0x010F3548
[   4.415806] HW.Memory <Error> core\memory.cpp:Memory::MemorySystem::Write:528: unmapped Write8 0x00000000 @ 0x00000A02 at PC 0x010F3548
[   4.415806] HW.Memory <Error> core\memory.cpp:Memory::MemorySystem::Write:528: unmapped Write8 0x00000000 @ 0x00000A03 at PC 0x010F3548
[   4.415807] HW.Memory <Error> core\memory.cpp:Memory::MemorySystem::Write:528: unmapped Write8 0x00000000 @ 0x00000A04 at PC 0x010F3548
[   4.415807] HW.Memory <Error> core\memory.cpp:Memory::MemorySystem::Write:528: unmapped Write8 0x00000000 @ 0x00000A05 at PC 0x010F3548
[   4.415808] HW.Memory <Error> core\memory.cpp:Memory::MemorySystem::Write:528: unmapped Write8 0x00000000 @ 0x00000A06 at PC 0x010F3548
[   4.415808] HW.Memory <Error> core\memory.cpp:Memory::MemorySystem::Write:528: unmapped Write8 0x00000000 @ 0x00000A07 at PC 0x010F3548
[   4.415809] HW.Memory <Error> core\memory.cpp:Memory::MemorySystem::Write:528: unmapped Write8 0x00000000 @ 0x00000A08 at PC 0x010F3548
[   4.415809] HW.Memory <Error> core\memory.cpp:Memory::MemorySystem::Write:528: unmapped Write8 0x00000000 @ 0x00000A09 at PC 0x010F3548
[   4.415810] HW.Memory <Error> core\memory.cpp:Memory::MemorySystem::Write:528: unmapped Write8 0x00000000 @ 0x00000A0A at PC 0x010F3548
[   4.415811] HW.Memory <Error> core\memory.cpp:Memory::MemorySystem::Write:528: unmapped Write8 0x00000000 @ 0x00000A0B at PC 0x010F3548
[   4.415811] HW.Memory <Error> core\memory.cpp:Memory::MemorySystem::Write:528: unmapped Write8 0x00000000 @ 0x00000A0C at PC 0x010F3548
[   4.415812] HW.Memory <Error> core\memory.cpp:Memory::MemorySystem::Write:528: unmapped Write8 0x00000000 @ 0x00000A0D at PC 0x010F3548
[   4.415812] HW.Memory <Error> core\memory.cpp:Memory::MemorySystem::Write:528: unmapped Write8 0x00000000 @ 0x00000A0E at PC 0x010F3548
[   4.415813] HW.Memory <Error> core\memory.cpp:Memory::MemorySystem::Write:528: unmapped Write8 0x00000000 @ 0x00000A0F at PC 0x010F3548
[   4.415813] HW.Memory <Error> core\memory.cpp:Memory::MemorySystem::Write:528: unmapped Write8 0x00000000 @ 0x00000A10 at PC 0x010F3548
[   4.415814] HW.Memory <Error> core\memory.cpp:Memory::MemorySystem::Write:528: unmapped Write8 0x00000000 @ 0x00000A11 at PC 0x010F3548
[   4.415814] HW.Memory <Error> core\memory.cpp:Memory::MemorySystem::Write:528: unmapped Write8 0x00000000 @ 0x00000A12 at PC 0x010F3548
[   4.415815] HW.Memory <Error> core\memory.cpp:Memory::MemorySystem::Write:528: unmapped Write8 0x00000000 @ 0x00000A13 at PC 0x010F3548
[   4.415815] HW.Memory <Error> core\memory.cpp:Memory::MemorySystem::Write:528: unmapped Write8 0x00000000 @ 0x00000A14 at PC 0x010F3548
[   4.415816] HW.Memory <Error> core\memory.cpp:Memory::MemorySystem::Write:528: unmapped Write8 0x00000000 @ 0x00000A15 at PC 0x010F3548
[   4.415816] HW.Memory <Error> core\memory.cpp:Memory::MemorySystem::Write:528: unmapped Write8 0x00000000 @ 0x00000A16 at PC 0x010F3548
[   4.415817] HW.Memory <Error> core\memory.cpp:Memory::MemorySystem::Write:528: unmapped Write8 0x00000000 @ 0x00000A17 at PC 0x010F3548
[   4.415817] HW.Memory <Error> core\memory.cpp:Memory::MemorySystem::Write:528: unmapped Write8 0x00000000 @ 0x00000A18 at PC 0x010F3548
[   4.415818] HW.Memory <Error> core\memory.cpp:Memory::MemorySystem::Write:528: unmapped Write8 0x00000000 @ 0x00000A19 at PC 0x010F3548
[   4.415818] HW.Memory <Error> core\memory.cpp:Memory::MemorySystem::Write:528: unmapped Write8 0x00000000 @ 0x00000A1A at PC 0x010F3548
[   4.415819] HW.Memory <Error> core\memory.cpp:Memory::MemorySystem::Write:528: unmapped Write8 0x00000000 @ 0x00000A1B at PC 0x010F3548
[   4.415819] HW.Memory <Error> core\memory.cpp:Memory::MemorySystem::Write:528: unmapped Write8 0x00000000 @ 0x00000A1C at PC 0x010F3548
[   4.415820] HW.Memory <Error> core\memory.cpp:Memory::MemorySystem::Write:528: unmapped Write8 0x00000000 @ 0x00000A1D at PC 0x010F3548
[   4.415820] HW.Memory <Error> core\memory.cpp:Memory::MemorySystem::Write:528: unmapped Write8 0x00000000 @ 0x00000A1E at PC 0x010F3548
[   4.415821] HW.Memory <Error> core\memory.cpp:Memory::MemorySystem::Write:528: unmapped Write8 0x00000000 @ 0x00000A1F at PC 0x010F3548
[   4.415821] HW.Memory <Error> core\memory.cpp:Memory::MemorySystem::Write:528: unmapped Write8 0x00000000 @ 0x00000A20 at PC 0x010F3548
[   4.415822] HW.Memory <Error> core\memory.cpp:Memory::MemorySystem::Write:528: unmapped Write8 0x00000000 @ 0x00000A21 at PC 0x010F3548
[   4.415822] HW.Memory <Error> core\memory.cpp:Memory::MemorySystem::Write:528: unmapped Write8 0x00000000 @ 0x00000A22 at PC 0x010F3548
[   4.415823] HW.Memory <Error> core\memory.cpp:Memory::MemorySystem::Write:528: unmapped Write8 0x00000000 @ 0x00000A23 at PC 0x010F3548
[   4.415823] HW.Memory <Error> core\memory.cpp:Memory::MemorySystem::Write:528: unmapped Write8 0x00000000 @ 0x00000A24 at PC 0x010F3548
[   4.415824] HW.Memory <Error> core\memory.cpp:Memory::MemorySystem::Write:528: unmapped Write8 0x00000000 @ 0x00000A25 at PC 0x010F3548
[   4.415824] HW.Memory <Error> core\memory.cpp:Memory::MemorySystem::Write:528: unmapped Write8 0x00000000 @ 0x00000A26 at PC 0x010F3548
[   4.415825] HW.Memory <Error> core\memory.cpp:Memory::MemorySystem::Write:528: unmapped Write8 0x00000000 @ 0x00000A27 at PC 0x010F3548
[   4.415825] HW.Memory <Error> core\memory.cpp:Memory::MemorySystem::Write:528: unmapped Write8 0x00000000 @ 0x00000A28 at PC 0x010F3548
[   4.415826] HW.Memory <Error> core\memory.cpp:Memory::MemorySystem::Write:528: unmapped Write8 0x00000000 @ 0x00000A29 at PC 0x010F3548
[   4.415826] HW.Memory <Error> core\memory.cpp:Memory::MemorySystem::Write:528: unmapped Write8 0x00000000 @ 0x00000A2A at PC 0x010F3548
[   4.415827] HW.Memory <Error> core\memory.cpp:Memory::MemorySystem::Write:528: unmapped Write8 0x00000000 @ 0x00000A2B at PC 0x010F3548
[   4.415827] HW.Memory <Error> core\memory.cpp:Memory::MemorySystem::Write:528: unmapped Write8 0x00000000 @ 0x00000A2C at PC 0x010F3548
[   4.415828] HW.Memory <Error> core\memory.cpp:Memory::MemorySystem::Write:528: unmapped Write8 0x00000000 @ 0x00000A2D at PC 0x010F3548
[   4.415829] HW.Memory <Error> core\memory.cpp:Memory::MemorySystem::Write:528: unmapped Write8 0x00000000 @ 0x00000A2E at PC 0x010F3548
[   4.415829] HW.Memory <Error> core\memory.cpp:Memory::MemorySystem::Write:528: unmapped Write8 0x00000000 @ 0x00000A2F at PC 0x010F3548
[   4.415830] HW.Memory <Error> core\memory.cpp:Memory::MemorySystem::Write:528: unmapped Write8 0x00000000 @ 0x00000A30 at PC 0x010F3548
[   4.415830] HW.Memory <Error> core\memory.cpp:Memory::MemorySystem::Write:528: unmapped Write8 0x00000000 @ 0x00000A31 at PC 0x010F3548
[   4.415831] HW.Memory <Error> core\memory.cpp:Memory::MemorySystem::Write:528: unmapped Write8 0x00000000 @ 0x00000A32 at PC 0x010F3548
[   4.415832] HW.Memory <Error> core\memory.cpp:Memory::MemorySystem::Write:528: unmapped Write8 0x00000000 @ 0x00000A33 at PC 0x010F3548
[   4.415832] HW.Memory <Error> core\memory.cpp:Memory::MemorySystem::Write:528: unmapped Write8 0x00000000 @ 0x00000A34 at PC 0x010F3548
[   4.415833] HW.Memory <Error> core\memory.cpp:Memory::MemorySystem::Write:528: unmapped Write8 0x00000000 @ 0x00000A35 at PC 0x010F3548
[   4.415833] HW.Memory <Error> core\memory.cpp:Memory::MemorySystem::Write:528: unmapped Write8 0x00000000 @ 0x00000A36 at PC 0x010F3548
[   4.415834] HW.Memory <Error> core\memory.cpp:Memory::MemorySystem::Write:528: unmapped Write8 0x00000000 @ 0x00000A37 at PC 0x010F3548
[   4.415834] HW.Memory <Error> core\memory.cpp:Memory::MemorySystem::Write:528: unmapped Write8 0x00000000 @ 0x00000A38 at PC 0x010F3548
[   4.415835] HW.Memory <Error> core\memory.cpp:Memory::MemorySystem::Write:528: unmapped Write8 0x00000000 @ 0x00000A39 at PC 0x010F3548
[   4.415835] HW.Memory <Error> core\memory.cpp:Memory::MemorySystem::Write:528: unmapped Write8 0x00000000 @ 0x00000A3A at PC 0x010F3548
[   4.415836] HW.Memory <Error> core\memory.cpp:Memory::MemorySystem::Write:528: unmapped Write8 0x00000000 @ 0x00000A3B at PC 0x010F3548
[   4.415836] HW.Memory <Error> core\memory.cpp:Memory::MemorySystem::Write:528: unmapped Write8 0x00000000 @ 0x00000A3C at PC 0x010F3548
[   4.415837] HW.Memory <Error> core\memory.cpp:Memory::MemorySystem::Write:528: unmapped Write8 0x00000000 @ 0x00000A3D at PC 0x010F3548
[   4.415837] HW.Memory <Error> core\memory.cpp:Memory::MemorySystem::Write:528: unmapped Write8 0x00000000 @ 0x00000A3E at PC 0x010F3548
[   4.415838] HW.Memory <Error> core\memory.cpp:Memory::MemorySystem::Write:528: unmapped Write8 0x00000000 @ 0x00000A3F at PC 0x010F3548
[   4.415839] HW.Memory <Error> core\memory.cpp:Memory::MemorySystem::Write:528: unmapped Write8 0x00000000 @ 0x00000A40 at PC 0x010F3548
[   4.415839] HW.Memory <Error> core\memory.cpp:Memory::MemorySystem::Write:528: unmapped Write8 0x00000000 @ 0x00000A41 at PC 0x010F3548
[   4.415839] HW.Memory <Error> core\memory.cpp:Memory::MemorySystem::Write:528: unmapped Write8 0x00000000 @ 0x00000A42 at PC 0x010F3548
[   4.415840] HW.Memory <Error> core\memory.cpp:Memory::MemorySystem::Write:528: unmapped Write8 0x00000000 @ 0x00000A43 at PC 0x010F3548
[   4.415840] HW.Memory <Error> core\memory.cpp:Memory::MemorySystem::Write:528: unmapped Write8 0x00000000 @ 0x00000A44 at PC 0x010F3548
[   4.415841] HW.Memory <Error> core\memory.cpp:Memory::MemorySystem::Write:528: unmapped Write8 0x00000000 @ 0x00000A45 at PC 0x010F3548
[   4.415841] HW.Memory <Error> core\memory.cpp:Memory::MemorySystem::Write:528: unmapped Write8 0x00000000 @ 0x00000A46 at PC 0x010F3548
[   4.415842] HW.Memory <Error> core\memory.cpp:Memory::MemorySystem::Write:528: unmapped Write8 0x00000000 @ 0x00000A47 at PC 0x010F3548
[   4.415842] HW.Memory <Error> core\memory.cpp:Memory::MemorySystem::Write:528: unmapped Write8 0x00000000 @ 0x00000A48 at PC 0x010F3548
[   4.415843] HW.Memory <Error> core\memory.cpp:Memory::MemorySystem::Write:528: unmapped Write8 0x00000000 @ 0x00000A49 at PC 0x010F3548
[   4.415844] HW.Memory <Error> core\memory.cpp:Memory::MemorySystem::Write:528: unmapped Write8 0x00000000 @ 0x00000A4A at PC 0x010F3548
[   4.415844] HW.Memory <Error> core\memory.cpp:Memory::MemorySystem::Write:528: unmapped Write8 0x00000000 @ 0x00000A4B at PC 0x010F3548
[   4.415845] HW.Memory <Error> core\memory.cpp:Memory::MemorySystem::Write:528: unmapped Write8 0x00000000 @ 0x00000A4C at PC 0x010F3548
[   4.415845] HW.Memory <Error> core\memory.cpp:Memory::MemorySystem::Write:528: unmapped Write8 0x00000000 @ 0x00000A4D at PC 0x010F3548
[   4.415846] HW.Memory <Error> core\memory.cpp:Memory::MemorySystem::Write:528: unmapped Write8 0x00000000 @ 0x00000A4E at PC 0x010F3548
[   4.415846] HW.Memory <Error> core\memory.cpp:Memory::MemorySystem::Write:528: unmapped Write8 0x00000000 @ 0x00000A4F at PC 0x010F3548
[   4.415847] HW.Memory <Error> core\memory.cpp:Memory::MemorySystem::Write:528: unmapped Write8 0x00000000 @ 0x00000A50 at PC 0x010F3548
[   4.415847] HW.Memory <Error> core\memory.cpp:Memory::MemorySystem::Write:528: unmapped Write8 0x00000000 @ 0x00000A51 at PC 0x010F3548
[   4.415848] HW.Memory <Error> core\memory.cpp:Memory::MemorySystem::Write:528: unmapped Write8 0x00000000 @ 0x00000A52 at PC 0x010F3548
[   4.415848] HW.Memory <Error> core\memory.cpp:Memory::MemorySystem::Write:528: unmapped Write8 0x00000000 @ 0x00000A53 at PC 0x010F3548
[   4.415849] HW.Memory <Error> core\memory.cpp:Memory::MemorySystem::Write:528: unmapped Write8 0x00000000 @ 0x00000A54 at PC 0x010F3548
[   4.415849] HW.Memory <Error> core\memory.cpp:Memory::MemorySystem::Write:528: unmapped Write8 0x00000000 @ 0x00000A55 at PC 0x010F3548
[   4.415850] HW.Memory <Error> core\memory.cpp:Memory::MemorySystem::Write:528: unmapped Write8 0x00000000 @ 0x00000A56 at PC 0x010F3548
[   4.415850] HW.Memory <Error> core\memory.cpp:Memory::MemorySystem::Write:528: unmapped Write8 0x00000000 @ 0x00000A57 at PC 0x010F3548
[   4.415851] HW.Memory <Error> core\memory.cpp:Memory::MemorySystem::Write:528: unmapped Write8 0x00000000 @ 0x00000A58 at PC 0x010F3548
[   4.415851] HW.Memory <Error> core\memory.cpp:Memory::MemorySystem::Write:528: unmapped Write8 0x00000000 @ 0x00000A59 at PC 0x010F3548
[   4.415852] HW.Memory <Error> core\memory.cpp:Memory::MemorySystem::Write:528: unmapped Write8 0x00000000 @ 0x00000A5A at PC 0x010F3548
[   4.415852] HW.Memory <Error> core\memory.cpp:Memory::MemorySystem::Write:528: unmapped Write8 0x00000000 @ 0x00000A5B at PC 0x010F3548
[   4.415853] HW.Memory <Error> core\memory.cpp:Memory::MemorySystem::Write:528: unmapped Write8 0x00000000 @ 0x00000A5C at PC 0x010F3548
[   4.415853] HW.Memory <Error> core\memory.cpp:Memory::MemorySystem::Write:528: unmapped Write8 0x00000000 @ 0x00000A5D at PC 0x010F3548
[   4.415854] HW.Memory <Error> core\memory.cpp:Memory::MemorySystem::Write:528: unmapped Write8 0x00000000 @ 0x00000A5E at PC 0x010F3548
[   4.415854] HW.Memory <Error> core\memory.cpp:Memory::MemorySystem::Write:528: unmapped Write8 0x00000000 @ 0x00000A5F at PC 0x010F3548
[   4.415855] HW.Memory <Error> core\memory.cpp:Memory::MemorySystem::Write:528: unmapped Write8 0x00000000 @ 0x00000A60 at PC 0x010F3548
[   4.415855] HW.Memory <Error> core\memory.cpp:Memory::MemorySystem::Write:528: unmapped Write8 0x00000000 @ 0x00000A61 at PC 0x010F3548
[   4.415856] HW.Memory <Error> core\memory.cpp:Memory::MemorySystem::Write:528: unmapped Write8 0x00000000 @ 0x00000A62 at PC 0x010F3548
[   4.415856] HW.Memory <Error> core\memory.cpp:Memory::MemorySystem::Write:528: unmapped Write8 0x00000000 @ 0x00000A63 at PC 0x010F3548
[   4.415857] HW.Memory <Error> core\memory.cpp:Memory::MemorySystem::Write:528: unmapped Write8 0x00000000 @ 0x00000A64 at PC 0x010F3548
[   4.415857] HW.Memory <Error> core\memory.cpp:Memory::MemorySystem::Write:528: unmapped Write8 0x00000000 @ 0x00000A65 at PC 0x010F3548
[   4.415858] HW.Memory <Error> core\memory.cpp:Memory::MemorySystem::Write:528: unmapped Write8 0x00000000 @ 0x00000A66 at PC 0x010F3548
[   4.415858] HW.Memory <Error> core\memory.cpp:Memory::MemorySystem::Write:528: unmapped Write8 0x00000000 @ 0x00000A67 at PC 0x010F3548
[   4.415859] HW.Memory <Error> core\memory.cpp:Memory::MemorySystem::Write:528: unmapped Write8 0x00000000 @ 0x00000A68 at PC 0x010F3548
[   4.415859] HW.Memory <Error> core\memory.cpp:Memory::MemorySystem::Write:528: unmapped Write8 0x00000000 @ 0x00000A69 at PC 0x010F3548
[   4.415860] HW.Memory <Error> core\memory.cpp:Memory::MemorySystem::Write:528: unmapped Write8 0x00000000 @ 0x00000A6A at PC 0x010F3548
[   4.415860] HW.Memory <Error> core\memory.cpp:Memory::MemorySystem::Write:528: unmapped Write8 0x00000000 @ 0x00000A6B at PC 0x010F3548
[   4.415861] HW.Memory <Error> core\memory.cpp:Memory::MemorySystem::Write:528: unmapped Write8 0x00000000 @ 0x00000A6C at PC 0x010F3548
[   4.415861] HW.Memory <Error> core\memory.cpp:Memory::MemorySystem::Write:528: unmapped Write8 0x00000000 @ 0x00000A6D at PC 0x010F3548
[   4.415862] HW.Memory <Error> core\memory.cpp:Memory::MemorySystem::Write:528: unmapped Write8 0x00000000 @ 0x00000A6E at PC 0x010F3548
[   4.415863] HW.Memory <Error> core\memory.cpp:Memory::MemorySystem::Write:528: unmapped Write8 0x00000000 @ 0x00000A6F at PC 0x010F3548
[   4.415863] HW.Memory <Error> core\memory.cpp:Memory::MemorySystem::Write:528: unmapped Write8 0x00000000 @ 0x00000A70 at PC 0x010F3548
[   4.415864] HW.Memory <Error> core\memory.cpp:Memory::MemorySystem::Write:528: unmapped Write8 0x00000000 @ 0x00000A71 at PC 0x010F3548
[   4.415864] HW.Memory <Error> core\memory.cpp:Memory::MemorySystem::Write:528: unmapped Write8 0x00000000 @ 0x00000A72 at PC 0x010F3548
[   4.415865] HW.Memory <Error> core\memory.cpp:Memory::MemorySystem::Write:528: unmapped Write8 0x00000000 @ 0x00000A73 at PC 0x010F3548
[   4.415866] HW.Memory <Error> core\memory.cpp:Memory::MemorySystem::Write:528: unmapped Write8 0x00000000 @ 0x00000A74 at PC 0x010F3548
[   4.415866] HW.Memory <Error> core\memory.cpp:Memory::MemorySystem::Write:528: unmapped Write8 0x00000000 @ 0x00000A75 at PC 0x010F3548
[   4.415867] HW.Memory <Error> core\memory.cpp:Memory::MemorySystem::Write:528: unmapped Write8 0x00000000 @ 0x00000A76 at PC 0x010F3548
[   4.415867] HW.Memory <Error> core\memory.cpp:Memory::MemorySystem::Write:528: unmapped Write8 0x00000000 @ 0x00000A77 at PC 0x010F3548
[   4.415868] HW.Memory <Error> core\memory.cpp:Memory::MemorySystem::Write:528: unmapped Write8 0x00000000 @ 0x00000A78 at PC 0x010F3548
[   4.415868] HW.Memory <Error> core\memory.cpp:Memory::MemorySystem::Write:528: unmapped Write8 0x00000000 @ 0x00000A79 at PC 0x010F3548
[   4.415869] HW.Memory <Error> core\memory.cpp:Memory::MemorySystem::Write:528: unmapped Write8 0x00000000 @ 0x00000A7A at PC 0x010F3548
[   4.415869] HW.Memory <Error> core\memory.cpp:Memory::MemorySystem::Write:528: unmapped Write8 0x00000000 @ 0x00000A7B at PC 0x010F3548
[   4.415870] HW.Memory <Error> core\memory.cpp:Memory::MemorySystem::Write:528: unmapped Write8 0x00000000 @ 0x00000A7C at PC 0x010F3548
[   4.415870] HW.Memory <Error> core\memory.cpp:Memory::MemorySystem::Write:528: unmapped Write8 0x00000000 @ 0x00000A7D at PC 0x010F3548
[   4.415871] HW.Memory <Error> core\memory.cpp:Memory::MemorySystem::Write:528: unmapped Write8 0x00000000 @ 0x00000A7E at PC 0x010F3548
[   4.415871] HW.Memory <Error> core\memory.cpp:Memory::MemorySystem::Write:528: unmapped Write8 0x00000000 @ 0x00000A7F at PC 0x010F3548
[   4.415872] HW.Memory <Error> core\memory.cpp:Memory::MemorySystem::Write:528: unmapped Write8 0x00000000 @ 0x00000A80 at PC 0x010F3548
[   4.415872] HW.Memory <Error> core\memory.cpp:Memory::MemorySystem::Write:528: unmapped Write8 0x00000000 @ 0x00000A81 at PC 0x010F3548
[   4.415873] HW.Memory <Error> core\memory.cpp:Memory::MemorySystem::Write:528: unmapped Write8 0x00000000 @ 0x00000A82 at PC 0x010F3548
[   4.415873] HW.Memory <Error> core\memory.cpp:Memory::MemorySystem::Write:528: unmapped Write8 0x00000000 @ 0x00000A83 at PC 0x010F3548
[   4.415874] HW.Memory <Error> core\memory.cpp:Memory::MemorySystem::Write:528: unmapped Write8 0x00000000 @ 0x00000A84 at PC 0x010F3548
[   4.415874] HW.Memory <Error> core\memory.cpp:Memory::MemorySystem::Write:528: unmapped Write8 0x00000000 @ 0x00000A85 at PC 0x010F3548
[   4.415875] HW.Memory <Error> core\memory.cpp:Memory::MemorySystem::Write:528: unmapped Write8 0x00000000 @ 0x00000A86 at PC 0x010F3548
[   4.415876] HW.Memory <Error> core\memory.cpp:Memory::MemorySystem::Write:528: unmapped Write8 0x00000000 @ 0x00000A87 at PC 0x010F3548
[   4.415876] HW.Memory <Error> core\memory.cpp:Memory::MemorySystem::Write:528: unmapped Write8 0x00000000 @ 0x00000A88 at PC 0x010F3548
[   4.415877] HW.Memory <Error> core\memory.cpp:Memory::MemorySystem::Write:528: unmapped Write8 0x00000000 @ 0x00000A89 at PC 0x010F3548
[   4.415877] HW.Memory <Error> core\memory.cpp:Memory::MemorySystem::Write:528: unmapped Write8 0x00000000 @ 0x00000A8A at PC 0x010F3548
[   4.415878] HW.Memory <Error> core\memory.cpp:Memory::MemorySystem::Write:528: unmapped Write8 0x00000000 @ 0x00000A8B at PC 0x010F3548
[   4.415878] HW.Memory <Error> core\memory.cpp:Memory::MemorySystem::Write:528: unmapped Write8 0x00000000 @ 0x00000A8C at PC 0x010F3548
[   4.415879] HW.Memory <Error> core\memory.cpp:Memory::MemorySystem::Write:528: unmapped Write8 0x00000000 @ 0x00000A8D at PC 0x010F3548
[   4.415879] HW.Memory <Error> core\memory.cpp:Memory::MemorySystem::Write:528: unmapped Write8 0x00000000 @ 0x00000A8E at PC 0x010F3548
[   4.415880] HW.Memory <Error> core\memory.cpp:Memory::MemorySystem::Write:528: unmapped Write8 0x00000000 @ 0x00000A8F at PC 0x010F3548
[   4.415880] HW.Memory <Error> core\memory.cpp:Memory::MemorySystem::Write:528: unmapped Write8 0x00000000 @ 0x00000A90 at PC 0x010F3548
[   4.415881] HW.Memory <Error> core\memory.cpp:Memory::MemorySystem::Write:528: unmapped Write8 0x00000000 @ 0x00000A91 at PC 0x010F3548
[   4.415881] HW.Memory <Error> core\memory.cpp:Memory::MemorySystem::Write:528: unmapped Write8 0x00000000 @ 0x00000A92 at PC 0x010F3548
[   4.415882] HW.Memory <Error> core\memory.cpp:Memory::MemorySystem::Write:528: unmapped Write8 0x00000000 @ 0x00000A93 at PC 0x010F3548
[   4.415882] HW.Memory <Error> core\memory.cpp:Memory::MemorySystem::Write:528: unmapped Write8 0x00000000 @ 0x00000A94 at PC 0x010F3548
[   4.415883] HW.Memory <Error> core\memory.cpp:Memory::MemorySystem::Write:528: unmapped Write8 0x00000000 @ 0x00000A95 at PC 0x010F3548
[   4.415883] HW.Memory <Error> core\memory.cpp:Memory::MemorySystem::Write:528: unmapped Write8 0x00000000 @ 0x00000A96 at PC 0x010F3548
[   4.415884] HW.Memory <Error> core\memory.cpp:Memory::MemorySystem::Write:528: unmapped Write8 0x00000000 @ 0x00000A97 at PC 0x010F3548
[   4.415884] HW.Memory <Error> core\memory.cpp:Memory::MemorySystem::Write:528: unmapped Write8 0x00000000 @ 0x00000A98 at PC 0x010F3548
[   4.415885] HW.Memory <Error> core\memory.cpp:Memory::MemorySystem::Write:528: unmapped Write8 0x00000000 @ 0x00000A99 at PC 0x010F3548
[   4.415885] HW.Memory <Error> core\memory.cpp:Memory::MemorySystem::Write:528: unmapped Write8 0x00000000 @ 0x00000A9A at PC 0x010F3548
[   4.415886] HW.Memory <Error> core\memory.cpp:Memory::MemorySystem::Write:528: unmapped Write8 0x00000000 @ 0x00000A9B at PC 0x010F3548
[   4.415886] HW.Memory <Error> core\memory.cpp:Memory::MemorySystem::Write:528: unmapped Write8 0x00000000 @ 0x00000A9C at PC 0x010F3548
[   4.415887] HW.Memory <Error> core\memory.cpp:Memory::MemorySystem::Write:528: unmapped Write8 0x00000000 @ 0x00000A9D at PC 0x010F3548
[   4.415887] HW.Memory <Error> core\memory.cpp:Memory::MemorySystem::Write:528: unmapped Write8 0x00000000 @ 0x00000A9E at PC 0x010F3548
[   4.415888] HW.Memory <Error> core\memory.cpp:Memory::MemorySystem::Write:528: unmapped Write8 0x00000000 @ 0x00000A9F at PC 0x010F3548
[   4.415888] HW.Memory <Error> core\memory.cpp:Memory::MemorySystem::Write:528: unmapped Write8 0x00000000 @ 0x00000AA0 at PC 0x010F3548
[   4.415889] HW.Memory <Error> core\memory.cpp:Memory::MemorySystem::Write:528: unmapped Write8 0x00000000 @ 0x00000AA1 at PC 0x010F3548
[   4.415889] HW.Memory <Error> core\memory.cpp:Memory::MemorySystem::Write:528: unmapped Write8 0x00000000 @ 0x00000AA2 at PC 0x010F3548
[   4.415890] HW.Memory <Error> core\memory.cpp:Memory::MemorySystem::Write:528: unmapped Write8 0x00000000 @ 0x00000AA3 at PC 0x010F3548
[   4.415891] HW.Memory <Error> core\memory.cpp:Memory::MemorySystem::Write:528: unmapped Write8 0x00000000 @ 0x00000AA4 at PC 0x010F3548
[   4.415891] HW.Memory <Error> core\memory.cpp:Memory::MemorySystem::Write:528: unmapped Write8 0x00000000 @ 0x00000AA5 at PC 0x010F3548
[   4.415892] HW.Memory <Error> core\memory.cpp:Memory::MemorySystem::Write:528: unmapped Write8 0x00000000 @ 0x00000AA6 at PC 0x010F3548
[   4.415892] HW.Memory <Error> core\memory.cpp:Memory::MemorySystem::Write:528: unmapped Write8 0x00000000 @ 0x00000AA7 at PC 0x010F3548
[   4.415893] HW.Memory <Error> core\memory.cpp:Memory::MemorySystem::Write:528: unmapped Write8 0x00000000 @ 0x00000AA8 at PC 0x010F3548
[   4.415893] HW.Memory <Error> core\memory.cpp:Memory::MemorySystem::Write:528: unmapped Write8 0x00000000 @ 0x00000AA9 at PC 0x010F3548
[   4.415894] HW.Memory <Error> core\memory.cpp:Memory::MemorySystem::Write:528: unmapped Write8 0x00000000 @ 0x00000AAA at PC 0x010F3548
[   4.415894] HW.Memory <Error> core\memory.cpp:Memory::MemorySystem::Write:528: unmapped Write8 0x00000000 @ 0x00000AAB at PC 0x010F3548
[   4.415895] HW.Memory <Error> core\memory.cpp:Memory::MemorySystem::Write:528: unmapped Write8 0x00000000 @ 0x00000AAC at PC 0x010F3548
[   4.415896] HW.Memory <Error> core\memory.cpp:Memory::MemorySystem::Write:528: unmapped Write8 0x00000000 @ 0x00000AAD at PC 0x010F3548
[   4.415896] HW.Memory <Error> core\memory.cpp:Memory::MemorySystem::Write:528: unmapped Write8 0x00000000 @ 0x00000AAE at PC 0x010F3548
[   4.415897] HW.Memory <Error> core\memory.cpp:Memory::MemorySystem::Write:528: unmapped Write8 0x00000000 @ 0x00000AAF at PC 0x010F3548
[   4.415897] HW.Memory <Error> core\memory.cpp:Memory::MemorySystem::Write:528: unmapped Write8 0x00000000 @ 0x00000AB0 at PC 0x010F3548
[   4.415898] HW.Memory <Error> core\memory.cpp:Memory::MemorySystem::Write:528: unmapped Write8 0x00000000 @ 0x00000AB1 at PC 0x010F3548
[   4.415898] HW.Memory <Error> core\memory.cpp:Memory::MemorySystem::Write:528: unmapped Write8 0x00000000 @ 0x00000AB2 at PC 0x010F3548
[   4.415899] HW.Memory <Error> core\memory.cpp:Memory::MemorySystem::Write:528: unmapped Write8 0x00000000 @ 0x00000AB3 at PC 0x010F3548
[   4.415899] HW.Memory <Error> core\memory.cpp:Memory::MemorySystem::Write:528: unmapped Write8 0x00000000 @ 0x00000AB4 at PC 0x010F3548
[   4.415900] HW.Memory <Error> core\memory.cpp:Memory::MemorySystem::Write:528: unmapped Write8 0x00000000 @ 0x00000AB5 at PC 0x010F3548
[   4.415900] HW.Memory <Error> core\memory.cpp:Memory::MemorySystem::Write:528: unmapped Write8 0x00000000 @ 0x00000AB6 at PC 0x010F3548
[   4.415901] HW.Memory <Error> core\memory.cpp:Memory::MemorySystem::Write:528: unmapped Write8 0x00000000 @ 0x00000AB7 at PC 0x010F3548
[   4.415901] HW.Memory <Error> core\memory.cpp:Memory::MemorySystem::Write:528: unmapped Write8 0x00000000 @ 0x00000AB8 at PC 0x010F3548
[   4.415902] HW.Memory <Error> core\memory.cpp:Memory::MemorySystem::Write:528: unmapped Write8 0x00000000 @ 0x00000AB9 at PC 0x010F3548
[   4.415902] HW.Memory <Error> core\memory.cpp:Memory::MemorySystem::Write:528: unmapped Write8 0x00000000 @ 0x00000ABA at PC 0x010F3548
[   4.415903] HW.Memory <Error> core\memory.cpp:Memory::MemorySystem::Write:528: unmapped Write8 0x00000000 @ 0x00000ABB at PC 0x010F3548
[   4.415903] HW.Memory <Error> core\memory.cpp:Memory::MemorySystem::Write:528: unmapped Write8 0x00000000 @ 0x00000ABC at PC 0x010F3548
[   4.415935] HW.Memory <Error> core\memory.cpp:Memory::MemorySystem::Write:528: unmapped Write8 0x00000000 @ 0x00000ABD at PC 0x010F3548
[   4.415936] HW.Memory <Error> core\memory.cpp:Memory::MemorySystem::Write:528: unmapped Write8 0x00000000 @ 0x00000ABE at PC 0x010F3548
[   4.415936] HW.Memory <Error> core\memory.cpp:Memory::MemorySystem::Write:528: unmapped Write8 0x00000000 @ 0x00000ABF at PC 0x010F3548
[   4.415937] HW.Memory <Error> core\memory.cpp:Memory::MemorySystem::Write:528: unmapped Write8 0x00000000 @ 0x00000AC0 at PC 0x010F3548
[   4.415937] HW.Memory <Error> core\memory.cpp:Memory::MemorySystem::Write:528: unmapped Write8 0x00000000 @ 0x00000AC1 at PC 0x010F3548
[   4.415938] HW.Memory <Error> core\memory.cpp:Memory::MemorySystem::Write:528: unmapped Write8 0x00000000 @ 0x00000AC2 at PC 0x010F3548
[   4.415938] HW.Memory <Error> core\memory.cpp:Memory::MemorySystem::Write:528: unmapped Write8 0x00000000 @ 0x00000AC3 at PC 0x010F3548
[   4.415939] HW.Memory <Error> core\memory.cpp:Memory::MemorySystem::Write:528: unmapped Write8 0x00000000 @ 0x00000AC4 at PC 0x010F3548
[   4.415939] HW.Memory <Error> core\memory.cpp:Memory::MemorySystem::Write:528: unmapped Write8 0x00000000 @ 0x00000AC5 at PC 0x010F3548
[   4.415940] HW.Memory <Error> core\memory.cpp:Memory::MemorySystem::Write:528: unmapped Write8 0x00000000 @ 0x00000AC6 at PC 0x010F3548
[   4.415940] HW.Memory <Error> core\memory.cpp:Memory::MemorySystem::Write:528: unmapped Write8 0x00000000 @ 0x00000AC7 at PC 0x010F3548
[   4.415941] HW.Memory <Error> core\memory.cpp:Memory::MemorySystem::Write:528: unmapped Write8 0x00000000 @ 0x00000AC8 at PC 0x010F3548
[   4.415941] HW.Memory <Error> core\memory.cpp:Memory::MemorySystem::Write:528: unmapped Write8 0x00000000 @ 0x00000AC9 at PC 0x010F3548
[   4.415942] HW.Memory <Error> core\memory.cpp:Memory::MemorySystem::Write:528: unmapped Write8 0x00000000 @ 0x00000ACA at PC 0x010F3548
[   4.415942] HW.Memory <Error> core\memory.cpp:Memory::MemorySystem::Write:528: unmapped Write8 0x00000000 @ 0x00000ACB at PC 0x010F3548
[   4.415942] HW.Memory <Error> core\memory.cpp:Memory::MemorySystem::Write:528: unmapped Write8 0x00000000 @ 0x00000ACC at PC 0x010F3548
[   4.415943] HW.Memory <Error> core\memory.cpp:Memory::MemorySystem::Write:528: unmapped Write8 0x00000000 @ 0x00000ACD at PC 0x010F3548
[   4.415943] HW.Memory <Error> core\memory.cpp:Memory::MemorySystem::Write:528: unmapped Write8 0x00000000 @ 0x00000ACE at PC 0x010F3548
[   4.415944] HW.Memory <Error> core\memory.cpp:Memory::MemorySystem::Write:528: unmapped Write8 0x00000000 @ 0x00000ACF at PC 0x010F3548
[   4.415945] HW.Memory <Error> core\memory.cpp:Memory::MemorySystem::Write:528: unmapped Write8 0x00000000 @ 0x00000AD0 at PC 0x010F3548
[   4.415945] HW.Memory <Error> core\memory.cpp:Memory::MemorySystem::Write:528: unmapped Write8 0x00000000 @ 0x00000AD1 at PC 0x010F3548
[   4.415946] HW.Memory <Error> core\memory.cpp:Memory::MemorySystem::Write:528: unmapped Write8 0x00000000 @ 0x00000AD2 at PC 0x010F3548
[   4.415946] HW.Memory <Error> core\memory.cpp:Memory::MemorySystem::Write:528: unmapped Write8 0x00000000 @ 0x00000AD3 at PC 0x010F3548
[   4.415947] HW.Memory <Error> core\memory.cpp:Memory::MemorySystem::Write:528: unmapped Write8 0x00000000 @ 0x00000AD4 at PC 0x010F3548
[   4.415947] HW.Memory <Error> core\memory.cpp:Memory::MemorySystem::Write:528: unmapped Write8 0x00000000 @ 0x00000AD5 at PC 0x010F3548
[   4.415947] HW.Memory <Error> core\memory.cpp:Memory::MemorySystem::Write:528: unmapped Write8 0x00000000 @ 0x00000AD6 at PC 0x010F3548
[   4.415948] HW.Memory <Error> core\memory.cpp:Memory::MemorySystem::Write:528: unmapped Write8 0x00000000 @ 0x00000AD7 at PC 0x010F3548
[   4.415948] HW.Memory <Error> core\memory.cpp:Memory::MemorySystem::Write:528: unmapped Write8 0x00000000 @ 0x00000AD8 at PC 0x010F3548
[   4.415949] HW.Memory <Error> core\memory.cpp:Memory::MemorySystem::Write:528: unmapped Write8 0x00000000 @ 0x00000AD9 at PC 0x010F3548
[   4.415949] HW.Memory <Error> core\memory.cpp:Memory::MemorySystem::Write:528: unmapped Write8 0x00000000 @ 0x00000ADA at PC 0x010F3548
[   4.415950] HW.Memory <Error> core\memory.cpp:Memory::MemorySystem::Write:528: unmapped Write8 0x00000000 @ 0x00000ADB at PC 0x010F3548
[   4.415950] HW.Memory <Error> core\memory.cpp:Memory::MemorySystem::Write:528: unmapped Write8 0x00000000 @ 0x00000ADC at PC 0x010F3548
[   4.415951] HW.Memory <Error> core\memory.cpp:Memory::MemorySystem::Write:528: unmapped Write8 0x00000000 @ 0x00000ADD at PC 0x010F3548
[   4.415951] HW.Memory <Error> core\memory.cpp:Memory::MemorySystem::Write:528: unmapped Write8 0x00000000 @ 0x00000ADE at PC 0x010F3548
[   4.415952] HW.Memory <Error> core\memory.cpp:Memory::MemorySystem::Write:528: unmapped Write8 0x00000000 @ 0x00000ADF at PC 0x010F3548
[   4.415952] HW.Memory <Error> core\memory.cpp:Memory::MemorySystem::Write:528: unmapped Write8 0x00000000 @ 0x00000AE0 at PC 0x010F3548
[   4.415953] HW.Memory <Error> core\memory.cpp:Memory::MemorySystem::Write:528: unmapped Write8 0x00000000 @ 0x00000AE1 at PC 0x010F3548
[   4.415953] HW.Memory <Error> core\memory.cpp:Memory::MemorySystem::Write:528: unmapped Write8 0x00000000 @ 0x00000AE2 at PC 0x010F3548
[   4.415954] HW.Memory <Error> core\memory.cpp:Memory::MemorySystem::Write:528: unmapped Write8 0x00000000 @ 0x00000AE3 at PC 0x010F3548
[   4.415954] HW.Memory <Error> core\memory.cpp:Memory::MemorySystem::Write:528: unmapped Write8 0x00000000 @ 0x00000AE4 at PC 0x010F3548
[   4.415955] HW.Memory <Error> core\memory.cpp:Memory::MemorySystem::Write:528: unmapped Write8 0x00000000 @ 0x00000AE5 at PC 0x010F3548
[   4.415955] HW.Memory <Error> core\memory.cpp:Memory::MemorySystem::Write:528: unmapped Write8 0x00000000 @ 0x00000AE6 at PC 0x010F3548
[   4.415956] HW.Memory <Error> core\memory.cpp:Memory::MemorySystem::Write:528: unmapped Write8 0x00000000 @ 0x00000AE7 at PC 0x010F3548
[   4.415956] HW.Memory <Error> core\memory.cpp:Memory::MemorySystem::Write:528: unmapped Write8 0x00000000 @ 0x00000AE8 at PC 0x010F3548
[   4.415957] HW.Memory <Error> core\memory.cpp:Memory::MemorySystem::Write:528: unmapped Write8 0x00000000 @ 0x00000AE9 at PC 0x010F3548
[   4.415957] HW.Memory <Error> core\memory.cpp:Memory::MemorySystem::Write:528: unmapped Write8 0x00000000 @ 0x00000AEA at PC 0x010F3548
[   4.415958] HW.Memory <Error> core\memory.cpp:Memory::MemorySystem::Write:528: unmapped Write8 0x00000000 @ 0x00000AEB at PC 0x010F3548
[   4.415958] HW.Memory <Error> core\memory.cpp:Memory::MemorySystem::Write:528: unmapped Write8 0x00000000 @ 0x00000AEC at PC 0x010F3548
[   4.415959] HW.Memory <Error> core\memory.cpp:Memory::MemorySystem::Write:528: unmapped Write8 0x00000000 @ 0x00000AED at PC 0x010F3548
[   4.415959] HW.Memory <Error> core\memory.cpp:Memory::MemorySystem::Write:528: unmapped Write8 0x00000000 @ 0x00000AEE at PC 0x010F3548
[   4.415960] HW.Memory <Error> core\memory.cpp:Memory::MemorySystem::Write:528: unmapped Write8 0x00000000 @ 0x00000AEF at PC 0x010F3548
[   4.415960] HW.Memory <Error> core\memory.cpp:Memory::MemorySystem::Write:528: unmapped Write8 0x00000000 @ 0x00000AF0 at PC 0x010F3548
[   4.415960] HW.Memory <Error> core\memory.cpp:Memory::MemorySystem::Write:528: unmapped Write8 0x00000000 @ 0x00000AF1 at PC 0x010F3548
[   4.415961] HW.Memory <Error> core\memory.cpp:Memory::MemorySystem::Write:528: unmapped Write8 0x00000000 @ 0x00000AF2 at PC 0x010F3548
[   4.415961] HW.Memory <Error> core\memory.cpp:Memory::MemorySystem::Write:528: unmapped Write8 0x00000000 @ 0x00000AF3 at PC 0x010F3548
[   4.415962] HW.Memory <Error> core\memory.cpp:Memory::MemorySystem::Write:528: unmapped Write8 0x00000000 @ 0x00000AF4 at PC 0x010F3548
[   4.415962] HW.Memory <Error> core\memory.cpp:Memory::MemorySystem::Write:528: unmapped Write8 0x00000000 @ 0x00000AF5 at PC 0x010F3548
[   4.415963] HW.Memory <Error> core\memory.cpp:Memory::MemorySystem::Write:528: unmapped Write8 0x00000000 @ 0x00000AF6 at PC 0x010F3548
[   4.415963] HW.Memory <Error> core\memory.cpp:Memory::MemorySystem::Write:528: unmapped Write8 0x00000000 @ 0x00000AF7 at PC 0x010F3548
[   4.415964] HW.Memory <Error> core\memory.cpp:Memory::MemorySystem::Write:528: unmapped Write8 0x00000000 @ 0x00000AF8 at PC 0x010F3548
[   4.415964] HW.Memory <Error> core\memory.cpp:Memory::MemorySystem::Write:528: unmapped Write8 0x00000000 @ 0x00000AF9 at PC 0x010F3548
[   4.415965] HW.Memory <Error> core\memory.cpp:Memory::MemorySystem::Write:528: unmapped Write8 0x00000000 @ 0x00000AFA at PC 0x010F3548
[   4.415965] HW.Memory <Error> core\memory.cpp:Memory::MemorySystem::Write:528: unmapped Write8 0x00000000 @ 0x00000AFB at PC 0x010F3548
[   4.415966] HW.Memory <Error> core\memory.cpp:Memory::MemorySystem::Write:528: unmapped Write8 0x00000000 @ 0x00000AFC at PC 0x010F3548
[   4.415966] HW.Memory <Error> core\memory.cpp:Memory::MemorySystem::Write:528: unmapped Write8 0x00000000 @ 0x00000AFD at PC 0x010F3548
[   4.415967] HW.Memory <Error> core\memory.cpp:Memory::MemorySystem::Write:528: unmapped Write8 0x00000000 @ 0x00000AFE at PC 0x010F3548
[   4.415967] HW.Memory <Error> core\memory.cpp:Memory::MemorySystem::Write:528: unmapped Write8 0x00000000 @ 0x00000AFF at PC 0x010F3548
[   4.415968] HW.Memory <Error> core\memory.cpp:Memory::MemorySystem::Write:528: unmapped Write8 0x00000000 @ 0x00000B00 at PC 0x010F3548
[   4.415968] HW.Memory <Error> core\memory.cpp:Memory::MemorySystem::Write:528: unmapped Write8 0x00000000 @ 0x00000B01 at PC 0x010F3548
[   4.415969] HW.Memory <Error> core\memory.cpp:Memory::MemorySystem::Write:528: unmapped Write8 0x00000000 @ 0x00000B02 at PC 0x010F3548
[   4.415969] HW.Memory <Error> core\memory.cpp:Memory::MemorySystem::Write:528: unmapped Write8 0x00000000 @ 0x00000B03 at PC 0x010F3548
[   4.415970] HW.Memory <Error> core\memory.cpp:Memory::MemorySystem::Write:528: unmapped Write8 0x00000000 @ 0x00000B04 at PC 0x010F3548
[   4.415970] HW.Memory <Error> core\memory.cpp:Memory::MemorySystem::Write:528: unmapped Write8 0x00000000 @ 0x00000B05 at PC 0x010F3548
[   4.415972] HW.Memory <Error> core\memory.cpp:Memory::MemorySystem::Write:528: unmapped Write8 0x00000000 @ 0x00000B06 at PC 0x010F3548
[   4.415972] HW.Memory <Error> core\memory.cpp:Memory::MemorySystem::Write:528: unmapped Write8 0x00000000 @ 0x00000B07 at PC 0x010F3548
[   4.415973] HW.Memory <Error> core\memory.cpp:Memory::MemorySystem::Write:528: unmapped Write8 0x00000000 @ 0x00000B08 at PC 0x010F3548
[   4.415973] HW.Memory <Error> core\memory.cpp:Memory::MemorySystem::Write:528: unmapped Write8 0x00000000 @ 0x00000B09 at PC 0x010F3548
[   4.415974] HW.Memory <Error> core\memory.cpp:Memory::MemorySystem::Write:528: unmapped Write8 0x00000000 @ 0x00000B0A at PC 0x010F3548
[   4.415974] HW.Memory <Error> core\memory.cpp:Memory::MemorySystem::Write:528: unmapped Write8 0x00000000 @ 0x00000B0B at PC 0x010F3548
[   4.415975] HW.Memory <Error> core\memory.cpp:Memory::MemorySystem::Write:528: unmapped Write8 0x00000000 @ 0x00000B0C at PC 0x010F3548
[   4.415975] HW.Memory <Error> core\memory.cpp:Memory::MemorySystem::Write:528: unmapped Write8 0x00000000 @ 0x00000B0D at PC 0x010F3548
[   4.415976] HW.Memory <Error> core\memory.cpp:Memory::MemorySystem::Write:528: unmapped Write8 0x00000000 @ 0x00000B0E at PC 0x010F3548
[   4.415976] HW.Memory <Error> core\memory.cpp:Memory::MemorySystem::Write:528: unmapped Write8 0x00000000 @ 0x00000B0F at PC 0x010F3548
[   4.415977] HW.Memory <Error> core\memory.cpp:Memory::MemorySystem::Write:528: unmapped Write8 0x00000000 @ 0x00000B10 at PC 0x010F3548
[   4.415977] HW.Memory <Error> core\memory.cpp:Memory::MemorySystem::Write:528: unmapped Write8 0x00000000 @ 0x00000B11 at PC 0x010F3548
[   4.415978] HW.Memory <Error> core\memory.cpp:Memory::MemorySystem::Write:528: unmapped Write8 0x00000000 @ 0x00000B12 at PC 0x010F3548
[   4.415978] HW.Memory <Error> core\memory.cpp:Memory::MemorySystem::Write:528: unmapped Write8 0x00000000 @ 0x00000B13 at PC 0x010F3548
[   4.415979] HW.Memory <Error> core\memory.cpp:Memory::MemorySystem::Write:528: unmapped Write8 0x00000000 @ 0x00000B14 at PC 0x010F3548
[   4.415979] HW.Memory <Error> core\memory.cpp:Memory::MemorySystem::Write:528: unmapped Write8 0x00000000 @ 0x00000B15 at PC 0x010F3548
[   4.415980] HW.Memory <Error> core\memory.cpp:Memory::MemorySystem::Write:528: unmapped Write8 0x00000000 @ 0x00000B16 at PC 0x010F3548
[   4.415980] HW.Memory <Error> core\memory.cpp:Memory::MemorySystem::Write:528: unmapped Write8 0x00000000 @ 0x00000B17 at PC 0x010F3548
[   4.415981] HW.Memory <Error> core\memory.cpp:Memory::MemorySystem::Write:528: unmapped Write8 0x00000000 @ 0x00000B18 at PC 0x010F3548
[   4.415981] HW.Memory <Error> core\memory.cpp:Memory::MemorySystem::Write:528: unmapped Write8 0x00000000 @ 0x00000B19 at PC 0x010F3548
[   4.415982] HW.Memory <Error> core\memory.cpp:Memory::MemorySystem::Write:528: unmapped Write8 0x00000000 @ 0x00000B1A at PC 0x010F3548
[   4.415982] HW.Memory <Error> core\memory.cpp:Memory::MemorySystem::Write:528: unmapped Write8 0x00000000 @ 0x00000B1B at PC 0x010F3548
[   4.415983] HW.Memory <Error> core\memory.cpp:Memory::MemorySystem::Write:528: unmapped Write8 0x00000000 @ 0x00000B1C at PC 0x010F3548
[   4.415983] HW.Memory <Error> core\memory.cpp:Memory::MemorySystem::Write:528: unmapped Write8 0x00000000 @ 0x00000B1D at PC 0x010F3548
[   4.415984] HW.Memory <Error> core\memory.cpp:Memory::MemorySystem::Write:528: unmapped Write8 0x00000000 @ 0x00000B1E at PC 0x010F3548
[   4.415984] HW.Memory <Error> core\memory.cpp:Memory::MemorySystem::Write:528: unmapped Write8 0x00000000 @ 0x00000B1F at PC 0x010F3548
[   4.415984] HW.Memory <Error> core\memory.cpp:Memory::MemorySystem::Write:528: unmapped Write8 0x00000000 @ 0x00000B20 at PC 0x010F3548
[   4.415985] HW.Memory <Error> core\memory.cpp:Memory::MemorySystem::Write:528: unmapped Write8 0x00000000 @ 0x00000B21 at PC 0x010F3548
[   4.415985] HW.Memory <Error> core\memory.cpp:Memory::MemorySystem::Write:528: unmapped Write8 0x00000000 @ 0x00000B22 at PC 0x010F3548
[   4.415986] HW.Memory <Error> core\memory.cpp:Memory::MemorySystem::Write:528: unmapped Write8 0x00000000 @ 0x00000B23 at PC 0x010F3548
[   4.415986] HW.Memory <Error> core\memory.cpp:Memory::MemorySystem::Write:528: unmapped Write8 0x00000000 @ 0x00000B24 at PC 0x010F3548
[   4.415987] HW.Memory <Error> core\memory.cpp:Memory::MemorySystem::Write:528: unmapped Write8 0x00000000 @ 0x00000B25 at PC 0x010F3548
[   4.415987] HW.Memory <Error> core\memory.cpp:Memory::MemorySystem::Write:528: unmapped Write8 0x00000000 @ 0x00000B26 at PC 0x010F3548
[   4.415988] HW.Memory <Error> core\memory.cpp:Memory::MemorySystem::Write:528: unmapped Write8 0x00000000 @ 0x00000B27 at PC 0x010F3548
[   4.415988] HW.Memory <Error> core\memory.cpp:Memory::MemorySystem::Write:528: unmapped Write8 0x00000000 @ 0x00000B28 at PC 0x010F3548
[   4.415989] HW.Memory <Error> core\memory.cpp:Memory::MemorySystem::Write:528: unmapped Write8 0x00000000 @ 0x00000B29 at PC 0x010F3548
[   4.415989] HW.Memory <Error> core\memory.cpp:Memory::MemorySystem::Write:528: unmapped Write8 0x00000000 @ 0x00000B2A at PC 0x010F3548
[   4.415990] HW.Memory <Error> core\memory.cpp:Memory::MemorySystem::Write:528: unmapped Write8 0x00000000 @ 0x00000B2B at PC 0x010F3548
[   4.415990] HW.Memory <Error> core\memory.cpp:Memory::MemorySystem::Write:528: unmapped Write8 0x00000000 @ 0x00000B2C at PC 0x010F3548
[   4.415991] HW.Memory <Error> core\memory.cpp:Memory::MemorySystem::Write:528: unmapped Write8 0x00000000 @ 0x00000B2D at PC 0x010F3548
[   4.415991] HW.Memory <Error> core\memory.cpp:Memory::MemorySystem::Write:528: unmapped Write8 0x00000000 @ 0x00000B2E at PC 0x010F3548
[   4.415992] HW.Memory <Error> core\memory.cpp:Memory::MemorySystem::Write:528: unmapped Write8 0x00000000 @ 0x00000B2F at PC 0x010F3548
[   4.415992] HW.Memory <Error> core\memory.cpp:Memory::MemorySystem::Write:528: unmapped Write8 0x00000000 @ 0x00000B30 at PC 0x010F3548
[   4.415993] HW.Memory <Error> core\memory.cpp:Memory::MemorySystem::Write:528: unmapped Write8 0x00000000 @ 0x00000B31 at PC 0x010F3548
[   4.415993] HW.Memory <Error> core\memory.cpp:Memory::MemorySystem::Write:528: unmapped Write8 0x00000000 @ 0x00000B32 at PC 0x010F3548
[   4.415994] HW.Memory <Error> core\memory.cpp:Memory::MemorySystem::Write:528: unmapped Write8 0x00000000 @ 0x00000B33 at PC 0x010F3548
[   4.415994] HW.Memory <Error> core\memory.cpp:Memory::MemorySystem::Write:528: unmapped Write8 0x00000000 @ 0x00000B34 at PC 0x010F3548
[   4.415995] HW.Memory <Error> core\memory.cpp:Memory::MemorySystem::Write:528: unmapped Write8 0x00000000 @ 0x00000B35 at PC 0x010F3548
[   4.415995] HW.Memory <Error> core\memory.cpp:Memory::MemorySystem::Write:528: unmapped Write8 0x00000000 @ 0x00000B36 at PC 0x010F3548
[   4.415996] HW.Memory <Error> core\memory.cpp:Memory::MemorySystem::Write:528: unmapped Write8 0x00000000 @ 0x00000B37 at PC 0x010F3548
[   4.415996] HW.Memory <Error> core\memory.cpp:Memory::MemorySystem::Write:528: unmapped Write8 0x00000000 @ 0x00000B38 at PC 0x010F3548
[   4.415997] HW.Memory <Error> core\memory.cpp:Memory::MemorySystem::Write:528: unmapped Write8 0x00000000 @ 0x00000B39 at PC 0x010F3548
[   4.415997] HW.Memory <Error> core\memory.cpp:Memory::MemorySystem::Write:528: unmapped Write8 0x00000000 @ 0x00000B3A at PC 0x010F3548
[   4.415997] HW.Memory <Error> core\memory.cpp:Memory::MemorySystem::Write:528: unmapped Write8 0x00000000 @ 0x00000B3B at PC 0x010F3548
[   4.415998] HW.Memory <Error> core\memory.cpp:Memory::MemorySystem::Write:528: unmapped Write8 0x00000000 @ 0x00000B3C at PC 0x010F3548
[   4.415998] HW.Memory <Error> core\memory.cpp:Memory::MemorySystem::Write:528: unmapped Write8 0x00000000 @ 0x00000B3D at PC 0x010F3548
[   4.415999] HW.Memory <Error> core\memory.cpp:Memory::MemorySystem::Write:528: unmapped Write8 0x00000000 @ 0x00000B3E at PC 0x010F3548
[   4.415999] HW.Memory <Error> core\memory.cpp:Memory::MemorySystem::Write:528: unmapped Write8 0x00000000 @ 0x00000B3F at PC 0x010F3548
[   4.416000] HW.Memory <Error> core\memory.cpp:Memory::MemorySystem::Write:528: unmapped Write8 0x00000000 @ 0x00000B40 at PC 0x010F3548
[   4.416000] HW.Memory <Error> core\memory.cpp:Memory::MemorySystem::Write:528: unmapped Write8 0x00000000 @ 0x00000B41 at PC 0x010F3548
[   4.416001] HW.Memory <Error> core\memory.cpp:Memory::MemorySystem::Write:528: unmapped Write8 0x00000000 @ 0x00000B42 at PC 0x010F3548
[   4.416001] HW.Memory <Error> core\memory.cpp:Memory::MemorySystem::Write:528: unmapped Write8 0x00000000 @ 0x00000B43 at PC 0x010F3548
[   4.416002] HW.Memory <Error> core\memory.cpp:Memory::MemorySystem::Write:528: unmapped Write8 0x00000000 @ 0x00000B44 at PC 0x010F3548
[   4.416002] HW.Memory <Error> core\memory.cpp:Memory::MemorySystem::Write:528: unmapped Write8 0x00000000 @ 0x00000B45 at PC 0x010F3548
[   4.416003] HW.Memory <Error> core\memory.cpp:Memory::MemorySystem::Write:528: unmapped Write8 0x00000000 @ 0x00000B46 at PC 0x010F3548
[   4.416003] HW.Memory <Error> core\memory.cpp:Memory::MemorySystem::Write:528: unmapped Write8 0x00000000 @ 0x00000B47 at PC 0x010F3548
[   4.416004] HW.Memory <Error> core\memory.cpp:Memory::MemorySystem::Write:528: unmapped Write8 0x00000000 @ 0x00000B48 at PC 0x010F3548
[   4.416004] HW.Memory <Error> core\memory.cpp:Memory::MemorySystem::Write:528: unmapped Write8 0x00000000 @ 0x00000B49 at PC 0x010F3548
[   4.416005] HW.Memory <Error> core\memory.cpp:Memory::MemorySystem::Write:528: unmapped Write8 0x00000000 @ 0x00000B4A at PC 0x010F3548
[   4.416005] HW.Memory <Error> core\memory.cpp:Memory::MemorySystem::Write:528: unmapped Write8 0x00000000 @ 0x00000B4B at PC 0x010F3548
[   4.416006] HW.Memory <Error> core\memory.cpp:Memory::MemorySystem::Write:528: unmapped Write8 0x00000000 @ 0x00000B4C at PC 0x010F3548
[   4.416006] HW.Memory <Error> core\memory.cpp:Memory::MemorySystem::Write:528: unmapped Write8 0x00000000 @ 0x00000B4D at PC 0x010F3548
[   4.416007] HW.Memory <Error> core\memory.cpp:Memory::MemorySystem::Write:528: unmapped Write8 0x00000000 @ 0x00000B4E at PC 0x010F3548
[   4.416007] HW.Memory <Error> core\memory.cpp:Memory::MemorySystem::Write:528: unmapped Write8 0x00000000 @ 0x00000B4F at PC 0x010F3548
[   4.416008] HW.Memory <Error> core\memory.cpp:Memory::MemorySystem::Write:528: unmapped Write8 0x00000000 @ 0x00000B50 at PC 0x010F3548
[   4.416008] HW.Memory <Error> core\memory.cpp:Memory::MemorySystem::Write:528: unmapped Write8 0x00000000 @ 0x00000B51 at PC 0x010F3548
[   4.416009] HW.Memory <Error> core\memory.cpp:Memory::MemorySystem::Write:528: unmapped Write8 0x00000000 @ 0x00000B52 at PC 0x010F3548
[   4.416009] HW.Memory <Error> core\memory.cpp:Memory::MemorySystem::Write:528: unmapped Write8 0x00000000 @ 0x00000B53 at PC 0x010F3548
[   4.416010] HW.Memory <Error> core\memory.cpp:Memory::MemorySystem::Write:528: unmapped Write8 0x00000000 @ 0x00000B54 at PC 0x010F3548
[   4.416010] HW.Memory <Error> core\memory.cpp:Memory::MemorySystem::Write:528: unmapped Write8 0x00000000 @ 0x00000B55 at PC 0x010F3548
[   4.416011] HW.Memory <Error> core\memory.cpp:Memory::MemorySystem::Write:528: unmapped Write8 0x00000000 @ 0x00000B56 at PC 0x010F3548
[   4.416011] HW.Memory <Error> core\memory.cpp:Memory::MemorySystem::Write:528: unmapped Write8 0x00000000 @ 0x00000B57 at PC 0x010F3548
[   4.416012] HW.Memory <Error> core\memory.cpp:Memory::MemorySystem::Write:528: unmapped Write8 0x00000000 @ 0x00000B58 at PC 0x010F3548
[   4.416012] HW.Memory <Error> core\memory.cpp:Memory::MemorySystem::Write:528: unmapped Write8 0x00000000 @ 0x00000B59 at PC 0x010F3548
[   4.416013] HW.Memory <Error> core\memory.cpp:Memory::MemorySystem::Write:528: unmapped Write8 0x00000000 @ 0x00000B5A at PC 0x010F3548
[   4.416013] HW.Memory <Error> core\memory.cpp:Memory::MemorySystem::Write:528: unmapped Write8 0x00000000 @ 0x00000B5B at PC 0x010F3548
[   4.416014] HW.Memory <Error> core\memory.cpp:Memory::MemorySystem::Write:528: unmapped Write8 0x00000000 @ 0x00000B5C at PC 0x010F3548
[   4.416014] HW.Memory <Error> core\memory.cpp:Memory::MemorySystem::Write:528: unmapped Write8 0x00000000 @ 0x00000B5D at PC 0x010F3548
[   4.416015] HW.Memory <Error> core\memory.cpp:Memory::MemorySystem::Write:528: unmapped Write8 0x00000000 @ 0x00000B5E at PC 0x010F3548
[   4.416015] HW.Memory <Error> core\memory.cpp:Memory::MemorySystem::Write:528: unmapped Write8 0x00000000 @ 0x00000B5F at PC 0x010F3548
[   4.416015] HW.Memory <Error> core\memory.cpp:Memory::MemorySystem::Write:528: unmapped Write8 0x00000000 @ 0x00000B60 at PC 0x010F3548
[   4.416016] HW.Memory <Error> core\memory.cpp:Memory::MemorySystem::Write:528: unmapped Write8 0x00000000 @ 0x00000B61 at PC 0x010F3548
[   4.416016] HW.Memory <Error> core\memory.cpp:Memory::MemorySystem::Write:528: unmapped Write8 0x00000000 @ 0x00000B62 at PC 0x010F3548
[   4.416017] HW.Memory <Error> core\memory.cpp:Memory::MemorySystem::Write:528: unmapped Write8 0x00000000 @ 0x00000B63 at PC 0x010F3548
[   4.416017] HW.Memory <Error> core\memory.cpp:Memory::MemorySystem::Write:528: unmapped Write8 0x00000000 @ 0x00000B64 at PC 0x010F3548
[   4.416018] HW.Memory <Error> core\memory.cpp:Memory::MemorySystem::Write:528: unmapped Write8 0x00000000 @ 0x00000B65 at PC 0x010F3548
[   4.416018] HW.Memory <Error> core\memory.cpp:Memory::MemorySystem::Write:528: unmapped Write8 0x00000000 @ 0x00000B66 at PC 0x010F3548
[   4.416019] HW.Memory <Error> core\memory.cpp:Memory::MemorySystem::Write:528: unmapped Write8 0x00000000 @ 0x00000B67 at PC 0x010F3548
[   4.416019] HW.Memory <Error> core\memory.cpp:Memory::MemorySystem::Write:528: unmapped Write8 0x00000000 @ 0x00000B68 at PC 0x010F3548
[   4.416020] HW.Memory <Error> core\memory.cpp:Memory::MemorySystem::Write:528: unmapped Write8 0x00000000 @ 0x00000B69 at PC 0x010F3548
[   4.416020] HW.Memory <Error> core\memory.cpp:Memory::MemorySystem::Write:528: unmapped Write8 0x00000000 @ 0x00000B6A at PC 0x010F3548
[   4.416021] HW.Memory <Error> core\memory.cpp:Memory::MemorySystem::Write:528: unmapped Write8 0x00000000 @ 0x00000B6B at PC 0x010F3548
[   4.416021] HW.Memory <Error> core\memory.cpp:Memory::MemorySystem::Write:528: unmapped Write8 0x00000000 @ 0x00000B6C at PC 0x010F3548
[   4.416022] HW.Memory <Error> core\memory.cpp:Memory::MemorySystem::Write:528: unmapped Write8 0x00000000 @ 0x00000B6D at PC 0x010F3548
[   4.416022] HW.Memory <Error> core\memory.cpp:Memory::MemorySystem::Write:528: unmapped Write8 0x00000000 @ 0x00000B6E at PC 0x010F3548
[   4.416023] HW.Memory <Error> core\memory.cpp:Memory::MemorySystem::Write:528: unmapped Write8 0x00000000 @ 0x00000B6F at PC 0x010F3548
[   4.416023] HW.Memory <Error> core\memory.cpp:Memory::MemorySystem::Write:528: unmapped Write8 0x00000000 @ 0x00000B70 at PC 0x010F3548
[   4.416024] HW.Memory <Error> core\memory.cpp:Memory::MemorySystem::Write:528: unmapped Write8 0x00000000 @ 0x00000B71 at PC 0x010F3548
[   4.416024] HW.Memory <Error> core\memory.cpp:Memory::MemorySystem::Write:528: unmapped Write8 0x00000000 @ 0x00000B72 at PC 0x010F3548
[   4.416025] HW.Memory <Error> core\memory.cpp:Memory::MemorySystem::Write:528: unmapped Write8 0x00000000 @ 0x00000B73 at PC 0x010F3548
[   4.416025] HW.Memory <Error> core\memory.cpp:Memory::MemorySystem::Write:528: unmapped Write8 0x00000000 @ 0x00000B74 at PC 0x010F3548
[   4.416026] HW.Memory <Error> core\memory.cpp:Memory::MemorySystem::Write:528: unmapped Write8 0x00000000 @ 0x00000B75 at PC 0x010F3548
[   4.416026] HW.Memory <Error> core\memory.cpp:Memory::MemorySystem::Write:528: unmapped Write8 0x00000000 @ 0x00000B76 at PC 0x010F3548
[   4.416027] HW.Memory <Error> core\memory.cpp:Memory::MemorySystem::Write:528: unmapped Write8 0x00000000 @ 0x00000B77 at PC 0x010F3548
[   4.416027] HW.Memory <Error> core\memory.cpp:Memory::MemorySystem::Write:528: unmapped Write8 0x00000000 @ 0x00000B78 at PC 0x010F3548
[   4.416028] HW.Memory <Error> core\memory.cpp:Memory::MemorySystem::Write:528: unmapped Write8 0x00000000 @ 0x00000B79 at PC 0x010F3548
[   4.416028] HW.Memory <Error> core\memory.cpp:Memory::MemorySystem::Write:528: unmapped Write8 0x00000000 @ 0x00000B7A at PC 0x010F3548
[   4.416028] HW.Memory <Error> core\memory.cpp:Memory::MemorySystem::Write:528: unmapped Write8 0x00000000 @ 0x00000B7B at PC 0x010F3548
[   4.416029] HW.Memory <Error> core\memory.cpp:Memory::MemorySystem::Write:528: unmapped Write8 0x00000000 @ 0x00000B7C at PC 0x010F3548
[   4.416029] HW.Memory <Error> core\memory.cpp:Memory::MemorySystem::Write:528: unmapped Write8 0x00000000 @ 0x00000B7D at PC 0x010F3548
[   4.416030] HW.Memory <Error> core\memory.cpp:Memory::MemorySystem::Write:528: unmapped Write8 0x00000000 @ 0x00000B7E at PC 0x010F3548
[   4.416030] HW.Memory <Error> core\memory.cpp:Memory::MemorySystem::Write:528: unmapped Write8 0x00000000 @ 0x00000B7F at PC 0x010F3548
[   4.416031] HW.Memory <Error> core\memory.cpp:Memory::MemorySystem::Write:528: unmapped Write8 0x00000000 @ 0x00000B80 at PC 0x010F3548
[   4.416031] HW.Memory <Error> core\memory.cpp:Memory::MemorySystem::Write:528: unmapped Write8 0x00000000 @ 0x00000B81 at PC 0x010F3548
[   4.416032] HW.Memory <Error> core\memory.cpp:Memory::MemorySystem::Write:528: unmapped Write8 0x00000000 @ 0x00000B82 at PC 0x010F3548
[   4.416032] HW.Memory <Error> core\memory.cpp:Memory::MemorySystem::Write:528: unmapped Write8 0x00000000 @ 0x00000B83 at PC 0x010F3548
[   4.416033] HW.Memory <Error> core\memory.cpp:Memory::MemorySystem::Write:528: unmapped Write8 0x00000000 @ 0x00000B84 at PC 0x010F3548
[   4.416033] HW.Memory <Error> core\memory.cpp:Memory::MemorySystem::Write:528: unmapped Write8 0x00000000 @ 0x00000B85 at PC 0x010F3548
[   4.416034] HW.Memory <Error> core\memory.cpp:Memory::MemorySystem::Write:528: unmapped Write8 0x00000000 @ 0x00000B86 at PC 0x010F3548
[   4.416034] HW.Memory <Error> core\memory.cpp:Memory::MemorySystem::Write:528: unmapped Write8 0x00000000 @ 0x00000B87 at PC 0x010F3548
[   4.416035] HW.Memory <Error> core\memory.cpp:Memory::MemorySystem::Write:528: unmapped Write8 0x00000000 @ 0x00000B88 at PC 0x010F3548
[   4.416035] HW.Memory <Error> core\memory.cpp:Memory::MemorySystem::Write:528: unmapped Write8 0x00000000 @ 0x00000B89 at PC 0x010F3548
[   4.416036] HW.Memory <Error> core\memory.cpp:Memory::MemorySystem::Write:528: unmapped Write8 0x00000000 @ 0x00000B8A at PC 0x010F3548
[   4.416036] HW.Memory <Error> core\memory.cpp:Memory::MemorySystem::Write:528: unmapped Write8 0x00000000 @ 0x00000B8B at PC 0x010F3548
[   4.416037] HW.Memory <Error> core\memory.cpp:Memory::MemorySystem::Write:528: unmapped Write8 0x00000000 @ 0x00000B8C at PC 0x010F3548
[   4.416037] HW.Memory <Error> core\memory.cpp:Memory::MemorySystem::Write:528: unmapped Write8 0x00000000 @ 0x00000B8D at PC 0x010F3548
[   4.416038] HW.Memory <Error> core\memory.cpp:Memory::MemorySystem::Write:528: unmapped Write8 0x00000000 @ 0x00000B8E at PC 0x010F3548
[   4.416038] HW.Memory <Error> core\memory.cpp:Memory::MemorySystem::Write:528: unmapped Write8 0x00000000 @ 0x00000B8F at PC 0x010F3548
[   4.416039] HW.Memory <Error> core\memory.cpp:Memory::MemorySystem::Write:528: unmapped Write8 0x00000000 @ 0x00000B90 at PC 0x010F3548
[   4.416039] HW.Memory <Error> core\memory.cpp:Memory::MemorySystem::Write:528: unmapped Write8 0x00000000 @ 0x00000B91 at PC 0x010F3548
[   4.416040] HW.Memory <Error> core\memory.cpp:Memory::MemorySystem::Write:528: unmapped Write8 0x00000000 @ 0x00000B92 at PC 0x010F3548
[   4.416040] HW.Memory <Error> core\memory.cpp:Memory::MemorySystem::Write:528: unmapped Write8 0x00000000 @ 0x00000B93 at PC 0x010F3548
[   4.416041] HW.Memory <Error> core\memory.cpp:Memory::MemorySystem::Write:528: unmapped Write8 0x00000000 @ 0x00000B94 at PC 0x010F3548
[   4.416041] HW.Memory <Error> core\memory.cpp:Memory::MemorySystem::Write:528: unmapped Write8 0x00000000 @ 0x00000B95 at PC 0x010F3548
[   4.416042] HW.Memory <Error> core\memory.cpp:Memory::MemorySystem::Write:528: unmapped Write8 0x00000000 @ 0x00000B96 at PC 0x010F3548
[   4.416042] HW.Memory <Error> core\memory.cpp:Memory::MemorySystem::Write:528: unmapped Write8 0x00000000 @ 0x00000B97 at PC 0x010F3548
[   4.416043] HW.Memory <Error> core\memory.cpp:Memory::MemorySystem::Write:528: unmapped Write8 0x00000000 @ 0x00000B98 at PC 0x010F3548
[   4.416043] HW.Memory <Error> core\memory.cpp:Memory::MemorySystem::Write:528: unmapped Write8 0x00000000 @ 0x00000B99 at PC 0x010F3548
[   4.416043] HW.Memory <Error> core\memory.cpp:Memory::MemorySystem::Write:528: unmapped Write8 0x00000000 @ 0x00000B9A at PC 0x010F3548
[   4.416044] HW.Memory <Error> core\memory.cpp:Memory::MemorySystem::Write:528: unmapped Write8 0x00000000 @ 0x00000B9B at PC 0x010F3548
[   4.416044] HW.Memory <Error> core\memory.cpp:Memory::MemorySystem::Write:528: unmapped Write8 0x00000000 @ 0x00000B9C at PC 0x010F3548
[   4.416045] HW.Memory <Error> core\memory.cpp:Memory::MemorySystem::Write:528: unmapped Write8 0x00000000 @ 0x00000B9D at PC 0x010F3548
[   4.416045] HW.Memory <Error> core\memory.cpp:Memory::MemorySystem::Write:528: unmapped Write8 0x00000000 @ 0x00000B9E at PC 0x010F3548
[   4.416046] HW.Memory <Error> core\memory.cpp:Memory::MemorySystem::Write:528: unmapped Write8 0x00000000 @ 0x00000B9F at PC 0x010F3548
[   4.416046] HW.Memory <Error> core\memory.cpp:Memory::MemorySystem::Write:528: unmapped Write8 0x00000000 @ 0x00000BA0 at PC 0x010F3548
[   4.416047] HW.Memory <Error> core\memory.cpp:Memory::MemorySystem::Write:528: unmapped Write8 0x00000000 @ 0x00000BA1 at PC 0x010F3548
[   4.416047] HW.Memory <Error> core\memory.cpp:Memory::MemorySystem::Write:528: unmapped Write8 0x00000000 @ 0x00000BA2 at PC 0x010F3548
[   4.416048] HW.Memory <Error> core\memory.cpp:Memory::MemorySystem::Write:528: unmapped Write8 0x00000000 @ 0x00000BA3 at PC 0x010F3548
[   4.416048] HW.Memory <Error> core\memory.cpp:Memory::MemorySystem::Write:528: unmapped Write8 0x00000000 @ 0x00000BA4 at PC 0x010F3548
[   4.416049] HW.Memory <Error> core\memory.cpp:Memory::MemorySystem::Write:528: unmapped Write8 0x00000000 @ 0x00000BA5 at PC 0x010F3548
[   4.416049] HW.Memory <Error> core\memory.cpp:Memory::MemorySystem::Write:528: unmapped Write8 0x00000000 @ 0x00000BA6 at PC 0x010F3548
[   4.416050] HW.Memory <Error> core\memory.cpp:Memory::MemorySystem::Write:528: unmapped Write8 0x00000000 @ 0x00000BA7 at PC 0x010F3548
[   4.416050] HW.Memory <Error> core\memory.cpp:Memory::MemorySystem::Write:528: unmapped Write8 0x00000000 @ 0x00000BA8 at PC 0x010F3548
[   4.416051] HW.Memory <Error> core\memory.cpp:Memory::MemorySystem::Write:528: unmapped Write8 0x00000000 @ 0x00000BA9 at PC 0x010F3548
[   4.416051] HW.Memory <Error> core\memory.cpp:Memory::MemorySystem::Write:528: unmapped Write8 0x00000000 @ 0x00000BAA at PC 0x010F3548
[   4.416052] HW.Memory <Error> core\memory.cpp:Memory::MemorySystem::Write:528: unmapped Write8 0x00000000 @ 0x00000BAB at PC 0x010F3548
[   4.416052] HW.Memory <Error> core\memory.cpp:Memory::MemorySystem::Write:528: unmapped Write8 0x00000000 @ 0x00000BAC at PC 0x010F3548
[   4.416053] HW.Memory <Error> core\memory.cpp:Memory::MemorySystem::Write:528: unmapped Write8 0x00000000 @ 0x00000BAD at PC 0x010F3548
[   4.416053] HW.Memory <Error> core\memory.cpp:Memory::MemorySystem::Write:528: unmapped Write8 0x00000000 @ 0x00000BAE at PC 0x010F3548
[   4.416054] HW.Memory <Error> core\memory.cpp:Memory::MemorySystem::Write:528: unmapped Write8 0x00000000 @ 0x00000BAF at PC 0x010F3548
[   4.416054] HW.Memory <Error> core\memory.cpp:Memory::MemorySystem::Write:528: unmapped Write8 0x00000000 @ 0x00000BB0 at PC 0x010F3548
[   4.416055] HW.Memory <Error> core\memory.cpp:Memory::MemorySystem::Write:528: unmapped Write8 0x00000000 @ 0x00000BB1 at PC 0x010F3548
[   4.416055] HW.Memory <Error> core\memory.cpp:Memory::MemorySystem::Write:528: unmapped Write8 0x00000000 @ 0x00000BB2 at PC 0x010F3548
[   4.416056] HW.Memory <Error> core\memory.cpp:Memory::MemorySystem::Write:528: unmapped Write8 0x00000000 @ 0x00000BB3 at PC 0x010F3548
[   4.416056] HW.Memory <Error> core\memory.cpp:Memory::MemorySystem::Write:528: unmapped Write8 0x00000000 @ 0x00000BB4 at PC 0x010F3548
[   4.416057] HW.Memory <Error> core\memory.cpp:Memory::MemorySystem::Write:528: unmapped Write8 0x00000000 @ 0x00000BB5 at PC 0x010F3548
[   4.416057] HW.Memory <Error> core\memory.cpp:Memory::MemorySystem::Write:528: unmapped Write8 0x00000000 @ 0x00000BB6 at PC 0x010F3548
[   4.416058] HW.Memory <Error> core\memory.cpp:Memory::MemorySystem::Write:528: unmapped Write8 0x00000000 @ 0x00000BB7 at PC 0x010F3548
[   4.416058] HW.Memory <Error> core\memory.cpp:Memory::MemorySystem::Write:528: unmapped Write8 0x00000000 @ 0x00000BB8 at PC 0x010F3548
[   4.416059] HW.Memory <Error> core\memory.cpp:Memory::MemorySystem::Write:528: unmapped Write8 0x00000000 @ 0x00000BB9 at PC 0x010F3548
[   4.416059] HW.Memory <Error> core\memory.cpp:Memory::MemorySystem::Write:528: unmapped Write8 0x00000000 @ 0x00000BBA at PC 0x010F3548
[   4.416059] HW.Memory <Error> core\memory.cpp:Memory::MemorySystem::Write:528: unmapped Write8 0x00000000 @ 0x00000BBB at PC 0x010F3548
[   4.416060] HW.Memory <Error> core\memory.cpp:Memory::MemorySystem::Write:528: unmapped Write8 0x00000000 @ 0x00000BBC at PC 0x010F3548
[   4.416060] HW.Memory <Error> core\memory.cpp:Memory::MemorySystem::Write:528: unmapped Write8 0x00000000 @ 0x00000BBD at PC 0x010F3548
[   4.416061] HW.Memory <Error> core\memory.cpp:Memory::MemorySystem::Write:528: unmapped Write8 0x00000000 @ 0x00000BBE at PC 0x010F3548
[   4.416061] HW.Memory <Error> core\memory.cpp:Memory::MemorySystem::Write:528: unmapped Write8 0x00000000 @ 0x00000BBF at PC 0x010F3548
[   4.416062] HW.Memory <Error> core\memory.cpp:Memory::MemorySystem::Write:528: unmapped Write8 0x00000000 @ 0x00000BC0 at PC 0x010F3548
[   4.416062] HW.Memory <Error> core\memory.cpp:Memory::MemorySystem::Write:528: unmapped Write8 0x00000000 @ 0x00000BC1 at PC 0x010F3548
[   4.416063] HW.Memory <Error> core\memory.cpp:Memory::MemorySystem::Write:528: unmapped Write8 0x00000000 @ 0x00000BC2 at PC 0x010F3548
[   4.416063] HW.Memory <Error> core\memory.cpp:Memory::MemorySystem::Write:528: unmapped Write8 0x00000000 @ 0x00000BC3 at PC 0x010F3548
[   4.416064] HW.Memory <Error> core\memory.cpp:Memory::MemorySystem::Write:528: unmapped Write8 0x00000000 @ 0x00000BC4 at PC 0x010F3548
[   4.416064] HW.Memory <Error> core\memory.cpp:Memory::MemorySystem::Write:528: unmapped Write8 0x00000000 @ 0x00000BC5 at PC 0x010F3548
[   4.416065] HW.Memory <Error> core\memory.cpp:Memory::MemorySystem::Write:528: unmapped Write8 0x00000000 @ 0x00000BC6 at PC 0x010F3548
[   4.416065] HW.Memory <Error> core\memory.cpp:Memory::MemorySystem::Write:528: unmapped Write8 0x00000000 @ 0x00000BC7 at PC 0x010F3548
[   4.416066] HW.Memory <Error> core\memory.cpp:Memory::MemorySystem::Write:528: unmapped Write8 0x00000000 @ 0x00000BC8 at PC 0x010F3548
[   4.416066] HW.Memory <Error> core\memory.cpp:Memory::MemorySystem::Write:528: unmapped Write8 0x00000000 @ 0x00000BC9 at PC 0x010F3548
[   4.416067] HW.Memory <Error> core\memory.cpp:Memory::MemorySystem::Write:528: unmapped Write8 0x00000000 @ 0x00000BCA at PC 0x010F3548
[   4.416067] HW.Memory <Error> core\memory.cpp:Memory::MemorySystem::Write:528: unmapped Write8 0x00000000 @ 0x00000BCB at PC 0x010F3548
[   4.416068] HW.Memory <Error> core\memory.cpp:Memory::MemorySystem::Write:528: unmapped Write8 0x00000000 @ 0x00000BCC at PC 0x010F3548
[   4.416068] HW.Memory <Error> core\memory.cpp:Memory::MemorySystem::Write:528: unmapped Write8 0x00000000 @ 0x00000BCD at PC 0x010F3548
[   4.416069] HW.Memory <Error> core\memory.cpp:Memory::MemorySystem::Write:528: unmapped Write8 0x00000000 @ 0x00000BCE at PC 0x010F3548
[   4.416069] HW.Memory <Error> core\memory.cpp:Memory::MemorySystem::Write:528: unmapped Write8 0x00000000 @ 0x00000BCF at PC 0x010F3548
[   4.416070] HW.Memory <Error> core\memory.cpp:Memory::MemorySystem::Write:528: unmapped Write8 0x00000000 @ 0x00000BD0 at PC 0x010F3548
[   4.416070] HW.Memory <Error> core\memory.cpp:Memory::MemorySystem::Write:528: unmapped Write8 0x00000000 @ 0x00000BD1 at PC 0x010F3548
[   4.416071] HW.Memory <Error> core\memory.cpp:Memory::MemorySystem::Write:528: unmapped Write8 0x00000000 @ 0x00000BD2 at PC 0x010F3548
[   4.416071] HW.Memory <Error> core\memory.cpp:Memory::MemorySystem::Write:528: unmapped Write8 0x00000000 @ 0x00000BD3 at PC 0x010F3548
[   4.416072] HW.Memory <Error> core\memory.cpp:Memory::MemorySystem::Write:528: unmapped Write8 0x00000000 @ 0x00000BD4 at PC 0x010F3548
[   4.416072] HW.Memory <Error> core\memory.cpp:Memory::MemorySystem::Write:528: unmapped Write8 0x00000000 @ 0x00000BD5 at PC 0x010F3548
[   4.416073] HW.Memory <Error> core\memory.cpp:Memory::MemorySystem::Write:528: unmapped Write8 0x00000000 @ 0x00000BD6 at PC 0x010F3548
[   4.416073] HW.Memory <Error> core\memory.cpp:Memory::MemorySystem::Write:528: unmapped Write8 0x00000000 @ 0x00000BD7 at PC 0x010F3548
[   4.416073] HW.Memory <Error> core\memory.cpp:Memory::MemorySystem::Write:528: unmapped Write8 0x00000000 @ 0x00000BD8 at PC 0x010F3548
[   4.416074] HW.Memory <Error> core\memory.cpp:Memory::MemorySystem::Write:528: unmapped Write8 0x00000000 @ 0x00000BD9 at PC 0x010F3548
[   4.416074] HW.Memory <Error> core\memory.cpp:Memory::MemorySystem::Write:528: unmapped Write8 0x00000000 @ 0x00000BDA at PC 0x010F3548
[   4.416075] HW.Memory <Error> core\memory.cpp:Memory::MemorySystem::Write:528: unmapped Write8 0x00000000 @ 0x00000BDB at PC 0x010F3548
[   4.416075] HW.Memory <Error> core\memory.cpp:Memory::MemorySystem::Write:528: unmapped Write8 0x00000000 @ 0x00000BDC at PC 0x010F3548
[   4.416076] HW.Memory <Error> core\memory.cpp:Memory::MemorySystem::Write:528: unmapped Write8 0x00000000 @ 0x00000BDD at PC 0x010F3548
[   4.416076] HW.Memory <Error> core\memory.cpp:Memory::MemorySystem::Write:528: unmapped Write8 0x00000000 @ 0x00000BDE at PC 0x010F3548
[   4.416077] HW.Memory <Error> core\memory.cpp:Memory::MemorySystem::Write:528: unmapped Write8 0x00000000 @ 0x00000BDF at PC 0x010F3548
[   4.416077] HW.Memory <Error> core\memory.cpp:Memory::MemorySystem::Write:528: unmapped Write8 0x00000000 @ 0x00000BE0 at PC 0x010F3548
[   4.416078] HW.Memory <Error> core\memory.cpp:Memory::MemorySystem::Write:528: unmapped Write8 0x00000000 @ 0x00000BE1 at PC 0x010F3548
[   4.416078] HW.Memory <Error> core\memory.cpp:Memory::MemorySystem::Write:528: unmapped Write8 0x00000000 @ 0x00000BE2 at PC 0x010F3548
[   4.416079] HW.Memory <Error> core\memory.cpp:Memory::MemorySystem::Write:528: unmapped Write8 0x00000000 @ 0x00000BE3 at PC 0x010F3548
[   4.416079] HW.Memory <Error> core\memory.cpp:Memory::MemorySystem::Write:528: unmapped Write8 0x00000000 @ 0x00000BE4 at PC 0x010F3548
[   4.416080] HW.Memory <Error> core\memory.cpp:Memory::MemorySystem::Write:528: unmapped Write8 0x00000000 @ 0x00000BE5 at PC 0x010F3548
[   4.416080] HW.Memory <Error> core\memory.cpp:Memory::MemorySystem::Write:528: unmapped Write8 0x00000000 @ 0x00000BE6 at PC 0x010F3548
[   4.416081] HW.Memory <Error> core\memory.cpp:Memory::MemorySystem::Write:528: unmapped Write8 0x00000000 @ 0x00000BE7 at PC 0x010F3548
[   4.416081] HW.Memory <Error> core\memory.cpp:Memory::MemorySystem::Write:528: unmapped Write8 0x00000000 @ 0x00000BE8 at PC 0x010F3548
[   4.416082] HW.Memory <Error> core\memory.cpp:Memory::MemorySystem::Write:528: unmapped Write8 0x00000000 @ 0x00000BE9 at PC 0x010F3548
[   4.416082] HW.Memory <Error> core\memory.cpp:Memory::MemorySystem::Write:528: unmapped Write8 0x00000000 @ 0x00000BEA at PC 0x010F3548
[   4.416083] HW.Memory <Error> core\memory.cpp:Memory::MemorySystem::Write:528: unmapped Write8 0x00000000 @ 0x00000BEB at PC 0x010F3548
[   4.416083] HW.Memory <Error> core\memory.cpp:Memory::MemorySystem::Write:528: unmapped Write8 0x00000000 @ 0x00000BEC at PC 0x010F3548
[   4.416084] HW.Memory <Error> core\memory.cpp:Memory::MemorySystem::Write:528: unmapped Write8 0x00000000 @ 0x00000BED at PC 0x010F3548
[   4.416084] HW.Memory <Error> core\memory.cpp:Memory::MemorySystem::Write:528: unmapped Write8 0x00000000 @ 0x00000BEE at PC 0x010F3548
[   4.416085] HW.Memory <Error> core\memory.cpp:Memory::MemorySystem::Write:528: unmapped Write8 0x00000000 @ 0x00000BEF at PC 0x010F3548
[   4.416085] HW.Memory <Error> core\memory.cpp:Memory::MemorySystem::Write:528: unmapped Write8 0x00000000 @ 0x00000BF0 at PC 0x010F3548
[   4.416086] HW.Memory <Error> core\memory.cpp:Memory::MemorySystem::Write:528: unmapped Write8 0x00000000 @ 0x00000BF1 at PC 0x010F3548
[   4.416086] HW.Memory <Error> core\memory.cpp:Memory::MemorySystem::Write:528: unmapped Write8 0x00000000 @ 0x00000BF2 at PC 0x010F3548
[   4.416086] HW.Memory <Error> core\memory.cpp:Memory::MemorySystem::Write:528: unmapped Write8 0x00000000 @ 0x00000BF3 at PC 0x010F3548
[   4.416087] HW.Memory <Error> core\memory.cpp:Memory::MemorySystem::Write:528: unmapped Write8 0x00000000 @ 0x00000BF4 at PC 0x010F3548
[   4.416087] HW.Memory <Error> core\memory.cpp:Memory::MemorySystem::Write:528: unmapped Write8 0x00000000 @ 0x00000BF5 at PC 0x010F3548
[   4.416088] HW.Memory <Error> core\memory.cpp:Memory::MemorySystem::Write:528: unmapped Write8 0x00000000 @ 0x00000BF6 at PC 0x010F3548
[   4.416088] HW.Memory <Error> core\memory.cpp:Memory::MemorySystem::Write:528: unmapped Write8 0x00000000 @ 0x00000BF7 at PC 0x010F3548
[   4.416089] HW.Memory <Error> core\memory.cpp:Memory::MemorySystem::Write:528: unmapped Write8 0x00000000 @ 0x00000BF8 at PC 0x010F3548
[   4.416089] HW.Memory <Error> core\memory.cpp:Memory::MemorySystem::Write:528: unmapped Write8 0x00000000 @ 0x00000BF9 at PC 0x010F3548
[   4.416090] HW.Memory <Error> core\memory.cpp:Memory::MemorySystem::Write:528: unmapped Write8 0x00000000 @ 0x00000BFA at PC 0x010F3548
[   4.416090] HW.Memory <Error> core\memory.cpp:Memory::MemorySystem::Write:528: unmapped Write8 0x00000000 @ 0x00000BFB at PC 0x010F3548
[   4.416091] HW.Memory <Error> core\memory.cpp:Memory::MemorySystem::Write:528: unmapped Write8 0x00000000 @ 0x00000BFC at PC 0x010F3548
[   4.416091] HW.Memory <Error> core\memory.cpp:Memory::MemorySystem::Write:528: unmapped Write8 0x00000000 @ 0x00000BFD at PC 0x010F3548
[   4.416092] HW.Memory <Error> core\memory.cpp:Memory::MemorySystem::Write:528: unmapped Write8 0x00000000 @ 0x00000BFE at PC 0x010F3548
[   4.416092] HW.Memory <Error> core\memory.cpp:Memory::MemorySystem::Write:528: unmapped Write8 0x00000000 @ 0x00000BFF at PC 0x010F3548
[   4.416093] HW.Memory <Error> core\memory.cpp:Memory::MemorySystem::Write:528: unmapped Write8 0x00000000 @ 0x00000C00 at PC 0x010F3548
[   4.416093] HW.Memory <Error> core\memory.cpp:Memory::MemorySystem::Write:528: unmapped Write8 0x00000000 @ 0x00000C01 at PC 0x010F3548
[   4.416094] HW.Memory <Error> core\memory.cpp:Memory::MemorySystem::Write:528: unmapped Write8 0x00000000 @ 0x00000C02 at PC 0x010F3548
[   4.416094] HW.Memory <Error> core\memory.cpp:Memory::MemorySystem::Write:528: unmapped Write8 0x00000000 @ 0x00000C03 at PC 0x010F3548
[   4.416095] HW.Memory <Error> core\memory.cpp:Memory::MemorySystem::Write:528: unmapped Write8 0x00000000 @ 0x00000C04 at PC 0x010F3548
[   4.416095] HW.Memory <Error> core\memory.cpp:Memory::MemorySystem::Write:528: unmapped Write8 0x00000000 @ 0x00000C05 at PC 0x010F3548
[   4.416096] HW.Memory <Error> core\memory.cpp:Memory::MemorySystem::Write:528: unmapped Write8 0x00000000 @ 0x00000C06 at PC 0x010F3548
[   4.416096] HW.Memory <Error> core\memory.cpp:Memory::MemorySystem::Write:528: unmapped Write8 0x00000000 @ 0x00000C07 at PC 0x010F3548
[   4.416097] HW.Memory <Error> core\memory.cpp:Memory::MemorySystem::Write:528: unmapped Write8 0x00000000 @ 0x00000C08 at PC 0x010F3548
[   4.416097] HW.Memory <Error> core\memory.cpp:Memory::MemorySystem::Write:528: unmapped Write8 0x00000000 @ 0x00000C09 at PC 0x010F3548
[   4.416098] HW.Memory <Error> core\memory.cpp:Memory::MemorySystem::Write:528: unmapped Write8 0x00000000 @ 0x00000C0A at PC 0x010F3548
[   4.416098] HW.Memory <Error> core\memory.cpp:Memory::MemorySystem::Write:528: unmapped Write8 0x00000000 @ 0x00000C0B at PC 0x010F3548
[   4.416099] HW.Memory <Error> core\memory.cpp:Memory::MemorySystem::Write:528: unmapped Write8 0x00000000 @ 0x00000C0C at PC 0x010F3548
[   4.416099] HW.Memory <Error> core\memory.cpp:Memory::MemorySystem::Write:528: unmapped Write8 0x00000000 @ 0x00000C0D at PC 0x010F3548
[   4.416100] HW.Memory <Error> core\memory.cpp:Memory::MemorySystem::Write:528: unmapped Write8 0x00000000 @ 0x00000C0E at PC 0x010F3548
[   4.416100] HW.Memory <Error> core\memory.cpp:Memory::MemorySystem::Write:528: unmapped Write8 0x00000000 @ 0x00000C0F at PC 0x010F3548
[   4.416100] HW.Memory <Error> core\memory.cpp:Memory::MemorySystem::Write:528: unmapped Write8 0x00000000 @ 0x00000C10 at PC 0x010F3548
[   4.416101] HW.Memory <Error> core\memory.cpp:Memory::MemorySystem::Write:528: unmapped Write8 0x00000000 @ 0x00000C11 at PC 0x010F3548
[   4.416101] HW.Memory <Error> core\memory.cpp:Memory::MemorySystem::Write:528: unmapped Write8 0x00000000 @ 0x00000C12 at PC 0x010F3548
[   4.416102] HW.Memory <Error> core\memory.cpp:Memory::MemorySystem::Write:528: unmapped Write8 0x00000000 @ 0x00000C13 at PC 0x010F3548
[   4.416102] HW.Memory <Error> core\memory.cpp:Memory::MemorySystem::Write:528: unmapped Write8 0x00000000 @ 0x00000C14 at PC 0x010F3548
[   4.416103] HW.Memory <Error> core\memory.cpp:Memory::MemorySystem::Write:528: unmapped Write8 0x00000000 @ 0x00000C15 at PC 0x010F3548
[   4.416103] HW.Memory <Error> core\memory.cpp:Memory::MemorySystem::Write:528: unmapped Write8 0x00000000 @ 0x00000C16 at PC 0x010F3548
[   4.416104] HW.Memory <Error> core\memory.cpp:Memory::MemorySystem::Write:528: unmapped Write8 0x00000000 @ 0x00000C17 at PC 0x010F3548
[   4.416104] HW.Memory <Error> core\memory.cpp:Memory::MemorySystem::Write:528: unmapped Write8 0x00000000 @ 0x00000C18 at PC 0x010F3548
[   4.416105] HW.Memory <Error> core\memory.cpp:Memory::MemorySystem::Write:528: unmapped Write8 0x00000000 @ 0x00000C19 at PC 0x010F3548
[   4.416105] HW.Memory <Error> core\memory.cpp:Memory::MemorySystem::Write:528: unmapped Write8 0x00000000 @ 0x00000C1A at PC 0x010F3548
[   4.416106] HW.Memory <Error> core\memory.cpp:Memory::MemorySystem::Write:528: unmapped Write8 0x00000000 @ 0x00000C1B at PC 0x010F3548
[   4.416106] HW.Memory <Error> core\memory.cpp:Memory::MemorySystem::Write:528: unmapped Write8 0x00000000 @ 0x00000C1C at PC 0x010F3548
[   4.416107] HW.Memory <Error> core\memory.cpp:Memory::MemorySystem::Write:528: unmapped Write8 0x00000000 @ 0x00000C1D at PC 0x010F3548
[   4.416107] HW.Memory <Error> core\memory.cpp:Memory::MemorySystem::Write:528: unmapped Write8 0x00000000 @ 0x00000C1E at PC 0x010F3548
[   4.416108] HW.Memory <Error> core\memory.cpp:Memory::MemorySystem::Write:528: unmapped Write8 0x00000000 @ 0x00000C1F at PC 0x010F3548
[   4.416108] HW.Memory <Error> core\memory.cpp:Memory::MemorySystem::Write:528: unmapped Write8 0x00000000 @ 0x00000C20 at PC 0x010F3548
[   4.416109] HW.Memory <Error> core\memory.cpp:Memory::MemorySystem::Write:528: unmapped Write8 0x00000000 @ 0x00000C21 at PC 0x010F3548
[   4.416109] HW.Memory <Error> core\memory.cpp:Memory::MemorySystem::Write:528: unmapped Write8 0x00000000 @ 0x00000C22 at PC 0x010F3548
[   4.416110] HW.Memory <Error> core\memory.cpp:Memory::MemorySystem::Write:528: unmapped Write8 0x00000000 @ 0x00000C23 at PC 0x010F3548
[   4.416110] HW.Memory <Error> core\memory.cpp:Memory::MemorySystem::Write:528: unmapped Write8 0x00000000 @ 0x00000C24 at PC 0x010F3548
[   4.416111] HW.Memory <Error> core\memory.cpp:Memory::MemorySystem::Write:528: unmapped Write8 0x00000000 @ 0x00000C25 at PC 0x010F3548
[   4.416111] HW.Memory <Error> core\memory.cpp:Memory::MemorySystem::Write:528: unmapped Write8 0x00000000 @ 0x00000C26 at PC 0x010F3548
[   4.416112] HW.Memory <Error> core\memory.cpp:Memory::MemorySystem::Write:528: unmapped Write8 0x00000000 @ 0x00000C27 at PC 0x010F3548
[   4.416112] HW.Memory <Error> core\memory.cpp:Memory::MemorySystem::Read:479: unmapped Read8 @ 0x00000C28 at PC 0x010F348C
[   4.416113] HW.Memory <Error> core\memory.cpp:Memory::MemorySystem::Read:479: unmapped Read8 @ 0x00000828 at PC 0x010F348C
[   4.416114] HW.Memory <Error> core\memory.cpp:Memory::MemorySystem::Write:528: unmapped Write16 0x00000000 @ 0x00000024 at PC 0x010F34D0
[   4.416307] HW.Memory <Error> core\memory.cpp:Memory::MemorySystem::Impl::ReadBlockImpl:178: unmapped ReadBlock @ 0x00000024 (start address = 0x00000024, size = 2) at PC 0x010F0A78
[   4.416311] Service.FS <Error> core\file_sys\archive_sdmc.cpp:FileSys::DeleteDirectoryHelper:183: Invalid path [Wchar: ]
[   4.417798] HW.Memory <Error> core\memory.cpp:Memory::MemorySystem::Write:528: unmapped Write8 0x0000002F @ 0x00000828 at PC 0x010F3548
[   4.417798] HW.Memory <Error> core\memory.cpp:Memory::MemorySystem::Write:528: unmapped Write8 0x0000006F @ 0x00000829 at PC 0x010F3548
[   4.417799] HW.Memory <Error> core\memory.cpp:Memory::MemorySystem::Write:528: unmapped Write8 0x00000070 @ 0x0000082A at PC 0x010F3548
[   4.417800] HW.Memory <Error> core\memory.cpp:Memory::MemorySystem::Write:528: unmapped Write8 0x00000065 @ 0x0000082B at PC 0x010F3548
[   4.417800] HW.Memory <Error> core\memory.cpp:Memory::MemorySystem::Write:528: unmapped Write8 0x0000006E @ 0x0000082C at PC 0x010F3548
[   4.417801] HW.Memory <Error> core\memory.cpp:Memory::MemorySystem::Write:528: unmapped Write8 0x00000073 @ 0x0000082D at PC 0x010F3548
[   4.417801] HW.Memory <Error> core\memory.cpp:Memory::MemorySystem::Write:528: unmapped Write8 0x00000062 @ 0x0000082E at PC 0x010F3548
[   4.417801] HW.Memory <Error> core\memory.cpp:Memory::MemorySystem::Write:528: unmapped Write8 0x0000005F @ 0x0000082F at PC 0x010F3548
[   4.417802] HW.Memory <Error> core\memory.cpp:Memory::MemorySystem::Write:528: unmapped Write8 0x0000006D @ 0x00000830 at PC 0x010F3548
[   4.417802] HW.Memory <Error> core\memory.cpp:Memory::MemorySystem::Write:528: unmapped Write8 0x00000061 @ 0x00000831 at PC 0x010F3548
[   4.417803] HW.Memory <Error> core\memory.cpp:Memory::MemorySystem::Write:528: unmapped Write8 0x00000069 @ 0x00000832 at PC 0x010F3548
[   4.417803] HW.Memory <Error> core\memory.cpp:Memory::MemorySystem::Write:528: unmapped Write8 0x0000006E @ 0x00000833 at PC 0x010F3548
[   4.417804] HW.Memory <Error> core\memory.cpp:Memory::MemorySystem::Write:528: unmapped Write8 0x0000002E @ 0x00000834 at PC 0x010F3548
[   4.417804] HW.Memory <Error> core\memory.cpp:Memory::MemorySystem::Write:528: unmapped Write8 0x0000006C @ 0x00000835 at PC 0x010F3548
[   4.417805] HW.Memory <Error> core\memory.cpp:Memory::MemorySystem::Write:528: unmapped Write8 0x0000006F @ 0x00000836 at PC 0x010F3548
[   4.417805] HW.Memory <Error> core\memory.cpp:Memory::MemorySystem::Write:528: unmapped Write8 0x00000067 @ 0x00000837 at PC 0x010F3548
[   4.417806] HW.Memory <Error> core\memory.cpp:Memory::MemorySystem::Write:528: unmapped Write8 0x00000000 @ 0x00000838 at PC 0x010F3548
[   4.417807] HW.Memory <Error> core\memory.cpp:Memory::MemorySystem::Write:528: unmapped Write8 0x00000000 @ 0x00000839 at PC 0x010F3548
[   4.417807] HW.Memory <Error> core\memory.cpp:Memory::MemorySystem::Write:528: unmapped Write8 0x00000000 @ 0x0000083A at PC 0x010F3548
[   4.417808] HW.Memory <Error> core\memory.cpp:Memory::MemorySystem::Write:528: unmapped Write8 0x00000000 @ 0x0000083B at PC 0x010F3548
[   4.417808] HW.Memory <Error> core\memory.cpp:Memory::MemorySystem::Write:528: unmapped Write8 0x00000000 @ 0x0000083C at PC 0x010F3548
[   4.417809] HW.Memory <Error> core\memory.cpp:Memory::MemorySystem::Write:528: unmapped Write8 0x00000000 @ 0x0000083D at PC 0x010F3548
[   4.417809] HW.Memory <Error> core\memory.cpp:Memory::MemorySystem::Write:528: unmapped Write8 0x00000000 @ 0x0000083E at PC 0x010F3548
[   4.417810] HW.Memory <Error> core\memory.cpp:Memory::MemorySystem::Write:528: unmapped Write8 0x00000000 @ 0x0000083F at PC 0x010F3548
[   4.417810] HW.Memory <Error> core\memory.cpp:Memory::MemorySystem::Write:528: unmapped Write8 0x00000000 @ 0x00000840 at PC 0x010F3548
[   4.417810] HW.Memory <Error> core\memory.cpp:Memory::MemorySystem::Write:528: unmapped Write8 0x00000000 @ 0x00000841 at PC 0x010F3548
[   4.417811] HW.Memory <Error> core\memory.cpp:Memory::MemorySystem::Write:528: unmapped Write8 0x00000000 @ 0x00000842 at PC 0x010F3548
[   4.417811] HW.Memory <Error> core\memory.cpp:Memory::MemorySystem::Write:528: unmapped Write8 0x00000000 @ 0x00000843 at PC 0x010F3548
[   4.417812] HW.Memory <Error> core\memory.cpp:Memory::MemorySystem::Write:528: unmapped Write8 0x00000000 @ 0x00000844 at PC 0x010F3548
[   4.417812] HW.Memory <Error> core\memory.cpp:Memory::MemorySystem::Write:528: unmapped Write8 0x00000000 @ 0x00000845 at PC 0x010F3548
[   4.417813] HW.Memory <Error> core\memory.cpp:Memory::MemorySystem::Write:528: unmapped Write8 0x00000000 @ 0x00000846 at PC 0x010F3548
[   4.417813] HW.Memory <Error> core\memory.cpp:Memory::MemorySystem::Write:528: unmapped Write8 0x00000000 @ 0x00000847 at PC 0x010F3548
[   4.417814] HW.Memory <Error> core\memory.cpp:Memory::MemorySystem::Write:528: unmapped Write8 0x00000000 @ 0x00000848 at PC 0x010F3548
[   4.417814] HW.Memory <Error> core\memory.cpp:Memory::MemorySystem::Write:528: unmapped Write8 0x00000000 @ 0x00000849 at PC 0x010F3548
[   4.417815] HW.Memory <Error> core\memory.cpp:Memory::MemorySystem::Write:528: unmapped Write8 0x00000000 @ 0x0000084A at PC 0x010F3548
[   4.417815] HW.Memory <Error> core\memory.cpp:Memory::MemorySystem::Write:528: unmapped Write8 0x00000000 @ 0x0000084B at PC 0x010F3548
[   4.417816] HW.Memory <Error> core\memory.cpp:Memory::MemorySystem::Write:528: unmapped Write8 0x00000000 @ 0x0000084C at PC 0x010F3548
[   4.417816] HW.Memory <Error> core\memory.cpp:Memory::MemorySystem::Write:528: unmapped Write8 0x00000000 @ 0x0000084D at PC 0x010F3548
[   4.417817] HW.Memory <Error> core\memory.cpp:Memory::MemorySystem::Write:528: unmapped Write8 0x00000000 @ 0x0000084E at PC 0x010F3548
[   4.417817] HW.Memory <Error> core\memory.cpp:Memory::MemorySystem::Write:528: unmapped Write8 0x00000000 @ 0x0000084F at PC 0x010F3548
[   4.417818] HW.Memory <Error> core\memory.cpp:Memory::MemorySystem::Write:528: unmapped Write8 0x00000000 @ 0x00000850 at PC 0x010F3548
[   4.417818] HW.Memory <Error> core\memory.cpp:Memory::MemorySystem::Write:528: unmapped Write8 0x00000000 @ 0x00000851 at PC 0x010F3548
[   4.417819] HW.Memory <Error> core\memory.cpp:Memory::MemorySystem::Write:528: unmapped Write8 0x00000000 @ 0x00000852 at PC 0x010F3548
[   4.417819] HW.Memory <Error> core\memory.cpp:Memory::MemorySystem::Write:528: unmapped Write8 0x00000000 @ 0x00000853 at PC 0x010F3548
[   4.417821] HW.Memory <Error> core\memory.cpp:Memory::MemorySystem::Write:528: unmapped Write8 0x00000000 @ 0x00000854 at PC 0x010F3548
[   4.417821] HW.Memory <Error> core\memory.cpp:Memory::MemorySystem::Write:528: unmapped Write8 0x00000000 @ 0x00000855 at PC 0x010F3548
[   4.417822] HW.Memory <Error> core\memory.cpp:Memory::MemorySystem::Write:528: unmapped Write8 0x00000000 @ 0x00000856 at PC 0x010F3548
[   4.417822] HW.Memory <Error> core\memory.cpp:Memory::MemorySystem::Write:528: unmapped Write8 0x00000000 @ 0x00000857 at PC 0x010F3548
[   4.417823] HW.Memory <Error> core\memory.cpp:Memory::MemorySystem::Write:528: unmapped Write8 0x00000000 @ 0x00000858 at PC 0x010F3548
[   4.417823] HW.Memory <Error> core\memory.cpp:Memory::MemorySystem::Write:528: unmapped Write8 0x00000000 @ 0x00000859 at PC 0x010F3548
[   4.417824] HW.Memory <Error> core\memory.cpp:Memory::MemorySystem::Write:528: unmapped Write8 0x00000000 @ 0x0000085A at PC 0x010F3548
[   4.417824] HW.Memory <Error> core\memory.cpp:Memory::MemorySystem::Write:528: unmapped Write8 0x00000000 @ 0x0000085B at PC 0x010F3548
[   4.417825] HW.Memory <Error> core\memory.cpp:Memory::MemorySystem::Write:528: unmapped Write8 0x00000000 @ 0x0000085C at PC 0x010F3548
[   4.417826] HW.Memory <Error> core\memory.cpp:Memory::MemorySystem::Write:528: unmapped Write8 0x00000000 @ 0x0000085D at PC 0x010F3548
[   4.417826] HW.Memory <Error> core\memory.cpp:Memory::MemorySystem::Write:528: unmapped Write8 0x00000000 @ 0x0000085E at PC 0x010F3548
[   4.417826] HW.Memory <Error> core\memory.cpp:Memory::MemorySystem::Write:528: unmapped Write8 0x00000000 @ 0x0000085F at PC 0x010F3548
[   4.417827] HW.Memory <Error> core\memory.cpp:Memory::MemorySystem::Write:528: unmapped Write8 0x00000000 @ 0x00000860 at PC 0x010F3548
[   4.417828] HW.Memory <Error> core\memory.cpp:Memory::MemorySystem::Write:528: unmapped Write8 0x00000000 @ 0x00000861 at PC 0x010F3548
[   4.417828] HW.Memory <Error> core\memory.cpp:Memory::MemorySystem::Write:528: unmapped Write8 0x00000000 @ 0x00000862 at PC 0x010F3548
[   4.417829] HW.Memory <Error> core\memory.cpp:Memory::MemorySystem::Write:528: unmapped Write8 0x00000000 @ 0x00000863 at PC 0x010F3548
[   4.417829] HW.Memory <Error> core\memory.cpp:Memory::MemorySystem::Write:528: unmapped Write8 0x00000000 @ 0x00000864 at PC 0x010F3548
[   4.417830] HW.Memory <Error> core\memory.cpp:Memory::MemorySystem::Write:528: unmapped Write8 0x00000000 @ 0x00000865 at PC 0x010F3548
[   4.417831] HW.Memory <Error> core\memory.cpp:Memory::MemorySystem::Write:528: unmapped Write8 0x00000000 @ 0x00000866 at PC 0x010F3548
[   4.417831] HW.Memory <Error> core\memory.cpp:Memory::MemorySystem::Write:528: unmapped Write8 0x00000000 @ 0x00000867 at PC 0x010F3548
[   4.417832] HW.Memory <Error> core\memory.cpp:Memory::MemorySystem::Write:528: unmapped Write8 0x00000000 @ 0x00000868 at PC 0x010F3548
[   4.417832] HW.Memory <Error> core\memory.cpp:Memory::MemorySystem::Write:528: unmapped Write8 0x00000000 @ 0x00000869 at PC 0x010F3548
[   4.417833] HW.Memory <Error> core\memory.cpp:Memory::MemorySystem::Write:528: unmapped Write8 0x00000000 @ 0x0000086A at PC 0x010F3548
[   4.417833] HW.Memory <Error> core\memory.cpp:Memory::MemorySystem::Write:528: unmapped Write8 0x00000000 @ 0x0000086B at PC 0x010F3548
[   4.417834] HW.Memory <Error> core\memory.cpp:Memory::MemorySystem::Write:528: unmapped Write8 0x00000000 @ 0x0000086C at PC 0x010F3548
[   4.417834] HW.Memory <Error> core\memory.cpp:Memory::MemorySystem::Write:528: unmapped Write8 0x00000000 @ 0x0000086D at PC 0x010F3548
[   4.417835] HW.Memory <Error> core\memory.cpp:Memory::MemorySystem::Write:528: unmapped Write8 0x00000000 @ 0x0000086E at PC 0x010F3548
[   4.417835] HW.Memory <Error> core\memory.cpp:Memory::MemorySystem::Write:528: unmapped Write8 0x00000000 @ 0x0000086F at PC 0x010F3548
[   4.417836] HW.Memory <Error> core\memory.cpp:Memory::MemorySystem::Write:528: unmapped Write8 0x00000000 @ 0x00000870 at PC 0x010F3548
[   4.417836] HW.Memory <Error> core\memory.cpp:Memory::MemorySystem::Write:528: unmapped Write8 0x00000000 @ 0x00000871 at PC 0x010F3548
[   4.417837] HW.Memory <Error> core\memory.cpp:Memory::MemorySystem::Write:528: unmapped Write8 0x00000000 @ 0x00000872 at PC 0x010F3548
[   4.417838] HW.Memory <Error> core\memory.cpp:Memory::MemorySystem::Write:528: unmapped Write8 0x00000000 @ 0x00000873 at PC 0x010F3548
[   4.417838] HW.Memory <Error> core\memory.cpp:Memory::MemorySystem::Write:528: unmapped Write8 0x00000000 @ 0x00000874 at PC 0x010F3548
[   4.417839] HW.Memory <Error> core\memory.cpp:Memory::MemorySystem::Write:528: unmapped Write8 0x00000000 @ 0x00000875 at PC 0x010F3548
[   4.417839] HW.Memory <Error> core\memory.cpp:Memory::MemorySystem::Write:528: unmapped Write8 0x00000000 @ 0x00000876 at PC 0x010F3548
[   4.417840] HW.Memory <Error> core\memory.cpp:Memory::MemorySystem::Write:528: unmapped Write8 0x00000000 @ 0x00000877 at PC 0x010F3548
[   4.417840] HW.Memory <Error> core\memory.cpp:Memory::MemorySystem::Write:528: unmapped Write8 0x00000000 @ 0x00000878 at PC 0x010F3548
[   4.417841] HW.Memory <Error> core\memory.cpp:Memory::MemorySystem::Write:528: unmapped Write8 0x00000000 @ 0x00000879 at PC 0x010F3548
[   4.417841] HW.Memory <Error> core\memory.cpp:Memory::MemorySystem::Write:528: unmapped Write8 0x00000000 @ 0x0000087A at PC 0x010F3548
[   4.417842] HW.Memory <Error> core\memory.cpp:Memory::MemorySystem::Write:528: unmapped Write8 0x00000000 @ 0x0000087B at PC 0x010F3548
[   4.417842] HW.Memory <Error> core\memory.cpp:Memory::MemorySystem::Write:528: unmapped Write8 0x00000000 @ 0x0000087C at PC 0x010F3548
[   4.417843] HW.Memory <Error> core\memory.cpp:Memory::MemorySystem::Write:528: unmapped Write8 0x00000000 @ 0x0000087D at PC 0x010F3548
[   4.417843] HW.Memory <Error> core\memory.cpp:Memory::MemorySystem::Write:528: unmapped Write8 0x00000000 @ 0x0000087E at PC 0x010F3548
[   4.417844] HW.Memory <Error> core\memory.cpp:Memory::MemorySystem::Write:528: unmapped Write8 0x00000000 @ 0x0000087F at PC 0x010F3548
[   4.417844] HW.Memory <Error> core\memory.cpp:Memory::MemorySystem::Write:528: unmapped Write8 0x00000000 @ 0x00000880 at PC 0x010F3548
[   4.417845] HW.Memory <Error> core\memory.cpp:Memory::MemorySystem::Write:528: unmapped Write8 0x00000000 @ 0x00000881 at PC 0x010F3548
[   4.417845] HW.Memory <Error> core\memory.cpp:Memory::MemorySystem::Write:528: unmapped Write8 0x00000000 @ 0x00000882 at PC 0x010F3548
[   4.417846] HW.Memory <Error> core\memory.cpp:Memory::MemorySystem::Write:528: unmapped Write8 0x00000000 @ 0x00000883 at PC 0x010F3548
[   4.417846] HW.Memory <Error> core\memory.cpp:Memory::MemorySystem::Write:528: unmapped Write8 0x00000000 @ 0x00000884 at PC 0x010F3548
[   4.417847] HW.Memory <Error> core\memory.cpp:Memory::MemorySystem::Write:528: unmapped Write8 0x00000000 @ 0x00000885 at PC 0x010F3548
[   4.417848] HW.Memory <Error> core\memory.cpp:Memory::MemorySystem::Write:528: unmapped Write8 0x00000000 @ 0x00000886 at PC 0x010F3548
[   4.417848] HW.Memory <Error> core\memory.cpp:Memory::MemorySystem::Write:528: unmapped Write8 0x00000000 @ 0x00000887 at PC 0x010F3548
[   4.417849] HW.Memory <Error> core\memory.cpp:Memory::MemorySystem::Write:528: unmapped Write8 0x00000000 @ 0x00000888 at PC 0x010F3548
[   4.417849] HW.Memory <Error> core\memory.cpp:Memory::MemorySystem::Write:528: unmapped Write8 0x00000000 @ 0x00000889 at PC 0x010F3548
[   4.417850] HW.Memory <Error> core\memory.cpp:Memory::MemorySystem::Write:528: unmapped Write8 0x00000000 @ 0x0000088A at PC 0x010F3548
[   4.417851] HW.Memory <Error> core\memory.cpp:Memory::MemorySystem::Write:528: unmapped Write8 0x00000000 @ 0x0000088B at PC 0x010F3548
[   4.417851] HW.Memory <Error> core\memory.cpp:Memory::MemorySystem::Write:528: unmapped Write8 0x00000000 @ 0x0000088C at PC 0x010F3548
[   4.417852] HW.Memory <Error> core\memory.cpp:Memory::MemorySystem::Write:528: unmapped Write8 0x00000000 @ 0x0000088D at PC 0x010F3548
[   4.417852] HW.Memory <Error> core\memory.cpp:Memory::MemorySystem::Write:528: unmapped Write8 0x00000000 @ 0x0000088E at PC 0x010F3548
[   4.417853] HW.Memory <Error> core\memory.cpp:Memory::MemorySystem::Write:528: unmapped Write8 0x00000000 @ 0x0000088F at PC 0x010F3548
[   4.417853] HW.Memory <Error> core\memory.cpp:Memory::MemorySystem::Write:528: unmapped Write8 0x00000000 @ 0x00000890 at PC 0x010F3548
[   4.417854] HW.Memory <Error> core\memory.cpp:Memory::MemorySystem::Write:528: unmapped Write8 0x00000000 @ 0x00000891 at PC 0x010F3548
[   4.417854] HW.Memory <Error> core\memory.cpp:Memory::MemorySystem::Write:528: unmapped Write8 0x00000000 @ 0x00000892 at PC 0x010F3548
[   4.417855] HW.Memory <Error> core\memory.cpp:Memory::MemorySystem::Write:528: unmapped Write8 0x00000000 @ 0x00000893 at PC 0x010F3548
[   4.417855] HW.Memory <Error> core\memory.cpp:Memory::MemorySystem::Write:528: unmapped Write8 0x00000000 @ 0x00000894 at PC 0x010F3548
[   4.417856] HW.Memory <Error> core\memory.cpp:Memory::MemorySystem::Write:528: unmapped Write8 0x00000000 @ 0x00000895 at PC 0x010F3548
[   4.417856] HW.Memory <Error> core\memory.cpp:Memory::MemorySystem::Write:528: unmapped Write8 0x00000000 @ 0x00000896 at PC 0x010F3548
[   4.417857] HW.Memory <Error> core\memory.cpp:Memory::MemorySystem::Write:528: unmapped Write8 0x00000000 @ 0x00000897 at PC 0x010F3548
[   4.417857] HW.Memory <Error> core\memory.cpp:Memory::MemorySystem::Write:528: unmapped Write8 0x00000000 @ 0x00000898 at PC 0x010F3548
[   4.417858] HW.Memory <Error> core\memory.cpp:Memory::MemorySystem::Write:528: unmapped Write8 0x00000000 @ 0x00000899 at PC 0x010F3548
[   4.417859] HW.Memory <Error> core\memory.cpp:Memory::MemorySystem::Write:528: unmapped Write8 0x00000000 @ 0x0000089A at PC 0x010F3548
[   4.417859] HW.Memory <Error> core\memory.cpp:Memory::MemorySystem::Write:528: unmapped Write8 0x00000000 @ 0x0000089B at PC 0x010F3548
[   4.417860] HW.Memory <Error> core\memory.cpp:Memory::MemorySystem::Write:528: unmapped Write8 0x00000000 @ 0x0000089C at PC 0x010F3548
[   4.417860] HW.Memory <Error> core\memory.cpp:Memory::MemorySystem::Write:528: unmapped Write8 0x00000000 @ 0x0000089D at PC 0x010F3548
[   4.417861] HW.Memory <Error> core\memory.cpp:Memory::MemorySystem::Write:528: unmapped Write8 0x00000000 @ 0x0000089E at PC 0x010F3548
[   4.417861] HW.Memory <Error> core\memory.cpp:Memory::MemorySystem::Write:528: unmapped Write8 0x00000000 @ 0x0000089F at PC 0x010F3548
[   4.417862] HW.Memory <Error> core\memory.cpp:Memory::MemorySystem::Write:528: unmapped Write8 0x00000000 @ 0x000008A0 at PC 0x010F3548
[   4.417863] HW.Memory <Error> core\memory.cpp:Memory::MemorySystem::Write:528: unmapped Write8 0x00000000 @ 0x000008A1 at PC 0x010F3548
[   4.417863] HW.Memory <Error> core\memory.cpp:Memory::MemorySystem::Write:528: unmapped Write8 0x00000000 @ 0x000008A2 at PC 0x010F3548
[   4.417864] HW.Memory <Error> core\memory.cpp:Memory::MemorySystem::Write:528: unmapped Write8 0x00000000 @ 0x000008A3 at PC 0x010F3548
[   4.417864] HW.Memory <Error> core\memory.cpp:Memory::MemorySystem::Write:528: unmapped Write8 0x00000000 @ 0x000008A4 at PC 0x010F3548
[   4.417865] HW.Memory <Error> core\memory.cpp:Memory::MemorySystem::Write:528: unmapped Write8 0x00000000 @ 0x000008A5 at PC 0x010F3548
[   4.417865] HW.Memory <Error> core\memory.cpp:Memory::MemorySystem::Write:528: unmapped Write8 0x00000000 @ 0x000008A6 at PC 0x010F3548
[   4.417866] HW.Memory <Error> core\memory.cpp:Memory::MemorySystem::Write:528: unmapped Write8 0x00000000 @ 0x000008A7 at PC 0x010F3548
[   4.417866] HW.Memory <Error> core\memory.cpp:Memory::MemorySystem::Write:528: unmapped Write8 0x00000000 @ 0x000008A8 at PC 0x010F3548
[   4.417867] HW.Memory <Error> core\memory.cpp:Memory::MemorySystem::Write:528: unmapped Write8 0x00000000 @ 0x000008A9 at PC 0x010F3548
[   4.417868] HW.Memory <Error> core\memory.cpp:Memory::MemorySystem::Write:528: unmapped Write8 0x00000000 @ 0x000008AA at PC 0x010F3548
[   4.417868] HW.Memory <Error> core\memory.cpp:Memory::MemorySystem::Write:528: unmapped Write8 0x00000000 @ 0x000008AB at PC 0x010F3548
[   4.417868] HW.Memory <Error> core\memory.cpp:Memory::MemorySystem::Write:528: unmapped Write8 0x00000000 @ 0x000008AC at PC 0x010F3548
[   4.417869] HW.Memory <Error> core\memory.cpp:Memory::MemorySystem::Write:528: unmapped Write8 0x00000000 @ 0x000008AD at PC 0x010F3548
[   4.417870] HW.Memory <Error> core\memory.cpp:Memory::MemorySystem::Write:528: unmapped Write8 0x00000000 @ 0x000008AE at PC 0x010F3548
[   4.417870] HW.Memory <Error> core\memory.cpp:Memory::MemorySystem::Write:528: unmapped Write8 0x00000000 @ 0x000008AF at PC 0x010F3548
[   4.417871] HW.Memory <Error> core\memory.cpp:Memory::MemorySystem::Write:528: unmapped Write8 0x00000000 @ 0x000008B0 at PC 0x010F3548
[   4.417871] HW.Memory <Error> core\memory.cpp:Memory::MemorySystem::Write:528: unmapped Write8 0x00000000 @ 0x000008B1 at PC 0x010F3548
[   4.417872] HW.Memory <Error> core\memory.cpp:Memory::MemorySystem::Write:528: unmapped Write8 0x00000000 @ 0x000008B2 at PC 0x010F3548
[   4.417872] HW.Memory <Error> core\memory.cpp:Memory::MemorySystem::Write:528: unmapped Write8 0x00000000 @ 0x000008B3 at PC 0x010F3548
[   4.417873] HW.Memory <Error> core\memory.cpp:Memory::MemorySystem::Write:528: unmapped Write8 0x00000000 @ 0x000008B4 at PC 0x010F3548
[   4.417874] HW.Memory <Error> core\memory.cpp:Memory::MemorySystem::Write:528: unmapped Write8 0x00000000 @ 0x000008B5 at PC 0x010F3548
[   4.417874] HW.Memory <Error> core\memory.cpp:Memory::MemorySystem::Write:528: unmapped Write8 0x00000000 @ 0x000008B6 at PC 0x010F3548
[   4.417874] HW.Memory <Error> core\memory.cpp:Memory::MemorySystem::Write:528: unmapped Write8 0x00000000 @ 0x000008B7 at PC 0x010F3548
[   4.417875] HW.Memory <Error> core\memory.cpp:Memory::MemorySystem::Write:528: unmapped Write8 0x00000000 @ 0x000008B8 at PC 0x010F3548
[   4.417875] HW.Memory <Error> core\memory.cpp:Memory::MemorySystem::Write:528: unmapped Write8 0x00000000 @ 0x000008B9 at PC 0x010F3548
[   4.417876] HW.Memory <Error> core\memory.cpp:Memory::MemorySystem::Write:528: unmapped Write8 0x00000000 @ 0x000008BA at PC 0x010F3548
[   4.417876] HW.Memory <Error> core\memory.cpp:Memory::MemorySystem::Write:528: unmapped Write8 0x00000000 @ 0x000008BB at PC 0x010F3548
[   4.417877] HW.Memory <Error> core\memory.cpp:Memory::MemorySystem::Write:528: unmapped Write8 0x00000000 @ 0x000008BC at PC 0x010F3548
[   4.417877] HW.Memory <Error> core\memory.cpp:Memory::MemorySystem::Write:528: unmapped Write8 0x00000000 @ 0x000008BD at PC 0x010F3548
[   4.417878] HW.Memory <Error> core\memory.cpp:Memory::MemorySystem::Write:528: unmapped Write8 0x00000000 @ 0x000008BE at PC 0x010F3548
[   4.417879] HW.Memory <Error> core\memory.cpp:Memory::MemorySystem::Write:528: unmapped Write8 0x00000000 @ 0x000008BF at PC 0x010F3548
[   4.417879] HW.Memory <Error> core\memory.cpp:Memory::MemorySystem::Write:528: unmapped Write8 0x00000000 @ 0x000008C0 at PC 0x010F3548
[   4.417880] HW.Memory <Error> core\memory.cpp:Memory::MemorySystem::Write:528: unmapped Write8 0x00000000 @ 0x000008C1 at PC 0x010F3548
[   4.417880] HW.Memory <Error> core\memory.cpp:Memory::MemorySystem::Write:528: unmapped Write8 0x00000000 @ 0x000008C2 at PC 0x010F3548
[   4.417881] HW.Memory <Error> core\memory.cpp:Memory::MemorySystem::Write:528: unmapped Write8 0x00000000 @ 0x000008C3 at PC 0x010F3548
[   4.417881] HW.Memory <Error> core\memory.cpp:Memory::MemorySystem::Write:528: unmapped Write8 0x00000000 @ 0x000008C4 at PC 0x010F3548
[   4.417882] HW.Memory <Error> core\memory.cpp:Memory::MemorySystem::Write:528: unmapped Write8 0x00000000 @ 0x000008C5 at PC 0x010F3548
[   4.417882] HW.Memory <Error> core\memory.cpp:Memory::MemorySystem::Write:528: unmapped Write8 0x00000000 @ 0x000008C6 at PC 0x010F3548
[   4.417883] HW.Memory <Error> core\memory.cpp:Memory::MemorySystem::Write:528: unmapped Write8 0x00000000 @ 0x000008C7 at PC 0x010F3548
[   4.417883] HW.Memory <Error> core\memory.cpp:Memory::MemorySystem::Write:528: unmapped Write8 0x00000000 @ 0x000008C8 at PC 0x010F3548
[   4.417884] HW.Memory <Error> core\memory.cpp:Memory::MemorySystem::Write:528: unmapped Write8 0x00000000 @ 0x000008C9 at PC 0x010F3548
[   4.417884] HW.Memory <Error> core\memory.cpp:Memory::MemorySystem::Write:528: unmapped Write8 0x00000000 @ 0x000008CA at PC 0x010F3548
[   4.417885] HW.Memory <Error> core\memory.cpp:Memory::MemorySystem::Write:528: unmapped Write8 0x00000000 @ 0x000008CB at PC 0x010F3548
[   4.417885] HW.Memory <Error> core\memory.cpp:Memory::MemorySystem::Write:528: unmapped Write8 0x00000000 @ 0x000008CC at PC 0x010F3548
[   4.417886] HW.Memory <Error> core\memory.cpp:Memory::MemorySystem::Write:528: unmapped Write8 0x00000000 @ 0x000008CD at PC 0x010F3548
[   4.417887] HW.Memory <Error> core\memory.cpp:Memory::MemorySystem::Write:528: unmapped Write8 0x00000000 @ 0x000008CE at PC 0x010F3548
[   4.417887] HW.Memory <Error> core\memory.cpp:Memory::MemorySystem::Write:528: unmapped Write8 0x00000000 @ 0x000008CF at PC 0x010F3548
[   4.417888] HW.Memory <Error> core\memory.cpp:Memory::MemorySystem::Write:528: unmapped Write8 0x00000000 @ 0x000008D0 at PC 0x010F3548
[   4.417888] HW.Memory <Error> core\memory.cpp:Memory::MemorySystem::Write:528: unmapped Write8 0x00000000 @ 0x000008D1 at PC 0x010F3548
[   4.417889] HW.Memory <Error> core\memory.cpp:Memory::MemorySystem::Write:528: unmapped Write8 0x00000000 @ 0x000008D2 at PC 0x010F3548
[   4.417889] HW.Memory <Error> core\memory.cpp:Memory::MemorySystem::Write:528: unmapped Write8 0x00000000 @ 0x000008D3 at PC 0x010F3548
[   4.417890] HW.Memory <Error> core\memory.cpp:Memory::MemorySystem::Write:528: unmapped Write8 0x00000000 @ 0x000008D4 at PC 0x010F3548
[   4.417890] HW.Memory <Error> core\memory.cpp:Memory::MemorySystem::Write:528: unmapped Write8 0x00000000 @ 0x000008D5 at PC 0x010F3548
[   4.417891] HW.Memory <Error> core\memory.cpp:Memory::MemorySystem::Write:528: unmapped Write8 0x00000000 @ 0x000008D6 at PC 0x010F3548
[   4.417891] HW.Memory <Error> core\memory.cpp:Memory::MemorySystem::Write:528: unmapped Write8 0x00000000 @ 0x000008D7 at PC 0x010F3548
[   4.417892] HW.Memory <Error> core\memory.cpp:Memory::MemorySystem::Write:528: unmapped Write8 0x00000000 @ 0x000008D8 at PC 0x010F3548
[   4.417892] HW.Memory <Error> core\memory.cpp:Memory::MemorySystem::Write:528: unmapped Write8 0x00000000 @ 0x000008D9 at PC 0x010F3548
[   4.417893] HW.Memory <Error> core\memory.cpp:Memory::MemorySystem::Write:528: unmapped Write8 0x00000000 @ 0x000008DA at PC 0x010F3548
[   4.417893] HW.Memory <Error> core\memory.cpp:Memory::MemorySystem::Write:528: unmapped Write8 0x00000000 @ 0x000008DB at PC 0x010F3548
[   4.417894] HW.Memory <Error> core\memory.cpp:Memory::MemorySystem::Write:528: unmapped Write8 0x00000000 @ 0x000008DC at PC 0x010F3548
[   4.417894] HW.Memory <Error> core\memory.cpp:Memory::MemorySystem::Write:528: unmapped Write8 0x00000000 @ 0x000008DD at PC 0x010F3548
[   4.417895] HW.Memory <Error> core\memory.cpp:Memory::MemorySystem::Write:528: unmapped Write8 0x00000000 @ 0x000008DE at PC 0x010F3548
[   4.417895] HW.Memory <Error> core\memory.cpp:Memory::MemorySystem::Write:528: unmapped Write8 0x00000000 @ 0x000008DF at PC 0x010F3548
[   4.417896] HW.Memory <Error> core\memory.cpp:Memory::MemorySystem::Write:528: unmapped Write8 0x00000000 @ 0x000008E0 at PC 0x010F3548
[   4.417897] HW.Memory <Error> core\memory.cpp:Memory::MemorySystem::Write:528: unmapped Write8 0x00000000 @ 0x000008E1 at PC 0x010F3548
[   4.417897] HW.Memory <Error> core\memory.cpp:Memory::MemorySystem::Write:528: unmapped Write8 0x00000000 @ 0x000008E2 at PC 0x010F3548
[   4.417898] HW.Memory <Error> core\memory.cpp:Memory::MemorySystem::Write:528: unmapped Write8 0x00000000 @ 0x000008E3 at PC 0x010F3548
[   4.417898] HW.Memory <Error> core\memory.cpp:Memory::MemorySystem::Write:528: unmapped Write8 0x00000000 @ 0x000008E4 at PC 0x010F3548
[   4.417899] HW.Memory <Error> core\memory.cpp:Memory::MemorySystem::Write:528: unmapped Write8 0x00000000 @ 0x000008E5 at PC 0x010F3548
[   4.417899] HW.Memory <Error> core\memory.cpp:Memory::MemorySystem::Write:528: unmapped Write8 0x00000000 @ 0x000008E6 at PC 0x010F3548
[   4.417900] HW.Memory <Error> core\memory.cpp:Memory::MemorySystem::Write:528: unmapped Write8 0x00000000 @ 0x000008E7 at PC 0x010F3548
[   4.417900] HW.Memory <Error> core\memory.cpp:Memory::MemorySystem::Write:528: unmapped Write8 0x00000000 @ 0x000008E8 at PC 0x010F3548
[   4.417901] HW.Memory <Error> core\memory.cpp:Memory::MemorySystem::Write:528: unmapped Write8 0x00000000 @ 0x000008E9 at PC 0x010F3548
[   4.417902] HW.Memory <Error> core\memory.cpp:Memory::MemorySystem::Write:528: unmapped Write8 0x00000000 @ 0x000008EA at PC 0x010F3548
[   4.417902] HW.Memory <Error> core\memory.cpp:Memory::MemorySystem::Write:528: unmapped Write8 0x00000000 @ 0x000008EB at PC 0x010F3548
[   4.417903] HW.Memory <Error> core\memory.cpp:Memory::MemorySystem::Write:528: unmapped Write8 0x00000000 @ 0x000008EC at PC 0x010F3548
[   4.417903] HW.Memory <Error> core\memory.cpp:Memory::MemorySystem::Write:528: unmapped Write8 0x00000000 @ 0x000008ED at PC 0x010F3548
[   4.417904] HW.Memory <Error> core\memory.cpp:Memory::MemorySystem::Write:528: unmapped Write8 0x00000000 @ 0x000008EE at PC 0x010F3548
[   4.417904] HW.Memory <Error> core\memory.cpp:Memory::MemorySystem::Write:528: unmapped Write8 0x00000000 @ 0x000008EF at PC 0x010F3548
[   4.417905] HW.Memory <Error> core\memory.cpp:Memory::MemorySystem::Write:528: unmapped Write8 0x00000000 @ 0x000008F0 at PC 0x010F3548
[   4.417905] HW.Memory <Error> core\memory.cpp:Memory::MemorySystem::Write:528: unmapped Write8 0x00000000 @ 0x000008F1 at PC 0x010F3548
[   4.417906] HW.Memory <Error> core\memory.cpp:Memory::MemorySystem::Write:528: unmapped Write8 0x00000000 @ 0x000008F2 at PC 0x010F3548
[   4.417906] HW.Memory <Error> core\memory.cpp:Memory::MemorySystem::Write:528: unmapped Write8 0x00000000 @ 0x000008F3 at PC 0x010F3548
[   4.417907] HW.Memory <Error> core\memory.cpp:Memory::MemorySystem::Write:528: unmapped Write8 0x00000000 @ 0x000008F4 at PC 0x010F3548
[   4.417907] HW.Memory <Error> core\memory.cpp:Memory::MemorySystem::Write:528: unmapped Write8 0x00000000 @ 0x000008F5 at PC 0x010F3548
[   4.417908] HW.Memory <Error> core\memory.cpp:Memory::MemorySystem::Write:528: unmapped Write8 0x00000000 @ 0x000008F6 at PC 0x010F3548
[   4.417908] HW.Memory <Error> core\memory.cpp:Memory::MemorySystem::Write:528: unmapped Write8 0x00000000 @ 0x000008F7 at PC 0x010F3548
[   4.417909] HW.Memory <Error> core\memory.cpp:Memory::MemorySystem::Write:528: unmapped Write8 0x00000000 @ 0x000008F8 at PC 0x010F3548
[   4.417909] HW.Memory <Error> core\memory.cpp:Memory::MemorySystem::Write:528: unmapped Write8 0x00000000 @ 0x000008F9 at PC 0x010F3548
[   4.417910] HW.Memory <Error> core\memory.cpp:Memory::MemorySystem::Write:528: unmapped Write8 0x00000000 @ 0x000008FA at PC 0x010F3548
[   4.417910] HW.Memory <Error> core\memory.cpp:Memory::MemorySystem::Write:528: unmapped Write8 0x00000000 @ 0x000008FB at PC 0x010F3548
[   4.417911] HW.Memory <Error> core\memory.cpp:Memory::MemorySystem::Write:528: unmapped Write8 0x00000000 @ 0x000008FC at PC 0x010F3548
[   4.417911] HW.Memory <Error> core\memory.cpp:Memory::MemorySystem::Write:528: unmapped Write8 0x00000000 @ 0x000008FD at PC 0x010F3548
[   4.417912] HW.Memory <Error> core\memory.cpp:Memory::MemorySystem::Write:528: unmapped Write8 0x00000000 @ 0x000008FE at PC 0x010F3548
[   4.417912] HW.Memory <Error> core\memory.cpp:Memory::MemorySystem::Write:528: unmapped Write8 0x00000000 @ 0x000008FF at PC 0x010F3548
[   4.417913] HW.Memory <Error> core\memory.cpp:Memory::MemorySystem::Write:528: unmapped Write8 0x00000000 @ 0x00000900 at PC 0x010F3548
[   4.417914] HW.Memory <Error> core\memory.cpp:Memory::MemorySystem::Write:528: unmapped Write8 0x00000000 @ 0x00000901 at PC 0x010F3548
[   4.417914] HW.Memory <Error> core\memory.cpp:Memory::MemorySystem::Write:528: unmapped Write8 0x00000000 @ 0x00000902 at PC 0x010F3548
[   4.417915] HW.Memory <Error> core\memory.cpp:Memory::MemorySystem::Write:528: unmapped Write8 0x00000000 @ 0x00000903 at PC 0x010F3548
[   4.417915] HW.Memory <Error> core\memory.cpp:Memory::MemorySystem::Write:528: unmapped Write8 0x00000000 @ 0x00000904 at PC 0x010F3548
[   4.417916] HW.Memory <Error> core\memory.cpp:Memory::MemorySystem::Write:528: unmapped Write8 0x00000000 @ 0x00000905 at PC 0x010F3548
[   4.417916] HW.Memory <Error> core\memory.cpp:Memory::MemorySystem::Write:528: unmapped Write8 0x00000000 @ 0x00000906 at PC 0x010F3548
[   4.417917] HW.Memory <Error> core\memory.cpp:Memory::MemorySystem::Write:528: unmapped Write8 0x00000000 @ 0x00000907 at PC 0x010F3548
[   4.417917] HW.Memory <Error> core\memory.cpp:Memory::MemorySystem::Write:528: unmapped Write8 0x00000000 @ 0x00000908 at PC 0x010F3548
[   4.417918] HW.Memory <Error> core\memory.cpp:Memory::MemorySystem::Write:528: unmapped Write8 0x00000000 @ 0x00000909 at PC 0x010F3548
[   4.417919] HW.Memory <Error> core\memory.cpp:Memory::MemorySystem::Write:528: unmapped Write8 0x00000000 @ 0x0000090A at PC 0x010F3548
[   4.417919] HW.Memory <Error> core\memory.cpp:Memory::MemorySystem::Write:528: unmapped Write8 0x00000000 @ 0x0000090B at PC 0x010F3548
[   4.417920] HW.Memory <Error> core\memory.cpp:Memory::MemorySystem::Write:528: unmapped Write8 0x00000000 @ 0x0000090C at PC 0x010F3548
[   4.417920] HW.Memory <Error> core\memory.cpp:Memory::MemorySystem::Write:528: unmapped Write8 0x00000000 @ 0x0000090D at PC 0x010F3548
[   4.417920] HW.Memory <Error> core\memory.cpp:Memory::MemorySystem::Write:528: unmapped Write8 0x00000000 @ 0x0000090E at PC 0x010F3548
[   4.417921] HW.Memory <Error> core\memory.cpp:Memory::MemorySystem::Write:528: unmapped Write8 0x00000000 @ 0x0000090F at PC 0x010F3548
[   4.417921] HW.Memory <Error> core\memory.cpp:Memory::MemorySystem::Write:528: unmapped Write8 0x00000000 @ 0x00000910 at PC 0x010F3548
[   4.417922] HW.Memory <Error> core\memory.cpp:Memory::MemorySystem::Write:528: unmapped Write8 0x00000000 @ 0x00000911 at PC 0x010F3548
[   4.417923] HW.Memory <Error> core\memory.cpp:Memory::MemorySystem::Write:528: unmapped Write8 0x00000000 @ 0x00000912 at PC 0x010F3548
[   4.417923] HW.Memory <Error> core\memory.cpp:Memory::MemorySystem::Write:528: unmapped Write8 0x00000000 @ 0x00000913 at PC 0x010F3548
[   4.417924] HW.Memory <Error> core\memory.cpp:Memory::MemorySystem::Write:528: unmapped Write8 0x00000000 @ 0x00000914 at PC 0x010F3548
[   4.417924] HW.Memory <Error> core\memory.cpp:Memory::MemorySystem::Write:528: unmapped Write8 0x00000000 @ 0x00000915 at PC 0x010F3548
[   4.417925] HW.Memory <Error> core\memory.cpp:Memory::MemorySystem::Write:528: unmapped Write8 0x00000000 @ 0x00000916 at PC 0x010F3548
[   4.417925] HW.Memory <Error> core\memory.cpp:Memory::MemorySystem::Write:528: unmapped Write8 0x00000000 @ 0x00000917 at PC 0x010F3548
[   4.417926] HW.Memory <Error> core\memory.cpp:Memory::MemorySystem::Write:528: unmapped Write8 0x00000000 @ 0x00000918 at PC 0x010F3548
[   4.417926] HW.Memory <Error> core\memory.cpp:Memory::MemorySystem::Write:528: unmapped Write8 0x00000000 @ 0x00000919 at PC 0x010F3548
[   4.417927] HW.Memory <Error> core\memory.cpp:Memory::MemorySystem::Write:528: unmapped Write8 0x00000000 @ 0x0000091A at PC 0x010F3548
[   4.417928] HW.Memory <Error> core\memory.cpp:Memory::MemorySystem::Write:528: unmapped Write8 0x00000000 @ 0x0000091B at PC 0x010F3548
[   4.417928] HW.Memory <Error> core\memory.cpp:Memory::MemorySystem::Write:528: unmapped Write8 0x00000000 @ 0x0000091C at PC 0x010F3548
[   4.417929] HW.Memory <Error> core\memory.cpp:Memory::MemorySystem::Write:528: unmapped Write8 0x00000000 @ 0x0000091D at PC 0x010F3548
[   4.417929] HW.Memory <Error> core\memory.cpp:Memory::MemorySystem::Write:528: unmapped Write8 0x00000000 @ 0x0000091E at PC 0x010F3548
[   4.417930] HW.Memory <Error> core\memory.cpp:Memory::MemorySystem::Write:528: unmapped Write8 0x00000000 @ 0x0000091F at PC 0x010F3548
[   4.417930] HW.Memory <Error> core\memory.cpp:Memory::MemorySystem::Write:528: unmapped Write8 0x00000000 @ 0x00000920 at PC 0x010F3548
[   4.417931] HW.Memory <Error> core\memory.cpp:Memory::MemorySystem::Write:528: unmapped Write8 0x00000000 @ 0x00000921 at PC 0x010F3548
[   4.417931] HW.Memory <Error> core\memory.cpp:Memory::MemorySystem::Write:528: unmapped Write8 0x00000000 @ 0x00000922 at PC 0x010F3548
[   4.417932] HW.Memory <Error> core\memory.cpp:Memory::MemorySystem::Write:528: unmapped Write8 0x00000000 @ 0x00000923 at PC 0x010F3548
[   4.417932] HW.Memory <Error> core\memory.cpp:Memory::MemorySystem::Write:528: unmapped Write8 0x00000000 @ 0x00000924 at PC 0x010F3548
[   4.417933] HW.Memory <Error> core\memory.cpp:Memory::MemorySystem::Write:528: unmapped Write8 0x00000000 @ 0x00000925 at PC 0x010F3548
[   4.417933] HW.Memory <Error> core\memory.cpp:Memory::MemorySystem::Write:528: unmapped Write8 0x00000000 @ 0x00000926 at PC 0x010F3548
[   4.417934] HW.Memory <Error> core\memory.cpp:Memory::MemorySystem::Write:528: unmapped Write8 0x00000000 @ 0x00000927 at PC 0x010F3548
[   4.417935] HW.Memory <Error> core\memory.cpp:Memory::MemorySystem::Write:528: unmapped Write8 0x00000000 @ 0x00000928 at PC 0x010F3548
[   4.417935] HW.Memory <Error> core\memory.cpp:Memory::MemorySystem::Write:528: unmapped Write8 0x00000000 @ 0x00000929 at PC 0x010F3548
[   4.417936] HW.Memory <Error> core\memory.cpp:Memory::MemorySystem::Write:528: unmapped Write8 0x00000000 @ 0x0000092A at PC 0x010F3548
[   4.417936] HW.Memory <Error> core\memory.cpp:Memory::MemorySystem::Write:528: unmapped Write8 0x00000000 @ 0x0000092B at PC 0x010F3548
[   4.417937] HW.Memory <Error> core\memory.cpp:Memory::MemorySystem::Write:528: unmapped Write8 0x00000000 @ 0x0000092C at PC 0x010F3548
[   4.417937] HW.Memory <Error> core\memory.cpp:Memory::MemorySystem::Write:528: unmapped Write8 0x00000000 @ 0x0000092D at PC 0x010F3548
[   4.417938] HW.Memory <Error> core\memory.cpp:Memory::MemorySystem::Write:528: unmapped Write8 0x00000000 @ 0x0000092E at PC 0x010F3548
[   4.417938] HW.Memory <Error> core\memory.cpp:Memory::MemorySystem::Write:528: unmapped Write8 0x00000000 @ 0x0000092F at PC 0x010F3548
[   4.417939] HW.Memory <Error> core\memory.cpp:Memory::MemorySystem::Write:528: unmapped Write8 0x00000000 @ 0x00000930 at PC 0x010F3548
[   4.417939] HW.Memory <Error> core\memory.cpp:Memory::MemorySystem::Write:528: unmapped Write8 0x00000000 @ 0x00000931 at PC 0x010F3548
[   4.417940] HW.Memory <Error> core\memory.cpp:Memory::MemorySystem::Write:528: unmapped Write8 0x00000000 @ 0x00000932 at PC 0x010F3548
[   4.417941] HW.Memory <Error> core\memory.cpp:Memory::MemorySystem::Write:528: unmapped Write8 0x00000000 @ 0x00000933 at PC 0x010F3548
[   4.417941] HW.Memory <Error> core\memory.cpp:Memory::MemorySystem::Write:528: unmapped Write8 0x00000000 @ 0x00000934 at PC 0x010F3548
[   4.417942] HW.Memory <Error> core\memory.cpp:Memory::MemorySystem::Write:528: unmapped Write8 0x00000000 @ 0x00000935 at PC 0x010F3548
[   4.417942] HW.Memory <Error> core\memory.cpp:Memory::MemorySystem::Write:528: unmapped Write8 0x00000000 @ 0x00000936 at PC 0x010F3548
[   4.417943] HW.Memory <Error> core\memory.cpp:Memory::MemorySystem::Write:528: unmapped Write8 0x00000000 @ 0x00000937 at PC 0x010F3548
[   4.417943] HW.Memory <Error> core\memory.cpp:Memory::MemorySystem::Write:528: unmapped Write8 0x00000000 @ 0x00000938 at PC 0x010F3548
[   4.417944] HW.Memory <Error> core\memory.cpp:Memory::MemorySystem::Write:528: unmapped Write8 0x00000000 @ 0x00000939 at PC 0x010F3548
[   4.417944] HW.Memory <Error> core\memory.cpp:Memory::MemorySystem::Write:528: unmapped Write8 0x00000000 @ 0x0000093A at PC 0x010F3548
[   4.417945] HW.Memory <Error> core\memory.cpp:Memory::MemorySystem::Write:528: unmapped Write8 0x00000000 @ 0x0000093B at PC 0x010F3548
[   4.417945] HW.Memory <Error> core\memory.cpp:Memory::MemorySystem::Write:528: unmapped Write8 0x00000000 @ 0x0000093C at PC 0x010F3548
[   4.417946] HW.Memory <Error> core\memory.cpp:Memory::MemorySystem::Write:528: unmapped Write8 0x00000000 @ 0x0000093D at PC 0x010F3548
[   4.417946] HW.Memory <Error> core\memory.cpp:Memory::MemorySystem::Write:528: unmapped Write8 0x00000000 @ 0x0000093E at PC 0x010F3548
[   4.417947] HW.Memory <Error> core\memory.cpp:Memory::MemorySystem::Write:528: unmapped Write8 0x00000000 @ 0x0000093F at PC 0x010F3548
[   4.417947] HW.Memory <Error> core\memory.cpp:Memory::MemorySystem::Write:528: unmapped Write8 0x00000000 @ 0x00000940 at PC 0x010F3548
[   4.417948] HW.Memory <Error> core\memory.cpp:Memory::MemorySystem::Write:528: unmapped Write8 0x00000000 @ 0x00000941 at PC 0x010F3548
[   4.417948] HW.Memory <Error> core\memory.cpp:Memory::MemorySystem::Write:528: unmapped Write8 0x00000000 @ 0x00000942 at PC 0x010F3548
[   4.417949] HW.Memory <Error> core\memory.cpp:Memory::MemorySystem::Write:528: unmapped Write8 0x00000000 @ 0x00000943 at PC 0x010F3548
[   4.417949] HW.Memory <Error> core\memory.cpp:Memory::MemorySystem::Write:528: unmapped Write8 0x00000000 @ 0x00000944 at PC 0x010F3548
[   4.417950] HW.Memory <Error> core\memory.cpp:Memory::MemorySystem::Write:528: unmapped Write8 0x00000000 @ 0x00000945 at PC 0x010F3548
[   4.417951] HW.Memory <Error> core\memory.cpp:Memory::MemorySystem::Write:528: unmapped Write8 0x00000000 @ 0x00000946 at PC 0x010F3548
[   4.417951] HW.Memory <Error> core\memory.cpp:Memory::MemorySystem::Write:528: unmapped Write8 0x00000000 @ 0x00000947 at PC 0x010F3548
[   4.417952] HW.Memory <Error> core\memory.cpp:Memory::MemorySystem::Write:528: unmapped Write8 0x00000000 @ 0x00000948 at PC 0x010F3548
[   4.417952] HW.Memory <Error> core\memory.cpp:Memory::MemorySystem::Write:528: unmapped Write8 0x00000000 @ 0x00000949 at PC 0x010F3548
[   4.417953] HW.Memory <Error> core\memory.cpp:Memory::MemorySystem::Write:528: unmapped Write8 0x00000000 @ 0x0000094A at PC 0x010F3548
[   4.417953] HW.Memory <Error> core\memory.cpp:Memory::MemorySystem::Write:528: unmapped Write8 0x00000000 @ 0x0000094B at PC 0x010F3548
[   4.417954] HW.Memory <Error> core\memory.cpp:Memory::MemorySystem::Write:528: unmapped Write8 0x00000000 @ 0x0000094C at PC 0x010F3548
[   4.417954] HW.Memory <Error> core\memory.cpp:Memory::MemorySystem::Write:528: unmapped Write8 0x00000000 @ 0x0000094D at PC 0x010F3548
[   4.417957] HW.Memory <Error> core\memory.cpp:Memory::MemorySystem::Write:528: unmapped Write8 0x00000000 @ 0x0000094E at PC 0x010F3548
[   4.417957] HW.Memory <Error> core\memory.cpp:Memory::MemorySystem::Write:528: unmapped Write8 0x00000000 @ 0x0000094F at PC 0x010F3548
[   4.417958] HW.Memory <Error> core\memory.cpp:Memory::MemorySystem::Write:528: unmapped Write8 0x00000000 @ 0x00000950 at PC 0x010F3548
[   4.417958] HW.Memory <Error> core\memory.cpp:Memory::MemorySystem::Write:528: unmapped Write8 0x00000000 @ 0x00000951 at PC 0x010F3548
[   4.417959] HW.Memory <Error> core\memory.cpp:Memory::MemorySystem::Write:528: unmapped Write8 0x00000000 @ 0x00000952 at PC 0x010F3548
[   4.417959] HW.Memory <Error> core\memory.cpp:Memory::MemorySystem::Write:528: unmapped Write8 0x00000000 @ 0x00000953 at PC 0x010F3548
[   4.417960] HW.Memory <Error> core\memory.cpp:Memory::MemorySystem::Write:528: unmapped Write8 0x00000000 @ 0x00000954 at PC 0x010F3548
[   4.417960] HW.Memory <Error> core\memory.cpp:Memory::MemorySystem::Write:528: unmapped Write8 0x00000000 @ 0x00000955 at PC 0x010F3548
[   4.417961] HW.Memory <Error> core\memory.cpp:Memory::MemorySystem::Write:528: unmapped Write8 0x00000000 @ 0x00000956 at PC 0x010F3548
[   4.417962] HW.Memory <Error> core\memory.cpp:Memory::MemorySystem::Write:528: unmapped Write8 0x00000000 @ 0x00000957 at PC 0x010F3548
[   4.417962] HW.Memory <Error> core\memory.cpp:Memory::MemorySystem::Write:528: unmapped Write8 0x00000000 @ 0x00000958 at PC 0x010F3548
[   4.417963] HW.Memory <Error> core\memory.cpp:Memory::MemorySystem::Write:528: unmapped Write8 0x00000000 @ 0x00000959 at PC 0x010F3548
[   4.417963] HW.Memory <Error> core\memory.cpp:Memory::MemorySystem::Write:528: unmapped Write8 0x00000000 @ 0x0000095A at PC 0x010F3548
[   4.417964] HW.Memory <Error> core\memory.cpp:Memory::MemorySystem::Write:528: unmapped Write8 0x00000000 @ 0x0000095B at PC 0x010F3548
[   4.417964] HW.Memory <Error> core\memory.cpp:Memory::MemorySystem::Write:528: unmapped Write8 0x00000000 @ 0x0000095C at PC 0x010F3548
[   4.417965] HW.Memory <Error> core\memory.cpp:Memory::MemorySystem::Write:528: unmapped Write8 0x00000000 @ 0x0000095D at PC 0x010F3548
[   4.417965] HW.Memory <Error> core\memory.cpp:Memory::MemorySystem::Write:528: unmapped Write8 0x00000000 @ 0x0000095E at PC 0x010F3548
[   4.417966] HW.Memory <Error> core\memory.cpp:Memory::MemorySystem::Write:528: unmapped Write8 0x00000000 @ 0x0000095F at PC 0x010F3548
[   4.417967] HW.Memory <Error> core\memory.cpp:Memory::MemorySystem::Write:528: unmapped Write8 0x00000000 @ 0x00000960 at PC 0x010F3548
[   4.417967] HW.Memory <Error> core\memory.cpp:Memory::MemorySystem::Write:528: unmapped Write8 0x00000000 @ 0x00000961 at PC 0x010F3548
[   4.417968] HW.Memory <Error> core\memory.cpp:Memory::MemorySystem::Write:528: unmapped Write8 0x00000000 @ 0x00000962 at PC 0x010F3548
[   4.417968] HW.Memory <Error> core\memory.cpp:Memory::MemorySystem::Write:528: unmapped Write8 0x00000000 @ 0x00000963 at PC 0x010F3548
[   4.417969] HW.Memory <Error> core\memory.cpp:Memory::MemorySystem::Write:528: unmapped Write8 0x00000000 @ 0x00000964 at PC 0x010F3548
[   4.417970] HW.Memory <Error> core\memory.cpp:Memory::MemorySystem::Write:528: unmapped Write8 0x00000000 @ 0x00000965 at PC 0x010F3548
[   4.417970] HW.Memory <Error> core\memory.cpp:Memory::MemorySystem::Write:528: unmapped Write8 0x00000000 @ 0x00000966 at PC 0x010F3548
[   4.417971] HW.Memory <Error> core\memory.cpp:Memory::MemorySystem::Write:528: unmapped Write8 0x00000000 @ 0x00000967 at PC 0x010F3548
[   4.417971] HW.Memory <Error> core\memory.cpp:Memory::MemorySystem::Write:528: unmapped Write8 0x00000000 @ 0x00000968 at PC 0x010F3548
[   4.417972] HW.Memory <Error> core\memory.cpp:Memory::MemorySystem::Write:528: unmapped Write8 0x00000000 @ 0x00000969 at PC 0x010F3548
[   4.417972] HW.Memory <Error> core\memory.cpp:Memory::MemorySystem::Write:528: unmapped Write8 0x00000000 @ 0x0000096A at PC 0x010F3548
[   4.417973] HW.Memory <Error> core\memory.cpp:Memory::MemorySystem::Write:528: unmapped Write8 0x00000000 @ 0x0000096B at PC 0x010F3548
[   4.417973] HW.Memory <Error> core\memory.cpp:Memory::MemorySystem::Write:528: unmapped Write8 0x00000000 @ 0x0000096C at PC 0x010F3548
[   4.417974] HW.Memory <Error> core\memory.cpp:Memory::MemorySystem::Write:528: unmapped Write8 0x00000000 @ 0x0000096D at PC 0x010F3548
[   4.417974] HW.Memory <Error> core\memory.cpp:Memory::MemorySystem::Write:528: unmapped Write8 0x00000000 @ 0x0000096E at PC 0x010F3548
[   4.417975] HW.Memory <Error> core\memory.cpp:Memory::MemorySystem::Write:528: unmapped Write8 0x00000000 @ 0x0000096F at PC 0x010F3548
[   4.417976] HW.Memory <Error> core\memory.cpp:Memory::MemorySystem::Write:528: unmapped Write8 0x00000000 @ 0x00000970 at PC 0x010F3548
[   4.417976] HW.Memory <Error> core\memory.cpp:Memory::MemorySystem::Write:528: unmapped Write8 0x00000000 @ 0x00000971 at PC 0x010F3548
[   4.417977] HW.Memory <Error> core\memory.cpp:Memory::MemorySystem::Write:528: unmapped Write8 0x00000000 @ 0x00000972 at PC 0x010F3548
[   4.417977] HW.Memory <Error> core\memory.cpp:Memory::MemorySystem::Write:528: unmapped Write8 0x00000000 @ 0x00000973 at PC 0x010F3548
[   4.417978] HW.Memory <Error> core\memory.cpp:Memory::MemorySystem::Write:528: unmapped Write8 0x00000000 @ 0x00000974 at PC 0x010F3548
[   4.417978] HW.Memory <Error> core\memory.cpp:Memory::MemorySystem::Write:528: unmapped Write8 0x00000000 @ 0x00000975 at PC 0x010F3548
[   4.417979] HW.Memory <Error> core\memory.cpp:Memory::MemorySystem::Write:528: unmapped Write8 0x00000000 @ 0x00000976 at PC 0x010F3548
[   4.417979] HW.Memory <Error> core\memory.cpp:Memory::MemorySystem::Write:528: unmapped Write8 0x00000000 @ 0x00000977 at PC 0x010F3548
[   4.417980] HW.Memory <Error> core\memory.cpp:Memory::MemorySystem::Write:528: unmapped Write8 0x00000000 @ 0x00000978 at PC 0x010F3548
[   4.417980] HW.Memory <Error> core\memory.cpp:Memory::MemorySystem::Write:528: unmapped Write8 0x00000000 @ 0x00000979 at PC 0x010F3548
[   4.417981] HW.Memory <Error> core\memory.cpp:Memory::MemorySystem::Write:528: unmapped Write8 0x00000000 @ 0x0000097A at PC 0x010F3548
[   4.417981] HW.Memory <Error> core\memory.cpp:Memory::MemorySystem::Write:528: unmapped Write8 0x00000000 @ 0x0000097B at PC 0x010F3548
[   4.417982] HW.Memory <Error> core\memory.cpp:Memory::MemorySystem::Write:528: unmapped Write8 0x00000000 @ 0x0000097C at PC 0x010F3548
[   4.417983] HW.Memory <Error> core\memory.cpp:Memory::MemorySystem::Write:528: unmapped Write8 0x00000000 @ 0x0000097D at PC 0x010F3548
[   4.417983] HW.Memory <Error> core\memory.cpp:Memory::MemorySystem::Write:528: unmapped Write8 0x00000000 @ 0x0000097E at PC 0x010F3548
[   4.417984] HW.Memory <Error> core\memory.cpp:Memory::MemorySystem::Write:528: unmapped Write8 0x00000000 @ 0x0000097F at PC 0x010F3548
[   4.417984] HW.Memory <Error> core\memory.cpp:Memory::MemorySystem::Write:528: unmapped Write8 0x00000000 @ 0x00000980 at PC 0x010F3548
[   4.417985] HW.Memory <Error> core\memory.cpp:Memory::MemorySystem::Write:528: unmapped Write8 0x00000000 @ 0x00000981 at PC 0x010F3548
[   4.417986] HW.Memory <Error> core\memory.cpp:Memory::MemorySystem::Write:528: unmapped Write8 0x00000000 @ 0x00000982 at PC 0x010F3548
[   4.417986] HW.Memory <Error> core\memory.cpp:Memory::MemorySystem::Write:528: unmapped Write8 0x00000000 @ 0x00000983 at PC 0x010F3548
[   4.417986] HW.Memory <Error> core\memory.cpp:Memory::MemorySystem::Write:528: unmapped Write8 0x00000000 @ 0x00000984 at PC 0x010F3548
[   4.417987] HW.Memory <Error> core\memory.cpp:Memory::MemorySystem::Write:528: unmapped Write8 0x00000000 @ 0x00000985 at PC 0x010F3548
[   4.417988] HW.Memory <Error> core\memory.cpp:Memory::MemorySystem::Write:528: unmapped Write8 0x00000000 @ 0x00000986 at PC 0x010F3548
[   4.417988] HW.Memory <Error> core\memory.cpp:Memory::MemorySystem::Write:528: unmapped Write8 0x00000000 @ 0x00000987 at PC 0x010F3548
[   4.417989] HW.Memory <Error> core\memory.cpp:Memory::MemorySystem::Write:528: unmapped Write8 0x00000000 @ 0x00000988 at PC 0x010F3548
[   4.417990] HW.Memory <Error> core\memory.cpp:Memory::MemorySystem::Write:528: unmapped Write8 0x00000000 @ 0x00000989 at PC 0x010F3548
[   4.417990] HW.Memory <Error> core\memory.cpp:Memory::MemorySystem::Write:528: unmapped Write8 0x00000000 @ 0x0000098A at PC 0x010F3548
[   4.417991] HW.Memory <Error> core\memory.cpp:Memory::MemorySystem::Write:528: unmapped Write8 0x00000000 @ 0x0000098B at PC 0x010F3548
[   4.417991] HW.Memory <Error> core\memory.cpp:Memory::MemorySystem::Write:528: unmapped Write8 0x00000000 @ 0x0000098C at PC 0x010F3548
[   4.417992] HW.Memory <Error> core\memory.cpp:Memory::MemorySystem::Write:528: unmapped Write8 0x00000000 @ 0x0000098D at PC 0x010F3548
[   4.417992] HW.Memory <Error> core\memory.cpp:Memory::MemorySystem::Write:528: unmapped Write8 0x00000000 @ 0x0000098E at PC 0x010F3548
[   4.417993] HW.Memory <Error> core\memory.cpp:Memory::MemorySystem::Write:528: unmapped Write8 0x00000000 @ 0x0000098F at PC 0x010F3548
[   4.417993] HW.Memory <Error> core\memory.cpp:Memory::MemorySystem::Write:528: unmapped Write8 0x00000000 @ 0x00000990 at PC 0x010F3548
[   4.417994] HW.Memory <Error> core\memory.cpp:Memory::MemorySystem::Write:528: unmapped Write8 0x00000000 @ 0x00000991 at PC 0x010F3548
[   4.417994] HW.Memory <Error> core\memory.cpp:Memory::MemorySystem::Write:528: unmapped Write8 0x00000000 @ 0x00000992 at PC 0x010F3548
[   4.417995] HW.Memory <Error> core\memory.cpp:Memory::MemorySystem::Write:528: unmapped Write8 0x00000000 @ 0x00000993 at PC 0x010F3548
[   4.417995] HW.Memory <Error> core\memory.cpp:Memory::MemorySystem::Write:528: unmapped Write8 0x00000000 @ 0x00000994 at PC 0x010F3548
[   4.417996] HW.Memory <Error> core\memory.cpp:Memory::MemorySystem::Write:528: unmapped Write8 0x00000000 @ 0x00000995 at PC 0x010F3548
[   4.417996] HW.Memory <Error> core\memory.cpp:Memory::MemorySystem::Write:528: unmapped Write8 0x00000000 @ 0x00000996 at PC 0x010F3548
[   4.417997] HW.Memory <Error> core\memory.cpp:Memory::MemorySystem::Write:528: unmapped Write8 0x00000000 @ 0x00000997 at PC 0x010F3548
[   4.417997] HW.Memory <Error> core\memory.cpp:Memory::MemorySystem::Write:528: unmapped Write8 0x00000000 @ 0x00000998 at PC 0x010F3548
[   4.417998] HW.Memory <Error> core\memory.cpp:Memory::MemorySystem::Write:528: unmapped Write8 0x00000000 @ 0x00000999 at PC 0x010F3548
[   4.417999] HW.Memory <Error> core\memory.cpp:Memory::MemorySystem::Write:528: unmapped Write8 0x00000000 @ 0x0000099A at PC 0x010F3548
[   4.417999] HW.Memory <Error> core\memory.cpp:Memory::MemorySystem::Write:528: unmapped Write8 0x00000000 @ 0x0000099B at PC 0x010F3548
[   4.418000] HW.Memory <Error> core\memory.cpp:Memory::MemorySystem::Write:528: unmapped Write8 0x00000000 @ 0x0000099C at PC 0x010F3548
[   4.418000] HW.Memory <Error> core\memory.cpp:Memory::MemorySystem::Write:528: unmapped Write8 0x00000000 @ 0x0000099D at PC 0x010F3548
[   4.418001] HW.Memory <Error> core\memory.cpp:Memory::MemorySystem::Write:528: unmapped Write8 0x00000000 @ 0x0000099E at PC 0x010F3548
[   4.418001] HW.Memory <Error> core\memory.cpp:Memory::MemorySystem::Write:528: unmapped Write8 0x00000000 @ 0x0000099F at PC 0x010F3548
[   4.418002] HW.Memory <Error> core\memory.cpp:Memory::MemorySystem::Write:528: unmapped Write8 0x00000000 @ 0x000009A0 at PC 0x010F3548
[   4.418002] HW.Memory <Error> core\memory.cpp:Memory::MemorySystem::Write:528: unmapped Write8 0x00000000 @ 0x000009A1 at PC 0x010F3548
[   4.418003] HW.Memory <Error> core\memory.cpp:Memory::MemorySystem::Write:528: unmapped Write8 0x00000000 @ 0x000009A2 at PC 0x010F3548
[   4.418003] HW.Memory <Error> core\memory.cpp:Memory::MemorySystem::Write:528: unmapped Write8 0x00000000 @ 0x000009A3 at PC 0x010F3548
[   4.418004] HW.Memory <Error> core\memory.cpp:Memory::MemorySystem::Write:528: unmapped Write8 0x00000000 @ 0x000009A4 at PC 0x010F3548
[   4.418004] HW.Memory <Error> core\memory.cpp:Memory::MemorySystem::Write:528: unmapped Write8 0x00000000 @ 0x000009A5 at PC 0x010F3548
[   4.418005] HW.Memory <Error> core\memory.cpp:Memory::MemorySystem::Write:528: unmapped Write8 0x00000000 @ 0x000009A6 at PC 0x010F3548
[   4.418006] HW.Memory <Error> core\memory.cpp:Memory::MemorySystem::Write:528: unmapped Write8 0x00000000 @ 0x000009A7 at PC 0x010F3548
[   4.418006] HW.Memory <Error> core\memory.cpp:Memory::MemorySystem::Write:528: unmapped Write8 0x00000000 @ 0x000009A8 at PC 0x010F3548
[   4.418006] HW.Memory <Error> core\memory.cpp:Memory::MemorySystem::Write:528: unmapped Write8 0x00000000 @ 0x000009A9 at PC 0x010F3548
[   4.418007] HW.Memory <Error> core\memory.cpp:Memory::MemorySystem::Write:528: unmapped Write8 0x00000000 @ 0x000009AA at PC 0x010F3548
[   4.418007] HW.Memory <Error> core\memory.cpp:Memory::MemorySystem::Write:528: unmapped Write8 0x00000000 @ 0x000009AB at PC 0x010F3548
[   4.418008] HW.Memory <Error> core\memory.cpp:Memory::MemorySystem::Write:528: unmapped Write8 0x00000000 @ 0x000009AC at PC 0x010F3548
[   4.418009] HW.Memory <Error> core\memory.cpp:Memory::MemorySystem::Write:528: unmapped Write8 0x00000000 @ 0x000009AD at PC 0x010F3548
[   4.418009] HW.Memory <Error> core\memory.cpp:Memory::MemorySystem::Write:528: unmapped Write8 0x00000000 @ 0x000009AE at PC 0x010F3548
[   4.418010] HW.Memory <Error> core\memory.cpp:Memory::MemorySystem::Write:528: unmapped Write8 0x00000000 @ 0x000009AF at PC 0x010F3548
[   4.418010] HW.Memory <Error> core\memory.cpp:Memory::MemorySystem::Write:528: unmapped Write8 0x00000000 @ 0x000009B0 at PC 0x010F3548
[   4.418011] HW.Memory <Error> core\memory.cpp:Memory::MemorySystem::Write:528: unmapped Write8 0x00000000 @ 0x000009B1 at PC 0x010F3548
[   4.418011] HW.Memory <Error> core\memory.cpp:Memory::MemorySystem::Write:528: unmapped Write8 0x00000000 @ 0x000009B2 at PC 0x010F3548
[   4.418012] HW.Memory <Error> core\memory.cpp:Memory::MemorySystem::Write:528: unmapped Write8 0x00000000 @ 0x000009B3 at PC 0x010F3548
[   4.418012] HW.Memory <Error> core\memory.cpp:Memory::MemorySystem::Write:528: unmapped Write8 0x00000000 @ 0x000009B4 at PC 0x010F3548
[   4.418013] HW.Memory <Error> core\memory.cpp:Memory::MemorySystem::Write:528: unmapped Write8 0x00000000 @ 0x000009B5 at PC 0x010F3548
[   4.418013] HW.Memory <Error> core\memory.cpp:Memory::MemorySystem::Write:528: unmapped Write8 0x00000000 @ 0x000009B6 at PC 0x010F3548
[   4.418014] HW.Memory <Error> core\memory.cpp:Memory::MemorySystem::Write:528: unmapped Write8 0x00000000 @ 0x000009B7 at PC 0x010F3548
[   4.418014] HW.Memory <Error> core\memory.cpp:Memory::MemorySystem::Write:528: unmapped Write8 0x00000000 @ 0x000009B8 at PC 0x010F3548
[   4.418015] HW.Memory <Error> core\memory.cpp:Memory::MemorySystem::Write:528: unmapped Write8 0x00000000 @ 0x000009B9 at PC 0x010F3548
[   4.418015] HW.Memory <Error> core\memory.cpp:Memory::MemorySystem::Write:528: unmapped Write8 0x00000000 @ 0x000009BA at PC 0x010F3548
[   4.418016] HW.Memory <Error> core\memory.cpp:Memory::MemorySystem::Write:528: unmapped Write8 0x00000000 @ 0x000009BB at PC 0x010F3548
[   4.418016] HW.Memory <Error> core\memory.cpp:Memory::MemorySystem::Write:528: unmapped Write8 0x00000000 @ 0x000009BC at PC 0x010F3548
[   4.418017] HW.Memory <Error> core\memory.cpp:Memory::MemorySystem::Write:528: unmapped Write8 0x00000000 @ 0x000009BD at PC 0x010F3548
[   4.418017] HW.Memory <Error> core\memory.cpp:Memory::MemorySystem::Write:528: unmapped Write8 0x00000000 @ 0x000009BE at PC 0x010F3548
[   4.418018] HW.Memory <Error> core\memory.cpp:Memory::MemorySystem::Write:528: unmapped Write8 0x00000000 @ 0x000009BF at PC 0x010F3548
[   4.418018] HW.Memory <Error> core\memory.cpp:Memory::MemorySystem::Write:528: unmapped Write8 0x00000000 @ 0x000009C0 at PC 0x010F3548
[   4.418019] HW.Memory <Error> core\memory.cpp:Memory::MemorySystem::Write:528: unmapped Write8 0x00000000 @ 0x000009C1 at PC 0x010F3548
[   4.418020] HW.Memory <Error> core\memory.cpp:Memory::MemorySystem::Write:528: unmapped Write8 0x00000000 @ 0x000009C2 at PC 0x010F3548
[   4.418020] HW.Memory <Error> core\memory.cpp:Memory::MemorySystem::Write:528: unmapped Write8 0x00000000 @ 0x000009C3 at PC 0x010F3548
[   4.418021] HW.Memory <Error> core\memory.cpp:Memory::MemorySystem::Write:528: unmapped Write8 0x00000000 @ 0x000009C4 at PC 0x010F3548
[   4.418021] HW.Memory <Error> core\memory.cpp:Memory::MemorySystem::Write:528: unmapped Write8 0x00000000 @ 0x000009C5 at PC 0x010F3548
[   4.418022] HW.Memory <Error> core\memory.cpp:Memory::MemorySystem::Write:528: unmapped Write8 0x00000000 @ 0x000009C6 at PC 0x010F3548
[   4.418022] HW.Memory <Error> core\memory.cpp:Memory::MemorySystem::Write:528: unmapped Write8 0x00000000 @ 0x000009C7 at PC 0x010F3548
[   4.418023] HW.Memory <Error> core\memory.cpp:Memory::MemorySystem::Write:528: unmapped Write8 0x00000000 @ 0x000009C8 at PC 0x010F3548
[   4.418023] HW.Memory <Error> core\memory.cpp:Memory::MemorySystem::Write:528: unmapped Write8 0x00000000 @ 0x000009C9 at PC 0x010F3548
[   4.418024] HW.Memory <Error> core\memory.cpp:Memory::MemorySystem::Write:528: unmapped Write8 0x00000000 @ 0x000009CA at PC 0x010F3548
[   4.418024] HW.Memory <Error> core\memory.cpp:Memory::MemorySystem::Write:528: unmapped Write8 0x00000000 @ 0x000009CB at PC 0x010F3548
[   4.418025] HW.Memory <Error> core\memory.cpp:Memory::MemorySystem::Write:528: unmapped Write8 0x00000000 @ 0x000009CC at PC 0x010F3548
[   4.418025] HW.Memory <Error> core\memory.cpp:Memory::MemorySystem::Write:528: unmapped Write8 0x00000000 @ 0x000009CD at PC 0x010F3548
[   4.418026] HW.Memory <Error> core\memory.cpp:Memory::MemorySystem::Write:528: unmapped Write8 0x00000000 @ 0x000009CE at PC 0x010F3548
[   4.418026] HW.Memory <Error> core\memory.cpp:Memory::MemorySystem::Write:528: unmapped Write8 0x00000000 @ 0x000009CF at PC 0x010F3548
[   4.418027] HW.Memory <Error> core\memory.cpp:Memory::MemorySystem::Write:528: unmapped Write8 0x00000000 @ 0x000009D0 at PC 0x010F3548
[   4.418028] HW.Memory <Error> core\memory.cpp:Memory::MemorySystem::Write:528: unmapped Write8 0x00000000 @ 0x000009D1 at PC 0x010F3548
[   4.418028] HW.Memory <Error> core\memory.cpp:Memory::MemorySystem::Write:528: unmapped Write8 0x00000000 @ 0x000009D2 at PC 0x010F3548
[   4.418028] HW.Memory <Error> core\memory.cpp:Memory::MemorySystem::Write:528: unmapped Write8 0x00000000 @ 0x000009D3 at PC 0x010F3548
[   4.418029] HW.Memory <Error> core\memory.cpp:Memory::MemorySystem::Write:528: unmapped Write8 0x00000000 @ 0x000009D4 at PC 0x010F3548
[   4.418029] HW.Memory <Error> core\memory.cpp:Memory::MemorySystem::Write:528: unmapped Write8 0x00000000 @ 0x000009D5 at PC 0x010F3548
[   4.418030] HW.Memory <Error> core\memory.cpp:Memory::MemorySystem::Write:528: unmapped Write8 0x00000000 @ 0x000009D6 at PC 0x010F3548
[   4.418030] HW.Memory <Error> core\memory.cpp:Memory::MemorySystem::Write:528: unmapped Write8 0x00000000 @ 0x000009D7 at PC 0x010F3548
[   4.418031] HW.Memory <Error> core\memory.cpp:Memory::MemorySystem::Write:528: unmapped Write8 0x00000000 @ 0x000009D8 at PC 0x010F3548
[   4.418032] HW.Memory <Error> core\memory.cpp:Memory::MemorySystem::Write:528: unmapped Write8 0x00000000 @ 0x000009D9 at PC 0x010F3548
[   4.418032] HW.Memory <Error> core\memory.cpp:Memory::MemorySystem::Write:528: unmapped Write8 0x00000000 @ 0x000009DA at PC 0x010F3548
[   4.418033] HW.Memory <Error> core\memory.cpp:Memory::MemorySystem::Write:528: unmapped Write8 0x00000000 @ 0x000009DB at PC 0x010F3548
[   4.418033] HW.Memory <Error> core\memory.cpp:Memory::MemorySystem::Write:528: unmapped Write8 0x00000000 @ 0x000009DC at PC 0x010F3548
[   4.418034] HW.Memory <Error> core\memory.cpp:Memory::MemorySystem::Write:528: unmapped Write8 0x00000000 @ 0x000009DD at PC 0x010F3548
[   4.418035] HW.Memory <Error> core\memory.cpp:Memory::MemorySystem::Write:528: unmapped Write8 0x00000000 @ 0x000009DE at PC 0x010F3548
[   4.418035] HW.Memory <Error> core\memory.cpp:Memory::MemorySystem::Write:528: unmapped Write8 0x00000000 @ 0x000009DF at PC 0x010F3548
[   4.418036] HW.Memory <Error> core\memory.cpp:Memory::MemorySystem::Write:528: unmapped Write8 0x00000000 @ 0x000009E0 at PC 0x010F3548
[   4.418036] HW.Memory <Error> core\memory.cpp:Memory::MemorySystem::Write:528: unmapped Write8 0x00000000 @ 0x000009E1 at PC 0x010F3548
[   4.418037] HW.Memory <Error> core\memory.cpp:Memory::MemorySystem::Write:528: unmapped Write8 0x00000000 @ 0x000009E2 at PC 0x010F3548
[   4.418037] HW.Memory <Error> core\memory.cpp:Memory::MemorySystem::Write:528: unmapped Write8 0x00000000 @ 0x000009E3 at PC 0x010F3548
[   4.418038] HW.Memory <Error> core\memory.cpp:Memory::MemorySystem::Write:528: unmapped Write8 0x00000000 @ 0x000009E4 at PC 0x010F3548
[   4.418038] HW.Memory <Error> core\memory.cpp:Memory::MemorySystem::Write:528: unmapped Write8 0x00000000 @ 0x000009E5 at PC 0x010F3548
[   4.418039] HW.Memory <Error> core\memory.cpp:Memory::MemorySystem::Write:528: unmapped Write8 0x00000000 @ 0x000009E6 at PC 0x010F3548
[   4.418039] HW.Memory <Error> core\memory.cpp:Memory::MemorySystem::Write:528: unmapped Write8 0x00000000 @ 0x000009E7 at PC 0x010F3548
[   4.418040] HW.Memory <Error> core\memory.cpp:Memory::MemorySystem::Write:528: unmapped Write8 0x00000000 @ 0x000009E8 at PC 0x010F3548
[   4.418041] HW.Memory <Error> core\memory.cpp:Memory::MemorySystem::Write:528: unmapped Write8 0x00000000 @ 0x000009E9 at PC 0x010F3548
[   4.418041] HW.Memory <Error> core\memory.cpp:Memory::MemorySystem::Write:528: unmapped Write8 0x00000000 @ 0x000009EA at PC 0x010F3548
[   4.418041] HW.Memory <Error> core\memory.cpp:Memory::MemorySystem::Write:528: unmapped Write8 0x00000000 @ 0x000009EB at PC 0x010F3548
[   4.418042] HW.Memory <Error> core\memory.cpp:Memory::MemorySystem::Write:528: unmapped Write8 0x00000000 @ 0x000009EC at PC 0x010F3548
[   4.418042] HW.Memory <Error> core\memory.cpp:Memory::MemorySystem::Write:528: unmapped Write8 0x00000000 @ 0x000009ED at PC 0x010F3548
[   4.418043] HW.Memory <Error> core\memory.cpp:Memory::MemorySystem::Write:528: unmapped Write8 0x00000000 @ 0x000009EE at PC 0x010F3548
[   4.418044] HW.Memory <Error> core\memory.cpp:Memory::MemorySystem::Write:528: unmapped Write8 0x00000000 @ 0x000009EF at PC 0x010F3548
[   4.418044] HW.Memory <Error> core\memory.cpp:Memory::MemorySystem::Write:528: unmapped Write8 0x00000000 @ 0x000009F0 at PC 0x010F3548
[   4.418045] HW.Memory <Error> core\memory.cpp:Memory::MemorySystem::Write:528: unmapped Write8 0x00000000 @ 0x000009F1 at PC 0x010F3548
[   4.418045] HW.Memory <Error> core\memory.cpp:Memory::MemorySystem::Write:528: unmapped Write8 0x00000000 @ 0x000009F2 at PC 0x010F3548
[   4.418046] HW.Memory <Error> core\memory.cpp:Memory::MemorySystem::Write:528: unmapped Write8 0x00000000 @ 0x000009F3 at PC 0x010F3548
[   4.418046] HW.Memory <Error> core\memory.cpp:Memory::MemorySystem::Write:528: unmapped Write8 0x00000000 @ 0x000009F4 at PC 0x010F3548
[   4.418047] HW.Memory <Error> core\memory.cpp:Memory::MemorySystem::Write:528: unmapped Write8 0x00000000 @ 0x000009F5 at PC 0x010F3548
[   4.418047] HW.Memory <Error> core\memory.cpp:Memory::MemorySystem::Write:528: unmapped Write8 0x00000000 @ 0x000009F6 at PC 0x010F3548
[   4.418048] HW.Memory <Error> core\memory.cpp:Memory::MemorySystem::Write:528: unmapped Write8 0x00000000 @ 0x000009F7 at PC 0x010F3548
[   4.418048] HW.Memory <Error> core\memory.cpp:Memory::MemorySystem::Write:528: unmapped Write8 0x00000000 @ 0x000009F8 at PC 0x010F3548
[   4.418049] HW.Memory <Error> core\memory.cpp:Memory::MemorySystem::Write:528: unmapped Write8 0x00000000 @ 0x000009F9 at PC 0x010F3548
[   4.418049] HW.Memory <Error> core\memory.cpp:Memory::MemorySystem::Write:528: unmapped Write8 0x00000000 @ 0x000009FA at PC 0x010F3548
[   4.418050] HW.Memory <Error> core\memory.cpp:Memory::MemorySystem::Write:528: unmapped Write8 0x00000000 @ 0x000009FB at PC 0x010F3548
[   4.418050] HW.Memory <Error> core\memory.cpp:Memory::MemorySystem::Write:528: unmapped Write8 0x00000000 @ 0x000009FC at PC 0x010F3548
[   4.418051] HW.Memory <Error> core\memory.cpp:Memory::MemorySystem::Write:528: unmapped Write8 0x00000000 @ 0x000009FD at PC 0x010F3548
[   4.418051] HW.Memory <Error> core\memory.cpp:Memory::MemorySystem::Write:528: unmapped Write8 0x00000000 @ 0x000009FE at PC 0x010F3548
[   4.418052] HW.Memory <Error> core\memory.cpp:Memory::MemorySystem::Write:528: unmapped Write8 0x00000000 @ 0x000009FF at PC 0x010F3548
[   4.418052] HW.Memory <Error> core\memory.cpp:Memory::MemorySystem::Write:528: unmapped Write8 0x00000000 @ 0x00000A00 at PC 0x010F3548
[   4.418053] HW.Memory <Error> core\memory.cpp:Memory::MemorySystem::Write:528: unmapped Write8 0x00000000 @ 0x00000A01 at PC 0x010F3548
[   4.418054] HW.Memory <Error> core\memory.cpp:Memory::MemorySystem::Write:528: unmapped Write8 0x00000000 @ 0x00000A02 at PC 0x010F3548
[   4.418054] HW.Memory <Error> core\memory.cpp:Memory::MemorySystem::Write:528: unmapped Write8 0x00000000 @ 0x00000A03 at PC 0x010F3548
[   4.418055] HW.Memory <Error> core\memory.cpp:Memory::MemorySystem::Write:528: unmapped Write8 0x00000000 @ 0x00000A04 at PC 0x010F3548
[   4.418055] HW.Memory <Error> core\memory.cpp:Memory::MemorySystem::Write:528: unmapped Write8 0x00000000 @ 0x00000A05 at PC 0x010F3548
[   4.418056] HW.Memory <Error> core\memory.cpp:Memory::MemorySystem::Write:528: unmapped Write8 0x00000000 @ 0x00000A06 at PC 0x010F3548
[   4.418056] HW.Memory <Error> core\memory.cpp:Memory::MemorySystem::Write:528: unmapped Write8 0x00000000 @ 0x00000A07 at PC 0x010F3548
[   4.418057] HW.Memory <Error> core\memory.cpp:Memory::MemorySystem::Write:528: unmapped Write8 0x00000000 @ 0x00000A08 at PC 0x010F3548
[   4.418058] HW.Memory <Error> core\memory.cpp:Memory::MemorySystem::Write:528: unmapped Write8 0x00000000 @ 0x00000A09 at PC 0x010F3548
[   4.418058] HW.Memory <Error> core\memory.cpp:Memory::MemorySystem::Write:528: unmapped Write8 0x00000000 @ 0x00000A0A at PC 0x010F3548
[   4.418059] HW.Memory <Error> core\memory.cpp:Memory::MemorySystem::Write:528: unmapped Write8 0x00000000 @ 0x00000A0B at PC 0x010F3548
[   4.418059] HW.Memory <Error> core\memory.cpp:Memory::MemorySystem::Write:528: unmapped Write8 0x00000000 @ 0x00000A0C at PC 0x010F3548
[   4.418060] HW.Memory <Error> core\memory.cpp:Memory::MemorySystem::Write:528: unmapped Write8 0x00000000 @ 0x00000A0D at PC 0x010F3548
[   4.418060] HW.Memory <Error> core\memory.cpp:Memory::MemorySystem::Write:528: unmapped Write8 0x00000000 @ 0x00000A0E at PC 0x010F3548
[   4.418061] HW.Memory <Error> core\memory.cpp:Memory::MemorySystem::Write:528: unmapped Write8 0x00000000 @ 0x00000A0F at PC 0x010F3548
[   4.418061] HW.Memory <Error> core\memory.cpp:Memory::MemorySystem::Write:528: unmapped Write8 0x00000000 @ 0x00000A10 at PC 0x010F3548
[   4.418062] HW.Memory <Error> core\memory.cpp:Memory::MemorySystem::Write:528: unmapped Write8 0x00000000 @ 0x00000A11 at PC 0x010F3548
[   4.418062] HW.Memory <Error> core\memory.cpp:Memory::MemorySystem::Write:528: unmapped Write8 0x00000000 @ 0x00000A12 at PC 0x010F3548
[   4.418063] HW.Memory <Error> core\memory.cpp:Memory::MemorySystem::Write:528: unmapped Write8 0x00000000 @ 0x00000A13 at PC 0x010F3548
[   4.418063] HW.Memory <Error> core\memory.cpp:Memory::MemorySystem::Write:528: unmapped Write8 0x00000000 @ 0x00000A14 at PC 0x010F3548
[   4.418064] HW.Memory <Error> core\memory.cpp:Memory::MemorySystem::Write:528: unmapped Write8 0x00000000 @ 0x00000A15 at PC 0x010F3548
[   4.418064] HW.Memory <Error> core\memory.cpp:Memory::MemorySystem::Write:528: unmapped Write8 0x00000000 @ 0x00000A16 at PC 0x010F3548
[   4.418065] HW.Memory <Error> core\memory.cpp:Memory::MemorySystem::Write:528: unmapped Write8 0x00000000 @ 0x00000A17 at PC 0x010F3548
[   4.418065] HW.Memory <Error> core\memory.cpp:Memory::MemorySystem::Write:528: unmapped Write8 0x00000000 @ 0x00000A18 at PC 0x010F3548
[   4.418066] HW.Memory <Error> core\memory.cpp:Memory::MemorySystem::Write:528: unmapped Write8 0x00000000 @ 0x00000A19 at PC 0x010F3548
[   4.418066] HW.Memory <Error> core\memory.cpp:Memory::MemorySystem::Write:528: unmapped Write8 0x00000000 @ 0x00000A1A at PC 0x010F3548
[   4.418067] HW.Memory <Error> core\memory.cpp:Memory::MemorySystem::Write:528: unmapped Write8 0x00000000 @ 0x00000A1B at PC 0x010F3548
[   4.418068] HW.Memory <Error> core\memory.cpp:Memory::MemorySystem::Write:528: unmapped Write8 0x00000000 @ 0x00000A1C at PC 0x010F3548
[   4.418068] HW.Memory <Error> core\memory.cpp:Memory::MemorySystem::Write:528: unmapped Write8 0x00000000 @ 0x00000A1D at PC 0x010F3548
[   4.418069] HW.Memory <Error> core\memory.cpp:Memory::MemorySystem::Write:528: unmapped Write8 0x00000000 @ 0x00000A1E at PC 0x010F3548
[   4.418069] HW.Memory <Error> core\memory.cpp:Memory::MemorySystem::Write:528: unmapped Write8 0x00000000 @ 0x00000A1F at PC 0x010F3548
[   4.418069] HW.Memory <Error> core\memory.cpp:Memory::MemorySystem::Write:528: unmapped Write8 0x00000000 @ 0x00000A20 at PC 0x010F3548
[   4.418070] HW.Memory <Error> core\memory.cpp:Memory::MemorySystem::Write:528: unmapped Write8 0x00000000 @ 0x00000A21 at PC 0x010F3548
[   4.418071] HW.Memory <Error> core\memory.cpp:Memory::MemorySystem::Write:528: unmapped Write8 0x00000000 @ 0x00000A22 at PC 0x010F3548
[   4.418071] HW.Memory <Error> core\memory.cpp:Memory::MemorySystem::Write:528: unmapped Write8 0x00000000 @ 0x00000A23 at PC 0x010F3548
[   4.418072] HW.Memory <Error> core\memory.cpp:Memory::MemorySystem::Write:528: unmapped Write8 0x00000000 @ 0x00000A24 at PC 0x010F3548
[   4.418072] HW.Memory <Error> core\memory.cpp:Memory::MemorySystem::Write:528: unmapped Write8 0x00000000 @ 0x00000A25 at PC 0x010F3548
[   4.418073] HW.Memory <Error> core\memory.cpp:Memory::MemorySystem::Write:528: unmapped Write8 0x00000000 @ 0x00000A26 at PC 0x010F3548
[   4.418073] HW.Memory <Error> core\memory.cpp:Memory::MemorySystem::Write:528: unmapped Write8 0x00000000 @ 0x00000A27 at PC 0x010F3548
[   4.418074] HW.Memory <Error> core\memory.cpp:Memory::MemorySystem::Write:528: unmapped Write8 0x00000000 @ 0x00000A28 at PC 0x010F3548
[   4.418074] HW.Memory <Error> core\memory.cpp:Memory::MemorySystem::Write:528: unmapped Write8 0x00000000 @ 0x00000A29 at PC 0x010F3548
[   4.418075] HW.Memory <Error> core\memory.cpp:Memory::MemorySystem::Write:528: unmapped Write8 0x00000000 @ 0x00000A2A at PC 0x010F3548
[   4.418075] HW.Memory <Error> core\memory.cpp:Memory::MemorySystem::Write:528: unmapped Write8 0x00000000 @ 0x00000A2B at PC 0x010F3548
[   4.418076] HW.Memory <Error> core\memory.cpp:Memory::MemorySystem::Write:528: unmapped Write8 0x00000000 @ 0x00000A2C at PC 0x010F3548
[   4.418076] HW.Memory <Error> core\memory.cpp:Memory::MemorySystem::Write:528: unmapped Write8 0x00000000 @ 0x00000A2D at PC 0x010F3548
[   4.418077] HW.Memory <Error> core\memory.cpp:Memory::MemorySystem::Write:528: unmapped Write8 0x00000000 @ 0x00000A2E at PC 0x010F3548
[   4.418077] HW.Memory <Error> core\memory.cpp:Memory::MemorySystem::Write:528: unmapped Write8 0x00000000 @ 0x00000A2F at PC 0x010F3548
[   4.418078] HW.Memory <Error> core\memory.cpp:Memory::MemorySystem::Write:528: unmapped Write8 0x00000000 @ 0x00000A30 at PC 0x010F3548
[   4.418078] HW.Memory <Error> core\memory.cpp:Memory::MemorySystem::Write:528: unmapped Write8 0x00000000 @ 0x00000A31 at PC 0x010F3548
[   4.418079] HW.Memory <Error> core\memory.cpp:Memory::MemorySystem::Write:528: unmapped Write8 0x00000000 @ 0x00000A32 at PC 0x010F3548
[   4.418079] HW.Memory <Error> core\memory.cpp:Memory::MemorySystem::Write:528: unmapped Write8 0x00000000 @ 0x00000A33 at PC 0x010F3548
[   4.418080] HW.Memory <Error> core\memory.cpp:Memory::MemorySystem::Write:528: unmapped Write8 0x00000000 @ 0x00000A34 at PC 0x010F3548
[   4.418080] HW.Memory <Error> core\memory.cpp:Memory::MemorySystem::Write:528: unmapped Write8 0x00000000 @ 0x00000A35 at PC 0x010F3548
[   4.418081] HW.Memory <Error> core\memory.cpp:Memory::MemorySystem::Write:528: unmapped Write8 0x00000000 @ 0x00000A36 at PC 0x010F3548
[   4.418081] HW.Memory <Error> core\memory.cpp:Memory::MemorySystem::Write:528: unmapped Write8 0x00000000 @ 0x00000A37 at PC 0x010F3548
[   4.418082] HW.Memory <Error> core\memory.cpp:Memory::MemorySystem::Write:528: unmapped Write8 0x00000000 @ 0x00000A38 at PC 0x010F3548
[   4.418082] HW.Memory <Error> core\memory.cpp:Memory::MemorySystem::Write:528: unmapped Write8 0x00000000 @ 0x00000A39 at PC 0x010F3548
[   4.418083] HW.Memory <Error> core\memory.cpp:Memory::MemorySystem::Write:528: unmapped Write8 0x00000000 @ 0x00000A3A at PC 0x010F3548
[   4.418083] HW.Memory <Error> core\memory.cpp:Memory::MemorySystem::Write:528: unmapped Write8 0x00000000 @ 0x00000A3B at PC 0x010F3548
[   4.418084] HW.Memory <Error> core\memory.cpp:Memory::MemorySystem::Write:528: unmapped Write8 0x00000000 @ 0x00000A3C at PC 0x010F3548
[   4.418084] HW.Memory <Error> core\memory.cpp:Memory::MemorySystem::Write:528: unmapped Write8 0x00000000 @ 0x00000A3D at PC 0x010F3548
[   4.418085] HW.Memory <Error> core\memory.cpp:Memory::MemorySystem::Write:528: unmapped Write8 0x00000000 @ 0x00000A3E at PC 0x010F3548
[   4.418085] HW.Memory <Error> core\memory.cpp:Memory::MemorySystem::Write:528: unmapped Write8 0x00000000 @ 0x00000A3F at PC 0x010F3548
[   4.418086] HW.Memory <Error> core\memory.cpp:Memory::MemorySystem::Write:528: unmapped Write8 0x00000000 @ 0x00000A40 at PC 0x010F3548
[   4.418086] HW.Memory <Error> core\memory.cpp:Memory::MemorySystem::Write:528: unmapped Write8 0x00000000 @ 0x00000A41 at PC 0x010F3548
[   4.418087] HW.Memory <Error> core\memory.cpp:Memory::MemorySystem::Write:528: unmapped Write8 0x00000000 @ 0x00000A42 at PC 0x010F3548
[   4.418087] HW.Memory <Error> core\memory.cpp:Memory::MemorySystem::Write:528: unmapped Write8 0x00000000 @ 0x00000A43 at PC 0x010F3548
[   4.418088] HW.Memory <Error> core\memory.cpp:Memory::MemorySystem::Write:528: unmapped Write8 0x00000000 @ 0x00000A44 at PC 0x010F3548
[   4.418088] HW.Memory <Error> core\memory.cpp:Memory::MemorySystem::Write:528: unmapped Write8 0x00000000 @ 0x00000A45 at PC 0x010F3548
[   4.418089] HW.Memory <Error> core\memory.cpp:Memory::MemorySystem::Write:528: unmapped Write8 0x00000000 @ 0x00000A46 at PC 0x010F3548
[   4.418089] HW.Memory <Error> core\memory.cpp:Memory::MemorySystem::Write:528: unmapped Write8 0x00000000 @ 0x00000A47 at PC 0x010F3548
[   4.418090] HW.Memory <Error> core\memory.cpp:Memory::MemorySystem::Write:528: unmapped Write8 0x00000000 @ 0x00000A48 at PC 0x010F3548
[   4.418090] HW.Memory <Error> core\memory.cpp:Memory::MemorySystem::Write:528: unmapped Write8 0x00000000 @ 0x00000A49 at PC 0x010F3548
[   4.418091] HW.Memory <Error> core\memory.cpp:Memory::MemorySystem::Write:528: unmapped Write8 0x00000000 @ 0x00000A4A at PC 0x010F3548
[   4.418091] HW.Memory <Error> core\memory.cpp:Memory::MemorySystem::Write:528: unmapped Write8 0x00000000 @ 0x00000A4B at PC 0x010F3548
[   4.418092] HW.Memory <Error> core\memory.cpp:Memory::MemorySystem::Write:528: unmapped Write8 0x00000000 @ 0x00000A4C at PC 0x010F3548
[   4.418092] HW.Memory <Error> core\memory.cpp:Memory::MemorySystem::Write:528: unmapped Write8 0x00000000 @ 0x00000A4D at PC 0x010F3548
[   4.418093] HW.Memory <Error> core\memory.cpp:Memory::MemorySystem::Write:528: unmapped Write8 0x00000000 @ 0x00000A4E at PC 0x010F3548
[   4.418093] HW.Memory <Error> core\memory.cpp:Memory::MemorySystem::Write:528: unmapped Write8 0x00000000 @ 0x00000A4F at PC 0x010F3548
[   4.418094] HW.Memory <Error> core\memory.cpp:Memory::MemorySystem::Write:528: unmapped Write8 0x00000000 @ 0x00000A50 at PC 0x010F3548
[   4.418094] HW.Memory <Error> core\memory.cpp:Memory::MemorySystem::Write:528: unmapped Write8 0x00000000 @ 0x00000A51 at PC 0x010F3548
[   4.418095] HW.Memory <Error> core\memory.cpp:Memory::MemorySystem::Write:528: unmapped Write8 0x00000000 @ 0x00000A52 at PC 0x010F3548
[   4.418095] HW.Memory <Error> core\memory.cpp:Memory::MemorySystem::Write:528: unmapped Write8 0x00000000 @ 0x00000A53 at PC 0x010F3548
[   4.418095] HW.Memory <Error> core\memory.cpp:Memory::MemorySystem::Write:528: unmapped Write8 0x00000000 @ 0x00000A54 at PC 0x010F3548
[   4.418096] HW.Memory <Error> core\memory.cpp:Memory::MemorySystem::Write:528: unmapped Write8 0x00000000 @ 0x00000A55 at PC 0x010F3548
[   4.418096] HW.Memory <Error> core\memory.cpp:Memory::MemorySystem::Write:528: unmapped Write8 0x00000000 @ 0x00000A56 at PC 0x010F3548
[   4.418097] HW.Memory <Error> core\memory.cpp:Memory::MemorySystem::Write:528: unmapped Write8 0x00000000 @ 0x00000A57 at PC 0x010F3548
[   4.418098] HW.Memory <Error> core\memory.cpp:Memory::MemorySystem::Write:528: unmapped Write8 0x00000000 @ 0x00000A58 at PC 0x010F3548
[   4.418098] HW.Memory <Error> core\memory.cpp:Memory::MemorySystem::Write:528: unmapped Write8 0x00000000 @ 0x00000A59 at PC 0x010F3548
[   4.418099] HW.Memory <Error> core\memory.cpp:Memory::MemorySystem::Write:528: unmapped Write8 0x00000000 @ 0x00000A5A at PC 0x010F3548
[   4.418099] HW.Memory <Error> core\memory.cpp:Memory::MemorySystem::Write:528: unmapped Write8 0x00000000 @ 0x00000A5B at PC 0x010F3548
[   4.418099] HW.Memory <Error> core\memory.cpp:Memory::MemorySystem::Write:528: unmapped Write8 0x00000000 @ 0x00000A5C at PC 0x010F3548
[   4.418100] HW.Memory <Error> core\memory.cpp:Memory::MemorySystem::Write:528: unmapped Write8 0x00000000 @ 0x00000A5D at PC 0x010F3548
[   4.418100] HW.Memory <Error> core\memory.cpp:Memory::MemorySystem::Write:528: unmapped Write8 0x00000000 @ 0x00000A5E at PC 0x010F3548
[   4.418101] HW.Memory <Error> core\memory.cpp:Memory::MemorySystem::Write:528: unmapped Write8 0x00000000 @ 0x00000A5F at PC 0x010F3548
[   4.418101] HW.Memory <Error> core\memory.cpp:Memory::MemorySystem::Write:528: unmapped Write8 0x00000000 @ 0x00000A60 at PC 0x010F3548
[   4.418102] HW.Memory <Error> core\memory.cpp:Memory::MemorySystem::Write:528: unmapped Write8 0x00000000 @ 0x00000A61 at PC 0x010F3548
[   4.418103] HW.Memory <Error> core\memory.cpp:Memory::MemorySystem::Write:528: unmapped Write8 0x00000000 @ 0x00000A62 at PC 0x010F3548
[   4.418104] HW.Memory <Error> core\memory.cpp:Memory::MemorySystem::Write:528: unmapped Write8 0x00000000 @ 0x00000A63 at PC 0x010F3548
[   4.418104] HW.Memory <Error> core\memory.cpp:Memory::MemorySystem::Write:528: unmapped Write8 0x00000000 @ 0x00000A64 at PC 0x010F3548
[   4.418105] HW.Memory <Error> core\memory.cpp:Memory::MemorySystem::Write:528: unmapped Write8 0x00000000 @ 0x00000A65 at PC 0x010F3548
[   4.418105] HW.Memory <Error> core\memory.cpp:Memory::MemorySystem::Write:528: unmapped Write8 0x00000000 @ 0x00000A66 at PC 0x010F3548
[   4.418106] HW.Memory <Error> core\memory.cpp:Memory::MemorySystem::Write:528: unmapped Write8 0x00000000 @ 0x00000A67 at PC 0x010F3548
[   4.418107] HW.Memory <Error> core\memory.cpp:Memory::MemorySystem::Write:528: unmapped Write8 0x00000000 @ 0x00000A68 at PC 0x010F3548
[   4.418107] HW.Memory <Error> core\memory.cpp:Memory::MemorySystem::Write:528: unmapped Write8 0x00000000 @ 0x00000A69 at PC 0x010F3548
[   4.418108] HW.Memory <Error> core\memory.cpp:Memory::MemorySystem::Write:528: unmapped Write8 0x00000000 @ 0x00000A6A at PC 0x010F3548
[   4.418109] HW.Memory <Error> core\memory.cpp:Memory::MemorySystem::Write:528: unmapped Write8 0x00000000 @ 0x00000A6B at PC 0x010F3548
[   4.418109] HW.Memory <Error> core\memory.cpp:Memory::MemorySystem::Write:528: unmapped Write8 0x00000000 @ 0x00000A6C at PC 0x010F3548
[   4.418110] HW.Memory <Error> core\memory.cpp:Memory::MemorySystem::Write:528: unmapped Write8 0x00000000 @ 0x00000A6D at PC 0x010F3548
[   4.418110] HW.Memory <Error> core\memory.cpp:Memory::MemorySystem::Write:528: unmapped Write8 0x00000000 @ 0x00000A6E at PC 0x010F3548
[   4.418111] HW.Memory <Error> core\memory.cpp:Memory::MemorySystem::Write:528: unmapped Write8 0x00000000 @ 0x00000A6F at PC 0x010F3548
[   4.418111] HW.Memory <Error> core\memory.cpp:Memory::MemorySystem::Write:528: unmapped Write8 0x00000000 @ 0x00000A70 at PC 0x010F3548
[   4.418112] HW.Memory <Error> core\memory.cpp:Memory::MemorySystem::Write:528: unmapped Write8 0x00000000 @ 0x00000A71 at PC 0x010F3548
[   4.418112] HW.Memory <Error> core\memory.cpp:Memory::MemorySystem::Write:528: unmapped Write8 0x00000000 @ 0x00000A72 at PC 0x010F3548
[   4.418113] HW.Memory <Error> core\memory.cpp:Memory::MemorySystem::Write:528: unmapped Write8 0x00000000 @ 0x00000A73 at PC 0x010F3548
[   4.418114] HW.Memory <Error> core\memory.cpp:Memory::MemorySystem::Write:528: unmapped Write8 0x00000000 @ 0x00000A74 at PC 0x010F3548
[   4.418143] HW.Memory <Error> core\memory.cpp:Memory::MemorySystem::Write:528: unmapped Write8 0x00000000 @ 0x00000A75 at PC 0x010F3548
[   4.418143] HW.Memory <Error> core\memory.cpp:Memory::MemorySystem::Write:528: unmapped Write8 0x00000000 @ 0x00000A76 at PC 0x010F3548
[   4.418144] HW.Memory <Error> core\memory.cpp:Memory::MemorySystem::Write:528: unmapped Write8 0x00000000 @ 0x00000A77 at PC 0x010F3548
[   4.418144] HW.Memory <Error> core\memory.cpp:Memory::MemorySystem::Write:528: unmapped Write8 0x00000000 @ 0x00000A78 at PC 0x010F3548
[   4.418145] HW.Memory <Error> core\memory.cpp:Memory::MemorySystem::Write:528: unmapped Write8 0x00000000 @ 0x00000A79 at PC 0x010F3548
[   4.418145] HW.Memory <Error> core\memory.cpp:Memory::MemorySystem::Write:528: unmapped Write8 0x00000000 @ 0x00000A7A at PC 0x010F3548
[   4.418146] HW.Memory <Error> core\memory.cpp:Memory::MemorySystem::Write:528: unmapped Write8 0x00000000 @ 0x00000A7B at PC 0x010F3548
[   4.418146] HW.Memory <Error> core\memory.cpp:Memory::MemorySystem::Write:528: unmapped Write8 0x00000000 @ 0x00000A7C at PC 0x010F3548
[   4.418147] HW.Memory <Error> core\memory.cpp:Memory::MemorySystem::Write:528: unmapped Write8 0x00000000 @ 0x00000A7D at PC 0x010F3548
[   4.418147] HW.Memory <Error> core\memory.cpp:Memory::MemorySystem::Write:528: unmapped Write8 0x00000000 @ 0x00000A7E at PC 0x010F3548
[   4.418148] HW.Memory <Error> core\memory.cpp:Memory::MemorySystem::Write:528: unmapped Write8 0x00000000 @ 0x00000A7F at PC 0x010F3548
[   4.418148] HW.Memory <Error> core\memory.cpp:Memory::MemorySystem::Write:528: unmapped Write8 0x00000000 @ 0x00000A80 at PC 0x010F3548
[   4.418149] HW.Memory <Error> core\memory.cpp:Memory::MemorySystem::Write:528: unmapped Write8 0x00000000 @ 0x00000A81 at PC 0x010F3548
[   4.418149] HW.Memory <Error> core\memory.cpp:Memory::MemorySystem::Write:528: unmapped Write8 0x00000000 @ 0x00000A82 at PC 0x010F3548
[   4.418150] HW.Memory <Error> core\memory.cpp:Memory::MemorySystem::Write:528: unmapped Write8 0x00000000 @ 0x00000A83 at PC 0x010F3548
[   4.418150] HW.Memory <Error> core\memory.cpp:Memory::MemorySystem::Write:528: unmapped Write8 0x00000000 @ 0x00000A84 at PC 0x010F3548
[   4.418151] HW.Memory <Error> core\memory.cpp:Memory::MemorySystem::Write:528: unmapped Write8 0x00000000 @ 0x00000A85 at PC 0x010F3548
[   4.418151] HW.Memory <Error> core\memory.cpp:Memory::MemorySystem::Write:528: unmapped Write8 0x00000000 @ 0x00000A86 at PC 0x010F3548
[   4.418152] HW.Memory <Error> core\memory.cpp:Memory::MemorySystem::Write:528: unmapped Write8 0x00000000 @ 0x00000A87 at PC 0x010F3548
[   4.418152] HW.Memory <Error> core\memory.cpp:Memory::MemorySystem::Write:528: unmapped Write8 0x00000000 @ 0x00000A88 at PC 0x010F3548
[   4.418153] HW.Memory <Error> core\memory.cpp:Memory::MemorySystem::Write:528: unmapped Write8 0x00000000 @ 0x00000A89 at PC 0x010F3548
[   4.418153] HW.Memory <Error> core\memory.cpp:Memory::MemorySystem::Write:528: unmapped Write8 0x00000000 @ 0x00000A8A at PC 0x010F3548
[   4.418154] HW.Memory <Error> core\memory.cpp:Memory::MemorySystem::Write:528: unmapped Write8 0x00000000 @ 0x00000A8B at PC 0x010F3548
[   4.418154] HW.Memory <Error> core\memory.cpp:Memory::MemorySystem::Write:528: unmapped Write8 0x00000000 @ 0x00000A8C at PC 0x010F3548
[   4.418155] HW.Memory <Error> core\memory.cpp:Memory::MemorySystem::Write:528: unmapped Write8 0x00000000 @ 0x00000A8D at PC 0x010F3548
[   4.418155] HW.Memory <Error> core\memory.cpp:Memory::MemorySystem::Write:528: unmapped Write8 0x00000000 @ 0x00000A8E at PC 0x010F3548
[   4.418156] HW.Memory <Error> core\memory.cpp:Memory::MemorySystem::Write:528: unmapped Write8 0x00000000 @ 0x00000A8F at PC 0x010F3548
[   4.418156] HW.Memory <Error> core\memory.cpp:Memory::MemorySystem::Write:528: unmapped Write8 0x00000000 @ 0x00000A90 at PC 0x010F3548
[   4.418157] HW.Memory <Error> core\memory.cpp:Memory::MemorySystem::Write:528: unmapped Write8 0x00000000 @ 0x00000A91 at PC 0x010F3548
[   4.418157] HW.Memory <Error> core\memory.cpp:Memory::MemorySystem::Write:528: unmapped Write8 0x00000000 @ 0x00000A92 at PC 0x010F3548
[   4.418158] HW.Memory <Error> core\memory.cpp:Memory::MemorySystem::Write:528: unmapped Write8 0x00000000 @ 0x00000A93 at PC 0x010F3548
[   4.418158] HW.Memory <Error> core\memory.cpp:Memory::MemorySystem::Write:528: unmapped Write8 0x00000000 @ 0x00000A94 at PC 0x010F3548
[   4.418159] HW.Memory <Error> core\memory.cpp:Memory::MemorySystem::Write:528: unmapped Write8 0x00000000 @ 0x00000A95 at PC 0x010F3548
[   4.418159] HW.Memory <Error> core\memory.cpp:Memory::MemorySystem::Write:528: unmapped Write8 0x00000000 @ 0x00000A96 at PC 0x010F3548
[   4.418160] HW.Memory <Error> core\memory.cpp:Memory::MemorySystem::Write:528: unmapped Write8 0x00000000 @ 0x00000A97 at PC 0x010F3548
[   4.418160] HW.Memory <Error> core\memory.cpp:Memory::MemorySystem::Write:528: unmapped Write8 0x00000000 @ 0x00000A98 at PC 0x010F3548
[   4.418161] HW.Memory <Error> core\memory.cpp:Memory::MemorySystem::Write:528: unmapped Write8 0x00000000 @ 0x00000A99 at PC 0x010F3548
[   4.418162] HW.Memory <Error> core\memory.cpp:Memory::MemorySystem::Write:528: unmapped Write8 0x00000000 @ 0x00000A9A at PC 0x010F3548
[   4.418162] HW.Memory <Error> core\memory.cpp:Memory::MemorySystem::Write:528: unmapped Write8 0x00000000 @ 0x00000A9B at PC 0x010F3548
[   4.418163] HW.Memory <Error> core\memory.cpp:Memory::MemorySystem::Write:528: unmapped Write8 0x00000000 @ 0x00000A9C at PC 0x010F3548
[   4.418163] HW.Memory <Error> core\memory.cpp:Memory::MemorySystem::Write:528: unmapped Write8 0x00000000 @ 0x00000A9D at PC 0x010F3548
[   4.418164] HW.Memory <Error> core\memory.cpp:Memory::MemorySystem::Write:528: unmapped Write8 0x00000000 @ 0x00000A9E at PC 0x010F3548
[   4.418165] HW.Memory <Error> core\memory.cpp:Memory::MemorySystem::Write:528: unmapped Write8 0x00000000 @ 0x00000A9F at PC 0x010F3548
[   4.418165] HW.Memory <Error> core\memory.cpp:Memory::MemorySystem::Write:528: unmapped Write8 0x00000000 @ 0x00000AA0 at PC 0x010F3548
[   4.418166] HW.Memory <Error> core\memory.cpp:Memory::MemorySystem::Write:528: unmapped Write8 0x00000000 @ 0x00000AA1 at PC 0x010F3548
[   4.418166] HW.Memory <Error> core\memory.cpp:Memory::MemorySystem::Write:528: unmapped Write8 0x00000000 @ 0x00000AA2 at PC 0x010F3548
[   4.418167] HW.Memory <Error> core\memory.cpp:Memory::MemorySystem::Write:528: unmapped Write8 0x00000000 @ 0x00000AA3 at PC 0x010F3548
[   4.418168] HW.Memory <Error> core\memory.cpp:Memory::MemorySystem::Write:528: unmapped Write8 0x00000000 @ 0x00000AA4 at PC 0x010F3548
[   4.418168] HW.Memory <Error> core\memory.cpp:Memory::MemorySystem::Write:528: unmapped Write8 0x00000000 @ 0x00000AA5 at PC 0x010F3548
[   4.418169] HW.Memory <Error> core\memory.cpp:Memory::MemorySystem::Write:528: unmapped Write8 0x00000000 @ 0x00000AA6 at PC 0x010F3548
[   4.418169] HW.Memory <Error> core\memory.cpp:Memory::MemorySystem::Write:528: unmapped Write8 0x00000000 @ 0x00000AA7 at PC 0x010F3548
[   4.418170] HW.Memory <Error> core\memory.cpp:Memory::MemorySystem::Write:528: unmapped Write8 0x00000000 @ 0x00000AA8 at PC 0x010F3548
[   4.418171] HW.Memory <Error> core\memory.cpp:Memory::MemorySystem::Write:528: unmapped Write8 0x00000000 @ 0x00000AA9 at PC 0x010F3548
[   4.418171] HW.Memory <Error> core\memory.cpp:Memory::MemorySystem::Write:528: unmapped Write8 0x00000000 @ 0x00000AAA at PC 0x010F3548
[   4.418172] HW.Memory <Error> core\memory.cpp:Memory::MemorySystem::Write:528: unmapped Write8 0x00000000 @ 0x00000AAB at PC 0x010F3548
[   4.418172] HW.Memory <Error> core\memory.cpp:Memory::MemorySystem::Write:528: unmapped Write8 0x00000000 @ 0x00000AAC at PC 0x010F3548
[   4.418173] HW.Memory <Error> core\memory.cpp:Memory::MemorySystem::Write:528: unmapped Write8 0x00000000 @ 0x00000AAD at PC 0x010F3548
[   4.418173] HW.Memory <Error> core\memory.cpp:Memory::MemorySystem::Write:528: unmapped Write8 0x00000000 @ 0x00000AAE at PC 0x010F3548
[   4.418174] HW.Memory <Error> core\memory.cpp:Memory::MemorySystem::Write:528: unmapped Write8 0x00000000 @ 0x00000AAF at PC 0x010F3548
[   4.418174] HW.Memory <Error> core\memory.cpp:Memory::MemorySystem::Write:528: unmapped Write8 0x00000000 @ 0x00000AB0 at PC 0x010F3548
[   4.418175] HW.Memory <Error> core\memory.cpp:Memory::MemorySystem::Write:528: unmapped Write8 0x00000000 @ 0x00000AB1 at PC 0x010F3548
[   4.418175] HW.Memory <Error> core\memory.cpp:Memory::MemorySystem::Write:528: unmapped Write8 0x00000000 @ 0x00000AB2 at PC 0x010F3548
[   4.418176] HW.Memory <Error> core\memory.cpp:Memory::MemorySystem::Write:528: unmapped Write8 0x00000000 @ 0x00000AB3 at PC 0x010F3548
[   4.418176] HW.Memory <Error> core\memory.cpp:Memory::MemorySystem::Write:528: unmapped Write8 0x00000000 @ 0x00000AB4 at PC 0x010F3548
[   4.418177] HW.Memory <Error> core\memory.cpp:Memory::MemorySystem::Write:528: unmapped Write8 0x00000000 @ 0x00000AB5 at PC 0x010F3548
[   4.418177] HW.Memory <Error> core\memory.cpp:Memory::MemorySystem::Write:528: unmapped Write8 0x00000000 @ 0x00000AB6 at PC 0x010F3548
[   4.418178] HW.Memory <Error> core\memory.cpp:Memory::MemorySystem::Write:528: unmapped Write8 0x00000000 @ 0x00000AB7 at PC 0x010F3548
[   4.418178] HW.Memory <Error> core\memory.cpp:Memory::MemorySystem::Write:528: unmapped Write8 0x00000000 @ 0x00000AB8 at PC 0x010F3548
[   4.418179] HW.Memory <Error> core\memory.cpp:Memory::MemorySystem::Write:528: unmapped Write8 0x00000000 @ 0x00000AB9 at PC 0x010F3548
[   4.418179] HW.Memory <Error> core\memory.cpp:Memory::MemorySystem::Write:528: unmapped Write8 0x00000000 @ 0x00000ABA at PC 0x010F3548
[   4.418180] HW.Memory <Error> core\memory.cpp:Memory::MemorySystem::Write:528: unmapped Write8 0x00000000 @ 0x00000ABB at PC 0x010F3548
[   4.418180] HW.Memory <Error> core\memory.cpp:Memory::MemorySystem::Write:528: unmapped Write8 0x00000000 @ 0x00000ABC at PC 0x010F3548
[   4.418181] HW.Memory <Error> core\memory.cpp:Memory::MemorySystem::Write:528: unmapped Write8 0x00000000 @ 0x00000ABD at PC 0x010F3548
[   4.418181] HW.Memory <Error> core\memory.cpp:Memory::MemorySystem::Write:528: unmapped Write8 0x00000000 @ 0x00000ABE at PC 0x010F3548
[   4.418182] HW.Memory <Error> core\memory.cpp:Memory::MemorySystem::Write:528: unmapped Write8 0x00000000 @ 0x00000ABF at PC 0x010F3548
[   4.418183] HW.Memory <Error> core\memory.cpp:Memory::MemorySystem::Write:528: unmapped Write8 0x00000000 @ 0x00000AC0 at PC 0x010F3548
[   4.418183] HW.Memory <Error> core\memory.cpp:Memory::MemorySystem::Write:528: unmapped Write8 0x00000000 @ 0x00000AC1 at PC 0x010F3548
[   4.418184] HW.Memory <Error> core\memory.cpp:Memory::MemorySystem::Write:528: unmapped Write8 0x00000000 @ 0x00000AC2 at PC 0x010F3548
[   4.418184] HW.Memory <Error> core\memory.cpp:Memory::MemorySystem::Write:528: unmapped Write8 0x00000000 @ 0x00000AC3 at PC 0x010F3548
[   4.418185] HW.Memory <Error> core\memory.cpp:Memory::MemorySystem::Write:528: unmapped Write8 0x00000000 @ 0x00000AC4 at PC 0x010F3548
[   4.418185] HW.Memory <Error> core\memory.cpp:Memory::MemorySystem::Write:528: unmapped Write8 0x00000000 @ 0x00000AC5 at PC 0x010F3548
[   4.418186] HW.Memory <Error> core\memory.cpp:Memory::MemorySystem::Write:528: unmapped Write8 0x00000000 @ 0x00000AC6 at PC 0x010F3548
[   4.418186] HW.Memory <Error> core\memory.cpp:Memory::MemorySystem::Write:528: unmapped Write8 0x00000000 @ 0x00000AC7 at PC 0x010F3548
[   4.418187] HW.Memory <Error> core\memory.cpp:Memory::MemorySystem::Write:528: unmapped Write8 0x00000000 @ 0x00000AC8 at PC 0x010F3548
[   4.418187] HW.Memory <Error> core\memory.cpp:Memory::MemorySystem::Write:528: unmapped Write8 0x00000000 @ 0x00000AC9 at PC 0x010F3548
[   4.418188] HW.Memory <Error> core\memory.cpp:Memory::MemorySystem::Write:528: unmapped Write8 0x00000000 @ 0x00000ACA at PC 0x010F3548
[   4.418188] HW.Memory <Error> core\memory.cpp:Memory::MemorySystem::Write:528: unmapped Write8 0x00000000 @ 0x00000ACB at PC 0x010F3548
[   4.418189] HW.Memory <Error> core\memory.cpp:Memory::MemorySystem::Write:528: unmapped Write8 0x00000000 @ 0x00000ACC at PC 0x010F3548
[   4.418189] HW.Memory <Error> core\memory.cpp:Memory::MemorySystem::Write:528: unmapped Write8 0x00000000 @ 0x00000ACD at PC 0x010F3548
[   4.418190] HW.Memory <Error> core\memory.cpp:Memory::MemorySystem::Write:528: unmapped Write8 0x00000000 @ 0x00000ACE at PC 0x010F3548
[   4.418190] HW.Memory <Error> core\memory.cpp:Memory::MemorySystem::Write:528: unmapped Write8 0x00000000 @ 0x00000ACF at PC 0x010F3548
[   4.418191] HW.Memory <Error> core\memory.cpp:Memory::MemorySystem::Write:528: unmapped Write8 0x00000000 @ 0x00000AD0 at PC 0x010F3548
[   4.418191] HW.Memory <Error> core\memory.cpp:Memory::MemorySystem::Write:528: unmapped Write8 0x00000000 @ 0x00000AD1 at PC 0x010F3548
[   4.418192] HW.Memory <Error> core\memory.cpp:Memory::MemorySystem::Write:528: unmapped Write8 0x00000000 @ 0x00000AD2 at PC 0x010F3548
[   4.418192] HW.Memory <Error> core\memory.cpp:Memory::MemorySystem::Write:528: unmapped Write8 0x00000000 @ 0x00000AD3 at PC 0x010F3548
[   4.418193] HW.Memory <Error> core\memory.cpp:Memory::MemorySystem::Write:528: unmapped Write8 0x00000000 @ 0x00000AD4 at PC 0x010F3548
[   4.418193] HW.Memory <Error> core\memory.cpp:Memory::MemorySystem::Write:528: unmapped Write8 0x00000000 @ 0x00000AD5 at PC 0x010F3548
[   4.418194] HW.Memory <Error> core\memory.cpp:Memory::MemorySystem::Write:528: unmapped Write8 0x00000000 @ 0x00000AD6 at PC 0x010F3548
[   4.418194] HW.Memory <Error> core\memory.cpp:Memory::MemorySystem::Write:528: unmapped Write8 0x00000000 @ 0x00000AD7 at PC 0x010F3548
[   4.418195] HW.Memory <Error> core\memory.cpp:Memory::MemorySystem::Write:528: unmapped Write8 0x00000000 @ 0x00000AD8 at PC 0x010F3548
[   4.418195] HW.Memory <Error> core\memory.cpp:Memory::MemorySystem::Write:528: unmapped Write8 0x00000000 @ 0x00000AD9 at PC 0x010F3548
[   4.418196] HW.Memory <Error> core\memory.cpp:Memory::MemorySystem::Write:528: unmapped Write8 0x00000000 @ 0x00000ADA at PC 0x010F3548
[   4.418197] HW.Memory <Error> core\memory.cpp:Memory::MemorySystem::Write:528: unmapped Write8 0x00000000 @ 0x00000ADB at PC 0x010F3548
[   4.418197] HW.Memory <Error> core\memory.cpp:Memory::MemorySystem::Write:528: unmapped Write8 0x00000000 @ 0x00000ADC at PC 0x010F3548
[   4.418198] HW.Memory <Error> core\memory.cpp:Memory::MemorySystem::Write:528: unmapped Write8 0x00000000 @ 0x00000ADD at PC 0x010F3548
[   4.418199] HW.Memory <Error> core\memory.cpp:Memory::MemorySystem::Write:528: unmapped Write8 0x00000000 @ 0x00000ADE at PC 0x010F3548
[   4.418199] HW.Memory <Error> core\memory.cpp:Memory::MemorySystem::Write:528: unmapped Write8 0x00000000 @ 0x00000ADF at PC 0x010F3548
[   4.418200] HW.Memory <Error> core\memory.cpp:Memory::MemorySystem::Write:528: unmapped Write8 0x00000000 @ 0x00000AE0 at PC 0x010F3548
[   4.418200] HW.Memory <Error> core\memory.cpp:Memory::MemorySystem::Write:528: unmapped Write8 0x00000000 @ 0x00000AE1 at PC 0x010F3548
[   4.418201] HW.Memory <Error> core\memory.cpp:Memory::MemorySystem::Write:528: unmapped Write8 0x00000000 @ 0x00000AE2 at PC 0x010F3548
[   4.418202] HW.Memory <Error> core\memory.cpp:Memory::MemorySystem::Write:528: unmapped Write8 0x00000000 @ 0x00000AE3 at PC 0x010F3548
[   4.418202] HW.Memory <Error> core\memory.cpp:Memory::MemorySystem::Write:528: unmapped Write8 0x00000000 @ 0x00000AE4 at PC 0x010F3548
[   4.418203] HW.Memory <Error> core\memory.cpp:Memory::MemorySystem::Write:528: unmapped Write8 0x00000000 @ 0x00000AE5 at PC 0x010F3548
[   4.418203] HW.Memory <Error> core\memory.cpp:Memory::MemorySystem::Write:528: unmapped Write8 0x00000000 @ 0x00000AE6 at PC 0x010F3548
[   4.418204] HW.Memory <Error> core\memory.cpp:Memory::MemorySystem::Write:528: unmapped Write8 0x00000000 @ 0x00000AE7 at PC 0x010F3548
[   4.418204] HW.Memory <Error> core\memory.cpp:Memory::MemorySystem::Write:528: unmapped Write8 0x00000000 @ 0x00000AE8 at PC 0x010F3548
[   4.418205] HW.Memory <Error> core\memory.cpp:Memory::MemorySystem::Write:528: unmapped Write8 0x00000000 @ 0x00000AE9 at PC 0x010F3548
[   4.418205] HW.Memory <Error> core\memory.cpp:Memory::MemorySystem::Write:528: unmapped Write8 0x00000000 @ 0x00000AEA at PC 0x010F3548
[   4.418206] HW.Memory <Error> core\memory.cpp:Memory::MemorySystem::Write:528: unmapped Write8 0x00000000 @ 0x00000AEB at PC 0x010F3548
[   4.418207] HW.Memory <Error> core\memory.cpp:Memory::MemorySystem::Write:528: unmapped Write8 0x00000000 @ 0x00000AEC at PC 0x010F3548
[   4.418207] HW.Memory <Error> core\memory.cpp:Memory::MemorySystem::Write:528: unmapped Write8 0x00000000 @ 0x00000AED at PC 0x010F3548
[   4.418208] HW.Memory <Error> core\memory.cpp:Memory::MemorySystem::Write:528: unmapped Write8 0x00000000 @ 0x00000AEE at PC 0x010F3548
[   4.418208] HW.Memory <Error> core\memory.cpp:Memory::MemorySystem::Write:528: unmapped Write8 0x00000000 @ 0x00000AEF at PC 0x010F3548
[   4.418209] HW.Memory <Error> core\memory.cpp:Memory::MemorySystem::Write:528: unmapped Write8 0x00000000 @ 0x00000AF0 at PC 0x010F3548
[   4.418209] HW.Memory <Error> core\memory.cpp:Memory::MemorySystem::Write:528: unmapped Write8 0x00000000 @ 0x00000AF1 at PC 0x010F3548
[   4.418210] HW.Memory <Error> core\memory.cpp:Memory::MemorySystem::Write:528: unmapped Write8 0x00000000 @ 0x00000AF2 at PC 0x010F3548
[   4.418210] HW.Memory <Error> core\memory.cpp:Memory::MemorySystem::Write:528: unmapped Write8 0x00000000 @ 0x00000AF3 at PC 0x010F3548
[   4.418211] HW.Memory <Error> core\memory.cpp:Memory::MemorySystem::Write:528: unmapped Write8 0x00000000 @ 0x00000AF4 at PC 0x010F3548
[   4.418211] HW.Memory <Error> core\memory.cpp:Memory::MemorySystem::Write:528: unmapped Write8 0x00000000 @ 0x00000AF5 at PC 0x010F3548
[   4.418212] HW.Memory <Error> core\memory.cpp:Memory::MemorySystem::Write:528: unmapped Write8 0x00000000 @ 0x00000AF6 at PC 0x010F3548
[   4.418212] HW.Memory <Error> core\memory.cpp:Memory::MemorySystem::Write:528: unmapped Write8 0x00000000 @ 0x00000AF7 at PC 0x010F3548
[   4.418213] HW.Memory <Error> core\memory.cpp:Memory::MemorySystem::Write:528: unmapped Write8 0x00000000 @ 0x00000AF8 at PC 0x010F3548
[   4.418213] HW.Memory <Error> core\memory.cpp:Memory::MemorySystem::Write:528: unmapped Write8 0x00000000 @ 0x00000AF9 at PC 0x010F3548
[   4.418214] HW.Memory <Error> core\memory.cpp:Memory::MemorySystem::Write:528: unmapped Write8 0x00000000 @ 0x00000AFA at PC 0x010F3548
[   4.418214] HW.Memory <Error> core\memory.cpp:Memory::MemorySystem::Write:528: unmapped Write8 0x00000000 @ 0x00000AFB at PC 0x010F3548
[   4.418215] HW.Memory <Error> core\memory.cpp:Memory::MemorySystem::Write:528: unmapped Write8 0x00000000 @ 0x00000AFC at PC 0x010F3548
[   4.418215] HW.Memory <Error> core\memory.cpp:Memory::MemorySystem::Write:528: unmapped Write8 0x00000000 @ 0x00000AFD at PC 0x010F3548
[   4.418216] HW.Memory <Error> core\memory.cpp:Memory::MemorySystem::Write:528: unmapped Write8 0x00000000 @ 0x00000AFE at PC 0x010F3548
[   4.418216] HW.Memory <Error> core\memory.cpp:Memory::MemorySystem::Write:528: unmapped Write8 0x00000000 @ 0x00000AFF at PC 0x010F3548
[   4.418217] HW.Memory <Error> core\memory.cpp:Memory::MemorySystem::Write:528: unmapped Write8 0x00000000 @ 0x00000B00 at PC 0x010F3548
[   4.418217] HW.Memory <Error> core\memory.cpp:Memory::MemorySystem::Write:528: unmapped Write8 0x00000000 @ 0x00000B01 at PC 0x010F3548
[   4.418218] HW.Memory <Error> core\memory.cpp:Memory::MemorySystem::Write:528: unmapped Write8 0x00000000 @ 0x00000B02 at PC 0x010F3548
[   4.418218] HW.Memory <Error> core\memory.cpp:Memory::MemorySystem::Write:528: unmapped Write8 0x00000000 @ 0x00000B03 at PC 0x010F3548
[   4.418219] HW.Memory <Error> core\memory.cpp:Memory::MemorySystem::Write:528: unmapped Write8 0x00000000 @ 0x00000B04 at PC 0x010F3548
[   4.418219] HW.Memory <Error> core\memory.cpp:Memory::MemorySystem::Write:528: unmapped Write8 0x00000000 @ 0x00000B05 at PC 0x010F3548
[   4.418220] HW.Memory <Error> core\memory.cpp:Memory::MemorySystem::Write:528: unmapped Write8 0x00000000 @ 0x00000B06 at PC 0x010F3548
[   4.418220] HW.Memory <Error> core\memory.cpp:Memory::MemorySystem::Write:528: unmapped Write8 0x00000000 @ 0x00000B07 at PC 0x010F3548
[   4.418221] HW.Memory <Error> core\memory.cpp:Memory::MemorySystem::Write:528: unmapped Write8 0x00000000 @ 0x00000B08 at PC 0x010F3548
[   4.418221] HW.Memory <Error> core\memory.cpp:Memory::MemorySystem::Write:528: unmapped Write8 0x00000000 @ 0x00000B09 at PC 0x010F3548
[   4.418222] HW.Memory <Error> core\memory.cpp:Memory::MemorySystem::Write:528: unmapped Write8 0x00000000 @ 0x00000B0A at PC 0x010F3548
[   4.418222] HW.Memory <Error> core\memory.cpp:Memory::MemorySystem::Write:528: unmapped Write8 0x00000000 @ 0x00000B0B at PC 0x010F3548
[   4.418223] HW.Memory <Error> core\memory.cpp:Memory::MemorySystem::Write:528: unmapped Write8 0x00000000 @ 0x00000B0C at PC 0x010F3548
[   4.418223] HW.Memory <Error> core\memory.cpp:Memory::MemorySystem::Write:528: unmapped Write8 0x00000000 @ 0x00000B0D at PC 0x010F3548
[   4.418224] HW.Memory <Error> core\memory.cpp:Memory::MemorySystem::Write:528: unmapped Write8 0x00000000 @ 0x00000B0E at PC 0x010F3548
[   4.418224] HW.Memory <Error> core\memory.cpp:Memory::MemorySystem::Write:528: unmapped Write8 0x00000000 @ 0x00000B0F at PC 0x010F3548
[   4.418225] HW.Memory <Error> core\memory.cpp:Memory::MemorySystem::Write:528: unmapped Write8 0x00000000 @ 0x00000B10 at PC 0x010F3548
[   4.418225] HW.Memory <Error> core\memory.cpp:Memory::MemorySystem::Write:528: unmapped Write8 0x00000000 @ 0x00000B11 at PC 0x010F3548
[   4.418226] HW.Memory <Error> core\memory.cpp:Memory::MemorySystem::Write:528: unmapped Write8 0x00000000 @ 0x00000B12 at PC 0x010F3548
[   4.418226] HW.Memory <Error> core\memory.cpp:Memory::MemorySystem::Write:528: unmapped Write8 0x00000000 @ 0x00000B13 at PC 0x010F3548
[   4.418227] HW.Memory <Error> core\memory.cpp:Memory::MemorySystem::Write:528: unmapped Write8 0x00000000 @ 0x00000B14 at PC 0x010F3548
[   4.418227] HW.Memory <Error> core\memory.cpp:Memory::MemorySystem::Write:528: unmapped Write8 0x00000000 @ 0x00000B15 at PC 0x010F3548
[   4.418228] HW.Memory <Error> core\memory.cpp:Memory::MemorySystem::Write:528: unmapped Write8 0x00000000 @ 0x00000B16 at PC 0x010F3548
[   4.418228] HW.Memory <Error> core\memory.cpp:Memory::MemorySystem::Write:528: unmapped Write8 0x00000000 @ 0x00000B17 at PC 0x010F3548
[   4.418229] HW.Memory <Error> core\memory.cpp:Memory::MemorySystem::Write:528: unmapped Write8 0x00000000 @ 0x00000B18 at PC 0x010F3548
[   4.418229] HW.Memory <Error> core\memory.cpp:Memory::MemorySystem::Write:528: unmapped Write8 0x00000000 @ 0x00000B19 at PC 0x010F3548
[   4.418230] HW.Memory <Error> core\memory.cpp:Memory::MemorySystem::Write:528: unmapped Write8 0x00000000 @ 0x00000B1A at PC 0x010F3548
[   4.418231] HW.Memory <Error> core\memory.cpp:Memory::MemorySystem::Write:528: unmapped Write8 0x00000000 @ 0x00000B1B at PC 0x010F3548
[   4.418231] HW.Memory <Error> core\memory.cpp:Memory::MemorySystem::Write:528: unmapped Write8 0x00000000 @ 0x00000B1C at PC 0x010F3548
[   4.418232] HW.Memory <Error> core\memory.cpp:Memory::MemorySystem::Write:528: unmapped Write8 0x00000000 @ 0x00000B1D at PC 0x010F3548
[   4.418232] HW.Memory <Error> core\memory.cpp:Memory::MemorySystem::Write:528: unmapped Write8 0x00000000 @ 0x00000B1E at PC 0x010F3548
[   4.418233] HW.Memory <Error> core\memory.cpp:Memory::MemorySystem::Write:528: unmapped Write8 0x00000000 @ 0x00000B1F at PC 0x010F3548
[   4.418233] HW.Memory <Error> core\memory.cpp:Memory::MemorySystem::Write:528: unmapped Write8 0x00000000 @ 0x00000B20 at PC 0x010F3548
[   4.418234] HW.Memory <Error> core\memory.cpp:Memory::MemorySystem::Write:528: unmapped Write8 0x00000000 @ 0x00000B21 at PC 0x010F3548
[   4.418234] HW.Memory <Error> core\memory.cpp:Memory::MemorySystem::Write:528: unmapped Write8 0x00000000 @ 0x00000B22 at PC 0x010F3548
[   4.418235] HW.Memory <Error> core\memory.cpp:Memory::MemorySystem::Write:528: unmapped Write8 0x00000000 @ 0x00000B23 at PC 0x010F3548
[   4.418236] HW.Memory <Error> core\memory.cpp:Memory::MemorySystem::Write:528: unmapped Write8 0x00000000 @ 0x00000B24 at PC 0x010F3548
[   4.418236] HW.Memory <Error> core\memory.cpp:Memory::MemorySystem::Write:528: unmapped Write8 0x00000000 @ 0x00000B25 at PC 0x010F3548
[   4.418237] HW.Memory <Error> core\memory.cpp:Memory::MemorySystem::Write:528: unmapped Write8 0x00000000 @ 0x00000B26 at PC 0x010F3548
[   4.418237] HW.Memory <Error> core\memory.cpp:Memory::MemorySystem::Write:528: unmapped Write8 0x00000000 @ 0x00000B27 at PC 0x010F3548
[   4.418238] HW.Memory <Error> core\memory.cpp:Memory::MemorySystem::Write:528: unmapped Write8 0x00000000 @ 0x00000B28 at PC 0x010F3548
[   4.418238] HW.Memory <Error> core\memory.cpp:Memory::MemorySystem::Write:528: unmapped Write8 0x00000000 @ 0x00000B29 at PC 0x010F3548
[   4.418239] HW.Memory <Error> core\memory.cpp:Memory::MemorySystem::Write:528: unmapped Write8 0x00000000 @ 0x00000B2A at PC 0x010F3548
[   4.418239] HW.Memory <Error> core\memory.cpp:Memory::MemorySystem::Write:528: unmapped Write8 0x00000000 @ 0x00000B2B at PC 0x010F3548
[   4.418240] HW.Memory <Error> core\memory.cpp:Memory::MemorySystem::Write:528: unmapped Write8 0x00000000 @ 0x00000B2C at PC 0x010F3548
[   4.418240] HW.Memory <Error> core\memory.cpp:Memory::MemorySystem::Write:528: unmapped Write8 0x00000000 @ 0x00000B2D at PC 0x010F3548
[   4.418241] HW.Memory <Error> core\memory.cpp:Memory::MemorySystem::Write:528: unmapped Write8 0x00000000 @ 0x00000B2E at PC 0x010F3548
[   4.418248] HW.Memory <Error> core\memory.cpp:Memory::MemorySystem::Write:528: unmapped Write8 0x00000000 @ 0x00000B2F at PC 0x010F3548
[   4.418248] HW.Memory <Error> core\memory.cpp:Memory::MemorySystem::Write:528: unmapped Write8 0x00000000 @ 0x00000B30 at PC 0x010F3548
[   4.418248] HW.Memory <Error> core\memory.cpp:Memory::MemorySystem::Write:528: unmapped Write8 0x00000000 @ 0x00000B31 at PC 0x010F3548
[   4.418249] HW.Memory <Error> core\memory.cpp:Memory::MemorySystem::Write:528: unmapped Write8 0x00000000 @ 0x00000B32 at PC 0x010F3548
[   4.418249] HW.Memory <Error> core\memory.cpp:Memory::MemorySystem::Write:528: unmapped Write8 0x00000000 @ 0x00000B33 at PC 0x010F3548
[   4.418250] HW.Memory <Error> core\memory.cpp:Memory::MemorySystem::Write:528: unmapped Write8 0x00000000 @ 0x00000B34 at PC 0x010F3548
[   4.418250] HW.Memory <Error> core\memory.cpp:Memory::MemorySystem::Write:528: unmapped Write8 0x00000000 @ 0x00000B35 at PC 0x010F3548
[   4.418251] HW.Memory <Error> core\memory.cpp:Memory::MemorySystem::Write:528: unmapped Write8 0x00000000 @ 0x00000B36 at PC 0x010F3548
[   4.418251] HW.Memory <Error> core\memory.cpp:Memory::MemorySystem::Write:528: unmapped Write8 0x00000000 @ 0x00000B37 at PC 0x010F3548
[   4.418252] HW.Memory <Error> core\memory.cpp:Memory::MemorySystem::Write:528: unmapped Write8 0x00000000 @ 0x00000B38 at PC 0x010F3548
[   4.418252] HW.Memory <Error> core\memory.cpp:Memory::MemorySystem::Write:528: unmapped Write8 0x00000000 @ 0x00000B39 at PC 0x010F3548
[   4.418253] HW.Memory <Error> core\memory.cpp:Memory::MemorySystem::Write:528: unmapped Write8 0x00000000 @ 0x00000B3A at PC 0x010F3548
[   4.418253] HW.Memory <Error> core\memory.cpp:Memory::MemorySystem::Write:528: unmapped Write8 0x00000000 @ 0x00000B3B at PC 0x010F3548
[   4.418254] HW.Memory <Error> core\memory.cpp:Memory::MemorySystem::Write:528: unmapped Write8 0x00000000 @ 0x00000B3C at PC 0x010F3548
[   4.418254] HW.Memory <Error> core\memory.cpp:Memory::MemorySystem::Write:528: unmapped Write8 0x00000000 @ 0x00000B3D at PC 0x010F3548
[   4.418255] HW.Memory <Error> core\memory.cpp:Memory::MemorySystem::Write:528: unmapped Write8 0x00000000 @ 0x00000B3E at PC 0x010F3548
[   4.418255] HW.Memory <Error> core\memory.cpp:Memory::MemorySystem::Write:528: unmapped Write8 0x00000000 @ 0x00000B3F at PC 0x010F3548
[   4.418256] HW.Memory <Error> core\memory.cpp:Memory::MemorySystem::Write:528: unmapped Write8 0x00000000 @ 0x00000B40 at PC 0x010F3548
[   4.418256] HW.Memory <Error> core\memory.cpp:Memory::MemorySystem::Write:528: unmapped Write8 0x00000000 @ 0x00000B41 at PC 0x010F3548
[   4.418257] HW.Memory <Error> core\memory.cpp:Memory::MemorySystem::Write:528: unmapped Write8 0x00000000 @ 0x00000B42 at PC 0x010F3548
[   4.418257] HW.Memory <Error> core\memory.cpp:Memory::MemorySystem::Write:528: unmapped Write8 0x00000000 @ 0x00000B43 at PC 0x010F3548
[   4.418258] HW.Memory <Error> core\memory.cpp:Memory::MemorySystem::Write:528: unmapped Write8 0x00000000 @ 0x00000B44 at PC 0x010F3548
[   4.418258] HW.Memory <Error> core\memory.cpp:Memory::MemorySystem::Write:528: unmapped Write8 0x00000000 @ 0x00000B45 at PC 0x010F3548
[   4.418259] HW.Memory <Error> core\memory.cpp:Memory::MemorySystem::Write:528: unmapped Write8 0x00000000 @ 0x00000B46 at PC 0x010F3548
[   4.418259] HW.Memory <Error> core\memory.cpp:Memory::MemorySystem::Write:528: unmapped Write8 0x00000000 @ 0x00000B47 at PC 0x010F3548
[   4.418260] HW.Memory <Error> core\memory.cpp:Memory::MemorySystem::Write:528: unmapped Write8 0x00000000 @ 0x00000B48 at PC 0x010F3548
[   4.418260] HW.Memory <Error> core\memory.cpp:Memory::MemorySystem::Write:528: unmapped Write8 0x00000000 @ 0x00000B49 at PC 0x010F3548
[   4.418261] HW.Memory <Error> core\memory.cpp:Memory::MemorySystem::Write:528: unmapped Write8 0x00000000 @ 0x00000B4A at PC 0x010F3548
[   4.418261] HW.Memory <Error> core\memory.cpp:Memory::MemorySystem::Write:528: unmapped Write8 0x00000000 @ 0x00000B4B at PC 0x010F3548
[   4.418262] HW.Memory <Error> core\memory.cpp:Memory::MemorySystem::Write:528: unmapped Write8 0x00000000 @ 0x00000B4C at PC 0x010F3548
[   4.418262] HW.Memory <Error> core\memory.cpp:Memory::MemorySystem::Write:528: unmapped Write8 0x00000000 @ 0x00000B4D at PC 0x010F3548
[   4.418263] HW.Memory <Error> core\memory.cpp:Memory::MemorySystem::Write:528: unmapped Write8 0x00000000 @ 0x00000B4E at PC 0x010F3548
[   4.418263] HW.Memory <Error> core\memory.cpp:Memory::MemorySystem::Write:528: unmapped Write8 0x00000000 @ 0x00000B4F at PC 0x010F3548
[   4.418264] HW.Memory <Error> core\memory.cpp:Memory::MemorySystem::Write:528: unmapped Write8 0x00000000 @ 0x00000B50 at PC 0x010F3548
[   4.418265] HW.Memory <Error> core\memory.cpp:Memory::MemorySystem::Write:528: unmapped Write8 0x00000000 @ 0x00000B51 at PC 0x010F3548
[   4.418265] HW.Memory <Error> core\memory.cpp:Memory::MemorySystem::Write:528: unmapped Write8 0x00000000 @ 0x00000B52 at PC 0x010F3548
[   4.418266] HW.Memory <Error> core\memory.cpp:Memory::MemorySystem::Write:528: unmapped Write8 0x00000000 @ 0x00000B53 at PC 0x010F3548
[   4.418266] HW.Memory <Error> core\memory.cpp:Memory::MemorySystem::Write:528: unmapped Write8 0x00000000 @ 0x00000B54 at PC 0x010F3548
[   4.418267] HW.Memory <Error> core\memory.cpp:Memory::MemorySystem::Write:528: unmapped Write8 0x00000000 @ 0x00000B55 at PC 0x010F3548
[   4.418267] HW.Memory <Error> core\memory.cpp:Memory::MemorySystem::Write:528: unmapped Write8 0x00000000 @ 0x00000B56 at PC 0x010F3548
[   4.418268] HW.Memory <Error> core\memory.cpp:Memory::MemorySystem::Write:528: unmapped Write8 0x00000000 @ 0x00000B57 at PC 0x010F3548
[   4.418268] HW.Memory <Error> core\memory.cpp:Memory::MemorySystem::Write:528: unmapped Write8 0x00000000 @ 0x00000B58 at PC 0x010F3548
[   4.418269] HW.Memory <Error> core\memory.cpp:Memory::MemorySystem::Write:528: unmapped Write8 0x00000000 @ 0x00000B59 at PC 0x010F3548
[   4.418270] HW.Memory <Error> core\memory.cpp:Memory::MemorySystem::Write:528: unmapped Write8 0x00000000 @ 0x00000B5A at PC 0x010F3548
[   4.418270] HW.Memory <Error> core\memory.cpp:Memory::MemorySystem::Write:528: unmapped Write8 0x00000000 @ 0x00000B5B at PC 0x010F3548
[   4.418271] HW.Memory <Error> core\memory.cpp:Memory::MemorySystem::Write:528: unmapped Write8 0x00000000 @ 0x00000B5C at PC 0x010F3548
[   4.418271] HW.Memory <Error> core\memory.cpp:Memory::MemorySystem::Write:528: unmapped Write8 0x00000000 @ 0x00000B5D at PC 0x010F3548
[   4.418272] HW.Memory <Error> core\memory.cpp:Memory::MemorySystem::Write:528: unmapped Write8 0x00000000 @ 0x00000B5E at PC 0x010F3548
[   4.418272] HW.Memory <Error> core\memory.cpp:Memory::MemorySystem::Write:528: unmapped Write8 0x00000000 @ 0x00000B5F at PC 0x010F3548
[   4.418273] HW.Memory <Error> core\memory.cpp:Memory::MemorySystem::Write:528: unmapped Write8 0x00000000 @ 0x00000B60 at PC 0x010F3548
[   4.418273] HW.Memory <Error> core\memory.cpp:Memory::MemorySystem::Write:528: unmapped Write8 0x00000000 @ 0x00000B61 at PC 0x010F3548
[   4.418274] HW.Memory <Error> core\memory.cpp:Memory::MemorySystem::Write:528: unmapped Write8 0x00000000 @ 0x00000B62 at PC 0x010F3548
[   4.418274] HW.Memory <Error> core\memory.cpp:Memory::MemorySystem::Write:528: unmapped Write8 0x00000000 @ 0x00000B63 at PC 0x010F3548
[   4.418275] HW.Memory <Error> core\memory.cpp:Memory::MemorySystem::Write:528: unmapped Write8 0x00000000 @ 0x00000B64 at PC 0x010F3548
[   4.418275] HW.Memory <Error> core\memory.cpp:Memory::MemorySystem::Write:528: unmapped Write8 0x00000000 @ 0x00000B65 at PC 0x010F3548
[   4.418276] HW.Memory <Error> core\memory.cpp:Memory::MemorySystem::Write:528: unmapped Write8 0x00000000 @ 0x00000B66 at PC 0x010F3548
[   4.418276] HW.Memory <Error> core\memory.cpp:Memory::MemorySystem::Write:528: unmapped Write8 0x00000000 @ 0x00000B67 at PC 0x010F3548
[   4.418277] HW.Memory <Error> core\memory.cpp:Memory::MemorySystem::Write:528: unmapped Write8 0x00000000 @ 0x00000B68 at PC 0x010F3548
[   4.418277] HW.Memory <Error> core\memory.cpp:Memory::MemorySystem::Write:528: unmapped Write8 0x00000000 @ 0x00000B69 at PC 0x010F3548
[   4.418278] HW.Memory <Error> core\memory.cpp:Memory::MemorySystem::Write:528: unmapped Write8 0x00000000 @ 0x00000B6A at PC 0x010F3548
[   4.418278] HW.Memory <Error> core\memory.cpp:Memory::MemorySystem::Write:528: unmapped Write8 0x00000000 @ 0x00000B6B at PC 0x010F3548
[   4.418279] HW.Memory <Error> core\memory.cpp:Memory::MemorySystem::Write:528: unmapped Write8 0x00000000 @ 0x00000B6C at PC 0x010F3548
[   4.418279] HW.Memory <Error> core\memory.cpp:Memory::MemorySystem::Write:528: unmapped Write8 0x00000000 @ 0x00000B6D at PC 0x010F3548
[   4.418280] HW.Memory <Error> core\memory.cpp:Memory::MemorySystem::Write:528: unmapped Write8 0x00000000 @ 0x00000B6E at PC 0x010F3548
[   4.418280] HW.Memory <Error> core\memory.cpp:Memory::MemorySystem::Write:528: unmapped Write8 0x00000000 @ 0x00000B6F at PC 0x010F3548
[   4.418281] HW.Memory <Error> core\memory.cpp:Memory::MemorySystem::Write:528: unmapped Write8 0x00000000 @ 0x00000B70 at PC 0x010F3548
[   4.418281] HW.Memory <Error> core\memory.cpp:Memory::MemorySystem::Write:528: unmapped Write8 0x00000000 @ 0x00000B71 at PC 0x010F3548
[   4.418282] HW.Memory <Error> core\memory.cpp:Memory::MemorySystem::Write:528: unmapped Write8 0x00000000 @ 0x00000B72 at PC 0x010F3548
[   4.418283] HW.Memory <Error> core\memory.cpp:Memory::MemorySystem::Write:528: unmapped Write8 0x00000000 @ 0x00000B73 at PC 0x010F3548
[   4.418283] HW.Memory <Error> core\memory.cpp:Memory::MemorySystem::Write:528: unmapped Write8 0x00000000 @ 0x00000B74 at PC 0x010F3548
[   4.418284] HW.Memory <Error> core\memory.cpp:Memory::MemorySystem::Write:528: unmapped Write8 0x00000000 @ 0x00000B75 at PC 0x010F3548
[   4.418284] HW.Memory <Error> core\memory.cpp:Memory::MemorySystem::Write:528: unmapped Write8 0x00000000 @ 0x00000B76 at PC 0x010F3548
[   4.418285] HW.Memory <Error> core\memory.cpp:Memory::MemorySystem::Write:528: unmapped Write8 0x00000000 @ 0x00000B77 at PC 0x010F3548
[   4.418285] HW.Memory <Error> core\memory.cpp:Memory::MemorySystem::Write:528: unmapped Write8 0x00000000 @ 0x00000B78 at PC 0x010F3548
[   4.418286] HW.Memory <Error> core\memory.cpp:Memory::MemorySystem::Write:528: unmapped Write8 0x00000000 @ 0x00000B79 at PC 0x010F3548
[   4.418286] HW.Memory <Error> core\memory.cpp:Memory::MemorySystem::Write:528: unmapped Write8 0x00000000 @ 0x00000B7A at PC 0x010F3548
[   4.418287] HW.Memory <Error> core\memory.cpp:Memory::MemorySystem::Write:528: unmapped Write8 0x00000000 @ 0x00000B7B at PC 0x010F3548
[   4.418287] HW.Memory <Error> core\memory.cpp:Memory::MemorySystem::Write:528: unmapped Write8 0x00000000 @ 0x00000B7C at PC 0x010F3548
[   4.418288] HW.Memory <Error> core\memory.cpp:Memory::MemorySystem::Write:528: unmapped Write8 0x00000000 @ 0x00000B7D at PC 0x010F3548
[   4.418288] HW.Memory <Error> core\memory.cpp:Memory::MemorySystem::Write:528: unmapped Write8 0x00000000 @ 0x00000B7E at PC 0x010F3548
[   4.418289] HW.Memory <Error> core\memory.cpp:Memory::MemorySystem::Write:528: unmapped Write8 0x00000000 @ 0x00000B7F at PC 0x010F3548
[   4.418289] HW.Memory <Error> core\memory.cpp:Memory::MemorySystem::Write:528: unmapped Write8 0x00000000 @ 0x00000B80 at PC 0x010F3548
[   4.418290] HW.Memory <Error> core\memory.cpp:Memory::MemorySystem::Write:528: unmapped Write8 0x00000000 @ 0x00000B81 at PC 0x010F3548
[   4.418290] HW.Memory <Error> core\memory.cpp:Memory::MemorySystem::Write:528: unmapped Write8 0x00000000 @ 0x00000B82 at PC 0x010F3548
[   4.418291] HW.Memory <Error> core\memory.cpp:Memory::MemorySystem::Write:528: unmapped Write8 0x00000000 @ 0x00000B83 at PC 0x010F3548
[   4.418291] HW.Memory <Error> core\memory.cpp:Memory::MemorySystem::Write:528: unmapped Write8 0x00000000 @ 0x00000B84 at PC 0x010F3548
[   4.418292] HW.Memory <Error> core\memory.cpp:Memory::MemorySystem::Write:528: unmapped Write8 0x00000000 @ 0x00000B85 at PC 0x010F3548
[   4.418292] HW.Memory <Error> core\memory.cpp:Memory::MemorySystem::Write:528: unmapped Write8 0x00000000 @ 0x00000B86 at PC 0x010F3548
[   4.418293] HW.Memory <Error> core\memory.cpp:Memory::MemorySystem::Write:528: unmapped Write8 0x00000000 @ 0x00000B87 at PC 0x010F3548
[   4.418293] HW.Memory <Error> core\memory.cpp:Memory::MemorySystem::Write:528: unmapped Write8 0x00000000 @ 0x00000B88 at PC 0x010F3548
[   4.418294] HW.Memory <Error> core\memory.cpp:Memory::MemorySystem::Write:528: unmapped Write8 0x00000000 @ 0x00000B89 at PC 0x010F3548
[   4.418294] HW.Memory <Error> core\memory.cpp:Memory::MemorySystem::Write:528: unmapped Write8 0x00000000 @ 0x00000B8A at PC 0x010F3548
[   4.418295] HW.Memory <Error> core\memory.cpp:Memory::MemorySystem::Write:528: unmapped Write8 0x00000000 @ 0x00000B8B at PC 0x010F3548
[   4.418295] HW.Memory <Error> core\memory.cpp:Memory::MemorySystem::Write:528: unmapped Write8 0x00000000 @ 0x00000B8C at PC 0x010F3548
[   4.418296] HW.Memory <Error> core\memory.cpp:Memory::MemorySystem::Write:528: unmapped Write8 0x00000000 @ 0x00000B8D at PC 0x010F3548
[   4.418296] HW.Memory <Error> core\memory.cpp:Memory::MemorySystem::Write:528: unmapped Write8 0x00000000 @ 0x00000B8E at PC 0x010F3548
[   4.418297] HW.Memory <Error> core\memory.cpp:Memory::MemorySystem::Write:528: unmapped Write8 0x00000000 @ 0x00000B8F at PC 0x010F3548
[   4.418297] HW.Memory <Error> core\memory.cpp:Memory::MemorySystem::Write:528: unmapped Write8 0x00000000 @ 0x00000B90 at PC 0x010F3548
[   4.418298] HW.Memory <Error> core\memory.cpp:Memory::MemorySystem::Write:528: unmapped Write8 0x00000000 @ 0x00000B91 at PC 0x010F3548
[   4.418298] HW.Memory <Error> core\memory.cpp:Memory::MemorySystem::Write:528: unmapped Write8 0x00000000 @ 0x00000B92 at PC 0x010F3548
[   4.418299] HW.Memory <Error> core\memory.cpp:Memory::MemorySystem::Write:528: unmapped Write8 0x00000000 @ 0x00000B93 at PC 0x010F3548
[   4.418299] HW.Memory <Error> core\memory.cpp:Memory::MemorySystem::Write:528: unmapped Write8 0x00000000 @ 0x00000B94 at PC 0x010F3548
[   4.418300] HW.Memory <Error> core\memory.cpp:Memory::MemorySystem::Write:528: unmapped Write8 0x00000000 @ 0x00000B95 at PC 0x010F3548
[   4.418300] HW.Memory <Error> core\memory.cpp:Memory::MemorySystem::Write:528: unmapped Write8 0x00000000 @ 0x00000B96 at PC 0x010F3548
[   4.418301] HW.Memory <Error> core\memory.cpp:Memory::MemorySystem::Write:528: unmapped Write8 0x00000000 @ 0x00000B97 at PC 0x010F3548
[   4.418301] HW.Memory <Error> core\memory.cpp:Memory::MemorySystem::Write:528: unmapped Write8 0x00000000 @ 0x00000B98 at PC 0x010F3548
[   4.418302] HW.Memory <Error> core\memory.cpp:Memory::MemorySystem::Write:528: unmapped Write8 0x00000000 @ 0x00000B99 at PC 0x010F3548
[   4.418303] HW.Memory <Error> core\memory.cpp:Memory::MemorySystem::Write:528: unmapped Write8 0x00000000 @ 0x00000B9A at PC 0x010F3548
[   4.418303] HW.Memory <Error> core\memory.cpp:Memory::MemorySystem::Write:528: unmapped Write8 0x00000000 @ 0x00000B9B at PC 0x010F3548
[   4.418304] HW.Memory <Error> core\memory.cpp:Memory::MemorySystem::Write:528: unmapped Write8 0x00000000 @ 0x00000B9C at PC 0x010F3548
[   4.418304] HW.Memory <Error> core\memory.cpp:Memory::MemorySystem::Write:528: unmapped Write8 0x00000000 @ 0x00000B9D at PC 0x010F3548
[   4.418305] HW.Memory <Error> core\memory.cpp:Memory::MemorySystem::Write:528: unmapped Write8 0x00000000 @ 0x00000B9E at PC 0x010F3548
[   4.418305] HW.Memory <Error> core\memory.cpp:Memory::MemorySystem::Write:528: unmapped Write8 0x00000000 @ 0x00000B9F at PC 0x010F3548
[   4.418306] HW.Memory <Error> core\memory.cpp:Memory::MemorySystem::Write:528: unmapped Write8 0x00000000 @ 0x00000BA0 at PC 0x010F3548
[   4.418307] HW.Memory <Error> core\memory.cpp:Memory::MemorySystem::Write:528: unmapped Write8 0x00000000 @ 0x00000BA1 at PC 0x010F3548
[   4.418307] HW.Memory <Error> core\memory.cpp:Memory::MemorySystem::Write:528: unmapped Write8 0x00000000 @ 0x00000BA2 at PC 0x010F3548
[   4.418308] HW.Memory <Error> core\memory.cpp:Memory::MemorySystem::Write:528: unmapped Write8 0x00000000 @ 0x00000BA3 at PC 0x010F3548
[   4.418308] HW.Memory <Error> core\memory.cpp:Memory::MemorySystem::Write:528: unmapped Write8 0x00000000 @ 0x00000BA4 at PC 0x010F3548
[   4.418309] HW.Memory <Error> core\memory.cpp:Memory::MemorySystem::Write:528: unmapped Write8 0x00000000 @ 0x00000BA5 at PC 0x010F3548
[   4.418309] HW.Memory <Error> core\memory.cpp:Memory::MemorySystem::Write:528: unmapped Write8 0x00000000 @ 0x00000BA6 at PC 0x010F3548
[   4.418310] HW.Memory <Error> core\memory.cpp:Memory::MemorySystem::Write:528: unmapped Write8 0x00000000 @ 0x00000BA7 at PC 0x010F3548
[   4.418310] HW.Memory <Error> core\memory.cpp:Memory::MemorySystem::Write:528: unmapped Write8 0x00000000 @ 0x00000BA8 at PC 0x010F3548
[   4.418311] HW.Memory <Error> core\memory.cpp:Memory::MemorySystem::Write:528: unmapped Write8 0x00000000 @ 0x00000BA9 at PC 0x010F3548
[   4.418311] HW.Memory <Error> core\memory.cpp:Memory::MemorySystem::Write:528: unmapped Write8 0x00000000 @ 0x00000BAA at PC 0x010F3548
[   4.418312] HW.Memory <Error> core\memory.cpp:Memory::MemorySystem::Write:528: unmapped Write8 0x00000000 @ 0x00000BAB at PC 0x010F3548
[   4.418313] HW.Memory <Error> core\memory.cpp:Memory::MemorySystem::Write:528: unmapped Write8 0x00000000 @ 0x00000BAC at PC 0x010F3548
[   4.418313] HW.Memory <Error> core\memory.cpp:Memory::MemorySystem::Write:528: unmapped Write8 0x00000000 @ 0x00000BAD at PC 0x010F3548
[   4.418314] HW.Memory <Error> core\memory.cpp:Memory::MemorySystem::Write:528: unmapped Write8 0x00000000 @ 0x00000BAE at PC 0x010F3548
[   4.418314] HW.Memory <Error> core\memory.cpp:Memory::MemorySystem::Write:528: unmapped Write8 0x00000000 @ 0x00000BAF at PC 0x010F3548
[   4.418315] HW.Memory <Error> core\memory.cpp:Memory::MemorySystem::Write:528: unmapped Write8 0x00000000 @ 0x00000BB0 at PC 0x010F3548
[   4.418315] HW.Memory <Error> core\memory.cpp:Memory::MemorySystem::Write:528: unmapped Write8 0x00000000 @ 0x00000BB1 at PC 0x010F3548
[   4.418317] HW.Memory <Error> core\memory.cpp:Memory::MemorySystem::Write:528: unmapped Write8 0x00000000 @ 0x00000BB2 at PC 0x010F3548
[   4.418317] HW.Memory <Error> core\memory.cpp:Memory::MemorySystem::Write:528: unmapped Write8 0x00000000 @ 0x00000BB3 at PC 0x010F3548
[   4.418318] HW.Memory <Error> core\memory.cpp:Memory::MemorySystem::Write:528: unmapped Write8 0x00000000 @ 0x00000BB4 at PC 0x010F3548
[   4.418318] HW.Memory <Error> core\memory.cpp:Memory::MemorySystem::Write:528: unmapped Write8 0x00000000 @ 0x00000BB5 at PC 0x010F3548
[   4.418319] HW.Memory <Error> core\memory.cpp:Memory::MemorySystem::Write:528: unmapped Write8 0x00000000 @ 0x00000BB6 at PC 0x010F3548
[   4.418319] HW.Memory <Error> core\memory.cpp:Memory::MemorySystem::Write:528: unmapped Write8 0x00000000 @ 0x00000BB7 at PC 0x010F3548
[   4.418320] HW.Memory <Error> core\memory.cpp:Memory::MemorySystem::Write:528: unmapped Write8 0x00000000 @ 0x00000BB8 at PC 0x010F3548
[   4.418320] HW.Memory <Error> core\memory.cpp:Memory::MemorySystem::Write:528: unmapped Write8 0x00000000 @ 0x00000BB9 at PC 0x010F3548
[   4.418321] HW.Memory <Error> core\memory.cpp:Memory::MemorySystem::Write:528: unmapped Write8 0x00000000 @ 0x00000BBA at PC 0x010F3548
[   4.418321] HW.Memory <Error> core\memory.cpp:Memory::MemorySystem::Write:528: unmapped Write8 0x00000000 @ 0x00000BBB at PC 0x010F3548
[   4.418322] HW.Memory <Error> core\memory.cpp:Memory::MemorySystem::Write:528: unmapped Write8 0x00000000 @ 0x00000BBC at PC 0x010F3548
[   4.418322] HW.Memory <Error> core\memory.cpp:Memory::MemorySystem::Write:528: unmapped Write8 0x00000000 @ 0x00000BBD at PC 0x010F3548
[   4.418323] HW.Memory <Error> core\memory.cpp:Memory::MemorySystem::Write:528: unmapped Write8 0x00000000 @ 0x00000BBE at PC 0x010F3548
[   4.418323] HW.Memory <Error> core\memory.cpp:Memory::MemorySystem::Write:528: unmapped Write8 0x00000000 @ 0x00000BBF at PC 0x010F3548
[   4.418324] HW.Memory <Error> core\memory.cpp:Memory::MemorySystem::Write:528: unmapped Write8 0x00000000 @ 0x00000BC0 at PC 0x010F3548
[   4.418324] HW.Memory <Error> core\memory.cpp:Memory::MemorySystem::Write:528: unmapped Write8 0x00000000 @ 0x00000BC1 at PC 0x010F3548
[   4.418325] HW.Memory <Error> core\memory.cpp:Memory::MemorySystem::Write:528: unmapped Write8 0x00000000 @ 0x00000BC2 at PC 0x010F3548
[   4.418325] HW.Memory <Error> core\memory.cpp:Memory::MemorySystem::Write:528: unmapped Write8 0x00000000 @ 0x00000BC3 at PC 0x010F3548
[   4.418326] HW.Memory <Error> core\memory.cpp:Memory::MemorySystem::Write:528: unmapped Write8 0x00000000 @ 0x00000BC4 at PC 0x010F3548
[   4.418326] HW.Memory <Error> core\memory.cpp:Memory::MemorySystem::Write:528: unmapped Write8 0x00000000 @ 0x00000BC5 at PC 0x010F3548
[   4.418327] HW.Memory <Error> core\memory.cpp:Memory::MemorySystem::Write:528: unmapped Write8 0x00000000 @ 0x00000BC6 at PC 0x010F3548
[   4.418327] HW.Memory <Error> core\memory.cpp:Memory::MemorySystem::Write:528: unmapped Write8 0x00000000 @ 0x00000BC7 at PC 0x010F3548
[   4.418328] HW.Memory <Error> core\memory.cpp:Memory::MemorySystem::Write:528: unmapped Write8 0x00000000 @ 0x00000BC8 at PC 0x010F3548
[   4.418329] HW.Memory <Error> core\memory.cpp:Memory::MemorySystem::Write:528: unmapped Write8 0x00000000 @ 0x00000BC9 at PC 0x010F3548
[   4.418329] HW.Memory <Error> core\memory.cpp:Memory::MemorySystem::Write:528: unmapped Write8 0x00000000 @ 0x00000BCA at PC 0x010F3548
[   4.418330] HW.Memory <Error> core\memory.cpp:Memory::MemorySystem::Write:528: unmapped Write8 0x00000000 @ 0x00000BCB at PC 0x010F3548
[   4.418330] HW.Memory <Error> core\memory.cpp:Memory::MemorySystem::Write:528: unmapped Write8 0x00000000 @ 0x00000BCC at PC 0x010F3548
[   4.418331] HW.Memory <Error> core\memory.cpp:Memory::MemorySystem::Write:528: unmapped Write8 0x00000000 @ 0x00000BCD at PC 0x010F3548
[   4.418331] HW.Memory <Error> core\memory.cpp:Memory::MemorySystem::Write:528: unmapped Write8 0x00000000 @ 0x00000BCE at PC 0x010F3548
[   4.418332] HW.Memory <Error> core\memory.cpp:Memory::MemorySystem::Write:528: unmapped Write8 0x00000000 @ 0x00000BCF at PC 0x010F3548
[   4.418332] HW.Memory <Error> core\memory.cpp:Memory::MemorySystem::Write:528: unmapped Write8 0x00000000 @ 0x00000BD0 at PC 0x010F3548
[   4.418333] HW.Memory <Error> core\memory.cpp:Memory::MemorySystem::Write:528: unmapped Write8 0x00000000 @ 0x00000BD1 at PC 0x010F3548
[   4.418333] HW.Memory <Error> core\memory.cpp:Memory::MemorySystem::Write:528: unmapped Write8 0x00000000 @ 0x00000BD2 at PC 0x010F3548
[   4.418333] HW.Memory <Error> core\memory.cpp:Memory::MemorySystem::Write:528: unmapped Write8 0x00000000 @ 0x00000BD3 at PC 0x010F3548
[   4.418334] HW.Memory <Error> core\memory.cpp:Memory::MemorySystem::Write:528: unmapped Write8 0x00000000 @ 0x00000BD4 at PC 0x010F3548
[   4.418334] HW.Memory <Error> core\memory.cpp:Memory::MemorySystem::Write:528: unmapped Write8 0x00000000 @ 0x00000BD5 at PC 0x010F3548
[   4.418335] HW.Memory <Error> core\memory.cpp:Memory::MemorySystem::Write:528: unmapped Write8 0x00000000 @ 0x00000BD6 at PC 0x010F3548
[   4.418336] HW.Memory <Error> core\memory.cpp:Memory::MemorySystem::Write:528: unmapped Write8 0x00000000 @ 0x00000BD7 at PC 0x010F3548
[   4.418336] HW.Memory <Error> core\memory.cpp:Memory::MemorySystem::Write:528: unmapped Write8 0x00000000 @ 0x00000BD8 at PC 0x010F3548
[   4.418337] HW.Memory <Error> core\memory.cpp:Memory::MemorySystem::Write:528: unmapped Write8 0x00000000 @ 0x00000BD9 at PC 0x010F3548
[   4.418337] HW.Memory <Error> core\memory.cpp:Memory::MemorySystem::Write:528: unmapped Write8 0x00000000 @ 0x00000BDA at PC 0x010F3548
[   4.418338] HW.Memory <Error> core\memory.cpp:Memory::MemorySystem::Write:528: unmapped Write8 0x00000000 @ 0x00000BDB at PC 0x010F3548
[   4.418338] HW.Memory <Error> core\memory.cpp:Memory::MemorySystem::Write:528: unmapped Write8 0x00000000 @ 0x00000BDC at PC 0x010F3548
[   4.418339] HW.Memory <Error> core\memory.cpp:Memory::MemorySystem::Write:528: unmapped Write8 0x00000000 @ 0x00000BDD at PC 0x010F3548
[   4.418340] HW.Memory <Error> core\memory.cpp:Memory::MemorySystem::Write:528: unmapped Write8 0x00000000 @ 0x00000BDE at PC 0x010F3548
[   4.418340] HW.Memory <Error> core\memory.cpp:Memory::MemorySystem::Write:528: unmapped Write8 0x00000000 @ 0x00000BDF at PC 0x010F3548
[   4.418341] HW.Memory <Error> core\memory.cpp:Memory::MemorySystem::Write:528: unmapped Write8 0x00000000 @ 0x00000BE0 at PC 0x010F3548
[   4.418341] HW.Memory <Error> core\memory.cpp:Memory::MemorySystem::Write:528: unmapped Write8 0x00000000 @ 0x00000BE1 at PC 0x010F3548
[   4.418342] HW.Memory <Error> core\memory.cpp:Memory::MemorySystem::Write:528: unmapped Write8 0x00000000 @ 0x00000BE2 at PC 0x010F3548
[   4.418342] HW.Memory <Error> core\memory.cpp:Memory::MemorySystem::Write:528: unmapped Write8 0x00000000 @ 0x00000BE3 at PC 0x010F3548
[   4.418343] HW.Memory <Error> core\memory.cpp:Memory::MemorySystem::Write:528: unmapped Write8 0x00000000 @ 0x00000BE4 at PC 0x010F3548
[   4.418343] HW.Memory <Error> core\memory.cpp:Memory::MemorySystem::Write:528: unmapped Write8 0x00000000 @ 0x00000BE5 at PC 0x010F3548
[   4.418344] HW.Memory <Error> core\memory.cpp:Memory::MemorySystem::Write:528: unmapped Write8 0x00000000 @ 0x00000BE6 at PC 0x010F3548
[   4.418344] HW.Memory <Error> core\memory.cpp:Memory::MemorySystem::Write:528: unmapped Write8 0x00000000 @ 0x00000BE7 at PC 0x010F3548
[   4.418345] HW.Memory <Error> core\memory.cpp:Memory::MemorySystem::Write:528: unmapped Write8 0x00000000 @ 0x00000BE8 at PC 0x010F3548
[   4.418346] HW.Memory <Error> core\memory.cpp:Memory::MemorySystem::Write:528: unmapped Write8 0x00000000 @ 0x00000BE9 at PC 0x010F3548
[   4.418346] HW.Memory <Error> core\memory.cpp:Memory::MemorySystem::Write:528: unmapped Write8 0x00000000 @ 0x00000BEA at PC 0x010F3548
[   4.418347] HW.Memory <Error> core\memory.cpp:Memory::MemorySystem::Write:528: unmapped Write8 0x00000000 @ 0x00000BEB at PC 0x010F3548
[   4.418347] HW.Memory <Error> core\memory.cpp:Memory::MemorySystem::Write:528: unmapped Write8 0x00000000 @ 0x00000BEC at PC 0x010F3548
[   4.418348] HW.Memory <Error> core\memory.cpp:Memory::MemorySystem::Write:528: unmapped Write8 0x00000000 @ 0x00000BED at PC 0x010F3548
[   4.418348] HW.Memory <Error> core\memory.cpp:Memory::MemorySystem::Write:528: unmapped Write8 0x00000000 @ 0x00000BEE at PC 0x010F3548
[   4.418349] HW.Memory <Error> core\memory.cpp:Memory::MemorySystem::Write:528: unmapped Write8 0x00000000 @ 0x00000BEF at PC 0x010F3548
[   4.418349] HW.Memory <Error> core\memory.cpp:Memory::MemorySystem::Write:528: unmapped Write8 0x00000000 @ 0x00000BF0 at PC 0x010F3548
[   4.418350] HW.Memory <Error> core\memory.cpp:Memory::MemorySystem::Write:528: unmapped Write8 0x00000000 @ 0x00000BF1 at PC 0x010F3548
[   4.418350] HW.Memory <Error> core\memory.cpp:Memory::MemorySystem::Write:528: unmapped Write8 0x00000000 @ 0x00000BF2 at PC 0x010F3548
[   4.418351] HW.Memory <Error> core\memory.cpp:Memory::MemorySystem::Write:528: unmapped Write8 0x00000000 @ 0x00000BF3 at PC 0x010F3548
[   4.418351] HW.Memory <Error> core\memory.cpp:Memory::MemorySystem::Write:528: unmapped Write8 0x00000000 @ 0x00000BF4 at PC 0x010F3548
[   4.418352] HW.Memory <Error> core\memory.cpp:Memory::MemorySystem::Write:528: unmapped Write8 0x00000000 @ 0x00000BF5 at PC 0x010F3548
[   4.418353] HW.Memory <Error> core\memory.cpp:Memory::MemorySystem::Write:528: unmapped Write8 0x00000000 @ 0x00000BF6 at PC 0x010F3548
[   4.418353] HW.Memory <Error> core\memory.cpp:Memory::MemorySystem::Write:528: unmapped Write8 0x00000000 @ 0x00000BF7 at PC 0x010F3548
[   4.418354] HW.Memory <Error> core\memory.cpp:Memory::MemorySystem::Write:528: unmapped Write8 0x00000000 @ 0x00000BF8 at PC 0x010F3548
[   4.418354] HW.Memory <Error> core\memory.cpp:Memory::MemorySystem::Write:528: unmapped Write8 0x00000000 @ 0x00000BF9 at PC 0x010F3548
[   4.418355] HW.Memory <Error> core\memory.cpp:Memory::MemorySystem::Write:528: unmapped Write8 0x00000000 @ 0x00000BFA at PC 0x010F3548
[   4.418355] HW.Memory <Error> core\memory.cpp:Memory::MemorySystem::Write:528: unmapped Write8 0x00000000 @ 0x00000BFB at PC 0x010F3548
[   4.418356] HW.Memory <Error> core\memory.cpp:Memory::MemorySystem::Write:528: unmapped Write8 0x00000000 @ 0x00000BFC at PC 0x010F3548
[   4.418356] HW.Memory <Error> core\memory.cpp:Memory::MemorySystem::Write:528: unmapped Write8 0x00000000 @ 0x00000BFD at PC 0x010F3548
[   4.418357] HW.Memory <Error> core\memory.cpp:Memory::MemorySystem::Write:528: unmapped Write8 0x00000000 @ 0x00000BFE at PC 0x010F3548
[   4.418357] HW.Memory <Error> core\memory.cpp:Memory::MemorySystem::Write:528: unmapped Write8 0x00000000 @ 0x00000BFF at PC 0x010F3548
[   4.418358] HW.Memory <Error> core\memory.cpp:Memory::MemorySystem::Write:528: unmapped Write8 0x00000000 @ 0x00000C00 at PC 0x010F3548
[   4.418358] HW.Memory <Error> core\memory.cpp:Memory::MemorySystem::Write:528: unmapped Write8 0x00000000 @ 0x00000C01 at PC 0x010F3548
[   4.418359] HW.Memory <Error> core\memory.cpp:Memory::MemorySystem::Write:528: unmapped Write8 0x00000000 @ 0x00000C02 at PC 0x010F3548
[   4.418359] HW.Memory <Error> core\memory.cpp:Memory::MemorySystem::Write:528: unmapped Write8 0x00000000 @ 0x00000C03 at PC 0x010F3548
[   4.418360] HW.Memory <Error> core\memory.cpp:Memory::MemorySystem::Write:528: unmapped Write8 0x00000000 @ 0x00000C04 at PC 0x010F3548
[   4.418360] HW.Memory <Error> core\memory.cpp:Memory::MemorySystem::Write:528: unmapped Write8 0x00000000 @ 0x00000C05 at PC 0x010F3548
[   4.418361] HW.Memory <Error> core\memory.cpp:Memory::MemorySystem::Write:528: unmapped Write8 0x00000000 @ 0x00000C06 at PC 0x010F3548
[   4.418361] HW.Memory <Error> core\memory.cpp:Memory::MemorySystem::Write:528: unmapped Write8 0x00000000 @ 0x00000C07 at PC 0x010F3548
[   4.418362] HW.Memory <Error> core\memory.cpp:Memory::MemorySystem::Write:528: unmapped Write8 0x00000000 @ 0x00000C08 at PC 0x010F3548
[   4.418362] HW.Memory <Error> core\memory.cpp:Memory::MemorySystem::Write:528: unmapped Write8 0x00000000 @ 0x00000C09 at PC 0x010F3548
[   4.418363] HW.Memory <Error> core\memory.cpp:Memory::MemorySystem::Write:528: unmapped Write8 0x00000000 @ 0x00000C0A at PC 0x010F3548
[   4.418363] HW.Memory <Error> core\memory.cpp:Memory::MemorySystem::Write:528: unmapped Write8 0x00000000 @ 0x00000C0B at PC 0x010F3548
[   4.418364] HW.Memory <Error> core\memory.cpp:Memory::MemorySystem::Write:528: unmapped Write8 0x00000000 @ 0x00000C0C at PC 0x010F3548
[   4.418364] HW.Memory <Error> core\memory.cpp:Memory::MemorySystem::Write:528: unmapped Write8 0x00000000 @ 0x00000C0D at PC 0x010F3548
[   4.418365] HW.Memory <Error> core\memory.cpp:Memory::MemorySystem::Write:528: unmapped Write8 0x00000000 @ 0x00000C0E at PC 0x010F3548
[   4.418365] HW.Memory <Error> core\memory.cpp:Memory::MemorySystem::Write:528: unmapped Write8 0x00000000 @ 0x00000C0F at PC 0x010F3548
[   4.418366] HW.Memory <Error> core\memory.cpp:Memory::MemorySystem::Write:528: unmapped Write8 0x00000000 @ 0x00000C10 at PC 0x010F3548
[   4.418366] HW.Memory <Error> core\memory.cpp:Memory::MemorySystem::Write:528: unmapped Write8 0x00000000 @ 0x00000C11 at PC 0x010F3548
[   4.418367] HW.Memory <Error> core\memory.cpp:Memory::MemorySystem::Write:528: unmapped Write8 0x00000000 @ 0x00000C12 at PC 0x010F3548
[   4.418367] HW.Memory <Error> core\memory.cpp:Memory::MemorySystem::Write:528: unmapped Write8 0x00000000 @ 0x00000C13 at PC 0x010F3548
[   4.418368] HW.Memory <Error> core\memory.cpp:Memory::MemorySystem::Write:528: unmapped Write8 0x00000000 @ 0x00000C14 at PC 0x010F3548
[   4.418368] HW.Memory <Error> core\memory.cpp:Memory::MemorySystem::Write:528: unmapped Write8 0x00000000 @ 0x00000C15 at PC 0x010F3548
[   4.418369] HW.Memory <Error> core\memory.cpp:Memory::MemorySystem::Write:528: unmapped Write8 0x00000000 @ 0x00000C16 at PC 0x010F3548
[   4.418369] HW.Memory <Error> core\memory.cpp:Memory::MemorySystem::Write:528: unmapped Write8 0x00000000 @ 0x00000C17 at PC 0x010F3548
[   4.418370] HW.Memory <Error> core\memory.cpp:Memory::MemorySystem::Write:528: unmapped Write8 0x00000000 @ 0x00000C18 at PC 0x010F3548
[   4.418371] HW.Memory <Error> core\memory.cpp:Memory::MemorySystem::Write:528: unmapped Write8 0x00000000 @ 0x00000C19 at PC 0x010F3548
[   4.418371] HW.Memory <Error> core\memory.cpp:Memory::MemorySystem::Write:528: unmapped Write8 0x00000000 @ 0x00000C1A at PC 0x010F3548
[   4.418372] HW.Memory <Error> core\memory.cpp:Memory::MemorySystem::Write:528: unmapped Write8 0x00000000 @ 0x00000C1B at PC 0x010F3548
[   4.418372] HW.Memory <Error> core\memory.cpp:Memory::MemorySystem::Write:528: unmapped Write8 0x00000000 @ 0x00000C1C at PC 0x010F3548
[   4.418373] HW.Memory <Error> core\memory.cpp:Memory::MemorySystem::Write:528: unmapped Write8 0x00000000 @ 0x00000C1D at PC 0x010F3548
[   4.418373] HW.Memory <Error> core\memory.cpp:Memory::MemorySystem::Write:528: unmapped Write8 0x00000000 @ 0x00000C1E at PC 0x010F3548
[   4.418374] HW.Memory <Error> core\memory.cpp:Memory::MemorySystem::Write:528: unmapped Write8 0x00000000 @ 0x00000C1F at PC 0x010F3548
[   4.418374] HW.Memory <Error> core\memory.cpp:Memory::MemorySystem::Write:528: unmapped Write8 0x00000000 @ 0x00000C20 at PC 0x010F3548
[   4.418375] HW.Memory <Error> core\memory.cpp:Memory::MemorySystem::Write:528: unmapped Write8 0x00000000 @ 0x00000C21 at PC 0x010F3548
[   4.418375] HW.Memory <Error> core\memory.cpp:Memory::MemorySystem::Write:528: unmapped Write8 0x00000000 @ 0x00000C22 at PC 0x010F3548
[   4.418376] HW.Memory <Error> core\memory.cpp:Memory::MemorySystem::Write:528: unmapped Write8 0x00000000 @ 0x00000C23 at PC 0x010F3548
[   4.418376] HW.Memory <Error> core\memory.cpp:Memory::MemorySystem::Write:528: unmapped Write8 0x00000000 @ 0x00000C24 at PC 0x010F3548
[   4.418377] HW.Memory <Error> core\memory.cpp:Memory::MemorySystem::Write:528: unmapped Write8 0x00000000 @ 0x00000C25 at PC 0x010F3548
[   4.418377] HW.Memory <Error> core\memory.cpp:Memory::MemorySystem::Write:528: unmapped Write8 0x00000000 @ 0x00000C26 at PC 0x010F3548
[   4.418378] HW.Memory <Error> core\memory.cpp:Memory::MemorySystem::Write:528: unmapped Write8 0x00000000 @ 0x00000C27 at PC 0x010F3548
[   4.418379] HW.Memory <Error> core\memory.cpp:Memory::MemorySystem::Read:479: unmapped Read8 @ 0x00000C28 at PC 0x010F348C
[   4.418379] HW.Memory <Error> core\memory.cpp:Memory::MemorySystem::Read:479: unmapped Read8 @ 0x00000828 at PC 0x010F348C
[   4.418380] HW.Memory <Error> core\memory.cpp:Memory::MemorySystem::Write:528: unmapped Write16 0x00000000 @ 0x00000024 at PC 0x010F34D0
[   4.418669] HW.Memory <Error> core\memory.cpp:Memory::MemorySystem::Impl::ReadBlockImpl:178: unmapped ReadBlock @ 0x00000024 (start address = 0x00000024, size = 2) at PC 0x010F0A78
[   4.418680] Service.FS <Error> core\file_sys\archive_sdmc.cpp:FileSys::SDMCArchive::OpenFileBase:64: Invalid path [Wchar: ]
[   4.426025] HW.Memory <Error> core\memory.cpp:Memory::MemorySystem::Write:528: unmapped Write8 0x0000002F @ 0x00000828 at PC 0x010F3548
[   4.426028] HW.Memory <Error> core\memory.cpp:Memory::MemorySystem::Write:528: unmapped Write8 0x0000006F @ 0x00000829 at PC 0x010F3548
[   4.426028] HW.Memory <Error> core\memory.cpp:Memory::MemorySystem::Write:528: unmapped Write8 0x00000070 @ 0x0000082A at PC 0x010F3548
[   4.426029] HW.Memory <Error> core\memory.cpp:Memory::MemorySystem::Write:528: unmapped Write8 0x00000065 @ 0x0000082B at PC 0x010F3548
[   4.426029] HW.Memory <Error> core\memory.cpp:Memory::MemorySystem::Write:528: unmapped Write8 0x0000006E @ 0x0000082C at PC 0x010F3548
[   4.426030] HW.Memory <Error> core\memory.cpp:Memory::MemorySystem::Write:528: unmapped Write8 0x00000073 @ 0x0000082D at PC 0x010F3548
[   4.426031] HW.Memory <Error> core\memory.cpp:Memory::MemorySystem::Write:528: unmapped Write8 0x00000062 @ 0x0000082E at PC 0x010F3548
[   4.426031] HW.Memory <Error> core\memory.cpp:Memory::MemorySystem::Write:528: unmapped Write8 0x0000005F @ 0x0000082F at PC 0x010F3548
[   4.426032] HW.Memory <Error> core\memory.cpp:Memory::MemorySystem::Write:528: unmapped Write8 0x0000006D @ 0x00000830 at PC 0x010F3548
[   4.426032] HW.Memory <Error> core\memory.cpp:Memory::MemorySystem::Write:528: unmapped Write8 0x00000061 @ 0x00000831 at PC 0x010F3548
[   4.426033] HW.Memory <Error> core\memory.cpp:Memory::MemorySystem::Write:528: unmapped Write8 0x00000069 @ 0x00000832 at PC 0x010F3548
[   4.426033] HW.Memory <Error> core\memory.cpp:Memory::MemorySystem::Write:528: unmapped Write8 0x0000006E @ 0x00000833 at PC 0x010F3548
[   4.426033] HW.Memory <Error> core\memory.cpp:Memory::MemorySystem::Write:528: unmapped Write8 0x0000002E @ 0x00000834 at PC 0x010F3548
[   4.426034] HW.Memory <Error> core\memory.cpp:Memory::MemorySystem::Write:528: unmapped Write8 0x0000006C @ 0x00000835 at PC 0x010F3548
[   4.426035] HW.Memory <Error> core\memory.cpp:Memory::MemorySystem::Write:528: unmapped Write8 0x0000006F @ 0x00000836 at PC 0x010F3548
[   4.426035] HW.Memory <Error> core\memory.cpp:Memory::MemorySystem::Write:528: unmapped Write8 0x00000067 @ 0x00000837 at PC 0x010F3548
[   4.426036] HW.Memory <Error> core\memory.cpp:Memory::MemorySystem::Write:528: unmapped Write8 0x00000000 @ 0x00000838 at PC 0x010F3548
[   4.426036] HW.Memory <Error> core\memory.cpp:Memory::MemorySystem::Write:528: unmapped Write8 0x00000000 @ 0x00000839 at PC 0x010F3548
[   4.426037] HW.Memory <Error> core\memory.cpp:Memory::MemorySystem::Write:528: unmapped Write8 0x00000000 @ 0x0000083A at PC 0x010F3548
[   4.426038] HW.Memory <Error> core\memory.cpp:Memory::MemorySystem::Write:528: unmapped Write8 0x00000000 @ 0x0000083B at PC 0x010F3548
[   4.426038] HW.Memory <Error> core\memory.cpp:Memory::MemorySystem::Write:528: unmapped Write8 0x00000000 @ 0x0000083C at PC 0x010F3548
[   4.426039] HW.Memory <Error> core\memory.cpp:Memory::MemorySystem::Write:528: unmapped Write8 0x00000000 @ 0x0000083D at PC 0x010F3548
[   4.426040] HW.Memory <Error> core\memory.cpp:Memory::MemorySystem::Write:528: unmapped Write8 0x00000000 @ 0x0000083E at PC 0x010F3548
[   4.426040] HW.Memory <Error> core\memory.cpp:Memory::MemorySystem::Write:528: unmapped Write8 0x00000000 @ 0x0000083F at PC 0x010F3548
[   4.426056] HW.Memory <Error> core\memory.cpp:Memory::MemorySystem::Write:528: unmapped Write8 0x00000000 @ 0x00000840 at PC 0x010F3548
[   4.426056] HW.Memory <Error> core\memory.cpp:Memory::MemorySystem::Write:528: unmapped Write8 0x00000000 @ 0x00000841 at PC 0x010F3548
[   4.426057] HW.Memory <Error> core\memory.cpp:Memory::MemorySystem::Write:528: unmapped Write8 0x00000000 @ 0x00000842 at PC 0x010F3548
[   4.426057] HW.Memory <Error> core\memory.cpp:Memory::MemorySystem::Write:528: unmapped Write8 0x00000000 @ 0x00000843 at PC 0x010F3548
[   4.426058] HW.Memory <Error> core\memory.cpp:Memory::MemorySystem::Write:528: unmapped Write8 0x00000000 @ 0x00000844 at PC 0x010F3548
[   4.426058] HW.Memory <Error> core\memory.cpp:Memory::MemorySystem::Write:528: unmapped Write8 0x00000000 @ 0x00000845 at PC 0x010F3548
[   4.426059] HW.Memory <Error> core\memory.cpp:Memory::MemorySystem::Write:528: unmapped Write8 0x00000000 @ 0x00000846 at PC 0x010F3548
[   4.426059] HW.Memory <Error> core\memory.cpp:Memory::MemorySystem::Write:528: unmapped Write8 0x00000000 @ 0x00000847 at PC 0x010F3548
[   4.426060] HW.Memory <Error> core\memory.cpp:Memory::MemorySystem::Write:528: unmapped Write8 0x00000000 @ 0x00000848 at PC 0x010F3548
[   4.426061] HW.Memory <Error> core\memory.cpp:Memory::MemorySystem::Write:528: unmapped Write8 0x00000000 @ 0x00000849 at PC 0x010F3548
[   4.426061] HW.Memory <Error> core\memory.cpp:Memory::MemorySystem::Write:528: unmapped Write8 0x00000000 @ 0x0000084A at PC 0x010F3548
[   4.426062] HW.Memory <Error> core\memory.cpp:Memory::MemorySystem::Write:528: unmapped Write8 0x00000000 @ 0x0000084B at PC 0x010F3548
[   4.426062] HW.Memory <Error> core\memory.cpp:Memory::MemorySystem::Write:528: unmapped Write8 0x00000000 @ 0x0000084C at PC 0x010F3548
[   4.426063] HW.Memory <Error> core\memory.cpp:Memory::MemorySystem::Write:528: unmapped Write8 0x00000000 @ 0x0000084D at PC 0x010F3548
[   4.426063] HW.Memory <Error> core\memory.cpp:Memory::MemorySystem::Write:528: unmapped Write8 0x00000000 @ 0x0000084E at PC 0x010F3548
[   4.426063] HW.Memory <Error> core\memory.cpp:Memory::MemorySystem::Write:528: unmapped Write8 0x00000000 @ 0x0000084F at PC 0x010F3548
[   4.426064] HW.Memory <Error> core\memory.cpp:Memory::MemorySystem::Write:528: unmapped Write8 0x00000000 @ 0x00000850 at PC 0x010F3548
[   4.426064] HW.Memory <Error> core\memory.cpp:Memory::MemorySystem::Write:528: unmapped Write8 0x00000000 @ 0x00000851 at PC 0x010F3548
[   4.426065] HW.Memory <Error> core\memory.cpp:Memory::MemorySystem::Write:528: unmapped Write8 0x00000000 @ 0x00000852 at PC 0x010F3548
[   4.426065] HW.Memory <Error> core\memory.cpp:Memory::MemorySystem::Write:528: unmapped Write8 0x00000000 @ 0x00000853 at PC 0x010F3548
[   4.426066] HW.Memory <Error> core\memory.cpp:Memory::MemorySystem::Write:528: unmapped Write8 0x00000000 @ 0x00000854 at PC 0x010F3548
[   4.426067] HW.Memory <Error> core\memory.cpp:Memory::MemorySystem::Write:528: unmapped Write8 0x00000000 @ 0x00000855 at PC 0x010F3548
[   4.426067] HW.Memory <Error> core\memory.cpp:Memory::MemorySystem::Write:528: unmapped Write8 0x00000000 @ 0x00000856 at PC 0x010F3548
[   4.426068] HW.Memory <Error> core\memory.cpp:Memory::MemorySystem::Write:528: unmapped Write8 0x00000000 @ 0x00000857 at PC 0x010F3548
[   4.426069] HW.Memory <Error> core\memory.cpp:Memory::MemorySystem::Write:528: unmapped Write8 0x00000000 @ 0x00000858 at PC 0x010F3548
[   4.426069] HW.Memory <Error> core\memory.cpp:Memory::MemorySystem::Write:528: unmapped Write8 0x00000000 @ 0x00000859 at PC 0x010F3548
[   4.426070] HW.Memory <Error> core\memory.cpp:Memory::MemorySystem::Write:528: unmapped Write8 0x00000000 @ 0x0000085A at PC 0x010F3548
[   4.426070] HW.Memory <Error> core\memory.cpp:Memory::MemorySystem::Write:528: unmapped Write8 0x00000000 @ 0x0000085B at PC 0x010F3548
[   4.426071] HW.Memory <Error> core\memory.cpp:Memory::MemorySystem::Write:528: unmapped Write8 0x00000000 @ 0x0000085C at PC 0x010F3548
[   4.426071] HW.Memory <Error> core\memory.cpp:Memory::MemorySystem::Write:528: unmapped Write8 0x00000000 @ 0x0000085D at PC 0x010F3548
[   4.426072] HW.Memory <Error> core\memory.cpp:Memory::MemorySystem::Write:528: unmapped Write8 0x00000000 @ 0x0000085E at PC 0x010F3548
[   4.426073] HW.Memory <Error> core\memory.cpp:Memory::MemorySystem::Write:528: unmapped Write8 0x00000000 @ 0x0000085F at PC 0x010F3548
[   4.426073] HW.Memory <Error> core\memory.cpp:Memory::MemorySystem::Write:528: unmapped Write8 0x00000000 @ 0x00000860 at PC 0x010F3548
[   4.426074] HW.Memory <Error> core\memory.cpp:Memory::MemorySystem::Write:528: unmapped Write8 0x00000000 @ 0x00000861 at PC 0x010F3548
[   4.426074] HW.Memory <Error> core\memory.cpp:Memory::MemorySystem::Write:528: unmapped Write8 0x00000000 @ 0x00000862 at PC 0x010F3548
[   4.426075] HW.Memory <Error> core\memory.cpp:Memory::MemorySystem::Write:528: unmapped Write8 0x00000000 @ 0x00000863 at PC 0x010F3548
[   4.426075] HW.Memory <Error> core\memory.cpp:Memory::MemorySystem::Write:528: unmapped Write8 0x00000000 @ 0x00000864 at PC 0x010F3548
[   4.426076] HW.Memory <Error> core\memory.cpp:Memory::MemorySystem::Write:528: unmapped Write8 0x00000000 @ 0x00000865 at PC 0x010F3548
[   4.426076] HW.Memory <Error> core\memory.cpp:Memory::MemorySystem::Write:528: unmapped Write8 0x00000000 @ 0x00000866 at PC 0x010F3548
[   4.426077] HW.Memory <Error> core\memory.cpp:Memory::MemorySystem::Write:528: unmapped Write8 0x00000000 @ 0x00000867 at PC 0x010F3548
[   4.426078] HW.Memory <Error> core\memory.cpp:Memory::MemorySystem::Write:528: unmapped Write8 0x00000000 @ 0x00000868 at PC 0x010F3548
[   4.426078] HW.Memory <Error> core\memory.cpp:Memory::MemorySystem::Write:528: unmapped Write8 0x00000000 @ 0x00000869 at PC 0x010F3548
[   4.426079] HW.Memory <Error> core\memory.cpp:Memory::MemorySystem::Write:528: unmapped Write8 0x00000000 @ 0x0000086A at PC 0x010F3548
[   4.426079] HW.Memory <Error> core\memory.cpp:Memory::MemorySystem::Write:528: unmapped Write8 0x00000000 @ 0x0000086B at PC 0x010F3548
[   4.426080] HW.Memory <Error> core\memory.cpp:Memory::MemorySystem::Write:528: unmapped Write8 0x00000000 @ 0x0000086C at PC 0x010F3548
[   4.426080] HW.Memory <Error> core\memory.cpp:Memory::MemorySystem::Write:528: unmapped Write8 0x00000000 @ 0x0000086D at PC 0x010F3548
[   4.426081] HW.Memory <Error> core\memory.cpp:Memory::MemorySystem::Write:528: unmapped Write8 0x00000000 @ 0x0000086E at PC 0x010F3548
[   4.426082] HW.Memory <Error> core\memory.cpp:Memory::MemorySystem::Write:528: unmapped Write8 0x00000000 @ 0x0000086F at PC 0x010F3548
[   4.426083] HW.Memory <Error> core\memory.cpp:Memory::MemorySystem::Write:528: unmapped Write8 0x00000000 @ 0x00000870 at PC 0x010F3548
[   4.426083] HW.Memory <Error> core\memory.cpp:Memory::MemorySystem::Write:528: unmapped Write8 0x00000000 @ 0x00000871 at PC 0x010F3548
[   4.426084] HW.Memory <Error> core\memory.cpp:Memory::MemorySystem::Write:528: unmapped Write8 0x00000000 @ 0x00000872 at PC 0x010F3548
[   4.426085] HW.Memory <Error> core\memory.cpp:Memory::MemorySystem::Write:528: unmapped Write8 0x00000000 @ 0x00000873 at PC 0x010F3548
[   4.426085] HW.Memory <Error> core\memory.cpp:Memory::MemorySystem::Write:528: unmapped Write8 0x00000000 @ 0x00000874 at PC 0x010F3548
[   4.426086] HW.Memory <Error> core\memory.cpp:Memory::MemorySystem::Write:528: unmapped Write8 0x00000000 @ 0x00000875 at PC 0x010F3548
[   4.426086] HW.Memory <Error> core\memory.cpp:Memory::MemorySystem::Write:528: unmapped Write8 0x00000000 @ 0x00000876 at PC 0x010F3548
[   4.426087] HW.Memory <Error> core\memory.cpp:Memory::MemorySystem::Write:528: unmapped Write8 0x00000000 @ 0x00000877 at PC 0x010F3548
[   4.426087] HW.Memory <Error> core\memory.cpp:Memory::MemorySystem::Write:528: unmapped Write8 0x00000000 @ 0x00000878 at PC 0x010F3548
[   4.426088] HW.Memory <Error> core\memory.cpp:Memory::MemorySystem::Write:528: unmapped Write8 0x00000000 @ 0x00000879 at PC 0x010F3548
[   4.426088] HW.Memory <Error> core\memory.cpp:Memory::MemorySystem::Write:528: unmapped Write8 0x00000000 @ 0x0000087A at PC 0x010F3548
[   4.426089] HW.Memory <Error> core\memory.cpp:Memory::MemorySystem::Write:528: unmapped Write8 0x00000000 @ 0x0000087B at PC 0x010F3548
[   4.426089] HW.Memory <Error> core\memory.cpp:Memory::MemorySystem::Write:528: unmapped Write8 0x00000000 @ 0x0000087C at PC 0x010F3548
[   4.426090] HW.Memory <Error> core\memory.cpp:Memory::MemorySystem::Write:528: unmapped Write8 0x00000000 @ 0x0000087D at PC 0x010F3548
[   4.426090] HW.Memory <Error> core\memory.cpp:Memory::MemorySystem::Write:528: unmapped Write8 0x00000000 @ 0x0000087E at PC 0x010F3548
[   4.426091] HW.Memory <Error> core\memory.cpp:Memory::MemorySystem::Write:528: unmapped Write8 0x00000000 @ 0x0000087F at PC 0x010F3548
[   4.426091] HW.Memory <Error> core\memory.cpp:Memory::MemorySystem::Write:528: unmapped Write8 0x00000000 @ 0x00000880 at PC 0x010F3548
[   4.426092] HW.Memory <Error> core\memory.cpp:Memory::MemorySystem::Write:528: unmapped Write8 0x00000000 @ 0x00000881 at PC 0x010F3548
[   4.426092] HW.Memory <Error> core\memory.cpp:Memory::MemorySystem::Write:528: unmapped Write8 0x00000000 @ 0x00000882 at PC 0x010F3548
[   4.426093] HW.Memory <Error> core\memory.cpp:Memory::MemorySystem::Write:528: unmapped Write8 0x00000000 @ 0x00000883 at PC 0x010F3548
[   4.426093] HW.Memory <Error> core\memory.cpp:Memory::MemorySystem::Write:528: unmapped Write8 0x00000000 @ 0x00000884 at PC 0x010F3548
[   4.426094] HW.Memory <Error> core\memory.cpp:Memory::MemorySystem::Write:528: unmapped Write8 0x00000000 @ 0x00000885 at PC 0x010F3548
[   4.426094] HW.Memory <Error> core\memory.cpp:Memory::MemorySystem::Write:528: unmapped Write8 0x00000000 @ 0x00000886 at PC 0x010F3548
[   4.426095] HW.Memory <Error> core\memory.cpp:Memory::MemorySystem::Write:528: unmapped Write8 0x00000000 @ 0x00000887 at PC 0x010F3548
[   4.426095] HW.Memory <Error> core\memory.cpp:Memory::MemorySystem::Write:528: unmapped Write8 0x00000000 @ 0x00000888 at PC 0x010F3548
[   4.426096] HW.Memory <Error> core\memory.cpp:Memory::MemorySystem::Write:528: unmapped Write8 0x00000000 @ 0x00000889 at PC 0x010F3548
[   4.426096] HW.Memory <Error> core\memory.cpp:Memory::MemorySystem::Write:528: unmapped Write8 0x00000000 @ 0x0000088A at PC 0x010F3548
[   4.426097] HW.Memory <Error> core\memory.cpp:Memory::MemorySystem::Write:528: unmapped Write8 0x00000000 @ 0x0000088B at PC 0x010F3548
[   4.426097] HW.Memory <Error> core\memory.cpp:Memory::MemorySystem::Write:528: unmapped Write8 0x00000000 @ 0x0000088C at PC 0x010F3548
[   4.426098] HW.Memory <Error> core\memory.cpp:Memory::MemorySystem::Write:528: unmapped Write8 0x00000000 @ 0x0000088D at PC 0x010F3548
[   4.426098] HW.Memory <Error> core\memory.cpp:Memory::MemorySystem::Write:528: unmapped Write8 0x00000000 @ 0x0000088E at PC 0x010F3548
[   4.426099] HW.Memory <Error> core\memory.cpp:Memory::MemorySystem::Write:528: unmapped Write8 0x00000000 @ 0x0000088F at PC 0x010F3548
[   4.426100] HW.Memory <Error> core\memory.cpp:Memory::MemorySystem::Write:528: unmapped Write8 0x00000000 @ 0x00000890 at PC 0x010F3548
[   4.426100] HW.Memory <Error> core\memory.cpp:Memory::MemorySystem::Write:528: unmapped Write8 0x00000000 @ 0x00000891 at PC 0x010F3548
[   4.426101] HW.Memory <Error> core\memory.cpp:Memory::MemorySystem::Write:528: unmapped Write8 0x00000000 @ 0x00000892 at PC 0x010F3548
[   4.426101] HW.Memory <Error> core\memory.cpp:Memory::MemorySystem::Write:528: unmapped Write8 0x00000000 @ 0x00000893 at PC 0x010F3548
[   4.426102] HW.Memory <Error> core\memory.cpp:Memory::MemorySystem::Write:528: unmapped Write8 0x00000000 @ 0x00000894 at PC 0x010F3548
[   4.426102] HW.Memory <Error> core\memory.cpp:Memory::MemorySystem::Write:528: unmapped Write8 0x00000000 @ 0x00000895 at PC 0x010F3548
[   4.426103] HW.Memory <Error> core\memory.cpp:Memory::MemorySystem::Write:528: unmapped Write8 0x00000000 @ 0x00000896 at PC 0x010F3548
[   4.426104] HW.Memory <Error> core\memory.cpp:Memory::MemorySystem::Write:528: unmapped Write8 0x00000000 @ 0x00000897 at PC 0x010F3548
[   4.426104] HW.Memory <Error> core\memory.cpp:Memory::MemorySystem::Write:528: unmapped Write8 0x00000000 @ 0x00000898 at PC 0x010F3548
[   4.426105] HW.Memory <Error> core\memory.cpp:Memory::MemorySystem::Write:528: unmapped Write8 0x00000000 @ 0x00000899 at PC 0x010F3548
[   4.426105] HW.Memory <Error> core\memory.cpp:Memory::MemorySystem::Write:528: unmapped Write8 0x00000000 @ 0x0000089A at PC 0x010F3548
[   4.426106] HW.Memory <Error> core\memory.cpp:Memory::MemorySystem::Write:528: unmapped Write8 0x00000000 @ 0x0000089B at PC 0x010F3548
[   4.426106] HW.Memory <Error> core\memory.cpp:Memory::MemorySystem::Write:528: unmapped Write8 0x00000000 @ 0x0000089C at PC 0x010F3548
[   4.426107] HW.Memory <Error> core\memory.cpp:Memory::MemorySystem::Write:528: unmapped Write8 0x00000000 @ 0x0000089D at PC 0x010F3548
[   4.426108] HW.Memory <Error> core\memory.cpp:Memory::MemorySystem::Write:528: unmapped Write8 0x00000000 @ 0x0000089E at PC 0x010F3548
[   4.426108] HW.Memory <Error> core\memory.cpp:Memory::MemorySystem::Write:528: unmapped Write8 0x00000000 @ 0x0000089F at PC 0x010F3548
[   4.426109] HW.Memory <Error> core\memory.cpp:Memory::MemorySystem::Write:528: unmapped Write8 0x00000000 @ 0x000008A0 at PC 0x010F3548
[   4.426109] HW.Memory <Error> core\memory.cpp:Memory::MemorySystem::Write:528: unmapped Write8 0x00000000 @ 0x000008A1 at PC 0x010F3548
[   4.426110] HW.Memory <Error> core\memory.cpp:Memory::MemorySystem::Write:528: unmapped Write8 0x00000000 @ 0x000008A2 at PC 0x010F3548
[   4.426110] HW.Memory <Error> core\memory.cpp:Memory::MemorySystem::Write:528: unmapped Write8 0x00000000 @ 0x000008A3 at PC 0x010F3548
[   4.426111] HW.Memory <Error> core\memory.cpp:Memory::MemorySystem::Write:528: unmapped Write8 0x00000000 @ 0x000008A4 at PC 0x010F3548
[   4.426111] HW.Memory <Error> core\memory.cpp:Memory::MemorySystem::Write:528: unmapped Write8 0x00000000 @ 0x000008A5 at PC 0x010F3548
[   4.426112] HW.Memory <Error> core\memory.cpp:Memory::MemorySystem::Write:528: unmapped Write8 0x00000000 @ 0x000008A6 at PC 0x010F3548
[   4.426112] HW.Memory <Error> core\memory.cpp:Memory::MemorySystem::Write:528: unmapped Write8 0x00000000 @ 0x000008A7 at PC 0x010F3548
[   4.426113] HW.Memory <Error> core\memory.cpp:Memory::MemorySystem::Write:528: unmapped Write8 0x00000000 @ 0x000008A8 at PC 0x010F3548
[   4.426113] HW.Memory <Error> core\memory.cpp:Memory::MemorySystem::Write:528: unmapped Write8 0x00000000 @ 0x000008A9 at PC 0x010F3548
[   4.426114] HW.Memory <Error> core\memory.cpp:Memory::MemorySystem::Write:528: unmapped Write8 0x00000000 @ 0x000008AA at PC 0x010F3548
[   4.426115] HW.Memory <Error> core\memory.cpp:Memory::MemorySystem::Write:528: unmapped Write8 0x00000000 @ 0x000008AB at PC 0x010F3548
[   4.426115] HW.Memory <Error> core\memory.cpp:Memory::MemorySystem::Write:528: unmapped Write8 0x00000000 @ 0x000008AC at PC 0x010F3548
[   4.426116] HW.Memory <Error> core\memory.cpp:Memory::MemorySystem::Write:528: unmapped Write8 0x00000000 @ 0x000008AD at PC 0x010F3548
[   4.426116] HW.Memory <Error> core\memory.cpp:Memory::MemorySystem::Write:528: unmapped Write8 0x00000000 @ 0x000008AE at PC 0x010F3548
[   4.426117] HW.Memory <Error> core\memory.cpp:Memory::MemorySystem::Write:528: unmapped Write8 0x00000000 @ 0x000008AF at PC 0x010F3548
[   4.426117] HW.Memory <Error> core\memory.cpp:Memory::MemorySystem::Write:528: unmapped Write8 0x00000000 @ 0x000008B0 at PC 0x010F3548
[   4.426118] HW.Memory <Error> core\memory.cpp:Memory::MemorySystem::Write:528: unmapped Write8 0x00000000 @ 0x000008B1 at PC 0x010F3548
[   4.426118] HW.Memory <Error> core\memory.cpp:Memory::MemorySystem::Write:528: unmapped Write8 0x00000000 @ 0x000008B2 at PC 0x010F3548
[   4.426119] HW.Memory <Error> core\memory.cpp:Memory::MemorySystem::Write:528: unmapped Write8 0x00000000 @ 0x000008B3 at PC 0x010F3548
[   4.426119] HW.Memory <Error> core\memory.cpp:Memory::MemorySystem::Write:528: unmapped Write8 0x00000000 @ 0x000008B4 at PC 0x010F3548
[   4.426120] HW.Memory <Error> core\memory.cpp:Memory::MemorySystem::Write:528: unmapped Write8 0x00000000 @ 0x000008B5 at PC 0x010F3548
[   4.426120] HW.Memory <Error> core\memory.cpp:Memory::MemorySystem::Write:528: unmapped Write8 0x00000000 @ 0x000008B6 at PC 0x010F3548
[   4.426121] HW.Memory <Error> core\memory.cpp:Memory::MemorySystem::Write:528: unmapped Write8 0x00000000 @ 0x000008B7 at PC 0x010F3548
[   4.426121] HW.Memory <Error> core\memory.cpp:Memory::MemorySystem::Write:528: unmapped Write8 0x00000000 @ 0x000008B8 at PC 0x010F3548
[   4.426122] HW.Memory <Error> core\memory.cpp:Memory::MemorySystem::Write:528: unmapped Write8 0x00000000 @ 0x000008B9 at PC 0x010F3548
[   4.426122] HW.Memory <Error> core\memory.cpp:Memory::MemorySystem::Write:528: unmapped Write8 0x00000000 @ 0x000008BA at PC 0x010F3548
[   4.426123] HW.Memory <Error> core\memory.cpp:Memory::MemorySystem::Write:528: unmapped Write8 0x00000000 @ 0x000008BB at PC 0x010F3548
[   4.426124] HW.Memory <Error> core\memory.cpp:Memory::MemorySystem::Write:528: unmapped Write8 0x00000000 @ 0x000008BC at PC 0x010F3548
[   4.426124] HW.Memory <Error> core\memory.cpp:Memory::MemorySystem::Write:528: unmapped Write8 0x00000000 @ 0x000008BD at PC 0x010F3548
[   4.426125] HW.Memory <Error> core\memory.cpp:Memory::MemorySystem::Write:528: unmapped Write8 0x00000000 @ 0x000008BE at PC 0x010F3548
[   4.426125] HW.Memory <Error> core\memory.cpp:Memory::MemorySystem::Write:528: unmapped Write8 0x00000000 @ 0x000008BF at PC 0x010F3548
[   4.426126] HW.Memory <Error> core\memory.cpp:Memory::MemorySystem::Write:528: unmapped Write8 0x00000000 @ 0x000008C0 at PC 0x010F3548
[   4.426126] HW.Memory <Error> core\memory.cpp:Memory::MemorySystem::Write:528: unmapped Write8 0x00000000 @ 0x000008C1 at PC 0x010F3548
[   4.426127] HW.Memory <Error> core\memory.cpp:Memory::MemorySystem::Write:528: unmapped Write8 0x00000000 @ 0x000008C2 at PC 0x010F3548
[   4.426127] HW.Memory <Error> core\memory.cpp:Memory::MemorySystem::Write:528: unmapped Write8 0x00000000 @ 0x000008C3 at PC 0x010F3548
[   4.426128] HW.Memory <Error> core\memory.cpp:Memory::MemorySystem::Write:528: unmapped Write8 0x00000000 @ 0x000008C4 at PC 0x010F3548
[   4.426128] HW.Memory <Error> core\memory.cpp:Memory::MemorySystem::Write:528: unmapped Write8 0x00000000 @ 0x000008C5 at PC 0x010F3548
[   4.426129] HW.Memory <Error> core\memory.cpp:Memory::MemorySystem::Write:528: unmapped Write8 0x00000000 @ 0x000008C6 at PC 0x010F3548
[   4.426129] HW.Memory <Error> core\memory.cpp:Memory::MemorySystem::Write:528: unmapped Write8 0x00000000 @ 0x000008C7 at PC 0x010F3548
[   4.426130] HW.Memory <Error> core\memory.cpp:Memory::MemorySystem::Write:528: unmapped Write8 0x00000000 @ 0x000008C8 at PC 0x010F3548
[   4.426130] HW.Memory <Error> core\memory.cpp:Memory::MemorySystem::Write:528: unmapped Write8 0x00000000 @ 0x000008C9 at PC 0x010F3548
[   4.426131] HW.Memory <Error> core\memory.cpp:Memory::MemorySystem::Write:528: unmapped Write8 0x00000000 @ 0x000008CA at PC 0x010F3548
[   4.426131] HW.Memory <Error> core\memory.cpp:Memory::MemorySystem::Write:528: unmapped Write8 0x00000000 @ 0x000008CB at PC 0x010F3548
[   4.426132] HW.Memory <Error> core\memory.cpp:Memory::MemorySystem::Write:528: unmapped Write8 0x00000000 @ 0x000008CC at PC 0x010F3548
[   4.426132] HW.Memory <Error> core\memory.cpp:Memory::MemorySystem::Write:528: unmapped Write8 0x00000000 @ 0x000008CD at PC 0x010F3548
[   4.426133] HW.Memory <Error> core\memory.cpp:Memory::MemorySystem::Write:528: unmapped Write8 0x00000000 @ 0x000008CE at PC 0x010F3548
[   4.426133] HW.Memory <Error> core\memory.cpp:Memory::MemorySystem::Write:528: unmapped Write8 0x00000000 @ 0x000008CF at PC 0x010F3548
[   4.426134] HW.Memory <Error> core\memory.cpp:Memory::MemorySystem::Write:528: unmapped Write8 0x00000000 @ 0x000008D0 at PC 0x010F3548
[   4.426134] HW.Memory <Error> core\memory.cpp:Memory::MemorySystem::Write:528: unmapped Write8 0x00000000 @ 0x000008D1 at PC 0x010F3548
[   4.426134] HW.Memory <Error> core\memory.cpp:Memory::MemorySystem::Write:528: unmapped Write8 0x00000000 @ 0x000008D2 at PC 0x010F3548
[   4.426135] HW.Memory <Error> core\memory.cpp:Memory::MemorySystem::Write:528: unmapped Write8 0x00000000 @ 0x000008D3 at PC 0x010F3548
[   4.426136] HW.Memory <Error> core\memory.cpp:Memory::MemorySystem::Write:528: unmapped Write8 0x00000000 @ 0x000008D4 at PC 0x010F3548
[   4.426136] HW.Memory <Error> core\memory.cpp:Memory::MemorySystem::Write:528: unmapped Write8 0x00000000 @ 0x000008D5 at PC 0x010F3548
[   4.426137] HW.Memory <Error> core\memory.cpp:Memory::MemorySystem::Write:528: unmapped Write8 0x00000000 @ 0x000008D6 at PC 0x010F3548
[   4.426138] HW.Memory <Error> core\memory.cpp:Memory::MemorySystem::Write:528: unmapped Write8 0x00000000 @ 0x000008D7 at PC 0x010F3548
[   4.426138] HW.Memory <Error> core\memory.cpp:Memory::MemorySystem::Write:528: unmapped Write8 0x00000000 @ 0x000008D8 at PC 0x010F3548
[   4.426139] HW.Memory <Error> core\memory.cpp:Memory::MemorySystem::Write:528: unmapped Write8 0x00000000 @ 0x000008D9 at PC 0x010F3548
[   4.426139] HW.Memory <Error> core\memory.cpp:Memory::MemorySystem::Write:528: unmapped Write8 0x00000000 @ 0x000008DA at PC 0x010F3548
[   4.426140] HW.Memory <Error> core\memory.cpp:Memory::MemorySystem::Write:528: unmapped Write8 0x00000000 @ 0x000008DB at PC 0x010F3548
[   4.426141] HW.Memory <Error> core\memory.cpp:Memory::MemorySystem::Write:528: unmapped Write8 0x00000000 @ 0x000008DC at PC 0x010F3548
[   4.426141] HW.Memory <Error> core\memory.cpp:Memory::MemorySystem::Write:528: unmapped Write8 0x00000000 @ 0x000008DD at PC 0x010F3548
[   4.426142] HW.Memory <Error> core\memory.cpp:Memory::MemorySystem::Write:528: unmapped Write8 0x00000000 @ 0x000008DE at PC 0x010F3548
[   4.426142] HW.Memory <Error> core\memory.cpp:Memory::MemorySystem::Write:528: unmapped Write8 0x00000000 @ 0x000008DF at PC 0x010F3548
[   4.426143] HW.Memory <Error> core\memory.cpp:Memory::MemorySystem::Write:528: unmapped Write8 0x00000000 @ 0x000008E0 at PC 0x010F3548
[   4.426143] HW.Memory <Error> core\memory.cpp:Memory::MemorySystem::Write:528: unmapped Write8 0x00000000 @ 0x000008E1 at PC 0x010F3548
[   4.426144] HW.Memory <Error> core\memory.cpp:Memory::MemorySystem::Write:528: unmapped Write8 0x00000000 @ 0x000008E2 at PC 0x010F3548
[   4.426144] HW.Memory <Error> core\memory.cpp:Memory::MemorySystem::Write:528: unmapped Write8 0x00000000 @ 0x000008E3 at PC 0x010F3548
[   4.426145] HW.Memory <Error> core\memory.cpp:Memory::MemorySystem::Write:528: unmapped Write8 0x00000000 @ 0x000008E4 at PC 0x010F3548
[   4.426145] HW.Memory <Error> core\memory.cpp:Memory::MemorySystem::Write:528: unmapped Write8 0x00000000 @ 0x000008E5 at PC 0x010F3548
[   4.426146] HW.Memory <Error> core\memory.cpp:Memory::MemorySystem::Write:528: unmapped Write8 0x00000000 @ 0x000008E6 at PC 0x010F3548
[   4.426147] HW.Memory <Error> core\memory.cpp:Memory::MemorySystem::Write:528: unmapped Write8 0x00000000 @ 0x000008E7 at PC 0x010F3548
[   4.426147] HW.Memory <Error> core\memory.cpp:Memory::MemorySystem::Write:528: unmapped Write8 0x00000000 @ 0x000008E8 at PC 0x010F3548
[   4.426148] HW.Memory <Error> core\memory.cpp:Memory::MemorySystem::Write:528: unmapped Write8 0x00000000 @ 0x000008E9 at PC 0x010F3548
[   4.426148] HW.Memory <Error> core\memory.cpp:Memory::MemorySystem::Write:528: unmapped Write8 0x00000000 @ 0x000008EA at PC 0x010F3548
[   4.426149] HW.Memory <Error> core\memory.cpp:Memory::MemorySystem::Write:528: unmapped Write8 0x00000000 @ 0x000008EB at PC 0x010F3548
[   4.426149] HW.Memory <Error> core\memory.cpp:Memory::MemorySystem::Write:528: unmapped Write8 0x00000000 @ 0x000008EC at PC 0x010F3548
[   4.426150] HW.Memory <Error> core\memory.cpp:Memory::MemorySystem::Write:528: unmapped Write8 0x00000000 @ 0x000008ED at PC 0x010F3548
[   4.426151] HW.Memory <Error> core\memory.cpp:Memory::MemorySystem::Write:528: unmapped Write8 0x00000000 @ 0x000008EE at PC 0x010F3548
[   4.426151] HW.Memory <Error> core\memory.cpp:Memory::MemorySystem::Write:528: unmapped Write8 0x00000000 @ 0x000008EF at PC 0x010F3548
[   4.426152] HW.Memory <Error> core\memory.cpp:Memory::MemorySystem::Write:528: unmapped Write8 0x00000000 @ 0x000008F0 at PC 0x010F3548
[   4.426152] HW.Memory <Error> core\memory.cpp:Memory::MemorySystem::Write:528: unmapped Write8 0x00000000 @ 0x000008F1 at PC 0x010F3548
[   4.426153] HW.Memory <Error> core\memory.cpp:Memory::MemorySystem::Write:528: unmapped Write8 0x00000000 @ 0x000008F2 at PC 0x010F3548
[   4.426153] HW.Memory <Error> core\memory.cpp:Memory::MemorySystem::Write:528: unmapped Write8 0x00000000 @ 0x000008F3 at PC 0x010F3548
[   4.426154] HW.Memory <Error> core\memory.cpp:Memory::MemorySystem::Write:528: unmapped Write8 0x00000000 @ 0x000008F4 at PC 0x010F3548
[   4.426155] HW.Memory <Error> core\memory.cpp:Memory::MemorySystem::Write:528: unmapped Write8 0x00000000 @ 0x000008F5 at PC 0x010F3548
[   4.426155] HW.Memory <Error> core\memory.cpp:Memory::MemorySystem::Write:528: unmapped Write8 0x00000000 @ 0x000008F6 at PC 0x010F3548
[   4.426156] HW.Memory <Error> core\memory.cpp:Memory::MemorySystem::Write:528: unmapped Write8 0x00000000 @ 0x000008F7 at PC 0x010F3548
[   4.426156] HW.Memory <Error> core\memory.cpp:Memory::MemorySystem::Write:528: unmapped Write8 0x00000000 @ 0x000008F8 at PC 0x010F3548
[   4.426157] HW.Memory <Error> core\memory.cpp:Memory::MemorySystem::Write:528: unmapped Write8 0x00000000 @ 0x000008F9 at PC 0x010F3548
[   4.426157] HW.Memory <Error> core\memory.cpp:Memory::MemorySystem::Write:528: unmapped Write8 0x00000000 @ 0x000008FA at PC 0x010F3548
[   4.426158] HW.Memory <Error> core\memory.cpp:Memory::MemorySystem::Write:528: unmapped Write8 0x00000000 @ 0x000008FB at PC 0x010F3548
[   4.426158] HW.Memory <Error> core\memory.cpp:Memory::MemorySystem::Write:528: unmapped Write8 0x00000000 @ 0x000008FC at PC 0x010F3548
[   4.426159] HW.Memory <Error> core\memory.cpp:Memory::MemorySystem::Write:528: unmapped Write8 0x00000000 @ 0x000008FD at PC 0x010F3548
[   4.426159] HW.Memory <Error> core\memory.cpp:Memory::MemorySystem::Write:528: unmapped Write8 0x00000000 @ 0x000008FE at PC 0x010F3548
[   4.426160] HW.Memory <Error> core\memory.cpp:Memory::MemorySystem::Write:528: unmapped Write8 0x00000000 @ 0x000008FF at PC 0x010F3548
[   4.426160] HW.Memory <Error> core\memory.cpp:Memory::MemorySystem::Write:528: unmapped Write8 0x00000000 @ 0x00000900 at PC 0x010F3548
[   4.426161] HW.Memory <Error> core\memory.cpp:Memory::MemorySystem::Write:528: unmapped Write8 0x00000000 @ 0x00000901 at PC 0x010F3548
[   4.426161] HW.Memory <Error> core\memory.cpp:Memory::MemorySystem::Write:528: unmapped Write8 0x00000000 @ 0x00000902 at PC 0x010F3548
[   4.426162] HW.Memory <Error> core\memory.cpp:Memory::MemorySystem::Write:528: unmapped Write8 0x00000000 @ 0x00000903 at PC 0x010F3548
[   4.426162] HW.Memory <Error> core\memory.cpp:Memory::MemorySystem::Write:528: unmapped Write8 0x00000000 @ 0x00000904 at PC 0x010F3548
[   4.426163] HW.Memory <Error> core\memory.cpp:Memory::MemorySystem::Write:528: unmapped Write8 0x00000000 @ 0x00000905 at PC 0x010F3548
[   4.426163] HW.Memory <Error> core\memory.cpp:Memory::MemorySystem::Write:528: unmapped Write8 0x00000000 @ 0x00000906 at PC 0x010F3548
[   4.426164] HW.Memory <Error> core\memory.cpp:Memory::MemorySystem::Write:528: unmapped Write8 0x00000000 @ 0x00000907 at PC 0x010F3548
[   4.426164] HW.Memory <Error> core\memory.cpp:Memory::MemorySystem::Write:528: unmapped Write8 0x00000000 @ 0x00000908 at PC 0x010F3548
[   4.426165] HW.Memory <Error> core\memory.cpp:Memory::MemorySystem::Write:528: unmapped Write8 0x00000000 @ 0x00000909 at PC 0x010F3548
[   4.426165] HW.Memory <Error> core\memory.cpp:Memory::MemorySystem::Write:528: unmapped Write8 0x00000000 @ 0x0000090A at PC 0x010F3548
[   4.426166] HW.Memory <Error> core\memory.cpp:Memory::MemorySystem::Write:528: unmapped Write8 0x00000000 @ 0x0000090B at PC 0x010F3548
[   4.426166] HW.Memory <Error> core\memory.cpp:Memory::MemorySystem::Write:528: unmapped Write8 0x00000000 @ 0x0000090C at PC 0x010F3548
[   4.426167] HW.Memory <Error> core\memory.cpp:Memory::MemorySystem::Write:528: unmapped Write8 0x00000000 @ 0x0000090D at PC 0x010F3548
[   4.426167] HW.Memory <Error> core\memory.cpp:Memory::MemorySystem::Write:528: unmapped Write8 0x00000000 @ 0x0000090E at PC 0x010F3548
[   4.426168] HW.Memory <Error> core\memory.cpp:Memory::MemorySystem::Write:528: unmapped Write8 0x00000000 @ 0x0000090F at PC 0x010F3548
[   4.426168] HW.Memory <Error> core\memory.cpp:Memory::MemorySystem::Write:528: unmapped Write8 0x00000000 @ 0x00000910 at PC 0x010F3548
[   4.426169] HW.Memory <Error> core\memory.cpp:Memory::MemorySystem::Write:528: unmapped Write8 0x00000000 @ 0x00000911 at PC 0x010F3548
[   4.426169] HW.Memory <Error> core\memory.cpp:Memory::MemorySystem::Write:528: unmapped Write8 0x00000000 @ 0x00000912 at PC 0x010F3548
[   4.426170] HW.Memory <Error> core\memory.cpp:Memory::MemorySystem::Write:528: unmapped Write8 0x00000000 @ 0x00000913 at PC 0x010F3548
[   4.426170] HW.Memory <Error> core\memory.cpp:Memory::MemorySystem::Write:528: unmapped Write8 0x00000000 @ 0x00000914 at PC 0x010F3548
[   4.426171] HW.Memory <Error> core\memory.cpp:Memory::MemorySystem::Write:528: unmapped Write8 0x00000000 @ 0x00000915 at PC 0x010F3548
[   4.426172] HW.Memory <Error> core\memory.cpp:Memory::MemorySystem::Write:528: unmapped Write8 0x00000000 @ 0x00000916 at PC 0x010F3548
[   4.426172] HW.Memory <Error> core\memory.cpp:Memory::MemorySystem::Write:528: unmapped Write8 0x00000000 @ 0x00000917 at PC 0x010F3548
[   4.426173] HW.Memory <Error> core\memory.cpp:Memory::MemorySystem::Write:528: unmapped Write8 0x00000000 @ 0x00000918 at PC 0x010F3548
[   4.426173] HW.Memory <Error> core\memory.cpp:Memory::MemorySystem::Write:528: unmapped Write8 0x00000000 @ 0x00000919 at PC 0x010F3548
[   4.426174] HW.Memory <Error> core\memory.cpp:Memory::MemorySystem::Write:528: unmapped Write8 0x00000000 @ 0x0000091A at PC 0x010F3548
[   4.426174] HW.Memory <Error> core\memory.cpp:Memory::MemorySystem::Write:528: unmapped Write8 0x00000000 @ 0x0000091B at PC 0x010F3548
[   4.426175] HW.Memory <Error> core\memory.cpp:Memory::MemorySystem::Write:528: unmapped Write8 0x00000000 @ 0x0000091C at PC 0x010F3548
[   4.426176] HW.Memory <Error> core\memory.cpp:Memory::MemorySystem::Write:528: unmapped Write8 0x00000000 @ 0x0000091D at PC 0x010F3548
[   4.426176] HW.Memory <Error> core\memory.cpp:Memory::MemorySystem::Write:528: unmapped Write8 0x00000000 @ 0x0000091E at PC 0x010F3548
[   4.426177] HW.Memory <Error> core\memory.cpp:Memory::MemorySystem::Write:528: unmapped Write8 0x00000000 @ 0x0000091F at PC 0x010F3548
[   4.426177] HW.Memory <Error> core\memory.cpp:Memory::MemorySystem::Write:528: unmapped Write8 0x00000000 @ 0x00000920 at PC 0x010F3548
[   4.426178] HW.Memory <Error> core\memory.cpp:Memory::MemorySystem::Write:528: unmapped Write8 0x00000000 @ 0x00000921 at PC 0x010F3548
[   4.426179] HW.Memory <Error> core\memory.cpp:Memory::MemorySystem::Write:528: unmapped Write8 0x00000000 @ 0x00000922 at PC 0x010F3548
[   4.426179] HW.Memory <Error> core\memory.cpp:Memory::MemorySystem::Write:528: unmapped Write8 0x00000000 @ 0x00000923 at PC 0x010F3548
[   4.426180] HW.Memory <Error> core\memory.cpp:Memory::MemorySystem::Write:528: unmapped Write8 0x00000000 @ 0x00000924 at PC 0x010F3548
[   4.426180] HW.Memory <Error> core\memory.cpp:Memory::MemorySystem::Write:528: unmapped Write8 0x00000000 @ 0x00000925 at PC 0x010F3548
[   4.426181] HW.Memory <Error> core\memory.cpp:Memory::MemorySystem::Write:528: unmapped Write8 0x00000000 @ 0x00000926 at PC 0x010F3548
[   4.426181] HW.Memory <Error> core\memory.cpp:Memory::MemorySystem::Write:528: unmapped Write8 0x00000000 @ 0x00000927 at PC 0x010F3548
[   4.426182] HW.Memory <Error> core\memory.cpp:Memory::MemorySystem::Write:528: unmapped Write8 0x00000000 @ 0x00000928 at PC 0x010F3548
[   4.426182] HW.Memory <Error> core\memory.cpp:Memory::MemorySystem::Write:528: unmapped Write8 0x00000000 @ 0x00000929 at PC 0x010F3548
[   4.426183] HW.Memory <Error> core\memory.cpp:Memory::MemorySystem::Write:528: unmapped Write8 0x00000000 @ 0x0000092A at PC 0x010F3548
[   4.426184] HW.Memory <Error> core\memory.cpp:Memory::MemorySystem::Write:528: unmapped Write8 0x00000000 @ 0x0000092B at PC 0x010F3548
[   4.426184] HW.Memory <Error> core\memory.cpp:Memory::MemorySystem::Write:528: unmapped Write8 0x00000000 @ 0x0000092C at PC 0x010F3548
[   4.426184] HW.Memory <Error> core\memory.cpp:Memory::MemorySystem::Write:528: unmapped Write8 0x00000000 @ 0x0000092D at PC 0x010F3548
[   4.426185] HW.Memory <Error> core\memory.cpp:Memory::MemorySystem::Write:528: unmapped Write8 0x00000000 @ 0x0000092E at PC 0x010F3548
[   4.426186] HW.Memory <Error> core\memory.cpp:Memory::MemorySystem::Write:528: unmapped Write8 0x00000000 @ 0x0000092F at PC 0x010F3548
[   4.426186] HW.Memory <Error> core\memory.cpp:Memory::MemorySystem::Write:528: unmapped Write8 0x00000000 @ 0x00000930 at PC 0x010F3548
[   4.426187] HW.Memory <Error> core\memory.cpp:Memory::MemorySystem::Write:528: unmapped Write8 0x00000000 @ 0x00000931 at PC 0x010F3548
[   4.426187] HW.Memory <Error> core\memory.cpp:Memory::MemorySystem::Write:528: unmapped Write8 0x00000000 @ 0x00000932 at PC 0x010F3548
[   4.426188] HW.Memory <Error> core\memory.cpp:Memory::MemorySystem::Write:528: unmapped Write8 0x00000000 @ 0x00000933 at PC 0x010F3548
[   4.426188] HW.Memory <Error> core\memory.cpp:Memory::MemorySystem::Write:528: unmapped Write8 0x00000000 @ 0x00000934 at PC 0x010F3548
[   4.426189] HW.Memory <Error> core\memory.cpp:Memory::MemorySystem::Write:528: unmapped Write8 0x00000000 @ 0x00000935 at PC 0x010F3548
[   4.426189] HW.Memory <Error> core\memory.cpp:Memory::MemorySystem::Write:528: unmapped Write8 0x00000000 @ 0x00000936 at PC 0x010F3548
[   4.426190] HW.Memory <Error> core\memory.cpp:Memory::MemorySystem::Write:528: unmapped Write8 0x00000000 @ 0x00000937 at PC 0x010F3548
[   4.426190] HW.Memory <Error> core\memory.cpp:Memory::MemorySystem::Write:528: unmapped Write8 0x00000000 @ 0x00000938 at PC 0x010F3548
[   4.426191] HW.Memory <Error> core\memory.cpp:Memory::MemorySystem::Write:528: unmapped Write8 0x00000000 @ 0x00000939 at PC 0x010F3548
[   4.426191] HW.Memory <Error> core\memory.cpp:Memory::MemorySystem::Write:528: unmapped Write8 0x00000000 @ 0x0000093A at PC 0x010F3548
[   4.426192] HW.Memory <Error> core\memory.cpp:Memory::MemorySystem::Write:528: unmapped Write8 0x00000000 @ 0x0000093B at PC 0x010F3548
[   4.426192] HW.Memory <Error> core\memory.cpp:Memory::MemorySystem::Write:528: unmapped Write8 0x00000000 @ 0x0000093C at PC 0x010F3548
[   4.426193] HW.Memory <Error> core\memory.cpp:Memory::MemorySystem::Write:528: unmapped Write8 0x00000000 @ 0x0000093D at PC 0x010F3548
[   4.426193] HW.Memory <Error> core\memory.cpp:Memory::MemorySystem::Write:528: unmapped Write8 0x00000000 @ 0x0000093E at PC 0x010F3548
[   4.426194] HW.Memory <Error> core\memory.cpp:Memory::MemorySystem::Write:528: unmapped Write8 0x00000000 @ 0x0000093F at PC 0x010F3548
[   4.426194] HW.Memory <Error> core\memory.cpp:Memory::MemorySystem::Write:528: unmapped Write8 0x00000000 @ 0x00000940 at PC 0x010F3548
[   4.426195] HW.Memory <Error> core\memory.cpp:Memory::MemorySystem::Write:528: unmapped Write8 0x00000000 @ 0x00000941 at PC 0x010F3548
[   4.426195] HW.Memory <Error> core\memory.cpp:Memory::MemorySystem::Write:528: unmapped Write8 0x00000000 @ 0x00000942 at PC 0x010F3548
[   4.426196] HW.Memory <Error> core\memory.cpp:Memory::MemorySystem::Write:528: unmapped Write8 0x00000000 @ 0x00000943 at PC 0x010F3548
[   4.426196] HW.Memory <Error> core\memory.cpp:Memory::MemorySystem::Write:528: unmapped Write8 0x00000000 @ 0x00000944 at PC 0x010F3548
[   4.426197] HW.Memory <Error> core\memory.cpp:Memory::MemorySystem::Write:528: unmapped Write8 0x00000000 @ 0x00000945 at PC 0x010F3548
[   4.426197] HW.Memory <Error> core\memory.cpp:Memory::MemorySystem::Write:528: unmapped Write8 0x00000000 @ 0x00000946 at PC 0x010F3548
[   4.426198] HW.Memory <Error> core\memory.cpp:Memory::MemorySystem::Write:528: unmapped Write8 0x00000000 @ 0x00000947 at PC 0x010F3548
[   4.426198] HW.Memory <Error> core\memory.cpp:Memory::MemorySystem::Write:528: unmapped Write8 0x00000000 @ 0x00000948 at PC 0x010F3548
[   4.426199] HW.Memory <Error> core\memory.cpp:Memory::MemorySystem::Write:528: unmapped Write8 0x00000000 @ 0x00000949 at PC 0x010F3548
[   4.426199] HW.Memory <Error> core\memory.cpp:Memory::MemorySystem::Write:528: unmapped Write8 0x00000000 @ 0x0000094A at PC 0x010F3548
[   4.426200] HW.Memory <Error> core\memory.cpp:Memory::MemorySystem::Write:528: unmapped Write8 0x00000000 @ 0x0000094B at PC 0x010F3548
[   4.426200] HW.Memory <Error> core\memory.cpp:Memory::MemorySystem::Write:528: unmapped Write8 0x00000000 @ 0x0000094C at PC 0x010F3548
[   4.426201] HW.Memory <Error> core\memory.cpp:Memory::MemorySystem::Write:528: unmapped Write8 0x00000000 @ 0x0000094D at PC 0x010F3548
[   4.426201] HW.Memory <Error> core\memory.cpp:Memory::MemorySystem::Write:528: unmapped Write8 0x00000000 @ 0x0000094E at PC 0x010F3548
[   4.426202] HW.Memory <Error> core\memory.cpp:Memory::MemorySystem::Write:528: unmapped Write8 0x00000000 @ 0x0000094F at PC 0x010F3548
[   4.426202] HW.Memory <Error> core\memory.cpp:Memory::MemorySystem::Write:528: unmapped Write8 0x00000000 @ 0x00000950 at PC 0x010F3548
[   4.426203] HW.Memory <Error> core\memory.cpp:Memory::MemorySystem::Write:528: unmapped Write8 0x00000000 @ 0x00000951 at PC 0x010F3548
[   4.426203] HW.Memory <Error> core\memory.cpp:Memory::MemorySystem::Write:528: unmapped Write8 0x00000000 @ 0x00000952 at PC 0x010F3548
[   4.426204] HW.Memory <Error> core\memory.cpp:Memory::MemorySystem::Write:528: unmapped Write8 0x00000000 @ 0x00000953 at PC 0x010F3548
[   4.426204] HW.Memory <Error> core\memory.cpp:Memory::MemorySystem::Write:528: unmapped Write8 0x00000000 @ 0x00000954 at PC 0x010F3548
[   4.426205] HW.Memory <Error> core\memory.cpp:Memory::MemorySystem::Write:528: unmapped Write8 0x00000000 @ 0x00000955 at PC 0x010F3548
[   4.426206] HW.Memory <Error> core\memory.cpp:Memory::MemorySystem::Write:528: unmapped Write8 0x00000000 @ 0x00000956 at PC 0x010F3548
[   4.426206] HW.Memory <Error> core\memory.cpp:Memory::MemorySystem::Write:528: unmapped Write8 0x00000000 @ 0x00000957 at PC 0x010F3548
[   4.426207] HW.Memory <Error> core\memory.cpp:Memory::MemorySystem::Write:528: unmapped Write8 0x00000000 @ 0x00000958 at PC 0x010F3548
[   4.426208] HW.Memory <Error> core\memory.cpp:Memory::MemorySystem::Write:528: unmapped Write8 0x00000000 @ 0x00000959 at PC 0x010F3548
[   4.426208] HW.Memory <Error> core\memory.cpp:Memory::MemorySystem::Write:528: unmapped Write8 0x00000000 @ 0x0000095A at PC 0x010F3548
[   4.426209] HW.Memory <Error> core\memory.cpp:Memory::MemorySystem::Write:528: unmapped Write8 0x00000000 @ 0x0000095B at PC 0x010F3548
[   4.426209] HW.Memory <Error> core\memory.cpp:Memory::MemorySystem::Write:528: unmapped Write8 0x00000000 @ 0x0000095C at PC 0x010F3548
[   4.426210] HW.Memory <Error> core\memory.cpp:Memory::MemorySystem::Write:528: unmapped Write8 0x00000000 @ 0x0000095D at PC 0x010F3548
[   4.426210] HW.Memory <Error> core\memory.cpp:Memory::MemorySystem::Write:528: unmapped Write8 0x00000000 @ 0x0000095E at PC 0x010F3548
[   4.426211] HW.Memory <Error> core\memory.cpp:Memory::MemorySystem::Write:528: unmapped Write8 0x00000000 @ 0x0000095F at PC 0x010F3548
[   4.426212] HW.Memory <Error> core\memory.cpp:Memory::MemorySystem::Write:528: unmapped Write8 0x00000000 @ 0x00000960 at PC 0x010F3548
[   4.426212] HW.Memory <Error> core\memory.cpp:Memory::MemorySystem::Write:528: unmapped Write8 0x00000000 @ 0x00000961 at PC 0x010F3548
[   4.426213] HW.Memory <Error> core\memory.cpp:Memory::MemorySystem::Write:528: unmapped Write8 0x00000000 @ 0x00000962 at PC 0x010F3548
[   4.426214] HW.Memory <Error> core\memory.cpp:Memory::MemorySystem::Write:528: unmapped Write8 0x00000000 @ 0x00000963 at PC 0x010F3548
[   4.426214] HW.Memory <Error> core\memory.cpp:Memory::MemorySystem::Write:528: unmapped Write8 0x00000000 @ 0x00000964 at PC 0x010F3548
[   4.426215] HW.Memory <Error> core\memory.cpp:Memory::MemorySystem::Write:528: unmapped Write8 0x00000000 @ 0x00000965 at PC 0x010F3548
[   4.426215] HW.Memory <Error> core\memory.cpp:Memory::MemorySystem::Write:528: unmapped Write8 0x00000000 @ 0x00000966 at PC 0x010F3548
[   4.426216] HW.Memory <Error> core\memory.cpp:Memory::MemorySystem::Write:528: unmapped Write8 0x00000000 @ 0x00000967 at PC 0x010F3548
[   4.426216] HW.Memory <Error> core\memory.cpp:Memory::MemorySystem::Write:528: unmapped Write8 0x00000000 @ 0x00000968 at PC 0x010F3548
[   4.426217] HW.Memory <Error> core\memory.cpp:Memory::MemorySystem::Write:528: unmapped Write8 0x00000000 @ 0x00000969 at PC 0x010F3548
[   4.426217] HW.Memory <Error> core\memory.cpp:Memory::MemorySystem::Write:528: unmapped Write8 0x00000000 @ 0x0000096A at PC 0x010F3548
[   4.426218] HW.Memory <Error> core\memory.cpp:Memory::MemorySystem::Write:528: unmapped Write8 0x00000000 @ 0x0000096B at PC 0x010F3548
[   4.426218] HW.Memory <Error> core\memory.cpp:Memory::MemorySystem::Write:528: unmapped Write8 0x00000000 @ 0x0000096C at PC 0x010F3548
[   4.426219] HW.Memory <Error> core\memory.cpp:Memory::MemorySystem::Write:528: unmapped Write8 0x00000000 @ 0x0000096D at PC 0x010F3548
[   4.426220] HW.Memory <Error> core\memory.cpp:Memory::MemorySystem::Write:528: unmapped Write8 0x00000000 @ 0x0000096E at PC 0x010F3548
[   4.426220] HW.Memory <Error> core\memory.cpp:Memory::MemorySystem::Write:528: unmapped Write8 0x00000000 @ 0x0000096F at PC 0x010F3548
[   4.426221] HW.Memory <Error> core\memory.cpp:Memory::MemorySystem::Write:528: unmapped Write8 0x00000000 @ 0x00000970 at PC 0x010F3548
[   4.426221] HW.Memory <Error> core\memory.cpp:Memory::MemorySystem::Write:528: unmapped Write8 0x00000000 @ 0x00000971 at PC 0x010F3548
[   4.426222] HW.Memory <Error> core\memory.cpp:Memory::MemorySystem::Write:528: unmapped Write8 0x00000000 @ 0x00000972 at PC 0x010F3548
[   4.426223] HW.Memory <Error> core\memory.cpp:Memory::MemorySystem::Write:528: unmapped Write8 0x00000000 @ 0x00000973 at PC 0x010F3548
[   4.426223] HW.Memory <Error> core\memory.cpp:Memory::MemorySystem::Write:528: unmapped Write8 0x00000000 @ 0x00000974 at PC 0x010F3548
[   4.426224] HW.Memory <Error> core\memory.cpp:Memory::MemorySystem::Write:528: unmapped Write8 0x00000000 @ 0x00000975 at PC 0x010F3548
[   4.426224] HW.Memory <Error> core\memory.cpp:Memory::MemorySystem::Write:528: unmapped Write8 0x00000000 @ 0x00000976 at PC 0x010F3548
[   4.426225] HW.Memory <Error> core\memory.cpp:Memory::MemorySystem::Write:528: unmapped Write8 0x00000000 @ 0x00000977 at PC 0x010F3548
[   4.426225] HW.Memory <Error> core\memory.cpp:Memory::MemorySystem::Write:528: unmapped Write8 0x00000000 @ 0x00000978 at PC 0x010F3548
[   4.426226] HW.Memory <Error> core\memory.cpp:Memory::MemorySystem::Write:528: unmapped Write8 0x00000000 @ 0x00000979 at PC 0x010F3548
[   4.426226] HW.Memory <Error> core\memory.cpp:Memory::MemorySystem::Write:528: unmapped Write8 0x00000000 @ 0x0000097A at PC 0x010F3548
[   4.426227] HW.Memory <Error> core\memory.cpp:Memory::MemorySystem::Write:528: unmapped Write8 0x00000000 @ 0x0000097B at PC 0x010F3548
[   4.426227] HW.Memory <Error> core\memory.cpp:Memory::MemorySystem::Write:528: unmapped Write8 0x00000000 @ 0x0000097C at PC 0x010F3548
[   4.426228] HW.Memory <Error> core\memory.cpp:Memory::MemorySystem::Write:528: unmapped Write8 0x00000000 @ 0x0000097D at PC 0x010F3548
[   4.426228] HW.Memory <Error> core\memory.cpp:Memory::MemorySystem::Write:528: unmapped Write8 0x00000000 @ 0x0000097E at PC 0x010F3548
[   4.426229] HW.Memory <Error> core\memory.cpp:Memory::MemorySystem::Write:528: unmapped Write8 0x00000000 @ 0x0000097F at PC 0x010F3548
[   4.426229] HW.Memory <Error> core\memory.cpp:Memory::MemorySystem::Write:528: unmapped Write8 0x00000000 @ 0x00000980 at PC 0x010F3548
[   4.426230] HW.Memory <Error> core\memory.cpp:Memory::MemorySystem::Write:528: unmapped Write8 0x00000000 @ 0x00000981 at PC 0x010F3548
[   4.426230] HW.Memory <Error> core\memory.cpp:Memory::MemorySystem::Write:528: unmapped Write8 0x00000000 @ 0x00000982 at PC 0x010F3548
[   4.426231] HW.Memory <Error> core\memory.cpp:Memory::MemorySystem::Write:528: unmapped Write8 0x00000000 @ 0x00000983 at PC 0x010F3548
[   4.426232] HW.Memory <Error> core\memory.cpp:Memory::MemorySystem::Write:528: unmapped Write8 0x00000000 @ 0x00000984 at PC 0x010F3548
[   4.426232] HW.Memory <Error> core\memory.cpp:Memory::MemorySystem::Write:528: unmapped Write8 0x00000000 @ 0x00000985 at PC 0x010F3548
[   4.426233] HW.Memory <Error> core\memory.cpp:Memory::MemorySystem::Write:528: unmapped Write8 0x00000000 @ 0x00000986 at PC 0x010F3548
[   4.426233] HW.Memory <Error> core\memory.cpp:Memory::MemorySystem::Write:528: unmapped Write8 0x00000000 @ 0x00000987 at PC 0x010F3548
[   4.426234] HW.Memory <Error> core\memory.cpp:Memory::MemorySystem::Write:528: unmapped Write8 0x00000000 @ 0x00000988 at PC 0x010F3548
[   4.426234] HW.Memory <Error> core\memory.cpp:Memory::MemorySystem::Write:528: unmapped Write8 0x00000000 @ 0x00000989 at PC 0x010F3548
[   4.426235] HW.Memory <Error> core\memory.cpp:Memory::MemorySystem::Write:528: unmapped Write8 0x00000000 @ 0x0000098A at PC 0x010F3548
[   4.426235] HW.Memory <Error> core\memory.cpp:Memory::MemorySystem::Write:528: unmapped Write8 0x00000000 @ 0x0000098B at PC 0x010F3548
[   4.426236] HW.Memory <Error> core\memory.cpp:Memory::MemorySystem::Write:528: unmapped Write8 0x00000000 @ 0x0000098C at PC 0x010F3548
[   4.426236] HW.Memory <Error> core\memory.cpp:Memory::MemorySystem::Write:528: unmapped Write8 0x00000000 @ 0x0000098D at PC 0x010F3548
[   4.426237] HW.Memory <Error> core\memory.cpp:Memory::MemorySystem::Write:528: unmapped Write8 0x00000000 @ 0x0000098E at PC 0x010F3548
[   4.426237] HW.Memory <Error> core\memory.cpp:Memory::MemorySystem::Write:528: unmapped Write8 0x00000000 @ 0x0000098F at PC 0x010F3548
[   4.426238] HW.Memory <Error> core\memory.cpp:Memory::MemorySystem::Write:528: unmapped Write8 0x00000000 @ 0x00000990 at PC 0x010F3548
[   4.426239] HW.Memory <Error> core\memory.cpp:Memory::MemorySystem::Write:528: unmapped Write8 0x00000000 @ 0x00000991 at PC 0x010F3548
[   4.426239] HW.Memory <Error> core\memory.cpp:Memory::MemorySystem::Write:528: unmapped Write8 0x00000000 @ 0x00000992 at PC 0x010F3548
[   4.426240] HW.Memory <Error> core\memory.cpp:Memory::MemorySystem::Write:528: unmapped Write8 0x00000000 @ 0x00000993 at PC 0x010F3548
[   4.426240] HW.Memory <Error> core\memory.cpp:Memory::MemorySystem::Write:528: unmapped Write8 0x00000000 @ 0x00000994 at PC 0x010F3548
[   4.426241] HW.Memory <Error> core\memory.cpp:Memory::MemorySystem::Write:528: unmapped Write8 0x00000000 @ 0x00000995 at PC 0x010F3548
[   4.426242] HW.Memory <Error> core\memory.cpp:Memory::MemorySystem::Write:528: unmapped Write8 0x00000000 @ 0x00000996 at PC 0x010F3548
[   4.426242] HW.Memory <Error> core\memory.cpp:Memory::MemorySystem::Write:528: unmapped Write8 0x00000000 @ 0x00000997 at PC 0x010F3548
[   4.426243] HW.Memory <Error> core\memory.cpp:Memory::MemorySystem::Write:528: unmapped Write8 0x00000000 @ 0x00000998 at PC 0x010F3548
[   4.426243] HW.Memory <Error> core\memory.cpp:Memory::MemorySystem::Write:528: unmapped Write8 0x00000000 @ 0x00000999 at PC 0x010F3548
[   4.426244] HW.Memory <Error> core\memory.cpp:Memory::MemorySystem::Write:528: unmapped Write8 0x00000000 @ 0x0000099A at PC 0x010F3548
[   4.426245] HW.Memory <Error> core\memory.cpp:Memory::MemorySystem::Write:528: unmapped Write8 0x00000000 @ 0x0000099B at PC 0x010F3548
[   4.426245] HW.Memory <Error> core\memory.cpp:Memory::MemorySystem::Write:528: unmapped Write8 0x00000000 @ 0x0000099C at PC 0x010F3548
[   4.426246] HW.Memory <Error> core\memory.cpp:Memory::MemorySystem::Write:528: unmapped Write8 0x00000000 @ 0x0000099D at PC 0x010F3548
[   4.426246] HW.Memory <Error> core\memory.cpp:Memory::MemorySystem::Write:528: unmapped Write8 0x00000000 @ 0x0000099E at PC 0x010F3548
[   4.426247] HW.Memory <Error> core\memory.cpp:Memory::MemorySystem::Write:528: unmapped Write8 0x00000000 @ 0x0000099F at PC 0x010F3548
[   4.426248] HW.Memory <Error> core\memory.cpp:Memory::MemorySystem::Write:528: unmapped Write8 0x00000000 @ 0x000009A0 at PC 0x010F3548
[   4.426248] HW.Memory <Error> core\memory.cpp:Memory::MemorySystem::Write:528: unmapped Write8 0x00000000 @ 0x000009A1 at PC 0x010F3548
[   4.426249] HW.Memory <Error> core\memory.cpp:Memory::MemorySystem::Write:528: unmapped Write8 0x00000000 @ 0x000009A2 at PC 0x010F3548
[   4.426249] HW.Memory <Error> core\memory.cpp:Memory::MemorySystem::Write:528: unmapped Write8 0x00000000 @ 0x000009A3 at PC 0x010F3548
[   4.426250] HW.Memory <Error> core\memory.cpp:Memory::MemorySystem::Write:528: unmapped Write8 0x00000000 @ 0x000009A4 at PC 0x010F3548
[   4.426250] HW.Memory <Error> core\memory.cpp:Memory::MemorySystem::Write:528: unmapped Write8 0x00000000 @ 0x000009A5 at PC 0x010F3548
[   4.426251] HW.Memory <Error> core\memory.cpp:Memory::MemorySystem::Write:528: unmapped Write8 0x00000000 @ 0x000009A6 at PC 0x010F3548
[   4.426252] HW.Memory <Error> core\memory.cpp:Memory::MemorySystem::Write:528: unmapped Write8 0x00000000 @ 0x000009A7 at PC 0x010F3548
[   4.426252] HW.Memory <Error> core\memory.cpp:Memory::MemorySystem::Write:528: unmapped Write8 0x00000000 @ 0x000009A8 at PC 0x010F3548
[   4.426253] HW.Memory <Error> core\memory.cpp:Memory::MemorySystem::Write:528: unmapped Write8 0x00000000 @ 0x000009A9 at PC 0x010F3548
[   4.426253] HW.Memory <Error> core\memory.cpp:Memory::MemorySystem::Write:528: unmapped Write8 0x00000000 @ 0x000009AA at PC 0x010F3548
[   4.426254] HW.Memory <Error> core\memory.cpp:Memory::MemorySystem::Write:528: unmapped Write8 0x00000000 @ 0x000009AB at PC 0x010F3548
[   4.426254] HW.Memory <Error> core\memory.cpp:Memory::MemorySystem::Write:528: unmapped Write8 0x00000000 @ 0x000009AC at PC 0x010F3548
[   4.426255] HW.Memory <Error> core\memory.cpp:Memory::MemorySystem::Write:528: unmapped Write8 0x00000000 @ 0x000009AD at PC 0x010F3548
[   4.426255] HW.Memory <Error> core\memory.cpp:Memory::MemorySystem::Write:528: unmapped Write8 0x00000000 @ 0x000009AE at PC 0x010F3548
[   4.426256] HW.Memory <Error> core\memory.cpp:Memory::MemorySystem::Write:528: unmapped Write8 0x00000000 @ 0x000009AF at PC 0x010F3548
[   4.426256] HW.Memory <Error> core\memory.cpp:Memory::MemorySystem::Write:528: unmapped Write8 0x00000000 @ 0x000009B0 at PC 0x010F3548
[   4.426257] HW.Memory <Error> core\memory.cpp:Memory::MemorySystem::Write:528: unmapped Write8 0x00000000 @ 0x000009B1 at PC 0x010F3548
[   4.426257] HW.Memory <Error> core\memory.cpp:Memory::MemorySystem::Write:528: unmapped Write8 0x00000000 @ 0x000009B2 at PC 0x010F3548
[   4.426258] HW.Memory <Error> core\memory.cpp:Memory::MemorySystem::Write:528: unmapped Write8 0x00000000 @ 0x000009B3 at PC 0x010F3548
[   4.426258] HW.Memory <Error> core\memory.cpp:Memory::MemorySystem::Write:528: unmapped Write8 0x00000000 @ 0x000009B4 at PC 0x010F3548
[   4.426259] HW.Memory <Error> core\memory.cpp:Memory::MemorySystem::Write:528: unmapped Write8 0x00000000 @ 0x000009B5 at PC 0x010F3548
[   4.426260] HW.Memory <Error> core\memory.cpp:Memory::MemorySystem::Write:528: unmapped Write8 0x00000000 @ 0x000009B6 at PC 0x010F3548
[   4.426260] HW.Memory <Error> core\memory.cpp:Memory::MemorySystem::Write:528: unmapped Write8 0x00000000 @ 0x000009B7 at PC 0x010F3548
[   4.426261] HW.Memory <Error> core\memory.cpp:Memory::MemorySystem::Write:528: unmapped Write8 0x00000000 @ 0x000009B8 at PC 0x010F3548
[   4.426261] HW.Memory <Error> core\memory.cpp:Memory::MemorySystem::Write:528: unmapped Write8 0x00000000 @ 0x000009B9 at PC 0x010F3548
[   4.426262] HW.Memory <Error> core\memory.cpp:Memory::MemorySystem::Write:528: unmapped Write8 0x00000000 @ 0x000009BA at PC 0x010F3548
[   4.426262] HW.Memory <Error> core\memory.cpp:Memory::MemorySystem::Write:528: unmapped Write8 0x00000000 @ 0x000009BB at PC 0x010F3548
[   4.426263] HW.Memory <Error> core\memory.cpp:Memory::MemorySystem::Write:528: unmapped Write8 0x00000000 @ 0x000009BC at PC 0x010F3548
[   4.426263] HW.Memory <Error> core\memory.cpp:Memory::MemorySystem::Write:528: unmapped Write8 0x00000000 @ 0x000009BD at PC 0x010F3548
[   4.426264] HW.Memory <Error> core\memory.cpp:Memory::MemorySystem::Write:528: unmapped Write8 0x00000000 @ 0x000009BE at PC 0x010F3548
[   4.426264] HW.Memory <Error> core\memory.cpp:Memory::MemorySystem::Write:528: unmapped Write8 0x00000000 @ 0x000009BF at PC 0x010F3548
[   4.426265] HW.Memory <Error> core\memory.cpp:Memory::MemorySystem::Write:528: unmapped Write8 0x00000000 @ 0x000009C0 at PC 0x010F3548
[   4.426265] HW.Memory <Error> core\memory.cpp:Memory::MemorySystem::Write:528: unmapped Write8 0x00000000 @ 0x000009C1 at PC 0x010F3548
[   4.426266] HW.Memory <Error> core\memory.cpp:Memory::MemorySystem::Write:528: unmapped Write8 0x00000000 @ 0x000009C2 at PC 0x010F3548
[   4.426266] HW.Memory <Error> core\memory.cpp:Memory::MemorySystem::Write:528: unmapped Write8 0x00000000 @ 0x000009C3 at PC 0x010F3548
[   4.426267] HW.Memory <Error> core\memory.cpp:Memory::MemorySystem::Write:528: unmapped Write8 0x00000000 @ 0x000009C4 at PC 0x010F3548
[   4.426268] HW.Memory <Error> core\memory.cpp:Memory::MemorySystem::Write:528: unmapped Write8 0x00000000 @ 0x000009C5 at PC 0x010F3548
[   4.426268] HW.Memory <Error> core\memory.cpp:Memory::MemorySystem::Write:528: unmapped Write8 0x00000000 @ 0x000009C6 at PC 0x010F3548
[   4.426269] HW.Memory <Error> core\memory.cpp:Memory::MemorySystem::Write:528: unmapped Write8 0x00000000 @ 0x000009C7 at PC 0x010F3548
[   4.426269] HW.Memory <Error> core\memory.cpp:Memory::MemorySystem::Write:528: unmapped Write8 0x00000000 @ 0x000009C8 at PC 0x010F3548
[   4.426270] HW.Memory <Error> core\memory.cpp:Memory::MemorySystem::Write:528: unmapped Write8 0x00000000 @ 0x000009C9 at PC 0x010F3548
[   4.426270] HW.Memory <Error> core\memory.cpp:Memory::MemorySystem::Write:528: unmapped Write8 0x00000000 @ 0x000009CA at PC 0x010F3548
[   4.426271] HW.Memory <Error> core\memory.cpp:Memory::MemorySystem::Write:528: unmapped Write8 0x00000000 @ 0x000009CB at PC 0x010F3548
[   4.426271] HW.Memory <Error> core\memory.cpp:Memory::MemorySystem::Write:528: unmapped Write8 0x00000000 @ 0x000009CC at PC 0x010F3548
[   4.426272] HW.Memory <Error> core\memory.cpp:Memory::MemorySystem::Write:528: unmapped Write8 0x00000000 @ 0x000009CD at PC 0x010F3548
[   4.426273] HW.Memory <Error> core\memory.cpp:Memory::MemorySystem::Write:528: unmapped Write8 0x00000000 @ 0x000009CE at PC 0x010F3548
[   4.426273] HW.Memory <Error> core\memory.cpp:Memory::MemorySystem::Write:528: unmapped Write8 0x00000000 @ 0x000009CF at PC 0x010F3548
[   4.426274] HW.Memory <Error> core\memory.cpp:Memory::MemorySystem::Write:528: unmapped Write8 0x00000000 @ 0x000009D0 at PC 0x010F3548
[   4.426274] HW.Memory <Error> core\memory.cpp:Memory::MemorySystem::Write:528: unmapped Write8 0x00000000 @ 0x000009D1 at PC 0x010F3548
[   4.426275] HW.Memory <Error> core\memory.cpp:Memory::MemorySystem::Write:528: unmapped Write8 0x00000000 @ 0x000009D2 at PC 0x010F3548
[   4.426275] HW.Memory <Error> core\memory.cpp:Memory::MemorySystem::Write:528: unmapped Write8 0x00000000 @ 0x000009D3 at PC 0x010F3548
[   4.426276] HW.Memory <Error> core\memory.cpp:Memory::MemorySystem::Write:528: unmapped Write8 0x00000000 @ 0x000009D4 at PC 0x010F3548
[   4.426276] HW.Memory <Error> core\memory.cpp:Memory::MemorySystem::Write:528: unmapped Write8 0x00000000 @ 0x000009D5 at PC 0x010F3548
[   4.426277] HW.Memory <Error> core\memory.cpp:Memory::MemorySystem::Write:528: unmapped Write8 0x00000000 @ 0x000009D6 at PC 0x010F3548
[   4.426277] HW.Memory <Error> core\memory.cpp:Memory::MemorySystem::Write:528: unmapped Write8 0x00000000 @ 0x000009D7 at PC 0x010F3548
[   4.426278] HW.Memory <Error> core\memory.cpp:Memory::MemorySystem::Write:528: unmapped Write8 0x00000000 @ 0x000009D8 at PC 0x010F3548
[   4.426279] HW.Memory <Error> core\memory.cpp:Memory::MemorySystem::Write:528: unmapped Write8 0x00000000 @ 0x000009D9 at PC 0x010F3548
[   4.426279] HW.Memory <Error> core\memory.cpp:Memory::MemorySystem::Write:528: unmapped Write8 0x00000000 @ 0x000009DA at PC 0x010F3548
[   4.426280] HW.Memory <Error> core\memory.cpp:Memory::MemorySystem::Write:528: unmapped Write8 0x00000000 @ 0x000009DB at PC 0x010F3548
[   4.426280] HW.Memory <Error> core\memory.cpp:Memory::MemorySystem::Write:528: unmapped Write8 0x00000000 @ 0x000009DC at PC 0x010F3548
[   4.426280] HW.Memory <Error> core\memory.cpp:Memory::MemorySystem::Write:528: unmapped Write8 0x00000000 @ 0x000009DD at PC 0x010F3548
[   4.426281] HW.Memory <Error> core\memory.cpp:Memory::MemorySystem::Write:528: unmapped Write8 0x00000000 @ 0x000009DE at PC 0x010F3548
[   4.426282] HW.Memory <Error> core\memory.cpp:Memory::MemorySystem::Write:528: unmapped Write8 0x00000000 @ 0x000009DF at PC 0x010F3548
[   4.426282] HW.Memory <Error> core\memory.cpp:Memory::MemorySystem::Write:528: unmapped Write8 0x00000000 @ 0x000009E0 at PC 0x010F3548
[   4.426282] HW.Memory <Error> core\memory.cpp:Memory::MemorySystem::Write:528: unmapped Write8 0x00000000 @ 0x000009E1 at PC 0x010F3548
[   4.426283] HW.Memory <Error> core\memory.cpp:Memory::MemorySystem::Write:528: unmapped Write8 0x00000000 @ 0x000009E2 at PC 0x010F3548
[   4.426284] HW.Memory <Error> core\memory.cpp:Memory::MemorySystem::Write:528: unmapped Write8 0x00000000 @ 0x000009E3 at PC 0x010F3548
[   4.426284] HW.Memory <Error> core\memory.cpp:Memory::MemorySystem::Write:528: unmapped Write8 0x00000000 @ 0x000009E4 at PC 0x010F3548
[   4.426285] HW.Memory <Error> core\memory.cpp:Memory::MemorySystem::Write:528: unmapped Write8 0x00000000 @ 0x000009E5 at PC 0x010F3548
[   4.426285] HW.Memory <Error> core\memory.cpp:Memory::MemorySystem::Write:528: unmapped Write8 0x00000000 @ 0x000009E6 at PC 0x010F3548
[   4.426286] HW.Memory <Error> core\memory.cpp:Memory::MemorySystem::Write:528: unmapped Write8 0x00000000 @ 0x000009E7 at PC 0x010F3548
[   4.426286] HW.Memory <Error> core\memory.cpp:Memory::MemorySystem::Write:528: unmapped Write8 0x00000000 @ 0x000009E8 at PC 0x010F3548
[   4.426286] HW.Memory <Error> core\memory.cpp:Memory::MemorySystem::Write:528: unmapped Write8 0x00000000 @ 0x000009E9 at PC 0x010F3548
[   4.426287] HW.Memory <Error> core\memory.cpp:Memory::MemorySystem::Write:528: unmapped Write8 0x00000000 @ 0x000009EA at PC 0x010F3548
[   4.426287] HW.Memory <Error> core\memory.cpp:Memory::MemorySystem::Write:528: unmapped Write8 0x00000000 @ 0x000009EB at PC 0x010F3548
[   4.426288] HW.Memory <Error> core\memory.cpp:Memory::MemorySystem::Write:528: unmapped Write8 0x00000000 @ 0x000009EC at PC 0x010F3548
[   4.426288] HW.Memory <Error> core\memory.cpp:Memory::MemorySystem::Write:528: unmapped Write8 0x00000000 @ 0x000009ED at PC 0x010F3548
[   4.426289] HW.Memory <Error> core\memory.cpp:Memory::MemorySystem::Write:528: unmapped Write8 0x00000000 @ 0x000009EE at PC 0x010F3548
[   4.426289] HW.Memory <Error> core\memory.cpp:Memory::MemorySystem::Write:528: unmapped Write8 0x00000000 @ 0x000009EF at PC 0x010F3548
[   4.426290] HW.Memory <Error> core\memory.cpp:Memory::MemorySystem::Write:528: unmapped Write8 0x00000000 @ 0x000009F0 at PC 0x010F3548
[   4.426291] HW.Memory <Error> core\memory.cpp:Memory::MemorySystem::Write:528: unmapped Write8 0x00000000 @ 0x000009F1 at PC 0x010F3548
[   4.426291] HW.Memory <Error> core\memory.cpp:Memory::MemorySystem::Write:528: unmapped Write8 0x00000000 @ 0x000009F2 at PC 0x010F3548
[   4.426291] HW.Memory <Error> core\memory.cpp:Memory::MemorySystem::Write:528: unmapped Write8 0x00000000 @ 0x000009F3 at PC 0x010F3548
[   4.426292] HW.Memory <Error> core\memory.cpp:Memory::MemorySystem::Write:528: unmapped Write8 0x00000000 @ 0x000009F4 at PC 0x010F3548
[   4.426292] HW.Memory <Error> core\memory.cpp:Memory::MemorySystem::Write:528: unmapped Write8 0x00000000 @ 0x000009F5 at PC 0x010F3548
[   4.426293] HW.Memory <Error> core\memory.cpp:Memory::MemorySystem::Write:528: unmapped Write8 0x00000000 @ 0x000009F6 at PC 0x010F3548
[   4.426293] HW.Memory <Error> core\memory.cpp:Memory::MemorySystem::Write:528: unmapped Write8 0x00000000 @ 0x000009F7 at PC 0x010F3548
[   4.426294] HW.Memory <Error> core\memory.cpp:Memory::MemorySystem::Write:528: unmapped Write8 0x00000000 @ 0x000009F8 at PC 0x010F3548
[   4.426294] HW.Memory <Error> core\memory.cpp:Memory::MemorySystem::Write:528: unmapped Write8 0x00000000 @ 0x000009F9 at PC 0x010F3548
[   4.426295] HW.Memory <Error> core\memory.cpp:Memory::MemorySystem::Write:528: unmapped Write8 0x00000000 @ 0x000009FA at PC 0x010F3548
[   4.426295] HW.Memory <Error> core\memory.cpp:Memory::MemorySystem::Write:528: unmapped Write8 0x00000000 @ 0x000009FB at PC 0x010F3548
[   4.426296] HW.Memory <Error> core\memory.cpp:Memory::MemorySystem::Write:528: unmapped Write8 0x00000000 @ 0x000009FC at PC 0x010F3548
[   4.426296] HW.Memory <Error> core\memory.cpp:Memory::MemorySystem::Write:528: unmapped Write8 0x00000000 @ 0x000009FD at PC 0x010F3548
[   4.426297] HW.Memory <Error> core\memory.cpp:Memory::MemorySystem::Write:528: unmapped Write8 0x00000000 @ 0x000009FE at PC 0x010F3548
[   4.426298] HW.Memory <Error> core\memory.cpp:Memory::MemorySystem::Write:528: unmapped Write8 0x00000000 @ 0x000009FF at PC 0x010F3548
[   4.426298] HW.Memory <Error> core\memory.cpp:Memory::MemorySystem::Write:528: unmapped Write8 0x00000000 @ 0x00000A00 at PC 0x010F3548
[   4.426299] HW.Memory <Error> core\memory.cpp:Memory::MemorySystem::Write:528: unmapped Write8 0x00000000 @ 0x00000A01 at PC 0x010F3548
[   4.426299] HW.Memory <Error> core\memory.cpp:Memory::MemorySystem::Write:528: unmapped Write8 0x00000000 @ 0x00000A02 at PC 0x010F3548
[   4.426300] HW.Memory <Error> core\memory.cpp:Memory::MemorySystem::Write:528: unmapped Write8 0x00000000 @ 0x00000A03 at PC 0x010F3548
[   4.426300] HW.Memory <Error> core\memory.cpp:Memory::MemorySystem::Write:528: unmapped Write8 0x00000000 @ 0x00000A04 at PC 0x010F3548
[   4.426301] HW.Memory <Error> core\memory.cpp:Memory::MemorySystem::Write:528: unmapped Write8 0x00000000 @ 0x00000A05 at PC 0x010F3548
[   4.426301] HW.Memory <Error> core\memory.cpp:Memory::MemorySystem::Write:528: unmapped Write8 0x00000000 @ 0x00000A06 at PC 0x010F3548
[   4.426301] HW.Memory <Error> core\memory.cpp:Memory::MemorySystem::Write:528: unmapped Write8 0x00000000 @ 0x00000A07 at PC 0x010F3548
[   4.426302] HW.Memory <Error> core\memory.cpp:Memory::MemorySystem::Write:528: unmapped Write8 0x00000000 @ 0x00000A08 at PC 0x010F3548
[   4.426302] HW.Memory <Error> core\memory.cpp:Memory::MemorySystem::Write:528: unmapped Write8 0x00000000 @ 0x00000A09 at PC 0x010F3548
[   4.426303] HW.Memory <Error> core\memory.cpp:Memory::MemorySystem::Write:528: unmapped Write8 0x00000000 @ 0x00000A0A at PC 0x010F3548
[   4.426303] HW.Memory <Error> core\memory.cpp:Memory::MemorySystem::Write:528: unmapped Write8 0x00000000 @ 0x00000A0B at PC 0x010F3548
[   4.426304] HW.Memory <Error> core\memory.cpp:Memory::MemorySystem::Write:528: unmapped Write8 0x00000000 @ 0x00000A0C at PC 0x010F3548
[   4.426304] HW.Memory <Error> core\memory.cpp:Memory::MemorySystem::Write:528: unmapped Write8 0x00000000 @ 0x00000A0D at PC 0x010F3548
[   4.426305] HW.Memory <Error> core\memory.cpp:Memory::MemorySystem::Write:528: unmapped Write8 0x00000000 @ 0x00000A0E at PC 0x010F3548
[   4.426305] HW.Memory <Error> core\memory.cpp:Memory::MemorySystem::Write:528: unmapped Write8 0x00000000 @ 0x00000A0F at PC 0x010F3548
[   4.426306] HW.Memory <Error> core\memory.cpp:Memory::MemorySystem::Write:528: unmapped Write8 0x00000000 @ 0x00000A10 at PC 0x010F3548
[   4.426306] HW.Memory <Error> core\memory.cpp:Memory::MemorySystem::Write:528: unmapped Write8 0x00000000 @ 0x00000A11 at PC 0x010F3548
[   4.426307] HW.Memory <Error> core\memory.cpp:Memory::MemorySystem::Write:528: unmapped Write8 0x00000000 @ 0x00000A12 at PC 0x010F3548
[   4.426307] HW.Memory <Error> core\memory.cpp:Memory::MemorySystem::Write:528: unmapped Write8 0x00000000 @ 0x00000A13 at PC 0x010F3548
[   4.426308] HW.Memory <Error> core\memory.cpp:Memory::MemorySystem::Write:528: unmapped Write8 0x00000000 @ 0x00000A14 at PC 0x010F3548
[   4.426309] HW.Memory <Error> core\memory.cpp:Memory::MemorySystem::Write:528: unmapped Write8 0x00000000 @ 0x00000A15 at PC 0x010F3548
[   4.426309] HW.Memory <Error> core\memory.cpp:Memory::MemorySystem::Write:528: unmapped Write8 0x00000000 @ 0x00000A16 at PC 0x010F3548
[   4.426310] HW.Memory <Error> core\memory.cpp:Memory::MemorySystem::Write:528: unmapped Write8 0x00000000 @ 0x00000A17 at PC 0x010F3548
[   4.426310] HW.Memory <Error> core\memory.cpp:Memory::MemorySystem::Write:528: unmapped Write8 0x00000000 @ 0x00000A18 at PC 0x010F3548
[   4.426311] HW.Memory <Error> core\memory.cpp:Memory::MemorySystem::Write:528: unmapped Write8 0x00000000 @ 0x00000A19 at PC 0x010F3548
[   4.426311] HW.Memory <Error> core\memory.cpp:Memory::MemorySystem::Write:528: unmapped Write8 0x00000000 @ 0x00000A1A at PC 0x010F3548
[   4.426312] HW.Memory <Error> core\memory.cpp:Memory::MemorySystem::Write:528: unmapped Write8 0x00000000 @ 0x00000A1B at PC 0x010F3548
[   4.426313] HW.Memory <Error> core\memory.cpp:Memory::MemorySystem::Write:528: unmapped Write8 0x00000000 @ 0x00000A1C at PC 0x010F3548
[   4.426313] HW.Memory <Error> core\memory.cpp:Memory::MemorySystem::Write:528: unmapped Write8 0x00000000 @ 0x00000A1D at PC 0x010F3548
[   4.426314] HW.Memory <Error> core\memory.cpp:Memory::MemorySystem::Write:528: unmapped Write8 0x00000000 @ 0x00000A1E at PC 0x010F3548
[   4.426314] HW.Memory <Error> core\memory.cpp:Memory::MemorySystem::Write:528: unmapped Write8 0x00000000 @ 0x00000A1F at PC 0x010F3548
[   4.426315] HW.Memory <Error> core\memory.cpp:Memory::MemorySystem::Write:528: unmapped Write8 0x00000000 @ 0x00000A20 at PC 0x010F3548
[   4.426315] HW.Memory <Error> core\memory.cpp:Memory::MemorySystem::Write:528: unmapped Write8 0x00000000 @ 0x00000A21 at PC 0x010F3548
[   4.426316] HW.Memory <Error> core\memory.cpp:Memory::MemorySystem::Write:528: unmapped Write8 0x00000000 @ 0x00000A22 at PC 0x010F3548
[   4.426316] HW.Memory <Error> core\memory.cpp:Memory::MemorySystem::Write:528: unmapped Write8 0x00000000 @ 0x00000A23 at PC 0x010F3548
[   4.426317] HW.Memory <Error> core\memory.cpp:Memory::MemorySystem::Write:528: unmapped Write8 0x00000000 @ 0x00000A24 at PC 0x010F3548
[   4.426317] HW.Memory <Error> core\memory.cpp:Memory::MemorySystem::Write:528: unmapped Write8 0x00000000 @ 0x00000A25 at PC 0x010F3548
[   4.426318] HW.Memory <Error> core\memory.cpp:Memory::MemorySystem::Write:528: unmapped Write8 0x00000000 @ 0x00000A26 at PC 0x010F3548
[   4.426318] HW.Memory <Error> core\memory.cpp:Memory::MemorySystem::Write:528: unmapped Write8 0x00000000 @ 0x00000A27 at PC 0x010F3548
[   4.426319] HW.Memory <Error> core\memory.cpp:Memory::MemorySystem::Write:528: unmapped Write8 0x00000000 @ 0x00000A28 at PC 0x010F3548
[   4.426319] HW.Memory <Error> core\memory.cpp:Memory::MemorySystem::Write:528: unmapped Write8 0x00000000 @ 0x00000A29 at PC 0x010F3548
[   4.426320] HW.Memory <Error> core\memory.cpp:Memory::MemorySystem::Write:528: unmapped Write8 0x00000000 @ 0x00000A2A at PC 0x010F3548
[   4.426320] HW.Memory <Error> core\memory.cpp:Memory::MemorySystem::Write:528: unmapped Write8 0x00000000 @ 0x00000A2B at PC 0x010F3548
[   4.426321] HW.Memory <Error> core\memory.cpp:Memory::MemorySystem::Write:528: unmapped Write8 0x00000000 @ 0x00000A2C at PC 0x010F3548
[   4.426321] HW.Memory <Error> core\memory.cpp:Memory::MemorySystem::Write:528: unmapped Write8 0x00000000 @ 0x00000A2D at PC 0x010F3548
[   4.426322] HW.Memory <Error> core\memory.cpp:Memory::MemorySystem::Write:528: unmapped Write8 0x00000000 @ 0x00000A2E at PC 0x010F3548
[   4.426322] HW.Memory <Error> core\memory.cpp:Memory::MemorySystem::Write:528: unmapped Write8 0x00000000 @ 0x00000A2F at PC 0x010F3548
[   4.426323] HW.Memory <Error> core\memory.cpp:Memory::MemorySystem::Write:528: unmapped Write8 0x00000000 @ 0x00000A30 at PC 0x010F3548
[   4.426323] HW.Memory <Error> core\memory.cpp:Memory::MemorySystem::Write:528: unmapped Write8 0x00000000 @ 0x00000A31 at PC 0x010F3548
[   4.426324] HW.Memory <Error> core\memory.cpp:Memory::MemorySystem::Write:528: unmapped Write8 0x00000000 @ 0x00000A32 at PC 0x010F3548
[   4.426324] HW.Memory <Error> core\memory.cpp:Memory::MemorySystem::Write:528: unmapped Write8 0x00000000 @ 0x00000A33 at PC 0x010F3548
[   4.426325] HW.Memory <Error> core\memory.cpp:Memory::MemorySystem::Write:528: unmapped Write8 0x00000000 @ 0x00000A34 at PC 0x010F3548
[   4.426325] HW.Memory <Error> core\memory.cpp:Memory::MemorySystem::Write:528: unmapped Write8 0x00000000 @ 0x00000A35 at PC 0x010F3548
[   4.426326] HW.Memory <Error> core\memory.cpp:Memory::MemorySystem::Write:528: unmapped Write8 0x00000000 @ 0x00000A36 at PC 0x010F3548
[   4.426326] HW.Memory <Error> core\memory.cpp:Memory::MemorySystem::Write:528: unmapped Write8 0x00000000 @ 0x00000A37 at PC 0x010F3548
[   4.426327] HW.Memory <Error> core\memory.cpp:Memory::MemorySystem::Write:528: unmapped Write8 0x00000000 @ 0x00000A38 at PC 0x010F3548
[   4.426327] HW.Memory <Error> core\memory.cpp:Memory::MemorySystem::Write:528: unmapped Write8 0x00000000 @ 0x00000A39 at PC 0x010F3548
[   4.426328] HW.Memory <Error> core\memory.cpp:Memory::MemorySystem::Write:528: unmapped Write8 0x00000000 @ 0x00000A3A at PC 0x010F3548
[   4.426328] HW.Memory <Error> core\memory.cpp:Memory::MemorySystem::Write:528: unmapped Write8 0x00000000 @ 0x00000A3B at PC 0x010F3548
[   4.426329] HW.Memory <Error> core\memory.cpp:Memory::MemorySystem::Write:528: unmapped Write8 0x00000000 @ 0x00000A3C at PC 0x010F3548
[   4.426330] HW.Memory <Error> core\memory.cpp:Memory::MemorySystem::Write:528: unmapped Write8 0x00000000 @ 0x00000A3D at PC 0x010F3548
[   4.426330] HW.Memory <Error> core\memory.cpp:Memory::MemorySystem::Write:528: unmapped Write8 0x00000000 @ 0x00000A3E at PC 0x010F3548
[   4.426330] HW.Memory <Error> core\memory.cpp:Memory::MemorySystem::Write:528: unmapped Write8 0x00000000 @ 0x00000A3F at PC 0x010F3548
[   4.426331] HW.Memory <Error> core\memory.cpp:Memory::MemorySystem::Write:528: unmapped Write8 0x00000000 @ 0x00000A40 at PC 0x010F3548
[   4.426332] HW.Memory <Error> core\memory.cpp:Memory::MemorySystem::Write:528: unmapped Write8 0x00000000 @ 0x00000A41 at PC 0x010F3548
[   4.426333] HW.Memory <Error> core\memory.cpp:Memory::MemorySystem::Write:528: unmapped Write8 0x00000000 @ 0x00000A42 at PC 0x010F3548
[   4.426333] HW.Memory <Error> core\memory.cpp:Memory::MemorySystem::Write:528: unmapped Write8 0x00000000 @ 0x00000A43 at PC 0x010F3548
[   4.426334] HW.Memory <Error> core\memory.cpp:Memory::MemorySystem::Write:528: unmapped Write8 0x00000000 @ 0x00000A44 at PC 0x010F3548
[   4.426334] HW.Memory <Error> core\memory.cpp:Memory::MemorySystem::Write:528: unmapped Write8 0x00000000 @ 0x00000A45 at PC 0x010F3548
[   4.426335] HW.Memory <Error> core\memory.cpp:Memory::MemorySystem::Write:528: unmapped Write8 0x00000000 @ 0x00000A46 at PC 0x010F3548
[   4.426335] HW.Memory <Error> core\memory.cpp:Memory::MemorySystem::Write:528: unmapped Write8 0x00000000 @ 0x00000A47 at PC 0x010F3548
[   4.426336] HW.Memory <Error> core\memory.cpp:Memory::MemorySystem::Write:528: unmapped Write8 0x00000000 @ 0x00000A48 at PC 0x010F3548
[   4.426336] HW.Memory <Error> core\memory.cpp:Memory::MemorySystem::Write:528: unmapped Write8 0x00000000 @ 0x00000A49 at PC 0x010F3548
[   4.426337] HW.Memory <Error> core\memory.cpp:Memory::MemorySystem::Write:528: unmapped Write8 0x00000000 @ 0x00000A4A at PC 0x010F3548
[   4.426337] HW.Memory <Error> core\memory.cpp:Memory::MemorySystem::Write:528: unmapped Write8 0x00000000 @ 0x00000A4B at PC 0x010F3548
[   4.426338] HW.Memory <Error> core\memory.cpp:Memory::MemorySystem::Write:528: unmapped Write8 0x00000000 @ 0x00000A4C at PC 0x010F3548
[   4.426338] HW.Memory <Error> core\memory.cpp:Memory::MemorySystem::Write:528: unmapped Write8 0x00000000 @ 0x00000A4D at PC 0x010F3548
[   4.426339] HW.Memory <Error> core\memory.cpp:Memory::MemorySystem::Write:528: unmapped Write8 0x00000000 @ 0x00000A4E at PC 0x010F3548
[   4.426339] HW.Memory <Error> core\memory.cpp:Memory::MemorySystem::Write:528: unmapped Write8 0x00000000 @ 0x00000A4F at PC 0x010F3548
[   4.426340] HW.Memory <Error> core\memory.cpp:Memory::MemorySystem::Write:528: unmapped Write8 0x00000000 @ 0x00000A50 at PC 0x010F3548
[   4.426340] HW.Memory <Error> core\memory.cpp:Memory::MemorySystem::Write:528: unmapped Write8 0x00000000 @ 0x00000A51 at PC 0x010F3548
[   4.426341] HW.Memory <Error> core\memory.cpp:Memory::MemorySystem::Write:528: unmapped Write8 0x00000000 @ 0x00000A52 at PC 0x010F3548
[   4.426341] HW.Memory <Error> core\memory.cpp:Memory::MemorySystem::Write:528: unmapped Write8 0x00000000 @ 0x00000A53 at PC 0x010F3548
[   4.426342] HW.Memory <Error> core\memory.cpp:Memory::MemorySystem::Write:528: unmapped Write8 0x00000000 @ 0x00000A54 at PC 0x010F3548
[   4.426343] HW.Memory <Error> core\memory.cpp:Memory::MemorySystem::Write:528: unmapped Write8 0x00000000 @ 0x00000A55 at PC 0x010F3548
[   4.426343] HW.Memory <Error> core\memory.cpp:Memory::MemorySystem::Write:528: unmapped Write8 0x00000000 @ 0x00000A56 at PC 0x010F3548
[   4.426344] HW.Memory <Error> core\memory.cpp:Memory::MemorySystem::Write:528: unmapped Write8 0x00000000 @ 0x00000A57 at PC 0x010F3548
[   4.426344] HW.Memory <Error> core\memory.cpp:Memory::MemorySystem::Write:528: unmapped Write8 0x00000000 @ 0x00000A58 at PC 0x010F3548
[   4.426345] HW.Memory <Error> core\memory.cpp:Memory::MemorySystem::Write:528: unmapped Write8 0x00000000 @ 0x00000A59 at PC 0x010F3548
[   4.426345] HW.Memory <Error> core\memory.cpp:Memory::MemorySystem::Write:528: unmapped Write8 0x00000000 @ 0x00000A5A at PC 0x010F3548
[   4.426346] HW.Memory <Error> core\memory.cpp:Memory::MemorySystem::Write:528: unmapped Write8 0x00000000 @ 0x00000A5B at PC 0x010F3548
[   4.426346] HW.Memory <Error> core\memory.cpp:Memory::MemorySystem::Write:528: unmapped Write8 0x00000000 @ 0x00000A5C at PC 0x010F3548
[   4.426347] HW.Memory <Error> core\memory.cpp:Memory::MemorySystem::Write:528: unmapped Write8 0x00000000 @ 0x00000A5D at PC 0x010F3548
[   4.426347] HW.Memory <Error> core\memory.cpp:Memory::MemorySystem::Write:528: unmapped Write8 0x00000000 @ 0x00000A5E at PC 0x010F3548
[   4.426348] HW.Memory <Error> core\memory.cpp:Memory::MemorySystem::Write:528: unmapped Write8 0x00000000 @ 0x00000A5F at PC 0x010F3548
[   4.426348] HW.Memory <Error> core\memory.cpp:Memory::MemorySystem::Write:528: unmapped Write8 0x00000000 @ 0x00000A60 at PC 0x010F3548
[   4.426349] HW.Memory <Error> core\memory.cpp:Memory::MemorySystem::Write:528: unmapped Write8 0x00000000 @ 0x00000A61 at PC 0x010F3548
[   4.426349] HW.Memory <Error> core\memory.cpp:Memory::MemorySystem::Write:528: unmapped Write8 0x00000000 @ 0x00000A62 at PC 0x010F3548
[   4.426350] HW.Memory <Error> core\memory.cpp:Memory::MemorySystem::Write:528: unmapped Write8 0x00000000 @ 0x00000A63 at PC 0x010F3548
[   4.426350] HW.Memory <Error> core\memory.cpp:Memory::MemorySystem::Write:528: unmapped Write8 0x00000000 @ 0x00000A64 at PC 0x010F3548
[   4.426351] HW.Memory <Error> core\memory.cpp:Memory::MemorySystem::Write:528: unmapped Write8 0x00000000 @ 0x00000A65 at PC 0x010F3548
[   4.426352] HW.Memory <Error> core\memory.cpp:Memory::MemorySystem::Write:528: unmapped Write8 0x00000000 @ 0x00000A66 at PC 0x010F3548
[   4.426352] HW.Memory <Error> core\memory.cpp:Memory::MemorySystem::Write:528: unmapped Write8 0x00000000 @ 0x00000A67 at PC 0x010F3548
[   4.426353] HW.Memory <Error> core\memory.cpp:Memory::MemorySystem::Write:528: unmapped Write8 0x00000000 @ 0x00000A68 at PC 0x010F3548
[   4.426353] HW.Memory <Error> core\memory.cpp:Memory::MemorySystem::Write:528: unmapped Write8 0x00000000 @ 0x00000A69 at PC 0x010F3548
[   4.426354] HW.Memory <Error> core\memory.cpp:Memory::MemorySystem::Write:528: unmapped Write8 0x00000000 @ 0x00000A6A at PC 0x010F3548
[   4.426354] HW.Memory <Error> core\memory.cpp:Memory::MemorySystem::Write:528: unmapped Write8 0x00000000 @ 0x00000A6B at PC 0x010F3548
[   4.426355] HW.Memory <Error> core\memory.cpp:Memory::MemorySystem::Write:528: unmapped Write8 0x00000000 @ 0x00000A6C at PC 0x010F3548
[   4.426355] HW.Memory <Error> core\memory.cpp:Memory::MemorySystem::Write:528: unmapped Write8 0x00000000 @ 0x00000A6D at PC 0x010F3548
[   4.426356] HW.Memory <Error> core\memory.cpp:Memory::MemorySystem::Write:528: unmapped Write8 0x00000000 @ 0x00000A6E at PC 0x010F3548
[   4.426356] HW.Memory <Error> core\memory.cpp:Memory::MemorySystem::Write:528: unmapped Write8 0x00000000 @ 0x00000A6F at PC 0x010F3548
[   4.426357] HW.Memory <Error> core\memory.cpp:Memory::MemorySystem::Write:528: unmapped Write8 0x00000000 @ 0x00000A70 at PC 0x010F3548
[   4.426357] HW.Memory <Error> core\memory.cpp:Memory::MemorySystem::Write:528: unmapped Write8 0x00000000 @ 0x00000A71 at PC 0x010F3548
[   4.426358] HW.Memory <Error> core\memory.cpp:Memory::MemorySystem::Write:528: unmapped Write8 0x00000000 @ 0x00000A72 at PC 0x010F3548
[   4.426358] HW.Memory <Error> core\memory.cpp:Memory::MemorySystem::Write:528: unmapped Write8 0x00000000 @ 0x00000A73 at PC 0x010F3548
[   4.426359] HW.Memory <Error> core\memory.cpp:Memory::MemorySystem::Write:528: unmapped Write8 0x00000000 @ 0x00000A74 at PC 0x010F3548
[   4.426360] HW.Memory <Error> core\memory.cpp:Memory::MemorySystem::Write:528: unmapped Write8 0x00000000 @ 0x00000A75 at PC 0x010F3548
[   4.426360] HW.Memory <Error> core\memory.cpp:Memory::MemorySystem::Write:528: unmapped Write8 0x00000000 @ 0x00000A76 at PC 0x010F3548
[   4.426361] HW.Memory <Error> core\memory.cpp:Memory::MemorySystem::Write:528: unmapped Write8 0x00000000 @ 0x00000A77 at PC 0x010F3548
[   4.426361] HW.Memory <Error> core\memory.cpp:Memory::MemorySystem::Write:528: unmapped Write8 0x00000000 @ 0x00000A78 at PC 0x010F3548
[   4.426362] HW.Memory <Error> core\memory.cpp:Memory::MemorySystem::Write:528: unmapped Write8 0x00000000 @ 0x00000A79 at PC 0x010F3548
[   4.426362] HW.Memory <Error> core\memory.cpp:Memory::MemorySystem::Write:528: unmapped Write8 0x00000000 @ 0x00000A7A at PC 0x010F3548
[   4.426363] HW.Memory <Error> core\memory.cpp:Memory::MemorySystem::Write:528: unmapped Write8 0x00000000 @ 0x00000A7B at PC 0x010F3548
[   4.426363] HW.Memory <Error> core\memory.cpp:Memory::MemorySystem::Write:528: unmapped Write8 0x00000000 @ 0x00000A7C at PC 0x010F3548
[   4.426364] HW.Memory <Error> core\memory.cpp:Memory::MemorySystem::Write:528: unmapped Write8 0x00000000 @ 0x00000A7D at PC 0x010F3548
[   4.426364] HW.Memory <Error> core\memory.cpp:Memory::MemorySystem::Write:528: unmapped Write8 0x00000000 @ 0x00000A7E at PC 0x010F3548
[   4.426365] HW.Memory <Error> core\memory.cpp:Memory::MemorySystem::Write:528: unmapped Write8 0x00000000 @ 0x00000A7F at PC 0x010F3548
[   4.426365] HW.Memory <Error> core\memory.cpp:Memory::MemorySystem::Write:528: unmapped Write8 0x00000000 @ 0x00000A80 at PC 0x010F3548
[   4.426366] HW.Memory <Error> core\memory.cpp:Memory::MemorySystem::Write:528: unmapped Write8 0x00000000 @ 0x00000A81 at PC 0x010F3548
[   4.426366] HW.Memory <Error> core\memory.cpp:Memory::MemorySystem::Write:528: unmapped Write8 0x00000000 @ 0x00000A82 at PC 0x010F3548
[   4.426367] HW.Memory <Error> core\memory.cpp:Memory::MemorySystem::Write:528: unmapped Write8 0x00000000 @ 0x00000A83 at PC 0x010F3548
[   4.426367] HW.Memory <Error> core\memory.cpp:Memory::MemorySystem::Write:528: unmapped Write8 0x00000000 @ 0x00000A84 at PC 0x010F3548
[   4.426368] HW.Memory <Error> core\memory.cpp:Memory::MemorySystem::Write:528: unmapped Write8 0x00000000 @ 0x00000A85 at PC 0x010F3548
[   4.426368] HW.Memory <Error> core\memory.cpp:Memory::MemorySystem::Write:528: unmapped Write8 0x00000000 @ 0x00000A86 at PC 0x010F3548
[   4.426369] HW.Memory <Error> core\memory.cpp:Memory::MemorySystem::Write:528: unmapped Write8 0x00000000 @ 0x00000A87 at PC 0x010F3548
[   4.426369] HW.Memory <Error> core\memory.cpp:Memory::MemorySystem::Write:528: unmapped Write8 0x00000000 @ 0x00000A88 at PC 0x010F3548
[   4.426370] HW.Memory <Error> core\memory.cpp:Memory::MemorySystem::Write:528: unmapped Write8 0x00000000 @ 0x00000A89 at PC 0x010F3548
[   4.426370] HW.Memory <Error> core\memory.cpp:Memory::MemorySystem::Write:528: unmapped Write8 0x00000000 @ 0x00000A8A at PC 0x010F3548
[   4.426371] HW.Memory <Error> core\memory.cpp:Memory::MemorySystem::Write:528: unmapped Write8 0x00000000 @ 0x00000A8B at PC 0x010F3548
[   4.426371] HW.Memory <Error> core\memory.cpp:Memory::MemorySystem::Write:528: unmapped Write8 0x00000000 @ 0x00000A8C at PC 0x010F3548
[   4.426372] HW.Memory <Error> core\memory.cpp:Memory::MemorySystem::Write:528: unmapped Write8 0x00000000 @ 0x00000A8D at PC 0x010F3548
[   4.426372] HW.Memory <Error> core\memory.cpp:Memory::MemorySystem::Write:528: unmapped Write8 0x00000000 @ 0x00000A8E at PC 0x010F3548
[   4.426373] HW.Memory <Error> core\memory.cpp:Memory::MemorySystem::Write:528: unmapped Write8 0x00000000 @ 0x00000A8F at PC 0x010F3548
[   4.426373] HW.Memory <Error> core\memory.cpp:Memory::MemorySystem::Write:528: unmapped Write8 0x00000000 @ 0x00000A90 at PC 0x010F3548
[   4.426374] HW.Memory <Error> core\memory.cpp:Memory::MemorySystem::Write:528: unmapped Write8 0x00000000 @ 0x00000A91 at PC 0x010F3548
[   4.426374] HW.Memory <Error> core\memory.cpp:Memory::MemorySystem::Write:528: unmapped Write8 0x00000000 @ 0x00000A92 at PC 0x010F3548
[   4.426375] HW.Memory <Error> core\memory.cpp:Memory::MemorySystem::Write:528: unmapped Write8 0x00000000 @ 0x00000A93 at PC 0x010F3548
[   4.426375] HW.Memory <Error> core\memory.cpp:Memory::MemorySystem::Write:528: unmapped Write8 0x00000000 @ 0x00000A94 at PC 0x010F3548
[   4.426376] HW.Memory <Error> core\memory.cpp:Memory::MemorySystem::Write:528: unmapped Write8 0x00000000 @ 0x00000A95 at PC 0x010F3548
[   4.426376] HW.Memory <Error> core\memory.cpp:Memory::MemorySystem::Write:528: unmapped Write8 0x00000000 @ 0x00000A96 at PC 0x010F3548
[   4.426377] HW.Memory <Error> core\memory.cpp:Memory::MemorySystem::Write:528: unmapped Write8 0x00000000 @ 0x00000A97 at PC 0x010F3548
[   4.426377] HW.Memory <Error> core\memory.cpp:Memory::MemorySystem::Write:528: unmapped Write8 0x00000000 @ 0x00000A98 at PC 0x010F3548
[   4.426378] HW.Memory <Error> core\memory.cpp:Memory::MemorySystem::Write:528: unmapped Write8 0x00000000 @ 0x00000A99 at PC 0x010F3548
[   4.426379] HW.Memory <Error> core\memory.cpp:Memory::MemorySystem::Write:528: unmapped Write8 0x00000000 @ 0x00000A9A at PC 0x010F3548
[   4.426379] HW.Memory <Error> core\memory.cpp:Memory::MemorySystem::Write:528: unmapped Write8 0x00000000 @ 0x00000A9B at PC 0x010F3548
[   4.426380] HW.Memory <Error> core\memory.cpp:Memory::MemorySystem::Write:528: unmapped Write8 0x00000000 @ 0x00000A9C at PC 0x010F3548
[   4.426380] HW.Memory <Error> core\memory.cpp:Memory::MemorySystem::Write:528: unmapped Write8 0x00000000 @ 0x00000A9D at PC 0x010F3548
[   4.426381] HW.Memory <Error> core\memory.cpp:Memory::MemorySystem::Write:528: unmapped Write8 0x00000000 @ 0x00000A9E at PC 0x010F3548
[   4.426381] HW.Memory <Error> core\memory.cpp:Memory::MemorySystem::Write:528: unmapped Write8 0x00000000 @ 0x00000A9F at PC 0x010F3548
[   4.426382] HW.Memory <Error> core\memory.cpp:Memory::MemorySystem::Write:528: unmapped Write8 0x00000000 @ 0x00000AA0 at PC 0x010F3548
[   4.426382] HW.Memory <Error> core\memory.cpp:Memory::MemorySystem::Write:528: unmapped Write8 0x00000000 @ 0x00000AA1 at PC 0x010F3548
[   4.426383] HW.Memory <Error> core\memory.cpp:Memory::MemorySystem::Write:528: unmapped Write8 0x00000000 @ 0x00000AA2 at PC 0x010F3548
[   4.426383] HW.Memory <Error> core\memory.cpp:Memory::MemorySystem::Write:528: unmapped Write8 0x00000000 @ 0x00000AA3 at PC 0x010F3548
[   4.426384] HW.Memory <Error> core\memory.cpp:Memory::MemorySystem::Write:528: unmapped Write8 0x00000000 @ 0x00000AA4 at PC 0x010F3548
[   4.426384] HW.Memory <Error> core\memory.cpp:Memory::MemorySystem::Write:528: unmapped Write8 0x00000000 @ 0x00000AA5 at PC 0x010F3548
[   4.426385] HW.Memory <Error> core\memory.cpp:Memory::MemorySystem::Write:528: unmapped Write8 0x00000000 @ 0x00000AA6 at PC 0x010F3548
[   4.426385] HW.Memory <Error> core\memory.cpp:Memory::MemorySystem::Write:528: unmapped Write8 0x00000000 @ 0x00000AA7 at PC 0x010F3548
[   4.426386] HW.Memory <Error> core\memory.cpp:Memory::MemorySystem::Write:528: unmapped Write8 0x00000000 @ 0x00000AA8 at PC 0x010F3548
[   4.426386] HW.Memory <Error> core\memory.cpp:Memory::MemorySystem::Write:528: unmapped Write8 0x00000000 @ 0x00000AA9 at PC 0x010F3548
[   4.426387] HW.Memory <Error> core\memory.cpp:Memory::MemorySystem::Write:528: unmapped Write8 0x00000000 @ 0x00000AAA at PC 0x010F3548
[   4.426387] HW.Memory <Error> core\memory.cpp:Memory::MemorySystem::Write:528: unmapped Write8 0x00000000 @ 0x00000AAB at PC 0x010F3548
[   4.426388] HW.Memory <Error> core\memory.cpp:Memory::MemorySystem::Write:528: unmapped Write8 0x00000000 @ 0x00000AAC at PC 0x010F3548
[   4.426388] HW.Memory <Error> core\memory.cpp:Memory::MemorySystem::Write:528: unmapped Write8 0x00000000 @ 0x00000AAD at PC 0x010F3548
[   4.426389] HW.Memory <Error> core\memory.cpp:Memory::MemorySystem::Write:528: unmapped Write8 0x00000000 @ 0x00000AAE at PC 0x010F3548
[   4.426389] HW.Memory <Error> core\memory.cpp:Memory::MemorySystem::Write:528: unmapped Write8 0x00000000 @ 0x00000AAF at PC 0x010F3548
[   4.426390] HW.Memory <Error> core\memory.cpp:Memory::MemorySystem::Write:528: unmapped Write8 0x00000000 @ 0x00000AB0 at PC 0x010F3548
[   4.426390] HW.Memory <Error> core\memory.cpp:Memory::MemorySystem::Write:528: unmapped Write8 0x00000000 @ 0x00000AB1 at PC 0x010F3548
[   4.426391] HW.Memory <Error> core\memory.cpp:Memory::MemorySystem::Write:528: unmapped Write8 0x00000000 @ 0x00000AB2 at PC 0x010F3548
[   4.426391] HW.Memory <Error> core\memory.cpp:Memory::MemorySystem::Write:528: unmapped Write8 0x00000000 @ 0x00000AB3 at PC 0x010F3548
[   4.426392] HW.Memory <Error> core\memory.cpp:Memory::MemorySystem::Write:528: unmapped Write8 0x00000000 @ 0x00000AB4 at PC 0x010F3548
[   4.426393] HW.Memory <Error> core\memory.cpp:Memory::MemorySystem::Write:528: unmapped Write8 0x00000000 @ 0x00000AB5 at PC 0x010F3548
[   4.426393] HW.Memory <Error> core\memory.cpp:Memory::MemorySystem::Write:528: unmapped Write8 0x00000000 @ 0x00000AB6 at PC 0x010F3548
[   4.426394] HW.Memory <Error> core\memory.cpp:Memory::MemorySystem::Write:528: unmapped Write8 0x00000000 @ 0x00000AB7 at PC 0x010F3548
[   4.426394] HW.Memory <Error> core\memory.cpp:Memory::MemorySystem::Write:528: unmapped Write8 0x00000000 @ 0x00000AB8 at PC 0x010F3548
[   4.426395] HW.Memory <Error> core\memory.cpp:Memory::MemorySystem::Write:528: unmapped Write8 0x00000000 @ 0x00000AB9 at PC 0x010F3548
[   4.426395] HW.Memory <Error> core\memory.cpp:Memory::MemorySystem::Write:528: unmapped Write8 0x00000000 @ 0x00000ABA at PC 0x010F3548
[   4.426396] HW.Memory <Error> core\memory.cpp:Memory::MemorySystem::Write:528: unmapped Write8 0x00000000 @ 0x00000ABB at PC 0x010F3548
[   4.426396] HW.Memory <Error> core\memory.cpp:Memory::MemorySystem::Write:528: unmapped Write8 0x00000000 @ 0x00000ABC at PC 0x010F3548
[   4.426397] HW.Memory <Error> core\memory.cpp:Memory::MemorySystem::Write:528: unmapped Write8 0x00000000 @ 0x00000ABD at PC 0x010F3548
[   4.426397] HW.Memory <Error> core\memory.cpp:Memory::MemorySystem::Write:528: unmapped Write8 0x00000000 @ 0x00000ABE at PC 0x010F3548
[   4.426398] HW.Memory <Error> core\memory.cpp:Memory::MemorySystem::Write:528: unmapped Write8 0x00000000 @ 0x00000ABF at PC 0x010F3548
[   4.426398] HW.Memory <Error> core\memory.cpp:Memory::MemorySystem::Write:528: unmapped Write8 0x00000000 @ 0x00000AC0 at PC 0x010F3548
[   4.426399] HW.Memory <Error> core\memory.cpp:Memory::MemorySystem::Write:528: unmapped Write8 0x00000000 @ 0x00000AC1 at PC 0x010F3548
[   4.426399] HW.Memory <Error> core\memory.cpp:Memory::MemorySystem::Write:528: unmapped Write8 0x00000000 @ 0x00000AC2 at PC 0x010F3548
[   4.426400] HW.Memory <Error> core\memory.cpp:Memory::MemorySystem::Write:528: unmapped Write8 0x00000000 @ 0x00000AC3 at PC 0x010F3548
[   4.426400] HW.Memory <Error> core\memory.cpp:Memory::MemorySystem::Write:528: unmapped Write8 0x00000000 @ 0x00000AC4 at PC 0x010F3548
[   4.426401] HW.Memory <Error> core\memory.cpp:Memory::MemorySystem::Write:528: unmapped Write8 0x00000000 @ 0x00000AC5 at PC 0x010F3548
[   4.426401] HW.Memory <Error> core\memory.cpp:Memory::MemorySystem::Write:528: unmapped Write8 0x00000000 @ 0x00000AC6 at PC 0x010F3548
[   4.426402] HW.Memory <Error> core\memory.cpp:Memory::MemorySystem::Write:528: unmapped Write8 0x00000000 @ 0x00000AC7 at PC 0x010F3548
[   4.426402] HW.Memory <Error> core\memory.cpp:Memory::MemorySystem::Write:528: unmapped Write8 0x00000000 @ 0x00000AC8 at PC 0x010F3548
[   4.426403] HW.Memory <Error> core\memory.cpp:Memory::MemorySystem::Write:528: unmapped Write8 0x00000000 @ 0x00000AC9 at PC 0x010F3548
[   4.426403] HW.Memory <Error> core\memory.cpp:Memory::MemorySystem::Write:528: unmapped Write8 0x00000000 @ 0x00000ACA at PC 0x010F3548
[   4.426404] HW.Memory <Error> core\memory.cpp:Memory::MemorySystem::Write:528: unmapped Write8 0x00000000 @ 0x00000ACB at PC 0x010F3548
[   4.426404] HW.Memory <Error> core\memory.cpp:Memory::MemorySystem::Write:528: unmapped Write8 0x00000000 @ 0x00000ACC at PC 0x010F3548
[   4.426405] HW.Memory <Error> core\memory.cpp:Memory::MemorySystem::Write:528: unmapped Write8 0x00000000 @ 0x00000ACD at PC 0x010F3548
[   4.426405] HW.Memory <Error> core\memory.cpp:Memory::MemorySystem::Write:528: unmapped Write8 0x00000000 @ 0x00000ACE at PC 0x010F3548
[   4.426406] HW.Memory <Error> core\memory.cpp:Memory::MemorySystem::Write:528: unmapped Write8 0x00000000 @ 0x00000ACF at PC 0x010F3548
[   4.426406] HW.Memory <Error> core\memory.cpp:Memory::MemorySystem::Write:528: unmapped Write8 0x00000000 @ 0x00000AD0 at PC 0x010F3548
[   4.426407] HW.Memory <Error> core\memory.cpp:Memory::MemorySystem::Write:528: unmapped Write8 0x00000000 @ 0x00000AD1 at PC 0x010F3548
[   4.426407] HW.Memory <Error> core\memory.cpp:Memory::MemorySystem::Write:528: unmapped Write8 0x00000000 @ 0x00000AD2 at PC 0x010F3548
[   4.426408] HW.Memory <Error> core\memory.cpp:Memory::MemorySystem::Write:528: unmapped Write8 0x00000000 @ 0x00000AD3 at PC 0x010F3548
[   4.426408] HW.Memory <Error> core\memory.cpp:Memory::MemorySystem::Write:528: unmapped Write8 0x00000000 @ 0x00000AD4 at PC 0x010F3548
[   4.426409] HW.Memory <Error> core\memory.cpp:Memory::MemorySystem::Write:528: unmapped Write8 0x00000000 @ 0x00000AD5 at PC 0x010F3548
[   4.426409] HW.Memory <Error> core\memory.cpp:Memory::MemorySystem::Write:528: unmapped Write8 0x00000000 @ 0x00000AD6 at PC 0x010F3548
[   4.426410] HW.Memory <Error> core\memory.cpp:Memory::MemorySystem::Write:528: unmapped Write8 0x00000000 @ 0x00000AD7 at PC 0x010F3548
[   4.426411] HW.Memory <Error> core\memory.cpp:Memory::MemorySystem::Write:528: unmapped Write8 0x00000000 @ 0x00000AD8 at PC 0x010F3548
[   4.426411] HW.Memory <Error> core\memory.cpp:Memory::MemorySystem::Write:528: unmapped Write8 0x00000000 @ 0x00000AD9 at PC 0x010F3548
[   4.426412] HW.Memory <Error> core\memory.cpp:Memory::MemorySystem::Write:528: unmapped Write8 0x00000000 @ 0x00000ADA at PC 0x010F3548
[   4.426412] HW.Memory <Error> core\memory.cpp:Memory::MemorySystem::Write:528: unmapped Write8 0x00000000 @ 0x00000ADB at PC 0x010F3548
[   4.426413] HW.Memory <Error> core\memory.cpp:Memory::MemorySystem::Write:528: unmapped Write8 0x00000000 @ 0x00000ADC at PC 0x010F3548
[   4.426413] HW.Memory <Error> core\memory.cpp:Memory::MemorySystem::Write:528: unmapped Write8 0x00000000 @ 0x00000ADD at PC 0x010F3548
[   4.426414] HW.Memory <Error> core\memory.cpp:Memory::MemorySystem::Write:528: unmapped Write8 0x00000000 @ 0x00000ADE at PC 0x010F3548
[   4.426414] HW.Memory <Error> core\memory.cpp:Memory::MemorySystem::Write:528: unmapped Write8 0x00000000 @ 0x00000ADF at PC 0x010F3548
[   4.426415] HW.Memory <Error> core\memory.cpp:Memory::MemorySystem::Write:528: unmapped Write8 0x00000000 @ 0x00000AE0 at PC 0x010F3548
[   4.426415] HW.Memory <Error> core\memory.cpp:Memory::MemorySystem::Write:528: unmapped Write8 0x00000000 @ 0x00000AE1 at PC 0x010F3548
[   4.426416] HW.Memory <Error> core\memory.cpp:Memory::MemorySystem::Write:528: unmapped Write8 0x00000000 @ 0x00000AE2 at PC 0x010F3548
[   4.426417] HW.Memory <Error> core\memory.cpp:Memory::MemorySystem::Write:528: unmapped Write8 0x00000000 @ 0x00000AE3 at PC 0x010F3548
[   4.426417] HW.Memory <Error> core\memory.cpp:Memory::MemorySystem::Write:528: unmapped Write8 0x00000000 @ 0x00000AE4 at PC 0x010F3548
[   4.426418] HW.Memory <Error> core\memory.cpp:Memory::MemorySystem::Write:528: unmapped Write8 0x00000000 @ 0x00000AE5 at PC 0x010F3548
[   4.426418] HW.Memory <Error> core\memory.cpp:Memory::MemorySystem::Write:528: unmapped Write8 0x00000000 @ 0x00000AE6 at PC 0x010F3548
[   4.426419] HW.Memory <Error> core\memory.cpp:Memory::MemorySystem::Write:528: unmapped Write8 0x00000000 @ 0x00000AE7 at PC 0x010F3548
[   4.426419] HW.Memory <Error> core\memory.cpp:Memory::MemorySystem::Write:528: unmapped Write8 0x00000000 @ 0x00000AE8 at PC 0x010F3548
[   4.426420] HW.Memory <Error> core\memory.cpp:Memory::MemorySystem::Write:528: unmapped Write8 0x00000000 @ 0x00000AE9 at PC 0x010F3548
[   4.426420] HW.Memory <Error> core\memory.cpp:Memory::MemorySystem::Write:528: unmapped Write8 0x00000000 @ 0x00000AEA at PC 0x010F3548
[   4.426421] HW.Memory <Error> core\memory.cpp:Memory::MemorySystem::Write:528: unmapped Write8 0x00000000 @ 0x00000AEB at PC 0x010F3548
[   4.426421] HW.Memory <Error> core\memory.cpp:Memory::MemorySystem::Write:528: unmapped Write8 0x00000000 @ 0x00000AEC at PC 0x010F3548
[   4.426422] HW.Memory <Error> core\memory.cpp:Memory::MemorySystem::Write:528: unmapped Write8 0x00000000 @ 0x00000AED at PC 0x010F3548
[   4.426422] HW.Memory <Error> core\memory.cpp:Memory::MemorySystem::Write:528: unmapped Write8 0x00000000 @ 0x00000AEE at PC 0x010F3548
[   4.426423] HW.Memory <Error> core\memory.cpp:Memory::MemorySystem::Write:528: unmapped Write8 0x00000000 @ 0x00000AEF at PC 0x010F3548
[   4.426423] HW.Memory <Error> core\memory.cpp:Memory::MemorySystem::Write:528: unmapped Write8 0x00000000 @ 0x00000AF0 at PC 0x010F3548
[   4.426424] HW.Memory <Error> core\memory.cpp:Memory::MemorySystem::Write:528: unmapped Write8 0x00000000 @ 0x00000AF1 at PC 0x010F3548
[   4.426424] HW.Memory <Error> core\memory.cpp:Memory::MemorySystem::Write:528: unmapped Write8 0x00000000 @ 0x00000AF2 at PC 0x010F3548
[   4.426425] HW.Memory <Error> core\memory.cpp:Memory::MemorySystem::Write:528: unmapped Write8 0x00000000 @ 0x00000AF3 at PC 0x010F3548
[   4.426425] HW.Memory <Error> core\memory.cpp:Memory::MemorySystem::Write:528: unmapped Write8 0x00000000 @ 0x00000AF4 at PC 0x010F3548
[   4.426426] HW.Memory <Error> core\memory.cpp:Memory::MemorySystem::Write:528: unmapped Write8 0x00000000 @ 0x00000AF5 at PC 0x010F3548
[   4.426427] HW.Memory <Error> core\memory.cpp:Memory::MemorySystem::Write:528: unmapped Write8 0x00000000 @ 0x00000AF6 at PC 0x010F3548
[   4.426427] HW.Memory <Error> core\memory.cpp:Memory::MemorySystem::Write:528: unmapped Write8 0x00000000 @ 0x00000AF7 at PC 0x010F3548
[   4.426427] HW.Memory <Error> core\memory.cpp:Memory::MemorySystem::Write:528: unmapped Write8 0x00000000 @ 0x00000AF8 at PC 0x010F3548
[   4.426428] HW.Memory <Error> core\memory.cpp:Memory::MemorySystem::Write:528: unmapped Write8 0x00000000 @ 0x00000AF9 at PC 0x010F3548
[   4.426429] HW.Memory <Error> core\memory.cpp:Memory::MemorySystem::Write:528: unmapped Write8 0x00000000 @ 0x00000AFA at PC 0x010F3548
[   4.426429] HW.Memory <Error> core\memory.cpp:Memory::MemorySystem::Write:528: unmapped Write8 0x00000000 @ 0x00000AFB at PC 0x010F3548
[   4.426430] HW.Memory <Error> core\memory.cpp:Memory::MemorySystem::Write:528: unmapped Write8 0x00000000 @ 0x00000AFC at PC 0x010F3548
[   4.426430] HW.Memory <Error> core\memory.cpp:Memory::MemorySystem::Write:528: unmapped Write8 0x00000000 @ 0x00000AFD at PC 0x010F3548
[   4.426431] HW.Memory <Error> core\memory.cpp:Memory::MemorySystem::Write:528: unmapped Write8 0x00000000 @ 0x00000AFE at PC 0x010F3548
[   4.426431] HW.Memory <Error> core\memory.cpp:Memory::MemorySystem::Write:528: unmapped Write8 0x00000000 @ 0x00000AFF at PC 0x010F3548
[   4.426432] HW.Memory <Error> core\memory.cpp:Memory::MemorySystem::Write:528: unmapped Write8 0x00000000 @ 0x00000B00 at PC 0x010F3548
[   4.426432] HW.Memory <Error> core\memory.cpp:Memory::MemorySystem::Write:528: unmapped Write8 0x00000000 @ 0x00000B01 at PC 0x010F3548
[   4.426433] HW.Memory <Error> core\memory.cpp:Memory::MemorySystem::Write:528: unmapped Write8 0x00000000 @ 0x00000B02 at PC 0x010F3548
[   4.426433] HW.Memory <Error> core\memory.cpp:Memory::MemorySystem::Write:528: unmapped Write8 0x00000000 @ 0x00000B03 at PC 0x010F3548
[   4.426434] HW.Memory <Error> core\memory.cpp:Memory::MemorySystem::Write:528: unmapped Write8 0x00000000 @ 0x00000B04 at PC 0x010F3548
[   4.426434] HW.Memory <Error> core\memory.cpp:Memory::MemorySystem::Write:528: unmapped Write8 0x00000000 @ 0x00000B05 at PC 0x010F3548
[   4.426435] HW.Memory <Error> core\memory.cpp:Memory::MemorySystem::Write:528: unmapped Write8 0x00000000 @ 0x00000B06 at PC 0x010F3548
[   4.426435] HW.Memory <Error> core\memory.cpp:Memory::MemorySystem::Write:528: unmapped Write8 0x00000000 @ 0x00000B07 at PC 0x010F3548
[   4.426436] HW.Memory <Error> core\memory.cpp:Memory::MemorySystem::Write:528: unmapped Write8 0x00000000 @ 0x00000B08 at PC 0x010F3548
[   4.426436] HW.Memory <Error> core\memory.cpp:Memory::MemorySystem::Write:528: unmapped Write8 0x00000000 @ 0x00000B09 at PC 0x010F3548
[   4.426437] HW.Memory <Error> core\memory.cpp:Memory::MemorySystem::Write:528: unmapped Write8 0x00000000 @ 0x00000B0A at PC 0x010F3548
[   4.426437] HW.Memory <Error> core\memory.cpp:Memory::MemorySystem::Write:528: unmapped Write8 0x00000000 @ 0x00000B0B at PC 0x010F3548
[   4.426438] HW.Memory <Error> core\memory.cpp:Memory::MemorySystem::Write:528: unmapped Write8 0x00000000 @ 0x00000B0C at PC 0x010F3548
[   4.426438] HW.Memory <Error> core\memory.cpp:Memory::MemorySystem::Write:528: unmapped Write8 0x00000000 @ 0x00000B0D at PC 0x010F3548
[   4.426439] HW.Memory <Error> core\memory.cpp:Memory::MemorySystem::Write:528: unmapped Write8 0x00000000 @ 0x00000B0E at PC 0x010F3548
[   4.426439] HW.Memory <Error> core\memory.cpp:Memory::MemorySystem::Write:528: unmapped Write8 0x00000000 @ 0x00000B0F at PC 0x010F3548
[   4.426440] HW.Memory <Error> core\memory.cpp:Memory::MemorySystem::Write:528: unmapped Write8 0x00000000 @ 0x00000B10 at PC 0x010F3548
[   4.426440] HW.Memory <Error> core\memory.cpp:Memory::MemorySystem::Write:528: unmapped Write8 0x00000000 @ 0x00000B11 at PC 0x010F3548
[   4.426441] HW.Memory <Error> core\memory.cpp:Memory::MemorySystem::Write:528: unmapped Write8 0x00000000 @ 0x00000B12 at PC 0x010F3548
[   4.426441] HW.Memory <Error> core\memory.cpp:Memory::MemorySystem::Write:528: unmapped Write8 0x00000000 @ 0x00000B13 at PC 0x010F3548
[   4.426442] HW.Memory <Error> core\memory.cpp:Memory::MemorySystem::Write:528: unmapped Write8 0x00000000 @ 0x00000B14 at PC 0x010F3548
[   4.426442] HW.Memory <Error> core\memory.cpp:Memory::MemorySystem::Write:528: unmapped Write8 0x00000000 @ 0x00000B15 at PC 0x010F3548
[   4.426443] HW.Memory <Error> core\memory.cpp:Memory::MemorySystem::Write:528: unmapped Write8 0x00000000 @ 0x00000B16 at PC 0x010F3548
[   4.426444] HW.Memory <Error> core\memory.cpp:Memory::MemorySystem::Write:528: unmapped Write8 0x00000000 @ 0x00000B17 at PC 0x010F3548
[   4.426444] HW.Memory <Error> core\memory.cpp:Memory::MemorySystem::Write:528: unmapped Write8 0x00000000 @ 0x00000B18 at PC 0x010F3548
[   4.426445] HW.Memory <Error> core\memory.cpp:Memory::MemorySystem::Write:528: unmapped Write8 0x00000000 @ 0x00000B19 at PC 0x010F3548
[   4.426445] HW.Memory <Error> core\memory.cpp:Memory::MemorySystem::Write:528: unmapped Write8 0x00000000 @ 0x00000B1A at PC 0x010F3548
[   4.426446] HW.Memory <Error> core\memory.cpp:Memory::MemorySystem::Write:528: unmapped Write8 0x00000000 @ 0x00000B1B at PC 0x010F3548
[   4.426446] HW.Memory <Error> core\memory.cpp:Memory::MemorySystem::Write:528: unmapped Write8 0x00000000 @ 0x00000B1C at PC 0x010F3548
[   4.426447] HW.Memory <Error> core\memory.cpp:Memory::MemorySystem::Write:528: unmapped Write8 0x00000000 @ 0x00000B1D at PC 0x010F3548
[   4.426448] HW.Memory <Error> core\memory.cpp:Memory::MemorySystem::Write:528: unmapped Write8 0x00000000 @ 0x00000B1E at PC 0x010F3548
[   4.426448] HW.Memory <Error> core\memory.cpp:Memory::MemorySystem::Write:528: unmapped Write8 0x00000000 @ 0x00000B1F at PC 0x010F3548
[   4.426449] HW.Memory <Error> core\memory.cpp:Memory::MemorySystem::Write:528: unmapped Write8 0x00000000 @ 0x00000B20 at PC 0x010F3548
[   4.426449] HW.Memory <Error> core\memory.cpp:Memory::MemorySystem::Write:528: unmapped Write8 0x00000000 @ 0x00000B21 at PC 0x010F3548
[   4.426450] HW.Memory <Error> core\memory.cpp:Memory::MemorySystem::Write:528: unmapped Write8 0x00000000 @ 0x00000B22 at PC 0x010F3548
[   4.426450] HW.Memory <Error> core\memory.cpp:Memory::MemorySystem::Write:528: unmapped Write8 0x00000000 @ 0x00000B23 at PC 0x010F3548
[   4.426451] HW.Memory <Error> core\memory.cpp:Memory::MemorySystem::Write:528: unmapped Write8 0x00000000 @ 0x00000B24 at PC 0x010F3548
[   4.426451] HW.Memory <Error> core\memory.cpp:Memory::MemorySystem::Write:528: unmapped Write8 0x00000000 @ 0x00000B25 at PC 0x010F3548
[   4.426452] HW.Memory <Error> core\memory.cpp:Memory::MemorySystem::Write:528: unmapped Write8 0x00000000 @ 0x00000B26 at PC 0x010F3548
[   4.426453] HW.Memory <Error> core\memory.cpp:Memory::MemorySystem::Write:528: unmapped Write8 0x00000000 @ 0x00000B27 at PC 0x010F3548
[   4.426453] HW.Memory <Error> core\memory.cpp:Memory::MemorySystem::Write:528: unmapped Write8 0x00000000 @ 0x00000B28 at PC 0x010F3548
[   4.426453] HW.Memory <Error> core\memory.cpp:Memory::MemorySystem::Write:528: unmapped Write8 0x00000000 @ 0x00000B29 at PC 0x010F3548
[   4.426454] HW.Memory <Error> core\memory.cpp:Memory::MemorySystem::Write:528: unmapped Write8 0x00000000 @ 0x00000B2A at PC 0x010F3548
[   4.426455] HW.Memory <Error> core\memory.cpp:Memory::MemorySystem::Write:528: unmapped Write8 0x00000000 @ 0x00000B2B at PC 0x010F3548
[   4.426455] HW.Memory <Error> core\memory.cpp:Memory::MemorySystem::Write:528: unmapped Write8 0x00000000 @ 0x00000B2C at PC 0x010F3548
[   4.426456] HW.Memory <Error> core\memory.cpp:Memory::MemorySystem::Write:528: unmapped Write8 0x00000000 @ 0x00000B2D at PC 0x010F3548
[   4.426456] HW.Memory <Error> core\memory.cpp:Memory::MemorySystem::Write:528: unmapped Write8 0x00000000 @ 0x00000B2E at PC 0x010F3548
[   4.426457] HW.Memory <Error> core\memory.cpp:Memory::MemorySystem::Write:528: unmapped Write8 0x00000000 @ 0x00000B2F at PC 0x010F3548
[   4.426457] HW.Memory <Error> core\memory.cpp:Memory::MemorySystem::Write:528: unmapped Write8 0x00000000 @ 0x00000B30 at PC 0x010F3548
[   4.426458] HW.Memory <Error> core\memory.cpp:Memory::MemorySystem::Write:528: unmapped Write8 0x00000000 @ 0x00000B31 at PC 0x010F3548
[   4.426458] HW.Memory <Error> core\memory.cpp:Memory::MemorySystem::Write:528: unmapped Write8 0x00000000 @ 0x00000B32 at PC 0x010F3548
[   4.426459] HW.Memory <Error> core\memory.cpp:Memory::MemorySystem::Write:528: unmapped Write8 0x00000000 @ 0x00000B33 at PC 0x010F3548
[   4.426459] HW.Memory <Error> core\memory.cpp:Memory::MemorySystem::Write:528: unmapped Write8 0x00000000 @ 0x00000B34 at PC 0x010F3548
[   4.426460] HW.Memory <Error> core\memory.cpp:Memory::MemorySystem::Write:528: unmapped Write8 0x00000000 @ 0x00000B35 at PC 0x010F3548
[   4.426460] HW.Memory <Error> core\memory.cpp:Memory::MemorySystem::Write:528: unmapped Write8 0x00000000 @ 0x00000B36 at PC 0x010F3548
[   4.426461] HW.Memory <Error> core\memory.cpp:Memory::MemorySystem::Write:528: unmapped Write8 0x00000000 @ 0x00000B37 at PC 0x010F3548
[   4.426461] HW.Memory <Error> core\memory.cpp:Memory::MemorySystem::Write:528: unmapped Write8 0x00000000 @ 0x00000B38 at PC 0x010F3548
[   4.426462] HW.Memory <Error> core\memory.cpp:Memory::MemorySystem::Write:528: unmapped Write8 0x00000000 @ 0x00000B39 at PC 0x010F3548
[   4.426462] HW.Memory <Error> core\memory.cpp:Memory::MemorySystem::Write:528: unmapped Write8 0x00000000 @ 0x00000B3A at PC 0x010F3548
[   4.426463] HW.Memory <Error> core\memory.cpp:Memory::MemorySystem::Write:528: unmapped Write8 0x00000000 @ 0x00000B3B at PC 0x010F3548
[   4.426463] HW.Memory <Error> core\memory.cpp:Memory::MemorySystem::Write:528: unmapped Write8 0x00000000 @ 0x00000B3C at PC 0x010F3548
[   4.426464] HW.Memory <Error> core\memory.cpp:Memory::MemorySystem::Write:528: unmapped Write8 0x00000000 @ 0x00000B3D at PC 0x010F3548
[   4.426464] HW.Memory <Error> core\memory.cpp:Memory::MemorySystem::Write:528: unmapped Write8 0x00000000 @ 0x00000B3E at PC 0x010F3548
[   4.426465] HW.Memory <Error> core\memory.cpp:Memory::MemorySystem::Write:528: unmapped Write8 0x00000000 @ 0x00000B3F at PC 0x010F3548
[   4.426465] HW.Memory <Error> core\memory.cpp:Memory::MemorySystem::Write:528: unmapped Write8 0x00000000 @ 0x00000B40 at PC 0x010F3548
[   4.426466] HW.Memory <Error> core\memory.cpp:Memory::MemorySystem::Write:528: unmapped Write8 0x00000000 @ 0x00000B41 at PC 0x010F3548
[   4.426466] HW.Memory <Error> core\memory.cpp:Memory::MemorySystem::Write:528: unmapped Write8 0x00000000 @ 0x00000B42 at PC 0x010F3548
[   4.426467] HW.Memory <Error> core\memory.cpp:Memory::MemorySystem::Write:528: unmapped Write8 0x00000000 @ 0x00000B43 at PC 0x010F3548
[   4.426467] HW.Memory <Error> core\memory.cpp:Memory::MemorySystem::Write:528: unmapped Write8 0x00000000 @ 0x00000B44 at PC 0x010F3548
[   4.426468] HW.Memory <Error> core\memory.cpp:Memory::MemorySystem::Write:528: unmapped Write8 0x00000000 @ 0x00000B45 at PC 0x010F3548
[   4.426468] HW.Memory <Error> core\memory.cpp:Memory::MemorySystem::Write:528: unmapped Write8 0x00000000 @ 0x00000B46 at PC 0x010F3548
[   4.426469] HW.Memory <Error> core\memory.cpp:Memory::MemorySystem::Write:528: unmapped Write8 0x00000000 @ 0x00000B47 at PC 0x010F3548
[   4.426469] HW.Memory <Error> core\memory.cpp:Memory::MemorySystem::Write:528: unmapped Write8 0x00000000 @ 0x00000B48 at PC 0x010F3548
[   4.426470] HW.Memory <Error> core\memory.cpp:Memory::MemorySystem::Write:528: unmapped Write8 0x00000000 @ 0x00000B49 at PC 0x010F3548
[   4.426471] HW.Memory <Error> core\memory.cpp:Memory::MemorySystem::Write:528: unmapped Write8 0x00000000 @ 0x00000B4A at PC 0x010F3548
[   4.426471] HW.Memory <Error> core\memory.cpp:Memory::MemorySystem::Write:528: unmapped Write8 0x00000000 @ 0x00000B4B at PC 0x010F3548
[   4.426472] HW.Memory <Error> core\memory.cpp:Memory::MemorySystem::Write:528: unmapped Write8 0x00000000 @ 0x00000B4C at PC 0x010F3548
[   4.426472] HW.Memory <Error> core\memory.cpp:Memory::MemorySystem::Write:528: unmapped Write8 0x00000000 @ 0x00000B4D at PC 0x010F3548
[   4.426473] HW.Memory <Error> core\memory.cpp:Memory::MemorySystem::Write:528: unmapped Write8 0x00000000 @ 0x00000B4E at PC 0x010F3548
[   4.426473] HW.Memory <Error> core\memory.cpp:Memory::MemorySystem::Write:528: unmapped Write8 0x00000000 @ 0x00000B4F at PC 0x010F3548
[   4.426474] HW.Memory <Error> core\memory.cpp:Memory::MemorySystem::Write:528: unmapped Write8 0x00000000 @ 0x00000B50 at PC 0x010F3548
[   4.426474] HW.Memory <Error> core\memory.cpp:Memory::MemorySystem::Write:528: unmapped Write8 0x00000000 @ 0x00000B51 at PC 0x010F3548
[   4.426475] HW.Memory <Error> core\memory.cpp:Memory::MemorySystem::Write:528: unmapped Write8 0x00000000 @ 0x00000B52 at PC 0x010F3548
[   4.426475] HW.Memory <Error> core\memory.cpp:Memory::MemorySystem::Write:528: unmapped Write8 0x00000000 @ 0x00000B53 at PC 0x010F3548
[   4.426476] HW.Memory <Error> core\memory.cpp:Memory::MemorySystem::Write:528: unmapped Write8 0x00000000 @ 0x00000B54 at PC 0x010F3548
[   4.426476] HW.Memory <Error> core\memory.cpp:Memory::MemorySystem::Write:528: unmapped Write8 0x00000000 @ 0x00000B55 at PC 0x010F3548
[   4.426477] HW.Memory <Error> core\memory.cpp:Memory::MemorySystem::Write:528: unmapped Write8 0x00000000 @ 0x00000B56 at PC 0x010F3548
[   4.426478] HW.Memory <Error> core\memory.cpp:Memory::MemorySystem::Write:528: unmapped Write8 0x00000000 @ 0x00000B57 at PC 0x010F3548
[   4.426478] HW.Memory <Error> core\memory.cpp:Memory::MemorySystem::Write:528: unmapped Write8 0x00000000 @ 0x00000B58 at PC 0x010F3548
[   4.426479] HW.Memory <Error> core\memory.cpp:Memory::MemorySystem::Write:528: unmapped Write8 0x00000000 @ 0x00000B59 at PC 0x010F3548
[   4.426479] HW.Memory <Error> core\memory.cpp:Memory::MemorySystem::Write:528: unmapped Write8 0x00000000 @ 0x00000B5A at PC 0x010F3548
[   4.426480] HW.Memory <Error> core\memory.cpp:Memory::MemorySystem::Write:528: unmapped Write8 0x00000000 @ 0x00000B5B at PC 0x010F3548
[   4.426480] HW.Memory <Error> core\memory.cpp:Memory::MemorySystem::Write:528: unmapped Write8 0x00000000 @ 0x00000B5C at PC 0x010F3548
[   4.426481] HW.Memory <Error> core\memory.cpp:Memory::MemorySystem::Write:528: unmapped Write8 0x00000000 @ 0x00000B5D at PC 0x010F3548
[   4.426481] HW.Memory <Error> core\memory.cpp:Memory::MemorySystem::Write:528: unmapped Write8 0x00000000 @ 0x00000B5E at PC 0x010F3548
[   4.426482] HW.Memory <Error> core\memory.cpp:Memory::MemorySystem::Write:528: unmapped Write8 0x00000000 @ 0x00000B5F at PC 0x010F3548
[   4.426482] HW.Memory <Error> core\memory.cpp:Memory::MemorySystem::Write:528: unmapped Write8 0x00000000 @ 0x00000B60 at PC 0x010F3548
[   4.426483] HW.Memory <Error> core\memory.cpp:Memory::MemorySystem::Write:528: unmapped Write8 0x00000000 @ 0x00000B61 at PC 0x010F3548
[   4.426484] HW.Memory <Error> core\memory.cpp:Memory::MemorySystem::Write:528: unmapped Write8 0x00000000 @ 0x00000B62 at PC 0x010F3548
[   4.426484] HW.Memory <Error> core\memory.cpp:Memory::MemorySystem::Write:528: unmapped Write8 0x00000000 @ 0x00000B63 at PC 0x010F3548
[   4.426485] HW.Memory <Error> core\memory.cpp:Memory::MemorySystem::Write:528: unmapped Write8 0x00000000 @ 0x00000B64 at PC 0x010F3548
[   4.426485] HW.Memory <Error> core\memory.cpp:Memory::MemorySystem::Write:528: unmapped Write8 0x00000000 @ 0x00000B65 at PC 0x010F3548
[   4.426486] HW.Memory <Error> core\memory.cpp:Memory::MemorySystem::Write:528: unmapped Write8 0x00000000 @ 0x00000B66 at PC 0x010F3548
[   4.426486] HW.Memory <Error> core\memory.cpp:Memory::MemorySystem::Write:528: unmapped Write8 0x00000000 @ 0x00000B67 at PC 0x010F3548
[   4.426487] HW.Memory <Error> core\memory.cpp:Memory::MemorySystem::Write:528: unmapped Write8 0x00000000 @ 0x00000B68 at PC 0x010F3548
[   4.426487] HW.Memory <Error> core\memory.cpp:Memory::MemorySystem::Write:528: unmapped Write8 0x00000000 @ 0x00000B69 at PC 0x010F3548
[   4.426488] HW.Memory <Error> core\memory.cpp:Memory::MemorySystem::Write:528: unmapped Write8 0x00000000 @ 0x00000B6A at PC 0x010F3548
[   4.426488] HW.Memory <Error> core\memory.cpp:Memory::MemorySystem::Write:528: unmapped Write8 0x00000000 @ 0x00000B6B at PC 0x010F3548
[   4.426489] HW.Memory <Error> core\memory.cpp:Memory::MemorySystem::Write:528: unmapped Write8 0x00000000 @ 0x00000B6C at PC 0x010F3548
[   4.426489] HW.Memory <Error> core\memory.cpp:Memory::MemorySystem::Write:528: unmapped Write8 0x00000000 @ 0x00000B6D at PC 0x010F3548
[   4.426490] HW.Memory <Error> core\memory.cpp:Memory::MemorySystem::Write:528: unmapped Write8 0x00000000 @ 0x00000B6E at PC 0x010F3548
[   4.426490] HW.Memory <Error> core\memory.cpp:Memory::MemorySystem::Write:528: unmapped Write8 0x00000000 @ 0x00000B6F at PC 0x010F3548
[   4.426491] HW.Memory <Error> core\memory.cpp:Memory::MemorySystem::Write:528: unmapped Write8 0x00000000 @ 0x00000B70 at PC 0x010F3548
[   4.426491] HW.Memory <Error> core\memory.cpp:Memory::MemorySystem::Write:528: unmapped Write8 0x00000000 @ 0x00000B71 at PC 0x010F3548
[   4.426492] HW.Memory <Error> core\memory.cpp:Memory::MemorySystem::Write:528: unmapped Write8 0x00000000 @ 0x00000B72 at PC 0x010F3548
[   4.426492] HW.Memory <Error> core\memory.cpp:Memory::MemorySystem::Write:528: unmapped Write8 0x00000000 @ 0x00000B73 at PC 0x010F3548
[   4.426493] HW.Memory <Error> core\memory.cpp:Memory::MemorySystem::Write:528: unmapped Write8 0x00000000 @ 0x00000B74 at PC 0x010F3548
[   4.426493] HW.Memory <Error> core\memory.cpp:Memory::MemorySystem::Write:528: unmapped Write8 0x00000000 @ 0x00000B75 at PC 0x010F3548
[   4.426494] HW.Memory <Error> core\memory.cpp:Memory::MemorySystem::Write:528: unmapped Write8 0x00000000 @ 0x00000B76 at PC 0x010F3548
[   4.426495] HW.Memory <Error> core\memory.cpp:Memory::MemorySystem::Write:528: unmapped Write8 0x00000000 @ 0x00000B77 at PC 0x010F3548
[   4.426495] HW.Memory <Error> core\memory.cpp:Memory::MemorySystem::Write:528: unmapped Write8 0x00000000 @ 0x00000B78 at PC 0x010F3548
[   4.426496] HW.Memory <Error> core\memory.cpp:Memory::MemorySystem::Write:528: unmapped Write8 0x00000000 @ 0x00000B79 at PC 0x010F3548
[   4.426496] HW.Memory <Error> core\memory.cpp:Memory::MemorySystem::Write:528: unmapped Write8 0x00000000 @ 0x00000B7A at PC 0x010F3548
[   4.426497] HW.Memory <Error> core\memory.cpp:Memory::MemorySystem::Write:528: unmapped Write8 0x00000000 @ 0x00000B7B at PC 0x010F3548
[   4.426497] HW.Memory <Error> core\memory.cpp:Memory::MemorySystem::Write:528: unmapped Write8 0x00000000 @ 0x00000B7C at PC 0x010F3548
[   4.426498] HW.Memory <Error> core\memory.cpp:Memory::MemorySystem::Write:528: unmapped Write8 0x00000000 @ 0x00000B7D at PC 0x010F3548
[   4.426498] HW.Memory <Error> core\memory.cpp:Memory::MemorySystem::Write:528: unmapped Write8 0x00000000 @ 0x00000B7E at PC 0x010F3548
[   4.426499] HW.Memory <Error> core\memory.cpp:Memory::MemorySystem::Write:528: unmapped Write8 0x00000000 @ 0x00000B7F at PC 0x010F3548
[   4.426499] HW.Memory <Error> core\memory.cpp:Memory::MemorySystem::Write:528: unmapped Write8 0x00000000 @ 0x00000B80 at PC 0x010F3548
[   4.426500] HW.Memory <Error> core\memory.cpp:Memory::MemorySystem::Write:528: unmapped Write8 0x00000000 @ 0x00000B81 at PC 0x010F3548
[   4.426500] HW.Memory <Error> core\memory.cpp:Memory::MemorySystem::Write:528: unmapped Write8 0x00000000 @ 0x00000B82 at PC 0x010F3548
[   4.426501] HW.Memory <Error> core\memory.cpp:Memory::MemorySystem::Write:528: unmapped Write8 0x00000000 @ 0x00000B83 at PC 0x010F3548
[   4.426502] HW.Memory <Error> core\memory.cpp:Memory::MemorySystem::Write:528: unmapped Write8 0x00000000 @ 0x00000B84 at PC 0x010F3548
[   4.426502] HW.Memory <Error> core\memory.cpp:Memory::MemorySystem::Write:528: unmapped Write8 0x00000000 @ 0x00000B85 at PC 0x010F3548
[   4.426503] HW.Memory <Error> core\memory.cpp:Memory::MemorySystem::Write:528: unmapped Write8 0x00000000 @ 0x00000B86 at PC 0x010F3548
[   4.426503] HW.Memory <Error> core\memory.cpp:Memory::MemorySystem::Write:528: unmapped Write8 0x00000000 @ 0x00000B87 at PC 0x010F3548
[   4.426504] HW.Memory <Error> core\memory.cpp:Memory::MemorySystem::Write:528: unmapped Write8 0x00000000 @ 0x00000B88 at PC 0x010F3548
[   4.426504] HW.Memory <Error> core\memory.cpp:Memory::MemorySystem::Write:528: unmapped Write8 0x00000000 @ 0x00000B89 at PC 0x010F3548
[   4.426505] HW.Memory <Error> core\memory.cpp:Memory::MemorySystem::Write:528: unmapped Write8 0x00000000 @ 0x00000B8A at PC 0x010F3548
[   4.426505] HW.Memory <Error> core\memory.cpp:Memory::MemorySystem::Write:528: unmapped Write8 0x00000000 @ 0x00000B8B at PC 0x010F3548
[   4.426506] HW.Memory <Error> core\memory.cpp:Memory::MemorySystem::Write:528: unmapped Write8 0x00000000 @ 0x00000B8C at PC 0x010F3548
[   4.426506] HW.Memory <Error> core\memory.cpp:Memory::MemorySystem::Write:528: unmapped Write8 0x00000000 @ 0x00000B8D at PC 0x010F3548
[   4.426507] HW.Memory <Error> core\memory.cpp:Memory::MemorySystem::Write:528: unmapped Write8 0x00000000 @ 0x00000B8E at PC 0x010F3548
[   4.426507] HW.Memory <Error> core\memory.cpp:Memory::MemorySystem::Write:528: unmapped Write8 0x00000000 @ 0x00000B8F at PC 0x010F3548
[   4.426508] HW.Memory <Error> core\memory.cpp:Memory::MemorySystem::Write:528: unmapped Write8 0x00000000 @ 0x00000B90 at PC 0x010F3548
[   4.426508] HW.Memory <Error> core\memory.cpp:Memory::MemorySystem::Write:528: unmapped Write8 0x00000000 @ 0x00000B91 at PC 0x010F3548
[   4.426509] HW.Memory <Error> core\memory.cpp:Memory::MemorySystem::Write:528: unmapped Write8 0x00000000 @ 0x00000B92 at PC 0x010F3548
[   4.426509] HW.Memory <Error> core\memory.cpp:Memory::MemorySystem::Write:528: unmapped Write8 0x00000000 @ 0x00000B93 at PC 0x010F3548
[   4.426510] HW.Memory <Error> core\memory.cpp:Memory::MemorySystem::Write:528: unmapped Write8 0x00000000 @ 0x00000B94 at PC 0x010F3548
[   4.426510] HW.Memory <Error> core\memory.cpp:Memory::MemorySystem::Write:528: unmapped Write8 0x00000000 @ 0x00000B95 at PC 0x010F3548
[   4.426511] HW.Memory <Error> core\memory.cpp:Memory::MemorySystem::Write:528: unmapped Write8 0x00000000 @ 0x00000B96 at PC 0x010F3548
[   4.426512] HW.Memory <Error> core\memory.cpp:Memory::MemorySystem::Write:528: unmapped Write8 0x00000000 @ 0x00000B97 at PC 0x010F3548
[   4.426512] HW.Memory <Error> core\memory.cpp:Memory::MemorySystem::Write:528: unmapped Write8 0x00000000 @ 0x00000B98 at PC 0x010F3548
[   4.426513] HW.Memory <Error> core\memory.cpp:Memory::MemorySystem::Write:528: unmapped Write8 0x00000000 @ 0x00000B99 at PC 0x010F3548
[   4.426513] HW.Memory <Error> core\memory.cpp:Memory::MemorySystem::Write:528: unmapped Write8 0x00000000 @ 0x00000B9A at PC 0x010F3548
[   4.426514] HW.Memory <Error> core\memory.cpp:Memory::MemorySystem::Write:528: unmapped Write8 0x00000000 @ 0x00000B9B at PC 0x010F3548
[   4.426514] HW.Memory <Error> core\memory.cpp:Memory::MemorySystem::Write:528: unmapped Write8 0x00000000 @ 0x00000B9C at PC 0x010F3548
[   4.426515] HW.Memory <Error> core\memory.cpp:Memory::MemorySystem::Write:528: unmapped Write8 0x00000000 @ 0x00000B9D at PC 0x010F3548
[   4.426516] HW.Memory <Error> core\memory.cpp:Memory::MemorySystem::Write:528: unmapped Write8 0x00000000 @ 0x00000B9E at PC 0x010F3548
[   4.426516] HW.Memory <Error> core\memory.cpp:Memory::MemorySystem::Write:528: unmapped Write8 0x00000000 @ 0x00000B9F at PC 0x010F3548
[   4.426517] HW.Memory <Error> core\memory.cpp:Memory::MemorySystem::Write:528: unmapped Write8 0x00000000 @ 0x00000BA0 at PC 0x010F3548
[   4.426517] HW.Memory <Error> core\memory.cpp:Memory::MemorySystem::Write:528: unmapped Write8 0x00000000 @ 0x00000BA1 at PC 0x010F3548
[   4.426518] HW.Memory <Error> core\memory.cpp:Memory::MemorySystem::Write:528: unmapped Write8 0x00000000 @ 0x00000BA2 at PC 0x010F3548
[   4.426518] HW.Memory <Error> core\memory.cpp:Memory::MemorySystem::Write:528: unmapped Write8 0x00000000 @ 0x00000BA3 at PC 0x010F3548
[   4.426519] HW.Memory <Error> core\memory.cpp:Memory::MemorySystem::Write:528: unmapped Write8 0x00000000 @ 0x00000BA4 at PC 0x010F3548
[   4.426519] HW.Memory <Error> core\memory.cpp:Memory::MemorySystem::Write:528: unmapped Write8 0x00000000 @ 0x00000BA5 at PC 0x010F3548
[   4.426520] HW.Memory <Error> core\memory.cpp:Memory::MemorySystem::Write:528: unmapped Write8 0x00000000 @ 0x00000BA6 at PC 0x010F3548
[   4.426520] HW.Memory <Error> core\memory.cpp:Memory::MemorySystem::Write:528: unmapped Write8 0x00000000 @ 0x00000BA7 at PC 0x010F3548
[   4.426521] HW.Memory <Error> core\memory.cpp:Memory::MemorySystem::Write:528: unmapped Write8 0x00000000 @ 0x00000BA8 at PC 0x010F3548
[   4.426521] HW.Memory <Error> core\memory.cpp:Memory::MemorySystem::Write:528: unmapped Write8 0x00000000 @ 0x00000BA9 at PC 0x010F3548
[   4.426522] HW.Memory <Error> core\memory.cpp:Memory::MemorySystem::Write:528: unmapped Write8 0x00000000 @ 0x00000BAA at PC 0x010F3548
[   4.426522] HW.Memory <Error> core\memory.cpp:Memory::MemorySystem::Write:528: unmapped Write8 0x00000000 @ 0x00000BAB at PC 0x010F3548
[   4.426523] HW.Memory <Error> core\memory.cpp:Memory::MemorySystem::Write:528: unmapped Write8 0x00000000 @ 0x00000BAC at PC 0x010F3548
[   4.426523] HW.Memory <Error> core\memory.cpp:Memory::MemorySystem::Write:528: unmapped Write8 0x00000000 @ 0x00000BAD at PC 0x010F3548
[   4.426524] HW.Memory <Error> core\memory.cpp:Memory::MemorySystem::Write:528: unmapped Write8 0x00000000 @ 0x00000BAE at PC 0x010F3548
[   4.426525] HW.Memory <Error> core\memory.cpp:Memory::MemorySystem::Write:528: unmapped Write8 0x00000000 @ 0x00000BAF at PC 0x010F3548
[   4.426525] HW.Memory <Error> core\memory.cpp:Memory::MemorySystem::Write:528: unmapped Write8 0x00000000 @ 0x00000BB0 at PC 0x010F3548
[   4.426526] HW.Memory <Error> core\memory.cpp:Memory::MemorySystem::Write:528: unmapped Write8 0x00000000 @ 0x00000BB1 at PC 0x010F3548
[   4.426526] HW.Memory <Error> core\memory.cpp:Memory::MemorySystem::Write:528: unmapped Write8 0x00000000 @ 0x00000BB2 at PC 0x010F3548
[   4.426527] HW.Memory <Error> core\memory.cpp:Memory::MemorySystem::Write:528: unmapped Write8 0x00000000 @ 0x00000BB3 at PC 0x010F3548
[   4.426527] HW.Memory <Error> core\memory.cpp:Memory::MemorySystem::Write:528: unmapped Write8 0x00000000 @ 0x00000BB4 at PC 0x010F3548
[   4.426528] HW.Memory <Error> core\memory.cpp:Memory::MemorySystem::Write:528: unmapped Write8 0x00000000 @ 0x00000BB5 at PC 0x010F3548
[   4.426528] HW.Memory <Error> core\memory.cpp:Memory::MemorySystem::Write:528: unmapped Write8 0x00000000 @ 0x00000BB6 at PC 0x010F3548
[   4.426529] HW.Memory <Error> core\memory.cpp:Memory::MemorySystem::Write:528: unmapped Write8 0x00000000 @ 0x00000BB7 at PC 0x010F3548
[   4.426529] HW.Memory <Error> core\memory.cpp:Memory::MemorySystem::Write:528: unmapped Write8 0x00000000 @ 0x00000BB8 at PC 0x010F3548
[   4.426530] HW.Memory <Error> core\memory.cpp:Memory::MemorySystem::Write:528: unmapped Write8 0x00000000 @ 0x00000BB9 at PC 0x010F3548
[   4.426531] HW.Memory <Error> core\memory.cpp:Memory::MemorySystem::Write:528: unmapped Write8 0x00000000 @ 0x00000BBA at PC 0x010F3548
[   4.426531] HW.Memory <Error> core\memory.cpp:Memory::MemorySystem::Write:528: unmapped Write8 0x00000000 @ 0x00000BBB at PC 0x010F3548
[   4.426532] HW.Memory <Error> core\memory.cpp:Memory::MemorySystem::Write:528: unmapped Write8 0x00000000 @ 0x00000BBC at PC 0x010F3548
[   4.426532] HW.Memory <Error> core\memory.cpp:Memory::MemorySystem::Write:528: unmapped Write8 0x00000000 @ 0x00000BBD at PC 0x010F3548
[   4.426533] HW.Memory <Error> core\memory.cpp:Memory::MemorySystem::Write:528: unmapped Write8 0x00000000 @ 0x00000BBE at PC 0x010F3548
[   4.426533] HW.Memory <Error> core\memory.cpp:Memory::MemorySystem::Write:528: unmapped Write8 0x00000000 @ 0x00000BBF at PC 0x010F3548
[   4.426534] HW.Memory <Error> core\memory.cpp:Memory::MemorySystem::Write:528: unmapped Write8 0x00000000 @ 0x00000BC0 at PC 0x010F3548
[   4.426534] HW.Memory <Error> core\memory.cpp:Memory::MemorySystem::Write:528: unmapped Write8 0x00000000 @ 0x00000BC1 at PC 0x010F3548
[   4.426535] HW.Memory <Error> core\memory.cpp:Memory::MemorySystem::Write:528: unmapped Write8 0x00000000 @ 0x00000BC2 at PC 0x010F3548
[   4.426535] HW.Memory <Error> core\memory.cpp:Memory::MemorySystem::Write:528: unmapped Write8 0x00000000 @ 0x00000BC3 at PC 0x010F3548
[   4.426536] HW.Memory <Error> core\memory.cpp:Memory::MemorySystem::Write:528: unmapped Write8 0x00000000 @ 0x00000BC4 at PC 0x010F3548
[   4.426536] HW.Memory <Error> core\memory.cpp:Memory::MemorySystem::Write:528: unmapped Write8 0x00000000 @ 0x00000BC5 at PC 0x010F3548
[   4.426537] HW.Memory <Error> core\memory.cpp:Memory::MemorySystem::Write:528: unmapped Write8 0x00000000 @ 0x00000BC6 at PC 0x010F3548
[   4.426537] HW.Memory <Error> core\memory.cpp:Memory::MemorySystem::Write:528: unmapped Write8 0x00000000 @ 0x00000BC7 at PC 0x010F3548
[   4.426538] HW.Memory <Error> core\memory.cpp:Memory::MemorySystem::Write:528: unmapped Write8 0x00000000 @ 0x00000BC8 at PC 0x010F3548
[   4.426539] HW.Memory <Error> core\memory.cpp:Memory::MemorySystem::Write:528: unmapped Write8 0x00000000 @ 0x00000BC9 at PC 0x010F3548
[   4.426539] HW.Memory <Error> core\memory.cpp:Memory::MemorySystem::Write:528: unmapped Write8 0x00000000 @ 0x00000BCA at PC 0x010F3548
[   4.426540] HW.Memory <Error> core\memory.cpp:Memory::MemorySystem::Write:528: unmapped Write8 0x00000000 @ 0x00000BCB at PC 0x010F3548
[   4.426540] HW.Memory <Error> core\memory.cpp:Memory::MemorySystem::Write:528: unmapped Write8 0x00000000 @ 0x00000BCC at PC 0x010F3548
[   4.426541] HW.Memory <Error> core\memory.cpp:Memory::MemorySystem::Write:528: unmapped Write8 0x00000000 @ 0x00000BCD at PC 0x010F3548
[   4.426541] HW.Memory <Error> core\memory.cpp:Memory::MemorySystem::Write:528: unmapped Write8 0x00000000 @ 0x00000BCE at PC 0x010F3548
[   4.426542] HW.Memory <Error> core\memory.cpp:Memory::MemorySystem::Write:528: unmapped Write8 0x00000000 @ 0x00000BCF at PC 0x010F3548
[   4.426542] HW.Memory <Error> core\memory.cpp:Memory::MemorySystem::Write:528: unmapped Write8 0x00000000 @ 0x00000BD0 at PC 0x010F3548
[   4.426543] HW.Memory <Error> core\memory.cpp:Memory::MemorySystem::Write:528: unmapped Write8 0x00000000 @ 0x00000BD1 at PC 0x010F3548
[   4.426543] HW.Memory <Error> core\memory.cpp:Memory::MemorySystem::Write:528: unmapped Write8 0x00000000 @ 0x00000BD2 at PC 0x010F3548
[   4.426544] HW.Memory <Error> core\memory.cpp:Memory::MemorySystem::Write:528: unmapped Write8 0x00000000 @ 0x00000BD3 at PC 0x010F3548
[   4.426544] HW.Memory <Error> core\memory.cpp:Memory::MemorySystem::Write:528: unmapped Write8 0x00000000 @ 0x00000BD4 at PC 0x010F3548
[   4.426545] HW.Memory <Error> core\memory.cpp:Memory::MemorySystem::Write:528: unmapped Write8 0x00000000 @ 0x00000BD5 at PC 0x010F3548
[   4.426546] HW.Memory <Error> core\memory.cpp:Memory::MemorySystem::Write:528: unmapped Write8 0x00000000 @ 0x00000BD6 at PC 0x010F3548
[   4.426546] HW.Memory <Error> core\memory.cpp:Memory::MemorySystem::Write:528: unmapped Write8 0x00000000 @ 0x00000BD7 at PC 0x010F3548
[   4.426547] HW.Memory <Error> core\memory.cpp:Memory::MemorySystem::Write:528: unmapped Write8 0x00000000 @ 0x00000BD8 at PC 0x010F3548
[   4.426547] HW.Memory <Error> core\memory.cpp:Memory::MemorySystem::Write:528: unmapped Write8 0x00000000 @ 0x00000BD9 at PC 0x010F3548
[   4.426548] HW.Memory <Error> core\memory.cpp:Memory::MemorySystem::Write:528: unmapped Write8 0x00000000 @ 0x00000BDA at PC 0x010F3548
[   4.426549] HW.Memory <Error> core\memory.cpp:Memory::MemorySystem::Write:528: unmapped Write8 0x00000000 @ 0x00000BDB at PC 0x010F3548
[   4.426549] HW.Memory <Error> core\memory.cpp:Memory::MemorySystem::Write:528: unmapped Write8 0x00000000 @ 0x00000BDC at PC 0x010F3548
[   4.426550] HW.Memory <Error> core\memory.cpp:Memory::MemorySystem::Write:528: unmapped Write8 0x00000000 @ 0x00000BDD at PC 0x010F3548
[   4.426550] HW.Memory <Error> core\memory.cpp:Memory::MemorySystem::Write:528: unmapped Write8 0x00000000 @ 0x00000BDE at PC 0x010F3548
[   4.426551] HW.Memory <Error> core\memory.cpp:Memory::MemorySystem::Write:528: unmapped Write8 0x00000000 @ 0x00000BDF at PC 0x010F3548
[   4.426551] HW.Memory <Error> core\memory.cpp:Memory::MemorySystem::Write:528: unmapped Write8 0x00000000 @ 0x00000BE0 at PC 0x010F3548
[   4.426552] HW.Memory <Error> core\memory.cpp:Memory::MemorySystem::Write:528: unmapped Write8 0x00000000 @ 0x00000BE1 at PC 0x010F3548
[   4.426552] HW.Memory <Error> core\memory.cpp:Memory::MemorySystem::Write:528: unmapped Write8 0x00000000 @ 0x00000BE2 at PC 0x010F3548
[   4.426553] HW.Memory <Error> core\memory.cpp:Memory::MemorySystem::Write:528: unmapped Write8 0x00000000 @ 0x00000BE3 at PC 0x010F3548
[   4.426553] HW.Memory <Error> core\memory.cpp:Memory::MemorySystem::Write:528: unmapped Write8 0x00000000 @ 0x00000BE4 at PC 0x010F3548
[   4.426554] HW.Memory <Error> core\memory.cpp:Memory::MemorySystem::Write:528: unmapped Write8 0x00000000 @ 0x00000BE5 at PC 0x010F3548
[   4.426555] HW.Memory <Error> core\memory.cpp:Memory::MemorySystem::Write:528: unmapped Write8 0x00000000 @ 0x00000BE6 at PC 0x010F3548
[   4.426555] HW.Memory <Error> core\memory.cpp:Memory::MemorySystem::Write:528: unmapped Write8 0x00000000 @ 0x00000BE7 at PC 0x010F3548
[   4.426556] HW.Memory <Error> core\memory.cpp:Memory::MemorySystem::Write:528: unmapped Write8 0x00000000 @ 0x00000BE8 at PC 0x010F3548
[   4.426556] HW.Memory <Error> core\memory.cpp:Memory::MemorySystem::Write:528: unmapped Write8 0x00000000 @ 0x00000BE9 at PC 0x010F3548
[   4.426557] HW.Memory <Error> core\memory.cpp:Memory::MemorySystem::Write:528: unmapped Write8 0x00000000 @ 0x00000BEA at PC 0x010F3548
[   4.426557] HW.Memory <Error> core\memory.cpp:Memory::MemorySystem::Write:528: unmapped Write8 0x00000000 @ 0x00000BEB at PC 0x010F3548
[   4.426558] HW.Memory <Error> core\memory.cpp:Memory::MemorySystem::Write:528: unmapped Write8 0x00000000 @ 0x00000BEC at PC 0x010F3548
[   4.426558] HW.Memory <Error> core\memory.cpp:Memory::MemorySystem::Write:528: unmapped Write8 0x00000000 @ 0x00000BED at PC 0x010F3548
[   4.426559] HW.Memory <Error> core\memory.cpp:Memory::MemorySystem::Write:528: unmapped Write8 0x00000000 @ 0x00000BEE at PC 0x010F3548
[   4.426560] HW.Memory <Error> core\memory.cpp:Memory::MemorySystem::Write:528: unmapped Write8 0x00000000 @ 0x00000BEF at PC 0x010F3548
[   4.426560] HW.Memory <Error> core\memory.cpp:Memory::MemorySystem::Write:528: unmapped Write8 0x00000000 @ 0x00000BF0 at PC 0x010F3548
[   4.426561] HW.Memory <Error> core\memory.cpp:Memory::MemorySystem::Write:528: unmapped Write8 0x00000000 @ 0x00000BF1 at PC 0x010F3548
[   4.426561] HW.Memory <Error> core\memory.cpp:Memory::MemorySystem::Write:528: unmapped Write8 0x00000000 @ 0x00000BF2 at PC 0x010F3548
[   4.426562] HW.Memory <Error> core\memory.cpp:Memory::MemorySystem::Write:528: unmapped Write8 0x00000000 @ 0x00000BF3 at PC 0x010F3548
[   4.426562] HW.Memory <Error> core\memory.cpp:Memory::MemorySystem::Write:528: unmapped Write8 0x00000000 @ 0x00000BF4 at PC 0x010F3548
[   4.426563] HW.Memory <Error> core\memory.cpp:Memory::MemorySystem::Write:528: unmapped Write8 0x00000000 @ 0x00000BF5 at PC 0x010F3548
[   4.426563] HW.Memory <Error> core\memory.cpp:Memory::MemorySystem::Write:528: unmapped Write8 0x00000000 @ 0x00000BF6 at PC 0x010F3548
[   4.426564] HW.Memory <Error> core\memory.cpp:Memory::MemorySystem::Write:528: unmapped Write8 0x00000000 @ 0x00000BF7 at PC 0x010F3548
[   4.426564] HW.Memory <Error> core\memory.cpp:Memory::MemorySystem::Write:528: unmapped Write8 0x00000000 @ 0x00000BF8 at PC 0x010F3548
[   4.426565] HW.Memory <Error> core\memory.cpp:Memory::MemorySystem::Write:528: unmapped Write8 0x00000000 @ 0x00000BF9 at PC 0x010F3548
[   4.426565] HW.Memory <Error> core\memory.cpp:Memory::MemorySystem::Write:528: unmapped Write8 0x00000000 @ 0x00000BFA at PC 0x010F3548
[   4.426566] HW.Memory <Error> core\memory.cpp:Memory::MemorySystem::Write:528: unmapped Write8 0x00000000 @ 0x00000BFB at PC 0x010F3548
[   4.426566] HW.Memory <Error> core\memory.cpp:Memory::MemorySystem::Write:528: unmapped Write8 0x00000000 @ 0x00000BFC at PC 0x010F3548
[   4.426567] HW.Memory <Error> core\memory.cpp:Memory::MemorySystem::Write:528: unmapped Write8 0x00000000 @ 0x00000BFD at PC 0x010F3548
[   4.426567] HW.Memory <Error> core\memory.cpp:Memory::MemorySystem::Write:528: unmapped Write8 0x00000000 @ 0x00000BFE at PC 0x010F3548
[   4.426568] HW.Memory <Error> core\memory.cpp:Memory::MemorySystem::Write:528: unmapped Write8 0x00000000 @ 0x00000BFF at PC 0x010F3548
[   4.426568] HW.Memory <Error> core\memory.cpp:Memory::MemorySystem::Write:528: unmapped Write8 0x00000000 @ 0x00000C00 at PC 0x010F3548
[   4.426569] HW.Memory <Error> core\memory.cpp:Memory::MemorySystem::Write:528: unmapped Write8 0x00000000 @ 0x00000C01 at PC 0x010F3548
[   4.426570] HW.Memory <Error> core\memory.cpp:Memory::MemorySystem::Write:528: unmapped Write8 0x00000000 @ 0x00000C02 at PC 0x010F3548
[   4.426570] HW.Memory <Error> core\memory.cpp:Memory::MemorySystem::Write:528: unmapped Write8 0x00000000 @ 0x00000C03 at PC 0x010F3548
[   4.426571] HW.Memory <Error> core\memory.cpp:Memory::MemorySystem::Write:528: unmapped Write8 0x00000000 @ 0x00000C04 at PC 0x010F3548
[   4.426571] HW.Memory <Error> core\memory.cpp:Memory::MemorySystem::Write:528: unmapped Write8 0x00000000 @ 0x00000C05 at PC 0x010F3548
[   4.426572] HW.Memory <Error> core\memory.cpp:Memory::MemorySystem::Write:528: unmapped Write8 0x00000000 @ 0x00000C06 at PC 0x010F3548
[   4.426572] HW.Memory <Error> core\memory.cpp:Memory::MemorySystem::Write:528: unmapped Write8 0x00000000 @ 0x00000C07 at PC 0x010F3548
[   4.426573] HW.Memory <Error> core\memory.cpp:Memory::MemorySystem::Write:528: unmapped Write8 0x00000000 @ 0x00000C08 at PC 0x010F3548
[   4.426573] HW.Memory <Error> core\memory.cpp:Memory::MemorySystem::Write:528: unmapped Write8 0x00000000 @ 0x00000C09 at PC 0x010F3548
[   4.426574] HW.Memory <Error> core\memory.cpp:Memory::MemorySystem::Write:528: unmapped Write8 0x00000000 @ 0x00000C0A at PC 0x010F3548
[   4.426574] HW.Memory <Error> core\memory.cpp:Memory::MemorySystem::Write:528: unmapped Write8 0x00000000 @ 0x00000C0B at PC 0x010F3548
[   4.426575] HW.Memory <Error> core\memory.cpp:Memory::MemorySystem::Write:528: unmapped Write8 0x00000000 @ 0x00000C0C at PC 0x010F3548
[   4.426575] HW.Memory <Error> core\memory.cpp:Memory::MemorySystem::Write:528: unmapped Write8 0x00000000 @ 0x00000C0D at PC 0x010F3548
[   4.426576] HW.Memory <Error> core\memory.cpp:Memory::MemorySystem::Write:528: unmapped Write8 0x00000000 @ 0x00000C0E at PC 0x010F3548
[   4.426576] HW.Memory <Error> core\memory.cpp:Memory::MemorySystem::Write:528: unmapped Write8 0x00000000 @ 0x00000C0F at PC 0x010F3548
[   4.426577] HW.Memory <Error> core\memory.cpp:Memory::MemorySystem::Write:528: unmapped Write8 0x00000000 @ 0x00000C10 at PC 0x010F3548
[   4.426577] HW.Memory <Error> core\memory.cpp:Memory::MemorySystem::Write:528: unmapped Write8 0x00000000 @ 0x00000C11 at PC 0x010F3548
[   4.426578] HW.Memory <Error> core\memory.cpp:Memory::MemorySystem::Write:528: unmapped Write8 0x00000000 @ 0x00000C12 at PC 0x010F3548
[   4.426578] HW.Memory <Error> core\memory.cpp:Memory::MemorySystem::Write:528: unmapped Write8 0x00000000 @ 0x00000C13 at PC 0x010F3548
[   4.426579] HW.Memory <Error> core\memory.cpp:Memory::MemorySystem::Write:528: unmapped Write8 0x00000000 @ 0x00000C14 at PC 0x010F3548
[   4.426579] HW.Memory <Error> core\memory.cpp:Memory::MemorySystem::Write:528: unmapped Write8 0x00000000 @ 0x00000C15 at PC 0x010F3548
[   4.426580] HW.Memory <Error> core\memory.cpp:Memory::MemorySystem::Write:528: unmapped Write8 0x00000000 @ 0x00000C16 at PC 0x010F3548
[   4.426580] HW.Memory <Error> core\memory.cpp:Memory::MemorySystem::Write:528: unmapped Write8 0x00000000 @ 0x00000C17 at PC 0x010F3548
[   4.426581] HW.Memory <Error> core\memory.cpp:Memory::MemorySystem::Write:528: unmapped Write8 0x00000000 @ 0x00000C18 at PC 0x010F3548
[   4.426582] HW.Memory <Error> core\memory.cpp:Memory::MemorySystem::Write:528: unmapped Write8 0x00000000 @ 0x00000C19 at PC 0x010F3548
[   4.426582] HW.Memory <Error> core\memory.cpp:Memory::MemorySystem::Write:528: unmapped Write8 0x00000000 @ 0x00000C1A at PC 0x010F3548
[   4.426583] HW.Memory <Error> core\memory.cpp:Memory::MemorySystem::Write:528: unmapped Write8 0x00000000 @ 0x00000C1B at PC 0x010F3548
[   4.426584] HW.Memory <Error> core\memory.cpp:Memory::MemorySystem::Write:528: unmapped Write8 0x00000000 @ 0x00000C1C at PC 0x010F3548
[   4.426584] HW.Memory <Error> core\memory.cpp:Memory::MemorySystem::Write:528: unmapped Write8 0x00000000 @ 0x00000C1D at PC 0x010F3548
[   4.426585] HW.Memory <Error> core\memory.cpp:Memory::MemorySystem::Write:528: unmapped Write8 0x00000000 @ 0x00000C1E at PC 0x010F3548
[   4.426585] HW.Memory <Error> core\memory.cpp:Memory::MemorySystem::Write:528: unmapped Write8 0x00000000 @ 0x00000C1F at PC 0x010F3548
[   4.426586] HW.Memory <Error> core\memory.cpp:Memory::MemorySystem::Write:528: unmapped Write8 0x00000000 @ 0x00000C20 at PC 0x010F3548
[   4.426586] HW.Memory <Error> core\memory.cpp:Memory::MemorySystem::Write:528: unmapped Write8 0x00000000 @ 0x00000C21 at PC 0x010F3548
[   4.426587] HW.Memory <Error> core\memory.cpp:Memory::MemorySystem::Write:528: unmapped Write8 0x00000000 @ 0x00000C22 at PC 0x010F3548
[   4.426587] HW.Memory <Error> core\memory.cpp:Memory::MemorySystem::Write:528: unmapped Write8 0x00000000 @ 0x00000C23 at PC 0x010F3548
[   4.426588] HW.Memory <Error> core\memory.cpp:Memory::MemorySystem::Write:528: unmapped Write8 0x00000000 @ 0x00000C24 at PC 0x010F3548
[   4.426588] HW.Memory <Error> core\memory.cpp:Memory::MemorySystem::Write:528: unmapped Write8 0x00000000 @ 0x00000C25 at PC 0x010F3548
[   4.426589] HW.Memory <Error> core\memory.cpp:Memory::MemorySystem::Write:528: unmapped Write8 0x00000000 @ 0x00000C26 at PC 0x010F3548
[   4.426589] HW.Memory <Error> core\memory.cpp:Memory::MemorySystem::Write:528: unmapped Write8 0x00000000 @ 0x00000C27 at PC 0x010F3548
[   4.426590] HW.Memory <Error> core\memory.cpp:Memory::MemorySystem::Read:479: unmapped Read8 @ 0x00000C28 at PC 0x010F348C
[   4.426591] HW.Memory <Error> core\memory.cpp:Memory::MemorySystem::Read:479: unmapped Read8 @ 0x00000828 at PC 0x010F348C
[   4.426592] HW.Memory <Error> core\memory.cpp:Memory::MemorySystem::Write:528: unmapped Write16 0x00000000 @ 0x00000024 at PC 0x010F34D0
[   4.426601] HW.Memory <Error> core\memory.cpp:Memory::MemorySystem::Impl::ReadBlockImpl:178: unmapped ReadBlock @ 0x00000024 (start address = 0x00000024, size = 2) at PC 0x010F0A78
[   4.426609] Service.FS <Error> core\file_sys\archive_sdmc.cpp:FileSys::SDMCArchive::OpenFileBase:64: Invalid path [Wchar: ]
[   4.545474] RPC_Server <Info> core\rpc\server.cpp:Core::RPC::Server::NewRequestCallback:36: Received end packet
[   4.546695] Audio.DSP <Info> audio_core\hle\aac_decoder.cpp:AudioCore::HLE::AACDecoder::~AACDecoder:35: Destroyed FAAD2 AAC decoder.
[   4.548250] Audio.Sink <Info> audio_core\cubeb_sink.cpp:AudioCore::CubebSink::Impl::StateCallback:138: Cubeb Audio Stream Stopped
[   4.557672] Kernel <Info> core\hle\kernel\process.cpp:Kernel::Process::~Process:634: Cleaning up process 11
[   4.557672] Kernel <Info> core\hle\kernel\process.cpp:Kernel::Process::~Process:634: Cleaning up process 11
