[   0.000457] Config <Info> citra\config.cpp:Config::LoadINI:46: Successfully loaded C:\Users\weyst\AppData\Roaming/Citra/config/sdl2-config.ini
[   0.110814] Input <Info> input_common\udp\client.cpp:InputCommon::CemuhookUDP::Client::StartCommunication:206: Starting communication with UDP input server on 127.0.0.1:26760
[   0.781443] Frontend <Info> citra\citra.cpp:main:404: Citra Version: Nightly 2104 | HEAD-0ff3440
[   0.781451] Config <Info> common\settings.cpp:Settings::LogSettings:83: Citra Configuration:
[   0.781455] Config <Info> common\settings.cpp:Settings::LogSettings::<lambda_1>::operator ():80: Core_UseCpuJit: true
[   0.781456] Config <Info> common\settings.cpp:Settings::LogSettings::<lambda_1>::operator ():80: Core_CPUClockPercentage: 100
[   0.781457] Config <Info> common\settings.cpp:Settings::LogSettings::<lambda_1>::operator ():80: Renderer_UseGLES: false
[   0.781458] Config <Info> common\settings.cpp:Settings::LogSettings::<lambda_1>::operator ():80: Renderer_GraphicsAPI: OpenGL
[   0.781458] Config <Info> common\settings.cpp:Settings::LogSettings::<lambda_1>::operator ():80: Renderer_AsyncShaders: false
[   0.781461] Config <Info> common\settings.cpp:Settings::LogSettings::<lambda_1>::operator ():80: Renderer_AsyncPresentation: true
[   0.781461] Config <Info> common\settings.cpp:Settings::LogSettings::<lambda_1>::operator ():80: Renderer_SpirvShaderGen: true
[   0.781463] Config <Info> common\settings.cpp:Settings::LogSettings::<lambda_1>::operator ():80: Renderer_Debug: false
[   0.781465] Config <Info> common\settings.cpp:Settings::LogSettings::<lambda_1>::operator ():80: Renderer_UseHwShader: true
[   0.781466] Config <Info> common\settings.cpp:Settings::LogSettings::<lambda_1>::operator ():80: Renderer_ShadersAccurateMul: true
[   0.781466] Config <Info> common\settings.cpp:Settings::LogSettings::<lambda_1>::operator ():80: Renderer_UseShaderJit: true
[   0.781467] Config <Info> common\settings.cpp:Settings::LogSettings::<lambda_1>::operator ():80: Renderer_UseResolutionFactor: 1
[   0.781468] Config <Info> common\settings.cpp:Settings::LogSettings::<lambda_1>::operator ():80: Renderer_FrameLimit: 100
[   0.781468] Config <Info> common\settings.cpp:Settings::LogSettings::<lambda_1>::operator ():80: Renderer_VSyncNew: true
[   0.781469] Config <Info> common\settings.cpp:Settings::LogSettings::<lambda_1>::operator ():80: Renderer_PostProcessingShader: none (builtin)
[   0.781470] Config <Info> common\settings.cpp:Settings::LogSettings::<lambda_1>::operator ():80: Renderer_FilterMode: true
[   0.781470] Config <Info> common\settings.cpp:Settings::LogSettings::<lambda_1>::operator ():80: Renderer_TextureFilter: None
[   0.781471] Config <Info> common\settings.cpp:Settings::LogSettings::<lambda_1>::operator ():80: Renderer_TextureSampling: GameControlled
[   0.781472] Config <Info> common\settings.cpp:Settings::LogSettings::<lambda_1>::operator ():80: Stereoscopy_Render3d: 0
[   0.781473] Config <Info> common\settings.cpp:Settings::LogSettings::<lambda_1>::operator ():80: Stereoscopy_Factor3d: 0
[   0.781474] Config <Info> common\settings.cpp:Settings::LogSettings::<lambda_1>::operator ():80: Stereoscopy_MonoRenderOption: 0
[   0.781474] Config <Info> common\settings.cpp:Settings::LogSettings::<lambda_1>::operator ():80: Layout_LayoutOption: 0
[   0.781475] Config <Info> common\settings.cpp:Settings::LogSettings::<lambda_1>::operator ():80: Layout_SwapScreen: false
[   0.781476] Config <Info> common\settings.cpp:Settings::LogSettings::<lambda_1>::operator ():80: Layout_UprightScreen: false
[   0.781488] Config <Info> common\settings.cpp:Settings::LogSettings::<lambda_1>::operator ():80: Layout_LargeScreenProportion: 4
[   0.781489] Config <Info> common\settings.cpp:Settings::LogSettings::<lambda_1>::operator ():80: Utility_DumpTextures: false
[   0.781490] Config <Info> common\settings.cpp:Settings::LogSettings::<lambda_1>::operator ():80: Utility_CustomTextures: false
[   0.781491] Config <Info> common\settings.cpp:Settings::LogSettings::<lambda_1>::operator ():80: Utility_PreloadTextures: false
[   0.781491] Config <Info> common\settings.cpp:Settings::LogSettings::<lambda_1>::operator ():80: Utility_AsyncCustomLoading: true
[   0.781492] Config <Info> common\settings.cpp:Settings::LogSettings::<lambda_1>::operator ():80: Utility_UseDiskShaderCache: true
[   0.781493] Config <Info> common\settings.cpp:Settings::LogSettings::<lambda_1>::operator ():80: Audio_Emulation: HLE
[   0.781494] Config <Info> common\settings.cpp:Settings::LogSettings::<lambda_1>::operator ():80: Audio_OutputType: 0
[   0.781494] Config <Info> common\settings.cpp:Settings::LogSettings::<lambda_1>::operator ():80: Audio_OutputDevice: auto
[   0.781495] Config <Info> common\settings.cpp:Settings::LogSettings::<lambda_1>::operator ():80: Audio_InputType: 0
[   0.781495] Config <Info> common\settings.cpp:Settings::LogSettings::<lambda_1>::operator ():80: Audio_InputDevice: auto
[   0.781496] Config <Info> common\settings.cpp:Settings::LogSettings::<lambda_1>::operator ():80: Audio_EnableAudioStretching: true
[   0.781497] Config <Info> common\settings.cpp:Settings::LogSettings::<lambda_1>::operator ():80: Camera_OuterRightName: blank
[   0.781497] Config <Info> common\settings.cpp:Settings::LogSettings::<lambda_1>::operator ():80: Camera_OuterRightConfig: 
[   0.781498] Config <Info> common\settings.cpp:Settings::LogSettings::<lambda_1>::operator ():80: Camera_OuterRightFlip: 0
[   0.781499] Config <Info> common\settings.cpp:Settings::LogSettings::<lambda_1>::operator ():80: Camera_InnerName: blank
[   0.781500] Config <Info> common\settings.cpp:Settings::LogSettings::<lambda_1>::operator ():80: Camera_InnerConfig: 
[   0.781500] Config <Info> common\settings.cpp:Settings::LogSettings::<lambda_1>::operator ():80: Camera_InnerFlip: 0
[   0.781501] Config <Info> common\settings.cpp:Settings::LogSettings::<lambda_1>::operator ():80: Camera_OuterLeftName: blank
[   0.781501] Config <Info> common\settings.cpp:Settings::LogSettings::<lambda_1>::operator ():80: Camera_OuterLeftConfig: 
[   0.781504] Config <Info> common\settings.cpp:Settings::LogSettings::<lambda_1>::operator ():80: Camera_OuterLeftFlip: 0
[   0.781505] Config <Info> common\settings.cpp:Settings::LogSettings::<lambda_1>::operator ():80: DataStorage_UseVirtualSd: true
[   0.781505] Config <Info> common\settings.cpp:Settings::LogSettings::<lambda_1>::operator ():80: DataStorage_UseCustomStorage: false
[   0.781506] Config <Info> common\settings.cpp:Settings::LogSettings::<lambda_1>::operator ():80: System_IsNew3ds: true
[   0.781507] Config <Info> common\settings.cpp:Settings::LogSettings::<lambda_1>::operator ():80: System_LLEApplets: false
[   0.781507] Config <Info> common\settings.cpp:Settings::LogSettings::<lambda_1>::operator ():80: System_RegionValue: -1
[   0.781508] Config <Info> common\settings.cpp:Settings::LogSettings::<lambda_1>::operator ():80: System_PluginLoader: false
[   0.781508] Config <Info> common\settings.cpp:Settings::LogSettings::<lambda_1>::operator ():80: System_PluginLoaderAllowed: true
[   0.781509] Config <Info> common\settings.cpp:Settings::LogSettings::<lambda_1>::operator ():80: Debugging_DelayStartForLLEModules: true
[   0.781510] Config <Info> common\settings.cpp:Settings::LogSettings::<lambda_1>::operator ():80: Debugging_UseGdbstub: false
[   0.781510] Config <Info> common\settings.cpp:Settings::LogSettings::<lambda_1>::operator ():80: Debugging_GdbstubPort: 24689
[   0.857426] Audio.DSP <Info> audio_core\hle\aac_decoder.cpp:AudioCore::HLE::AACDecoder::AACDecoder:27: Created FAAD2 AAC decoder.
[   0.911016] Audio.Sink <Info> audio_core\cubeb_sink.cpp:AudioCore::CubebSink::Impl::StateCallback:135: Cubeb Audio Stream Started
[   0.911042] RPC_Server <Info> core\rpc\rpc_server.cpp:Core::RPC::RPCServer::RPCServer:14: Starting RPC server.
[   0.911301] RPC_Server <Info> core\rpc\rpc_server.cpp:Core::RPC::RPCServer::HandleRequestsLoop:104: Request handler started.
[   0.913290] Service.HTTP <Error> core\hle\service\http\http_c.cpp:Service::HTTP::HTTP_C::DecryptClCertA:1974: ClCertA file missing
[   0.913381] Render.OpenGL <Info> video_core\renderer_opengl\gl_driver.cpp:OpenGL::Driver::ReportDriverInfo:135: GL_VERSION: 4.3.0 NVIDIA 591.74
[   0.913382] Render.OpenGL <Info> video_core\renderer_opengl\gl_driver.cpp:OpenGL::Driver::ReportDriverInfo:136: GL_VENDOR: NVIDIA Corporation
[   0.913383] Render.OpenGL <Info> video_core\renderer_opengl\gl_driver.cpp:OpenGL::Driver::ReportDriverInfo:137: GL_RENDERER: NVIDIA GeForce RTX 4050 Laptop GPU/PCIe/SSE2
[   0.996452] Loader <Info> core\loader\ncch.cpp:Loader::AppLoader_NCCH::Load:268: Program ID: 0004000000F0A100
[   0.996548] Service.FS <Warning> core\file_sys\ncch_container.cpp:FileSys::NCCHContainer::OpenFile:126: Failed to open C:\Users\weyst\AppData\Roaming/Citra/sdmc/Nintendo 3DS/00000000000000000000000000000000/00000000000000000000000000000000/title/0004000e/00f0a100/content/00000000.app
[   1.082324] Loader <Info> core\hle\kernel\process.cpp:Kernel::Process::ParseKernelCaps:196: ExHeader kernel version: 2.33
[   1.097130] Render.OpenGL <Info> video_core\renderer_opengl\gl_shader_disk_cache.cpp:OpenGL::ShaderDiskCache::LoadTransferable:175: Found a transferable disk cache with 0 entries
[   1.097148] Render.OpenGL <Info> video_core\renderer_opengl\gl_shader_disk_cache.cpp:OpenGL::ShaderDiskCache::LoadPrecompiled:186: No precompiled shader cache found for game with title id=0004000000F0A100
[   5.264558] Service.SRV <Warning> core\hle\service\sm\srv.cpp:Service::SM::SRV::RegisterClient:63: (STUBBED) called. Caller PID=11
[   5.293985] Service.APT <Warning> core\hle\service\apt\apt.cpp:Service::APT::Module::APTInterface::NotifyToWait:343: (STUBBED) app_id=768
[   5.294965] Service <Error> core\hle\service\service.cpp:Service::ServiceFrameworkBase::ReportUnimplementedFunction:168: unknown / unimplemented function 'ConfigureNew3DSCPU': port='ptm:sysm' cmd_buf={[0]=0x8180040 (0x0818, 1, 0), [1]=0x0}
[   5.295185] Service.APT <Warning> core\hle\service\apt\apt.cpp:Service::APT::Module::APTInterface::AppletUtility:694: (STUBBED) called command=0X00000007, input_size=0X00000004, output_size=0X00000001
[   5.295339] Service.APT <Warning> core\hle\service\apt\apt.cpp:Service::APT::Module::APTInterface::AppletUtility:694: (STUBBED) called command=0X00000004, input_size=0X00000001, output_size=0X00000001
[   5.547009] Service.FS <Error> core/file_sys/archive_backend.h:FileSys::ArchiveBackend::GetOpenDelayNs:194: Delay generator was not initalized. Using default
[   5.563144] HW.Memory <Error> core\memory.cpp:Memory::MemorySystem::Write:528: unmapped Write8 0x0000002F @ 0x00000828 at PC 0x010F3548
[   5.563154] HW.Memory <Error> core\memory.cpp:Memory::MemorySystem::Write:528: unmapped Write8 0x0000006F @ 0x00000829 at PC 0x010F3548
[   5.563155] HW.Memory <Error> core\memory.cpp:Memory::MemorySystem::Write:528: unmapped Write8 0x00000070 @ 0x0000082A at PC 0x010F3548
[   5.563156] HW.Memory <Error> core\memory.cpp:Memory::MemorySystem::Write:528: unmapped Write8 0x00000065 @ 0x0000082B at PC 0x010F3548
[   5.563156] HW.Memory <Error> core\memory.cpp:Memory::MemorySystem::Write:528: unmapped Write8 0x0000006E @ 0x0000082C at PC 0x010F3548
[   5.563157] HW.Memory <Error> core\memory.cpp:Memory::MemorySystem::Write:528: unmapped Write8 0x00000073 @ 0x0000082D at PC 0x010F3548
[   5.563157] HW.Memory <Error> core\memory.cpp:Memory::MemorySystem::Write:528: unmapped Write8 0x00000062 @ 0x0000082E at PC 0x010F3548
[   5.563158] HW.Memory <Error> core\memory.cpp:Memory::MemorySystem::Write:528: unmapped Write8 0x0000005F @ 0x0000082F at PC 0x010F3548
[   5.563158] HW.Memory <Error> core\memory.cpp:Memory::MemorySystem::Write:528: unmapped Write8 0x0000006D @ 0x00000830 at PC 0x010F3548
[   5.563159] HW.Memory <Error> core\memory.cpp:Memory::MemorySystem::Write:528: unmapped Write8 0x00000061 @ 0x00000831 at PC 0x010F3548
[   5.563159] HW.Memory <Error> core\memory.cpp:Memory::MemorySystem::Write:528: unmapped Write8 0x00000069 @ 0x00000832 at PC 0x010F3548
[   5.563160] HW.Memory <Error> core\memory.cpp:Memory::MemorySystem::Write:528: unmapped Write8 0x0000006E @ 0x00000833 at PC 0x010F3548
[   5.563160] HW.Memory <Error> core\memory.cpp:Memory::MemorySystem::Write:528: unmapped Write8 0x0000002E @ 0x00000834 at PC 0x010F3548
[   5.563161] HW.Memory <Error> core\memory.cpp:Memory::MemorySystem::Write:528: unmapped Write8 0x0000006C @ 0x00000835 at PC 0x010F3548
[   5.563161] HW.Memory <Error> core\memory.cpp:Memory::MemorySystem::Write:528: unmapped Write8 0x0000006F @ 0x00000836 at PC 0x010F3548
[   5.563162] HW.Memory <Error> core\memory.cpp:Memory::MemorySystem::Write:528: unmapped Write8 0x00000067 @ 0x00000837 at PC 0x010F3548
[   5.563162] HW.Memory <Error> core\memory.cpp:Memory::MemorySystem::Write:528: unmapped Write8 0x00000000 @ 0x00000838 at PC 0x010F3548
[   5.563163] HW.Memory <Error> core\memory.cpp:Memory::MemorySystem::Write:528: unmapped Write8 0x00000000 @ 0x00000839 at PC 0x010F3548
[   5.563166] HW.Memory <Error> core\memory.cpp:Memory::MemorySystem::Write:528: unmapped Write8 0x00000000 @ 0x0000083A at PC 0x010F3548
[   5.563166] HW.Memory <Error> core\memory.cpp:Memory::MemorySystem::Write:528: unmapped Write8 0x00000000 @ 0x0000083B at PC 0x010F3548
[   5.563167] HW.Memory <Error> core\memory.cpp:Memory::MemorySystem::Write:528: unmapped Write8 0x00000000 @ 0x0000083C at PC 0x010F3548
[   5.563167] HW.Memory <Error> core\memory.cpp:Memory::MemorySystem::Write:528: unmapped Write8 0x00000000 @ 0x0000083D at PC 0x010F3548
[   5.563168] HW.Memory <Error> core\memory.cpp:Memory::MemorySystem::Write:528: unmapped Write8 0x00000000 @ 0x0000083E at PC 0x010F3548
[   5.563168] HW.Memory <Error> core\memory.cpp:Memory::MemorySystem::Write:528: unmapped Write8 0x00000000 @ 0x0000083F at PC 0x010F3548
[   5.563169] HW.Memory <Error> core\memory.cpp:Memory::MemorySystem::Write:528: unmapped Write8 0x00000000 @ 0x00000840 at PC 0x010F3548
[   5.563169] HW.Memory <Error> core\memory.cpp:Memory::MemorySystem::Write:528: unmapped Write8 0x00000000 @ 0x00000841 at PC 0x010F3548
[   5.563170] HW.Memory <Error> core\memory.cpp:Memory::MemorySystem::Write:528: unmapped Write8 0x00000000 @ 0x00000842 at PC 0x010F3548
[   5.563170] HW.Memory <Error> core\memory.cpp:Memory::MemorySystem::Write:528: unmapped Write8 0x00000000 @ 0x00000843 at PC 0x010F3548
[   5.563171] HW.Memory <Error> core\memory.cpp:Memory::MemorySystem::Write:528: unmapped Write8 0x00000000 @ 0x00000844 at PC 0x010F3548
[   5.563172] HW.Memory <Error> core\memory.cpp:Memory::MemorySystem::Write:528: unmapped Write8 0x00000000 @ 0x00000845 at PC 0x010F3548
[   5.563172] HW.Memory <Error> core\memory.cpp:Memory::MemorySystem::Write:528: unmapped Write8 0x00000000 @ 0x00000846 at PC 0x010F3548
[   5.563173] HW.Memory <Error> core\memory.cpp:Memory::MemorySystem::Write:528: unmapped Write8 0x00000000 @ 0x00000847 at PC 0x010F3548
[   5.563173] HW.Memory <Error> core\memory.cpp:Memory::MemorySystem::Write:528: unmapped Write8 0x00000000 @ 0x00000848 at PC 0x010F3548
[   5.563174] HW.Memory <Error> core\memory.cpp:Memory::MemorySystem::Write:528: unmapped Write8 0x00000000 @ 0x00000849 at PC 0x010F3548
[   5.563174] HW.Memory <Error> core\memory.cpp:Memory::MemorySystem::Write:528: unmapped Write8 0x00000000 @ 0x0000084A at PC 0x010F3548
[   5.563175] HW.Memory <Error> core\memory.cpp:Memory::MemorySystem::Write:528: unmapped Write8 0x00000000 @ 0x0000084B at PC 0x010F3548
[   5.563176] HW.Memory <Error> core\memory.cpp:Memory::MemorySystem::Write:528: unmapped Write8 0x00000000 @ 0x0000084C at PC 0x010F3548
[   5.563176] HW.Memory <Error> core\memory.cpp:Memory::MemorySystem::Write:528: unmapped Write8 0x00000000 @ 0x0000084D at PC 0x010F3548
[   5.563177] HW.Memory <Error> core\memory.cpp:Memory::MemorySystem::Write:528: unmapped Write8 0x00000000 @ 0x0000084E at PC 0x010F3548
[   5.563177] HW.Memory <Error> core\memory.cpp:Memory::MemorySystem::Write:528: unmapped Write8 0x00000000 @ 0x0000084F at PC 0x010F3548
[   5.563178] HW.Memory <Error> core\memory.cpp:Memory::MemorySystem::Write:528: unmapped Write8 0x00000000 @ 0x00000850 at PC 0x010F3548
[   5.563178] HW.Memory <Error> core\memory.cpp:Memory::MemorySystem::Write:528: unmapped Write8 0x00000000 @ 0x00000851 at PC 0x010F3548
[   5.563179] HW.Memory <Error> core\memory.cpp:Memory::MemorySystem::Write:528: unmapped Write8 0x00000000 @ 0x00000852 at PC 0x010F3548
[   5.563180] HW.Memory <Error> core\memory.cpp:Memory::MemorySystem::Write:528: unmapped Write8 0x00000000 @ 0x00000853 at PC 0x010F3548
[   5.563180] HW.Memory <Error> core\memory.cpp:Memory::MemorySystem::Write:528: unmapped Write8 0x00000000 @ 0x00000854 at PC 0x010F3548
[   5.563181] HW.Memory <Error> core\memory.cpp:Memory::MemorySystem::Write:528: unmapped Write8 0x00000000 @ 0x00000855 at PC 0x010F3548
[   5.563182] HW.Memory <Error> core\memory.cpp:Memory::MemorySystem::Write:528: unmapped Write8 0x00000000 @ 0x00000856 at PC 0x010F3548
[   5.563183] HW.Memory <Error> core\memory.cpp:Memory::MemorySystem::Write:528: unmapped Write8 0x00000000 @ 0x00000857 at PC 0x010F3548
[   5.563183] HW.Memory <Error> core\memory.cpp:Memory::MemorySystem::Write:528: unmapped Write8 0x00000000 @ 0x00000858 at PC 0x010F3548
[   5.563184] HW.Memory <Error> core\memory.cpp:Memory::MemorySystem::Write:528: unmapped Write8 0x00000000 @ 0x00000859 at PC 0x010F3548
[   5.563185] HW.Memory <Error> core\memory.cpp:Memory::MemorySystem::Write:528: unmapped Write8 0x00000000 @ 0x0000085A at PC 0x010F3548
[   5.563185] HW.Memory <Error> core\memory.cpp:Memory::MemorySystem::Write:528: unmapped Write8 0x00000000 @ 0x0000085B at PC 0x010F3548
[   5.563186] HW.Memory <Error> core\memory.cpp:Memory::MemorySystem::Write:528: unmapped Write8 0x00000000 @ 0x0000085C at PC 0x010F3548
[   5.563187] HW.Memory <Error> core\memory.cpp:Memory::MemorySystem::Write:528: unmapped Write8 0x00000000 @ 0x0000085D at PC 0x010F3548
[   5.563187] HW.Memory <Error> core\memory.cpp:Memory::MemorySystem::Write:528: unmapped Write8 0x00000000 @ 0x0000085E at PC 0x010F3548
[   5.563188] HW.Memory <Error> core\memory.cpp:Memory::MemorySystem::Write:528: unmapped Write8 0x00000000 @ 0x0000085F at PC 0x010F3548
[   5.563188] HW.Memory <Error> core\memory.cpp:Memory::MemorySystem::Write:528: unmapped Write8 0x00000000 @ 0x00000860 at PC 0x010F3548
[   5.563189] HW.Memory <Error> core\memory.cpp:Memory::MemorySystem::Write:528: unmapped Write8 0x00000000 @ 0x00000861 at PC 0x010F3548
[   5.563189] HW.Memory <Error> core\memory.cpp:Memory::MemorySystem::Write:528: unmapped Write8 0x00000000 @ 0x00000862 at PC 0x010F3548
[   5.563190] HW.Memory <Error> core\memory.cpp:Memory::MemorySystem::Write:528: unmapped Write8 0x00000000 @ 0x00000863 at PC 0x010F3548
[   5.563190] HW.Memory <Error> core\memory.cpp:Memory::MemorySystem::Write:528: unmapped Write8 0x00000000 @ 0x00000864 at PC 0x010F3548
[   5.563191] HW.Memory <Error> core\memory.cpp:Memory::MemorySystem::Write:528: unmapped Write8 0x00000000 @ 0x00000865 at PC 0x010F3548
[   5.563191] HW.Memory <Error> core\memory.cpp:Memory::MemorySystem::Write:528: unmapped Write8 0x00000000 @ 0x00000866 at PC 0x010F3548
[   5.563192] HW.Memory <Error> core\memory.cpp:Memory::MemorySystem::Write:528: unmapped Write8 0x00000000 @ 0x00000867 at PC 0x010F3548
[   5.563192] HW.Memory <Error> core\memory.cpp:Memory::MemorySystem::Write:528: unmapped Write8 0x00000000 @ 0x00000868 at PC 0x010F3548
[   5.563193] HW.Memory <Error> core\memory.cpp:Memory::MemorySystem::Write:528: unmapped Write8 0x00000000 @ 0x00000869 at PC 0x010F3548
[   5.563193] HW.Memory <Error> core\memory.cpp:Memory::MemorySystem::Write:528: unmapped Write8 0x00000000 @ 0x0000086A at PC 0x010F3548
[   5.563194] HW.Memory <Error> core\memory.cpp:Memory::MemorySystem::Write:528: unmapped Write8 0x00000000 @ 0x0000086B at PC 0x010F3548
[   5.563194] HW.Memory <Error> core\memory.cpp:Memory::MemorySystem::Write:528: unmapped Write8 0x00000000 @ 0x0000086C at PC 0x010F3548
[   5.563195] HW.Memory <Error> core\memory.cpp:Memory::MemorySystem::Write:528: unmapped Write8 0x00000000 @ 0x0000086D at PC 0x010F3548
[   5.563195] HW.Memory <Error> core\memory.cpp:Memory::MemorySystem::Write:528: unmapped Write8 0x00000000 @ 0x0000086E at PC 0x010F3548
[   5.563196] HW.Memory <Error> core\memory.cpp:Memory::MemorySystem::Write:528: unmapped Write8 0x00000000 @ 0x0000086F at PC 0x010F3548
[   5.563196] HW.Memory <Error> core\memory.cpp:Memory::MemorySystem::Write:528: unmapped Write8 0x00000000 @ 0x00000870 at PC 0x010F3548
[   5.563197] HW.Memory <Error> core\memory.cpp:Memory::MemorySystem::Write:528: unmapped Write8 0x00000000 @ 0x00000871 at PC 0x010F3548
[   5.563197] HW.Memory <Error> core\memory.cpp:Memory::MemorySystem::Write:528: unmapped Write8 0x00000000 @ 0x00000872 at PC 0x010F3548
[   5.563198] HW.Memory <Error> core\memory.cpp:Memory::MemorySystem::Write:528: unmapped Write8 0x00000000 @ 0x00000873 at PC 0x010F3548
[   5.563198] HW.Memory <Error> core\memory.cpp:Memory::MemorySystem::Write:528: unmapped Write8 0x00000000 @ 0x00000874 at PC 0x010F3548
[   5.563199] HW.Memory <Error> core\memory.cpp:Memory::MemorySystem::Write:528: unmapped Write8 0x00000000 @ 0x00000875 at PC 0x010F3548
[   5.563199] HW.Memory <Error> core\memory.cpp:Memory::MemorySystem::Write:528: unmapped Write8 0x00000000 @ 0x00000876 at PC 0x010F3548
[   5.563200] HW.Memory <Error> core\memory.cpp:Memory::MemorySystem::Write:528: unmapped Write8 0x00000000 @ 0x00000877 at PC 0x010F3548
[   5.563200] HW.Memory <Error> core\memory.cpp:Memory::MemorySystem::Write:528: unmapped Write8 0x00000000 @ 0x00000878 at PC 0x010F3548
[   5.563201] HW.Memory <Error> core\memory.cpp:Memory::MemorySystem::Write:528: unmapped Write8 0x00000000 @ 0x00000879 at PC 0x010F3548
[   5.563201] HW.Memory <Error> core\memory.cpp:Memory::MemorySystem::Write:528: unmapped Write8 0x00000000 @ 0x0000087A at PC 0x010F3548
[   5.563202] HW.Memory <Error> core\memory.cpp:Memory::MemorySystem::Write:528: unmapped Write8 0x00000000 @ 0x0000087B at PC 0x010F3548
[   5.563202] HW.Memory <Error> core\memory.cpp:Memory::MemorySystem::Write:528: unmapped Write8 0x00000000 @ 0x0000087C at PC 0x010F3548
[   5.563203] HW.Memory <Error> core\memory.cpp:Memory::MemorySystem::Write:528: unmapped Write8 0x00000000 @ 0x0000087D at PC 0x010F3548
[   5.563203] HW.Memory <Error> core\memory.cpp:Memory::MemorySystem::Write:528: unmapped Write8 0x00000000 @ 0x0000087E at PC 0x010F3548
[   5.563204] HW.Memory <Error> core\memory.cpp:Memory::MemorySystem::Write:528: unmapped Write8 0x00000000 @ 0x0000087F at PC 0x010F3548
[   5.563205] HW.Memory <Error> core\memory.cpp:Memory::MemorySystem::Write:528: unmapped Write8 0x00000000 @ 0x00000880 at PC 0x010F3548
[   5.563205] HW.Memory <Error> core\memory.cpp:Memory::MemorySystem::Write:528: unmapped Write8 0x00000000 @ 0x00000881 at PC 0x010F3548
[   5.563206] HW.Memory <Error> core\memory.cpp:Memory::MemorySystem::Write:528: unmapped Write8 0x00000000 @ 0x00000882 at PC 0x010F3548
[   5.563206] HW.Memory <Error> core\memory.cpp:Memory::MemorySystem::Write:528: unmapped Write8 0x00000000 @ 0x00000883 at PC 0x010F3548
[   5.563207] HW.Memory <Error> core\memory.cpp:Memory::MemorySystem::Write:528: unmapped Write8 0x00000000 @ 0x00000884 at PC 0x010F3548
[   5.563208] HW.Memory <Error> core\memory.cpp:Memory::MemorySystem::Write:528: unmapped Write8 0x00000000 @ 0x00000885 at PC 0x010F3548
[   5.563208] HW.Memory <Error> core\memory.cpp:Memory::MemorySystem::Write:528: unmapped Write8 0x00000000 @ 0x00000886 at PC 0x010F3548
[   5.563209] HW.Memory <Error> core\memory.cpp:Memory::MemorySystem::Write:528: unmapped Write8 0x00000000 @ 0x00000887 at PC 0x010F3548
[   5.563210] HW.Memory <Error> core\memory.cpp:Memory::MemorySystem::Write:528: unmapped Write8 0x00000000 @ 0x00000888 at PC 0x010F3548
[   5.563210] HW.Memory <Error> core\memory.cpp:Memory::MemorySystem::Write:528: unmapped Write8 0x00000000 @ 0x00000889 at PC 0x010F3548
[   5.563211] HW.Memory <Error> core\memory.cpp:Memory::MemorySystem::Write:528: unmapped Write8 0x00000000 @ 0x0000088A at PC 0x010F3548
[   5.563211] HW.Memory <Error> core\memory.cpp:Memory::MemorySystem::Write:528: unmapped Write8 0x00000000 @ 0x0000088B at PC 0x010F3548
[   5.563212] HW.Memory <Error> core\memory.cpp:Memory::MemorySystem::Write:528: unmapped Write8 0x00000000 @ 0x0000088C at PC 0x010F3548
[   5.563212] HW.Memory <Error> core\memory.cpp:Memory::MemorySystem::Write:528: unmapped Write8 0x00000000 @ 0x0000088D at PC 0x010F3548
[   5.563213] HW.Memory <Error> core\memory.cpp:Memory::MemorySystem::Write:528: unmapped Write8 0x00000000 @ 0x0000088E at PC 0x010F3548
[   5.563214] HW.Memory <Error> core\memory.cpp:Memory::MemorySystem::Write:528: unmapped Write8 0x00000000 @ 0x0000088F at PC 0x010F3548
[   5.563214] HW.Memory <Error> core\memory.cpp:Memory::MemorySystem::Write:528: unmapped Write8 0x00000000 @ 0x00000890 at PC 0x010F3548
[   5.563215] HW.Memory <Error> core\memory.cpp:Memory::MemorySystem::Write:528: unmapped Write8 0x00000000 @ 0x00000891 at PC 0x010F3548
[   5.563216] HW.Memory <Error> core\memory.cpp:Memory::MemorySystem::Write:528: unmapped Write8 0x00000000 @ 0x00000892 at PC 0x010F3548
[   5.563216] HW.Memory <Error> core\memory.cpp:Memory::MemorySystem::Write:528: unmapped Write8 0x00000000 @ 0x00000893 at PC 0x010F3548
[   5.563217] HW.Memory <Error> core\memory.cpp:Memory::MemorySystem::Write:528: unmapped Write8 0x00000000 @ 0x00000894 at PC 0x010F3548
[   5.563217] HW.Memory <Error> core\memory.cpp:Memory::MemorySystem::Write:528: unmapped Write8 0x00000000 @ 0x00000895 at PC 0x010F3548
[   5.563218] HW.Memory <Error> core\memory.cpp:Memory::MemorySystem::Write:528: unmapped Write8 0x00000000 @ 0x00000896 at PC 0x010F3548
[   5.563218] HW.Memory <Error> core\memory.cpp:Memory::MemorySystem::Write:528: unmapped Write8 0x00000000 @ 0x00000897 at PC 0x010F3548
[   5.563219] HW.Memory <Error> core\memory.cpp:Memory::MemorySystem::Write:528: unmapped Write8 0x00000000 @ 0x00000898 at PC 0x010F3548
[   5.563220] HW.Memory <Error> core\memory.cpp:Memory::MemorySystem::Write:528: unmapped Write8 0x00000000 @ 0x00000899 at PC 0x010F3548
[   5.563220] HW.Memory <Error> core\memory.cpp:Memory::MemorySystem::Write:528: unmapped Write8 0x00000000 @ 0x0000089A at PC 0x010F3548
[   5.563221] HW.Memory <Error> core\memory.cpp:Memory::MemorySystem::Write:528: unmapped Write8 0x00000000 @ 0x0000089B at PC 0x010F3548
[   5.563221] HW.Memory <Error> core\memory.cpp:Memory::MemorySystem::Write:528: unmapped Write8 0x00000000 @ 0x0000089C at PC 0x010F3548
[   5.563222] HW.Memory <Error> core\memory.cpp:Memory::MemorySystem::Write:528: unmapped Write8 0x00000000 @ 0x0000089D at PC 0x010F3548
[   5.563222] HW.Memory <Error> core\memory.cpp:Memory::MemorySystem::Write:528: unmapped Write8 0x00000000 @ 0x0000089E at PC 0x010F3548
[   5.563223] HW.Memory <Error> core\memory.cpp:Memory::MemorySystem::Write:528: unmapped Write8 0x00000000 @ 0x0000089F at PC 0x010F3548
[   5.563223] HW.Memory <Error> core\memory.cpp:Memory::MemorySystem::Write:528: unmapped Write8 0x00000000 @ 0x000008A0 at PC 0x010F3548
[   5.563224] HW.Memory <Error> core\memory.cpp:Memory::MemorySystem::Write:528: unmapped Write8 0x00000000 @ 0x000008A1 at PC 0x010F3548
[   5.563224] HW.Memory <Error> core\memory.cpp:Memory::MemorySystem::Write:528: unmapped Write8 0x00000000 @ 0x000008A2 at PC 0x010F3548
[   5.563225] HW.Memory <Error> core\memory.cpp:Memory::MemorySystem::Write:528: unmapped Write8 0x00000000 @ 0x000008A3 at PC 0x010F3548
[   5.563225] HW.Memory <Error> core\memory.cpp:Memory::MemorySystem::Write:528: unmapped Write8 0x00000000 @ 0x000008A4 at PC 0x010F3548
[   5.563226] HW.Memory <Error> core\memory.cpp:Memory::MemorySystem::Write:528: unmapped Write8 0x00000000 @ 0x000008A5 at PC 0x010F3548
[   5.563226] HW.Memory <Error> core\memory.cpp:Memory::MemorySystem::Write:528: unmapped Write8 0x00000000 @ 0x000008A6 at PC 0x010F3548
[   5.563227] HW.Memory <Error> core\memory.cpp:Memory::MemorySystem::Write:528: unmapped Write8 0x00000000 @ 0x000008A7 at PC 0x010F3548
[   5.563227] HW.Memory <Error> core\memory.cpp:Memory::MemorySystem::Write:528: unmapped Write8 0x00000000 @ 0x000008A8 at PC 0x010F3548
[   5.563228] HW.Memory <Error> core\memory.cpp:Memory::MemorySystem::Write:528: unmapped Write8 0x00000000 @ 0x000008A9 at PC 0x010F3548
[   5.563229] HW.Memory <Error> core\memory.cpp:Memory::MemorySystem::Write:528: unmapped Write8 0x00000000 @ 0x000008AA at PC 0x010F3548
[   5.563229] HW.Memory <Error> core\memory.cpp:Memory::MemorySystem::Write:528: unmapped Write8 0x00000000 @ 0x000008AB at PC 0x010F3548
[   5.563230] HW.Memory <Error> core\memory.cpp:Memory::MemorySystem::Write:528: unmapped Write8 0x00000000 @ 0x000008AC at PC 0x010F3548
[   5.563231] HW.Memory <Error> core\memory.cpp:Memory::MemorySystem::Write:528: unmapped Write8 0x00000000 @ 0x000008AD at PC 0x010F3548
[   5.563231] HW.Memory <Error> core\memory.cpp:Memory::MemorySystem::Write:528: unmapped Write8 0x00000000 @ 0x000008AE at PC 0x010F3548
[   5.563232] HW.Memory <Error> core\memory.cpp:Memory::MemorySystem::Write:528: unmapped Write8 0x00000000 @ 0x000008AF at PC 0x010F3548
[   5.563233] HW.Memory <Error> core\memory.cpp:Memory::MemorySystem::Write:528: unmapped Write8 0x00000000 @ 0x000008B0 at PC 0x010F3548
[   5.563233] HW.Memory <Error> core\memory.cpp:Memory::MemorySystem::Write:528: unmapped Write8 0x00000000 @ 0x000008B1 at PC 0x010F3548
[   5.563234] HW.Memory <Error> core\memory.cpp:Memory::MemorySystem::Write:528: unmapped Write8 0x00000000 @ 0x000008B2 at PC 0x010F3548
[   5.563234] HW.Memory <Error> core\memory.cpp:Memory::MemorySystem::Write:528: unmapped Write8 0x00000000 @ 0x000008B3 at PC 0x010F3548
[   5.563235] HW.Memory <Error> core\memory.cpp:Memory::MemorySystem::Write:528: unmapped Write8 0x00000000 @ 0x000008B4 at PC 0x010F3548
[   5.563235] HW.Memory <Error> core\memory.cpp:Memory::MemorySystem::Write:528: unmapped Write8 0x00000000 @ 0x000008B5 at PC 0x010F3548
[   5.563236] HW.Memory <Error> core\memory.cpp:Memory::MemorySystem::Write:528: unmapped Write8 0x00000000 @ 0x000008B6 at PC 0x010F3548
[   5.563236] HW.Memory <Error> core\memory.cpp:Memory::MemorySystem::Write:528: unmapped Write8 0x00000000 @ 0x000008B7 at PC 0x010F3548
[   5.563237] HW.Memory <Error> core\memory.cpp:Memory::MemorySystem::Write:528: unmapped Write8 0x00000000 @ 0x000008B8 at PC 0x010F3548
[   5.563237] HW.Memory <Error> core\memory.cpp:Memory::MemorySystem::Write:528: unmapped Write8 0x00000000 @ 0x000008B9 at PC 0x010F3548
[   5.563238] HW.Memory <Error> core\memory.cpp:Memory::MemorySystem::Write:528: unmapped Write8 0x00000000 @ 0x000008BA at PC 0x010F3548
[   5.563238] HW.Memory <Error> core\memory.cpp:Memory::MemorySystem::Write:528: unmapped Write8 0x00000000 @ 0x000008BB at PC 0x010F3548
[   5.563239] HW.Memory <Error> core\memory.cpp:Memory::MemorySystem::Write:528: unmapped Write8 0x00000000 @ 0x000008BC at PC 0x010F3548
[   5.563239] HW.Memory <Error> core\memory.cpp:Memory::MemorySystem::Write:528: unmapped Write8 0x00000000 @ 0x000008BD at PC 0x010F3548
[   5.563240] HW.Memory <Error> core\memory.cpp:Memory::MemorySystem::Write:528: unmapped Write8 0x00000000 @ 0x000008BE at PC 0x010F3548
[   5.563240] HW.Memory <Error> core\memory.cpp:Memory::MemorySystem::Write:528: unmapped Write8 0x00000000 @ 0x000008BF at PC 0x010F3548
[   5.563241] HW.Memory <Error> core\memory.cpp:Memory::MemorySystem::Write:528: unmapped Write8 0x00000000 @ 0x000008C0 at PC 0x010F3548
[   5.563241] HW.Memory <Error> core\memory.cpp:Memory::MemorySystem::Write:528: unmapped Write8 0x00000000 @ 0x000008C1 at PC 0x010F3548
[   5.563241] HW.Memory <Error> core\memory.cpp:Memory::MemorySystem::Write:528: unmapped Write8 0x00000000 @ 0x000008C2 at PC 0x010F3548
[   5.563242] HW.Memory <Error> core\memory.cpp:Memory::MemorySystem::Write:528: unmapped Write8 0x00000000 @ 0x000008C3 at PC 0x010F3548
[   5.563243] HW.Memory <Error> core\memory.cpp:Memory::MemorySystem::Write:528: unmapped Write8 0x00000000 @ 0x000008C4 at PC 0x010F3548
[   5.563243] HW.Memory <Error> core\memory.cpp:Memory::MemorySystem::Write:528: unmapped Write8 0x00000000 @ 0x000008C5 at PC 0x010F3548
[   5.563244] HW.Memory <Error> core\memory.cpp:Memory::MemorySystem::Write:528: unmapped Write8 0x00000000 @ 0x000008C6 at PC 0x010F3548
[   5.563244] HW.Memory <Error> core\memory.cpp:Memory::MemorySystem::Write:528: unmapped Write8 0x00000000 @ 0x000008C7 at PC 0x010F3548
[   5.563245] HW.Memory <Error> core\memory.cpp:Memory::MemorySystem::Write:528: unmapped Write8 0x00000000 @ 0x000008C8 at PC 0x010F3548
[   5.563246] HW.Memory <Error> core\memory.cpp:Memory::MemorySystem::Write:528: unmapped Write8 0x00000000 @ 0x000008C9 at PC 0x010F3548
[   5.563246] HW.Memory <Error> core\memory.cpp:Memory::MemorySystem::Write:528: unmapped Write8 0x00000000 @ 0x000008CA at PC 0x010F3548
[   5.563247] HW.Memory <Error> core\memory.cpp:Memory::MemorySystem::Write:528: unmapped Write8 0x00000000 @ 0x000008CB at PC 0x010F3548
[   5.563247] HW.Memory <Error> core\memory.cpp:Memory::MemorySystem::Write:528: unmapped Write8 0x00000000 @ 0x000008CC at PC 0x010F3548
[   5.563248] HW.Memory <Error> core\memory.cpp:Memory::MemorySystem::Write:528: unmapped Write8 0x00000000 @ 0x000008CD at PC 0x010F3548
[   5.563249] HW.Memory <Error> core\memory.cpp:Memory::MemorySystem::Write:528: unmapped Write8 0x00000000 @ 0x000008CE at PC 0x010F3548
[   5.563249] HW.Memory <Error> core\memory.cpp:Memory::MemorySystem::Write:528: unmapped Write8 0x00000000 @ 0x000008CF at PC 0x010F3548
[   5.563250] HW.Memory <Error> core\memory.cpp:Memory::MemorySystem::Write:528: unmapped Write8 0x00000000 @ 0x000008D0 at PC 0x010F3548
[   5.563250] HW.Memory <Error> core\memory.cpp:Memory::MemorySystem::Write:528: unmapped Write8 0x00000000 @ 0x000008D1 at PC 0x010F3548
[   5.563251] HW.Memory <Error> core\memory.cpp:Memory::MemorySystem::Write:528: unmapped Write8 0x00000000 @ 0x000008D2 at PC 0x010F3548
[   5.563252] HW.Memory <Error> core\memory.cpp:Memory::MemorySystem::Write:528: unmapped Write8 0x00000000 @ 0x000008D3 at PC 0x010F3548
[   5.563252] HW.Memory <Error> core\memory.cpp:Memory::MemorySystem::Write:528: unmapped Write8 0x00000000 @ 0x000008D4 at PC 0x010F3548
[   5.563253] HW.Memory <Error> core\memory.cpp:Memory::MemorySystem::Write:528: unmapped Write8 0x00000000 @ 0x000008D5 at PC 0x010F3548
[   5.563253] HW.Memory <Error> core\memory.cpp:Memory::MemorySystem::Write:528: unmapped Write8 0x00000000 @ 0x000008D6 at PC 0x010F3548
[   5.563254] HW.Memory <Error> core\memory.cpp:Memory::MemorySystem::Write:528: unmapped Write8 0x00000000 @ 0x000008D7 at PC 0x010F3548
[   5.563255] HW.Memory <Error> core\memory.cpp:Memory::MemorySystem::Write:528: unmapped Write8 0x00000000 @ 0x000008D8 at PC 0x010F3548
[   5.563255] HW.Memory <Error> core\memory.cpp:Memory::MemorySystem::Write:528: unmapped Write8 0x00000000 @ 0x000008D9 at PC 0x010F3548
[   5.563256] HW.Memory <Error> core\memory.cpp:Memory::MemorySystem::Write:528: unmapped Write8 0x00000000 @ 0x000008DA at PC 0x010F3548
[   5.563257] HW.Memory <Error> core\memory.cpp:Memory::MemorySystem::Write:528: unmapped Write8 0x00000000 @ 0x000008DB at PC 0x010F3548
[   5.563257] HW.Memory <Error> core\memory.cpp:Memory::MemorySystem::Write:528: unmapped Write8 0x00000000 @ 0x000008DC at PC 0x010F3548
[   5.563258] HW.Memory <Error> core\memory.cpp:Memory::MemorySystem::Write:528: unmapped Write8 0x00000000 @ 0x000008DD at PC 0x010F3548
[   5.563258] HW.Memory <Error> core\memory.cpp:Memory::MemorySystem::Write:528: unmapped Write8 0x00000000 @ 0x000008DE at PC 0x010F3548
[   5.563259] HW.Memory <Error> core\memory.cpp:Memory::MemorySystem::Write:528: unmapped Write8 0x00000000 @ 0x000008DF at PC 0x010F3548
[   5.563260] HW.Memory <Error> core\memory.cpp:Memory::MemorySystem::Write:528: unmapped Write8 0x00000000 @ 0x000008E0 at PC 0x010F3548
[   5.563260] HW.Memory <Error> core\memory.cpp:Memory::MemorySystem::Write:528: unmapped Write8 0x00000000 @ 0x000008E1 at PC 0x010F3548
[   5.563261] HW.Memory <Error> core\memory.cpp:Memory::MemorySystem::Write:528: unmapped Write8 0x00000000 @ 0x000008E2 at PC 0x010F3548
[   5.563261] HW.Memory <Error> core\memory.cpp:Memory::MemorySystem::Write:528: unmapped Write8 0x00000000 @ 0x000008E3 at PC 0x010F3548
[   5.563262] HW.Memory <Error> core\memory.cpp:Memory::MemorySystem::Write:528: unmapped Write8 0x00000000 @ 0x000008E4 at PC 0x010F3548
[   5.563262] HW.Memory <Error> core\memory.cpp:Memory::MemorySystem::Write:528: unmapped Write8 0x00000000 @ 0x000008E5 at PC 0x010F3548
[   5.563263] HW.Memory <Error> core\memory.cpp:Memory::MemorySystem::Write:528: unmapped Write8 0x00000000 @ 0x000008E6 at PC 0x010F3548
[   5.563263] HW.Memory <Error> core\memory.cpp:Memory::MemorySystem::Write:528: unmapped Write8 0x00000000 @ 0x000008E7 at PC 0x010F3548
[   5.563264] HW.Memory <Error> core\memory.cpp:Memory::MemorySystem::Write:528: unmapped Write8 0x00000000 @ 0x000008E8 at PC 0x010F3548
[   5.563264] HW.Memory <Error> core\memory.cpp:Memory::MemorySystem::Write:528: unmapped Write8 0x00000000 @ 0x000008E9 at PC 0x010F3548
[   5.563265] HW.Memory <Error> core\memory.cpp:Memory::MemorySystem::Write:528: unmapped Write8 0x00000000 @ 0x000008EA at PC 0x010F3548
[   5.563265] HW.Memory <Error> core\memory.cpp:Memory::MemorySystem::Write:528: unmapped Write8 0x00000000 @ 0x000008EB at PC 0x010F3548
[   5.563266] HW.Memory <Error> core\memory.cpp:Memory::MemorySystem::Write:528: unmapped Write8 0x00000000 @ 0x000008EC at PC 0x010F3548
[   5.563266] HW.Memory <Error> core\memory.cpp:Memory::MemorySystem::Write:528: unmapped Write8 0x00000000 @ 0x000008ED at PC 0x010F3548
[   5.563267] HW.Memory <Error> core\memory.cpp:Memory::MemorySystem::Write:528: unmapped Write8 0x00000000 @ 0x000008EE at PC 0x010F3548
[   5.563267] HW.Memory <Error> core\memory.cpp:Memory::MemorySystem::Write:528: unmapped Write8 0x00000000 @ 0x000008EF at PC 0x010F3548
[   5.563268] HW.Memory <Error> core\memory.cpp:Memory::MemorySystem::Write:528: unmapped Write8 0x00000000 @ 0x000008F0 at PC 0x010F3548
[   5.563268] HW.Memory <Error> core\memory.cpp:Memory::MemorySystem::Write:528: unmapped Write8 0x00000000 @ 0x000008F1 at PC 0x010F3548
[   5.563269] HW.Memory <Error> core\memory.cpp:Memory::MemorySystem::Write:528: unmapped Write8 0x00000000 @ 0x000008F2 at PC 0x010F3548
[   5.563269] HW.Memory <Error> core\memory.cpp:Memory::MemorySystem::Write:528: unmapped Write8 0x00000000 @ 0x000008F3 at PC 0x010F3548
[   5.563270] HW.Memory <Error> core\memory.cpp:Memory::MemorySystem::Write:528: unmapped Write8 0x00000000 @ 0x000008F4 at PC 0x010F3548
[   5.563270] HW.Memory <Error> core\memory.cpp:Memory::MemorySystem::Write:528: unmapped Write8 0x00000000 @ 0x000008F5 at PC 0x010F3548
[   5.563271] HW.Memory <Error> core\memory.cpp:Memory::MemorySystem::Write:528: unmapped Write8 0x00000000 @ 0x000008F6 at PC 0x010F3548
[   5.563271] HW.Memory <Error> core\memory.cpp:Memory::MemorySystem::Write:528: unmapped Write8 0x00000000 @ 0x000008F7 at PC 0x010F3548
[   5.563272] HW.Memory <Error> core\memory.cpp:Memory::MemorySystem::Write:528: unmapped Write8 0x00000000 @ 0x000008F8 at PC 0x010F3548
[   5.563272] HW.Memory <Error> core\memory.cpp:Memory::MemorySystem::Write:528: unmapped Write8 0x00000000 @ 0x000008F9 at PC 0x010F3548
[   5.563273] HW.Memory <Error> core\memory.cpp:Memory::MemorySystem::Write:528: unmapped Write8 0x00000000 @ 0x000008FA at PC 0x010F3548
[   5.563273] HW.Memory <Error> core\memory.cpp:Memory::MemorySystem::Write:528: unmapped Write8 0x00000000 @ 0x000008FB at PC 0x010F3548
[   5.563274] HW.Memory <Error> core\memory.cpp:Memory::MemorySystem::Write:528: unmapped Write8 0x00000000 @ 0x000008FC at PC 0x010F3548
[   5.563274] HW.Memory <Error> core\memory.cpp:Memory::MemorySystem::Write:528: unmapped Write8 0x00000000 @ 0x000008FD at PC 0x010F3548
[   5.563275] HW.Memory <Error> core\memory.cpp:Memory::MemorySystem::Write:528: unmapped Write8 0x00000000 @ 0x000008FE at PC 0x010F3548
[   5.563275] HW.Memory <Error> core\memory.cpp:Memory::MemorySystem::Write:528: unmapped Write8 0x00000000 @ 0x000008FF at PC 0x010F3548
[   5.563276] HW.Memory <Error> core\memory.cpp:Memory::MemorySystem::Write:528: unmapped Write8 0x00000000 @ 0x00000900 at PC 0x010F3548
[   5.563276] HW.Memory <Error> core\memory.cpp:Memory::MemorySystem::Write:528: unmapped Write8 0x00000000 @ 0x00000901 at PC 0x010F3548
[   5.563277] HW.Memory <Error> core\memory.cpp:Memory::MemorySystem::Write:528: unmapped Write8 0x00000000 @ 0x00000902 at PC 0x010F3548
[   5.563278] HW.Memory <Error> core\memory.cpp:Memory::MemorySystem::Write:528: unmapped Write8 0x00000000 @ 0x00000903 at PC 0x010F3548
[   5.563278] HW.Memory <Error> core\memory.cpp:Memory::MemorySystem::Write:528: unmapped Write8 0x00000000 @ 0x00000904 at PC 0x010F3548
[   5.563279] HW.Memory <Error> core\memory.cpp:Memory::MemorySystem::Write:528: unmapped Write8 0x00000000 @ 0x00000905 at PC 0x010F3548
[   5.563280] HW.Memory <Error> core\memory.cpp:Memory::MemorySystem::Write:528: unmapped Write8 0x00000000 @ 0x00000906 at PC 0x010F3548
[   5.563281] HW.Memory <Error> core\memory.cpp:Memory::MemorySystem::Write:528: unmapped Write8 0x00000000 @ 0x00000907 at PC 0x010F3548
[   5.563281] HW.Memory <Error> core\memory.cpp:Memory::MemorySystem::Write:528: unmapped Write8 0x00000000 @ 0x00000908 at PC 0x010F3548
[   5.563282] HW.Memory <Error> core\memory.cpp:Memory::MemorySystem::Write:528: unmapped Write8 0x00000000 @ 0x00000909 at PC 0x010F3548
[   5.563283] HW.Memory <Error> core\memory.cpp:Memory::MemorySystem::Write:528: unmapped Write8 0x00000000 @ 0x0000090A at PC 0x010F3548
[   5.563283] HW.Memory <Error> core\memory.cpp:Memory::MemorySystem::Write:528: unmapped Write8 0x00000000 @ 0x0000090B at PC 0x010F3548
[   5.563284] HW.Memory <Error> core\memory.cpp:Memory::MemorySystem::Write:528: unmapped Write8 0x00000000 @ 0x0000090C at PC 0x010F3548
[   5.563284] HW.Memory <Error> core\memory.cpp:Memory::MemorySystem::Write:528: unmapped Write8 0x00000000 @ 0x0000090D at PC 0x010F3548
[   5.563285] HW.Memory <Error> core\memory.cpp:Memory::MemorySystem::Write:528: unmapped Write8 0x00000000 @ 0x0000090E at PC 0x010F3548
[   5.563285] HW.Memory <Error> core\memory.cpp:Memory::MemorySystem::Write:528: unmapped Write8 0x00000000 @ 0x0000090F at PC 0x010F3548
[   5.563286] HW.Memory <Error> core\memory.cpp:Memory::MemorySystem::Write:528: unmapped Write8 0x00000000 @ 0x00000910 at PC 0x010F3548
[   5.563287] HW.Memory <Error> core\memory.cpp:Memory::MemorySystem::Write:528: unmapped Write8 0x00000000 @ 0x00000911 at PC 0x010F3548
[   5.563287] HW.Memory <Error> core\memory.cpp:Memory::MemorySystem::Write:528: unmapped Write8 0x00000000 @ 0x00000912 at PC 0x010F3548
[   5.563288] HW.Memory <Error> core\memory.cpp:Memory::MemorySystem::Write:528: unmapped Write8 0x00000000 @ 0x00000913 at PC 0x010F3548
[   5.563288] HW.Memory <Error> core\memory.cpp:Memory::MemorySystem::Write:528: unmapped Write8 0x00000000 @ 0x00000914 at PC 0x010F3548
[   5.563289] HW.Memory <Error> core\memory.cpp:Memory::MemorySystem::Write:528: unmapped Write8 0x00000000 @ 0x00000915 at PC 0x010F3548
[   5.563289] HW.Memory <Error> core\memory.cpp:Memory::MemorySystem::Write:528: unmapped Write8 0x00000000 @ 0x00000916 at PC 0x010F3548
[   5.563290] HW.Memory <Error> core\memory.cpp:Memory::MemorySystem::Write:528: unmapped Write8 0x00000000 @ 0x00000917 at PC 0x010F3548
[   5.563290] HW.Memory <Error> core\memory.cpp:Memory::MemorySystem::Write:528: unmapped Write8 0x00000000 @ 0x00000918 at PC 0x010F3548
[   5.563291] HW.Memory <Error> core\memory.cpp:Memory::MemorySystem::Write:528: unmapped Write8 0x00000000 @ 0x00000919 at PC 0x010F3548
[   5.563292] HW.Memory <Error> core\memory.cpp:Memory::MemorySystem::Write:528: unmapped Write8 0x00000000 @ 0x0000091A at PC 0x010F3548
[   5.563292] HW.Memory <Error> core\memory.cpp:Memory::MemorySystem::Write:528: unmapped Write8 0x00000000 @ 0x0000091B at PC 0x010F3548
[   5.563293] HW.Memory <Error> core\memory.cpp:Memory::MemorySystem::Write:528: unmapped Write8 0x00000000 @ 0x0000091C at PC 0x010F3548
[   5.563293] HW.Memory <Error> core\memory.cpp:Memory::MemorySystem::Write:528: unmapped Write8 0x00000000 @ 0x0000091D at PC 0x010F3548
[   5.563294] HW.Memory <Error> core\memory.cpp:Memory::MemorySystem::Write:528: unmapped Write8 0x00000000 @ 0x0000091E at PC 0x010F3548
[   5.563294] HW.Memory <Error> core\memory.cpp:Memory::MemorySystem::Write:528: unmapped Write8 0x00000000 @ 0x0000091F at PC 0x010F3548
[   5.563295] HW.Memory <Error> core\memory.cpp:Memory::MemorySystem::Write:528: unmapped Write8 0x00000000 @ 0x00000920 at PC 0x010F3548
[   5.563295] HW.Memory <Error> core\memory.cpp:Memory::MemorySystem::Write:528: unmapped Write8 0x00000000 @ 0x00000921 at PC 0x010F3548
[   5.563296] HW.Memory <Error> core\memory.cpp:Memory::MemorySystem::Write:528: unmapped Write8 0x00000000 @ 0x00000922 at PC 0x010F3548
[   5.563296] HW.Memory <Error> core\memory.cpp:Memory::MemorySystem::Write:528: unmapped Write8 0x00000000 @ 0x00000923 at PC 0x010F3548
[   5.563297] HW.Memory <Error> core\memory.cpp:Memory::MemorySystem::Write:528: unmapped Write8 0x00000000 @ 0x00000924 at PC 0x010F3548
[   5.563297] HW.Memory <Error> core\memory.cpp:Memory::MemorySystem::Write:528: unmapped Write8 0x00000000 @ 0x00000925 at PC 0x010F3548
[   5.563298] HW.Memory <Error> core\memory.cpp:Memory::MemorySystem::Write:528: unmapped Write8 0x00000000 @ 0x00000926 at PC 0x010F3548
[   5.563298] HW.Memory <Error> core\memory.cpp:Memory::MemorySystem::Write:528: unmapped Write8 0x00000000 @ 0x00000927 at PC 0x010F3548
[   5.563299] HW.Memory <Error> core\memory.cpp:Memory::MemorySystem::Write:528: unmapped Write8 0x00000000 @ 0x00000928 at PC 0x010F3548
[   5.563299] HW.Memory <Error> core\memory.cpp:Memory::MemorySystem::Write:528: unmapped Write8 0x00000000 @ 0x00000929 at PC 0x010F3548
[   5.563300] HW.Memory <Error> core\memory.cpp:Memory::MemorySystem::Write:528: unmapped Write8 0x00000000 @ 0x0000092A at PC 0x010F3548
[   5.563300] HW.Memory <Error> core\memory.cpp:Memory::MemorySystem::Write:528: unmapped Write8 0x00000000 @ 0x0000092B at PC 0x010F3548
[   5.563301] HW.Memory <Error> core\memory.cpp:Memory::MemorySystem::Write:528: unmapped Write8 0x00000000 @ 0x0000092C at PC 0x010F3548
[   5.563302] HW.Memory <Error> core\memory.cpp:Memory::MemorySystem::Write:528: unmapped Write8 0x00000000 @ 0x0000092D at PC 0x010F3548
[   5.563302] HW.Memory <Error> core\memory.cpp:Memory::MemorySystem::Write:528: unmapped Write8 0x00000000 @ 0x0000092E at PC 0x010F3548
[   5.563303] HW.Memory <Error> core\memory.cpp:Memory::MemorySystem::Write:528: unmapped Write8 0x00000000 @ 0x0000092F at PC 0x010F3548
[   5.563303] HW.Memory <Error> core\memory.cpp:Memory::MemorySystem::Write:528: unmapped Write8 0x00000000 @ 0x00000930 at PC 0x010F3548
[   5.563304] HW.Memory <Error> core\memory.cpp:Memory::MemorySystem::Write:528: unmapped Write8 0x00000000 @ 0x00000931 at PC 0x010F3548
[   5.563304] HW.Memory <Error> core\memory.cpp:Memory::MemorySystem::Write:528: unmapped Write8 0x00000000 @ 0x00000932 at PC 0x010F3548
[   5.563305] HW.Memory <Error> core\memory.cpp:Memory::MemorySystem::Write:528: unmapped Write8 0x00000000 @ 0x00000933 at PC 0x010F3548
[   5.563305] HW.Memory <Error> core\memory.cpp:Memory::MemorySystem::Write:528: unmapped Write8 0x00000000 @ 0x00000934 at PC 0x010F3548
[   5.563306] HW.Memory <Error> core\memory.cpp:Memory::MemorySystem::Write:528: unmapped Write8 0x00000000 @ 0x00000935 at PC 0x010F3548
[   5.563306] HW.Memory <Error> core\memory.cpp:Memory::MemorySystem::Write:528: unmapped Write8 0x00000000 @ 0x00000936 at PC 0x010F3548
[   5.563307] HW.Memory <Error> core\memory.cpp:Memory::MemorySystem::Write:528: unmapped Write8 0x00000000 @ 0x00000937 at PC 0x010F3548
[   5.563307] HW.Memory <Error> core\memory.cpp:Memory::MemorySystem::Write:528: unmapped Write8 0x00000000 @ 0x00000938 at PC 0x010F3548
[   5.563308] HW.Memory <Error> core\memory.cpp:Memory::MemorySystem::Write:528: unmapped Write8 0x00000000 @ 0x00000939 at PC 0x010F3548
[   5.563308] HW.Memory <Error> core\memory.cpp:Memory::MemorySystem::Write:528: unmapped Write8 0x00000000 @ 0x0000093A at PC 0x010F3548
[   5.563309] HW.Memory <Error> core\memory.cpp:Memory::MemorySystem::Write:528: unmapped Write8 0x00000000 @ 0x0000093B at PC 0x010F3548
[   5.563309] HW.Memory <Error> core\memory.cpp:Memory::MemorySystem::Write:528: unmapped Write8 0x00000000 @ 0x0000093C at PC 0x010F3548
[   5.563310] HW.Memory <Error> core\memory.cpp:Memory::MemorySystem::Write:528: unmapped Write8 0x00000000 @ 0x0000093D at PC 0x010F3548
[   5.563310] HW.Memory <Error> core\memory.cpp:Memory::MemorySystem::Write:528: unmapped Write8 0x00000000 @ 0x0000093E at PC 0x010F3548
[   5.563310] HW.Memory <Error> core\memory.cpp:Memory::MemorySystem::Write:528: unmapped Write8 0x00000000 @ 0x0000093F at PC 0x010F3548
[   5.563311] HW.Memory <Error> core\memory.cpp:Memory::MemorySystem::Write:528: unmapped Write8 0x00000000 @ 0x00000940 at PC 0x010F3548
[   5.563311] HW.Memory <Error> core\memory.cpp:Memory::MemorySystem::Write:528: unmapped Write8 0x00000000 @ 0x00000941 at PC 0x010F3548
[   5.563312] HW.Memory <Error> core\memory.cpp:Memory::MemorySystem::Write:528: unmapped Write8 0x00000000 @ 0x00000942 at PC 0x010F3548
[   5.563313] HW.Memory <Error> core\memory.cpp:Memory::MemorySystem::Write:528: unmapped Write8 0x00000000 @ 0x00000943 at PC 0x010F3548
[   5.563313] HW.Memory <Error> core\memory.cpp:Memory::MemorySystem::Write:528: unmapped Write8 0x00000000 @ 0x00000944 at PC 0x010F3548
[   5.563314] HW.Memory <Error> core\memory.cpp:Memory::MemorySystem::Write:528: unmapped Write8 0x00000000 @ 0x00000945 at PC 0x010F3548
[   5.563314] HW.Memory <Error> core\memory.cpp:Memory::MemorySystem::Write:528: unmapped Write8 0x00000000 @ 0x00000946 at PC 0x010F3548
[   5.563315] HW.Memory <Error> core\memory.cpp:Memory::MemorySystem::Write:528: unmapped Write8 0x00000000 @ 0x00000947 at PC 0x010F3548
[   5.563316] HW.Memory <Error> core\memory.cpp:Memory::MemorySystem::Write:528: unmapped Write8 0x00000000 @ 0x00000948 at PC 0x010F3548
[   5.563316] HW.Memory <Error> core\memory.cpp:Memory::MemorySystem::Write:528: unmapped Write8 0x00000000 @ 0x00000949 at PC 0x010F3548
[   5.563317] HW.Memory <Error> core\memory.cpp:Memory::MemorySystem::Write:528: unmapped Write8 0x00000000 @ 0x0000094A at PC 0x010F3548
[   5.563318] HW.Memory <Error> core\memory.cpp:Memory::MemorySystem::Write:528: unmapped Write8 0x00000000 @ 0x0000094B at PC 0x010F3548
[   5.563318] HW.Memory <Error> core\memory.cpp:Memory::MemorySystem::Write:528: unmapped Write8 0x00000000 @ 0x0000094C at PC 0x010F3548
[   5.563319] HW.Memory <Error> core\memory.cpp:Memory::MemorySystem::Write:528: unmapped Write8 0x00000000 @ 0x0000094D at PC 0x010F3548
[   5.563319] HW.Memory <Error> core\memory.cpp:Memory::MemorySystem::Write:528: unmapped Write8 0x00000000 @ 0x0000094E at PC 0x010F3548
[   5.563320] HW.Memory <Error> core\memory.cpp:Memory::MemorySystem::Write:528: unmapped Write8 0x00000000 @ 0x0000094F at PC 0x010F3548
[   5.563320] HW.Memory <Error> core\memory.cpp:Memory::MemorySystem::Write:528: unmapped Write8 0x00000000 @ 0x00000950 at PC 0x010F3548
[   5.563321] HW.Memory <Error> core\memory.cpp:Memory::MemorySystem::Write:528: unmapped Write8 0x00000000 @ 0x00000951 at PC 0x010F3548
[   5.563322] HW.Memory <Error> core\memory.cpp:Memory::MemorySystem::Write:528: unmapped Write8 0x00000000 @ 0x00000952 at PC 0x010F3548
[   5.563322] HW.Memory <Error> core\memory.cpp:Memory::MemorySystem::Write:528: unmapped Write8 0x00000000 @ 0x00000953 at PC 0x010F3548
[   5.563323] HW.Memory <Error> core\memory.cpp:Memory::MemorySystem::Write:528: unmapped Write8 0x00000000 @ 0x00000954 at PC 0x010F3548
[   5.563324] HW.Memory <Error> core\memory.cpp:Memory::MemorySystem::Write:528: unmapped Write8 0x00000000 @ 0x00000955 at PC 0x010F3548
[   5.563324] HW.Memory <Error> core\memory.cpp:Memory::MemorySystem::Write:528: unmapped Write8 0x00000000 @ 0x00000956 at PC 0x010F3548
[   5.563325] HW.Memory <Error> core\memory.cpp:Memory::MemorySystem::Write:528: unmapped Write8 0x00000000 @ 0x00000957 at PC 0x010F3548
[   5.563326] HW.Memory <Error> core\memory.cpp:Memory::MemorySystem::Write:528: unmapped Write8 0x00000000 @ 0x00000958 at PC 0x010F3548
[   5.563326] HW.Memory <Error> core\memory.cpp:Memory::MemorySystem::Write:528: unmapped Write8 0x00000000 @ 0x00000959 at PC 0x010F3548
[   5.563327] HW.Memory <Error> core\memory.cpp:Memory::MemorySystem::Write:528: unmapped Write8 0x00000000 @ 0x0000095A at PC 0x010F3548
[   5.563328] HW.Memory <Error> core\memory.cpp:Memory::MemorySystem::Write:528: unmapped Write8 0x00000000 @ 0x0000095B at PC 0x010F3548
[   5.563328] HW.Memory <Error> core\memory.cpp:Memory::MemorySystem::Write:528: unmapped Write8 0x00000000 @ 0x0000095C at PC 0x010F3548
[   5.563329] HW.Memory <Error> core\memory.cpp:Memory::MemorySystem::Write:528: unmapped Write8 0x00000000 @ 0x0000095D at PC 0x010F3548
[   5.563329] HW.Memory <Error> core\memory.cpp:Memory::MemorySystem::Write:528: unmapped Write8 0x00000000 @ 0x0000095E at PC 0x010F3548
[   5.563330] HW.Memory <Error> core\memory.cpp:Memory::MemorySystem::Write:528: unmapped Write8 0x00000000 @ 0x0000095F at PC 0x010F3548
[   5.563330] HW.Memory <Error> core\memory.cpp:Memory::MemorySystem::Write:528: unmapped Write8 0x00000000 @ 0x00000960 at PC 0x010F3548
[   5.563331] HW.Memory <Error> core\memory.cpp:Memory::MemorySystem::Write:528: unmapped Write8 0x00000000 @ 0x00000961 at PC 0x010F3548
[   5.563331] HW.Memory <Error> core\memory.cpp:Memory::MemorySystem::Write:528: unmapped Write8 0x00000000 @ 0x00000962 at PC 0x010F3548
[   5.563332] HW.Memory <Error> core\memory.cpp:Memory::MemorySystem::Write:528: unmapped Write8 0x00000000 @ 0x00000963 at PC 0x010F3548
[   5.563332] HW.Memory <Error> core\memory.cpp:Memory::MemorySystem::Write:528: unmapped Write8 0x00000000 @ 0x00000964 at PC 0x010F3548
[   5.563333] HW.Memory <Error> core\memory.cpp:Memory::MemorySystem::Write:528: unmapped Write8 0x00000000 @ 0x00000965 at PC 0x010F3548
[   5.563334] HW.Memory <Error> core\memory.cpp:Memory::MemorySystem::Write:528: unmapped Write8 0x00000000 @ 0x00000966 at PC 0x010F3548
[   5.563334] HW.Memory <Error> core\memory.cpp:Memory::MemorySystem::Write:528: unmapped Write8 0x00000000 @ 0x00000967 at PC 0x010F3548
[   5.563335] HW.Memory <Error> core\memory.cpp:Memory::MemorySystem::Write:528: unmapped Write8 0x00000000 @ 0x00000968 at PC 0x010F3548
[   5.563335] HW.Memory <Error> core\memory.cpp:Memory::MemorySystem::Write:528: unmapped Write8 0x00000000 @ 0x00000969 at PC 0x010F3548
[   5.563336] HW.Memory <Error> core\memory.cpp:Memory::MemorySystem::Write:528: unmapped Write8 0x00000000 @ 0x0000096A at PC 0x010F3548
[   5.563336] HW.Memory <Error> core\memory.cpp:Memory::MemorySystem::Write:528: unmapped Write8 0x00000000 @ 0x0000096B at PC 0x010F3548
[   5.563337] HW.Memory <Error> core\memory.cpp:Memory::MemorySystem::Write:528: unmapped Write8 0x00000000 @ 0x0000096C at PC 0x010F3548
[   5.563337] HW.Memory <Error> core\memory.cpp:Memory::MemorySystem::Write:528: unmapped Write8 0x00000000 @ 0x0000096D at PC 0x010F3548
[   5.563338] HW.Memory <Error> core\memory.cpp:Memory::MemorySystem::Write:528: unmapped Write8 0x00000000 @ 0x0000096E at PC 0x010F3548
[   5.563338] HW.Memory <Error> core\memory.cpp:Memory::MemorySystem::Write:528: unmapped Write8 0x00000000 @ 0x0000096F at PC 0x010F3548
[   5.563339] HW.Memory <Error> core\memory.cpp:Memory::MemorySystem::Write:528: unmapped Write8 0x00000000 @ 0x00000970 at PC 0x010F3548
[   5.563339] HW.Memory <Error> core\memory.cpp:Memory::MemorySystem::Write:528: unmapped Write8 0x00000000 @ 0x00000971 at PC 0x010F3548
[   5.563340] HW.Memory <Error> core\memory.cpp:Memory::MemorySystem::Write:528: unmapped Write8 0x00000000 @ 0x00000972 at PC 0x010F3548
[   5.563340] HW.Memory <Error> core\memory.cpp:Memory::MemorySystem::Write:528: unmapped Write8 0x00000000 @ 0x00000973 at PC 0x010F3548
[   5.563341] HW.Memory <Error> core\memory.cpp:Memory::MemorySystem::Write:528: unmapped Write8 0x00000000 @ 0x00000974 at PC 0x010F3548
[   5.563341] HW.Memory <Error> core\memory.cpp:Memory::MemorySystem::Write:528: unmapped Write8 0x00000000 @ 0x00000975 at PC 0x010F3548
[   5.563342] HW.Memory <Error> core\memory.cpp:Memory::MemorySystem::Write:528: unmapped Write8 0x00000000 @ 0x00000976 at PC 0x010F3548
[   5.563342] HW.Memory <Error> core\memory.cpp:Memory::MemorySystem::Write:528: unmapped Write8 0x00000000 @ 0x00000977 at PC 0x010F3548
[   5.563343] HW.Memory <Error> core\memory.cpp:Memory::MemorySystem::Write:528: unmapped Write8 0x00000000 @ 0x00000978 at PC 0x010F3548
[   5.563344] HW.Memory <Error> core\memory.cpp:Memory::MemorySystem::Write:528: unmapped Write8 0x00000000 @ 0x00000979 at PC 0x010F3548
[   5.563344] HW.Memory <Error> core\memory.cpp:Memory::MemorySystem::Write:528: unmapped Write8 0x00000000 @ 0x0000097A at PC 0x010F3548
[   5.563344] HW.Memory <Error> core\memory.cpp:Memory::MemorySystem::Write:528: unmapped Write8 0x00000000 @ 0x0000097B at PC 0x010F3548
[   5.563345] HW.Memory <Error> core\memory.cpp:Memory::MemorySystem::Write:528: unmapped Write8 0x00000000 @ 0x0000097C at PC 0x010F3548
[   5.563346] HW.Memory <Error> core\memory.cpp:Memory::MemorySystem::Write:528: unmapped Write8 0x00000000 @ 0x0000097D at PC 0x010F3548
[   5.563346] HW.Memory <Error> core\memory.cpp:Memory::MemorySystem::Write:528: unmapped Write8 0x00000000 @ 0x0000097E at PC 0x010F3548
[   5.563347] HW.Memory <Error> core\memory.cpp:Memory::MemorySystem::Write:528: unmapped Write8 0x00000000 @ 0x0000097F at PC 0x010F3548
[   5.563347] HW.Memory <Error> core\memory.cpp:Memory::MemorySystem::Write:528: unmapped Write8 0x00000000 @ 0x00000980 at PC 0x010F3548
[   5.563348] HW.Memory <Error> core\memory.cpp:Memory::MemorySystem::Write:528: unmapped Write8 0x00000000 @ 0x00000981 at PC 0x010F3548
[   5.563348] HW.Memory <Error> core\memory.cpp:Memory::MemorySystem::Write:528: unmapped Write8 0x00000000 @ 0x00000982 at PC 0x010F3548
[   5.563349] HW.Memory <Error> core\memory.cpp:Memory::MemorySystem::Write:528: unmapped Write8 0x00000000 @ 0x00000983 at PC 0x010F3548
[   5.563350] HW.Memory <Error> core\memory.cpp:Memory::MemorySystem::Write:528: unmapped Write8 0x00000000 @ 0x00000984 at PC 0x010F3548
[   5.563350] HW.Memory <Error> core\memory.cpp:Memory::MemorySystem::Write:528: unmapped Write8 0x00000000 @ 0x00000985 at PC 0x010F3548
[   5.563351] HW.Memory <Error> core\memory.cpp:Memory::MemorySystem::Write:528: unmapped Write8 0x00000000 @ 0x00000986 at PC 0x010F3548
[   5.563351] HW.Memory <Error> core\memory.cpp:Memory::MemorySystem::Write:528: unmapped Write8 0x00000000 @ 0x00000987 at PC 0x010F3548
[   5.563352] HW.Memory <Error> core\memory.cpp:Memory::MemorySystem::Write:528: unmapped Write8 0x00000000 @ 0x00000988 at PC 0x010F3548
[   5.563353] HW.Memory <Error> core\memory.cpp:Memory::MemorySystem::Write:528: unmapped Write8 0x00000000 @ 0x00000989 at PC 0x010F3548
[   5.563353] HW.Memory <Error> core\memory.cpp:Memory::MemorySystem::Write:528: unmapped Write8 0x00000000 @ 0x0000098A at PC 0x010F3548
[   5.563354] HW.Memory <Error> core\memory.cpp:Memory::MemorySystem::Write:528: unmapped Write8 0x00000000 @ 0x0000098B at PC 0x010F3548
[   5.563354] HW.Memory <Error> core\memory.cpp:Memory::MemorySystem::Write:528: unmapped Write8 0x00000000 @ 0x0000098C at PC 0x010F3548
[   5.563355] HW.Memory <Error> core\memory.cpp:Memory::MemorySystem::Write:528: unmapped Write8 0x00000000 @ 0x0000098D at PC 0x010F3548
[   5.563355] HW.Memory <Error> core\memory.cpp:Memory::MemorySystem::Write:528: unmapped Write8 0x00000000 @ 0x0000098E at PC 0x010F3548
[   5.563356] HW.Memory <Error> core\memory.cpp:Memory::MemorySystem::Write:528: unmapped Write8 0x00000000 @ 0x0000098F at PC 0x010F3548
[   5.563357] HW.Memory <Error> core\memory.cpp:Memory::MemorySystem::Write:528: unmapped Write8 0x00000000 @ 0x00000990 at PC 0x010F3548
[   5.563357] HW.Memory <Error> core\memory.cpp:Memory::MemorySystem::Write:528: unmapped Write8 0x00000000 @ 0x00000991 at PC 0x010F3548
[   5.563358] HW.Memory <Error> core\memory.cpp:Memory::MemorySystem::Write:528: unmapped Write8 0x00000000 @ 0x00000992 at PC 0x010F3548
[   5.563358] HW.Memory <Error> core\memory.cpp:Memory::MemorySystem::Write:528: unmapped Write8 0x00000000 @ 0x00000993 at PC 0x010F3548
[   5.563359] HW.Memory <Error> core\memory.cpp:Memory::MemorySystem::Write:528: unmapped Write8 0x00000000 @ 0x00000994 at PC 0x010F3548
[   5.563359] HW.Memory <Error> core\memory.cpp:Memory::MemorySystem::Write:528: unmapped Write8 0x00000000 @ 0x00000995 at PC 0x010F3548
[   5.563360] HW.Memory <Error> core\memory.cpp:Memory::MemorySystem::Write:528: unmapped Write8 0x00000000 @ 0x00000996 at PC 0x010F3548
[   5.563360] HW.Memory <Error> core\memory.cpp:Memory::MemorySystem::Write:528: unmapped Write8 0x00000000 @ 0x00000997 at PC 0x010F3548
[   5.563361] HW.Memory <Error> core\memory.cpp:Memory::MemorySystem::Write:528: unmapped Write8 0x00000000 @ 0x00000998 at PC 0x010F3548
[   5.563362] HW.Memory <Error> core\memory.cpp:Memory::MemorySystem::Write:528: unmapped Write8 0x00000000 @ 0x00000999 at PC 0x010F3548
[   5.563362] HW.Memory <Error> core\memory.cpp:Memory::MemorySystem::Write:528: unmapped Write8 0x00000000 @ 0x0000099A at PC 0x010F3548
[   5.563363] HW.Memory <Error> core\memory.cpp:Memory::MemorySystem::Write:528: unmapped Write8 0x00000000 @ 0x0000099B at PC 0x010F3548
[   5.563363] HW.Memory <Error> core\memory.cpp:Memory::MemorySystem::Write:528: unmapped Write8 0x00000000 @ 0x0000099C at PC 0x010F3548
[   5.563364] HW.Memory <Error> core\memory.cpp:Memory::MemorySystem::Write:528: unmapped Write8 0x00000000 @ 0x0000099D at PC 0x010F3548
[   5.563365] HW.Memory <Error> core\memory.cpp:Memory::MemorySystem::Write:528: unmapped Write8 0x00000000 @ 0x0000099E at PC 0x010F3548
[   5.563365] HW.Memory <Error> core\memory.cpp:Memory::MemorySystem::Write:528: unmapped Write8 0x00000000 @ 0x0000099F at PC 0x010F3548
[   5.563366] HW.Memory <Error> core\memory.cpp:Memory::MemorySystem::Write:528: unmapped Write8 0x00000000 @ 0x000009A0 at PC 0x010F3548
[   5.563366] HW.Memory <Error> core\memory.cpp:Memory::MemorySystem::Write:528: unmapped Write8 0x00000000 @ 0x000009A1 at PC 0x010F3548
[   5.563367] HW.Memory <Error> core\memory.cpp:Memory::MemorySystem::Write:528: unmapped Write8 0x00000000 @ 0x000009A2 at PC 0x010F3548
[   5.563367] HW.Memory <Error> core\memory.cpp:Memory::MemorySystem::Write:528: unmapped Write8 0x00000000 @ 0x000009A3 at PC 0x010F3548
[   5.563368] HW.Memory <Error> core\memory.cpp:Memory::MemorySystem::Write:528: unmapped Write8 0x00000000 @ 0x000009A4 at PC 0x010F3548
[   5.563368] HW.Memory <Error> core\memory.cpp:Memory::MemorySystem::Write:528: unmapped Write8 0x00000000 @ 0x000009A5 at PC 0x010F3548
[   5.563369] HW.Memory <Error> core\memory.cpp:Memory::MemorySystem::Write:528: unmapped Write8 0x00000000 @ 0x000009A6 at PC 0x010F3548
[   5.563369] HW.Memory <Error> core\memory.cpp:Memory::MemorySystem::Write:528: unmapped Write8 0x00000000 @ 0x000009A7 at PC 0x010F3548
[   5.563370] HW.Memory <Error> core\memory.cpp:Memory::MemorySystem::Write:528: unmapped Write8 0x00000000 @ 0x000009A8 at PC 0x010F3548
[   5.563370] HW.Memory <Error> core\memory.cpp:Memory::MemorySystem::Write:528: unmapped Write8 0x00000000 @ 0x000009A9 at PC 0x010F3548
[   5.563371] HW.Memory <Error> core\memory.cpp:Memory::MemorySystem::Write:528: unmapped Write8 0x00000000 @ 0x000009AA at PC 0x010F3548
[   5.563371] HW.Memory <Error> core\memory.cpp:Memory::MemorySystem::Write:528: unmapped Write8 0x00000000 @ 0x000009AB at PC 0x010F3548
[   5.563372] HW.Memory <Error> core\memory.cpp:Memory::MemorySystem::Write:528: unmapped Write8 0x00000000 @ 0x000009AC at PC 0x010F3548
[   5.563372] HW.Memory <Error> core\memory.cpp:Memory::MemorySystem::Write:528: unmapped Write8 0x00000000 @ 0x000009AD at PC 0x010F3548
[   5.563373] HW.Memory <Error> core\memory.cpp:Memory::MemorySystem::Write:528: unmapped Write8 0x00000000 @ 0x000009AE at PC 0x010F3548
[   5.563373] HW.Memory <Error> core\memory.cpp:Memory::MemorySystem::Write:528: unmapped Write8 0x00000000 @ 0x000009AF at PC 0x010F3548
[   5.563374] HW.Memory <Error> core\memory.cpp:Memory::MemorySystem::Write:528: unmapped Write8 0x00000000 @ 0x000009B0 at PC 0x010F3548
[   5.563374] HW.Memory <Error> core\memory.cpp:Memory::MemorySystem::Write:528: unmapped Write8 0x00000000 @ 0x000009B1 at PC 0x010F3548
[   5.563375] HW.Memory <Error> core\memory.cpp:Memory::MemorySystem::Write:528: unmapped Write8 0x00000000 @ 0x000009B2 at PC 0x010F3548
[   5.563375] HW.Memory <Error> core\memory.cpp:Memory::MemorySystem::Write:528: unmapped Write8 0x00000000 @ 0x000009B3 at PC 0x010F3548
[   5.563376] HW.Memory <Error> core\memory.cpp:Memory::MemorySystem::Write:528: unmapped Write8 0x00000000 @ 0x000009B4 at PC 0x010F3548
[   5.563376] HW.Memory <Error> core\memory.cpp:Memory::MemorySystem::Write:528: unmapped Write8 0x00000000 @ 0x000009B5 at PC 0x010F3548
[   5.563377] HW.Memory <Error> core\memory.cpp:Memory::MemorySystem::Write:528: unmapped Write8 0x00000000 @ 0x000009B6 at PC 0x010F3548
[   5.563377] HW.Memory <Error> core\memory.cpp:Memory::MemorySystem::Write:528: unmapped Write8 0x00000000 @ 0x000009B7 at PC 0x010F3548
[   5.563378] HW.Memory <Error> core\memory.cpp:Memory::MemorySystem::Write:528: unmapped Write8 0x00000000 @ 0x000009B8 at PC 0x010F3548
[   5.563378] HW.Memory <Error> core\memory.cpp:Memory::MemorySystem::Write:528: unmapped Write8 0x00000000 @ 0x000009B9 at PC 0x010F3548
[   5.563379] HW.Memory <Error> core\memory.cpp:Memory::MemorySystem::Write:528: unmapped Write8 0x00000000 @ 0x000009BA at PC 0x010F3548
[   5.563380] HW.Memory <Error> core\memory.cpp:Memory::MemorySystem::Write:528: unmapped Write8 0x00000000 @ 0x000009BB at PC 0x010F3548
[   5.563380] HW.Memory <Error> core\memory.cpp:Memory::MemorySystem::Write:528: unmapped Write8 0x00000000 @ 0x000009BC at PC 0x010F3548
[   5.563380] HW.Memory <Error> core\memory.cpp:Memory::MemorySystem::Write:528: unmapped Write8 0x00000000 @ 0x000009BD at PC 0x010F3548
[   5.563381] HW.Memory <Error> core\memory.cpp:Memory::MemorySystem::Write:528: unmapped Write8 0x00000000 @ 0x000009BE at PC 0x010F3548
[   5.563382] HW.Memory <Error> core\memory.cpp:Memory::MemorySystem::Write:528: unmapped Write8 0x00000000 @ 0x000009BF at PC 0x010F3548
[   5.563382] HW.Memory <Error> core\memory.cpp:Memory::MemorySystem::Write:528: unmapped Write8 0x00000000 @ 0x000009C0 at PC 0x010F3548
[   5.563383] HW.Memory <Error> core\memory.cpp:Memory::MemorySystem::Write:528: unmapped Write8 0x00000000 @ 0x000009C1 at PC 0x010F3548
[   5.563383] HW.Memory <Error> core\memory.cpp:Memory::MemorySystem::Write:528: unmapped Write8 0x00000000 @ 0x000009C2 at PC 0x010F3548
[   5.563384] HW.Memory <Error> core\memory.cpp:Memory::MemorySystem::Write:528: unmapped Write8 0x00000000 @ 0x000009C3 at PC 0x010F3548
[   5.563385] HW.Memory <Error> core\memory.cpp:Memory::MemorySystem::Write:528: unmapped Write8 0x00000000 @ 0x000009C4 at PC 0x010F3548
[   5.563385] HW.Memory <Error> core\memory.cpp:Memory::MemorySystem::Write:528: unmapped Write8 0x00000000 @ 0x000009C5 at PC 0x010F3548
[   5.563386] HW.Memory <Error> core\memory.cpp:Memory::MemorySystem::Write:528: unmapped Write8 0x00000000 @ 0x000009C6 at PC 0x010F3548
[   5.563386] HW.Memory <Error> core\memory.cpp:Memory::MemorySystem::Write:528: unmapped Write8 0x00000000 @ 0x000009C7 at PC 0x010F3548
[   5.563387] HW.Memory <Error> core\memory.cpp:Memory::MemorySystem::Write:528: unmapped Write8 0x00000000 @ 0x000009C8 at PC 0x010F3548
[   5.563388] HW.Memory <Error> core\memory.cpp:Memory::MemorySystem::Write:528: unmapped Write8 0x00000000 @ 0x000009C9 at PC 0x010F3548
[   5.563388] HW.Memory <Error> core\memory.cpp:Memory::MemorySystem::Write:528: unmapped Write8 0x00000000 @ 0x000009CA at PC 0x010F3548
[   5.563389] HW.Memory <Error> core\memory.cpp:Memory::MemorySystem::Write:528: unmapped Write8 0x00000000 @ 0x000009CB at PC 0x010F3548
[   5.563390] HW.Memory <Error> core\memory.cpp:Memory::MemorySystem::Write:528: unmapped Write8 0x00000000 @ 0x000009CC at PC 0x010F3548
[   5.563390] HW.Memory <Error> core\memory.cpp:Memory::MemorySystem::Write:528: unmapped Write8 0x00000000 @ 0x000009CD at PC 0x010F3548
[   5.563391] HW.Memory <Error> core\memory.cpp:Memory::MemorySystem::Write:528: unmapped Write8 0x00000000 @ 0x000009CE at PC 0x010F3548
[   5.563392] HW.Memory <Error> core\memory.cpp:Memory::MemorySystem::Write:528: unmapped Write8 0x00000000 @ 0x000009CF at PC 0x010F3548
[   5.563392] HW.Memory <Error> core\memory.cpp:Memory::MemorySystem::Write:528: unmapped Write8 0x00000000 @ 0x000009D0 at PC 0x010F3548
[   5.563393] HW.Memory <Error> core\memory.cpp:Memory::MemorySystem::Write:528: unmapped Write8 0x00000000 @ 0x000009D1 at PC 0x010F3548
[   5.563393] HW.Memory <Error> core\memory.cpp:Memory::MemorySystem::Write:528: unmapped Write8 0x00000000 @ 0x000009D2 at PC 0x010F3548
[   5.563394] HW.Memory <Error> core\memory.cpp:Memory::MemorySystem::Write:528: unmapped Write8 0x00000000 @ 0x000009D3 at PC 0x010F3548
[   5.563395] HW.Memory <Error> core\memory.cpp:Memory::MemorySystem::Write:528: unmapped Write8 0x00000000 @ 0x000009D4 at PC 0x010F3548
[   5.563395] HW.Memory <Error> core\memory.cpp:Memory::MemorySystem::Write:528: unmapped Write8 0x00000000 @ 0x000009D5 at PC 0x010F3548
[   5.563396] HW.Memory <Error> core\memory.cpp:Memory::MemorySystem::Write:528: unmapped Write8 0x00000000 @ 0x000009D6 at PC 0x010F3548
[   5.563396] HW.Memory <Error> core\memory.cpp:Memory::MemorySystem::Write:528: unmapped Write8 0x00000000 @ 0x000009D7 at PC 0x010F3548
[   5.563397] HW.Memory <Error> core\memory.cpp:Memory::MemorySystem::Write:528: unmapped Write8 0x00000000 @ 0x000009D8 at PC 0x010F3548
[   5.563397] HW.Memory <Error> core\memory.cpp:Memory::MemorySystem::Write:528: unmapped Write8 0x00000000 @ 0x000009D9 at PC 0x010F3548
[   5.563398] HW.Memory <Error> core\memory.cpp:Memory::MemorySystem::Write:528: unmapped Write8 0x00000000 @ 0x000009DA at PC 0x010F3548
[   5.563398] HW.Memory <Error> core\memory.cpp:Memory::MemorySystem::Write:528: unmapped Write8 0x00000000 @ 0x000009DB at PC 0x010F3548
[   5.563399] HW.Memory <Error> core\memory.cpp:Memory::MemorySystem::Write:528: unmapped Write8 0x00000000 @ 0x000009DC at PC 0x010F3548
[   5.563399] HW.Memory <Error> core\memory.cpp:Memory::MemorySystem::Write:528: unmapped Write8 0x00000000 @ 0x000009DD at PC 0x010F3548
[   5.563400] HW.Memory <Error> core\memory.cpp:Memory::MemorySystem::Write:528: unmapped Write8 0x00000000 @ 0x000009DE at PC 0x010F3548
[   5.563401] HW.Memory <Error> core\memory.cpp:Memory::MemorySystem::Write:528: unmapped Write8 0x00000000 @ 0x000009DF at PC 0x010F3548
[   5.563401] HW.Memory <Error> core\memory.cpp:Memory::MemorySystem::Write:528: unmapped Write8 0x00000000 @ 0x000009E0 at PC 0x010F3548
[   5.563402] HW.Memory <Error> core\memory.cpp:Memory::MemorySystem::Write:528: unmapped Write8 0x00000000 @ 0x000009E1 at PC 0x010F3548
[   5.563402] HW.Memory <Error> core\memory.cpp:Memory::MemorySystem::Write:528: unmapped Write8 0x00000000 @ 0x000009E2 at PC 0x010F3548
[   5.563403] HW.Memory <Error> core\memory.cpp:Memory::MemorySystem::Write:528: unmapped Write8 0x00000000 @ 0x000009E3 at PC 0x010F3548
[   5.563403] HW.Memory <Error> core\memory.cpp:Memory::MemorySystem::Write:528: unmapped Write8 0x00000000 @ 0x000009E4 at PC 0x010F3548
[   5.563404] HW.Memory <Error> core\memory.cpp:Memory::MemorySystem::Write:528: unmapped Write8 0x00000000 @ 0x000009E5 at PC 0x010F3548
[   5.563404] HW.Memory <Error> core\memory.cpp:Memory::MemorySystem::Write:528: unmapped Write8 0x00000000 @ 0x000009E6 at PC 0x010F3548
[   5.563405] HW.Memory <Error> core\memory.cpp:Memory::MemorySystem::Write:528: unmapped Write8 0x00000000 @ 0x000009E7 at PC 0x010F3548
[   5.563406] HW.Memory <Error> core\memory.cpp:Memory::MemorySystem::Write:528: unmapped Write8 0x00000000 @ 0x000009E8 at PC 0x010F3548
[   5.563406] HW.Memory <Error> core\memory.cpp:Memory::MemorySystem::Write:528: unmapped Write8 0x00000000 @ 0x000009E9 at PC 0x010F3548
[   5.563407] HW.Memory <Error> core\memory.cpp:Memory::MemorySystem::Write:528: unmapped Write8 0x00000000 @ 0x000009EA at PC 0x010F3548
[   5.563407] HW.Memory <Error> core\memory.cpp:Memory::MemorySystem::Write:528: unmapped Write8 0x00000000 @ 0x000009EB at PC 0x010F3548
[   5.563407] HW.Memory <Error> core\memory.cpp:Memory::MemorySystem::Write:528: unmapped Write8 0x00000000 @ 0x000009EC at PC 0x010F3548
[   5.563408] HW.Memory <Error> core\memory.cpp:Memory::MemorySystem::Write:528: unmapped Write8 0x00000000 @ 0x000009ED at PC 0x010F3548
[   5.563409] HW.Memory <Error> core\memory.cpp:Memory::MemorySystem::Write:528: unmapped Write8 0x00000000 @ 0x000009EE at PC 0x010F3548
[   5.563409] HW.Memory <Error> core\memory.cpp:Memory::MemorySystem::Write:528: unmapped Write8 0x00000000 @ 0x000009EF at PC 0x010F3548
[   5.563410] HW.Memory <Error> core\memory.cpp:Memory::MemorySystem::Write:528: unmapped Write8 0x00000000 @ 0x000009F0 at PC 0x010F3548
[   5.563410] HW.Memory <Error> core\memory.cpp:Memory::MemorySystem::Write:528: unmapped Write8 0x00000000 @ 0x000009F1 at PC 0x010F3548
[   5.563411] HW.Memory <Error> core\memory.cpp:Memory::MemorySystem::Write:528: unmapped Write8 0x00000000 @ 0x000009F2 at PC 0x010F3548
[   5.563411] HW.Memory <Error> core\memory.cpp:Memory::MemorySystem::Write:528: unmapped Write8 0x00000000 @ 0x000009F3 at PC 0x010F3548
[   5.563412] HW.Memory <Error> core\memory.cpp:Memory::MemorySystem::Write:528: unmapped Write8 0x00000000 @ 0x000009F4 at PC 0x010F3548
[   5.563412] HW.Memory <Error> core\memory.cpp:Memory::MemorySystem::Write:528: unmapped Write8 0x00000000 @ 0x000009F5 at PC 0x010F3548
[   5.563413] HW.Memory <Error> core\memory.cpp:Memory::MemorySystem::Write:528: unmapped Write8 0x00000000 @ 0x000009F6 at PC 0x010F3548
[   5.563413] HW.Memory <Error> core\memory.cpp:Memory::MemorySystem::Write:528: unmapped Write8 0x00000000 @ 0x000009F7 at PC 0x010F3548
[   5.563414] HW.Memory <Error> core\memory.cpp:Memory::MemorySystem::Write:528: unmapped Write8 0x00000000 @ 0x000009F8 at PC 0x010F3548
[   5.563414] HW.Memory <Error> core\memory.cpp:Memory::MemorySystem::Write:528: unmapped Write8 0x00000000 @ 0x000009F9 at PC 0x010F3548
[   5.563415] HW.Memory <Error> core\memory.cpp:Memory::MemorySystem::Write:528: unmapped Write8 0x00000000 @ 0x000009FA at PC 0x010F3548
[   5.563416] HW.Memory <Error> core\memory.cpp:Memory::MemorySystem::Write:528: unmapped Write8 0x00000000 @ 0x000009FB at PC 0x010F3548
[   5.563416] HW.Memory <Error> core\memory.cpp:Memory::MemorySystem::Write:528: unmapped Write8 0x00000000 @ 0x000009FC at PC 0x010F3548
[   5.563417] HW.Memory <Error> core\memory.cpp:Memory::MemorySystem::Write:528: unmapped Write8 0x00000000 @ 0x000009FD at PC 0x010F3548
[   5.563417] HW.Memory <Error> core\memory.cpp:Memory::MemorySystem::Write:528: unmapped Write8 0x00000000 @ 0x000009FE at PC 0x010F3548
[   5.563418] HW.Memory <Error> core\memory.cpp:Memory::MemorySystem::Write:528: unmapped Write8 0x00000000 @ 0x000009FF at PC 0x010F3548
[   5.563418] HW.Memory <Error> core\memory.cpp:Memory::MemorySystem::Write:528: unmapped Write8 0x00000000 @ 0x00000A00 at PC 0x010F3548
[   5.563419] HW.Memory <Error> core\memory.cpp:Memory::MemorySystem::Write:528: unmapped Write8 0x00000000 @ 0x00000A01 at PC 0x010F3548
[   5.563419] HW.Memory <Error> core\memory.cpp:Memory::MemorySystem::Write:528: unmapped Write8 0x00000000 @ 0x00000A02 at PC 0x010F3548
[   5.563420] HW.Memory <Error> core\memory.cpp:Memory::MemorySystem::Write:528: unmapped Write8 0x00000000 @ 0x00000A03 at PC 0x010F3548
[   5.563420] HW.Memory <Error> core\memory.cpp:Memory::MemorySystem::Write:528: unmapped Write8 0x00000000 @ 0x00000A04 at PC 0x010F3548
[   5.563421] HW.Memory <Error> core\memory.cpp:Memory::MemorySystem::Write:528: unmapped Write8 0x00000000 @ 0x00000A05 at PC 0x010F3548
[   5.563421] HW.Memory <Error> core\memory.cpp:Memory::MemorySystem::Write:528: unmapped Write8 0x00000000 @ 0x00000A06 at PC 0x010F3548
[   5.563422] HW.Memory <Error> core\memory.cpp:Memory::MemorySystem::Write:528: unmapped Write8 0x00000000 @ 0x00000A07 at PC 0x010F3548
[   5.563422] HW.Memory <Error> core\memory.cpp:Memory::MemorySystem::Write:528: unmapped Write8 0x00000000 @ 0x00000A08 at PC 0x010F3548
[   5.563423] HW.Memory <Error> core\memory.cpp:Memory::MemorySystem::Write:528: unmapped Write8 0x00000000 @ 0x00000A09 at PC 0x010F3548
[   5.563424] HW.Memory <Error> core\memory.cpp:Memory::MemorySystem::Write:528: unmapped Write8 0x00000000 @ 0x00000A0A at PC 0x010F3548
[   5.563424] HW.Memory <Error> core\memory.cpp:Memory::MemorySystem::Write:528: unmapped Write8 0x00000000 @ 0x00000A0B at PC 0x010F3548
[   5.563425] HW.Memory <Error> core\memory.cpp:Memory::MemorySystem::Write:528: unmapped Write8 0x00000000 @ 0x00000A0C at PC 0x010F3548
[   5.563425] HW.Memory <Error> core\memory.cpp:Memory::MemorySystem::Write:528: unmapped Write8 0x00000000 @ 0x00000A0D at PC 0x010F3548
[   5.563426] HW.Memory <Error> core\memory.cpp:Memory::MemorySystem::Write:528: unmapped Write8 0x00000000 @ 0x00000A0E at PC 0x010F3548
[   5.563427] HW.Memory <Error> core\memory.cpp:Memory::MemorySystem::Write:528: unmapped Write8 0x00000000 @ 0x00000A0F at PC 0x010F3548
[   5.563427] HW.Memory <Error> core\memory.cpp:Memory::MemorySystem::Write:528: unmapped Write8 0x00000000 @ 0x00000A10 at PC 0x010F3548
[   5.563428] HW.Memory <Error> core\memory.cpp:Memory::MemorySystem::Write:528: unmapped Write8 0x00000000 @ 0x00000A11 at PC 0x010F3548
[   5.563428] HW.Memory <Error> core\memory.cpp:Memory::MemorySystem::Write:528: unmapped Write8 0x00000000 @ 0x00000A12 at PC 0x010F3548
[   5.563429] HW.Memory <Error> core\memory.cpp:Memory::MemorySystem::Write:528: unmapped Write8 0x00000000 @ 0x00000A13 at PC 0x010F3548
[   5.563429] HW.Memory <Error> core\memory.cpp:Memory::MemorySystem::Write:528: unmapped Write8 0x00000000 @ 0x00000A14 at PC 0x010F3548
[   5.563430] HW.Memory <Error> core\memory.cpp:Memory::MemorySystem::Write:528: unmapped Write8 0x00000000 @ 0x00000A15 at PC 0x010F3548
[   5.563430] HW.Memory <Error> core\memory.cpp:Memory::MemorySystem::Write:528: unmapped Write8 0x00000000 @ 0x00000A16 at PC 0x010F3548
[   5.563431] HW.Memory <Error> core\memory.cpp:Memory::MemorySystem::Write:528: unmapped Write8 0x00000000 @ 0x00000A17 at PC 0x010F3548
[   5.563431] HW.Memory <Error> core\memory.cpp:Memory::MemorySystem::Write:528: unmapped Write8 0x00000000 @ 0x00000A18 at PC 0x010F3548
[   5.563432] HW.Memory <Error> core\memory.cpp:Memory::MemorySystem::Write:528: unmapped Write8 0x00000000 @ 0x00000A19 at PC 0x010F3548
[   5.563433] HW.Memory <Error> core\memory.cpp:Memory::MemorySystem::Write:528: unmapped Write8 0x00000000 @ 0x00000A1A at PC 0x010F3548
[   5.563433] HW.Memory <Error> core\memory.cpp:Memory::MemorySystem::Write:528: unmapped Write8 0x00000000 @ 0x00000A1B at PC 0x010F3548
[   5.563434] HW.Memory <Error> core\memory.cpp:Memory::MemorySystem::Write:528: unmapped Write8 0x00000000 @ 0x00000A1C at PC 0x010F3548
[   5.563434] HW.Memory <Error> core\memory.cpp:Memory::MemorySystem::Write:528: unmapped Write8 0x00000000 @ 0x00000A1D at PC 0x010F3548
[   5.563435] HW.Memory <Error> core\memory.cpp:Memory::MemorySystem::Write:528: unmapped Write8 0x00000000 @ 0x00000A1E at PC 0x010F3548
[   5.563435] HW.Memory <Error> core\memory.cpp:Memory::MemorySystem::Write:528: unmapped Write8 0x00000000 @ 0x00000A1F at PC 0x010F3548
[   5.563436] HW.Memory <Error> core\memory.cpp:Memory::MemorySystem::Write:528: unmapped Write8 0x00000000 @ 0x00000A20 at PC 0x010F3548
[   5.563436] HW.Memory <Error> core\memory.cpp:Memory::MemorySystem::Write:528: unmapped Write8 0x00000000 @ 0x00000A21 at PC 0x010F3548
[   5.563436] HW.Memory <Error> core\memory.cpp:Memory::MemorySystem::Write:528: unmapped Write8 0x00000000 @ 0x00000A22 at PC 0x010F3548
[   5.563437] HW.Memory <Error> core\memory.cpp:Memory::MemorySystem::Write:528: unmapped Write8 0x00000000 @ 0x00000A23 at PC 0x010F3548
[   5.563437] HW.Memory <Error> core\memory.cpp:Memory::MemorySystem::Write:528: unmapped Write8 0x00000000 @ 0x00000A24 at PC 0x010F3548
[   5.563438] HW.Memory <Error> core\memory.cpp:Memory::MemorySystem::Write:528: unmapped Write8 0x00000000 @ 0x00000A25 at PC 0x010F3548
[   5.563438] HW.Memory <Error> core\memory.cpp:Memory::MemorySystem::Write:528: unmapped Write8 0x00000000 @ 0x00000A26 at PC 0x010F3548
[   5.563439] HW.Memory <Error> core\memory.cpp:Memory::MemorySystem::Write:528: unmapped Write8 0x00000000 @ 0x00000A27 at PC 0x010F3548
[   5.563439] HW.Memory <Error> core\memory.cpp:Memory::MemorySystem::Write:528: unmapped Write8 0x00000000 @ 0x00000A28 at PC 0x010F3548
[   5.563440] HW.Memory <Error> core\memory.cpp:Memory::MemorySystem::Write:528: unmapped Write8 0x00000000 @ 0x00000A29 at PC 0x010F3548
[   5.563440] HW.Memory <Error> core\memory.cpp:Memory::MemorySystem::Write:528: unmapped Write8 0x00000000 @ 0x00000A2A at PC 0x010F3548
[   5.563441] HW.Memory <Error> core\memory.cpp:Memory::MemorySystem::Write:528: unmapped Write8 0x00000000 @ 0x00000A2B at PC 0x010F3548
[   5.563441] HW.Memory <Error> core\memory.cpp:Memory::MemorySystem::Write:528: unmapped Write8 0x00000000 @ 0x00000A2C at PC 0x010F3548
[   5.563442] HW.Memory <Error> core\memory.cpp:Memory::MemorySystem::Write:528: unmapped Write8 0x00000000 @ 0x00000A2D at PC 0x010F3548
[   5.563442] HW.Memory <Error> core\memory.cpp:Memory::MemorySystem::Write:528: unmapped Write8 0x00000000 @ 0x00000A2E at PC 0x010F3548
[   5.563443] HW.Memory <Error> core\memory.cpp:Memory::MemorySystem::Write:528: unmapped Write8 0x00000000 @ 0x00000A2F at PC 0x010F3548
[   5.563444] HW.Memory <Error> core\memory.cpp:Memory::MemorySystem::Write:528: unmapped Write8 0x00000000 @ 0x00000A30 at PC 0x010F3548
[   5.563444] HW.Memory <Error> core\memory.cpp:Memory::MemorySystem::Write:528: unmapped Write8 0x00000000 @ 0x00000A31 at PC 0x010F3548
[   5.563445] HW.Memory <Error> core\memory.cpp:Memory::MemorySystem::Write:528: unmapped Write8 0x00000000 @ 0x00000A32 at PC 0x010F3548
[   5.563445] HW.Memory <Error> core\memory.cpp:Memory::MemorySystem::Write:528: unmapped Write8 0x00000000 @ 0x00000A33 at PC 0x010F3548
[   5.563446] HW.Memory <Error> core\memory.cpp:Memory::MemorySystem::Write:528: unmapped Write8 0x00000000 @ 0x00000A34 at PC 0x010F3548
[   5.563446] HW.Memory <Error> core\memory.cpp:Memory::MemorySystem::Write:528: unmapped Write8 0x00000000 @ 0x00000A35 at PC 0x010F3548
[   5.563447] HW.Memory <Error> core\memory.cpp:Memory::MemorySystem::Write:528: unmapped Write8 0x00000000 @ 0x00000A36 at PC 0x010F3548
[   5.563447] HW.Memory <Error> core\memory.cpp:Memory::MemorySystem::Write:528: unmapped Write8 0x00000000 @ 0x00000A37 at PC 0x010F3548
[   5.563447] HW.Memory <Error> core\memory.cpp:Memory::MemorySystem::Write:528: unmapped Write8 0x00000000 @ 0x00000A38 at PC 0x010F3548
[   5.563448] HW.Memory <Error> core\memory.cpp:Memory::MemorySystem::Write:528: unmapped Write8 0x00000000 @ 0x00000A39 at PC 0x010F3548
[   5.563448] HW.Memory <Error> core\memory.cpp:Memory::MemorySystem::Write:528: unmapped Write8 0x00000000 @ 0x00000A3A at PC 0x010F3548
[   5.563449] HW.Memory <Error> core\memory.cpp:Memory::MemorySystem::Write:528: unmapped Write8 0x00000000 @ 0x00000A3B at PC 0x010F3548
[   5.563449] HW.Memory <Error> core\memory.cpp:Memory::MemorySystem::Write:528: unmapped Write8 0x00000000 @ 0x00000A3C at PC 0x010F3548
[   5.563450] HW.Memory <Error> core\memory.cpp:Memory::MemorySystem::Write:528: unmapped Write8 0x00000000 @ 0x00000A3D at PC 0x010F3548
[   5.563450] HW.Memory <Error> core\memory.cpp:Memory::MemorySystem::Write:528: unmapped Write8 0x00000000 @ 0x00000A3E at PC 0x010F3548
[   5.563451] HW.Memory <Error> core\memory.cpp:Memory::MemorySystem::Write:528: unmapped Write8 0x00000000 @ 0x00000A3F at PC 0x010F3548
[   5.563452] HW.Memory <Error> core\memory.cpp:Memory::MemorySystem::Write:528: unmapped Write8 0x00000000 @ 0x00000A40 at PC 0x010F3548
[   5.563452] HW.Memory <Error> core\memory.cpp:Memory::MemorySystem::Write:528: unmapped Write8 0x00000000 @ 0x00000A41 at PC 0x010F3548
[   5.563452] HW.Memory <Error> core\memory.cpp:Memory::MemorySystem::Write:528: unmapped Write8 0x00000000 @ 0x00000A42 at PC 0x010F3548
[   5.563453] HW.Memory <Error> core\memory.cpp:Memory::MemorySystem::Write:528: unmapped Write8 0x00000000 @ 0x00000A43 at PC 0x010F3548
[   5.563454] HW.Memory <Error> core\memory.cpp:Memory::MemorySystem::Write:528: unmapped Write8 0x00000000 @ 0x00000A44 at PC 0x010F3548
[   5.563454] HW.Memory <Error> core\memory.cpp:Memory::MemorySystem::Write:528: unmapped Write8 0x00000000 @ 0x00000A45 at PC 0x010F3548
[   5.563455] HW.Memory <Error> core\memory.cpp:Memory::MemorySystem::Write:528: unmapped Write8 0x00000000 @ 0x00000A46 at PC 0x010F3548
[   5.563456] HW.Memory <Error> core\memory.cpp:Memory::MemorySystem::Write:528: unmapped Write8 0x00000000 @ 0x00000A47 at PC 0x010F3548
[   5.563456] HW.Memory <Error> core\memory.cpp:Memory::MemorySystem::Write:528: unmapped Write8 0x00000000 @ 0x00000A48 at PC 0x010F3548
[   5.563457] HW.Memory <Error> core\memory.cpp:Memory::MemorySystem::Write:528: unmapped Write8 0x00000000 @ 0x00000A49 at PC 0x010F3548
[   5.563457] HW.Memory <Error> core\memory.cpp:Memory::MemorySystem::Write:528: unmapped Write8 0x00000000 @ 0x00000A4A at PC 0x010F3548
[   5.563458] HW.Memory <Error> core\memory.cpp:Memory::MemorySystem::Write:528: unmapped Write8 0x00000000 @ 0x00000A4B at PC 0x010F3548
[   5.563458] HW.Memory <Error> core\memory.cpp:Memory::MemorySystem::Write:528: unmapped Write8 0x00000000 @ 0x00000A4C at PC 0x010F3548
[   5.563459] HW.Memory <Error> core\memory.cpp:Memory::MemorySystem::Write:528: unmapped Write8 0x00000000 @ 0x00000A4D at PC 0x010F3548
[   5.563459] HW.Memory <Error> core\memory.cpp:Memory::MemorySystem::Write:528: unmapped Write8 0x00000000 @ 0x00000A4E at PC 0x010F3548
[   5.563460] HW.Memory <Error> core\memory.cpp:Memory::MemorySystem::Write:528: unmapped Write8 0x00000000 @ 0x00000A4F at PC 0x010F3548
[   5.563461] HW.Memory <Error> core\memory.cpp:Memory::MemorySystem::Write:528: unmapped Write8 0x00000000 @ 0x00000A50 at PC 0x010F3548
[   5.563461] HW.Memory <Error> core\memory.cpp:Memory::MemorySystem::Write:528: unmapped Write8 0x00000000 @ 0x00000A51 at PC 0x010F3548
[   5.563462] HW.Memory <Error> core\memory.cpp:Memory::MemorySystem::Write:528: unmapped Write8 0x00000000 @ 0x00000A52 at PC 0x010F3548
[   5.563462] HW.Memory <Error> core\memory.cpp:Memory::MemorySystem::Write:528: unmapped Write8 0x00000000 @ 0x00000A53 at PC 0x010F3548
[   5.563463] HW.Memory <Error> core\memory.cpp:Memory::MemorySystem::Write:528: unmapped Write8 0x00000000 @ 0x00000A54 at PC 0x010F3548
[   5.563463] HW.Memory <Error> core\memory.cpp:Memory::MemorySystem::Write:528: unmapped Write8 0x00000000 @ 0x00000A55 at PC 0x010F3548
[   5.563464] HW.Memory <Error> core\memory.cpp:Memory::MemorySystem::Write:528: unmapped Write8 0x00000000 @ 0x00000A56 at PC 0x010F3548
[   5.563465] HW.Memory <Error> core\memory.cpp:Memory::MemorySystem::Write:528: unmapped Write8 0x00000000 @ 0x00000A57 at PC 0x010F3548
[   5.563465] HW.Memory <Error> core\memory.cpp:Memory::MemorySystem::Write:528: unmapped Write8 0x00000000 @ 0x00000A58 at PC 0x010F3548
[   5.563466] HW.Memory <Error> core\memory.cpp:Memory::MemorySystem::Write:528: unmapped Write8 0x00000000 @ 0x00000A59 at PC 0x010F3548
[   5.563466] HW.Memory <Error> core\memory.cpp:Memory::MemorySystem::Write:528: unmapped Write8 0x00000000 @ 0x00000A5A at PC 0x010F3548
[   5.563467] HW.Memory <Error> core\memory.cpp:Memory::MemorySystem::Write:528: unmapped Write8 0x00000000 @ 0x00000A5B at PC 0x010F3548
[   5.563467] HW.Memory <Error> core\memory.cpp:Memory::MemorySystem::Write:528: unmapped Write8 0x00000000 @ 0x00000A5C at PC 0x010F3548
[   5.563468] HW.Memory <Error> core\memory.cpp:Memory::MemorySystem::Write:528: unmapped Write8 0x00000000 @ 0x00000A5D at PC 0x010F3548
[   5.563468] HW.Memory <Error> core\memory.cpp:Memory::MemorySystem::Write:528: unmapped Write8 0x00000000 @ 0x00000A5E at PC 0x010F3548
[   5.563469] HW.Memory <Error> core\memory.cpp:Memory::MemorySystem::Write:528: unmapped Write8 0x00000000 @ 0x00000A5F at PC 0x010F3548
[   5.563469] HW.Memory <Error> core\memory.cpp:Memory::MemorySystem::Write:528: unmapped Write8 0x00000000 @ 0x00000A60 at PC 0x010F3548
[   5.563470] HW.Memory <Error> core\memory.cpp:Memory::MemorySystem::Write:528: unmapped Write8 0x00000000 @ 0x00000A61 at PC 0x010F3548
[   5.563471] HW.Memory <Error> core\memory.cpp:Memory::MemorySystem::Write:528: unmapped Write8 0x00000000 @ 0x00000A62 at PC 0x010F3548
[   5.563471] HW.Memory <Error> core\memory.cpp:Memory::MemorySystem::Write:528: unmapped Write8 0x00000000 @ 0x00000A63 at PC 0x010F3548
[   5.563472] HW.Memory <Error> core\memory.cpp:Memory::MemorySystem::Write:528: unmapped Write8 0x00000000 @ 0x00000A64 at PC 0x010F3548
[   5.563472] HW.Memory <Error> core\memory.cpp:Memory::MemorySystem::Write:528: unmapped Write8 0x00000000 @ 0x00000A65 at PC 0x010F3548
[   5.563473] HW.Memory <Error> core\memory.cpp:Memory::MemorySystem::Write:528: unmapped Write8 0x00000000 @ 0x00000A66 at PC 0x010F3548
[   5.563473] HW.Memory <Error> core\memory.cpp:Memory::MemorySystem::Write:528: unmapped Write8 0x00000000 @ 0x00000A67 at PC 0x010F3548
[   5.563474] HW.Memory <Error> core\memory.cpp:Memory::MemorySystem::Write:528: unmapped Write8 0x00000000 @ 0x00000A68 at PC 0x010F3548
[   5.563474] HW.Memory <Error> core\memory.cpp:Memory::MemorySystem::Write:528: unmapped Write8 0x00000000 @ 0x00000A69 at PC 0x010F3548
[   5.563475] HW.Memory <Error> core\memory.cpp:Memory::MemorySystem::Write:528: unmapped Write8 0x00000000 @ 0x00000A6A at PC 0x010F3548
[   5.563475] HW.Memory <Error> core\memory.cpp:Memory::MemorySystem::Write:528: unmapped Write8 0x00000000 @ 0x00000A6B at PC 0x010F3548
[   5.563476] HW.Memory <Error> core\memory.cpp:Memory::MemorySystem::Write:528: unmapped Write8 0x00000000 @ 0x00000A6C at PC 0x010F3548
[   5.563476] HW.Memory <Error> core\memory.cpp:Memory::MemorySystem::Write:528: unmapped Write8 0x00000000 @ 0x00000A6D at PC 0x010F3548
[   5.563477] HW.Memory <Error> core\memory.cpp:Memory::MemorySystem::Write:528: unmapped Write8 0x00000000 @ 0x00000A6E at PC 0x010F3548
[   5.563477] HW.Memory <Error> core\memory.cpp:Memory::MemorySystem::Write:528: unmapped Write8 0x00000000 @ 0x00000A6F at PC 0x010F3548
[   5.563478] HW.Memory <Error> core\memory.cpp:Memory::MemorySystem::Write:528: unmapped Write8 0x00000000 @ 0x00000A70 at PC 0x010F3548
[   5.563478] HW.Memory <Error> core\memory.cpp:Memory::MemorySystem::Write:528: unmapped Write8 0x00000000 @ 0x00000A71 at PC 0x010F3548
[   5.563479] HW.Memory <Error> core\memory.cpp:Memory::MemorySystem::Write:528: unmapped Write8 0x00000000 @ 0x00000A72 at PC 0x010F3548
[   5.563479] HW.Memory <Error> core\memory.cpp:Memory::MemorySystem::Write:528: unmapped Write8 0x00000000 @ 0x00000A73 at PC 0x010F3548
[   5.563480] HW.Memory <Error> core\memory.cpp:Memory::MemorySystem::Write:528: unmapped Write8 0x00000000 @ 0x00000A74 at PC 0x010F3548
[   5.563480] HW.Memory <Error> core\memory.cpp:Memory::MemorySystem::Write:528: unmapped Write8 0x00000000 @ 0x00000A75 at PC 0x010F3548
[   5.563481] HW.Memory <Error> core\memory.cpp:Memory::MemorySystem::Write:528: unmapped Write8 0x00000000 @ 0x00000A76 at PC 0x010F3548
[   5.563481] HW.Memory <Error> core\memory.cpp:Memory::MemorySystem::Write:528: unmapped Write8 0x00000000 @ 0x00000A77 at PC 0x010F3548
[   5.563482] HW.Memory <Error> core\memory.cpp:Memory::MemorySystem::Write:528: unmapped Write8 0x00000000 @ 0x00000A78 at PC 0x010F3548
[   5.563482] HW.Memory <Error> core\memory.cpp:Memory::MemorySystem::Write:528: unmapped Write8 0x00000000 @ 0x00000A79 at PC 0x010F3548
[   5.563483] HW.Memory <Error> core\memory.cpp:Memory::MemorySystem::Write:528: unmapped Write8 0x00000000 @ 0x00000A7A at PC 0x010F3548
[   5.563483] HW.Memory <Error> core\memory.cpp:Memory::MemorySystem::Write:528: unmapped Write8 0x00000000 @ 0x00000A7B at PC 0x010F3548
[   5.563484] HW.Memory <Error> core\memory.cpp:Memory::MemorySystem::Write:528: unmapped Write8 0x00000000 @ 0x00000A7C at PC 0x010F3548
[   5.563484] HW.Memory <Error> core\memory.cpp:Memory::MemorySystem::Write:528: unmapped Write8 0x00000000 @ 0x00000A7D at PC 0x010F3548
[   5.563485] HW.Memory <Error> core\memory.cpp:Memory::MemorySystem::Write:528: unmapped Write8 0x00000000 @ 0x00000A7E at PC 0x010F3548
[   5.563485] HW.Memory <Error> core\memory.cpp:Memory::MemorySystem::Write:528: unmapped Write8 0x00000000 @ 0x00000A7F at PC 0x010F3548
[   5.563486] HW.Memory <Error> core\memory.cpp:Memory::MemorySystem::Write:528: unmapped Write8 0x00000000 @ 0x00000A80 at PC 0x010F3548
[   5.563486] HW.Memory <Error> core\memory.cpp:Memory::MemorySystem::Write:528: unmapped Write8 0x00000000 @ 0x00000A81 at PC 0x010F3548
[   5.563487] HW.Memory <Error> core\memory.cpp:Memory::MemorySystem::Write:528: unmapped Write8 0x00000000 @ 0x00000A82 at PC 0x010F3548
[   5.563488] HW.Memory <Error> core\memory.cpp:Memory::MemorySystem::Write:528: unmapped Write8 0x00000000 @ 0x00000A83 at PC 0x010F3548
[   5.563488] HW.Memory <Error> core\memory.cpp:Memory::MemorySystem::Write:528: unmapped Write8 0x00000000 @ 0x00000A84 at PC 0x010F3548
[   5.563489] HW.Memory <Error> core\memory.cpp:Memory::MemorySystem::Write:528: unmapped Write8 0x00000000 @ 0x00000A85 at PC 0x010F3548
[   5.563489] HW.Memory <Error> core\memory.cpp:Memory::MemorySystem::Write:528: unmapped Write8 0x00000000 @ 0x00000A86 at PC 0x010F3548
[   5.563490] HW.Memory <Error> core\memory.cpp:Memory::MemorySystem::Write:528: unmapped Write8 0x00000000 @ 0x00000A87 at PC 0x010F3548
[   5.563491] HW.Memory <Error> core\memory.cpp:Memory::MemorySystem::Write:528: unmapped Write8 0x00000000 @ 0x00000A88 at PC 0x010F3548
[   5.563491] HW.Memory <Error> core\memory.cpp:Memory::MemorySystem::Write:528: unmapped Write8 0x00000000 @ 0x00000A89 at PC 0x010F3548
[   5.563492] HW.Memory <Error> core\memory.cpp:Memory::MemorySystem::Write:528: unmapped Write8 0x00000000 @ 0x00000A8A at PC 0x010F3548
[   5.563492] HW.Memory <Error> core\memory.cpp:Memory::MemorySystem::Write:528: unmapped Write8 0x00000000 @ 0x00000A8B at PC 0x010F3548
[   5.563493] HW.Memory <Error> core\memory.cpp:Memory::MemorySystem::Write:528: unmapped Write8 0x00000000 @ 0x00000A8C at PC 0x010F3548
[   5.563494] HW.Memory <Error> core\memory.cpp:Memory::MemorySystem::Write:528: unmapped Write8 0x00000000 @ 0x00000A8D at PC 0x010F3548
[   5.563494] HW.Memory <Error> core\memory.cpp:Memory::MemorySystem::Write:528: unmapped Write8 0x00000000 @ 0x00000A8E at PC 0x010F3548
[   5.563495] HW.Memory <Error> core\memory.cpp:Memory::MemorySystem::Write:528: unmapped Write8 0x00000000 @ 0x00000A8F at PC 0x010F3548
[   5.563496] HW.Memory <Error> core\memory.cpp:Memory::MemorySystem::Write:528: unmapped Write8 0x00000000 @ 0x00000A90 at PC 0x010F3548
[   5.563496] HW.Memory <Error> core\memory.cpp:Memory::MemorySystem::Write:528: unmapped Write8 0x00000000 @ 0x00000A91 at PC 0x010F3548
[   5.563497] HW.Memory <Error> core\memory.cpp:Memory::MemorySystem::Write:528: unmapped Write8 0x00000000 @ 0x00000A92 at PC 0x010F3548
[   5.563497] HW.Memory <Error> core\memory.cpp:Memory::MemorySystem::Write:528: unmapped Write8 0x00000000 @ 0x00000A93 at PC 0x010F3548
[   5.563498] HW.Memory <Error> core\memory.cpp:Memory::MemorySystem::Write:528: unmapped Write8 0x00000000 @ 0x00000A94 at PC 0x010F3548
[   5.563499] HW.Memory <Error> core\memory.cpp:Memory::MemorySystem::Write:528: unmapped Write8 0x00000000 @ 0x00000A95 at PC 0x010F3548
[   5.563499] HW.Memory <Error> core\memory.cpp:Memory::MemorySystem::Write:528: unmapped Write8 0x00000000 @ 0x00000A96 at PC 0x010F3548
[   5.563500] HW.Memory <Error> core\memory.cpp:Memory::MemorySystem::Write:528: unmapped Write8 0x00000000 @ 0x00000A97 at PC 0x010F3548
[   5.563500] HW.Memory <Error> core\memory.cpp:Memory::MemorySystem::Write:528: unmapped Write8 0x00000000 @ 0x00000A98 at PC 0x010F3548
[   5.563501] HW.Memory <Error> core\memory.cpp:Memory::MemorySystem::Write:528: unmapped Write8 0x00000000 @ 0x00000A99 at PC 0x010F3548
[   5.563501] HW.Memory <Error> core\memory.cpp:Memory::MemorySystem::Write:528: unmapped Write8 0x00000000 @ 0x00000A9A at PC 0x010F3548
[   5.563502] HW.Memory <Error> core\memory.cpp:Memory::MemorySystem::Write:528: unmapped Write8 0x00000000 @ 0x00000A9B at PC 0x010F3548
[   5.563503] HW.Memory <Error> core\memory.cpp:Memory::MemorySystem::Write:528: unmapped Write8 0x00000000 @ 0x00000A9C at PC 0x010F3548
[   5.563503] HW.Memory <Error> core\memory.cpp:Memory::MemorySystem::Write:528: unmapped Write8 0x00000000 @ 0x00000A9D at PC 0x010F3548
[   5.563504] HW.Memory <Error> core\memory.cpp:Memory::MemorySystem::Write:528: unmapped Write8 0x00000000 @ 0x00000A9E at PC 0x010F3548
[   5.563504] HW.Memory <Error> core\memory.cpp:Memory::MemorySystem::Write:528: unmapped Write8 0x00000000 @ 0x00000A9F at PC 0x010F3548
[   5.563505] HW.Memory <Error> core\memory.cpp:Memory::MemorySystem::Write:528: unmapped Write8 0x00000000 @ 0x00000AA0 at PC 0x010F3548
[   5.563505] HW.Memory <Error> core\memory.cpp:Memory::MemorySystem::Write:528: unmapped Write8 0x00000000 @ 0x00000AA1 at PC 0x010F3548
[   5.563506] HW.Memory <Error> core\memory.cpp:Memory::MemorySystem::Write:528: unmapped Write8 0x00000000 @ 0x00000AA2 at PC 0x010F3548
[   5.563506] HW.Memory <Error> core\memory.cpp:Memory::MemorySystem::Write:528: unmapped Write8 0x00000000 @ 0x00000AA3 at PC 0x010F3548
[   5.563507] HW.Memory <Error> core\memory.cpp:Memory::MemorySystem::Write:528: unmapped Write8 0x00000000 @ 0x00000AA4 at PC 0x010F3548
[   5.563508] HW.Memory <Error> core\memory.cpp:Memory::MemorySystem::Write:528: unmapped Write8 0x00000000 @ 0x00000AA5 at PC 0x010F3548
[   5.563508] HW.Memory <Error> core\memory.cpp:Memory::MemorySystem::Write:528: unmapped Write8 0x00000000 @ 0x00000AA6 at PC 0x010F3548
[   5.563509] HW.Memory <Error> core\memory.cpp:Memory::MemorySystem::Write:528: unmapped Write8 0x00000000 @ 0x00000AA7 at PC 0x010F3548
[   5.563509] HW.Memory <Error> core\memory.cpp:Memory::MemorySystem::Write:528: unmapped Write8 0x00000000 @ 0x00000AA8 at PC 0x010F3548
[   5.563510] HW.Memory <Error> core\memory.cpp:Memory::MemorySystem::Write:528: unmapped Write8 0x00000000 @ 0x00000AA9 at PC 0x010F3548
[   5.563510] HW.Memory <Error> core\memory.cpp:Memory::MemorySystem::Write:528: unmapped Write8 0x00000000 @ 0x00000AAA at PC 0x010F3548
[   5.563511] HW.Memory <Error> core\memory.cpp:Memory::MemorySystem::Write:528: unmapped Write8 0x00000000 @ 0x00000AAB at PC 0x010F3548
[   5.563511] HW.Memory <Error> core\memory.cpp:Memory::MemorySystem::Write:528: unmapped Write8 0x00000000 @ 0x00000AAC at PC 0x010F3548
[   5.563512] HW.Memory <Error> core\memory.cpp:Memory::MemorySystem::Write:528: unmapped Write8 0x00000000 @ 0x00000AAD at PC 0x010F3548
[   5.563512] HW.Memory <Error> core\memory.cpp:Memory::MemorySystem::Write:528: unmapped Write8 0x00000000 @ 0x00000AAE at PC 0x010F3548
[   5.563513] HW.Memory <Error> core\memory.cpp:Memory::MemorySystem::Write:528: unmapped Write8 0x00000000 @ 0x00000AAF at PC 0x010F3548
[   5.563513] HW.Memory <Error> core\memory.cpp:Memory::MemorySystem::Write:528: unmapped Write8 0x00000000 @ 0x00000AB0 at PC 0x010F3548
[   5.563514] HW.Memory <Error> core\memory.cpp:Memory::MemorySystem::Write:528: unmapped Write8 0x00000000 @ 0x00000AB1 at PC 0x010F3548
[   5.563514] HW.Memory <Error> core\memory.cpp:Memory::MemorySystem::Write:528: unmapped Write8 0x00000000 @ 0x00000AB2 at PC 0x010F3548
[   5.563515] HW.Memory <Error> core\memory.cpp:Memory::MemorySystem::Write:528: unmapped Write8 0x00000000 @ 0x00000AB3 at PC 0x010F3548
[   5.563516] HW.Memory <Error> core\memory.cpp:Memory::MemorySystem::Write:528: unmapped Write8 0x00000000 @ 0x00000AB4 at PC 0x010F3548
[   5.563516] HW.Memory <Error> core\memory.cpp:Memory::MemorySystem::Write:528: unmapped Write8 0x00000000 @ 0x00000AB5 at PC 0x010F3548
[   5.563517] HW.Memory <Error> core\memory.cpp:Memory::MemorySystem::Write:528: unmapped Write8 0x00000000 @ 0x00000AB6 at PC 0x010F3548
[   5.563517] HW.Memory <Error> core\memory.cpp:Memory::MemorySystem::Write:528: unmapped Write8 0x00000000 @ 0x00000AB7 at PC 0x010F3548
[   5.563518] HW.Memory <Error> core\memory.cpp:Memory::MemorySystem::Write:528: unmapped Write8 0x00000000 @ 0x00000AB8 at PC 0x010F3548
[   5.563518] HW.Memory <Error> core\memory.cpp:Memory::MemorySystem::Write:528: unmapped Write8 0x00000000 @ 0x00000AB9 at PC 0x010F3548
[   5.563519] HW.Memory <Error> core\memory.cpp:Memory::MemorySystem::Write:528: unmapped Write8 0x00000000 @ 0x00000ABA at PC 0x010F3548
[   5.563519] HW.Memory <Error> core\memory.cpp:Memory::MemorySystem::Write:528: unmapped Write8 0x00000000 @ 0x00000ABB at PC 0x010F3548
[   5.563520] HW.Memory <Error> core\memory.cpp:Memory::MemorySystem::Write:528: unmapped Write8 0x00000000 @ 0x00000ABC at PC 0x010F3548
[   5.563520] HW.Memory <Error> core\memory.cpp:Memory::MemorySystem::Write:528: unmapped Write8 0x00000000 @ 0x00000ABD at PC 0x010F3548
[   5.563521] HW.Memory <Error> core\memory.cpp:Memory::MemorySystem::Write:528: unmapped Write8 0x00000000 @ 0x00000ABE at PC 0x010F3548
[   5.563521] HW.Memory <Error> core\memory.cpp:Memory::MemorySystem::Write:528: unmapped Write8 0x00000000 @ 0x00000ABF at PC 0x010F3548
[   5.563522] HW.Memory <Error> core\memory.cpp:Memory::MemorySystem::Write:528: unmapped Write8 0x00000000 @ 0x00000AC0 at PC 0x010F3548
[   5.563522] HW.Memory <Error> core\memory.cpp:Memory::MemorySystem::Write:528: unmapped Write8 0x00000000 @ 0x00000AC1 at PC 0x010F3548
[   5.563523] HW.Memory <Error> core\memory.cpp:Memory::MemorySystem::Write:528: unmapped Write8 0x00000000 @ 0x00000AC2 at PC 0x010F3548
[   5.563523] HW.Memory <Error> core\memory.cpp:Memory::MemorySystem::Write:528: unmapped Write8 0x00000000 @ 0x00000AC3 at PC 0x010F3548
[   5.563524] HW.Memory <Error> core\memory.cpp:Memory::MemorySystem::Write:528: unmapped Write8 0x00000000 @ 0x00000AC4 at PC 0x010F3548
[   5.563524] HW.Memory <Error> core\memory.cpp:Memory::MemorySystem::Write:528: unmapped Write8 0x00000000 @ 0x00000AC5 at PC 0x010F3548
[   5.563525] HW.Memory <Error> core\memory.cpp:Memory::MemorySystem::Write:528: unmapped Write8 0x00000000 @ 0x00000AC6 at PC 0x010F3548
[   5.563526] HW.Memory <Error> core\memory.cpp:Memory::MemorySystem::Write:528: unmapped Write8 0x00000000 @ 0x00000AC7 at PC 0x010F3548
[   5.563526] HW.Memory <Error> core\memory.cpp:Memory::MemorySystem::Write:528: unmapped Write8 0x00000000 @ 0x00000AC8 at PC 0x010F3548
[   5.563527] HW.Memory <Error> core\memory.cpp:Memory::MemorySystem::Write:528: unmapped Write8 0x00000000 @ 0x00000AC9 at PC 0x010F3548
[   5.563527] HW.Memory <Error> core\memory.cpp:Memory::MemorySystem::Write:528: unmapped Write8 0x00000000 @ 0x00000ACA at PC 0x010F3548
[   5.563528] HW.Memory <Error> core\memory.cpp:Memory::MemorySystem::Write:528: unmapped Write8 0x00000000 @ 0x00000ACB at PC 0x010F3548
[   5.563528] HW.Memory <Error> core\memory.cpp:Memory::MemorySystem::Write:528: unmapped Write8 0x00000000 @ 0x00000ACC at PC 0x010F3548
[   5.563529] HW.Memory <Error> core\memory.cpp:Memory::MemorySystem::Write:528: unmapped Write8 0x00000000 @ 0x00000ACD at PC 0x010F3548
[   5.563529] HW.Memory <Error> core\memory.cpp:Memory::MemorySystem::Write:528: unmapped Write8 0x00000000 @ 0x00000ACE at PC 0x010F3548
[   5.563530] HW.Memory <Error> core\memory.cpp:Memory::MemorySystem::Write:528: unmapped Write8 0x00000000 @ 0x00000ACF at PC 0x010F3548
[   5.563531] HW.Memory <Error> core\memory.cpp:Memory::MemorySystem::Write:528: unmapped Write8 0x00000000 @ 0x00000AD0 at PC 0x010F3548
[   5.563531] HW.Memory <Error> core\memory.cpp:Memory::MemorySystem::Write:528: unmapped Write8 0x00000000 @ 0x00000AD1 at PC 0x010F3548
[   5.563532] HW.Memory <Error> core\memory.cpp:Memory::MemorySystem::Write:528: unmapped Write8 0x00000000 @ 0x00000AD2 at PC 0x010F3548
[   5.563532] HW.Memory <Error> core\memory.cpp:Memory::MemorySystem::Write:528: unmapped Write8 0x00000000 @ 0x00000AD3 at PC 0x010F3548
[   5.563533] HW.Memory <Error> core\memory.cpp:Memory::MemorySystem::Write:528: unmapped Write8 0x00000000 @ 0x00000AD4 at PC 0x010F3548
[   5.563533] HW.Memory <Error> core\memory.cpp:Memory::MemorySystem::Write:528: unmapped Write8 0x00000000 @ 0x00000AD5 at PC 0x010F3548
[   5.563534] HW.Memory <Error> core\memory.cpp:Memory::MemorySystem::Write:528: unmapped Write8 0x00000000 @ 0x00000AD6 at PC 0x010F3548
[   5.563534] HW.Memory <Error> core\memory.cpp:Memory::MemorySystem::Write:528: unmapped Write8 0x00000000 @ 0x00000AD7 at PC 0x010F3548
[   5.563535] HW.Memory <Error> core\memory.cpp:Memory::MemorySystem::Write:528: unmapped Write8 0x00000000 @ 0x00000AD8 at PC 0x010F3548
[   5.563535] HW.Memory <Error> core\memory.cpp:Memory::MemorySystem::Write:528: unmapped Write8 0x00000000 @ 0x00000AD9 at PC 0x010F3548
[   5.563536] HW.Memory <Error> core\memory.cpp:Memory::MemorySystem::Write:528: unmapped Write8 0x00000000 @ 0x00000ADA at PC 0x010F3548
[   5.563537] HW.Memory <Error> core\memory.cpp:Memory::MemorySystem::Write:528: unmapped Write8 0x00000000 @ 0x00000ADB at PC 0x010F3548
[   5.563537] HW.Memory <Error> core\memory.cpp:Memory::MemorySystem::Write:528: unmapped Write8 0x00000000 @ 0x00000ADC at PC 0x010F3548
[   5.563538] HW.Memory <Error> core\memory.cpp:Memory::MemorySystem::Write:528: unmapped Write8 0x00000000 @ 0x00000ADD at PC 0x010F3548
[   5.563538] HW.Memory <Error> core\memory.cpp:Memory::MemorySystem::Write:528: unmapped Write8 0x00000000 @ 0x00000ADE at PC 0x010F3548
[   5.563539] HW.Memory <Error> core\memory.cpp:Memory::MemorySystem::Write:528: unmapped Write8 0x00000000 @ 0x00000ADF at PC 0x010F3548
[   5.563539] HW.Memory <Error> core\memory.cpp:Memory::MemorySystem::Write:528: unmapped Write8 0x00000000 @ 0x00000AE0 at PC 0x010F3548
[   5.563540] HW.Memory <Error> core\memory.cpp:Memory::MemorySystem::Write:528: unmapped Write8 0x00000000 @ 0x00000AE1 at PC 0x010F3548
[   5.563540] HW.Memory <Error> core\memory.cpp:Memory::MemorySystem::Write:528: unmapped Write8 0x00000000 @ 0x00000AE2 at PC 0x010F3548
[   5.563541] HW.Memory <Error> core\memory.cpp:Memory::MemorySystem::Write:528: unmapped Write8 0x00000000 @ 0x00000AE3 at PC 0x010F3548
[   5.563541] HW.Memory <Error> core\memory.cpp:Memory::MemorySystem::Write:528: unmapped Write8 0x00000000 @ 0x00000AE4 at PC 0x010F3548
[   5.563542] HW.Memory <Error> core\memory.cpp:Memory::MemorySystem::Write:528: unmapped Write8 0x00000000 @ 0x00000AE5 at PC 0x010F3548
[   5.563542] HW.Memory <Error> core\memory.cpp:Memory::MemorySystem::Write:528: unmapped Write8 0x00000000 @ 0x00000AE6 at PC 0x010F3548
[   5.563543] HW.Memory <Error> core\memory.cpp:Memory::MemorySystem::Write:528: unmapped Write8 0x00000000 @ 0x00000AE7 at PC 0x010F3548
[   5.563543] HW.Memory <Error> core\memory.cpp:Memory::MemorySystem::Write:528: unmapped Write8 0x00000000 @ 0x00000AE8 at PC 0x010F3548
[   5.563544] HW.Memory <Error> core\memory.cpp:Memory::MemorySystem::Write:528: unmapped Write8 0x00000000 @ 0x00000AE9 at PC 0x010F3548
[   5.563545] HW.Memory <Error> core\memory.cpp:Memory::MemorySystem::Write:528: unmapped Write8 0x00000000 @ 0x00000AEA at PC 0x010F3548
[   5.563545] HW.Memory <Error> core\memory.cpp:Memory::MemorySystem::Write:528: unmapped Write8 0x00000000 @ 0x00000AEB at PC 0x010F3548
[   5.563546] HW.Memory <Error> core\memory.cpp:Memory::MemorySystem::Write:528: unmapped Write8 0x00000000 @ 0x00000AEC at PC 0x010F3548
[   5.563546] HW.Memory <Error> core\memory.cpp:Memory::MemorySystem::Write:528: unmapped Write8 0x00000000 @ 0x00000AED at PC 0x010F3548
[   5.563547] HW.Memory <Error> core\memory.cpp:Memory::MemorySystem::Write:528: unmapped Write8 0x00000000 @ 0x00000AEE at PC 0x010F3548
[   5.563547] HW.Memory <Error> core\memory.cpp:Memory::MemorySystem::Write:528: unmapped Write8 0x00000000 @ 0x00000AEF at PC 0x010F3548
[   5.563548] HW.Memory <Error> core\memory.cpp:Memory::MemorySystem::Write:528: unmapped Write8 0x00000000 @ 0x00000AF0 at PC 0x010F3548
[   5.563548] HW.Memory <Error> core\memory.cpp:Memory::MemorySystem::Write:528: unmapped Write8 0x00000000 @ 0x00000AF1 at PC 0x010F3548
[   5.563549] HW.Memory <Error> core\memory.cpp:Memory::MemorySystem::Write:528: unmapped Write8 0x00000000 @ 0x00000AF2 at PC 0x010F3548
[   5.563549] HW.Memory <Error> core\memory.cpp:Memory::MemorySystem::Write:528: unmapped Write8 0x00000000 @ 0x00000AF3 at PC 0x010F3548
[   5.563550] HW.Memory <Error> core\memory.cpp:Memory::MemorySystem::Write:528: unmapped Write8 0x00000000 @ 0x00000AF4 at PC 0x010F3548
[   5.563550] HW.Memory <Error> core\memory.cpp:Memory::MemorySystem::Write:528: unmapped Write8 0x00000000 @ 0x00000AF5 at PC 0x010F3548
[   5.563551] HW.Memory <Error> core\memory.cpp:Memory::MemorySystem::Write:528: unmapped Write8 0x00000000 @ 0x00000AF6 at PC 0x010F3548
[   5.563551] HW.Memory <Error> core\memory.cpp:Memory::MemorySystem::Write:528: unmapped Write8 0x00000000 @ 0x00000AF7 at PC 0x010F3548
[   5.563552] HW.Memory <Error> core\memory.cpp:Memory::MemorySystem::Write:528: unmapped Write8 0x00000000 @ 0x00000AF8 at PC 0x010F3548
[   5.563552] HW.Memory <Error> core\memory.cpp:Memory::MemorySystem::Write:528: unmapped Write8 0x00000000 @ 0x00000AF9 at PC 0x010F3548
[   5.563553] HW.Memory <Error> core\memory.cpp:Memory::MemorySystem::Write:528: unmapped Write8 0x00000000 @ 0x00000AFA at PC 0x010F3548
[   5.563553] HW.Memory <Error> core\memory.cpp:Memory::MemorySystem::Write:528: unmapped Write8 0x00000000 @ 0x00000AFB at PC 0x010F3548
[   5.563554] HW.Memory <Error> core\memory.cpp:Memory::MemorySystem::Write:528: unmapped Write8 0x00000000 @ 0x00000AFC at PC 0x010F3548
[   5.563554] HW.Memory <Error> core\memory.cpp:Memory::MemorySystem::Write:528: unmapped Write8 0x00000000 @ 0x00000AFD at PC 0x010F3548
[   5.563555] HW.Memory <Error> core\memory.cpp:Memory::MemorySystem::Write:528: unmapped Write8 0x00000000 @ 0x00000AFE at PC 0x010F3548
[   5.563555] HW.Memory <Error> core\memory.cpp:Memory::MemorySystem::Write:528: unmapped Write8 0x00000000 @ 0x00000AFF at PC 0x010F3548
[   5.563556] HW.Memory <Error> core\memory.cpp:Memory::MemorySystem::Write:528: unmapped Write8 0x00000000 @ 0x00000B00 at PC 0x010F3548
[   5.563556] HW.Memory <Error> core\memory.cpp:Memory::MemorySystem::Write:528: unmapped Write8 0x00000000 @ 0x00000B01 at PC 0x010F3548
[   5.563557] HW.Memory <Error> core\memory.cpp:Memory::MemorySystem::Write:528: unmapped Write8 0x00000000 @ 0x00000B02 at PC 0x010F3548
[   5.563557] HW.Memory <Error> core\memory.cpp:Memory::MemorySystem::Write:528: unmapped Write8 0x00000000 @ 0x00000B03 at PC 0x010F3548
[   5.563558] HW.Memory <Error> core\memory.cpp:Memory::MemorySystem::Write:528: unmapped Write8 0x00000000 @ 0x00000B04 at PC 0x010F3548
[   5.563558] HW.Memory <Error> core\memory.cpp:Memory::MemorySystem::Write:528: unmapped Write8 0x00000000 @ 0x00000B05 at PC 0x010F3548
[   5.563559] HW.Memory <Error> core\memory.cpp:Memory::MemorySystem::Write:528: unmapped Write8 0x00000000 @ 0x00000B06 at PC 0x010F3548
[   5.563559] HW.Memory <Error> core\memory.cpp:Memory::MemorySystem::Write:528: unmapped Write8 0x00000000 @ 0x00000B07 at PC 0x010F3548
[   5.563560] HW.Memory <Error> core\memory.cpp:Memory::MemorySystem::Write:528: unmapped Write8 0x00000000 @ 0x00000B08 at PC 0x010F3548
[   5.563560] HW.Memory <Error> core\memory.cpp:Memory::MemorySystem::Write:528: unmapped Write8 0x00000000 @ 0x00000B09 at PC 0x010F3548
[   5.563561] HW.Memory <Error> core\memory.cpp:Memory::MemorySystem::Write:528: unmapped Write8 0x00000000 @ 0x00000B0A at PC 0x010F3548
[   5.563561] HW.Memory <Error> core\memory.cpp:Memory::MemorySystem::Write:528: unmapped Write8 0x00000000 @ 0x00000B0B at PC 0x010F3548
[   5.563562] HW.Memory <Error> core\memory.cpp:Memory::MemorySystem::Write:528: unmapped Write8 0x00000000 @ 0x00000B0C at PC 0x010F3548
[   5.563562] HW.Memory <Error> core\memory.cpp:Memory::MemorySystem::Write:528: unmapped Write8 0x00000000 @ 0x00000B0D at PC 0x010F3548
[   5.563563] HW.Memory <Error> core\memory.cpp:Memory::MemorySystem::Write:528: unmapped Write8 0x00000000 @ 0x00000B0E at PC 0x010F3548
[   5.563563] HW.Memory <Error> core\memory.cpp:Memory::MemorySystem::Write:528: unmapped Write8 0x00000000 @ 0x00000B0F at PC 0x010F3548
[   5.563564] HW.Memory <Error> core\memory.cpp:Memory::MemorySystem::Write:528: unmapped Write8 0x00000000 @ 0x00000B10 at PC 0x010F3548
[   5.563564] HW.Memory <Error> core\memory.cpp:Memory::MemorySystem::Write:528: unmapped Write8 0x00000000 @ 0x00000B11 at PC 0x010F3548
[   5.563565] HW.Memory <Error> core\memory.cpp:Memory::MemorySystem::Write:528: unmapped Write8 0x00000000 @ 0x00000B12 at PC 0x010F3548
[   5.563565] HW.Memory <Error> core\memory.cpp:Memory::MemorySystem::Write:528: unmapped Write8 0x00000000 @ 0x00000B13 at PC 0x010F3548
[   5.563566] HW.Memory <Error> core\memory.cpp:Memory::MemorySystem::Write:528: unmapped Write8 0x00000000 @ 0x00000B14 at PC 0x010F3548
[   5.563566] HW.Memory <Error> core\memory.cpp:Memory::MemorySystem::Write:528: unmapped Write8 0x00000000 @ 0x00000B15 at PC 0x010F3548
[   5.563567] HW.Memory <Error> core\memory.cpp:Memory::MemorySystem::Write:528: unmapped Write8 0x00000000 @ 0x00000B16 at PC 0x010F3548
[   5.563567] HW.Memory <Error> core\memory.cpp:Memory::MemorySystem::Write:528: unmapped Write8 0x00000000 @ 0x00000B17 at PC 0x010F3548
[   5.563567] HW.Memory <Error> core\memory.cpp:Memory::MemorySystem::Write:528: unmapped Write8 0x00000000 @ 0x00000B18 at PC 0x010F3548
[   5.563568] HW.Memory <Error> core\memory.cpp:Memory::MemorySystem::Write:528: unmapped Write8 0x00000000 @ 0x00000B19 at PC 0x010F3548
[   5.563569] HW.Memory <Error> core\memory.cpp:Memory::MemorySystem::Write:528: unmapped Write8 0x00000000 @ 0x00000B1A at PC 0x010F3548
[   5.563570] HW.Memory <Error> core\memory.cpp:Memory::MemorySystem::Write:528: unmapped Write8 0x00000000 @ 0x00000B1B at PC 0x010F3548
[   5.563570] HW.Memory <Error> core\memory.cpp:Memory::MemorySystem::Write:528: unmapped Write8 0x00000000 @ 0x00000B1C at PC 0x010F3548
[   5.563571] HW.Memory <Error> core\memory.cpp:Memory::MemorySystem::Write:528: unmapped Write8 0x00000000 @ 0x00000B1D at PC 0x010F3548
[   5.563571] HW.Memory <Error> core\memory.cpp:Memory::MemorySystem::Write:528: unmapped Write8 0x00000000 @ 0x00000B1E at PC 0x010F3548
[   5.563572] HW.Memory <Error> core\memory.cpp:Memory::MemorySystem::Write:528: unmapped Write8 0x00000000 @ 0x00000B1F at PC 0x010F3548
[   5.563572] HW.Memory <Error> core\memory.cpp:Memory::MemorySystem::Write:528: unmapped Write8 0x00000000 @ 0x00000B20 at PC 0x010F3548
[   5.563573] HW.Memory <Error> core\memory.cpp:Memory::MemorySystem::Write:528: unmapped Write8 0x00000000 @ 0x00000B21 at PC 0x010F3548
[   5.563574] HW.Memory <Error> core\memory.cpp:Memory::MemorySystem::Write:528: unmapped Write8 0x00000000 @ 0x00000B22 at PC 0x010F3548
[   5.563574] HW.Memory <Error> core\memory.cpp:Memory::MemorySystem::Write:528: unmapped Write8 0x00000000 @ 0x00000B23 at PC 0x010F3548
[   5.563575] HW.Memory <Error> core\memory.cpp:Memory::MemorySystem::Write:528: unmapped Write8 0x00000000 @ 0x00000B24 at PC 0x010F3548
[   5.563575] HW.Memory <Error> core\memory.cpp:Memory::MemorySystem::Write:528: unmapped Write8 0x00000000 @ 0x00000B25 at PC 0x010F3548
[   5.563576] HW.Memory <Error> core\memory.cpp:Memory::MemorySystem::Write:528: unmapped Write8 0x00000000 @ 0x00000B26 at PC 0x010F3548
[   5.563576] HW.Memory <Error> core\memory.cpp:Memory::MemorySystem::Write:528: unmapped Write8 0x00000000 @ 0x00000B27 at PC 0x010F3548
[   5.563577] HW.Memory <Error> core\memory.cpp:Memory::MemorySystem::Write:528: unmapped Write8 0x00000000 @ 0x00000B28 at PC 0x010F3548
[   5.563577] HW.Memory <Error> core\memory.cpp:Memory::MemorySystem::Write:528: unmapped Write8 0x00000000 @ 0x00000B29 at PC 0x010F3548
[   5.563578] HW.Memory <Error> core\memory.cpp:Memory::MemorySystem::Write:528: unmapped Write8 0x00000000 @ 0x00000B2A at PC 0x010F3548
[   5.563578] HW.Memory <Error> core\memory.cpp:Memory::MemorySystem::Write:528: unmapped Write8 0x00000000 @ 0x00000B2B at PC 0x010F3548
[   5.563579] HW.Memory <Error> core\memory.cpp:Memory::MemorySystem::Write:528: unmapped Write8 0x00000000 @ 0x00000B2C at PC 0x010F3548
[   5.563579] HW.Memory <Error> core\memory.cpp:Memory::MemorySystem::Write:528: unmapped Write8 0x00000000 @ 0x00000B2D at PC 0x010F3548
[   5.563580] HW.Memory <Error> core\memory.cpp:Memory::MemorySystem::Write:528: unmapped Write8 0x00000000 @ 0x00000B2E at PC 0x010F3548
[   5.563580] HW.Memory <Error> core\memory.cpp:Memory::MemorySystem::Write:528: unmapped Write8 0x00000000 @ 0x00000B2F at PC 0x010F3548
[   5.563581] HW.Memory <Error> core\memory.cpp:Memory::MemorySystem::Write:528: unmapped Write8 0x00000000 @ 0x00000B30 at PC 0x010F3548
[   5.563581] HW.Memory <Error> core\memory.cpp:Memory::MemorySystem::Write:528: unmapped Write8 0x00000000 @ 0x00000B31 at PC 0x010F3548
[   5.563582] HW.Memory <Error> core\memory.cpp:Memory::MemorySystem::Write:528: unmapped Write8 0x00000000 @ 0x00000B32 at PC 0x010F3548
[   5.563582] HW.Memory <Error> core\memory.cpp:Memory::MemorySystem::Write:528: unmapped Write8 0x00000000 @ 0x00000B33 at PC 0x010F3548
[   5.563583] HW.Memory <Error> core\memory.cpp:Memory::MemorySystem::Write:528: unmapped Write8 0x00000000 @ 0x00000B34 at PC 0x010F3548
[   5.563583] HW.Memory <Error> core\memory.cpp:Memory::MemorySystem::Write:528: unmapped Write8 0x00000000 @ 0x00000B35 at PC 0x010F3548
[   5.563584] HW.Memory <Error> core\memory.cpp:Memory::MemorySystem::Write:528: unmapped Write8 0x00000000 @ 0x00000B36 at PC 0x010F3548
[   5.563584] HW.Memory <Error> core\memory.cpp:Memory::MemorySystem::Write:528: unmapped Write8 0x00000000 @ 0x00000B37 at PC 0x010F3548
[   5.563585] HW.Memory <Error> core\memory.cpp:Memory::MemorySystem::Write:528: unmapped Write8 0x00000000 @ 0x00000B38 at PC 0x010F3548
[   5.563585] HW.Memory <Error> core\memory.cpp:Memory::MemorySystem::Write:528: unmapped Write8 0x00000000 @ 0x00000B39 at PC 0x010F3548
[   5.563586] HW.Memory <Error> core\memory.cpp:Memory::MemorySystem::Write:528: unmapped Write8 0x00000000 @ 0x00000B3A at PC 0x010F3548
[   5.563586] HW.Memory <Error> core\memory.cpp:Memory::MemorySystem::Write:528: unmapped Write8 0x00000000 @ 0x00000B3B at PC 0x010F3548
[   5.563587] HW.Memory <Error> core\memory.cpp:Memory::MemorySystem::Write:528: unmapped Write8 0x00000000 @ 0x00000B3C at PC 0x010F3548
[   5.563587] HW.Memory <Error> core\memory.cpp:Memory::MemorySystem::Write:528: unmapped Write8 0x00000000 @ 0x00000B3D at PC 0x010F3548
[   5.563588] HW.Memory <Error> core\memory.cpp:Memory::MemorySystem::Write:528: unmapped Write8 0x00000000 @ 0x00000B3E at PC 0x010F3548
[   5.563588] HW.Memory <Error> core\memory.cpp:Memory::MemorySystem::Write:528: unmapped Write8 0x00000000 @ 0x00000B3F at PC 0x010F3548
[   5.563589] HW.Memory <Error> core\memory.cpp:Memory::MemorySystem::Write:528: unmapped Write8 0x00000000 @ 0x00000B40 at PC 0x010F3548
[   5.563589] HW.Memory <Error> core\memory.cpp:Memory::MemorySystem::Write:528: unmapped Write8 0x00000000 @ 0x00000B41 at PC 0x010F3548
[   5.563590] HW.Memory <Error> core\memory.cpp:Memory::MemorySystem::Write:528: unmapped Write8 0x00000000 @ 0x00000B42 at PC 0x010F3548
[   5.563590] HW.Memory <Error> core\memory.cpp:Memory::MemorySystem::Write:528: unmapped Write8 0x00000000 @ 0x00000B43 at PC 0x010F3548
[   5.563591] HW.Memory <Error> core\memory.cpp:Memory::MemorySystem::Write:528: unmapped Write8 0x00000000 @ 0x00000B44 at PC 0x010F3548
[   5.563591] HW.Memory <Error> core\memory.cpp:Memory::MemorySystem::Write:528: unmapped Write8 0x00000000 @ 0x00000B45 at PC 0x010F3548
[   5.563592] HW.Memory <Error> core\memory.cpp:Memory::MemorySystem::Write:528: unmapped Write8 0x00000000 @ 0x00000B46 at PC 0x010F3548
[   5.563592] HW.Memory <Error> core\memory.cpp:Memory::MemorySystem::Write:528: unmapped Write8 0x00000000 @ 0x00000B47 at PC 0x010F3548
[   5.563593] HW.Memory <Error> core\memory.cpp:Memory::MemorySystem::Write:528: unmapped Write8 0x00000000 @ 0x00000B48 at PC 0x010F3548
[   5.563593] HW.Memory <Error> core\memory.cpp:Memory::MemorySystem::Write:528: unmapped Write8 0x00000000 @ 0x00000B49 at PC 0x010F3548
[   5.563594] HW.Memory <Error> core\memory.cpp:Memory::MemorySystem::Write:528: unmapped Write8 0x00000000 @ 0x00000B4A at PC 0x010F3548
[   5.563594] HW.Memory <Error> core\memory.cpp:Memory::MemorySystem::Write:528: unmapped Write8 0x00000000 @ 0x00000B4B at PC 0x010F3548
[   5.563595] HW.Memory <Error> core\memory.cpp:Memory::MemorySystem::Write:528: unmapped Write8 0x00000000 @ 0x00000B4C at PC 0x010F3548
[   5.563595] HW.Memory <Error> core\memory.cpp:Memory::MemorySystem::Write:528: unmapped Write8 0x00000000 @ 0x00000B4D at PC 0x010F3548
[   5.563596] HW.Memory <Error> core\memory.cpp:Memory::MemorySystem::Write:528: unmapped Write8 0x00000000 @ 0x00000B4E at PC 0x010F3548
[   5.563596] HW.Memory <Error> core\memory.cpp:Memory::MemorySystem::Write:528: unmapped Write8 0x00000000 @ 0x00000B4F at PC 0x010F3548
[   5.563597] HW.Memory <Error> core\memory.cpp:Memory::MemorySystem::Write:528: unmapped Write8 0x00000000 @ 0x00000B50 at PC 0x010F3548
[   5.563597] HW.Memory <Error> core\memory.cpp:Memory::MemorySystem::Write:528: unmapped Write8 0x00000000 @ 0x00000B51 at PC 0x010F3548
[   5.563598] HW.Memory <Error> core\memory.cpp:Memory::MemorySystem::Write:528: unmapped Write8 0x00000000 @ 0x00000B52 at PC 0x010F3548
[   5.563599] HW.Memory <Error> core\memory.cpp:Memory::MemorySystem::Write:528: unmapped Write8 0x00000000 @ 0x00000B53 at PC 0x010F3548
[   5.563599] HW.Memory <Error> core\memory.cpp:Memory::MemorySystem::Write:528: unmapped Write8 0x00000000 @ 0x00000B54 at PC 0x010F3548
[   5.563600] HW.Memory <Error> core\memory.cpp:Memory::MemorySystem::Write:528: unmapped Write8 0x00000000 @ 0x00000B55 at PC 0x010F3548
[   5.563600] HW.Memory <Error> core\memory.cpp:Memory::MemorySystem::Write:528: unmapped Write8 0x00000000 @ 0x00000B56 at PC 0x010F3548
[   5.563601] HW.Memory <Error> core\memory.cpp:Memory::MemorySystem::Write:528: unmapped Write8 0x00000000 @ 0x00000B57 at PC 0x010F3548
[   5.563601] HW.Memory <Error> core\memory.cpp:Memory::MemorySystem::Write:528: unmapped Write8 0x00000000 @ 0x00000B58 at PC 0x010F3548
[   5.563602] HW.Memory <Error> core\memory.cpp:Memory::MemorySystem::Write:528: unmapped Write8 0x00000000 @ 0x00000B59 at PC 0x010F3548
[   5.563602] HW.Memory <Error> core\memory.cpp:Memory::MemorySystem::Write:528: unmapped Write8 0x00000000 @ 0x00000B5A at PC 0x010F3548
[   5.563603] HW.Memory <Error> core\memory.cpp:Memory::MemorySystem::Write:528: unmapped Write8 0x00000000 @ 0x00000B5B at PC 0x010F3548
[   5.563604] HW.Memory <Error> core\memory.cpp:Memory::MemorySystem::Write:528: unmapped Write8 0x00000000 @ 0x00000B5C at PC 0x010F3548
[   5.563604] HW.Memory <Error> core\memory.cpp:Memory::MemorySystem::Write:528: unmapped Write8 0x00000000 @ 0x00000B5D at PC 0x010F3548
[   5.563605] HW.Memory <Error> core\memory.cpp:Memory::MemorySystem::Write:528: unmapped Write8 0x00000000 @ 0x00000B5E at PC 0x010F3548
[   5.563605] HW.Memory <Error> core\memory.cpp:Memory::MemorySystem::Write:528: unmapped Write8 0x00000000 @ 0x00000B5F at PC 0x010F3548
[   5.563606] HW.Memory <Error> core\memory.cpp:Memory::MemorySystem::Write:528: unmapped Write8 0x00000000 @ 0x00000B60 at PC 0x010F3548
[   5.563606] HW.Memory <Error> core\memory.cpp:Memory::MemorySystem::Write:528: unmapped Write8 0x00000000 @ 0x00000B61 at PC 0x010F3548
[   5.563607] HW.Memory <Error> core\memory.cpp:Memory::MemorySystem::Write:528: unmapped Write8 0x00000000 @ 0x00000B62 at PC 0x010F3548
[   5.563608] HW.Memory <Error> core\memory.cpp:Memory::MemorySystem::Write:528: unmapped Write8 0x00000000 @ 0x00000B63 at PC 0x010F3548
[   5.563608] HW.Memory <Error> core\memory.cpp:Memory::MemorySystem::Write:528: unmapped Write8 0x00000000 @ 0x00000B64 at PC 0x010F3548
[   5.563609] HW.Memory <Error> core\memory.cpp:Memory::MemorySystem::Write:528: unmapped Write8 0x00000000 @ 0x00000B65 at PC 0x010F3548
[   5.563609] HW.Memory <Error> core\memory.cpp:Memory::MemorySystem::Write:528: unmapped Write8 0x00000000 @ 0x00000B66 at PC 0x010F3548
[   5.563610] HW.Memory <Error> core\memory.cpp:Memory::MemorySystem::Write:528: unmapped Write8 0x00000000 @ 0x00000B67 at PC 0x010F3548
[   5.563610] HW.Memory <Error> core\memory.cpp:Memory::MemorySystem::Write:528: unmapped Write8 0x00000000 @ 0x00000B68 at PC 0x010F3548
[   5.563611] HW.Memory <Error> core\memory.cpp:Memory::MemorySystem::Write:528: unmapped Write8 0x00000000 @ 0x00000B69 at PC 0x010F3548
[   5.563612] HW.Memory <Error> core\memory.cpp:Memory::MemorySystem::Write:528: unmapped Write8 0x00000000 @ 0x00000B6A at PC 0x010F3548
[   5.563612] HW.Memory <Error> core\memory.cpp:Memory::MemorySystem::Write:528: unmapped Write8 0x00000000 @ 0x00000B6B at PC 0x010F3548
[   5.563613] HW.Memory <Error> core\memory.cpp:Memory::MemorySystem::Write:528: unmapped Write8 0x00000000 @ 0x00000B6C at PC 0x010F3548
[   5.563613] HW.Memory <Error> core\memory.cpp:Memory::MemorySystem::Write:528: unmapped Write8 0x00000000 @ 0x00000B6D at PC 0x010F3548
[   5.563614] HW.Memory <Error> core\memory.cpp:Memory::MemorySystem::Write:528: unmapped Write8 0x00000000 @ 0x00000B6E at PC 0x010F3548
[   5.563614] HW.Memory <Error> core\memory.cpp:Memory::MemorySystem::Write:528: unmapped Write8 0x00000000 @ 0x00000B6F at PC 0x010F3548
[   5.563615] HW.Memory <Error> core\memory.cpp:Memory::MemorySystem::Write:528: unmapped Write8 0x00000000 @ 0x00000B70 at PC 0x010F3548
[   5.563615] HW.Memory <Error> core\memory.cpp:Memory::MemorySystem::Write:528: unmapped Write8 0x00000000 @ 0x00000B71 at PC 0x010F3548
[   5.563616] HW.Memory <Error> core\memory.cpp:Memory::MemorySystem::Write:528: unmapped Write8 0x00000000 @ 0x00000B72 at PC 0x010F3548
[   5.563616] HW.Memory <Error> core\memory.cpp:Memory::MemorySystem::Write:528: unmapped Write8 0x00000000 @ 0x00000B73 at PC 0x010F3548
[   5.563617] HW.Memory <Error> core\memory.cpp:Memory::MemorySystem::Write:528: unmapped Write8 0x00000000 @ 0x00000B74 at PC 0x010F3548
[   5.563617] HW.Memory <Error> core\memory.cpp:Memory::MemorySystem::Write:528: unmapped Write8 0x00000000 @ 0x00000B75 at PC 0x010F3548
[   5.563618] HW.Memory <Error> core\memory.cpp:Memory::MemorySystem::Write:528: unmapped Write8 0x00000000 @ 0x00000B76 at PC 0x010F3548
[   5.563618] HW.Memory <Error> core\memory.cpp:Memory::MemorySystem::Write:528: unmapped Write8 0x00000000 @ 0x00000B77 at PC 0x010F3548
[   5.563619] HW.Memory <Error> core\memory.cpp:Memory::MemorySystem::Write:528: unmapped Write8 0x00000000 @ 0x00000B78 at PC 0x010F3548
[   5.563619] HW.Memory <Error> core\memory.cpp:Memory::MemorySystem::Write:528: unmapped Write8 0x00000000 @ 0x00000B79 at PC 0x010F3548
[   5.563620] HW.Memory <Error> core\memory.cpp:Memory::MemorySystem::Write:528: unmapped Write8 0x00000000 @ 0x00000B7A at PC 0x010F3548
[   5.563620] HW.Memory <Error> core\memory.cpp:Memory::MemorySystem::Write:528: unmapped Write8 0x00000000 @ 0x00000B7B at PC 0x010F3548
[   5.563621] HW.Memory <Error> core\memory.cpp:Memory::MemorySystem::Write:528: unmapped Write8 0x00000000 @ 0x00000B7C at PC 0x010F3548
[   5.563621] HW.Memory <Error> core\memory.cpp:Memory::MemorySystem::Write:528: unmapped Write8 0x00000000 @ 0x00000B7D at PC 0x010F3548
[   5.563622] HW.Memory <Error> core\memory.cpp:Memory::MemorySystem::Write:528: unmapped Write8 0x00000000 @ 0x00000B7E at PC 0x010F3548
[   5.563622] HW.Memory <Error> core\memory.cpp:Memory::MemorySystem::Write:528: unmapped Write8 0x00000000 @ 0x00000B7F at PC 0x010F3548
[   5.563623] HW.Memory <Error> core\memory.cpp:Memory::MemorySystem::Write:528: unmapped Write8 0x00000000 @ 0x00000B80 at PC 0x010F3548
[   5.563623] HW.Memory <Error> core\memory.cpp:Memory::MemorySystem::Write:528: unmapped Write8 0x00000000 @ 0x00000B81 at PC 0x010F3548
[   5.563624] HW.Memory <Error> core\memory.cpp:Memory::MemorySystem::Write:528: unmapped Write8 0x00000000 @ 0x00000B82 at PC 0x010F3548
[   5.563624] HW.Memory <Error> core\memory.cpp:Memory::MemorySystem::Write:528: unmapped Write8 0x00000000 @ 0x00000B83 at PC 0x010F3548
[   5.563625] HW.Memory <Error> core\memory.cpp:Memory::MemorySystem::Write:528: unmapped Write8 0x00000000 @ 0x00000B84 at PC 0x010F3548
[   5.563626] HW.Memory <Error> core\memory.cpp:Memory::MemorySystem::Write:528: unmapped Write8 0x00000000 @ 0x00000B85 at PC 0x010F3548
[   5.563626] HW.Memory <Error> core\memory.cpp:Memory::MemorySystem::Write:528: unmapped Write8 0x00000000 @ 0x00000B86 at PC 0x010F3548
[   5.563627] HW.Memory <Error> core\memory.cpp:Memory::MemorySystem::Write:528: unmapped Write8 0x00000000 @ 0x00000B87 at PC 0x010F3548
[   5.563627] HW.Memory <Error> core\memory.cpp:Memory::MemorySystem::Write:528: unmapped Write8 0x00000000 @ 0x00000B88 at PC 0x010F3548
[   5.563628] HW.Memory <Error> core\memory.cpp:Memory::MemorySystem::Write:528: unmapped Write8 0x00000000 @ 0x00000B89 at PC 0x010F3548
[   5.563628] HW.Memory <Error> core\memory.cpp:Memory::MemorySystem::Write:528: unmapped Write8 0x00000000 @ 0x00000B8A at PC 0x010F3548
[   5.563629] HW.Memory <Error> core\memory.cpp:Memory::MemorySystem::Write:528: unmapped Write8 0x00000000 @ 0x00000B8B at PC 0x010F3548
[   5.563629] HW.Memory <Error> core\memory.cpp:Memory::MemorySystem::Write:528: unmapped Write8 0x00000000 @ 0x00000B8C at PC 0x010F3548
[   5.563630] HW.Memory <Error> core\memory.cpp:Memory::MemorySystem::Write:528: unmapped Write8 0x00000000 @ 0x00000B8D at PC 0x010F3548
[   5.563630] HW.Memory <Error> core\memory.cpp:Memory::MemorySystem::Write:528: unmapped Write8 0x00000000 @ 0x00000B8E at PC 0x010F3548
[   5.563630] HW.Memory <Error> core\memory.cpp:Memory::MemorySystem::Write:528: unmapped Write8 0x00000000 @ 0x00000B8F at PC 0x010F3548
[   5.563631] HW.Memory <Error> core\memory.cpp:Memory::MemorySystem::Write:528: unmapped Write8 0x00000000 @ 0x00000B90 at PC 0x010F3548
[   5.563631] HW.Memory <Error> core\memory.cpp:Memory::MemorySystem::Write:528: unmapped Write8 0x00000000 @ 0x00000B91 at PC 0x010F3548
[   5.563632] HW.Memory <Error> core\memory.cpp:Memory::MemorySystem::Write:528: unmapped Write8 0x00000000 @ 0x00000B92 at PC 0x010F3548
[   5.563632] HW.Memory <Error> core\memory.cpp:Memory::MemorySystem::Write:528: unmapped Write8 0x00000000 @ 0x00000B93 at PC 0x010F3548
[   5.563633] HW.Memory <Error> core\memory.cpp:Memory::MemorySystem::Write:528: unmapped Write8 0x00000000 @ 0x00000B94 at PC 0x010F3548
[   5.563633] HW.Memory <Error> core\memory.cpp:Memory::MemorySystem::Write:528: unmapped Write8 0x00000000 @ 0x00000B95 at PC 0x010F3548
[   5.563634] HW.Memory <Error> core\memory.cpp:Memory::MemorySystem::Write:528: unmapped Write8 0x00000000 @ 0x00000B96 at PC 0x010F3548
[   5.563634] HW.Memory <Error> core\memory.cpp:Memory::MemorySystem::Write:528: unmapped Write8 0x00000000 @ 0x00000B97 at PC 0x010F3548
[   5.563635] HW.Memory <Error> core\memory.cpp:Memory::MemorySystem::Write:528: unmapped Write8 0x00000000 @ 0x00000B98 at PC 0x010F3548
[   5.563636] HW.Memory <Error> core\memory.cpp:Memory::MemorySystem::Write:528: unmapped Write8 0x00000000 @ 0x00000B99 at PC 0x010F3548
[   5.563636] HW.Memory <Error> core\memory.cpp:Memory::MemorySystem::Write:528: unmapped Write8 0x00000000 @ 0x00000B9A at PC 0x010F3548
[   5.563637] HW.Memory <Error> core\memory.cpp:Memory::MemorySystem::Write:528: unmapped Write8 0x00000000 @ 0x00000B9B at PC 0x010F3548
[   5.563637] HW.Memory <Error> core\memory.cpp:Memory::MemorySystem::Write:528: unmapped Write8 0x00000000 @ 0x00000B9C at PC 0x010F3548
[   5.563638] HW.Memory <Error> core\memory.cpp:Memory::MemorySystem::Write:528: unmapped Write8 0x00000000 @ 0x00000B9D at PC 0x010F3548
[   5.563639] HW.Memory <Error> core\memory.cpp:Memory::MemorySystem::Write:528: unmapped Write8 0x00000000 @ 0x00000B9E at PC 0x010F3548
[   5.563640] HW.Memory <Error> core\memory.cpp:Memory::MemorySystem::Write:528: unmapped Write8 0x00000000 @ 0x00000B9F at PC 0x010F3548
[   5.563641] HW.Memory <Error> core\memory.cpp:Memory::MemorySystem::Write:528: unmapped Write8 0x00000000 @ 0x00000BA0 at PC 0x010F3548
[   5.563694] HW.Memory <Error> core\memory.cpp:Memory::MemorySystem::Write:528: unmapped Write8 0x00000000 @ 0x00000BA1 at PC 0x010F3548
[   5.563695] HW.Memory <Error> core\memory.cpp:Memory::MemorySystem::Write:528: unmapped Write8 0x00000000 @ 0x00000BA2 at PC 0x010F3548
[   5.563695] HW.Memory <Error> core\memory.cpp:Memory::MemorySystem::Write:528: unmapped Write8 0x00000000 @ 0x00000BA3 at PC 0x010F3548
[   5.563696] HW.Memory <Error> core\memory.cpp:Memory::MemorySystem::Write:528: unmapped Write8 0x00000000 @ 0x00000BA4 at PC 0x010F3548
[   5.563696] HW.Memory <Error> core\memory.cpp:Memory::MemorySystem::Write:528: unmapped Write8 0x00000000 @ 0x00000BA5 at PC 0x010F3548
[   5.563697] HW.Memory <Error> core\memory.cpp:Memory::MemorySystem::Write:528: unmapped Write8 0x00000000 @ 0x00000BA6 at PC 0x010F3548
[   5.563697] HW.Memory <Error> core\memory.cpp:Memory::MemorySystem::Write:528: unmapped Write8 0x00000000 @ 0x00000BA7 at PC 0x010F3548
[   5.563698] HW.Memory <Error> core\memory.cpp:Memory::MemorySystem::Write:528: unmapped Write8 0x00000000 @ 0x00000BA8 at PC 0x010F3548
[   5.563698] HW.Memory <Error> core\memory.cpp:Memory::MemorySystem::Write:528: unmapped Write8 0x00000000 @ 0x00000BA9 at PC 0x010F3548
[   5.563699] HW.Memory <Error> core\memory.cpp:Memory::MemorySystem::Write:528: unmapped Write8 0x00000000 @ 0x00000BAA at PC 0x010F3548
[   5.563699] HW.Memory <Error> core\memory.cpp:Memory::MemorySystem::Write:528: unmapped Write8 0x00000000 @ 0x00000BAB at PC 0x010F3548
[   5.563700] HW.Memory <Error> core\memory.cpp:Memory::MemorySystem::Write:528: unmapped Write8 0x00000000 @ 0x00000BAC at PC 0x010F3548
[   5.563700] HW.Memory <Error> core\memory.cpp:Memory::MemorySystem::Write:528: unmapped Write8 0x00000000 @ 0x00000BAD at PC 0x010F3548
[   5.563701] HW.Memory <Error> core\memory.cpp:Memory::MemorySystem::Write:528: unmapped Write8 0x00000000 @ 0x00000BAE at PC 0x010F3548
[   5.563701] HW.Memory <Error> core\memory.cpp:Memory::MemorySystem::Write:528: unmapped Write8 0x00000000 @ 0x00000BAF at PC 0x010F3548
[   5.563702] HW.Memory <Error> core\memory.cpp:Memory::MemorySystem::Write:528: unmapped Write8 0x00000000 @ 0x00000BB0 at PC 0x010F3548
[   5.563702] HW.Memory <Error> core\memory.cpp:Memory::MemorySystem::Write:528: unmapped Write8 0x00000000 @ 0x00000BB1 at PC 0x010F3548
[   5.563703] HW.Memory <Error> core\memory.cpp:Memory::MemorySystem::Write:528: unmapped Write8 0x00000000 @ 0x00000BB2 at PC 0x010F3548
[   5.563703] HW.Memory <Error> core\memory.cpp:Memory::MemorySystem::Write:528: unmapped Write8 0x00000000 @ 0x00000BB3 at PC 0x010F3548
[   5.563704] HW.Memory <Error> core\memory.cpp:Memory::MemorySystem::Write:528: unmapped Write8 0x00000000 @ 0x00000BB4 at PC 0x010F3548
[   5.563704] HW.Memory <Error> core\memory.cpp:Memory::MemorySystem::Write:528: unmapped Write8 0x00000000 @ 0x00000BB5 at PC 0x010F3548
[   5.563705] HW.Memory <Error> core\memory.cpp:Memory::MemorySystem::Write:528: unmapped Write8 0x00000000 @ 0x00000BB6 at PC 0x010F3548
[   5.563705] HW.Memory <Error> core\memory.cpp:Memory::MemorySystem::Write:528: unmapped Write8 0x00000000 @ 0x00000BB7 at PC 0x010F3548
[   5.563705] HW.Memory <Error> core\memory.cpp:Memory::MemorySystem::Write:528: unmapped Write8 0x00000000 @ 0x00000BB8 at PC 0x010F3548
[   5.563706] HW.Memory <Error> core\memory.cpp:Memory::MemorySystem::Write:528: unmapped Write8 0x00000000 @ 0x00000BB9 at PC 0x010F3548
[   5.563707] HW.Memory <Error> core\memory.cpp:Memory::MemorySystem::Write:528: unmapped Write8 0x00000000 @ 0x00000BBA at PC 0x010F3548
[   5.563707] HW.Memory <Error> core\memory.cpp:Memory::MemorySystem::Write:528: unmapped Write8 0x00000000 @ 0x00000BBB at PC 0x010F3548
[   5.563707] HW.Memory <Error> core\memory.cpp:Memory::MemorySystem::Write:528: unmapped Write8 0x00000000 @ 0x00000BBC at PC 0x010F3548
[   5.563708] HW.Memory <Error> core\memory.cpp:Memory::MemorySystem::Write:528: unmapped Write8 0x00000000 @ 0x00000BBD at PC 0x010F3548
[   5.563708] HW.Memory <Error> core\memory.cpp:Memory::MemorySystem::Write:528: unmapped Write8 0x00000000 @ 0x00000BBE at PC 0x010F3548
[   5.563709] HW.Memory <Error> core\memory.cpp:Memory::MemorySystem::Write:528: unmapped Write8 0x00000000 @ 0x00000BBF at PC 0x010F3548
[   5.563709] HW.Memory <Error> core\memory.cpp:Memory::MemorySystem::Write:528: unmapped Write8 0x00000000 @ 0x00000BC0 at PC 0x010F3548
[   5.563710] HW.Memory <Error> core\memory.cpp:Memory::MemorySystem::Write:528: unmapped Write8 0x00000000 @ 0x00000BC1 at PC 0x010F3548
[   5.563710] HW.Memory <Error> core\memory.cpp:Memory::MemorySystem::Write:528: unmapped Write8 0x00000000 @ 0x00000BC2 at PC 0x010F3548
[   5.563711] HW.Memory <Error> core\memory.cpp:Memory::MemorySystem::Write:528: unmapped Write8 0x00000000 @ 0x00000BC3 at PC 0x010F3548
[   5.563711] HW.Memory <Error> core\memory.cpp:Memory::MemorySystem::Write:528: unmapped Write8 0x00000000 @ 0x00000BC4 at PC 0x010F3548
[   5.563712] HW.Memory <Error> core\memory.cpp:Memory::MemorySystem::Write:528: unmapped Write8 0x00000000 @ 0x00000BC5 at PC 0x010F3548
[   5.563712] HW.Memory <Error> core\memory.cpp:Memory::MemorySystem::Write:528: unmapped Write8 0x00000000 @ 0x00000BC6 at PC 0x010F3548
[   5.563713] HW.Memory <Error> core\memory.cpp:Memory::MemorySystem::Write:528: unmapped Write8 0x00000000 @ 0x00000BC7 at PC 0x010F3548
[   5.563713] HW.Memory <Error> core\memory.cpp:Memory::MemorySystem::Write:528: unmapped Write8 0x00000000 @ 0x00000BC8 at PC 0x010F3548
[   5.563714] HW.Memory <Error> core\memory.cpp:Memory::MemorySystem::Write:528: unmapped Write8 0x00000000 @ 0x00000BC9 at PC 0x010F3548
[   5.563714] HW.Memory <Error> core\memory.cpp:Memory::MemorySystem::Write:528: unmapped Write8 0x00000000 @ 0x00000BCA at PC 0x010F3548
[   5.563715] HW.Memory <Error> core\memory.cpp:Memory::MemorySystem::Write:528: unmapped Write8 0x00000000 @ 0x00000BCB at PC 0x010F3548
[   5.563715] HW.Memory <Error> core\memory.cpp:Memory::MemorySystem::Write:528: unmapped Write8 0x00000000 @ 0x00000BCC at PC 0x010F3548
[   5.563716] HW.Memory <Error> core\memory.cpp:Memory::MemorySystem::Write:528: unmapped Write8 0x00000000 @ 0x00000BCD at PC 0x010F3548
[   5.563716] HW.Memory <Error> core\memory.cpp:Memory::MemorySystem::Write:528: unmapped Write8 0x00000000 @ 0x00000BCE at PC 0x010F3548
[   5.563717] HW.Memory <Error> core\memory.cpp:Memory::MemorySystem::Write:528: unmapped Write8 0x00000000 @ 0x00000BCF at PC 0x010F3548
[   5.563717] HW.Memory <Error> core\memory.cpp:Memory::MemorySystem::Write:528: unmapped Write8 0x00000000 @ 0x00000BD0 at PC 0x010F3548
[   5.563718] HW.Memory <Error> core\memory.cpp:Memory::MemorySystem::Write:528: unmapped Write8 0x00000000 @ 0x00000BD1 at PC 0x010F3548
[   5.563718] HW.Memory <Error> core\memory.cpp:Memory::MemorySystem::Write:528: unmapped Write8 0x00000000 @ 0x00000BD2 at PC 0x010F3548
[   5.563719] HW.Memory <Error> core\memory.cpp:Memory::MemorySystem::Write:528: unmapped Write8 0x00000000 @ 0x00000BD3 at PC 0x010F3548
[   5.563719] HW.Memory <Error> core\memory.cpp:Memory::MemorySystem::Write:528: unmapped Write8 0x00000000 @ 0x00000BD4 at PC 0x010F3548
[   5.563720] HW.Memory <Error> core\memory.cpp:Memory::MemorySystem::Write:528: unmapped Write8 0x00000000 @ 0x00000BD5 at PC 0x010F3548
[   5.563720] HW.Memory <Error> core\memory.cpp:Memory::MemorySystem::Write:528: unmapped Write8 0x00000000 @ 0x00000BD6 at PC 0x010F3548
[   5.563720] HW.Memory <Error> core\memory.cpp:Memory::MemorySystem::Write:528: unmapped Write8 0x00000000 @ 0x00000BD7 at PC 0x010F3548
[   5.563721] HW.Memory <Error> core\memory.cpp:Memory::MemorySystem::Write:528: unmapped Write8 0x00000000 @ 0x00000BD8 at PC 0x010F3548
[   5.563721] HW.Memory <Error> core\memory.cpp:Memory::MemorySystem::Write:528: unmapped Write8 0x00000000 @ 0x00000BD9 at PC 0x010F3548
[   5.563722] HW.Memory <Error> core\memory.cpp:Memory::MemorySystem::Write:528: unmapped Write8 0x00000000 @ 0x00000BDA at PC 0x010F3548
[   5.563722] HW.Memory <Error> core\memory.cpp:Memory::MemorySystem::Write:528: unmapped Write8 0x00000000 @ 0x00000BDB at PC 0x010F3548
[   5.563723] HW.Memory <Error> core\memory.cpp:Memory::MemorySystem::Write:528: unmapped Write8 0x00000000 @ 0x00000BDC at PC 0x010F3548
[   5.563723] HW.Memory <Error> core\memory.cpp:Memory::MemorySystem::Write:528: unmapped Write8 0x00000000 @ 0x00000BDD at PC 0x010F3548
[   5.563724] HW.Memory <Error> core\memory.cpp:Memory::MemorySystem::Write:528: unmapped Write8 0x00000000 @ 0x00000BDE at PC 0x010F3548
[   5.563724] HW.Memory <Error> core\memory.cpp:Memory::MemorySystem::Write:528: unmapped Write8 0x00000000 @ 0x00000BDF at PC 0x010F3548
[   5.563725] HW.Memory <Error> core\memory.cpp:Memory::MemorySystem::Write:528: unmapped Write8 0x00000000 @ 0x00000BE0 at PC 0x010F3548
[   5.563725] HW.Memory <Error> core\memory.cpp:Memory::MemorySystem::Write:528: unmapped Write8 0x00000000 @ 0x00000BE1 at PC 0x010F3548
[   5.563726] HW.Memory <Error> core\memory.cpp:Memory::MemorySystem::Write:528: unmapped Write8 0x00000000 @ 0x00000BE2 at PC 0x010F3548
[   5.563726] HW.Memory <Error> core\memory.cpp:Memory::MemorySystem::Write:528: unmapped Write8 0x00000000 @ 0x00000BE3 at PC 0x010F3548
[   5.563727] HW.Memory <Error> core\memory.cpp:Memory::MemorySystem::Write:528: unmapped Write8 0x00000000 @ 0x00000BE4 at PC 0x010F3548
[   5.563727] HW.Memory <Error> core\memory.cpp:Memory::MemorySystem::Write:528: unmapped Write8 0x00000000 @ 0x00000BE5 at PC 0x010F3548
[   5.563728] HW.Memory <Error> core\memory.cpp:Memory::MemorySystem::Write:528: unmapped Write8 0x00000000 @ 0x00000BE6 at PC 0x010F3548
[   5.563728] HW.Memory <Error> core\memory.cpp:Memory::MemorySystem::Write:528: unmapped Write8 0x00000000 @ 0x00000BE7 at PC 0x010F3548
[   5.563729] HW.Memory <Error> core\memory.cpp:Memory::MemorySystem::Write:528: unmapped Write8 0x00000000 @ 0x00000BE8 at PC 0x010F3548
[   5.563729] HW.Memory <Error> core\memory.cpp:Memory::MemorySystem::Write:528: unmapped Write8 0x00000000 @ 0x00000BE9 at PC 0x010F3548
[   5.563730] HW.Memory <Error> core\memory.cpp:Memory::MemorySystem::Write:528: unmapped Write8 0x00000000 @ 0x00000BEA at PC 0x010F3548
[   5.563730] HW.Memory <Error> core\memory.cpp:Memory::MemorySystem::Write:528: unmapped Write8 0x00000000 @ 0x00000BEB at PC 0x010F3548
[   5.563731] HW.Memory <Error> core\memory.cpp:Memory::MemorySystem::Write:528: unmapped Write8 0x00000000 @ 0x00000BEC at PC 0x010F3548
[   5.563731] HW.Memory <Error> core\memory.cpp:Memory::MemorySystem::Write:528: unmapped Write8 0x00000000 @ 0x00000BED at PC 0x010F3548
[   5.563732] HW.Memory <Error> core\memory.cpp:Memory::MemorySystem::Write:528: unmapped Write8 0x00000000 @ 0x00000BEE at PC 0x010F3548
[   5.563732] HW.Memory <Error> core\memory.cpp:Memory::MemorySystem::Write:528: unmapped Write8 0x00000000 @ 0x00000BEF at PC 0x010F3548
[   5.563732] HW.Memory <Error> core\memory.cpp:Memory::MemorySystem::Write:528: unmapped Write8 0x00000000 @ 0x00000BF0 at PC 0x010F3548
[   5.563733] HW.Memory <Error> core\memory.cpp:Memory::MemorySystem::Write:528: unmapped Write8 0x00000000 @ 0x00000BF1 at PC 0x010F3548
[   5.563733] HW.Memory <Error> core\memory.cpp:Memory::MemorySystem::Write:528: unmapped Write8 0x00000000 @ 0x00000BF2 at PC 0x010F3548
[   5.563734] HW.Memory <Error> core\memory.cpp:Memory::MemorySystem::Write:528: unmapped Write8 0x00000000 @ 0x00000BF3 at PC 0x010F3548
[   5.563734] HW.Memory <Error> core\memory.cpp:Memory::MemorySystem::Write:528: unmapped Write8 0x00000000 @ 0x00000BF4 at PC 0x010F3548
[   5.563735] HW.Memory <Error> core\memory.cpp:Memory::MemorySystem::Write:528: unmapped Write8 0x00000000 @ 0x00000BF5 at PC 0x010F3548
[   5.563735] HW.Memory <Error> core\memory.cpp:Memory::MemorySystem::Write:528: unmapped Write8 0x00000000 @ 0x00000BF6 at PC 0x010F3548
[   5.563736] HW.Memory <Error> core\memory.cpp:Memory::MemorySystem::Write:528: unmapped Write8 0x00000000 @ 0x00000BF7 at PC 0x010F3548
[   5.563736] HW.Memory <Error> core\memory.cpp:Memory::MemorySystem::Write:528: unmapped Write8 0x00000000 @ 0x00000BF8 at PC 0x010F3548
[   5.563737] HW.Memory <Error> core\memory.cpp:Memory::MemorySystem::Write:528: unmapped Write8 0x00000000 @ 0x00000BF9 at PC 0x010F3548
[   5.563737] HW.Memory <Error> core\memory.cpp:Memory::MemorySystem::Write:528: unmapped Write8 0x00000000 @ 0x00000BFA at PC 0x010F3548
[   5.563738] HW.Memory <Error> core\memory.cpp:Memory::MemorySystem::Write:528: unmapped Write8 0x00000000 @ 0x00000BFB at PC 0x010F3548
[   5.563738] HW.Memory <Error> core\memory.cpp:Memory::MemorySystem::Write:528: unmapped Write8 0x00000000 @ 0x00000BFC at PC 0x010F3548
[   5.563739] HW.Memory <Error> core\memory.cpp:Memory::MemorySystem::Write:528: unmapped Write8 0x00000000 @ 0x00000BFD at PC 0x010F3548
[   5.563739] HW.Memory <Error> core\memory.cpp:Memory::MemorySystem::Write:528: unmapped Write8 0x00000000 @ 0x00000BFE at PC 0x010F3548
[   5.563740] HW.Memory <Error> core\memory.cpp:Memory::MemorySystem::Write:528: unmapped Write8 0x00000000 @ 0x00000BFF at PC 0x010F3548
[   5.563740] HW.Memory <Error> core\memory.cpp:Memory::MemorySystem::Write:528: unmapped Write8 0x00000000 @ 0x00000C00 at PC 0x010F3548
[   5.563741] HW.Memory <Error> core\memory.cpp:Memory::MemorySystem::Write:528: unmapped Write8 0x00000000 @ 0x00000C01 at PC 0x010F3548
[   5.563741] HW.Memory <Error> core\memory.cpp:Memory::MemorySystem::Write:528: unmapped Write8 0x00000000 @ 0x00000C02 at PC 0x010F3548
[   5.563742] HW.Memory <Error> core\memory.cpp:Memory::MemorySystem::Write:528: unmapped Write8 0x00000000 @ 0x00000C03 at PC 0x010F3548
[   5.563742] HW.Memory <Error> core\memory.cpp:Memory::MemorySystem::Write:528: unmapped Write8 0x00000000 @ 0x00000C04 at PC 0x010F3548
[   5.563743] HW.Memory <Error> core\memory.cpp:Memory::MemorySystem::Write:528: unmapped Write8 0x00000000 @ 0x00000C05 at PC 0x010F3548
[   5.563743] HW.Memory <Error> core\memory.cpp:Memory::MemorySystem::Write:528: unmapped Write8 0x00000000 @ 0x00000C06 at PC 0x010F3548
[   5.563743] HW.Memory <Error> core\memory.cpp:Memory::MemorySystem::Write:528: unmapped Write8 0x00000000 @ 0x00000C07 at PC 0x010F3548
[   5.563744] HW.Memory <Error> core\memory.cpp:Memory::MemorySystem::Write:528: unmapped Write8 0x00000000 @ 0x00000C08 at PC 0x010F3548
[   5.563744] HW.Memory <Error> core\memory.cpp:Memory::MemorySystem::Write:528: unmapped Write8 0x00000000 @ 0x00000C09 at PC 0x010F3548
[   5.563745] HW.Memory <Error> core\memory.cpp:Memory::MemorySystem::Write:528: unmapped Write8 0x00000000 @ 0x00000C0A at PC 0x010F3548
[   5.563745] HW.Memory <Error> core\memory.cpp:Memory::MemorySystem::Write:528: unmapped Write8 0x00000000 @ 0x00000C0B at PC 0x010F3548
[   5.563746] HW.Memory <Error> core\memory.cpp:Memory::MemorySystem::Write:528: unmapped Write8 0x00000000 @ 0x00000C0C at PC 0x010F3548
[   5.563746] HW.Memory <Error> core\memory.cpp:Memory::MemorySystem::Write:528: unmapped Write8 0x00000000 @ 0x00000C0D at PC 0x010F3548
[   5.563747] HW.Memory <Error> core\memory.cpp:Memory::MemorySystem::Write:528: unmapped Write8 0x00000000 @ 0x00000C0E at PC 0x010F3548
[   5.563747] HW.Memory <Error> core\memory.cpp:Memory::MemorySystem::Write:528: unmapped Write8 0x00000000 @ 0x00000C0F at PC 0x010F3548
[   5.563748] HW.Memory <Error> core\memory.cpp:Memory::MemorySystem::Write:528: unmapped Write8 0x00000000 @ 0x00000C10 at PC 0x010F3548
[   5.563748] HW.Memory <Error> core\memory.cpp:Memory::MemorySystem::Write:528: unmapped Write8 0x00000000 @ 0x00000C11 at PC 0x010F3548
[   5.563749] HW.Memory <Error> core\memory.cpp:Memory::MemorySystem::Write:528: unmapped Write8 0x00000000 @ 0x00000C12 at PC 0x010F3548
[   5.563749] HW.Memory <Error> core\memory.cpp:Memory::MemorySystem::Write:528: unmapped Write8 0x00000000 @ 0x00000C13 at PC 0x010F3548
[   5.563750] HW.Memory <Error> core\memory.cpp:Memory::MemorySystem::Write:528: unmapped Write8 0x00000000 @ 0x00000C14 at PC 0x010F3548
[   5.563750] HW.Memory <Error> core\memory.cpp:Memory::MemorySystem::Write:528: unmapped Write8 0x00000000 @ 0x00000C15 at PC 0x010F3548
[   5.563751] HW.Memory <Error> core\memory.cpp:Memory::MemorySystem::Write:528: unmapped Write8 0x00000000 @ 0x00000C16 at PC 0x010F3548
[   5.563751] HW.Memory <Error> core\memory.cpp:Memory::MemorySystem::Write:528: unmapped Write8 0x00000000 @ 0x00000C17 at PC 0x010F3548
[   5.563752] HW.Memory <Error> core\memory.cpp:Memory::MemorySystem::Write:528: unmapped Write8 0x00000000 @ 0x00000C18 at PC 0x010F3548
[   5.563752] HW.Memory <Error> core\memory.cpp:Memory::MemorySystem::Write:528: unmapped Write8 0x00000000 @ 0x00000C19 at PC 0x010F3548
[   5.563753] HW.Memory <Error> core\memory.cpp:Memory::MemorySystem::Write:528: unmapped Write8 0x00000000 @ 0x00000C1A at PC 0x010F3548
[   5.563753] HW.Memory <Error> core\memory.cpp:Memory::MemorySystem::Write:528: unmapped Write8 0x00000000 @ 0x00000C1B at PC 0x010F3548
[   5.563754] HW.Memory <Error> core\memory.cpp:Memory::MemorySystem::Write:528: unmapped Write8 0x00000000 @ 0x00000C1C at PC 0x010F3548
[   5.563754] HW.Memory <Error> core\memory.cpp:Memory::MemorySystem::Write:528: unmapped Write8 0x00000000 @ 0x00000C1D at PC 0x010F3548
[   5.563755] HW.Memory <Error> core\memory.cpp:Memory::MemorySystem::Write:528: unmapped Write8 0x00000000 @ 0x00000C1E at PC 0x010F3548
[   5.563755] HW.Memory <Error> core\memory.cpp:Memory::MemorySystem::Write:528: unmapped Write8 0x00000000 @ 0x00000C1F at PC 0x010F3548
[   5.563756] HW.Memory <Error> core\memory.cpp:Memory::MemorySystem::Write:528: unmapped Write8 0x00000000 @ 0x00000C20 at PC 0x010F3548
[   5.563756] HW.Memory <Error> core\memory.cpp:Memory::MemorySystem::Write:528: unmapped Write8 0x00000000 @ 0x00000C21 at PC 0x010F3548
[   5.563767] HW.Memory <Error> core\memory.cpp:Memory::MemorySystem::Write:528: unmapped Write8 0x00000000 @ 0x00000C22 at PC 0x010F3548
[   5.563768] HW.Memory <Error> core\memory.cpp:Memory::MemorySystem::Write:528: unmapped Write8 0x00000000 @ 0x00000C23 at PC 0x010F3548
[   5.563768] HW.Memory <Error> core\memory.cpp:Memory::MemorySystem::Write:528: unmapped Write8 0x00000000 @ 0x00000C24 at PC 0x010F3548
[   5.563769] HW.Memory <Error> core\memory.cpp:Memory::MemorySystem::Write:528: unmapped Write8 0x00000000 @ 0x00000C25 at PC 0x010F3548
[   5.563769] HW.Memory <Error> core\memory.cpp:Memory::MemorySystem::Write:528: unmapped Write8 0x00000000 @ 0x00000C26 at PC 0x010F3548
[   5.563770] HW.Memory <Error> core\memory.cpp:Memory::MemorySystem::Write:528: unmapped Write8 0x00000000 @ 0x00000C27 at PC 0x010F3548
[   5.563811] HW.Memory <Error> core\memory.cpp:Memory::MemorySystem::Read:479: unmapped Read8 @ 0x00000C28 at PC 0x010F348C
[   5.563896] HW.Memory <Error> core\memory.cpp:Memory::MemorySystem::Read:479: unmapped Read8 @ 0x00000828 at PC 0x010F04C8
[   5.564021] HW.Memory <Error> core\memory.cpp:Memory::MemorySystem::Write:528: unmapped Write16 0x00000000 @ 0x00000024 at PC 0x010F34E8
[   5.564269] HW.Memory <Error> core\memory.cpp:Memory::MemorySystem::Impl::ReadBlockImpl:178: unmapped ReadBlock @ 0x00000024 (start address = 0x00000024, size = 2) at PC 0x010F0A78
[   5.564285] Service.FS <Error> core\file_sys\archive_sdmc.cpp:FileSys::SDMCArchive::DeleteFile:119: Invalid path [Wchar: ]
[   5.564880] HW.Memory <Error> core\memory.cpp:Memory::MemorySystem::Write:528: unmapped Write8 0x0000002F @ 0x00000828 at PC 0x010F3548
[   5.564880] HW.Memory <Error> core\memory.cpp:Memory::MemorySystem::Write:528: unmapped Write8 0x0000006F @ 0x00000829 at PC 0x010F3548
[   5.564881] HW.Memory <Error> core\memory.cpp:Memory::MemorySystem::Write:528: unmapped Write8 0x00000070 @ 0x0000082A at PC 0x010F3548
[   5.564881] HW.Memory <Error> core\memory.cpp:Memory::MemorySystem::Write:528: unmapped Write8 0x00000065 @ 0x0000082B at PC 0x010F3548
[   5.564882] HW.Memory <Error> core\memory.cpp:Memory::MemorySystem::Write:528: unmapped Write8 0x0000006E @ 0x0000082C at PC 0x010F3548
[   5.564882] HW.Memory <Error> core\memory.cpp:Memory::MemorySystem::Write:528: unmapped Write8 0x00000073 @ 0x0000082D at PC 0x010F3548
[   5.564883] HW.Memory <Error> core\memory.cpp:Memory::MemorySystem::Write:528: unmapped Write8 0x00000062 @ 0x0000082E at PC 0x010F3548
[   5.564883] HW.Memory <Error> core\memory.cpp:Memory::MemorySystem::Write:528: unmapped Write8 0x0000005F @ 0x0000082F at PC 0x010F3548
[   5.564884] HW.Memory <Error> core\memory.cpp:Memory::MemorySystem::Write:528: unmapped Write8 0x0000006D @ 0x00000830 at PC 0x010F3548
[   5.564884] HW.Memory <Error> core\memory.cpp:Memory::MemorySystem::Write:528: unmapped Write8 0x00000061 @ 0x00000831 at PC 0x010F3548
[   5.564885] HW.Memory <Error> core\memory.cpp:Memory::MemorySystem::Write:528: unmapped Write8 0x00000069 @ 0x00000832 at PC 0x010F3548
[   5.564885] HW.Memory <Error> core\memory.cpp:Memory::MemorySystem::Write:528: unmapped Write8 0x0000006E @ 0x00000833 at PC 0x010F3548
[   5.564886] HW.Memory <Error> core\memory.cpp:Memory::MemorySystem::Write:528: unmapped Write8 0x0000002E @ 0x00000834 at PC 0x010F3548
[   5.564886] HW.Memory <Error> core\memory.cpp:Memory::MemorySystem::Write:528: unmapped Write8 0x0000006C @ 0x00000835 at PC 0x010F3548
[   5.564887] HW.Memory <Error> core\memory.cpp:Memory::MemorySystem::Write:528: unmapped Write8 0x0000006F @ 0x00000836 at PC 0x010F3548
[   5.564887] HW.Memory <Error> core\memory.cpp:Memory::MemorySystem::Write:528: unmapped Write8 0x00000067 @ 0x00000837 at PC 0x010F3548
[   5.564888] HW.Memory <Error> core\memory.cpp:Memory::MemorySystem::Write:528: unmapped Write8 0x00000000 @ 0x00000838 at PC 0x010F3548
[   5.564888] HW.Memory <Error> core\memory.cpp:Memory::MemorySystem::Write:528: unmapped Write8 0x00000000 @ 0x00000839 at PC 0x010F3548
[   5.564889] HW.Memory <Error> core\memory.cpp:Memory::MemorySystem::Write:528: unmapped Write8 0x00000000 @ 0x0000083A at PC 0x010F3548
[   5.564889] HW.Memory <Error> core\memory.cpp:Memory::MemorySystem::Write:528: unmapped Write8 0x00000000 @ 0x0000083B at PC 0x010F3548
[   5.564890] HW.Memory <Error> core\memory.cpp:Memory::MemorySystem::Write:528: unmapped Write8 0x00000000 @ 0x0000083C at PC 0x010F3548
[   5.564890] HW.Memory <Error> core\memory.cpp:Memory::MemorySystem::Write:528: unmapped Write8 0x00000000 @ 0x0000083D at PC 0x010F3548
[   5.564891] HW.Memory <Error> core\memory.cpp:Memory::MemorySystem::Write:528: unmapped Write8 0x00000000 @ 0x0000083E at PC 0x010F3548
[   5.564891] HW.Memory <Error> core\memory.cpp:Memory::MemorySystem::Write:528: unmapped Write8 0x00000000 @ 0x0000083F at PC 0x010F3548
[   5.564892] HW.Memory <Error> core\memory.cpp:Memory::MemorySystem::Write:528: unmapped Write8 0x00000000 @ 0x00000840 at PC 0x010F3548
[   5.564892] HW.Memory <Error> core\memory.cpp:Memory::MemorySystem::Write:528: unmapped Write8 0x00000000 @ 0x00000841 at PC 0x010F3548
[   5.564893] HW.Memory <Error> core\memory.cpp:Memory::MemorySystem::Write:528: unmapped Write8 0x00000000 @ 0x00000842 at PC 0x010F3548
[   5.564893] HW.Memory <Error> core\memory.cpp:Memory::MemorySystem::Write:528: unmapped Write8 0x00000000 @ 0x00000843 at PC 0x010F3548
[   5.564894] HW.Memory <Error> core\memory.cpp:Memory::MemorySystem::Write:528: unmapped Write8 0x00000000 @ 0x00000844 at PC 0x010F3548
[   5.564894] HW.Memory <Error> core\memory.cpp:Memory::MemorySystem::Write:528: unmapped Write8 0x00000000 @ 0x00000845 at PC 0x010F3548
[   5.564894] HW.Memory <Error> core\memory.cpp:Memory::MemorySystem::Write:528: unmapped Write8 0x00000000 @ 0x00000846 at PC 0x010F3548
[   5.564895] HW.Memory <Error> core\memory.cpp:Memory::MemorySystem::Write:528: unmapped Write8 0x00000000 @ 0x00000847 at PC 0x010F3548
[   5.564895] HW.Memory <Error> core\memory.cpp:Memory::MemorySystem::Write:528: unmapped Write8 0x00000000 @ 0x00000848 at PC 0x010F3548
[   5.564896] HW.Memory <Error> core\memory.cpp:Memory::MemorySystem::Write:528: unmapped Write8 0x00000000 @ 0x00000849 at PC 0x010F3548
[   5.564896] HW.Memory <Error> core\memory.cpp:Memory::MemorySystem::Write:528: unmapped Write8 0x00000000 @ 0x0000084A at PC 0x010F3548
[   5.564897] HW.Memory <Error> core\memory.cpp:Memory::MemorySystem::Write:528: unmapped Write8 0x00000000 @ 0x0000084B at PC 0x010F3548
[   5.564897] HW.Memory <Error> core\memory.cpp:Memory::MemorySystem::Write:528: unmapped Write8 0x00000000 @ 0x0000084C at PC 0x010F3548
[   5.564898] HW.Memory <Error> core\memory.cpp:Memory::MemorySystem::Write:528: unmapped Write8 0x00000000 @ 0x0000084D at PC 0x010F3548
[   5.564898] HW.Memory <Error> core\memory.cpp:Memory::MemorySystem::Write:528: unmapped Write8 0x00000000 @ 0x0000084E at PC 0x010F3548
[   5.564899] HW.Memory <Error> core\memory.cpp:Memory::MemorySystem::Write:528: unmapped Write8 0x00000000 @ 0x0000084F at PC 0x010F3548
[   5.564899] HW.Memory <Error> core\memory.cpp:Memory::MemorySystem::Write:528: unmapped Write8 0x00000000 @ 0x00000850 at PC 0x010F3548
[   5.564900] HW.Memory <Error> core\memory.cpp:Memory::MemorySystem::Write:528: unmapped Write8 0x00000000 @ 0x00000851 at PC 0x010F3548
[   5.564900] HW.Memory <Error> core\memory.cpp:Memory::MemorySystem::Write:528: unmapped Write8 0x00000000 @ 0x00000852 at PC 0x010F3548
[   5.564901] HW.Memory <Error> core\memory.cpp:Memory::MemorySystem::Write:528: unmapped Write8 0x00000000 @ 0x00000853 at PC 0x010F3548
[   5.564901] HW.Memory <Error> core\memory.cpp:Memory::MemorySystem::Write:528: unmapped Write8 0x00000000 @ 0x00000854 at PC 0x010F3548
[   5.564902] HW.Memory <Error> core\memory.cpp:Memory::MemorySystem::Write:528: unmapped Write8 0x00000000 @ 0x00000855 at PC 0x010F3548
[   5.564902] HW.Memory <Error> core\memory.cpp:Memory::MemorySystem::Write:528: unmapped Write8 0x00000000 @ 0x00000856 at PC 0x010F3548
[   5.564903] HW.Memory <Error> core\memory.cpp:Memory::MemorySystem::Write:528: unmapped Write8 0x00000000 @ 0x00000857 at PC 0x010F3548
[   5.564903] HW.Memory <Error> core\memory.cpp:Memory::MemorySystem::Write:528: unmapped Write8 0x00000000 @ 0x00000858 at PC 0x010F3548
[   5.564904] HW.Memory <Error> core\memory.cpp:Memory::MemorySystem::Write:528: unmapped Write8 0x00000000 @ 0x00000859 at PC 0x010F3548
[   5.564904] HW.Memory <Error> core\memory.cpp:Memory::MemorySystem::Write:528: unmapped Write8 0x00000000 @ 0x0000085A at PC 0x010F3548
[   5.564905] HW.Memory <Error> core\memory.cpp:Memory::MemorySystem::Write:528: unmapped Write8 0x00000000 @ 0x0000085B at PC 0x010F3548
[   5.564905] HW.Memory <Error> core\memory.cpp:Memory::MemorySystem::Write:528: unmapped Write8 0x00000000 @ 0x0000085C at PC 0x010F3548
[   5.564905] HW.Memory <Error> core\memory.cpp:Memory::MemorySystem::Write:528: unmapped Write8 0x00000000 @ 0x0000085D at PC 0x010F3548
[   5.564906] HW.Memory <Error> core\memory.cpp:Memory::MemorySystem::Write:528: unmapped Write8 0x00000000 @ 0x0000085E at PC 0x010F3548
[   5.564906] HW.Memory <Error> core\memory.cpp:Memory::MemorySystem::Write:528: unmapped Write8 0x00000000 @ 0x0000085F at PC 0x010F3548
[   5.564907] HW.Memory <Error> core\memory.cpp:Memory::MemorySystem::Write:528: unmapped Write8 0x00000000 @ 0x00000860 at PC 0x010F3548
[   5.564907] HW.Memory <Error> core\memory.cpp:Memory::MemorySystem::Write:528: unmapped Write8 0x00000000 @ 0x00000861 at PC 0x010F3548
[   5.564908] HW.Memory <Error> core\memory.cpp:Memory::MemorySystem::Write:528: unmapped Write8 0x00000000 @ 0x00000862 at PC 0x010F3548
[   5.564908] HW.Memory <Error> core\memory.cpp:Memory::MemorySystem::Write:528: unmapped Write8 0x00000000 @ 0x00000863 at PC 0x010F3548
[   5.564909] HW.Memory <Error> core\memory.cpp:Memory::MemorySystem::Write:528: unmapped Write8 0x00000000 @ 0x00000864 at PC 0x010F3548
[   5.564909] HW.Memory <Error> core\memory.cpp:Memory::MemorySystem::Write:528: unmapped Write8 0x00000000 @ 0x00000865 at PC 0x010F3548
[   5.564910] HW.Memory <Error> core\memory.cpp:Memory::MemorySystem::Write:528: unmapped Write8 0x00000000 @ 0x00000866 at PC 0x010F3548
[   5.564910] HW.Memory <Error> core\memory.cpp:Memory::MemorySystem::Write:528: unmapped Write8 0x00000000 @ 0x00000867 at PC 0x010F3548
[   5.564911] HW.Memory <Error> core\memory.cpp:Memory::MemorySystem::Write:528: unmapped Write8 0x00000000 @ 0x00000868 at PC 0x010F3548
[   5.564911] HW.Memory <Error> core\memory.cpp:Memory::MemorySystem::Write:528: unmapped Write8 0x00000000 @ 0x00000869 at PC 0x010F3548
[   5.564912] HW.Memory <Error> core\memory.cpp:Memory::MemorySystem::Write:528: unmapped Write8 0x00000000 @ 0x0000086A at PC 0x010F3548
[   5.564912] HW.Memory <Error> core\memory.cpp:Memory::MemorySystem::Write:528: unmapped Write8 0x00000000 @ 0x0000086B at PC 0x010F3548
[   5.564913] HW.Memory <Error> core\memory.cpp:Memory::MemorySystem::Write:528: unmapped Write8 0x00000000 @ 0x0000086C at PC 0x010F3548
[   5.564913] HW.Memory <Error> core\memory.cpp:Memory::MemorySystem::Write:528: unmapped Write8 0x00000000 @ 0x0000086D at PC 0x010F3548
[   5.564914] HW.Memory <Error> core\memory.cpp:Memory::MemorySystem::Write:528: unmapped Write8 0x00000000 @ 0x0000086E at PC 0x010F3548
[   5.564914] HW.Memory <Error> core\memory.cpp:Memory::MemorySystem::Write:528: unmapped Write8 0x00000000 @ 0x0000086F at PC 0x010F3548
[   5.564915] HW.Memory <Error> core\memory.cpp:Memory::MemorySystem::Write:528: unmapped Write8 0x00000000 @ 0x00000870 at PC 0x010F3548
[   5.564915] HW.Memory <Error> core\memory.cpp:Memory::MemorySystem::Write:528: unmapped Write8 0x00000000 @ 0x00000871 at PC 0x010F3548
[   5.564916] HW.Memory <Error> core\memory.cpp:Memory::MemorySystem::Write:528: unmapped Write8 0x00000000 @ 0x00000872 at PC 0x010F3548
[   5.564916] HW.Memory <Error> core\memory.cpp:Memory::MemorySystem::Write:528: unmapped Write8 0x00000000 @ 0x00000873 at PC 0x010F3548
[   5.564917] HW.Memory <Error> core\memory.cpp:Memory::MemorySystem::Write:528: unmapped Write8 0x00000000 @ 0x00000874 at PC 0x010F3548
[   5.564917] HW.Memory <Error> core\memory.cpp:Memory::MemorySystem::Write:528: unmapped Write8 0x00000000 @ 0x00000875 at PC 0x010F3548
[   5.564918] HW.Memory <Error> core\memory.cpp:Memory::MemorySystem::Write:528: unmapped Write8 0x00000000 @ 0x00000876 at PC 0x010F3548
[   5.564918] HW.Memory <Error> core\memory.cpp:Memory::MemorySystem::Write:528: unmapped Write8 0x00000000 @ 0x00000877 at PC 0x010F3548
[   5.564918] HW.Memory <Error> core\memory.cpp:Memory::MemorySystem::Write:528: unmapped Write8 0x00000000 @ 0x00000878 at PC 0x010F3548
[   5.564919] HW.Memory <Error> core\memory.cpp:Memory::MemorySystem::Write:528: unmapped Write8 0x00000000 @ 0x00000879 at PC 0x010F3548
[   5.564919] HW.Memory <Error> core\memory.cpp:Memory::MemorySystem::Write:528: unmapped Write8 0x00000000 @ 0x0000087A at PC 0x010F3548
[   5.564920] HW.Memory <Error> core\memory.cpp:Memory::MemorySystem::Write:528: unmapped Write8 0x00000000 @ 0x0000087B at PC 0x010F3548
[   5.564920] HW.Memory <Error> core\memory.cpp:Memory::MemorySystem::Write:528: unmapped Write8 0x00000000 @ 0x0000087C at PC 0x010F3548
[   5.564921] HW.Memory <Error> core\memory.cpp:Memory::MemorySystem::Write:528: unmapped Write8 0x00000000 @ 0x0000087D at PC 0x010F3548
[   5.564921] HW.Memory <Error> core\memory.cpp:Memory::MemorySystem::Write:528: unmapped Write8 0x00000000 @ 0x0000087E at PC 0x010F3548
[   5.564922] HW.Memory <Error> core\memory.cpp:Memory::MemorySystem::Write:528: unmapped Write8 0x00000000 @ 0x0000087F at PC 0x010F3548
[   5.564922] HW.Memory <Error> core\memory.cpp:Memory::MemorySystem::Write:528: unmapped Write8 0x00000000 @ 0x00000880 at PC 0x010F3548
[   5.564923] HW.Memory <Error> core\memory.cpp:Memory::MemorySystem::Write:528: unmapped Write8 0x00000000 @ 0x00000881 at PC 0x010F3548
[   5.564923] HW.Memory <Error> core\memory.cpp:Memory::MemorySystem::Write:528: unmapped Write8 0x00000000 @ 0x00000882 at PC 0x010F3548
[   5.564924] HW.Memory <Error> core\memory.cpp:Memory::MemorySystem::Write:528: unmapped Write8 0x00000000 @ 0x00000883 at PC 0x010F3548
[   5.564924] HW.Memory <Error> core\memory.cpp:Memory::MemorySystem::Write:528: unmapped Write8 0x00000000 @ 0x00000884 at PC 0x010F3548
[   5.564925] HW.Memory <Error> core\memory.cpp:Memory::MemorySystem::Write:528: unmapped Write8 0x00000000 @ 0x00000885 at PC 0x010F3548
[   5.564925] HW.Memory <Error> core\memory.cpp:Memory::MemorySystem::Write:528: unmapped Write8 0x00000000 @ 0x00000886 at PC 0x010F3548
[   5.564926] HW.Memory <Error> core\memory.cpp:Memory::MemorySystem::Write:528: unmapped Write8 0x00000000 @ 0x00000887 at PC 0x010F3548
[   5.564926] HW.Memory <Error> core\memory.cpp:Memory::MemorySystem::Write:528: unmapped Write8 0x00000000 @ 0x00000888 at PC 0x010F3548
[   5.564927] HW.Memory <Error> core\memory.cpp:Memory::MemorySystem::Write:528: unmapped Write8 0x00000000 @ 0x00000889 at PC 0x010F3548
[   5.564927] HW.Memory <Error> core\memory.cpp:Memory::MemorySystem::Write:528: unmapped Write8 0x00000000 @ 0x0000088A at PC 0x010F3548
[   5.564928] HW.Memory <Error> core\memory.cpp:Memory::MemorySystem::Write:528: unmapped Write8 0x00000000 @ 0x0000088B at PC 0x010F3548
[   5.564928] HW.Memory <Error> core\memory.cpp:Memory::MemorySystem::Write:528: unmapped Write8 0x00000000 @ 0x0000088C at PC 0x010F3548
[   5.564929] HW.Memory <Error> core\memory.cpp:Memory::MemorySystem::Write:528: unmapped Write8 0x00000000 @ 0x0000088D at PC 0x010F3548
[   5.564929] HW.Memory <Error> core\memory.cpp:Memory::MemorySystem::Write:528: unmapped Write8 0x00000000 @ 0x0000088E at PC 0x010F3548
[   5.564930] HW.Memory <Error> core\memory.cpp:Memory::MemorySystem::Write:528: unmapped Write8 0x00000000 @ 0x0000088F at PC 0x010F3548
[   5.564930] HW.Memory <Error> core\memory.cpp:Memory::MemorySystem::Write:528: unmapped Write8 0x00000000 @ 0x00000890 at PC 0x010F3548
[   5.564931] HW.Memory <Error> core\memory.cpp:Memory::MemorySystem::Write:528: unmapped Write8 0x00000000 @ 0x00000891 at PC 0x010F3548
[   5.564931] HW.Memory <Error> core\memory.cpp:Memory::MemorySystem::Write:528: unmapped Write8 0x00000000 @ 0x00000892 at PC 0x010F3548
[   5.564932] HW.Memory <Error> core\memory.cpp:Memory::MemorySystem::Write:528: unmapped Write8 0x00000000 @ 0x00000893 at PC 0x010F3548
[   5.564932] HW.Memory <Error> core\memory.cpp:Memory::MemorySystem::Write:528: unmapped Write8 0x00000000 @ 0x00000894 at PC 0x010F3548
[   5.564932] HW.Memory <Error> core\memory.cpp:Memory::MemorySystem::Write:528: unmapped Write8 0x00000000 @ 0x00000895 at PC 0x010F3548
[   5.564933] HW.Memory <Error> core\memory.cpp:Memory::MemorySystem::Write:528: unmapped Write8 0x00000000 @ 0x00000896 at PC 0x010F3548
[   5.564933] HW.Memory <Error> core\memory.cpp:Memory::MemorySystem::Write:528: unmapped Write8 0x00000000 @ 0x00000897 at PC 0x010F3548
[   5.564934] HW.Memory <Error> core\memory.cpp:Memory::MemorySystem::Write:528: unmapped Write8 0x00000000 @ 0x00000898 at PC 0x010F3548
[   5.564934] HW.Memory <Error> core\memory.cpp:Memory::MemorySystem::Write:528: unmapped Write8 0x00000000 @ 0x00000899 at PC 0x010F3548
[   5.564935] HW.Memory <Error> core\memory.cpp:Memory::MemorySystem::Write:528: unmapped Write8 0x00000000 @ 0x0000089A at PC 0x010F3548
[   5.564936] HW.Memory <Error> core\memory.cpp:Memory::MemorySystem::Write:528: unmapped Write8 0x00000000 @ 0x0000089B at PC 0x010F3548
[   5.564936] HW.Memory <Error> core\memory.cpp:Memory::MemorySystem::Write:528: unmapped Write8 0x00000000 @ 0x0000089C at PC 0x010F3548
[   5.564936] HW.Memory <Error> core\memory.cpp:Memory::MemorySystem::Write:528: unmapped Write8 0x00000000 @ 0x0000089D at PC 0x010F3548
[   5.564937] HW.Memory <Error> core\memory.cpp:Memory::MemorySystem::Write:528: unmapped Write8 0x00000000 @ 0x0000089E at PC 0x010F3548
[   5.564938] HW.Memory <Error> core\memory.cpp:Memory::MemorySystem::Write:528: unmapped Write8 0x00000000 @ 0x0000089F at PC 0x010F3548
[   5.564938] HW.Memory <Error> core\memory.cpp:Memory::MemorySystem::Write:528: unmapped Write8 0x00000000 @ 0x000008A0 at PC 0x010F3548
[   5.564938] HW.Memory <Error> core\memory.cpp:Memory::MemorySystem::Write:528: unmapped Write8 0x00000000 @ 0x000008A1 at PC 0x010F3548
[   5.564939] HW.Memory <Error> core\memory.cpp:Memory::MemorySystem::Write:528: unmapped Write8 0x00000000 @ 0x000008A2 at PC 0x010F3548
[   5.564939] HW.Memory <Error> core\memory.cpp:Memory::MemorySystem::Write:528: unmapped Write8 0x00000000 @ 0x000008A3 at PC 0x010F3548
[   5.564940] HW.Memory <Error> core\memory.cpp:Memory::MemorySystem::Write:528: unmapped Write8 0x00000000 @ 0x000008A4 at PC 0x010F3548
[   5.564941] HW.Memory <Error> core\memory.cpp:Memory::MemorySystem::Write:528: unmapped Write8 0x00000000 @ 0x000008A5 at PC 0x010F3548
[   5.564941] HW.Memory <Error> core\memory.cpp:Memory::MemorySystem::Write:528: unmapped Write8 0x00000000 @ 0x000008A6 at PC 0x010F3548
[   5.564942] HW.Memory <Error> core\memory.cpp:Memory::MemorySystem::Write:528: unmapped Write8 0x00000000 @ 0x000008A7 at PC 0x010F3548
[   5.564942] HW.Memory <Error> core\memory.cpp:Memory::MemorySystem::Write:528: unmapped Write8 0x00000000 @ 0x000008A8 at PC 0x010F3548
[   5.564943] HW.Memory <Error> core\memory.cpp:Memory::MemorySystem::Write:528: unmapped Write8 0x00000000 @ 0x000008A9 at PC 0x010F3548
[   5.564943] HW.Memory <Error> core\memory.cpp:Memory::MemorySystem::Write:528: unmapped Write8 0x00000000 @ 0x000008AA at PC 0x010F3548
[   5.564943] HW.Memory <Error> core\memory.cpp:Memory::MemorySystem::Write:528: unmapped Write8 0x00000000 @ 0x000008AB at PC 0x010F3548
[   5.564944] HW.Memory <Error> core\memory.cpp:Memory::MemorySystem::Write:528: unmapped Write8 0x00000000 @ 0x000008AC at PC 0x010F3548
[   5.564944] HW.Memory <Error> core\memory.cpp:Memory::MemorySystem::Write:528: unmapped Write8 0x00000000 @ 0x000008AD at PC 0x010F3548
[   5.564945] HW.Memory <Error> core\memory.cpp:Memory::MemorySystem::Write:528: unmapped Write8 0x00000000 @ 0x000008AE at PC 0x010F3548
[   5.564945] HW.Memory <Error> core\memory.cpp:Memory::MemorySystem::Write:528: unmapped Write8 0x00000000 @ 0x000008AF at PC 0x010F3548
[   5.564946] HW.Memory <Error> core\memory.cpp:Memory::MemorySystem::Write:528: unmapped Write8 0x00000000 @ 0x000008B0 at PC 0x010F3548
[   5.564946] HW.Memory <Error> core\memory.cpp:Memory::MemorySystem::Write:528: unmapped Write8 0x00000000 @ 0x000008B1 at PC 0x010F3548
[   5.564947] HW.Memory <Error> core\memory.cpp:Memory::MemorySystem::Write:528: unmapped Write8 0x00000000 @ 0x000008B2 at PC 0x010F3548
[   5.564947] HW.Memory <Error> core\memory.cpp:Memory::MemorySystem::Write:528: unmapped Write8 0x00000000 @ 0x000008B3 at PC 0x010F3548
[   5.564948] HW.Memory <Error> core\memory.cpp:Memory::MemorySystem::Write:528: unmapped Write8 0x00000000 @ 0x000008B4 at PC 0x010F3548
[   5.564948] HW.Memory <Error> core\memory.cpp:Memory::MemorySystem::Write:528: unmapped Write8 0x00000000 @ 0x000008B5 at PC 0x010F3548
[   5.564949] HW.Memory <Error> core\memory.cpp:Memory::MemorySystem::Write:528: unmapped Write8 0x00000000 @ 0x000008B6 at PC 0x010F3548
[   5.564949] HW.Memory <Error> core\memory.cpp:Memory::MemorySystem::Write:528: unmapped Write8 0x00000000 @ 0x000008B7 at PC 0x010F3548
[   5.564950] HW.Memory <Error> core\memory.cpp:Memory::MemorySystem::Write:528: unmapped Write8 0x00000000 @ 0x000008B8 at PC 0x010F3548
[   5.564950] HW.Memory <Error> core\memory.cpp:Memory::MemorySystem::Write:528: unmapped Write8 0x00000000 @ 0x000008B9 at PC 0x010F3548
[   5.564951] HW.Memory <Error> core\memory.cpp:Memory::MemorySystem::Write:528: unmapped Write8 0x00000000 @ 0x000008BA at PC 0x010F3548
[   5.564951] HW.Memory <Error> core\memory.cpp:Memory::MemorySystem::Write:528: unmapped Write8 0x00000000 @ 0x000008BB at PC 0x010F3548
[   5.564952] HW.Memory <Error> core\memory.cpp:Memory::MemorySystem::Write:528: unmapped Write8 0x00000000 @ 0x000008BC at PC 0x010F3548
[   5.564952] HW.Memory <Error> core\memory.cpp:Memory::MemorySystem::Write:528: unmapped Write8 0x00000000 @ 0x000008BD at PC 0x010F3548
[   5.564953] HW.Memory <Error> core\memory.cpp:Memory::MemorySystem::Write:528: unmapped Write8 0x00000000 @ 0x000008BE at PC 0x010F3548
[   5.564953] HW.Memory <Error> core\memory.cpp:Memory::MemorySystem::Write:528: unmapped Write8 0x00000000 @ 0x000008BF at PC 0x010F3548
[   5.564954] HW.Memory <Error> core\memory.cpp:Memory::MemorySystem::Write:528: unmapped Write8 0x00000000 @ 0x000008C0 at PC 0x010F3548
[   5.564954] HW.Memory <Error> core\memory.cpp:Memory::MemorySystem::Write:528: unmapped Write8 0x00000000 @ 0x000008C1 at PC 0x010F3548
[   5.564955] HW.Memory <Error> core\memory.cpp:Memory::MemorySystem::Write:528: unmapped Write8 0x00000000 @ 0x000008C2 at PC 0x010F3548
[   5.564955] HW.Memory <Error> core\memory.cpp:Memory::MemorySystem::Write:528: unmapped Write8 0x00000000 @ 0x000008C3 at PC 0x010F3548
[   5.564956] HW.Memory <Error> core\memory.cpp:Memory::MemorySystem::Write:528: unmapped Write8 0x00000000 @ 0x000008C4 at PC 0x010F3548
[   5.564956] HW.Memory <Error> core\memory.cpp:Memory::MemorySystem::Write:528: unmapped Write8 0x00000000 @ 0x000008C5 at PC 0x010F3548
[   5.564957] HW.Memory <Error> core\memory.cpp:Memory::MemorySystem::Write:528: unmapped Write8 0x00000000 @ 0x000008C6 at PC 0x010F3548
[   5.564957] HW.Memory <Error> core\memory.cpp:Memory::MemorySystem::Write:528: unmapped Write8 0x00000000 @ 0x000008C7 at PC 0x010F3548
[   5.564958] HW.Memory <Error> core\memory.cpp:Memory::MemorySystem::Write:528: unmapped Write8 0x00000000 @ 0x000008C8 at PC 0x010F3548
[   5.564958] HW.Memory <Error> core\memory.cpp:Memory::MemorySystem::Write:528: unmapped Write8 0x00000000 @ 0x000008C9 at PC 0x010F3548
[   5.564958] HW.Memory <Error> core\memory.cpp:Memory::MemorySystem::Write:528: unmapped Write8 0x00000000 @ 0x000008CA at PC 0x010F3548
[   5.564959] HW.Memory <Error> core\memory.cpp:Memory::MemorySystem::Write:528: unmapped Write8 0x00000000 @ 0x000008CB at PC 0x010F3548
[   5.564959] HW.Memory <Error> core\memory.cpp:Memory::MemorySystem::Write:528: unmapped Write8 0x00000000 @ 0x000008CC at PC 0x010F3548
[   5.564960] HW.Memory <Error> core\memory.cpp:Memory::MemorySystem::Write:528: unmapped Write8 0x00000000 @ 0x000008CD at PC 0x010F3548
[   5.564960] HW.Memory <Error> core\memory.cpp:Memory::MemorySystem::Write:528: unmapped Write8 0x00000000 @ 0x000008CE at PC 0x010F3548
[   5.564961] HW.Memory <Error> core\memory.cpp:Memory::MemorySystem::Write:528: unmapped Write8 0x00000000 @ 0x000008CF at PC 0x010F3548
[   5.564961] HW.Memory <Error> core\memory.cpp:Memory::MemorySystem::Write:528: unmapped Write8 0x00000000 @ 0x000008D0 at PC 0x010F3548
[   5.564962] HW.Memory <Error> core\memory.cpp:Memory::MemorySystem::Write:528: unmapped Write8 0x00000000 @ 0x000008D1 at PC 0x010F3548
[   5.564962] HW.Memory <Error> core\memory.cpp:Memory::MemorySystem::Write:528: unmapped Write8 0x00000000 @ 0x000008D2 at PC 0x010F3548
[   5.564963] HW.Memory <Error> core\memory.cpp:Memory::MemorySystem::Write:528: unmapped Write8 0x00000000 @ 0x000008D3 at PC 0x010F3548
[   5.564963] HW.Memory <Error> core\memory.cpp:Memory::MemorySystem::Write:528: unmapped Write8 0x00000000 @ 0x000008D4 at PC 0x010F3548
[   5.564964] HW.Memory <Error> core\memory.cpp:Memory::MemorySystem::Write:528: unmapped Write8 0x00000000 @ 0x000008D5 at PC 0x010F3548
[   5.564964] HW.Memory <Error> core\memory.cpp:Memory::MemorySystem::Write:528: unmapped Write8 0x00000000 @ 0x000008D6 at PC 0x010F3548
[   5.564965] HW.Memory <Error> core\memory.cpp:Memory::MemorySystem::Write:528: unmapped Write8 0x00000000 @ 0x000008D7 at PC 0x010F3548
[   5.564965] HW.Memory <Error> core\memory.cpp:Memory::MemorySystem::Write:528: unmapped Write8 0x00000000 @ 0x000008D8 at PC 0x010F3548
[   5.564966] HW.Memory <Error> core\memory.cpp:Memory::MemorySystem::Write:528: unmapped Write8 0x00000000 @ 0x000008D9 at PC 0x010F3548
[   5.564966] HW.Memory <Error> core\memory.cpp:Memory::MemorySystem::Write:528: unmapped Write8 0x00000000 @ 0x000008DA at PC 0x010F3548
[   5.564967] HW.Memory <Error> core\memory.cpp:Memory::MemorySystem::Write:528: unmapped Write8 0x00000000 @ 0x000008DB at PC 0x010F3548
[   5.564967] HW.Memory <Error> core\memory.cpp:Memory::MemorySystem::Write:528: unmapped Write8 0x00000000 @ 0x000008DC at PC 0x010F3548
[   5.564968] HW.Memory <Error> core\memory.cpp:Memory::MemorySystem::Write:528: unmapped Write8 0x00000000 @ 0x000008DD at PC 0x010F3548
[   5.564968] HW.Memory <Error> core\memory.cpp:Memory::MemorySystem::Write:528: unmapped Write8 0x00000000 @ 0x000008DE at PC 0x010F3548
[   5.564969] HW.Memory <Error> core\memory.cpp:Memory::MemorySystem::Write:528: unmapped Write8 0x00000000 @ 0x000008DF at PC 0x010F3548
[   5.564969] HW.Memory <Error> core\memory.cpp:Memory::MemorySystem::Write:528: unmapped Write8 0x00000000 @ 0x000008E0 at PC 0x010F3548
[   5.564970] HW.Memory <Error> core\memory.cpp:Memory::MemorySystem::Write:528: unmapped Write8 0x00000000 @ 0x000008E1 at PC 0x010F3548
[   5.564970] HW.Memory <Error> core\memory.cpp:Memory::MemorySystem::Write:528: unmapped Write8 0x00000000 @ 0x000008E2 at PC 0x010F3548
[   5.564971] HW.Memory <Error> core\memory.cpp:Memory::MemorySystem::Write:528: unmapped Write8 0x00000000 @ 0x000008E3 at PC 0x010F3548
[   5.564971] HW.Memory <Error> core\memory.cpp:Memory::MemorySystem::Write:528: unmapped Write8 0x00000000 @ 0x000008E4 at PC 0x010F3548
[   5.564972] HW.Memory <Error> core\memory.cpp:Memory::MemorySystem::Write:528: unmapped Write8 0x00000000 @ 0x000008E5 at PC 0x010F3548
[   5.564972] HW.Memory <Error> core\memory.cpp:Memory::MemorySystem::Write:528: unmapped Write8 0x00000000 @ 0x000008E6 at PC 0x010F3548
[   5.564973] HW.Memory <Error> core\memory.cpp:Memory::MemorySystem::Write:528: unmapped Write8 0x00000000 @ 0x000008E7 at PC 0x010F3548
[   5.564973] HW.Memory <Error> core\memory.cpp:Memory::MemorySystem::Write:528: unmapped Write8 0x00000000 @ 0x000008E8 at PC 0x010F3548
[   5.564974] HW.Memory <Error> core\memory.cpp:Memory::MemorySystem::Write:528: unmapped Write8 0x00000000 @ 0x000008E9 at PC 0x010F3548
[   5.564974] HW.Memory <Error> core\memory.cpp:Memory::MemorySystem::Write:528: unmapped Write8 0x00000000 @ 0x000008EA at PC 0x010F3548
[   5.564975] HW.Memory <Error> core\memory.cpp:Memory::MemorySystem::Write:528: unmapped Write8 0x00000000 @ 0x000008EB at PC 0x010F3548
[   5.564975] HW.Memory <Error> core\memory.cpp:Memory::MemorySystem::Write:528: unmapped Write8 0x00000000 @ 0x000008EC at PC 0x010F3548
[   5.564976] HW.Memory <Error> core\memory.cpp:Memory::MemorySystem::Write:528: unmapped Write8 0x00000000 @ 0x000008ED at PC 0x010F3548
[   5.564976] HW.Memory <Error> core\memory.cpp:Memory::MemorySystem::Write:528: unmapped Write8 0x00000000 @ 0x000008EE at PC 0x010F3548
[   5.564977] HW.Memory <Error> core\memory.cpp:Memory::MemorySystem::Write:528: unmapped Write8 0x00000000 @ 0x000008EF at PC 0x010F3548
[   5.564977] HW.Memory <Error> core\memory.cpp:Memory::MemorySystem::Write:528: unmapped Write8 0x00000000 @ 0x000008F0 at PC 0x010F3548
[   5.564978] HW.Memory <Error> core\memory.cpp:Memory::MemorySystem::Write:528: unmapped Write8 0x00000000 @ 0x000008F1 at PC 0x010F3548
[   5.564978] HW.Memory <Error> core\memory.cpp:Memory::MemorySystem::Write:528: unmapped Write8 0x00000000 @ 0x000008F2 at PC 0x010F3548
[   5.564979] HW.Memory <Error> core\memory.cpp:Memory::MemorySystem::Write:528: unmapped Write8 0x00000000 @ 0x000008F3 at PC 0x010F3548
[   5.564979] HW.Memory <Error> core\memory.cpp:Memory::MemorySystem::Write:528: unmapped Write8 0x00000000 @ 0x000008F4 at PC 0x010F3548
[   5.564979] HW.Memory <Error> core\memory.cpp:Memory::MemorySystem::Write:528: unmapped Write8 0x00000000 @ 0x000008F5 at PC 0x010F3548
[   5.564980] HW.Memory <Error> core\memory.cpp:Memory::MemorySystem::Write:528: unmapped Write8 0x00000000 @ 0x000008F6 at PC 0x010F3548
[   5.564980] HW.Memory <Error> core\memory.cpp:Memory::MemorySystem::Write:528: unmapped Write8 0x00000000 @ 0x000008F7 at PC 0x010F3548
[   5.564981] HW.Memory <Error> core\memory.cpp:Memory::MemorySystem::Write:528: unmapped Write8 0x00000000 @ 0x000008F8 at PC 0x010F3548
[   5.564981] HW.Memory <Error> core\memory.cpp:Memory::MemorySystem::Write:528: unmapped Write8 0x00000000 @ 0x000008F9 at PC 0x010F3548
[   5.564982] HW.Memory <Error> core\memory.cpp:Memory::MemorySystem::Write:528: unmapped Write8 0x00000000 @ 0x000008FA at PC 0x010F3548
[   5.564983] HW.Memory <Error> core\memory.cpp:Memory::MemorySystem::Write:528: unmapped Write8 0x00000000 @ 0x000008FB at PC 0x010F3548
[   5.564983] HW.Memory <Error> core\memory.cpp:Memory::MemorySystem::Write:528: unmapped Write8 0x00000000 @ 0x000008FC at PC 0x010F3548
[   5.564983] HW.Memory <Error> core\memory.cpp:Memory::MemorySystem::Write:528: unmapped Write8 0x00000000 @ 0x000008FD at PC 0x010F3548
[   5.564984] HW.Memory <Error> core\memory.cpp:Memory::MemorySystem::Write:528: unmapped Write8 0x00000000 @ 0x000008FE at PC 0x010F3548
[   5.564984] HW.Memory <Error> core\memory.cpp:Memory::MemorySystem::Write:528: unmapped Write8 0x00000000 @ 0x000008FF at PC 0x010F3548
[   5.564985] HW.Memory <Error> core\memory.cpp:Memory::MemorySystem::Write:528: unmapped Write8 0x00000000 @ 0x00000900 at PC 0x010F3548
[   5.564985] HW.Memory <Error> core\memory.cpp:Memory::MemorySystem::Write:528: unmapped Write8 0x00000000 @ 0x00000901 at PC 0x010F3548
[   5.564986] HW.Memory <Error> core\memory.cpp:Memory::MemorySystem::Write:528: unmapped Write8 0x00000000 @ 0x00000902 at PC 0x010F3548
[   5.564986] HW.Memory <Error> core\memory.cpp:Memory::MemorySystem::Write:528: unmapped Write8 0x00000000 @ 0x00000903 at PC 0x010F3548
[   5.564987] HW.Memory <Error> core\memory.cpp:Memory::MemorySystem::Write:528: unmapped Write8 0x00000000 @ 0x00000904 at PC 0x010F3548
[   5.564987] HW.Memory <Error> core\memory.cpp:Memory::MemorySystem::Write:528: unmapped Write8 0x00000000 @ 0x00000905 at PC 0x010F3548
[   5.564988] HW.Memory <Error> core\memory.cpp:Memory::MemorySystem::Write:528: unmapped Write8 0x00000000 @ 0x00000906 at PC 0x010F3548
[   5.564988] HW.Memory <Error> core\memory.cpp:Memory::MemorySystem::Write:528: unmapped Write8 0x00000000 @ 0x00000907 at PC 0x010F3548
[   5.564989] HW.Memory <Error> core\memory.cpp:Memory::MemorySystem::Write:528: unmapped Write8 0x00000000 @ 0x00000908 at PC 0x010F3548
[   5.564989] HW.Memory <Error> core\memory.cpp:Memory::MemorySystem::Write:528: unmapped Write8 0x00000000 @ 0x00000909 at PC 0x010F3548
[   5.564990] HW.Memory <Error> core\memory.cpp:Memory::MemorySystem::Write:528: unmapped Write8 0x00000000 @ 0x0000090A at PC 0x010F3548
[   5.564990] HW.Memory <Error> core\memory.cpp:Memory::MemorySystem::Write:528: unmapped Write8 0x00000000 @ 0x0000090B at PC 0x010F3548
[   5.564991] HW.Memory <Error> core\memory.cpp:Memory::MemorySystem::Write:528: unmapped Write8 0x00000000 @ 0x0000090C at PC 0x010F3548
[   5.564991] HW.Memory <Error> core\memory.cpp:Memory::MemorySystem::Write:528: unmapped Write8 0x00000000 @ 0x0000090D at PC 0x010F3548
[   5.564992] HW.Memory <Error> core\memory.cpp:Memory::MemorySystem::Write:528: unmapped Write8 0x00000000 @ 0x0000090E at PC 0x010F3548
[   5.564992] HW.Memory <Error> core\memory.cpp:Memory::MemorySystem::Write:528: unmapped Write8 0x00000000 @ 0x0000090F at PC 0x010F3548
[   5.564993] HW.Memory <Error> core\memory.cpp:Memory::MemorySystem::Write:528: unmapped Write8 0x00000000 @ 0x00000910 at PC 0x010F3548
[   5.564993] HW.Memory <Error> core\memory.cpp:Memory::MemorySystem::Write:528: unmapped Write8 0x00000000 @ 0x00000911 at PC 0x010F3548
[   5.564994] HW.Memory <Error> core\memory.cpp:Memory::MemorySystem::Write:528: unmapped Write8 0x00000000 @ 0x00000912 at PC 0x010F3548
[   5.564994] HW.Memory <Error> core\memory.cpp:Memory::MemorySystem::Write:528: unmapped Write8 0x00000000 @ 0x00000913 at PC 0x010F3548
[   5.564995] HW.Memory <Error> core\memory.cpp:Memory::MemorySystem::Write:528: unmapped Write8 0x00000000 @ 0x00000914 at PC 0x010F3548
[   5.564995] HW.Memory <Error> core\memory.cpp:Memory::MemorySystem::Write:528: unmapped Write8 0x00000000 @ 0x00000915 at PC 0x010F3548
[   5.564996] HW.Memory <Error> core\memory.cpp:Memory::MemorySystem::Write:528: unmapped Write8 0x00000000 @ 0x00000916 at PC 0x010F3548
[   5.564996] HW.Memory <Error> core\memory.cpp:Memory::MemorySystem::Write:528: unmapped Write8 0x00000000 @ 0x00000917 at PC 0x010F3548
[   5.564997] HW.Memory <Error> core\memory.cpp:Memory::MemorySystem::Write:528: unmapped Write8 0x00000000 @ 0x00000918 at PC 0x010F3548
[   5.564997] HW.Memory <Error> core\memory.cpp:Memory::MemorySystem::Write:528: unmapped Write8 0x00000000 @ 0x00000919 at PC 0x010F3548
[   5.564998] HW.Memory <Error> core\memory.cpp:Memory::MemorySystem::Write:528: unmapped Write8 0x00000000 @ 0x0000091A at PC 0x010F3548
[   5.564998] HW.Memory <Error> core\memory.cpp:Memory::MemorySystem::Write:528: unmapped Write8 0x00000000 @ 0x0000091B at PC 0x010F3548
[   5.564999] HW.Memory <Error> core\memory.cpp:Memory::MemorySystem::Write:528: unmapped Write8 0x00000000 @ 0x0000091C at PC 0x010F3548
[   5.564999] HW.Memory <Error> core\memory.cpp:Memory::MemorySystem::Write:528: unmapped Write8 0x00000000 @ 0x0000091D at PC 0x010F3548
[   5.565000] HW.Memory <Error> core\memory.cpp:Memory::MemorySystem::Write:528: unmapped Write8 0x00000000 @ 0x0000091E at PC 0x010F3548
[   5.565000] HW.Memory <Error> core\memory.cpp:Memory::MemorySystem::Write:528: unmapped Write8 0x00000000 @ 0x0000091F at PC 0x010F3548
[   5.565001] HW.Memory <Error> core\memory.cpp:Memory::MemorySystem::Write:528: unmapped Write8 0x00000000 @ 0x00000920 at PC 0x010F3548
[   5.565001] HW.Memory <Error> core\memory.cpp:Memory::MemorySystem::Write:528: unmapped Write8 0x00000000 @ 0x00000921 at PC 0x010F3548
[   5.565002] HW.Memory <Error> core\memory.cpp:Memory::MemorySystem::Write:528: unmapped Write8 0x00000000 @ 0x00000922 at PC 0x010F3548
[   5.565002] HW.Memory <Error> core\memory.cpp:Memory::MemorySystem::Write:528: unmapped Write8 0x00000000 @ 0x00000923 at PC 0x010F3548
[   5.565003] HW.Memory <Error> core\memory.cpp:Memory::MemorySystem::Write:528: unmapped Write8 0x00000000 @ 0x00000924 at PC 0x010F3548
[   5.565003] HW.Memory <Error> core\memory.cpp:Memory::MemorySystem::Write:528: unmapped Write8 0x00000000 @ 0x00000925 at PC 0x010F3548
[   5.565004] HW.Memory <Error> core\memory.cpp:Memory::MemorySystem::Write:528: unmapped Write8 0x00000000 @ 0x00000926 at PC 0x010F3548
[   5.565005] HW.Memory <Error> core\memory.cpp:Memory::MemorySystem::Write:528: unmapped Write8 0x00000000 @ 0x00000927 at PC 0x010F3548
[   5.565005] HW.Memory <Error> core\memory.cpp:Memory::MemorySystem::Write:528: unmapped Write8 0x00000000 @ 0x00000928 at PC 0x010F3548
[   5.565006] HW.Memory <Error> core\memory.cpp:Memory::MemorySystem::Write:528: unmapped Write8 0x00000000 @ 0x00000929 at PC 0x010F3548
[   5.565007] HW.Memory <Error> core\memory.cpp:Memory::MemorySystem::Write:528: unmapped Write8 0x00000000 @ 0x0000092A at PC 0x010F3548
[   5.565007] HW.Memory <Error> core\memory.cpp:Memory::MemorySystem::Write:528: unmapped Write8 0x00000000 @ 0x0000092B at PC 0x010F3548
[   5.565010] HW.Memory <Error> core\memory.cpp:Memory::MemorySystem::Write:528: unmapped Write8 0x00000000 @ 0x0000092C at PC 0x010F3548
[   5.565012] HW.Memory <Error> core\memory.cpp:Memory::MemorySystem::Write:528: unmapped Write8 0x00000000 @ 0x0000092D at PC 0x010F3548
[   5.565013] HW.Memory <Error> core\memory.cpp:Memory::MemorySystem::Write:528: unmapped Write8 0x00000000 @ 0x0000092E at PC 0x010F3548
[   5.565048] HW.Memory <Error> core\memory.cpp:Memory::MemorySystem::Write:528: unmapped Write8 0x00000000 @ 0x0000092F at PC 0x010F3548
[   5.565048] HW.Memory <Error> core\memory.cpp:Memory::MemorySystem::Write:528: unmapped Write8 0x00000000 @ 0x00000930 at PC 0x010F3548
[   5.565049] HW.Memory <Error> core\memory.cpp:Memory::MemorySystem::Write:528: unmapped Write8 0x00000000 @ 0x00000931 at PC 0x010F3548
[   5.565049] HW.Memory <Error> core\memory.cpp:Memory::MemorySystem::Write:528: unmapped Write8 0x00000000 @ 0x00000932 at PC 0x010F3548
[   5.565050] HW.Memory <Error> core\memory.cpp:Memory::MemorySystem::Write:528: unmapped Write8 0x00000000 @ 0x00000933 at PC 0x010F3548
[   5.565050] HW.Memory <Error> core\memory.cpp:Memory::MemorySystem::Write:528: unmapped Write8 0x00000000 @ 0x00000934 at PC 0x010F3548
[   5.565051] HW.Memory <Error> core\memory.cpp:Memory::MemorySystem::Write:528: unmapped Write8 0x00000000 @ 0x00000935 at PC 0x010F3548
[   5.565051] HW.Memory <Error> core\memory.cpp:Memory::MemorySystem::Write:528: unmapped Write8 0x00000000 @ 0x00000936 at PC 0x010F3548
[   5.565052] HW.Memory <Error> core\memory.cpp:Memory::MemorySystem::Write:528: unmapped Write8 0x00000000 @ 0x00000937 at PC 0x010F3548
[   5.565052] HW.Memory <Error> core\memory.cpp:Memory::MemorySystem::Write:528: unmapped Write8 0x00000000 @ 0x00000938 at PC 0x010F3548
[   5.565053] HW.Memory <Error> core\memory.cpp:Memory::MemorySystem::Write:528: unmapped Write8 0x00000000 @ 0x00000939 at PC 0x010F3548
[   5.565053] HW.Memory <Error> core\memory.cpp:Memory::MemorySystem::Write:528: unmapped Write8 0x00000000 @ 0x0000093A at PC 0x010F3548
[   5.565054] HW.Memory <Error> core\memory.cpp:Memory::MemorySystem::Write:528: unmapped Write8 0x00000000 @ 0x0000093B at PC 0x010F3548
[   5.565054] HW.Memory <Error> core\memory.cpp:Memory::MemorySystem::Write:528: unmapped Write8 0x00000000 @ 0x0000093C at PC 0x010F3548
[   5.565055] HW.Memory <Error> core\memory.cpp:Memory::MemorySystem::Write:528: unmapped Write8 0x00000000 @ 0x0000093D at PC 0x010F3548
[   5.565055] HW.Memory <Error> core\memory.cpp:Memory::MemorySystem::Write:528: unmapped Write8 0x00000000 @ 0x0000093E at PC 0x010F3548
[   5.565056] HW.Memory <Error> core\memory.cpp:Memory::MemorySystem::Write:528: unmapped Write8 0x00000000 @ 0x0000093F at PC 0x010F3548
[   5.565056] HW.Memory <Error> core\memory.cpp:Memory::MemorySystem::Write:528: unmapped Write8 0x00000000 @ 0x00000940 at PC 0x010F3548
[   5.565057] HW.Memory <Error> core\memory.cpp:Memory::MemorySystem::Write:528: unmapped Write8 0x00000000 @ 0x00000941 at PC 0x010F3548
[   5.565057] HW.Memory <Error> core\memory.cpp:Memory::MemorySystem::Write:528: unmapped Write8 0x00000000 @ 0x00000942 at PC 0x010F3548
[   5.565058] HW.Memory <Error> core\memory.cpp:Memory::MemorySystem::Write:528: unmapped Write8 0x00000000 @ 0x00000943 at PC 0x010F3548
[   5.565058] HW.Memory <Error> core\memory.cpp:Memory::MemorySystem::Write:528: unmapped Write8 0x00000000 @ 0x00000944 at PC 0x010F3548
[   5.565059] HW.Memory <Error> core\memory.cpp:Memory::MemorySystem::Write:528: unmapped Write8 0x00000000 @ 0x00000945 at PC 0x010F3548
[   5.565059] HW.Memory <Error> core\memory.cpp:Memory::MemorySystem::Write:528: unmapped Write8 0x00000000 @ 0x00000946 at PC 0x010F3548
[   5.565060] HW.Memory <Error> core\memory.cpp:Memory::MemorySystem::Write:528: unmapped Write8 0x00000000 @ 0x00000947 at PC 0x010F3548
[   5.565060] HW.Memory <Error> core\memory.cpp:Memory::MemorySystem::Write:528: unmapped Write8 0x00000000 @ 0x00000948 at PC 0x010F3548
[   5.565061] HW.Memory <Error> core\memory.cpp:Memory::MemorySystem::Write:528: unmapped Write8 0x00000000 @ 0x00000949 at PC 0x010F3548
[   5.565061] HW.Memory <Error> core\memory.cpp:Memory::MemorySystem::Write:528: unmapped Write8 0x00000000 @ 0x0000094A at PC 0x010F3548
[   5.565062] HW.Memory <Error> core\memory.cpp:Memory::MemorySystem::Write:528: unmapped Write8 0x00000000 @ 0x0000094B at PC 0x010F3548
[   5.565062] HW.Memory <Error> core\memory.cpp:Memory::MemorySystem::Write:528: unmapped Write8 0x00000000 @ 0x0000094C at PC 0x010F3548
[   5.565062] HW.Memory <Error> core\memory.cpp:Memory::MemorySystem::Write:528: unmapped Write8 0x00000000 @ 0x0000094D at PC 0x010F3548
[   5.565063] HW.Memory <Error> core\memory.cpp:Memory::MemorySystem::Write:528: unmapped Write8 0x00000000 @ 0x0000094E at PC 0x010F3548
[   5.565063] HW.Memory <Error> core\memory.cpp:Memory::MemorySystem::Write:528: unmapped Write8 0x00000000 @ 0x0000094F at PC 0x010F3548
[   5.565064] HW.Memory <Error> core\memory.cpp:Memory::MemorySystem::Write:528: unmapped Write8 0x00000000 @ 0x00000950 at PC 0x010F3548
[   5.565064] HW.Memory <Error> core\memory.cpp:Memory::MemorySystem::Write:528: unmapped Write8 0x00000000 @ 0x00000951 at PC 0x010F3548
[   5.565065] HW.Memory <Error> core\memory.cpp:Memory::MemorySystem::Write:528: unmapped Write8 0x00000000 @ 0x00000952 at PC 0x010F3548
[   5.565065] HW.Memory <Error> core\memory.cpp:Memory::MemorySystem::Write:528: unmapped Write8 0x00000000 @ 0x00000953 at PC 0x010F3548
[   5.565066] HW.Memory <Error> core\memory.cpp:Memory::MemorySystem::Write:528: unmapped Write8 0x00000000 @ 0x00000954 at PC 0x010F3548
[   5.565066] HW.Memory <Error> core\memory.cpp:Memory::MemorySystem::Write:528: unmapped Write8 0x00000000 @ 0x00000955 at PC 0x010F3548
[   5.565067] HW.Memory <Error> core\memory.cpp:Memory::MemorySystem::Write:528: unmapped Write8 0x00000000 @ 0x00000956 at PC 0x010F3548
[   5.565067] HW.Memory <Error> core\memory.cpp:Memory::MemorySystem::Write:528: unmapped Write8 0x00000000 @ 0x00000957 at PC 0x010F3548
[   5.565068] HW.Memory <Error> core\memory.cpp:Memory::MemorySystem::Write:528: unmapped Write8 0x00000000 @ 0x00000958 at PC 0x010F3548
[   5.565068] HW.Memory <Error> core\memory.cpp:Memory::MemorySystem::Write:528: unmapped Write8 0x00000000 @ 0x00000959 at PC 0x010F3548
[   5.565069] HW.Memory <Error> core\memory.cpp:Memory::MemorySystem::Write:528: unmapped Write8 0x00000000 @ 0x0000095A at PC 0x010F3548
[   5.565069] HW.Memory <Error> core\memory.cpp:Memory::MemorySystem::Write:528: unmapped Write8 0x00000000 @ 0x0000095B at PC 0x010F3548
[   5.565070] HW.Memory <Error> core\memory.cpp:Memory::MemorySystem::Write:528: unmapped Write8 0x00000000 @ 0x0000095C at PC 0x010F3548
[   5.565070] HW.Memory <Error> core\memory.cpp:Memory::MemorySystem::Write:528: unmapped Write8 0x00000000 @ 0x0000095D at PC 0x010F3548
[   5.565071] HW.Memory <Error> core\memory.cpp:Memory::MemorySystem::Write:528: unmapped Write8 0x00000000 @ 0x0000095E at PC 0x010F3548
[   5.565071] HW.Memory <Error> core\memory.cpp:Memory::MemorySystem::Write:528: unmapped Write8 0x00000000 @ 0x0000095F at PC 0x010F3548
[   5.565072] HW.Memory <Error> core\memory.cpp:Memory::MemorySystem::Write:528: unmapped Write8 0x00000000 @ 0x00000960 at PC 0x010F3548
[   5.565072] HW.Memory <Error> core\memory.cpp:Memory::MemorySystem::Write:528: unmapped Write8 0x00000000 @ 0x00000961 at PC 0x010F3548
[   5.565073] HW.Memory <Error> core\memory.cpp:Memory::MemorySystem::Write:528: unmapped Write8 0x00000000 @ 0x00000962 at PC 0x010F3548
[   5.565073] HW.Memory <Error> core\memory.cpp:Memory::MemorySystem::Write:528: unmapped Write8 0x00000000 @ 0x00000963 at PC 0x010F3548
[   5.565074] HW.Memory <Error> core\memory.cpp:Memory::MemorySystem::Write:528: unmapped Write8 0x00000000 @ 0x00000964 at PC 0x010F3548
[   5.565074] HW.Memory <Error> core\memory.cpp:Memory::MemorySystem::Write:528: unmapped Write8 0x00000000 @ 0x00000965 at PC 0x010F3548
[   5.565075] HW.Memory <Error> core\memory.cpp:Memory::MemorySystem::Write:528: unmapped Write8 0x00000000 @ 0x00000966 at PC 0x010F3548
[   5.565075] HW.Memory <Error> core\memory.cpp:Memory::MemorySystem::Write:528: unmapped Write8 0x00000000 @ 0x00000967 at PC 0x010F3548
[   5.565076] HW.Memory <Error> core\memory.cpp:Memory::MemorySystem::Write:528: unmapped Write8 0x00000000 @ 0x00000968 at PC 0x010F3548
[   5.565076] HW.Memory <Error> core\memory.cpp:Memory::MemorySystem::Write:528: unmapped Write8 0x00000000 @ 0x00000969 at PC 0x010F3548
[   5.565077] HW.Memory <Error> core\memory.cpp:Memory::MemorySystem::Write:528: unmapped Write8 0x00000000 @ 0x0000096A at PC 0x010F3548
[   5.565077] HW.Memory <Error> core\memory.cpp:Memory::MemorySystem::Write:528: unmapped Write8 0x00000000 @ 0x0000096B at PC 0x010F3548
[   5.565078] HW.Memory <Error> core\memory.cpp:Memory::MemorySystem::Write:528: unmapped Write8 0x00000000 @ 0x0000096C at PC 0x010F3548
[   5.565078] HW.Memory <Error> core\memory.cpp:Memory::MemorySystem::Write:528: unmapped Write8 0x00000000 @ 0x0000096D at PC 0x010F3548
[   5.565079] HW.Memory <Error> core\memory.cpp:Memory::MemorySystem::Write:528: unmapped Write8 0x00000000 @ 0x0000096E at PC 0x010F3548
[   5.565079] HW.Memory <Error> core\memory.cpp:Memory::MemorySystem::Write:528: unmapped Write8 0x00000000 @ 0x0000096F at PC 0x010F3548
[   5.565079] HW.Memory <Error> core\memory.cpp:Memory::MemorySystem::Write:528: unmapped Write8 0x00000000 @ 0x00000970 at PC 0x010F3548
[   5.565080] HW.Memory <Error> core\memory.cpp:Memory::MemorySystem::Write:528: unmapped Write8 0x00000000 @ 0x00000971 at PC 0x010F3548
[   5.565080] HW.Memory <Error> core\memory.cpp:Memory::MemorySystem::Write:528: unmapped Write8 0x00000000 @ 0x00000972 at PC 0x010F3548
[   5.565081] HW.Memory <Error> core\memory.cpp:Memory::MemorySystem::Write:528: unmapped Write8 0x00000000 @ 0x00000973 at PC 0x010F3548
[   5.565081] HW.Memory <Error> core\memory.cpp:Memory::MemorySystem::Write:528: unmapped Write8 0x00000000 @ 0x00000974 at PC 0x010F3548
[   5.565082] HW.Memory <Error> core\memory.cpp:Memory::MemorySystem::Write:528: unmapped Write8 0x00000000 @ 0x00000975 at PC 0x010F3548
[   5.565082] HW.Memory <Error> core\memory.cpp:Memory::MemorySystem::Write:528: unmapped Write8 0x00000000 @ 0x00000976 at PC 0x010F3548
[   5.565083] HW.Memory <Error> core\memory.cpp:Memory::MemorySystem::Write:528: unmapped Write8 0x00000000 @ 0x00000977 at PC 0x010F3548
[   5.565083] HW.Memory <Error> core\memory.cpp:Memory::MemorySystem::Write:528: unmapped Write8 0x00000000 @ 0x00000978 at PC 0x010F3548
[   5.565084] HW.Memory <Error> core\memory.cpp:Memory::MemorySystem::Write:528: unmapped Write8 0x00000000 @ 0x00000979 at PC 0x010F3548
[   5.565084] HW.Memory <Error> core\memory.cpp:Memory::MemorySystem::Write:528: unmapped Write8 0x00000000 @ 0x0000097A at PC 0x010F3548
[   5.565085] HW.Memory <Error> core\memory.cpp:Memory::MemorySystem::Write:528: unmapped Write8 0x00000000 @ 0x0000097B at PC 0x010F3548
[   5.565085] HW.Memory <Error> core\memory.cpp:Memory::MemorySystem::Write:528: unmapped Write8 0x00000000 @ 0x0000097C at PC 0x010F3548
[   5.565086] HW.Memory <Error> core\memory.cpp:Memory::MemorySystem::Write:528: unmapped Write8 0x00000000 @ 0x0000097D at PC 0x010F3548
[   5.565086] HW.Memory <Error> core\memory.cpp:Memory::MemorySystem::Write:528: unmapped Write8 0x00000000 @ 0x0000097E at PC 0x010F3548
[   5.565087] HW.Memory <Error> core\memory.cpp:Memory::MemorySystem::Write:528: unmapped Write8 0x00000000 @ 0x0000097F at PC 0x010F3548
[   5.565087] HW.Memory <Error> core\memory.cpp:Memory::MemorySystem::Write:528: unmapped Write8 0x00000000 @ 0x00000980 at PC 0x010F3548
[   5.565088] HW.Memory <Error> core\memory.cpp:Memory::MemorySystem::Write:528: unmapped Write8 0x00000000 @ 0x00000981 at PC 0x010F3548
[   5.565088] HW.Memory <Error> core\memory.cpp:Memory::MemorySystem::Write:528: unmapped Write8 0x00000000 @ 0x00000982 at PC 0x010F3548
[   5.565089] HW.Memory <Error> core\memory.cpp:Memory::MemorySystem::Write:528: unmapped Write8 0x00000000 @ 0x00000983 at PC 0x010F3548
[   5.565089] HW.Memory <Error> core\memory.cpp:Memory::MemorySystem::Write:528: unmapped Write8 0x00000000 @ 0x00000984 at PC 0x010F3548
[   5.565090] HW.Memory <Error> core\memory.cpp:Memory::MemorySystem::Write:528: unmapped Write8 0x00000000 @ 0x00000985 at PC 0x010F3548
[   5.565090] HW.Memory <Error> core\memory.cpp:Memory::MemorySystem::Write:528: unmapped Write8 0x00000000 @ 0x00000986 at PC 0x010F3548
[   5.565091] HW.Memory <Error> core\memory.cpp:Memory::MemorySystem::Write:528: unmapped Write8 0x00000000 @ 0x00000987 at PC 0x010F3548
[   5.565091] HW.Memory <Error> core\memory.cpp:Memory::MemorySystem::Write:528: unmapped Write8 0x00000000 @ 0x00000988 at PC 0x010F3548
[   5.565092] HW.Memory <Error> core\memory.cpp:Memory::MemorySystem::Write:528: unmapped Write8 0x00000000 @ 0x00000989 at PC 0x010F3548
[   5.565092] HW.Memory <Error> core\memory.cpp:Memory::MemorySystem::Write:528: unmapped Write8 0x00000000 @ 0x0000098A at PC 0x010F3548
[   5.565093] HW.Memory <Error> core\memory.cpp:Memory::MemorySystem::Write:528: unmapped Write8 0x00000000 @ 0x0000098B at PC 0x010F3548
[   5.565093] HW.Memory <Error> core\memory.cpp:Memory::MemorySystem::Write:528: unmapped Write8 0x00000000 @ 0x0000098C at PC 0x010F3548
[   5.565094] HW.Memory <Error> core\memory.cpp:Memory::MemorySystem::Write:528: unmapped Write8 0x00000000 @ 0x0000098D at PC 0x010F3548
[   5.565094] HW.Memory <Error> core\memory.cpp:Memory::MemorySystem::Write:528: unmapped Write8 0x00000000 @ 0x0000098E at PC 0x010F3548
[   5.565094] HW.Memory <Error> core\memory.cpp:Memory::MemorySystem::Write:528: unmapped Write8 0x00000000 @ 0x0000098F at PC 0x010F3548
[   5.565095] HW.Memory <Error> core\memory.cpp:Memory::MemorySystem::Write:528: unmapped Write8 0x00000000 @ 0x00000990 at PC 0x010F3548
[   5.565095] HW.Memory <Error> core\memory.cpp:Memory::MemorySystem::Write:528: unmapped Write8 0x00000000 @ 0x00000991 at PC 0x010F3548
[   5.565096] HW.Memory <Error> core\memory.cpp:Memory::MemorySystem::Write:528: unmapped Write8 0x00000000 @ 0x00000992 at PC 0x010F3548
[   5.565096] HW.Memory <Error> core\memory.cpp:Memory::MemorySystem::Write:528: unmapped Write8 0x00000000 @ 0x00000993 at PC 0x010F3548
[   5.565097] HW.Memory <Error> core\memory.cpp:Memory::MemorySystem::Write:528: unmapped Write8 0x00000000 @ 0x00000994 at PC 0x010F3548
[   5.565097] HW.Memory <Error> core\memory.cpp:Memory::MemorySystem::Write:528: unmapped Write8 0x00000000 @ 0x00000995 at PC 0x010F3548
[   5.565098] HW.Memory <Error> core\memory.cpp:Memory::MemorySystem::Write:528: unmapped Write8 0x00000000 @ 0x00000996 at PC 0x010F3548
[   5.565098] HW.Memory <Error> core\memory.cpp:Memory::MemorySystem::Write:528: unmapped Write8 0x00000000 @ 0x00000997 at PC 0x010F3548
[   5.565099] HW.Memory <Error> core\memory.cpp:Memory::MemorySystem::Write:528: unmapped Write8 0x00000000 @ 0x00000998 at PC 0x010F3548
[   5.565099] HW.Memory <Error> core\memory.cpp:Memory::MemorySystem::Write:528: unmapped Write8 0x00000000 @ 0x00000999 at PC 0x010F3548
[   5.565100] HW.Memory <Error> core\memory.cpp:Memory::MemorySystem::Write:528: unmapped Write8 0x00000000 @ 0x0000099A at PC 0x010F3548
[   5.565100] HW.Memory <Error> core\memory.cpp:Memory::MemorySystem::Write:528: unmapped Write8 0x00000000 @ 0x0000099B at PC 0x010F3548
[   5.565101] HW.Memory <Error> core\memory.cpp:Memory::MemorySystem::Write:528: unmapped Write8 0x00000000 @ 0x0000099C at PC 0x010F3548
[   5.565101] HW.Memory <Error> core\memory.cpp:Memory::MemorySystem::Write:528: unmapped Write8 0x00000000 @ 0x0000099D at PC 0x010F3548
[   5.565102] HW.Memory <Error> core\memory.cpp:Memory::MemorySystem::Write:528: unmapped Write8 0x00000000 @ 0x0000099E at PC 0x010F3548
[   5.565102] HW.Memory <Error> core\memory.cpp:Memory::MemorySystem::Write:528: unmapped Write8 0x00000000 @ 0x0000099F at PC 0x010F3548
[   5.565103] HW.Memory <Error> core\memory.cpp:Memory::MemorySystem::Write:528: unmapped Write8 0x00000000 @ 0x000009A0 at PC 0x010F3548
[   5.565103] HW.Memory <Error> core\memory.cpp:Memory::MemorySystem::Write:528: unmapped Write8 0x00000000 @ 0x000009A1 at PC 0x010F3548
[   5.565104] HW.Memory <Error> core\memory.cpp:Memory::MemorySystem::Write:528: unmapped Write8 0x00000000 @ 0x000009A2 at PC 0x010F3548
[   5.565104] HW.Memory <Error> core\memory.cpp:Memory::MemorySystem::Write:528: unmapped Write8 0x00000000 @ 0x000009A3 at PC 0x010F3548
[   5.565105] HW.Memory <Error> core\memory.cpp:Memory::MemorySystem::Write:528: unmapped Write8 0x00000000 @ 0x000009A4 at PC 0x010F3548
[   5.565105] HW.Memory <Error> core\memory.cpp:Memory::MemorySystem::Write:528: unmapped Write8 0x00000000 @ 0x000009A5 at PC 0x010F3548
[   5.565106] HW.Memory <Error> core\memory.cpp:Memory::MemorySystem::Write:528: unmapped Write8 0x00000000 @ 0x000009A6 at PC 0x010F3548
[   5.565106] HW.Memory <Error> core\memory.cpp:Memory::MemorySystem::Write:528: unmapped Write8 0x00000000 @ 0x000009A7 at PC 0x010F3548
[   5.565106] HW.Memory <Error> core\memory.cpp:Memory::MemorySystem::Write:528: unmapped Write8 0x00000000 @ 0x000009A8 at PC 0x010F3548
[   5.565107] HW.Memory <Error> core\memory.cpp:Memory::MemorySystem::Write:528: unmapped Write8 0x00000000 @ 0x000009A9 at PC 0x010F3548
[   5.565107] HW.Memory <Error> core\memory.cpp:Memory::MemorySystem::Write:528: unmapped Write8 0x00000000 @ 0x000009AA at PC 0x010F3548
[   5.565108] HW.Memory <Error> core\memory.cpp:Memory::MemorySystem::Write:528: unmapped Write8 0x00000000 @ 0x000009AB at PC 0x010F3548
[   5.565108] HW.Memory <Error> core\memory.cpp:Memory::MemorySystem::Write:528: unmapped Write8 0x00000000 @ 0x000009AC at PC 0x010F3548
[   5.565109] HW.Memory <Error> core\memory.cpp:Memory::MemorySystem::Write:528: unmapped Write8 0x00000000 @ 0x000009AD at PC 0x010F3548
[   5.565109] HW.Memory <Error> core\memory.cpp:Memory::MemorySystem::Write:528: unmapped Write8 0x00000000 @ 0x000009AE at PC 0x010F3548
[   5.565110] HW.Memory <Error> core\memory.cpp:Memory::MemorySystem::Write:528: unmapped Write8 0x00000000 @ 0x000009AF at PC 0x010F3548
[   5.565110] HW.Memory <Error> core\memory.cpp:Memory::MemorySystem::Write:528: unmapped Write8 0x00000000 @ 0x000009B0 at PC 0x010F3548
[   5.565111] HW.Memory <Error> core\memory.cpp:Memory::MemorySystem::Write:528: unmapped Write8 0x00000000 @ 0x000009B1 at PC 0x010F3548
[   5.565111] HW.Memory <Error> core\memory.cpp:Memory::MemorySystem::Write:528: unmapped Write8 0x00000000 @ 0x000009B2 at PC 0x010F3548
[   5.565112] HW.Memory <Error> core\memory.cpp:Memory::MemorySystem::Write:528: unmapped Write8 0x00000000 @ 0x000009B3 at PC 0x010F3548
[   5.565112] HW.Memory <Error> core\memory.cpp:Memory::MemorySystem::Write:528: unmapped Write8 0x00000000 @ 0x000009B4 at PC 0x010F3548
[   5.565113] HW.Memory <Error> core\memory.cpp:Memory::MemorySystem::Write:528: unmapped Write8 0x00000000 @ 0x000009B5 at PC 0x010F3548
[   5.565113] HW.Memory <Error> core\memory.cpp:Memory::MemorySystem::Write:528: unmapped Write8 0x00000000 @ 0x000009B6 at PC 0x010F3548
[   5.565114] HW.Memory <Error> core\memory.cpp:Memory::MemorySystem::Write:528: unmapped Write8 0x00000000 @ 0x000009B7 at PC 0x010F3548
[   5.565114] HW.Memory <Error> core\memory.cpp:Memory::MemorySystem::Write:528: unmapped Write8 0x00000000 @ 0x000009B8 at PC 0x010F3548
[   5.565115] HW.Memory <Error> core\memory.cpp:Memory::MemorySystem::Write:528: unmapped Write8 0x00000000 @ 0x000009B9 at PC 0x010F3548
[   5.565115] HW.Memory <Error> core\memory.cpp:Memory::MemorySystem::Write:528: unmapped Write8 0x00000000 @ 0x000009BA at PC 0x010F3548
[   5.565116] HW.Memory <Error> core\memory.cpp:Memory::MemorySystem::Write:528: unmapped Write8 0x00000000 @ 0x000009BB at PC 0x010F3548
[   5.565116] HW.Memory <Error> core\memory.cpp:Memory::MemorySystem::Write:528: unmapped Write8 0x00000000 @ 0x000009BC at PC 0x010F3548
[   5.565117] HW.Memory <Error> core\memory.cpp:Memory::MemorySystem::Write:528: unmapped Write8 0x00000000 @ 0x000009BD at PC 0x010F3548
[   5.565117] HW.Memory <Error> core\memory.cpp:Memory::MemorySystem::Write:528: unmapped Write8 0x00000000 @ 0x000009BE at PC 0x010F3548
[   5.565117] HW.Memory <Error> core\memory.cpp:Memory::MemorySystem::Write:528: unmapped Write8 0x00000000 @ 0x000009BF at PC 0x010F3548
[   5.565118] HW.Memory <Error> core\memory.cpp:Memory::MemorySystem::Write:528: unmapped Write8 0x00000000 @ 0x000009C0 at PC 0x010F3548
[   5.565118] HW.Memory <Error> core\memory.cpp:Memory::MemorySystem::Write:528: unmapped Write8 0x00000000 @ 0x000009C1 at PC 0x010F3548
[   5.565119] HW.Memory <Error> core\memory.cpp:Memory::MemorySystem::Write:528: unmapped Write8 0x00000000 @ 0x000009C2 at PC 0x010F3548
[   5.565119] HW.Memory <Error> core\memory.cpp:Memory::MemorySystem::Write:528: unmapped Write8 0x00000000 @ 0x000009C3 at PC 0x010F3548
[   5.565120] HW.Memory <Error> core\memory.cpp:Memory::MemorySystem::Write:528: unmapped Write8 0x00000000 @ 0x000009C4 at PC 0x010F3548
[   5.565120] HW.Memory <Error> core\memory.cpp:Memory::MemorySystem::Write:528: unmapped Write8 0x00000000 @ 0x000009C5 at PC 0x010F3548
[   5.565121] HW.Memory <Error> core\memory.cpp:Memory::MemorySystem::Write:528: unmapped Write8 0x00000000 @ 0x000009C6 at PC 0x010F3548
[   5.565121] HW.Memory <Error> core\memory.cpp:Memory::MemorySystem::Write:528: unmapped Write8 0x00000000 @ 0x000009C7 at PC 0x010F3548
[   5.565122] HW.Memory <Error> core\memory.cpp:Memory::MemorySystem::Write:528: unmapped Write8 0x00000000 @ 0x000009C8 at PC 0x010F3548
[   5.565122] HW.Memory <Error> core\memory.cpp:Memory::MemorySystem::Write:528: unmapped Write8 0x00000000 @ 0x000009C9 at PC 0x010F3548
[   5.565123] HW.Memory <Error> core\memory.cpp:Memory::MemorySystem::Write:528: unmapped Write8 0x00000000 @ 0x000009CA at PC 0x010F3548
[   5.565123] HW.Memory <Error> core\memory.cpp:Memory::MemorySystem::Write:528: unmapped Write8 0x00000000 @ 0x000009CB at PC 0x010F3548
[   5.565124] HW.Memory <Error> core\memory.cpp:Memory::MemorySystem::Write:528: unmapped Write8 0x00000000 @ 0x000009CC at PC 0x010F3548
[   5.565124] HW.Memory <Error> core\memory.cpp:Memory::MemorySystem::Write:528: unmapped Write8 0x00000000 @ 0x000009CD at PC 0x010F3548
[   5.565125] HW.Memory <Error> core\memory.cpp:Memory::MemorySystem::Write:528: unmapped Write8 0x00000000 @ 0x000009CE at PC 0x010F3548
[   5.565125] HW.Memory <Error> core\memory.cpp:Memory::MemorySystem::Write:528: unmapped Write8 0x00000000 @ 0x000009CF at PC 0x010F3548
[   5.565126] HW.Memory <Error> core\memory.cpp:Memory::MemorySystem::Write:528: unmapped Write8 0x00000000 @ 0x000009D0 at PC 0x010F3548
[   5.565126] HW.Memory <Error> core\memory.cpp:Memory::MemorySystem::Write:528: unmapped Write8 0x00000000 @ 0x000009D1 at PC 0x010F3548
[   5.565127] HW.Memory <Error> core\memory.cpp:Memory::MemorySystem::Write:528: unmapped Write8 0x00000000 @ 0x000009D2 at PC 0x010F3548
[   5.565127] HW.Memory <Error> core\memory.cpp:Memory::MemorySystem::Write:528: unmapped Write8 0x00000000 @ 0x000009D3 at PC 0x010F3548
[   5.565128] HW.Memory <Error> core\memory.cpp:Memory::MemorySystem::Write:528: unmapped Write8 0x00000000 @ 0x000009D4 at PC 0x010F3548
[   5.565128] HW.Memory <Error> core\memory.cpp:Memory::MemorySystem::Write:528: unmapped Write8 0x00000000 @ 0x000009D5 at PC 0x010F3548
[   5.565129] HW.Memory <Error> core\memory.cpp:Memory::MemorySystem::Write:528: unmapped Write8 0x00000000 @ 0x000009D6 at PC 0x010F3548
[   5.565129] HW.Memory <Error> core\memory.cpp:Memory::MemorySystem::Write:528: unmapped Write8 0x00000000 @ 0x000009D7 at PC 0x010F3548
[   5.565130] HW.Memory <Error> core\memory.cpp:Memory::MemorySystem::Write:528: unmapped Write8 0x00000000 @ 0x000009D8 at PC 0x010F3548
[   5.565130] HW.Memory <Error> core\memory.cpp:Memory::MemorySystem::Write:528: unmapped Write8 0x00000000 @ 0x000009D9 at PC 0x010F3548
[   5.565131] HW.Memory <Error> core\memory.cpp:Memory::MemorySystem::Write:528: unmapped Write8 0x00000000 @ 0x000009DA at PC 0x010F3548
[   5.565131] HW.Memory <Error> core\memory.cpp:Memory::MemorySystem::Write:528: unmapped Write8 0x00000000 @ 0x000009DB at PC 0x010F3548
[   5.565131] HW.Memory <Error> core\memory.cpp:Memory::MemorySystem::Write:528: unmapped Write8 0x00000000 @ 0x000009DC at PC 0x010F3548
[   5.565132] HW.Memory <Error> core\memory.cpp:Memory::MemorySystem::Write:528: unmapped Write8 0x00000000 @ 0x000009DD at PC 0x010F3548
[   5.565132] HW.Memory <Error> core\memory.cpp:Memory::MemorySystem::Write:528: unmapped Write8 0x00000000 @ 0x000009DE at PC 0x010F3548
[   5.565133] HW.Memory <Error> core\memory.cpp:Memory::MemorySystem::Write:528: unmapped Write8 0x00000000 @ 0x000009DF at PC 0x010F3548
[   5.565133] HW.Memory <Error> core\memory.cpp:Memory::MemorySystem::Write:528: unmapped Write8 0x00000000 @ 0x000009E0 at PC 0x010F3548
[   5.565134] HW.Memory <Error> core\memory.cpp:Memory::MemorySystem::Write:528: unmapped Write8 0x00000000 @ 0x000009E1 at PC 0x010F3548
[   5.565134] HW.Memory <Error> core\memory.cpp:Memory::MemorySystem::Write:528: unmapped Write8 0x00000000 @ 0x000009E2 at PC 0x010F3548
[   5.565135] HW.Memory <Error> core\memory.cpp:Memory::MemorySystem::Write:528: unmapped Write8 0x00000000 @ 0x000009E3 at PC 0x010F3548
[   5.565135] HW.Memory <Error> core\memory.cpp:Memory::MemorySystem::Write:528: unmapped Write8 0x00000000 @ 0x000009E4 at PC 0x010F3548
[   5.565136] HW.Memory <Error> core\memory.cpp:Memory::MemorySystem::Write:528: unmapped Write8 0x00000000 @ 0x000009E5 at PC 0x010F3548
[   5.565136] HW.Memory <Error> core\memory.cpp:Memory::MemorySystem::Write:528: unmapped Write8 0x00000000 @ 0x000009E6 at PC 0x010F3548
[   5.565137] HW.Memory <Error> core\memory.cpp:Memory::MemorySystem::Write:528: unmapped Write8 0x00000000 @ 0x000009E7 at PC 0x010F3548
[   5.565137] HW.Memory <Error> core\memory.cpp:Memory::MemorySystem::Write:528: unmapped Write8 0x00000000 @ 0x000009E8 at PC 0x010F3548
[   5.565138] HW.Memory <Error> core\memory.cpp:Memory::MemorySystem::Write:528: unmapped Write8 0x00000000 @ 0x000009E9 at PC 0x010F3548
[   5.565138] HW.Memory <Error> core\memory.cpp:Memory::MemorySystem::Write:528: unmapped Write8 0x00000000 @ 0x000009EA at PC 0x010F3548
[   5.565139] HW.Memory <Error> core\memory.cpp:Memory::MemorySystem::Write:528: unmapped Write8 0x00000000 @ 0x000009EB at PC 0x010F3548
[   5.565139] HW.Memory <Error> core\memory.cpp:Memory::MemorySystem::Write:528: unmapped Write8 0x00000000 @ 0x000009EC at PC 0x010F3548
[   5.565140] HW.Memory <Error> core\memory.cpp:Memory::MemorySystem::Write:528: unmapped Write8 0x00000000 @ 0x000009ED at PC 0x010F3548
[   5.565140] HW.Memory <Error> core\memory.cpp:Memory::MemorySystem::Write:528: unmapped Write8 0x00000000 @ 0x000009EE at PC 0x010F3548
[   5.565141] HW.Memory <Error> core\memory.cpp:Memory::MemorySystem::Write:528: unmapped Write8 0x00000000 @ 0x000009EF at PC 0x010F3548
[   5.565141] HW.Memory <Error> core\memory.cpp:Memory::MemorySystem::Write:528: unmapped Write8 0x00000000 @ 0x000009F0 at PC 0x010F3548
[   5.565142] HW.Memory <Error> core\memory.cpp:Memory::MemorySystem::Write:528: unmapped Write8 0x00000000 @ 0x000009F1 at PC 0x010F3548
[   5.565142] HW.Memory <Error> core\memory.cpp:Memory::MemorySystem::Write:528: unmapped Write8 0x00000000 @ 0x000009F2 at PC 0x010F3548
[   5.565143] HW.Memory <Error> core\memory.cpp:Memory::MemorySystem::Write:528: unmapped Write8 0x00000000 @ 0x000009F3 at PC 0x010F3548
[   5.565143] HW.Memory <Error> core\memory.cpp:Memory::MemorySystem::Write:528: unmapped Write8 0x00000000 @ 0x000009F4 at PC 0x010F3548
[   5.565144] HW.Memory <Error> core\memory.cpp:Memory::MemorySystem::Write:528: unmapped Write8 0x00000000 @ 0x000009F5 at PC 0x010F3548
[   5.565144] HW.Memory <Error> core\memory.cpp:Memory::MemorySystem::Write:528: unmapped Write8 0x00000000 @ 0x000009F6 at PC 0x010F3548
[   5.565145] HW.Memory <Error> core\memory.cpp:Memory::MemorySystem::Write:528: unmapped Write8 0x00000000 @ 0x000009F7 at PC 0x010F3548
[   5.565145] HW.Memory <Error> core\memory.cpp:Memory::MemorySystem::Write:528: unmapped Write8 0x00000000 @ 0x000009F8 at PC 0x010F3548
[   5.565146] HW.Memory <Error> core\memory.cpp:Memory::MemorySystem::Write:528: unmapped Write8 0x00000000 @ 0x000009F9 at PC 0x010F3548
[   5.565146] HW.Memory <Error> core\memory.cpp:Memory::MemorySystem::Write:528: unmapped Write8 0x00000000 @ 0x000009FA at PC 0x010F3548
[   5.565147] HW.Memory <Error> core\memory.cpp:Memory::MemorySystem::Write:528: unmapped Write8 0x00000000 @ 0x000009FB at PC 0x010F3548
[   5.565147] HW.Memory <Error> core\memory.cpp:Memory::MemorySystem::Write:528: unmapped Write8 0x00000000 @ 0x000009FC at PC 0x010F3548
[   5.565147] HW.Memory <Error> core\memory.cpp:Memory::MemorySystem::Write:528: unmapped Write8 0x00000000 @ 0x000009FD at PC 0x010F3548
[   5.565148] HW.Memory <Error> core\memory.cpp:Memory::MemorySystem::Write:528: unmapped Write8 0x00000000 @ 0x000009FE at PC 0x010F3548
[   5.565148] HW.Memory <Error> core\memory.cpp:Memory::MemorySystem::Write:528: unmapped Write8 0x00000000 @ 0x000009FF at PC 0x010F3548
[   5.565149] HW.Memory <Error> core\memory.cpp:Memory::MemorySystem::Write:528: unmapped Write8 0x00000000 @ 0x00000A00 at PC 0x010F3548
[   5.565149] HW.Memory <Error> core\memory.cpp:Memory::MemorySystem::Write:528: unmapped Write8 0x00000000 @ 0x00000A01 at PC 0x010F3548
[   5.565150] HW.Memory <Error> core\memory.cpp:Memory::MemorySystem::Write:528: unmapped Write8 0x00000000 @ 0x00000A02 at PC 0x010F3548
[   5.565150] HW.Memory <Error> core\memory.cpp:Memory::MemorySystem::Write:528: unmapped Write8 0x00000000 @ 0x00000A03 at PC 0x010F3548
[   5.565151] HW.Memory <Error> core\memory.cpp:Memory::MemorySystem::Write:528: unmapped Write8 0x00000000 @ 0x00000A04 at PC 0x010F3548
[   5.565151] HW.Memory <Error> core\memory.cpp:Memory::MemorySystem::Write:528: unmapped Write8 0x00000000 @ 0x00000A05 at PC 0x010F3548
[   5.565152] HW.Memory <Error> core\memory.cpp:Memory::MemorySystem::Write:528: unmapped Write8 0x00000000 @ 0x00000A06 at PC 0x010F3548
[   5.565152] HW.Memory <Error> core\memory.cpp:Memory::MemorySystem::Write:528: unmapped Write8 0x00000000 @ 0x00000A07 at PC 0x010F3548
[   5.565153] HW.Memory <Error> core\memory.cpp:Memory::MemorySystem::Write:528: unmapped Write8 0x00000000 @ 0x00000A08 at PC 0x010F3548
[   5.565153] HW.Memory <Error> core\memory.cpp:Memory::MemorySystem::Write:528: unmapped Write8 0x00000000 @ 0x00000A09 at PC 0x010F3548
[   5.565154] HW.Memory <Error> core\memory.cpp:Memory::MemorySystem::Write:528: unmapped Write8 0x00000000 @ 0x00000A0A at PC 0x010F3548
[   5.565154] HW.Memory <Error> core\memory.cpp:Memory::MemorySystem::Write:528: unmapped Write8 0x00000000 @ 0x00000A0B at PC 0x010F3548
[   5.565155] HW.Memory <Error> core\memory.cpp:Memory::MemorySystem::Write:528: unmapped Write8 0x00000000 @ 0x00000A0C at PC 0x010F3548
[   5.565155] HW.Memory <Error> core\memory.cpp:Memory::MemorySystem::Write:528: unmapped Write8 0x00000000 @ 0x00000A0D at PC 0x010F3548
[   5.565156] HW.Memory <Error> core\memory.cpp:Memory::MemorySystem::Write:528: unmapped Write8 0x00000000 @ 0x00000A0E at PC 0x010F3548
[   5.565156] HW.Memory <Error> core\memory.cpp:Memory::MemorySystem::Write:528: unmapped Write8 0x00000000 @ 0x00000A0F at PC 0x010F3548
[   5.565157] HW.Memory <Error> core\memory.cpp:Memory::MemorySystem::Write:528: unmapped Write8 0x00000000 @ 0x00000A10 at PC 0x010F3548
[   5.565157] HW.Memory <Error> core\memory.cpp:Memory::MemorySystem::Write:528: unmapped Write8 0x00000000 @ 0x00000A11 at PC 0x010F3548
[   5.565158] HW.Memory <Error> core\memory.cpp:Memory::MemorySystem::Write:528: unmapped Write8 0x00000000 @ 0x00000A12 at PC 0x010F3548
[   5.565158] HW.Memory <Error> core\memory.cpp:Memory::MemorySystem::Write:528: unmapped Write8 0x00000000 @ 0x00000A13 at PC 0x010F3548
[   5.565158] HW.Memory <Error> core\memory.cpp:Memory::MemorySystem::Write:528: unmapped Write8 0x00000000 @ 0x00000A14 at PC 0x010F3548
[   5.565159] HW.Memory <Error> core\memory.cpp:Memory::MemorySystem::Write:528: unmapped Write8 0x00000000 @ 0x00000A15 at PC 0x010F3548
[   5.565159] HW.Memory <Error> core\memory.cpp:Memory::MemorySystem::Write:528: unmapped Write8 0x00000000 @ 0x00000A16 at PC 0x010F3548
[   5.565160] HW.Memory <Error> core\memory.cpp:Memory::MemorySystem::Write:528: unmapped Write8 0x00000000 @ 0x00000A17 at PC 0x010F3548
[   5.565160] HW.Memory <Error> core\memory.cpp:Memory::MemorySystem::Write:528: unmapped Write8 0x00000000 @ 0x00000A18 at PC 0x010F3548
[   5.565161] HW.Memory <Error> core\memory.cpp:Memory::MemorySystem::Write:528: unmapped Write8 0x00000000 @ 0x00000A19 at PC 0x010F3548
[   5.565161] HW.Memory <Error> core\memory.cpp:Memory::MemorySystem::Write:528: unmapped Write8 0x00000000 @ 0x00000A1A at PC 0x010F3548
[   5.565162] HW.Memory <Error> core\memory.cpp:Memory::MemorySystem::Write:528: unmapped Write8 0x00000000 @ 0x00000A1B at PC 0x010F3548
[   5.565162] HW.Memory <Error> core\memory.cpp:Memory::MemorySystem::Write:528: unmapped Write8 0x00000000 @ 0x00000A1C at PC 0x010F3548
[   5.565163] HW.Memory <Error> core\memory.cpp:Memory::MemorySystem::Write:528: unmapped Write8 0x00000000 @ 0x00000A1D at PC 0x010F3548
[   5.565163] HW.Memory <Error> core\memory.cpp:Memory::MemorySystem::Write:528: unmapped Write8 0x00000000 @ 0x00000A1E at PC 0x010F3548
[   5.565164] HW.Memory <Error> core\memory.cpp:Memory::MemorySystem::Write:528: unmapped Write8 0x00000000 @ 0x00000A1F at PC 0x010F3548
[   5.565164] HW.Memory <Error> core\memory.cpp:Memory::MemorySystem::Write:528: unmapped Write8 0x00000000 @ 0x00000A20 at PC 0x010F3548
[   5.565165] HW.Memory <Error> core\memory.cpp:Memory::MemorySystem::Write:528: unmapped Write8 0x00000000 @ 0x00000A21 at PC 0x010F3548
[   5.565165] HW.Memory <Error> core\memory.cpp:Memory::MemorySystem::Write:528: unmapped Write8 0x00000000 @ 0x00000A22 at PC 0x010F3548
[   5.565166] HW.Memory <Error> core\memory.cpp:Memory::MemorySystem::Write:528: unmapped Write8 0x00000000 @ 0x00000A23 at PC 0x010F3548
[   5.565166] HW.Memory <Error> core\memory.cpp:Memory::MemorySystem::Write:528: unmapped Write8 0x00000000 @ 0x00000A24 at PC 0x010F3548
[   5.565167] HW.Memory <Error> core\memory.cpp:Memory::MemorySystem::Write:528: unmapped Write8 0x00000000 @ 0x00000A25 at PC 0x010F3548
[   5.565167] HW.Memory <Error> core\memory.cpp:Memory::MemorySystem::Write:528: unmapped Write8 0x00000000 @ 0x00000A26 at PC 0x010F3548
[   5.565168] HW.Memory <Error> core\memory.cpp:Memory::MemorySystem::Write:528: unmapped Write8 0x00000000 @ 0x00000A27 at PC 0x010F3548
[   5.565168] HW.Memory <Error> core\memory.cpp:Memory::MemorySystem::Write:528: unmapped Write8 0x00000000 @ 0x00000A28 at PC 0x010F3548
[   5.565169] HW.Memory <Error> core\memory.cpp:Memory::MemorySystem::Write:528: unmapped Write8 0x00000000 @ 0x00000A29 at PC 0x010F3548
[   5.565169] HW.Memory <Error> core\memory.cpp:Memory::MemorySystem::Write:528: unmapped Write8 0x00000000 @ 0x00000A2A at PC 0x010F3548
[   5.565170] HW.Memory <Error> core\memory.cpp:Memory::MemorySystem::Write:528: unmapped Write8 0x00000000 @ 0x00000A2B at PC 0x010F3548
[   5.565170] HW.Memory <Error> core\memory.cpp:Memory::MemorySystem::Write:528: unmapped Write8 0x00000000 @ 0x00000A2C at PC 0x010F3548
[   5.565170] HW.Memory <Error> core\memory.cpp:Memory::MemorySystem::Write:528: unmapped Write8 0x00000000 @ 0x00000A2D at PC 0x010F3548
[   5.565171] HW.Memory <Error> core\memory.cpp:Memory::MemorySystem::Write:528: unmapped Write8 0x00000000 @ 0x00000A2E at PC 0x010F3548
[   5.565171] HW.Memory <Error> core\memory.cpp:Memory::MemorySystem::Write:528: unmapped Write8 0x00000000 @ 0x00000A2F at PC 0x010F3548
[   5.565172] HW.Memory <Error> core\memory.cpp:Memory::MemorySystem::Write:528: unmapped Write8 0x00000000 @ 0x00000A30 at PC 0x010F3548
[   5.565172] HW.Memory <Error> core\memory.cpp:Memory::MemorySystem::Write:528: unmapped Write8 0x00000000 @ 0x00000A31 at PC 0x010F3548
[   5.565173] HW.Memory <Error> core\memory.cpp:Memory::MemorySystem::Write:528: unmapped Write8 0x00000000 @ 0x00000A32 at PC 0x010F3548
[   5.565173] HW.Memory <Error> core\memory.cpp:Memory::MemorySystem::Write:528: unmapped Write8 0x00000000 @ 0x00000A33 at PC 0x010F3548
[   5.565174] HW.Memory <Error> core\memory.cpp:Memory::MemorySystem::Write:528: unmapped Write8 0x00000000 @ 0x00000A34 at PC 0x010F3548
[   5.565174] HW.Memory <Error> core\memory.cpp:Memory::MemorySystem::Write:528: unmapped Write8 0x00000000 @ 0x00000A35 at PC 0x010F3548
[   5.565175] HW.Memory <Error> core\memory.cpp:Memory::MemorySystem::Write:528: unmapped Write8 0x00000000 @ 0x00000A36 at PC 0x010F3548
[   5.565175] HW.Memory <Error> core\memory.cpp:Memory::MemorySystem::Write:528: unmapped Write8 0x00000000 @ 0x00000A37 at PC 0x010F3548
[   5.565176] HW.Memory <Error> core\memory.cpp:Memory::MemorySystem::Write:528: unmapped Write8 0x00000000 @ 0x00000A38 at PC 0x010F3548
[   5.565176] HW.Memory <Error> core\memory.cpp:Memory::MemorySystem::Write:528: unmapped Write8 0x00000000 @ 0x00000A39 at PC 0x010F3548
[   5.565177] HW.Memory <Error> core\memory.cpp:Memory::MemorySystem::Write:528: unmapped Write8 0x00000000 @ 0x00000A3A at PC 0x010F3548
[   5.565177] HW.Memory <Error> core\memory.cpp:Memory::MemorySystem::Write:528: unmapped Write8 0x00000000 @ 0x00000A3B at PC 0x010F3548
[   5.565178] HW.Memory <Error> core\memory.cpp:Memory::MemorySystem::Write:528: unmapped Write8 0x00000000 @ 0x00000A3C at PC 0x010F3548
[   5.565178] HW.Memory <Error> core\memory.cpp:Memory::MemorySystem::Write:528: unmapped Write8 0x00000000 @ 0x00000A3D at PC 0x010F3548
[   5.565179] HW.Memory <Error> core\memory.cpp:Memory::MemorySystem::Write:528: unmapped Write8 0x00000000 @ 0x00000A3E at PC 0x010F3548
[   5.565179] HW.Memory <Error> core\memory.cpp:Memory::MemorySystem::Write:528: unmapped Write8 0x00000000 @ 0x00000A3F at PC 0x010F3548
[   5.565180] HW.Memory <Error> core\memory.cpp:Memory::MemorySystem::Write:528: unmapped Write8 0x00000000 @ 0x00000A40 at PC 0x010F3548
[   5.565180] HW.Memory <Error> core\memory.cpp:Memory::MemorySystem::Write:528: unmapped Write8 0x00000000 @ 0x00000A41 at PC 0x010F3548
[   5.565181] HW.Memory <Error> core\memory.cpp:Memory::MemorySystem::Write:528: unmapped Write8 0x00000000 @ 0x00000A42 at PC 0x010F3548
[   5.565181] HW.Memory <Error> core\memory.cpp:Memory::MemorySystem::Write:528: unmapped Write8 0x00000000 @ 0x00000A43 at PC 0x010F3548
[   5.565182] HW.Memory <Error> core\memory.cpp:Memory::MemorySystem::Write:528: unmapped Write8 0x00000000 @ 0x00000A44 at PC 0x010F3548
[   5.565182] HW.Memory <Error> core\memory.cpp:Memory::MemorySystem::Write:528: unmapped Write8 0x00000000 @ 0x00000A45 at PC 0x010F3548
[   5.565183] HW.Memory <Error> core\memory.cpp:Memory::MemorySystem::Write:528: unmapped Write8 0x00000000 @ 0x00000A46 at PC 0x010F3548
[   5.565183] HW.Memory <Error> core\memory.cpp:Memory::MemorySystem::Write:528: unmapped Write8 0x00000000 @ 0x00000A47 at PC 0x010F3548
[   5.565184] HW.Memory <Error> core\memory.cpp:Memory::MemorySystem::Write:528: unmapped Write8 0x00000000 @ 0x00000A48 at PC 0x010F3548
[   5.565184] HW.Memory <Error> core\memory.cpp:Memory::MemorySystem::Write:528: unmapped Write8 0x00000000 @ 0x00000A49 at PC 0x010F3548
[   5.565184] HW.Memory <Error> core\memory.cpp:Memory::MemorySystem::Write:528: unmapped Write8 0x00000000 @ 0x00000A4A at PC 0x010F3548
[   5.565185] HW.Memory <Error> core\memory.cpp:Memory::MemorySystem::Write:528: unmapped Write8 0x00000000 @ 0x00000A4B at PC 0x010F3548
[   5.565185] HW.Memory <Error> core\memory.cpp:Memory::MemorySystem::Write:528: unmapped Write8 0x00000000 @ 0x00000A4C at PC 0x010F3548
[   5.565186] HW.Memory <Error> core\memory.cpp:Memory::MemorySystem::Write:528: unmapped Write8 0x00000000 @ 0x00000A4D at PC 0x010F3548
[   5.565186] HW.Memory <Error> core\memory.cpp:Memory::MemorySystem::Write:528: unmapped Write8 0x00000000 @ 0x00000A4E at PC 0x010F3548
[   5.565187] HW.Memory <Error> core\memory.cpp:Memory::MemorySystem::Write:528: unmapped Write8 0x00000000 @ 0x00000A4F at PC 0x010F3548
[   5.565187] HW.Memory <Error> core\memory.cpp:Memory::MemorySystem::Write:528: unmapped Write8 0x00000000 @ 0x00000A50 at PC 0x010F3548
[   5.565188] HW.Memory <Error> core\memory.cpp:Memory::MemorySystem::Write:528: unmapped Write8 0x00000000 @ 0x00000A51 at PC 0x010F3548
[   5.565188] HW.Memory <Error> core\memory.cpp:Memory::MemorySystem::Write:528: unmapped Write8 0x00000000 @ 0x00000A52 at PC 0x010F3548
[   5.565189] HW.Memory <Error> core\memory.cpp:Memory::MemorySystem::Write:528: unmapped Write8 0x00000000 @ 0x00000A53 at PC 0x010F3548
[   5.565189] HW.Memory <Error> core\memory.cpp:Memory::MemorySystem::Write:528: unmapped Write8 0x00000000 @ 0x00000A54 at PC 0x010F3548
[   5.565190] HW.Memory <Error> core\memory.cpp:Memory::MemorySystem::Write:528: unmapped Write8 0x00000000 @ 0x00000A55 at PC 0x010F3548
[   5.565190] HW.Memory <Error> core\memory.cpp:Memory::MemorySystem::Write:528: unmapped Write8 0x00000000 @ 0x00000A56 at PC 0x010F3548
[   5.565191] HW.Memory <Error> core\memory.cpp:Memory::MemorySystem::Write:528: unmapped Write8 0x00000000 @ 0x00000A57 at PC 0x010F3548
[   5.565191] HW.Memory <Error> core\memory.cpp:Memory::MemorySystem::Write:528: unmapped Write8 0x00000000 @ 0x00000A58 at PC 0x010F3548
[   5.565192] HW.Memory <Error> core\memory.cpp:Memory::MemorySystem::Write:528: unmapped Write8 0x00000000 @ 0x00000A59 at PC 0x010F3548
[   5.565192] HW.Memory <Error> core\memory.cpp:Memory::MemorySystem::Write:528: unmapped Write8 0x00000000 @ 0x00000A5A at PC 0x010F3548
[   5.565193] HW.Memory <Error> core\memory.cpp:Memory::MemorySystem::Write:528: unmapped Write8 0x00000000 @ 0x00000A5B at PC 0x010F3548
[   5.565193] HW.Memory <Error> core\memory.cpp:Memory::MemorySystem::Write:528: unmapped Write8 0x00000000 @ 0x00000A5C at PC 0x010F3548
[   5.565194] HW.Memory <Error> core\memory.cpp:Memory::MemorySystem::Write:528: unmapped Write8 0x00000000 @ 0x00000A5D at PC 0x010F3548
[   5.565194] HW.Memory <Error> core\memory.cpp:Memory::MemorySystem::Write:528: unmapped Write8 0x00000000 @ 0x00000A5E at PC 0x010F3548
[   5.565195] HW.Memory <Error> core\memory.cpp:Memory::MemorySystem::Write:528: unmapped Write8 0x00000000 @ 0x00000A5F at PC 0x010F3548
[   5.565195] HW.Memory <Error> core\memory.cpp:Memory::MemorySystem::Write:528: unmapped Write8 0x00000000 @ 0x00000A60 at PC 0x010F3548
[   5.565196] HW.Memory <Error> core\memory.cpp:Memory::MemorySystem::Write:528: unmapped Write8 0x00000000 @ 0x00000A61 at PC 0x010F3548
[   5.565196] HW.Memory <Error> core\memory.cpp:Memory::MemorySystem::Write:528: unmapped Write8 0x00000000 @ 0x00000A62 at PC 0x010F3548
[   5.565197] HW.Memory <Error> core\memory.cpp:Memory::MemorySystem::Write:528: unmapped Write8 0x00000000 @ 0x00000A63 at PC 0x010F3548
[   5.565197] HW.Memory <Error> core\memory.cpp:Memory::MemorySystem::Write:528: unmapped Write8 0x00000000 @ 0x00000A64 at PC 0x010F3548
[   5.565198] HW.Memory <Error> core\memory.cpp:Memory::MemorySystem::Write:528: unmapped Write8 0x00000000 @ 0x00000A65 at PC 0x010F3548
[   5.565198] HW.Memory <Error> core\memory.cpp:Memory::MemorySystem::Write:528: unmapped Write8 0x00000000 @ 0x00000A66 at PC 0x010F3548
[   5.565199] HW.Memory <Error> core\memory.cpp:Memory::MemorySystem::Write:528: unmapped Write8 0x00000000 @ 0x00000A67 at PC 0x010F3548
[   5.565199] HW.Memory <Error> core\memory.cpp:Memory::MemorySystem::Write:528: unmapped Write8 0x00000000 @ 0x00000A68 at PC 0x010F3548
[   5.565200] HW.Memory <Error> core\memory.cpp:Memory::MemorySystem::Write:528: unmapped Write8 0x00000000 @ 0x00000A69 at PC 0x010F3548
[   5.565200] HW.Memory <Error> core\memory.cpp:Memory::MemorySystem::Write:528: unmapped Write8 0x00000000 @ 0x00000A6A at PC 0x010F3548
[   5.565201] HW.Memory <Error> core\memory.cpp:Memory::MemorySystem::Write:528: unmapped Write8 0x00000000 @ 0x00000A6B at PC 0x010F3548
[   5.565201] HW.Memory <Error> core\memory.cpp:Memory::MemorySystem::Write:528: unmapped Write8 0x00000000 @ 0x00000A6C at PC 0x010F3548
[   5.565202] HW.Memory <Error> core\memory.cpp:Memory::MemorySystem::Write:528: unmapped Write8 0x00000000 @ 0x00000A6D at PC 0x010F3548
[   5.565202] HW.Memory <Error> core\memory.cpp:Memory::MemorySystem::Write:528: unmapped Write8 0x00000000 @ 0x00000A6E at PC 0x010F3548
[   5.565203] HW.Memory <Error> core\memory.cpp:Memory::MemorySystem::Write:528: unmapped Write8 0x00000000 @ 0x00000A6F at PC 0x010F3548
[   5.565203] HW.Memory <Error> core\memory.cpp:Memory::MemorySystem::Write:528: unmapped Write8 0x00000000 @ 0x00000A70 at PC 0x010F3548
[   5.565204] HW.Memory <Error> core\memory.cpp:Memory::MemorySystem::Write:528: unmapped Write8 0x00000000 @ 0x00000A71 at PC 0x010F3548
[   5.565204] HW.Memory <Error> core\memory.cpp:Memory::MemorySystem::Write:528: unmapped Write8 0x00000000 @ 0x00000A72 at PC 0x010F3548
[   5.565204] HW.Memory <Error> core\memory.cpp:Memory::MemorySystem::Write:528: unmapped Write8 0x00000000 @ 0x00000A73 at PC 0x010F3548
[   5.565205] HW.Memory <Error> core\memory.cpp:Memory::MemorySystem::Write:528: unmapped Write8 0x00000000 @ 0x00000A74 at PC 0x010F3548
[   5.565205] HW.Memory <Error> core\memory.cpp:Memory::MemorySystem::Write:528: unmapped Write8 0x00000000 @ 0x00000A75 at PC 0x010F3548
[   5.565206] HW.Memory <Error> core\memory.cpp:Memory::MemorySystem::Write:528: unmapped Write8 0x00000000 @ 0x00000A76 at PC 0x010F3548
[   5.565206] HW.Memory <Error> core\memory.cpp:Memory::MemorySystem::Write:528: unmapped Write8 0x00000000 @ 0x00000A77 at PC 0x010F3548
[   5.565207] HW.Memory <Error> core\memory.cpp:Memory::MemorySystem::Write:528: unmapped Write8 0x00000000 @ 0x00000A78 at PC 0x010F3548
[   5.565207] HW.Memory <Error> core\memory.cpp:Memory::MemorySystem::Write:528: unmapped Write8 0x00000000 @ 0x00000A79 at PC 0x010F3548
[   5.565208] HW.Memory <Error> core\memory.cpp:Memory::MemorySystem::Write:528: unmapped Write8 0x00000000 @ 0x00000A7A at PC 0x010F3548
[   5.565208] HW.Memory <Error> core\memory.cpp:Memory::MemorySystem::Write:528: unmapped Write8 0x00000000 @ 0x00000A7B at PC 0x010F3548
[   5.565209] HW.Memory <Error> core\memory.cpp:Memory::MemorySystem::Write:528: unmapped Write8 0x00000000 @ 0x00000A7C at PC 0x010F3548
[   5.565209] HW.Memory <Error> core\memory.cpp:Memory::MemorySystem::Write:528: unmapped Write8 0x00000000 @ 0x00000A7D at PC 0x010F3548
[   5.565210] HW.Memory <Error> core\memory.cpp:Memory::MemorySystem::Write:528: unmapped Write8 0x00000000 @ 0x00000A7E at PC 0x010F3548
[   5.565210] HW.Memory <Error> core\memory.cpp:Memory::MemorySystem::Write:528: unmapped Write8 0x00000000 @ 0x00000A7F at PC 0x010F3548
[   5.565211] HW.Memory <Error> core\memory.cpp:Memory::MemorySystem::Write:528: unmapped Write8 0x00000000 @ 0x00000A80 at PC 0x010F3548
[   5.565211] HW.Memory <Error> core\memory.cpp:Memory::MemorySystem::Write:528: unmapped Write8 0x00000000 @ 0x00000A81 at PC 0x010F3548
[   5.565212] HW.Memory <Error> core\memory.cpp:Memory::MemorySystem::Write:528: unmapped Write8 0x00000000 @ 0x00000A82 at PC 0x010F3548
[   5.565212] HW.Memory <Error> core\memory.cpp:Memory::MemorySystem::Write:528: unmapped Write8 0x00000000 @ 0x00000A83 at PC 0x010F3548
[   5.565213] HW.Memory <Error> core\memory.cpp:Memory::MemorySystem::Write:528: unmapped Write8 0x00000000 @ 0x00000A84 at PC 0x010F3548
[   5.565213] HW.Memory <Error> core\memory.cpp:Memory::MemorySystem::Write:528: unmapped Write8 0x00000000 @ 0x00000A85 at PC 0x010F3548
[   5.565214] HW.Memory <Error> core\memory.cpp:Memory::MemorySystem::Write:528: unmapped Write8 0x00000000 @ 0x00000A86 at PC 0x010F3548
[   5.565214] HW.Memory <Error> core\memory.cpp:Memory::MemorySystem::Write:528: unmapped Write8 0x00000000 @ 0x00000A87 at PC 0x010F3548
[   5.565215] HW.Memory <Error> core\memory.cpp:Memory::MemorySystem::Write:528: unmapped Write8 0x00000000 @ 0x00000A88 at PC 0x010F3548
[   5.565215] HW.Memory <Error> core\memory.cpp:Memory::MemorySystem::Write:528: unmapped Write8 0x00000000 @ 0x00000A89 at PC 0x010F3548
[   5.565216] HW.Memory <Error> core\memory.cpp:Memory::MemorySystem::Write:528: unmapped Write8 0x00000000 @ 0x00000A8A at PC 0x010F3548
[   5.565216] HW.Memory <Error> core\memory.cpp:Memory::MemorySystem::Write:528: unmapped Write8 0x00000000 @ 0x00000A8B at PC 0x010F3548
[   5.565217] HW.Memory <Error> core\memory.cpp:Memory::MemorySystem::Write:528: unmapped Write8 0x00000000 @ 0x00000A8C at PC 0x010F3548
[   5.565217] HW.Memory <Error> core\memory.cpp:Memory::MemorySystem::Write:528: unmapped Write8 0x00000000 @ 0x00000A8D at PC 0x010F3548
[   5.565218] HW.Memory <Error> core\memory.cpp:Memory::MemorySystem::Write:528: unmapped Write8 0x00000000 @ 0x00000A8E at PC 0x010F3548
[   5.565218] HW.Memory <Error> core\memory.cpp:Memory::MemorySystem::Write:528: unmapped Write8 0x00000000 @ 0x00000A8F at PC 0x010F3548
[   5.565219] HW.Memory <Error> core\memory.cpp:Memory::MemorySystem::Write:528: unmapped Write8 0x00000000 @ 0x00000A90 at PC 0x010F3548
[   5.565219] HW.Memory <Error> core\memory.cpp:Memory::MemorySystem::Write:528: unmapped Write8 0x00000000 @ 0x00000A91 at PC 0x010F3548
[   5.565219] HW.Memory <Error> core\memory.cpp:Memory::MemorySystem::Write:528: unmapped Write8 0x00000000 @ 0x00000A92 at PC 0x010F3548
[   5.565220] HW.Memory <Error> core\memory.cpp:Memory::MemorySystem::Write:528: unmapped Write8 0x00000000 @ 0x00000A93 at PC 0x010F3548
[   5.565220] HW.Memory <Error> core\memory.cpp:Memory::MemorySystem::Write:528: unmapped Write8 0x00000000 @ 0x00000A94 at PC 0x010F3548
[   5.565221] HW.Memory <Error> core\memory.cpp:Memory::MemorySystem::Write:528: unmapped Write8 0x00000000 @ 0x00000A95 at PC 0x010F3548
[   5.565221] HW.Memory <Error> core\memory.cpp:Memory::MemorySystem::Write:528: unmapped Write8 0x00000000 @ 0x00000A96 at PC 0x010F3548
[   5.565222] HW.Memory <Error> core\memory.cpp:Memory::MemorySystem::Write:528: unmapped Write8 0x00000000 @ 0x00000A97 at PC 0x010F3548
[   5.565222] HW.Memory <Error> core\memory.cpp:Memory::MemorySystem::Write:528: unmapped Write8 0x00000000 @ 0x00000A98 at PC 0x010F3548
[   5.565223] HW.Memory <Error> core\memory.cpp:Memory::MemorySystem::Write:528: unmapped Write8 0x00000000 @ 0x00000A99 at PC 0x010F3548
[   5.565223] HW.Memory <Error> core\memory.cpp:Memory::MemorySystem::Write:528: unmapped Write8 0x00000000 @ 0x00000A9A at PC 0x010F3548
[   5.565224] HW.Memory <Error> core\memory.cpp:Memory::MemorySystem::Write:528: unmapped Write8 0x00000000 @ 0x00000A9B at PC 0x010F3548
[   5.565224] HW.Memory <Error> core\memory.cpp:Memory::MemorySystem::Write:528: unmapped Write8 0x00000000 @ 0x00000A9C at PC 0x010F3548
[   5.565225] HW.Memory <Error> core\memory.cpp:Memory::MemorySystem::Write:528: unmapped Write8 0x00000000 @ 0x00000A9D at PC 0x010F3548
[   5.565225] HW.Memory <Error> core\memory.cpp:Memory::MemorySystem::Write:528: unmapped Write8 0x00000000 @ 0x00000A9E at PC 0x010F3548
[   5.565226] HW.Memory <Error> core\memory.cpp:Memory::MemorySystem::Write:528: unmapped Write8 0x00000000 @ 0x00000A9F at PC 0x010F3548
[   5.565226] HW.Memory <Error> core\memory.cpp:Memory::MemorySystem::Write:528: unmapped Write8 0x00000000 @ 0x00000AA0 at PC 0x010F3548
[   5.565227] HW.Memory <Error> core\memory.cpp:Memory::MemorySystem::Write:528: unmapped Write8 0x00000000 @ 0x00000AA1 at PC 0x010F3548
[   5.565227] HW.Memory <Error> core\memory.cpp:Memory::MemorySystem::Write:528: unmapped Write8 0x00000000 @ 0x00000AA2 at PC 0x010F3548
[   5.565228] HW.Memory <Error> core\memory.cpp:Memory::MemorySystem::Write:528: unmapped Write8 0x00000000 @ 0x00000AA3 at PC 0x010F3548
[   5.565228] HW.Memory <Error> core\memory.cpp:Memory::MemorySystem::Write:528: unmapped Write8 0x00000000 @ 0x00000AA4 at PC 0x010F3548
[   5.565229] HW.Memory <Error> core\memory.cpp:Memory::MemorySystem::Write:528: unmapped Write8 0x00000000 @ 0x00000AA5 at PC 0x010F3548
[   5.565229] HW.Memory <Error> core\memory.cpp:Memory::MemorySystem::Write:528: unmapped Write8 0x00000000 @ 0x00000AA6 at PC 0x010F3548
[   5.565230] HW.Memory <Error> core\memory.cpp:Memory::MemorySystem::Write:528: unmapped Write8 0x00000000 @ 0x00000AA7 at PC 0x010F3548
[   5.565230] HW.Memory <Error> core\memory.cpp:Memory::MemorySystem::Write:528: unmapped Write8 0x00000000 @ 0x00000AA8 at PC 0x010F3548
[   5.565231] HW.Memory <Error> core\memory.cpp:Memory::MemorySystem::Write:528: unmapped Write8 0x00000000 @ 0x00000AA9 at PC 0x010F3548
[   5.565231] HW.Memory <Error> core\memory.cpp:Memory::MemorySystem::Write:528: unmapped Write8 0x00000000 @ 0x00000AAA at PC 0x010F3548
[   5.565232] HW.Memory <Error> core\memory.cpp:Memory::MemorySystem::Write:528: unmapped Write8 0x00000000 @ 0x00000AAB at PC 0x010F3548
[   5.565232] HW.Memory <Error> core\memory.cpp:Memory::MemorySystem::Write:528: unmapped Write8 0x00000000 @ 0x00000AAC at PC 0x010F3548
[   5.565233] HW.Memory <Error> core\memory.cpp:Memory::MemorySystem::Write:528: unmapped Write8 0x00000000 @ 0x00000AAD at PC 0x010F3548
[   5.565233] HW.Memory <Error> core\memory.cpp:Memory::MemorySystem::Write:528: unmapped Write8 0x00000000 @ 0x00000AAE at PC 0x010F3548
[   5.565234] HW.Memory <Error> core\memory.cpp:Memory::MemorySystem::Write:528: unmapped Write8 0x00000000 @ 0x00000AAF at PC 0x010F3548
[   5.565234] HW.Memory <Error> core\memory.cpp:Memory::MemorySystem::Write:528: unmapped Write8 0x00000000 @ 0x00000AB0 at PC 0x010F3548
[   5.565235] HW.Memory <Error> core\memory.cpp:Memory::MemorySystem::Write:528: unmapped Write8 0x00000000 @ 0x00000AB1 at PC 0x010F3548
[   5.565235] HW.Memory <Error> core\memory.cpp:Memory::MemorySystem::Write:528: unmapped Write8 0x00000000 @ 0x00000AB2 at PC 0x010F3548
[   5.565236] HW.Memory <Error> core\memory.cpp:Memory::MemorySystem::Write:528: unmapped Write8 0x00000000 @ 0x00000AB3 at PC 0x010F3548
[   5.565236] HW.Memory <Error> core\memory.cpp:Memory::MemorySystem::Write:528: unmapped Write8 0x00000000 @ 0x00000AB4 at PC 0x010F3548
[   5.565237] HW.Memory <Error> core\memory.cpp:Memory::MemorySystem::Write:528: unmapped Write8 0x00000000 @ 0x00000AB5 at PC 0x010F3548
[   5.565237] HW.Memory <Error> core\memory.cpp:Memory::MemorySystem::Write:528: unmapped Write8 0x00000000 @ 0x00000AB6 at PC 0x010F3548
[   5.565238] HW.Memory <Error> core\memory.cpp:Memory::MemorySystem::Write:528: unmapped Write8 0x00000000 @ 0x00000AB7 at PC 0x010F3548
[   5.565238] HW.Memory <Error> core\memory.cpp:Memory::MemorySystem::Write:528: unmapped Write8 0x00000000 @ 0x00000AB8 at PC 0x010F3548
[   5.565239] HW.Memory <Error> core\memory.cpp:Memory::MemorySystem::Write:528: unmapped Write8 0x00000000 @ 0x00000AB9 at PC 0x010F3548
[   5.565239] HW.Memory <Error> core\memory.cpp:Memory::MemorySystem::Write:528: unmapped Write8 0x00000000 @ 0x00000ABA at PC 0x010F3548
[   5.565240] HW.Memory <Error> core\memory.cpp:Memory::MemorySystem::Write:528: unmapped Write8 0x00000000 @ 0x00000ABB at PC 0x010F3548
[   5.565240] HW.Memory <Error> core\memory.cpp:Memory::MemorySystem::Write:528: unmapped Write8 0x00000000 @ 0x00000ABC at PC 0x010F3548
[   5.565241] HW.Memory <Error> core\memory.cpp:Memory::MemorySystem::Write:528: unmapped Write8 0x00000000 @ 0x00000ABD at PC 0x010F3548
[   5.565241] HW.Memory <Error> core\memory.cpp:Memory::MemorySystem::Write:528: unmapped Write8 0x00000000 @ 0x00000ABE at PC 0x010F3548
[   5.565241] HW.Memory <Error> core\memory.cpp:Memory::MemorySystem::Write:528: unmapped Write8 0x00000000 @ 0x00000ABF at PC 0x010F3548
[   5.565242] HW.Memory <Error> core\memory.cpp:Memory::MemorySystem::Write:528: unmapped Write8 0x00000000 @ 0x00000AC0 at PC 0x010F3548
[   5.565242] HW.Memory <Error> core\memory.cpp:Memory::MemorySystem::Write:528: unmapped Write8 0x00000000 @ 0x00000AC1 at PC 0x010F3548
[   5.565243] HW.Memory <Error> core\memory.cpp:Memory::MemorySystem::Write:528: unmapped Write8 0x00000000 @ 0x00000AC2 at PC 0x010F3548
[   5.565243] HW.Memory <Error> core\memory.cpp:Memory::MemorySystem::Write:528: unmapped Write8 0x00000000 @ 0x00000AC3 at PC 0x010F3548
[   5.565244] HW.Memory <Error> core\memory.cpp:Memory::MemorySystem::Write:528: unmapped Write8 0x00000000 @ 0x00000AC4 at PC 0x010F3548
[   5.565244] HW.Memory <Error> core\memory.cpp:Memory::MemorySystem::Write:528: unmapped Write8 0x00000000 @ 0x00000AC5 at PC 0x010F3548
[   5.565245] HW.Memory <Error> core\memory.cpp:Memory::MemorySystem::Write:528: unmapped Write8 0x00000000 @ 0x00000AC6 at PC 0x010F3548
[   5.565245] HW.Memory <Error> core\memory.cpp:Memory::MemorySystem::Write:528: unmapped Write8 0x00000000 @ 0x00000AC7 at PC 0x010F3548
[   5.565246] HW.Memory <Error> core\memory.cpp:Memory::MemorySystem::Write:528: unmapped Write8 0x00000000 @ 0x00000AC8 at PC 0x010F3548
[   5.565246] HW.Memory <Error> core\memory.cpp:Memory::MemorySystem::Write:528: unmapped Write8 0x00000000 @ 0x00000AC9 at PC 0x010F3548
[   5.565247] HW.Memory <Error> core\memory.cpp:Memory::MemorySystem::Write:528: unmapped Write8 0x00000000 @ 0x00000ACA at PC 0x010F3548
[   5.565247] HW.Memory <Error> core\memory.cpp:Memory::MemorySystem::Write:528: unmapped Write8 0x00000000 @ 0x00000ACB at PC 0x010F3548
[   5.565248] HW.Memory <Error> core\memory.cpp:Memory::MemorySystem::Write:528: unmapped Write8 0x00000000 @ 0x00000ACC at PC 0x010F3548
[   5.565248] HW.Memory <Error> core\memory.cpp:Memory::MemorySystem::Write:528: unmapped Write8 0x00000000 @ 0x00000ACD at PC 0x010F3548
[   5.565249] HW.Memory <Error> core\memory.cpp:Memory::MemorySystem::Write:528: unmapped Write8 0x00000000 @ 0x00000ACE at PC 0x010F3548
[   5.565249] HW.Memory <Error> core\memory.cpp:Memory::MemorySystem::Write:528: unmapped Write8 0x00000000 @ 0x00000ACF at PC 0x010F3548
[   5.565250] HW.Memory <Error> core\memory.cpp:Memory::MemorySystem::Write:528: unmapped Write8 0x00000000 @ 0x00000AD0 at PC 0x010F3548
[   5.565250] HW.Memory <Error> core\memory.cpp:Memory::MemorySystem::Write:528: unmapped Write8 0x00000000 @ 0x00000AD1 at PC 0x010F3548
[   5.565251] HW.Memory <Error> core\memory.cpp:Memory::MemorySystem::Write:528: unmapped Write8 0x00000000 @ 0x00000AD2 at PC 0x010F3548
[   5.565251] HW.Memory <Error> core\memory.cpp:Memory::MemorySystem::Write:528: unmapped Write8 0x00000000 @ 0x00000AD3 at PC 0x010F3548
[   5.565251] HW.Memory <Error> core\memory.cpp:Memory::MemorySystem::Write:528: unmapped Write8 0x00000000 @ 0x00000AD4 at PC 0x010F3548
[   5.565252] HW.Memory <Error> core\memory.cpp:Memory::MemorySystem::Write:528: unmapped Write8 0x00000000 @ 0x00000AD5 at PC 0x010F3548
[   5.565252] HW.Memory <Error> core\memory.cpp:Memory::MemorySystem::Write:528: unmapped Write8 0x00000000 @ 0x00000AD6 at PC 0x010F3548
[   5.565253] HW.Memory <Error> core\memory.cpp:Memory::MemorySystem::Write:528: unmapped Write8 0x00000000 @ 0x00000AD7 at PC 0x010F3548
[   5.565253] HW.Memory <Error> core\memory.cpp:Memory::MemorySystem::Write:528: unmapped Write8 0x00000000 @ 0x00000AD8 at PC 0x010F3548
[   5.565254] HW.Memory <Error> core\memory.cpp:Memory::MemorySystem::Write:528: unmapped Write8 0x00000000 @ 0x00000AD9 at PC 0x010F3548
[   5.565254] HW.Memory <Error> core\memory.cpp:Memory::MemorySystem::Write:528: unmapped Write8 0x00000000 @ 0x00000ADA at PC 0x010F3548
[   5.565255] HW.Memory <Error> core\memory.cpp:Memory::MemorySystem::Write:528: unmapped Write8 0x00000000 @ 0x00000ADB at PC 0x010F3548
[   5.565255] HW.Memory <Error> core\memory.cpp:Memory::MemorySystem::Write:528: unmapped Write8 0x00000000 @ 0x00000ADC at PC 0x010F3548
[   5.565256] HW.Memory <Error> core\memory.cpp:Memory::MemorySystem::Write:528: unmapped Write8 0x00000000 @ 0x00000ADD at PC 0x010F3548
[   5.565256] HW.Memory <Error> core\memory.cpp:Memory::MemorySystem::Write:528: unmapped Write8 0x00000000 @ 0x00000ADE at PC 0x010F3548
[   5.565257] HW.Memory <Error> core\memory.cpp:Memory::MemorySystem::Write:528: unmapped Write8 0x00000000 @ 0x00000ADF at PC 0x010F3548
[   5.565257] HW.Memory <Error> core\memory.cpp:Memory::MemorySystem::Write:528: unmapped Write8 0x00000000 @ 0x00000AE0 at PC 0x010F3548
[   5.565258] HW.Memory <Error> core\memory.cpp:Memory::MemorySystem::Write:528: unmapped Write8 0x00000000 @ 0x00000AE1 at PC 0x010F3548
[   5.565258] HW.Memory <Error> core\memory.cpp:Memory::MemorySystem::Write:528: unmapped Write8 0x00000000 @ 0x00000AE2 at PC 0x010F3548
[   5.565259] HW.Memory <Error> core\memory.cpp:Memory::MemorySystem::Write:528: unmapped Write8 0x00000000 @ 0x00000AE3 at PC 0x010F3548
[   5.565259] HW.Memory <Error> core\memory.cpp:Memory::MemorySystem::Write:528: unmapped Write8 0x00000000 @ 0x00000AE4 at PC 0x010F3548
[   5.565260] HW.Memory <Error> core\memory.cpp:Memory::MemorySystem::Write:528: unmapped Write8 0x00000000 @ 0x00000AE5 at PC 0x010F3548
[   5.565260] HW.Memory <Error> core\memory.cpp:Memory::MemorySystem::Write:528: unmapped Write8 0x00000000 @ 0x00000AE6 at PC 0x010F3548
[   5.565261] HW.Memory <Error> core\memory.cpp:Memory::MemorySystem::Write:528: unmapped Write8 0x00000000 @ 0x00000AE7 at PC 0x010F3548
[   5.565261] HW.Memory <Error> core\memory.cpp:Memory::MemorySystem::Write:528: unmapped Write8 0x00000000 @ 0x00000AE8 at PC 0x010F3548
[   5.565262] HW.Memory <Error> core\memory.cpp:Memory::MemorySystem::Write:528: unmapped Write8 0x00000000 @ 0x00000AE9 at PC 0x010F3548
[   5.565262] HW.Memory <Error> core\memory.cpp:Memory::MemorySystem::Write:528: unmapped Write8 0x00000000 @ 0x00000AEA at PC 0x010F3548
[   5.565263] HW.Memory <Error> core\memory.cpp:Memory::MemorySystem::Write:528: unmapped Write8 0x00000000 @ 0x00000AEB at PC 0x010F3548
[   5.565263] HW.Memory <Error> core\memory.cpp:Memory::MemorySystem::Write:528: unmapped Write8 0x00000000 @ 0x00000AEC at PC 0x010F3548
[   5.565264] HW.Memory <Error> core\memory.cpp:Memory::MemorySystem::Write:528: unmapped Write8 0x00000000 @ 0x00000AED at PC 0x010F3548
[   5.565264] HW.Memory <Error> core\memory.cpp:Memory::MemorySystem::Write:528: unmapped Write8 0x00000000 @ 0x00000AEE at PC 0x010F3548
[   5.565265] HW.Memory <Error> core\memory.cpp:Memory::MemorySystem::Write:528: unmapped Write8 0x00000000 @ 0x00000AEF at PC 0x010F3548
[   5.565265] HW.Memory <Error> core\memory.cpp:Memory::MemorySystem::Write:528: unmapped Write8 0x00000000 @ 0x00000AF0 at PC 0x010F3548
[   5.565266] HW.Memory <Error> core\memory.cpp:Memory::MemorySystem::Write:528: unmapped Write8 0x00000000 @ 0x00000AF1 at PC 0x010F3548
[   5.565266] HW.Memory <Error> core\memory.cpp:Memory::MemorySystem::Write:528: unmapped Write8 0x00000000 @ 0x00000AF2 at PC 0x010F3548
[   5.565266] HW.Memory <Error> core\memory.cpp:Memory::MemorySystem::Write:528: unmapped Write8 0x00000000 @ 0x00000AF3 at PC 0x010F3548
[   5.565267] HW.Memory <Error> core\memory.cpp:Memory::MemorySystem::Write:528: unmapped Write8 0x00000000 @ 0x00000AF4 at PC 0x010F3548
[   5.565267] HW.Memory <Error> core\memory.cpp:Memory::MemorySystem::Write:528: unmapped Write8 0x00000000 @ 0x00000AF5 at PC 0x010F3548
[   5.565268] HW.Memory <Error> core\memory.cpp:Memory::MemorySystem::Write:528: unmapped Write8 0x00000000 @ 0x00000AF6 at PC 0x010F3548
[   5.565268] HW.Memory <Error> core\memory.cpp:Memory::MemorySystem::Write:528: unmapped Write8 0x00000000 @ 0x00000AF7 at PC 0x010F3548
[   5.565269] HW.Memory <Error> core\memory.cpp:Memory::MemorySystem::Write:528: unmapped Write8 0x00000000 @ 0x00000AF8 at PC 0x010F3548
[   5.565269] HW.Memory <Error> core\memory.cpp:Memory::MemorySystem::Write:528: unmapped Write8 0x00000000 @ 0x00000AF9 at PC 0x010F3548
[   5.565270] HW.Memory <Error> core\memory.cpp:Memory::MemorySystem::Write:528: unmapped Write8 0x00000000 @ 0x00000AFA at PC 0x010F3548
[   5.565270] HW.Memory <Error> core\memory.cpp:Memory::MemorySystem::Write:528: unmapped Write8 0x00000000 @ 0x00000AFB at PC 0x010F3548
[   5.565271] HW.Memory <Error> core\memory.cpp:Memory::MemorySystem::Write:528: unmapped Write8 0x00000000 @ 0x00000AFC at PC 0x010F3548
[   5.565271] HW.Memory <Error> core\memory.cpp:Memory::MemorySystem::Write:528: unmapped Write8 0x00000000 @ 0x00000AFD at PC 0x010F3548
[   5.565272] HW.Memory <Error> core\memory.cpp:Memory::MemorySystem::Write:528: unmapped Write8 0x00000000 @ 0x00000AFE at PC 0x010F3548
[   5.565272] HW.Memory <Error> core\memory.cpp:Memory::MemorySystem::Write:528: unmapped Write8 0x00000000 @ 0x00000AFF at PC 0x010F3548
[   5.565273] HW.Memory <Error> core\memory.cpp:Memory::MemorySystem::Write:528: unmapped Write8 0x00000000 @ 0x00000B00 at PC 0x010F3548
[   5.565273] HW.Memory <Error> core\memory.cpp:Memory::MemorySystem::Write:528: unmapped Write8 0x00000000 @ 0x00000B01 at PC 0x010F3548
[   5.565274] HW.Memory <Error> core\memory.cpp:Memory::MemorySystem::Write:528: unmapped Write8 0x00000000 @ 0x00000B02 at PC 0x010F3548
[   5.565274] HW.Memory <Error> core\memory.cpp:Memory::MemorySystem::Write:528: unmapped Write8 0x00000000 @ 0x00000B03 at PC 0x010F3548
[   5.565275] HW.Memory <Error> core\memory.cpp:Memory::MemorySystem::Write:528: unmapped Write8 0x00000000 @ 0x00000B04 at PC 0x010F3548
[   5.565275] HW.Memory <Error> core\memory.cpp:Memory::MemorySystem::Write:528: unmapped Write8 0x00000000 @ 0x00000B05 at PC 0x010F3548
[   5.565276] HW.Memory <Error> core\memory.cpp:Memory::MemorySystem::Write:528: unmapped Write8 0x00000000 @ 0x00000B06 at PC 0x010F3548
[   5.565276] HW.Memory <Error> core\memory.cpp:Memory::MemorySystem::Write:528: unmapped Write8 0x00000000 @ 0x00000B07 at PC 0x010F3548
[   5.565277] HW.Memory <Error> core\memory.cpp:Memory::MemorySystem::Write:528: unmapped Write8 0x00000000 @ 0x00000B08 at PC 0x010F3548
[   5.565277] HW.Memory <Error> core\memory.cpp:Memory::MemorySystem::Write:528: unmapped Write8 0x00000000 @ 0x00000B09 at PC 0x010F3548
[   5.565278] HW.Memory <Error> core\memory.cpp:Memory::MemorySystem::Write:528: unmapped Write8 0x00000000 @ 0x00000B0A at PC 0x010F3548
[   5.565278] HW.Memory <Error> core\memory.cpp:Memory::MemorySystem::Write:528: unmapped Write8 0x00000000 @ 0x00000B0B at PC 0x010F3548
[   5.565279] HW.Memory <Error> core\memory.cpp:Memory::MemorySystem::Write:528: unmapped Write8 0x00000000 @ 0x00000B0C at PC 0x010F3548
[   5.565279] HW.Memory <Error> core\memory.cpp:Memory::MemorySystem::Write:528: unmapped Write8 0x00000000 @ 0x00000B0D at PC 0x010F3548
[   5.565280] HW.Memory <Error> core\memory.cpp:Memory::MemorySystem::Write:528: unmapped Write8 0x00000000 @ 0x00000B0E at PC 0x010F3548
[   5.565280] HW.Memory <Error> core\memory.cpp:Memory::MemorySystem::Write:528: unmapped Write8 0x00000000 @ 0x00000B0F at PC 0x010F3548
[   5.565281] HW.Memory <Error> core\memory.cpp:Memory::MemorySystem::Write:528: unmapped Write8 0x00000000 @ 0x00000B10 at PC 0x010F3548
[   5.565281] HW.Memory <Error> core\memory.cpp:Memory::MemorySystem::Write:528: unmapped Write8 0x00000000 @ 0x00000B11 at PC 0x010F3548
[   5.565281] HW.Memory <Error> core\memory.cpp:Memory::MemorySystem::Write:528: unmapped Write8 0x00000000 @ 0x00000B12 at PC 0x010F3548
[   5.565282] HW.Memory <Error> core\memory.cpp:Memory::MemorySystem::Write:528: unmapped Write8 0x00000000 @ 0x00000B13 at PC 0x010F3548
[   5.565282] HW.Memory <Error> core\memory.cpp:Memory::MemorySystem::Write:528: unmapped Write8 0x00000000 @ 0x00000B14 at PC 0x010F3548
[   5.565283] HW.Memory <Error> core\memory.cpp:Memory::MemorySystem::Write:528: unmapped Write8 0x00000000 @ 0x00000B15 at PC 0x010F3548
[   5.565283] HW.Memory <Error> core\memory.cpp:Memory::MemorySystem::Write:528: unmapped Write8 0x00000000 @ 0x00000B16 at PC 0x010F3548
[   5.565284] HW.Memory <Error> core\memory.cpp:Memory::MemorySystem::Write:528: unmapped Write8 0x00000000 @ 0x00000B17 at PC 0x010F3548
[   5.565284] HW.Memory <Error> core\memory.cpp:Memory::MemorySystem::Write:528: unmapped Write8 0x00000000 @ 0x00000B18 at PC 0x010F3548
[   5.565285] HW.Memory <Error> core\memory.cpp:Memory::MemorySystem::Write:528: unmapped Write8 0x00000000 @ 0x00000B19 at PC 0x010F3548
[   5.565285] HW.Memory <Error> core\memory.cpp:Memory::MemorySystem::Write:528: unmapped Write8 0x00000000 @ 0x00000B1A at PC 0x010F3548
[   5.565286] HW.Memory <Error> core\memory.cpp:Memory::MemorySystem::Write:528: unmapped Write8 0x00000000 @ 0x00000B1B at PC 0x010F3548
[   5.565286] HW.Memory <Error> core\memory.cpp:Memory::MemorySystem::Write:528: unmapped Write8 0x00000000 @ 0x00000B1C at PC 0x010F3548
[   5.565287] HW.Memory <Error> core\memory.cpp:Memory::MemorySystem::Write:528: unmapped Write8 0x00000000 @ 0x00000B1D at PC 0x010F3548
[   5.565287] HW.Memory <Error> core\memory.cpp:Memory::MemorySystem::Write:528: unmapped Write8 0x00000000 @ 0x00000B1E at PC 0x010F3548
[   5.565288] HW.Memory <Error> core\memory.cpp:Memory::MemorySystem::Write:528: unmapped Write8 0x00000000 @ 0x00000B1F at PC 0x010F3548
[   5.565288] HW.Memory <Error> core\memory.cpp:Memory::MemorySystem::Write:528: unmapped Write8 0x00000000 @ 0x00000B20 at PC 0x010F3548
[   5.565289] HW.Memory <Error> core\memory.cpp:Memory::MemorySystem::Write:528: unmapped Write8 0x00000000 @ 0x00000B21 at PC 0x010F3548
[   5.565289] HW.Memory <Error> core\memory.cpp:Memory::MemorySystem::Write:528: unmapped Write8 0x00000000 @ 0x00000B22 at PC 0x010F3548
[   5.565290] HW.Memory <Error> core\memory.cpp:Memory::MemorySystem::Write:528: unmapped Write8 0x00000000 @ 0x00000B23 at PC 0x010F3548
[   5.565290] HW.Memory <Error> core\memory.cpp:Memory::MemorySystem::Write:528: unmapped Write8 0x00000000 @ 0x00000B24 at PC 0x010F3548
[   5.565291] HW.Memory <Error> core\memory.cpp:Memory::MemorySystem::Write:528: unmapped Write8 0x00000000 @ 0x00000B25 at PC 0x010F3548
[   5.565291] HW.Memory <Error> core\memory.cpp:Memory::MemorySystem::Write:528: unmapped Write8 0x00000000 @ 0x00000B26 at PC 0x010F3548
[   5.565292] HW.Memory <Error> core\memory.cpp:Memory::MemorySystem::Write:528: unmapped Write8 0x00000000 @ 0x00000B27 at PC 0x010F3548
[   5.565292] HW.Memory <Error> core\memory.cpp:Memory::MemorySystem::Write:528: unmapped Write8 0x00000000 @ 0x00000B28 at PC 0x010F3548
[   5.565293] HW.Memory <Error> core\memory.cpp:Memory::MemorySystem::Write:528: unmapped Write8 0x00000000 @ 0x00000B29 at PC 0x010F3548
[   5.565293] HW.Memory <Error> core\memory.cpp:Memory::MemorySystem::Write:528: unmapped Write8 0x00000000 @ 0x00000B2A at PC 0x010F3548
[   5.565293] HW.Memory <Error> core\memory.cpp:Memory::MemorySystem::Write:528: unmapped Write8 0x00000000 @ 0x00000B2B at PC 0x010F3548
[   5.565294] HW.Memory <Error> core\memory.cpp:Memory::MemorySystem::Write:528: unmapped Write8 0x00000000 @ 0x00000B2C at PC 0x010F3548
[   5.565294] HW.Memory <Error> core\memory.cpp:Memory::MemorySystem::Write:528: unmapped Write8 0x00000000 @ 0x00000B2D at PC 0x010F3548
[   5.565295] HW.Memory <Error> core\memory.cpp:Memory::MemorySystem::Write:528: unmapped Write8 0x00000000 @ 0x00000B2E at PC 0x010F3548
[   5.565295] HW.Memory <Error> core\memory.cpp:Memory::MemorySystem::Write:528: unmapped Write8 0x00000000 @ 0x00000B2F at PC 0x010F3548
[   5.565296] HW.Memory <Error> core\memory.cpp:Memory::MemorySystem::Write:528: unmapped Write8 0x00000000 @ 0x00000B30 at PC 0x010F3548
[   5.565296] HW.Memory <Error> core\memory.cpp:Memory::MemorySystem::Write:528: unmapped Write8 0x00000000 @ 0x00000B31 at PC 0x010F3548
[   5.565297] HW.Memory <Error> core\memory.cpp:Memory::MemorySystem::Write:528: unmapped Write8 0x00000000 @ 0x00000B32 at PC 0x010F3548
[   5.565297] HW.Memory <Error> core\memory.cpp:Memory::MemorySystem::Write:528: unmapped Write8 0x00000000 @ 0x00000B33 at PC 0x010F3548
[   5.565298] HW.Memory <Error> core\memory.cpp:Memory::MemorySystem::Write:528: unmapped Write8 0x00000000 @ 0x00000B34 at PC 0x010F3548
[   5.565298] HW.Memory <Error> core\memory.cpp:Memory::MemorySystem::Write:528: unmapped Write8 0x00000000 @ 0x00000B35 at PC 0x010F3548
[   5.565299] HW.Memory <Error> core\memory.cpp:Memory::MemorySystem::Write:528: unmapped Write8 0x00000000 @ 0x00000B36 at PC 0x010F3548
[   5.565299] HW.Memory <Error> core\memory.cpp:Memory::MemorySystem::Write:528: unmapped Write8 0x00000000 @ 0x00000B37 at PC 0x010F3548
[   5.565300] HW.Memory <Error> core\memory.cpp:Memory::MemorySystem::Write:528: unmapped Write8 0x00000000 @ 0x00000B38 at PC 0x010F3548
[   5.565300] HW.Memory <Error> core\memory.cpp:Memory::MemorySystem::Write:528: unmapped Write8 0x00000000 @ 0x00000B39 at PC 0x010F3548
[   5.565301] HW.Memory <Error> core\memory.cpp:Memory::MemorySystem::Write:528: unmapped Write8 0x00000000 @ 0x00000B3A at PC 0x010F3548
[   5.565301] HW.Memory <Error> core\memory.cpp:Memory::MemorySystem::Write:528: unmapped Write8 0x00000000 @ 0x00000B3B at PC 0x010F3548
[   5.565302] HW.Memory <Error> core\memory.cpp:Memory::MemorySystem::Write:528: unmapped Write8 0x00000000 @ 0x00000B3C at PC 0x010F3548
[   5.565302] HW.Memory <Error> core\memory.cpp:Memory::MemorySystem::Write:528: unmapped Write8 0x00000000 @ 0x00000B3D at PC 0x010F3548
[   5.565303] HW.Memory <Error> core\memory.cpp:Memory::MemorySystem::Write:528: unmapped Write8 0x00000000 @ 0x00000B3E at PC 0x010F3548
[   5.565303] HW.Memory <Error> core\memory.cpp:Memory::MemorySystem::Write:528: unmapped Write8 0x00000000 @ 0x00000B3F at PC 0x010F3548
[   5.565303] HW.Memory <Error> core\memory.cpp:Memory::MemorySystem::Write:528: unmapped Write8 0x00000000 @ 0x00000B40 at PC 0x010F3548
[   5.565304] HW.Memory <Error> core\memory.cpp:Memory::MemorySystem::Write:528: unmapped Write8 0x00000000 @ 0x00000B41 at PC 0x010F3548
[   5.565304] HW.Memory <Error> core\memory.cpp:Memory::MemorySystem::Write:528: unmapped Write8 0x00000000 @ 0x00000B42 at PC 0x010F3548
[   5.565305] HW.Memory <Error> core\memory.cpp:Memory::MemorySystem::Write:528: unmapped Write8 0x00000000 @ 0x00000B43 at PC 0x010F3548
[   5.565305] HW.Memory <Error> core\memory.cpp:Memory::MemorySystem::Write:528: unmapped Write8 0x00000000 @ 0x00000B44 at PC 0x010F3548
[   5.565306] HW.Memory <Error> core\memory.cpp:Memory::MemorySystem::Write:528: unmapped Write8 0x00000000 @ 0x00000B45 at PC 0x010F3548
[   5.565306] HW.Memory <Error> core\memory.cpp:Memory::MemorySystem::Write:528: unmapped Write8 0x00000000 @ 0x00000B46 at PC 0x010F3548
[   5.565307] HW.Memory <Error> core\memory.cpp:Memory::MemorySystem::Write:528: unmapped Write8 0x00000000 @ 0x00000B47 at PC 0x010F3548
[   5.565307] HW.Memory <Error> core\memory.cpp:Memory::MemorySystem::Write:528: unmapped Write8 0x00000000 @ 0x00000B48 at PC 0x010F3548
[   5.565308] HW.Memory <Error> core\memory.cpp:Memory::MemorySystem::Write:528: unmapped Write8 0x00000000 @ 0x00000B49 at PC 0x010F3548
[   5.565308] HW.Memory <Error> core\memory.cpp:Memory::MemorySystem::Write:528: unmapped Write8 0x00000000 @ 0x00000B4A at PC 0x010F3548
[   5.565309] HW.Memory <Error> core\memory.cpp:Memory::MemorySystem::Write:528: unmapped Write8 0x00000000 @ 0x00000B4B at PC 0x010F3548
[   5.565309] HW.Memory <Error> core\memory.cpp:Memory::MemorySystem::Write:528: unmapped Write8 0x00000000 @ 0x00000B4C at PC 0x010F3548
[   5.565310] HW.Memory <Error> core\memory.cpp:Memory::MemorySystem::Write:528: unmapped Write8 0x00000000 @ 0x00000B4D at PC 0x010F3548
[   5.565310] HW.Memory <Error> core\memory.cpp:Memory::MemorySystem::Write:528: unmapped Write8 0x00000000 @ 0x00000B4E at PC 0x010F3548
[   5.565311] HW.Memory <Error> core\memory.cpp:Memory::MemorySystem::Write:528: unmapped Write8 0x00000000 @ 0x00000B4F at PC 0x010F3548
[   5.565311] HW.Memory <Error> core\memory.cpp:Memory::MemorySystem::Write:528: unmapped Write8 0x00000000 @ 0x00000B50 at PC 0x010F3548
[   5.565312] HW.Memory <Error> core\memory.cpp:Memory::MemorySystem::Write:528: unmapped Write8 0x00000000 @ 0x00000B51 at PC 0x010F3548
[   5.565312] HW.Memory <Error> core\memory.cpp:Memory::MemorySystem::Write:528: unmapped Write8 0x00000000 @ 0x00000B52 at PC 0x010F3548
[   5.565313] HW.Memory <Error> core\memory.cpp:Memory::MemorySystem::Write:528: unmapped Write8 0x00000000 @ 0x00000B53 at PC 0x010F3548
[   5.565313] HW.Memory <Error> core\memory.cpp:Memory::MemorySystem::Write:528: unmapped Write8 0x00000000 @ 0x00000B54 at PC 0x010F3548
[   5.565314] HW.Memory <Error> core\memory.cpp:Memory::MemorySystem::Write:528: unmapped Write8 0x00000000 @ 0x00000B55 at PC 0x010F3548
[   5.565314] HW.Memory <Error> core\memory.cpp:Memory::MemorySystem::Write:528: unmapped Write8 0x00000000 @ 0x00000B56 at PC 0x010F3548
[   5.565315] HW.Memory <Error> core\memory.cpp:Memory::MemorySystem::Write:528: unmapped Write8 0x00000000 @ 0x00000B57 at PC 0x010F3548
[   5.565315] HW.Memory <Error> core\memory.cpp:Memory::MemorySystem::Write:528: unmapped Write8 0x00000000 @ 0x00000B58 at PC 0x010F3548
[   5.565316] HW.Memory <Error> core\memory.cpp:Memory::MemorySystem::Write:528: unmapped Write8 0x00000000 @ 0x00000B59 at PC 0x010F3548
[   5.565316] HW.Memory <Error> core\memory.cpp:Memory::MemorySystem::Write:528: unmapped Write8 0x00000000 @ 0x00000B5A at PC 0x010F3548
[   5.565317] HW.Memory <Error> core\memory.cpp:Memory::MemorySystem::Write:528: unmapped Write8 0x00000000 @ 0x00000B5B at PC 0x010F3548
[   5.565317] HW.Memory <Error> core\memory.cpp:Memory::MemorySystem::Write:528: unmapped Write8 0x00000000 @ 0x00000B5C at PC 0x010F3548
[   5.565318] HW.Memory <Error> core\memory.cpp:Memory::MemorySystem::Write:528: unmapped Write8 0x00000000 @ 0x00000B5D at PC 0x010F3548
[   5.565318] HW.Memory <Error> core\memory.cpp:Memory::MemorySystem::Write:528: unmapped Write8 0x00000000 @ 0x00000B5E at PC 0x010F3548
[   5.565318] HW.Memory <Error> core\memory.cpp:Memory::MemorySystem::Write:528: unmapped Write8 0x00000000 @ 0x00000B5F at PC 0x010F3548
[   5.565319] HW.Memory <Error> core\memory.cpp:Memory::MemorySystem::Write:528: unmapped Write8 0x00000000 @ 0x00000B60 at PC 0x010F3548
[   5.565320] HW.Memory <Error> core\memory.cpp:Memory::MemorySystem::Write:528: unmapped Write8 0x00000000 @ 0x00000B61 at PC 0x010F3548
[   5.565320] HW.Memory <Error> core\memory.cpp:Memory::MemorySystem::Write:528: unmapped Write8 0x00000000 @ 0x00000B62 at PC 0x010F3548
[   5.565321] HW.Memory <Error> core\memory.cpp:Memory::MemorySystem::Write:528: unmapped Write8 0x00000000 @ 0x00000B63 at PC 0x010F3548
[   5.565321] HW.Memory <Error> core\memory.cpp:Memory::MemorySystem::Write:528: unmapped Write8 0x00000000 @ 0x00000B64 at PC 0x010F3548
[   5.565322] HW.Memory <Error> core\memory.cpp:Memory::MemorySystem::Write:528: unmapped Write8 0x00000000 @ 0x00000B65 at PC 0x010F3548
[   5.565322] HW.Memory <Error> core\memory.cpp:Memory::MemorySystem::Write:528: unmapped Write8 0x00000000 @ 0x00000B66 at PC 0x010F3548
[   5.565322] HW.Memory <Error> core\memory.cpp:Memory::MemorySystem::Write:528: unmapped Write8 0x00000000 @ 0x00000B67 at PC 0x010F3548
[   5.565323] HW.Memory <Error> core\memory.cpp:Memory::MemorySystem::Write:528: unmapped Write8 0x00000000 @ 0x00000B68 at PC 0x010F3548
[   5.565323] HW.Memory <Error> core\memory.cpp:Memory::MemorySystem::Write:528: unmapped Write8 0x00000000 @ 0x00000B69 at PC 0x010F3548
[   5.565324] HW.Memory <Error> core\memory.cpp:Memory::MemorySystem::Write:528: unmapped Write8 0x00000000 @ 0x00000B6A at PC 0x010F3548
[   5.565324] HW.Memory <Error> core\memory.cpp:Memory::MemorySystem::Write:528: unmapped Write8 0x00000000 @ 0x00000B6B at PC 0x010F3548
[   5.565325] HW.Memory <Error> core\memory.cpp:Memory::MemorySystem::Write:528: unmapped Write8 0x00000000 @ 0x00000B6C at PC 0x010F3548
[   5.565325] HW.Memory <Error> core\memory.cpp:Memory::MemorySystem::Write:528: unmapped Write8 0x00000000 @ 0x00000B6D at PC 0x010F3548
[   5.565326] HW.Memory <Error> core\memory.cpp:Memory::MemorySystem::Write:528: unmapped Write8 0x00000000 @ 0x00000B6E at PC 0x010F3548
[   5.565326] HW.Memory <Error> core\memory.cpp:Memory::MemorySystem::Write:528: unmapped Write8 0x00000000 @ 0x00000B6F at PC 0x010F3548
[   5.565327] HW.Memory <Error> core\memory.cpp:Memory::MemorySystem::Write:528: unmapped Write8 0x00000000 @ 0x00000B70 at PC 0x010F3548
[   5.565327] HW.Memory <Error> core\memory.cpp:Memory::MemorySystem::Write:528: unmapped Write8 0x00000000 @ 0x00000B71 at PC 0x010F3548
[   5.565328] HW.Memory <Error> core\memory.cpp:Memory::MemorySystem::Write:528: unmapped Write8 0x00000000 @ 0x00000B72 at PC 0x010F3548
[   5.565328] HW.Memory <Error> core\memory.cpp:Memory::MemorySystem::Write:528: unmapped Write8 0x00000000 @ 0x00000B73 at PC 0x010F3548
[   5.565329] HW.Memory <Error> core\memory.cpp:Memory::MemorySystem::Write:528: unmapped Write8 0x00000000 @ 0x00000B74 at PC 0x010F3548
[   5.565329] HW.Memory <Error> core\memory.cpp:Memory::MemorySystem::Write:528: unmapped Write8 0x00000000 @ 0x00000B75 at PC 0x010F3548
[   5.565330] HW.Memory <Error> core\memory.cpp:Memory::MemorySystem::Write:528: unmapped Write8 0x00000000 @ 0x00000B76 at PC 0x010F3548
[   5.565330] HW.Memory <Error> core\memory.cpp:Memory::MemorySystem::Write:528: unmapped Write8 0x00000000 @ 0x00000B77 at PC 0x010F3548
[   5.565331] HW.Memory <Error> core\memory.cpp:Memory::MemorySystem::Write:528: unmapped Write8 0x00000000 @ 0x00000B78 at PC 0x010F3548
[   5.565331] HW.Memory <Error> core\memory.cpp:Memory::MemorySystem::Write:528: unmapped Write8 0x00000000 @ 0x00000B79 at PC 0x010F3548
[   5.565332] HW.Memory <Error> core\memory.cpp:Memory::MemorySystem::Write:528: unmapped Write8 0x00000000 @ 0x00000B7A at PC 0x010F3548
[   5.565332] HW.Memory <Error> core\memory.cpp:Memory::MemorySystem::Write:528: unmapped Write8 0x00000000 @ 0x00000B7B at PC 0x010F3548
[   5.565333] HW.Memory <Error> core\memory.cpp:Memory::MemorySystem::Write:528: unmapped Write8 0x00000000 @ 0x00000B7C at PC 0x010F3548
[   5.565333] HW.Memory <Error> core\memory.cpp:Memory::MemorySystem::Write:528: unmapped Write8 0x00000000 @ 0x00000B7D at PC 0x010F3548
[   5.565334] HW.Memory <Error> core\memory.cpp:Memory::MemorySystem::Write:528: unmapped Write8 0x00000000 @ 0x00000B7E at PC 0x010F3548
[   5.565334] HW.Memory <Error> core\memory.cpp:Memory::MemorySystem::Write:528: unmapped Write8 0x00000000 @ 0x00000B7F at PC 0x010F3548
[   5.565335] HW.Memory <Error> core\memory.cpp:Memory::MemorySystem::Write:528: unmapped Write8 0x00000000 @ 0x00000B80 at PC 0x010F3548
[   5.565335] HW.Memory <Error> core\memory.cpp:Memory::MemorySystem::Write:528: unmapped Write8 0x00000000 @ 0x00000B81 at PC 0x010F3548
[   5.565335] HW.Memory <Error> core\memory.cpp:Memory::MemorySystem::Write:528: unmapped Write8 0x00000000 @ 0x00000B82 at PC 0x010F3548
[   5.565336] HW.Memory <Error> core\memory.cpp:Memory::MemorySystem::Write:528: unmapped Write8 0x00000000 @ 0x00000B83 at PC 0x010F3548
[   5.565336] HW.Memory <Error> core\memory.cpp:Memory::MemorySystem::Write:528: unmapped Write8 0x00000000 @ 0x00000B84 at PC 0x010F3548
[   5.565337] HW.Memory <Error> core\memory.cpp:Memory::MemorySystem::Write:528: unmapped Write8 0x00000000 @ 0x00000B85 at PC 0x010F3548
[   5.565337] HW.Memory <Error> core\memory.cpp:Memory::MemorySystem::Write:528: unmapped Write8 0x00000000 @ 0x00000B86 at PC 0x010F3548
[   5.565338] HW.Memory <Error> core\memory.cpp:Memory::MemorySystem::Write:528: unmapped Write8 0x00000000 @ 0x00000B87 at PC 0x010F3548
[   5.565338] HW.Memory <Error> core\memory.cpp:Memory::MemorySystem::Write:528: unmapped Write8 0x00000000 @ 0x00000B88 at PC 0x010F3548
[   5.565339] HW.Memory <Error> core\memory.cpp:Memory::MemorySystem::Write:528: unmapped Write8 0x00000000 @ 0x00000B89 at PC 0x010F3548
[   5.565339] HW.Memory <Error> core\memory.cpp:Memory::MemorySystem::Write:528: unmapped Write8 0x00000000 @ 0x00000B8A at PC 0x010F3548
[   5.565340] HW.Memory <Error> core\memory.cpp:Memory::MemorySystem::Write:528: unmapped Write8 0x00000000 @ 0x00000B8B at PC 0x010F3548
[   5.565340] HW.Memory <Error> core\memory.cpp:Memory::MemorySystem::Write:528: unmapped Write8 0x00000000 @ 0x00000B8C at PC 0x010F3548
[   5.565341] HW.Memory <Error> core\memory.cpp:Memory::MemorySystem::Write:528: unmapped Write8 0x00000000 @ 0x00000B8D at PC 0x010F3548
[   5.565341] HW.Memory <Error> core\memory.cpp:Memory::MemorySystem::Write:528: unmapped Write8 0x00000000 @ 0x00000B8E at PC 0x010F3548
[   5.565342] HW.Memory <Error> core\memory.cpp:Memory::MemorySystem::Write:528: unmapped Write8 0x00000000 @ 0x00000B8F at PC 0x010F3548
[   5.565342] HW.Memory <Error> core\memory.cpp:Memory::MemorySystem::Write:528: unmapped Write8 0x00000000 @ 0x00000B90 at PC 0x010F3548
[   5.565343] HW.Memory <Error> core\memory.cpp:Memory::MemorySystem::Write:528: unmapped Write8 0x00000000 @ 0x00000B91 at PC 0x010F3548
[   5.565343] HW.Memory <Error> core\memory.cpp:Memory::MemorySystem::Write:528: unmapped Write8 0x00000000 @ 0x00000B92 at PC 0x010F3548
[   5.565344] HW.Memory <Error> core\memory.cpp:Memory::MemorySystem::Write:528: unmapped Write8 0x00000000 @ 0x00000B93 at PC 0x010F3548
[   5.565344] HW.Memory <Error> core\memory.cpp:Memory::MemorySystem::Write:528: unmapped Write8 0x00000000 @ 0x00000B94 at PC 0x010F3548
[   5.565344] HW.Memory <Error> core\memory.cpp:Memory::MemorySystem::Write:528: unmapped Write8 0x00000000 @ 0x00000B95 at PC 0x010F3548
[   5.565345] HW.Memory <Error> core\memory.cpp:Memory::MemorySystem::Write:528: unmapped Write8 0x00000000 @ 0x00000B96 at PC 0x010F3548
[   5.565345] HW.Memory <Error> core\memory.cpp:Memory::MemorySystem::Write:528: unmapped Write8 0x00000000 @ 0x00000B97 at PC 0x010F3548
[   5.565346] HW.Memory <Error> core\memory.cpp:Memory::MemorySystem::Write:528: unmapped Write8 0x00000000 @ 0x00000B98 at PC 0x010F3548
[   5.565346] HW.Memory <Error> core\memory.cpp:Memory::MemorySystem::Write:528: unmapped Write8 0x00000000 @ 0x00000B99 at PC 0x010F3548
[   5.565347] HW.Memory <Error> core\memory.cpp:Memory::MemorySystem::Write:528: unmapped Write8 0x00000000 @ 0x00000B9A at PC 0x010F3548
[   5.565347] HW.Memory <Error> core\memory.cpp:Memory::MemorySystem::Write:528: unmapped Write8 0x00000000 @ 0x00000B9B at PC 0x010F3548
[   5.565348] HW.Memory <Error> core\memory.cpp:Memory::MemorySystem::Write:528: unmapped Write8 0x00000000 @ 0x00000B9C at PC 0x010F3548
[   5.565348] HW.Memory <Error> core\memory.cpp:Memory::MemorySystem::Write:528: unmapped Write8 0x00000000 @ 0x00000B9D at PC 0x010F3548
[   5.565349] HW.Memory <Error> core\memory.cpp:Memory::MemorySystem::Write:528: unmapped Write8 0x00000000 @ 0x00000B9E at PC 0x010F3548
[   5.565349] HW.Memory <Error> core\memory.cpp:Memory::MemorySystem::Write:528: unmapped Write8 0x00000000 @ 0x00000B9F at PC 0x010F3548
[   5.565350] HW.Memory <Error> core\memory.cpp:Memory::MemorySystem::Write:528: unmapped Write8 0x00000000 @ 0x00000BA0 at PC 0x010F3548
[   5.565350] HW.Memory <Error> core\memory.cpp:Memory::MemorySystem::Write:528: unmapped Write8 0x00000000 @ 0x00000BA1 at PC 0x010F3548
[   5.565351] HW.Memory <Error> core\memory.cpp:Memory::MemorySystem::Write:528: unmapped Write8 0x00000000 @ 0x00000BA2 at PC 0x010F3548
[   5.565351] HW.Memory <Error> core\memory.cpp:Memory::MemorySystem::Write:528: unmapped Write8 0x00000000 @ 0x00000BA3 at PC 0x010F3548
[   5.565352] HW.Memory <Error> core\memory.cpp:Memory::MemorySystem::Write:528: unmapped Write8 0x00000000 @ 0x00000BA4 at PC 0x010F3548
[   5.565352] HW.Memory <Error> core\memory.cpp:Memory::MemorySystem::Write:528: unmapped Write8 0x00000000 @ 0x00000BA5 at PC 0x010F3548
[   5.565353] HW.Memory <Error> core\memory.cpp:Memory::MemorySystem::Write:528: unmapped Write8 0x00000000 @ 0x00000BA6 at PC 0x010F3548
[   5.565353] HW.Memory <Error> core\memory.cpp:Memory::MemorySystem::Write:528: unmapped Write8 0x00000000 @ 0x00000BA7 at PC 0x010F3548
[   5.565354] HW.Memory <Error> core\memory.cpp:Memory::MemorySystem::Write:528: unmapped Write8 0x00000000 @ 0x00000BA8 at PC 0x010F3548
[   5.565354] HW.Memory <Error> core\memory.cpp:Memory::MemorySystem::Write:528: unmapped Write8 0x00000000 @ 0x00000BA9 at PC 0x010F3548
[   5.565355] HW.Memory <Error> core\memory.cpp:Memory::MemorySystem::Write:528: unmapped Write8 0x00000000 @ 0x00000BAA at PC 0x010F3548
[   5.565355] HW.Memory <Error> core\memory.cpp:Memory::MemorySystem::Write:528: unmapped Write8 0x00000000 @ 0x00000BAB at PC 0x010F3548
[   5.565356] HW.Memory <Error> core\memory.cpp:Memory::MemorySystem::Write:528: unmapped Write8 0x00000000 @ 0x00000BAC at PC 0x010F3548
[   5.565356] HW.Memory <Error> core\memory.cpp:Memory::MemorySystem::Write:528: unmapped Write8 0x00000000 @ 0x00000BAD at PC 0x010F3548
[   5.565357] HW.Memory <Error> core\memory.cpp:Memory::MemorySystem::Write:528: unmapped Write8 0x00000000 @ 0x00000BAE at PC 0x010F3548
[   5.565357] HW.Memory <Error> core\memory.cpp:Memory::MemorySystem::Write:528: unmapped Write8 0x00000000 @ 0x00000BAF at PC 0x010F3548
[   5.565358] HW.Memory <Error> core\memory.cpp:Memory::MemorySystem::Write:528: unmapped Write8 0x00000000 @ 0x00000BB0 at PC 0x010F3548
[   5.565358] HW.Memory <Error> core\memory.cpp:Memory::MemorySystem::Write:528: unmapped Write8 0x00000000 @ 0x00000BB1 at PC 0x010F3548
[   5.565359] HW.Memory <Error> core\memory.cpp:Memory::MemorySystem::Write:528: unmapped Write8 0x00000000 @ 0x00000BB2 at PC 0x010F3548
[   5.565359] HW.Memory <Error> core\memory.cpp:Memory::MemorySystem::Write:528: unmapped Write8 0x00000000 @ 0x00000BB3 at PC 0x010F3548
[   5.565360] HW.Memory <Error> core\memory.cpp:Memory::MemorySystem::Write:528: unmapped Write8 0x00000000 @ 0x00000BB4 at PC 0x010F3548
[   5.565360] HW.Memory <Error> core\memory.cpp:Memory::MemorySystem::Write:528: unmapped Write8 0x00000000 @ 0x00000BB5 at PC 0x010F3548
[   5.565361] HW.Memory <Error> core\memory.cpp:Memory::MemorySystem::Write:528: unmapped Write8 0x00000000 @ 0x00000BB6 at PC 0x010F3548
[   5.565361] HW.Memory <Error> core\memory.cpp:Memory::MemorySystem::Write:528: unmapped Write8 0x00000000 @ 0x00000BB7 at PC 0x010F3548
[   5.565362] HW.Memory <Error> core\memory.cpp:Memory::MemorySystem::Write:528: unmapped Write8 0x00000000 @ 0x00000BB8 at PC 0x010F3548
[   5.565362] HW.Memory <Error> core\memory.cpp:Memory::MemorySystem::Write:528: unmapped Write8 0x00000000 @ 0x00000BB9 at PC 0x010F3548
[   5.565363] HW.Memory <Error> core\memory.cpp:Memory::MemorySystem::Write:528: unmapped Write8 0x00000000 @ 0x00000BBA at PC 0x010F3548
[   5.565363] HW.Memory <Error> core\memory.cpp:Memory::MemorySystem::Write:528: unmapped Write8 0x00000000 @ 0x00000BBB at PC 0x010F3548
[   5.565364] HW.Memory <Error> core\memory.cpp:Memory::MemorySystem::Write:528: unmapped Write8 0x00000000 @ 0x00000BBC at PC 0x010F3548
[   5.565364] HW.Memory <Error> core\memory.cpp:Memory::MemorySystem::Write:528: unmapped Write8 0x00000000 @ 0x00000BBD at PC 0x010F3548
[   5.565365] HW.Memory <Error> core\memory.cpp:Memory::MemorySystem::Write:528: unmapped Write8 0x00000000 @ 0x00000BBE at PC 0x010F3548
[   5.565365] HW.Memory <Error> core\memory.cpp:Memory::MemorySystem::Write:528: unmapped Write8 0x00000000 @ 0x00000BBF at PC 0x010F3548
[   5.565366] HW.Memory <Error> core\memory.cpp:Memory::MemorySystem::Write:528: unmapped Write8 0x00000000 @ 0x00000BC0 at PC 0x010F3548
[   5.565366] HW.Memory <Error> core\memory.cpp:Memory::MemorySystem::Write:528: unmapped Write8 0x00000000 @ 0x00000BC1 at PC 0x010F3548
[   5.565367] HW.Memory <Error> core\memory.cpp:Memory::MemorySystem::Write:528: unmapped Write8 0x00000000 @ 0x00000BC2 at PC 0x010F3548
[   5.565367] HW.Memory <Error> core\memory.cpp:Memory::MemorySystem::Write:528: unmapped Write8 0x00000000 @ 0x00000BC3 at PC 0x010F3548
[   5.565368] HW.Memory <Error> core\memory.cpp:Memory::MemorySystem::Write:528: unmapped Write8 0x00000000 @ 0x00000BC4 at PC 0x010F3548
[   5.565368] HW.Memory <Error> core\memory.cpp:Memory::MemorySystem::Write:528: unmapped Write8 0x00000000 @ 0x00000BC5 at PC 0x010F3548
[   5.565369] HW.Memory <Error> core\memory.cpp:Memory::MemorySystem::Write:528: unmapped Write8 0x00000000 @ 0x00000BC6 at PC 0x010F3548
[   5.565369] HW.Memory <Error> core\memory.cpp:Memory::MemorySystem::Write:528: unmapped Write8 0x00000000 @ 0x00000BC7 at PC 0x010F3548
[   5.565370] HW.Memory <Error> core\memory.cpp:Memory::MemorySystem::Write:528: unmapped Write8 0x00000000 @ 0x00000BC8 at PC 0x010F3548
[   5.565370] HW.Memory <Error> core\memory.cpp:Memory::MemorySystem::Write:528: unmapped Write8 0x00000000 @ 0x00000BC9 at PC 0x010F3548
[   5.565371] HW.Memory <Error> core\memory.cpp:Memory::MemorySystem::Write:528: unmapped Write8 0x00000000 @ 0x00000BCA at PC 0x010F3548
[   5.565371] HW.Memory <Error> core\memory.cpp:Memory::MemorySystem::Write:528: unmapped Write8 0x00000000 @ 0x00000BCB at PC 0x010F3548
[   5.565372] HW.Memory <Error> core\memory.cpp:Memory::MemorySystem::Write:528: unmapped Write8 0x00000000 @ 0x00000BCC at PC 0x010F3548
[   5.565372] HW.Memory <Error> core\memory.cpp:Memory::MemorySystem::Write:528: unmapped Write8 0x00000000 @ 0x00000BCD at PC 0x010F3548
[   5.565373] HW.Memory <Error> core\memory.cpp:Memory::MemorySystem::Write:528: unmapped Write8 0x00000000 @ 0x00000BCE at PC 0x010F3548
[   5.565373] HW.Memory <Error> core\memory.cpp:Memory::MemorySystem::Write:528: unmapped Write8 0x00000000 @ 0x00000BCF at PC 0x010F3548
[   5.565374] HW.Memory <Error> core\memory.cpp:Memory::MemorySystem::Write:528: unmapped Write8 0x00000000 @ 0x00000BD0 at PC 0x010F3548
[   5.565374] HW.Memory <Error> core\memory.cpp:Memory::MemorySystem::Write:528: unmapped Write8 0x00000000 @ 0x00000BD1 at PC 0x010F3548
[   5.565375] HW.Memory <Error> core\memory.cpp:Memory::MemorySystem::Write:528: unmapped Write8 0x00000000 @ 0x00000BD2 at PC 0x010F3548
[   5.565375] HW.Memory <Error> core\memory.cpp:Memory::MemorySystem::Write:528: unmapped Write8 0x00000000 @ 0x00000BD3 at PC 0x010F3548
[   5.565376] HW.Memory <Error> core\memory.cpp:Memory::MemorySystem::Write:528: unmapped Write8 0x00000000 @ 0x00000BD4 at PC 0x010F3548
[   5.565376] HW.Memory <Error> core\memory.cpp:Memory::MemorySystem::Write:528: unmapped Write8 0x00000000 @ 0x00000BD5 at PC 0x010F3548
[   5.565376] HW.Memory <Error> core\memory.cpp:Memory::MemorySystem::Write:528: unmapped Write8 0x00000000 @ 0x00000BD6 at PC 0x010F3548
[   5.565377] HW.Memory <Error> core\memory.cpp:Memory::MemorySystem::Write:528: unmapped Write8 0x00000000 @ 0x00000BD7 at PC 0x010F3548
[   5.565377] HW.Memory <Error> core\memory.cpp:Memory::MemorySystem::Write:528: unmapped Write8 0x00000000 @ 0x00000BD8 at PC 0x010F3548
[   5.565378] HW.Memory <Error> core\memory.cpp:Memory::MemorySystem::Write:528: unmapped Write8 0x00000000 @ 0x00000BD9 at PC 0x010F3548
[   5.565378] HW.Memory <Error> core\memory.cpp:Memory::MemorySystem::Write:528: unmapped Write8 0x00000000 @ 0x00000BDA at PC 0x010F3548
[   5.565379] HW.Memory <Error> core\memory.cpp:Memory::MemorySystem::Write:528: unmapped Write8 0x00000000 @ 0x00000BDB at PC 0x010F3548
[   5.565379] HW.Memory <Error> core\memory.cpp:Memory::MemorySystem::Write:528: unmapped Write8 0x00000000 @ 0x00000BDC at PC 0x010F3548
[   5.565380] HW.Memory <Error> core\memory.cpp:Memory::MemorySystem::Write:528: unmapped Write8 0x00000000 @ 0x00000BDD at PC 0x010F3548
[   5.565380] HW.Memory <Error> core\memory.cpp:Memory::MemorySystem::Write:528: unmapped Write8 0x00000000 @ 0x00000BDE at PC 0x010F3548
[   5.565381] HW.Memory <Error> core\memory.cpp:Memory::MemorySystem::Write:528: unmapped Write8 0x00000000 @ 0x00000BDF at PC 0x010F3548
[   5.565381] HW.Memory <Error> core\memory.cpp:Memory::MemorySystem::Write:528: unmapped Write8 0x00000000 @ 0x00000BE0 at PC 0x010F3548
[   5.565382] HW.Memory <Error> core\memory.cpp:Memory::MemorySystem::Write:528: unmapped Write8 0x00000000 @ 0x00000BE1 at PC 0x010F3548
[   5.565382] HW.Memory <Error> core\memory.cpp:Memory::MemorySystem::Write:528: unmapped Write8 0x00000000 @ 0x00000BE2 at PC 0x010F3548
[   5.565383] HW.Memory <Error> core\memory.cpp:Memory::MemorySystem::Write:528: unmapped Write8 0x00000000 @ 0x00000BE3 at PC 0x010F3548
[   5.565383] HW.Memory <Error> core\memory.cpp:Memory::MemorySystem::Write:528: unmapped Write8 0x00000000 @ 0x00000BE4 at PC 0x010F3548
[   5.565384] HW.Memory <Error> core\memory.cpp:Memory::MemorySystem::Write:528: unmapped Write8 0x00000000 @ 0x00000BE5 at PC 0x010F3548
[   5.565384] HW.Memory <Error> core\memory.cpp:Memory::MemorySystem::Write:528: unmapped Write8 0x00000000 @ 0x00000BE6 at PC 0x010F3548
[   5.565385] HW.Memory <Error> core\memory.cpp:Memory::MemorySystem::Write:528: unmapped Write8 0x00000000 @ 0x00000BE7 at PC 0x010F3548
[   5.565385] HW.Memory <Error> core\memory.cpp:Memory::MemorySystem::Write:528: unmapped Write8 0x00000000 @ 0x00000BE8 at PC 0x010F3548
[   5.565386] HW.Memory <Error> core\memory.cpp:Memory::MemorySystem::Write:528: unmapped Write8 0x00000000 @ 0x00000BE9 at PC 0x010F3548
[   5.565386] HW.Memory <Error> core\memory.cpp:Memory::MemorySystem::Write:528: unmapped Write8 0x00000000 @ 0x00000BEA at PC 0x010F3548
[   5.565387] HW.Memory <Error> core\memory.cpp:Memory::MemorySystem::Write:528: unmapped Write8 0x00000000 @ 0x00000BEB at PC 0x010F3548
[   5.565387] HW.Memory <Error> core\memory.cpp:Memory::MemorySystem::Write:528: unmapped Write8 0x00000000 @ 0x00000BEC at PC 0x010F3548
[   5.565388] HW.Memory <Error> core\memory.cpp:Memory::MemorySystem::Write:528: unmapped Write8 0x00000000 @ 0x00000BED at PC 0x010F3548
[   5.565388] HW.Memory <Error> core\memory.cpp:Memory::MemorySystem::Write:528: unmapped Write8 0x00000000 @ 0x00000BEE at PC 0x010F3548
[   5.565388] HW.Memory <Error> core\memory.cpp:Memory::MemorySystem::Write:528: unmapped Write8 0x00000000 @ 0x00000BEF at PC 0x010F3548
[   5.565389] HW.Memory <Error> core\memory.cpp:Memory::MemorySystem::Write:528: unmapped Write8 0x00000000 @ 0x00000BF0 at PC 0x010F3548
[   5.565389] HW.Memory <Error> core\memory.cpp:Memory::MemorySystem::Write:528: unmapped Write8 0x00000000 @ 0x00000BF1 at PC 0x010F3548
[   5.565390] HW.Memory <Error> core\memory.cpp:Memory::MemorySystem::Write:528: unmapped Write8 0x00000000 @ 0x00000BF2 at PC 0x010F3548
[   5.565390] HW.Memory <Error> core\memory.cpp:Memory::MemorySystem::Write:528: unmapped Write8 0x00000000 @ 0x00000BF3 at PC 0x010F3548
[   5.565391] HW.Memory <Error> core\memory.cpp:Memory::MemorySystem::Write:528: unmapped Write8 0x00000000 @ 0x00000BF4 at PC 0x010F3548
[   5.565391] HW.Memory <Error> core\memory.cpp:Memory::MemorySystem::Write:528: unmapped Write8 0x00000000 @ 0x00000BF5 at PC 0x010F3548
[   5.565392] HW.Memory <Error> core\memory.cpp:Memory::MemorySystem::Write:528: unmapped Write8 0x00000000 @ 0x00000BF6 at PC 0x010F3548
[   5.565392] HW.Memory <Error> core\memory.cpp:Memory::MemorySystem::Write:528: unmapped Write8 0x00000000 @ 0x00000BF7 at PC 0x010F3548
[   5.565393] HW.Memory <Error> core\memory.cpp:Memory::MemorySystem::Write:528: unmapped Write8 0x00000000 @ 0x00000BF8 at PC 0x010F3548
[   5.565393] HW.Memory <Error> core\memory.cpp:Memory::MemorySystem::Write:528: unmapped Write8 0x00000000 @ 0x00000BF9 at PC 0x010F3548
[   5.565394] HW.Memory <Error> core\memory.cpp:Memory::MemorySystem::Write:528: unmapped Write8 0x00000000 @ 0x00000BFA at PC 0x010F3548
[   5.565394] HW.Memory <Error> core\memory.cpp:Memory::MemorySystem::Write:528: unmapped Write8 0x00000000 @ 0x00000BFB at PC 0x010F3548
[   5.565395] HW.Memory <Error> core\memory.cpp:Memory::MemorySystem::Write:528: unmapped Write8 0x00000000 @ 0x00000BFC at PC 0x010F3548
[   5.565395] HW.Memory <Error> core\memory.cpp:Memory::MemorySystem::Write:528: unmapped Write8 0x00000000 @ 0x00000BFD at PC 0x010F3548
[   5.565396] HW.Memory <Error> core\memory.cpp:Memory::MemorySystem::Write:528: unmapped Write8 0x00000000 @ 0x00000BFE at PC 0x010F3548
[   5.565396] HW.Memory <Error> core\memory.cpp:Memory::MemorySystem::Write:528: unmapped Write8 0x00000000 @ 0x00000BFF at PC 0x010F3548
[   5.565397] HW.Memory <Error> core\memory.cpp:Memory::MemorySystem::Write:528: unmapped Write8 0x00000000 @ 0x00000C00 at PC 0x010F3548
[   5.565397] HW.Memory <Error> core\memory.cpp:Memory::MemorySystem::Write:528: unmapped Write8 0x00000000 @ 0x00000C01 at PC 0x010F3548
[   5.565398] HW.Memory <Error> core\memory.cpp:Memory::MemorySystem::Write:528: unmapped Write8 0x00000000 @ 0x00000C02 at PC 0x010F3548
[   5.565398] HW.Memory <Error> core\memory.cpp:Memory::MemorySystem::Write:528: unmapped Write8 0x00000000 @ 0x00000C03 at PC 0x010F3548
[   5.565399] HW.Memory <Error> core\memory.cpp:Memory::MemorySystem::Write:528: unmapped Write8 0x00000000 @ 0x00000C04 at PC 0x010F3548
[   5.565399] HW.Memory <Error> core\memory.cpp:Memory::MemorySystem::Write:528: unmapped Write8 0x00000000 @ 0x00000C05 at PC 0x010F3548
[   5.565400] HW.Memory <Error> core\memory.cpp:Memory::MemorySystem::Write:528: unmapped Write8 0x00000000 @ 0x00000C06 at PC 0x010F3548
[   5.565400] HW.Memory <Error> core\memory.cpp:Memory::MemorySystem::Write:528: unmapped Write8 0x00000000 @ 0x00000C07 at PC 0x010F3548
[   5.565400] HW.Memory <Error> core\memory.cpp:Memory::MemorySystem::Write:528: unmapped Write8 0x00000000 @ 0x00000C08 at PC 0x010F3548
[   5.565401] HW.Memory <Error> core\memory.cpp:Memory::MemorySystem::Write:528: unmapped Write8 0x00000000 @ 0x00000C09 at PC 0x010F3548
[   5.565401] HW.Memory <Error> core\memory.cpp:Memory::MemorySystem::Write:528: unmapped Write8 0x00000000 @ 0x00000C0A at PC 0x010F3548
[   5.565402] HW.Memory <Error> core\memory.cpp:Memory::MemorySystem::Write:528: unmapped Write8 0x00000000 @ 0x00000C0B at PC 0x010F3548
[   5.565402] HW.Memory <Error> core\memory.cpp:Memory::MemorySystem::Write:528: unmapped Write8 0x00000000 @ 0x00000C0C at PC 0x010F3548
[   5.565403] HW.Memory <Error> core\memory.cpp:Memory::MemorySystem::Write:528: unmapped Write8 0x00000000 @ 0x00000C0D at PC 0x010F3548
[   5.565403] HW.Memory <Error> core\memory.cpp:Memory::MemorySystem::Write:528: unmapped Write8 0x00000000 @ 0x00000C0E at PC 0x010F3548
[   5.565404] HW.Memory <Error> core\memory.cpp:Memory::MemorySystem::Write:528: unmapped Write8 0x00000000 @ 0x00000C0F at PC 0x010F3548
[   5.565404] HW.Memory <Error> core\memory.cpp:Memory::MemorySystem::Write:528: unmapped Write8 0x00000000 @ 0x00000C10 at PC 0x010F3548
[   5.565405] HW.Memory <Error> core\memory.cpp:Memory::MemorySystem::Write:528: unmapped Write8 0x00000000 @ 0x00000C11 at PC 0x010F3548
[   5.565405] HW.Memory <Error> core\memory.cpp:Memory::MemorySystem::Write:528: unmapped Write8 0x00000000 @ 0x00000C12 at PC 0x010F3548
[   5.565406] HW.Memory <Error> core\memory.cpp:Memory::MemorySystem::Write:528: unmapped Write8 0x00000000 @ 0x00000C13 at PC 0x010F3548
[   5.565406] HW.Memory <Error> core\memory.cpp:Memory::MemorySystem::Write:528: unmapped Write8 0x00000000 @ 0x00000C14 at PC 0x010F3548
[   5.565407] HW.Memory <Error> core\memory.cpp:Memory::MemorySystem::Write:528: unmapped Write8 0x00000000 @ 0x00000C15 at PC 0x010F3548
[   5.565407] HW.Memory <Error> core\memory.cpp:Memory::MemorySystem::Write:528: unmapped Write8 0x00000000 @ 0x00000C16 at PC 0x010F3548
[   5.565408] HW.Memory <Error> core\memory.cpp:Memory::MemorySystem::Write:528: unmapped Write8 0x00000000 @ 0x00000C17 at PC 0x010F3548
[   5.565408] HW.Memory <Error> core\memory.cpp:Memory::MemorySystem::Write:528: unmapped Write8 0x00000000 @ 0x00000C18 at PC 0x010F3548
[   5.565409] HW.Memory <Error> core\memory.cpp:Memory::MemorySystem::Write:528: unmapped Write8 0x00000000 @ 0x00000C19 at PC 0x010F3548
[   5.565409] HW.Memory <Error> core\memory.cpp:Memory::MemorySystem::Write:528: unmapped Write8 0x00000000 @ 0x00000C1A at PC 0x010F3548
[   5.565410] HW.Memory <Error> core\memory.cpp:Memory::MemorySystem::Write:528: unmapped Write8 0x00000000 @ 0x00000C1B at PC 0x010F3548
[   5.565410] HW.Memory <Error> core\memory.cpp:Memory::MemorySystem::Write:528: unmapped Write8 0x00000000 @ 0x00000C1C at PC 0x010F3548
[   5.565411] HW.Memory <Error> core\memory.cpp:Memory::MemorySystem::Write:528: unmapped Write8 0x00000000 @ 0x00000C1D at PC 0x010F3548
[   5.565411] HW.Memory <Error> core\memory.cpp:Memory::MemorySystem::Write:528: unmapped Write8 0x00000000 @ 0x00000C1E at PC 0x010F3548
[   5.565412] HW.Memory <Error> core\memory.cpp:Memory::MemorySystem::Write:528: unmapped Write8 0x00000000 @ 0x00000C1F at PC 0x010F3548
[   5.565412] HW.Memory <Error> core\memory.cpp:Memory::MemorySystem::Write:528: unmapped Write8 0x00000000 @ 0x00000C20 at PC 0x010F3548
[   5.565413] HW.Memory <Error> core\memory.cpp:Memory::MemorySystem::Write:528: unmapped Write8 0x00000000 @ 0x00000C21 at PC 0x010F3548
[   5.565413] HW.Memory <Error> core\memory.cpp:Memory::MemorySystem::Write:528: unmapped Write8 0x00000000 @ 0x00000C22 at PC 0x010F3548
[   5.565414] HW.Memory <Error> core\memory.cpp:Memory::MemorySystem::Write:528: unmapped Write8 0x00000000 @ 0x00000C23 at PC 0x010F3548
[   5.565414] HW.Memory <Error> core\memory.cpp:Memory::MemorySystem::Write:528: unmapped Write8 0x00000000 @ 0x00000C24 at PC 0x010F3548
[   5.565415] HW.Memory <Error> core\memory.cpp:Memory::MemorySystem::Write:528: unmapped Write8 0x00000000 @ 0x00000C25 at PC 0x010F3548
[   5.565416] HW.Memory <Error> core\memory.cpp:Memory::MemorySystem::Write:528: unmapped Write8 0x00000000 @ 0x00000C26 at PC 0x010F3548
[   5.565416] HW.Memory <Error> core\memory.cpp:Memory::MemorySystem::Write:528: unmapped Write8 0x00000000 @ 0x00000C27 at PC 0x010F3548
[   5.565417] HW.Memory <Error> core\memory.cpp:Memory::MemorySystem::Read:479: unmapped Read8 @ 0x00000C28 at PC 0x010F348C
[   5.565417] HW.Memory <Error> core\memory.cpp:Memory::MemorySystem::Read:479: unmapped Read8 @ 0x00000828 at PC 0x010F348C
[   5.565418] HW.Memory <Error> core\memory.cpp:Memory::MemorySystem::Write:528: unmapped Write16 0x00000000 @ 0x00000024 at PC 0x010F34D0
[   5.565590] HW.Memory <Error> core\memory.cpp:Memory::MemorySystem::Impl::ReadBlockImpl:178: unmapped ReadBlock @ 0x00000024 (start address = 0x00000024, size = 2) at PC 0x010F0A78
[   5.565594] Service.FS <Error> core\file_sys\archive_sdmc.cpp:FileSys::DeleteDirectoryHelper:183: Invalid path [Wchar: ]
[   5.567120] HW.Memory <Error> core\memory.cpp:Memory::MemorySystem::Write:528: unmapped Write8 0x0000002F @ 0x00000828 at PC 0x010F3548
[   5.567121] HW.Memory <Error> core\memory.cpp:Memory::MemorySystem::Write:528: unmapped Write8 0x0000006F @ 0x00000829 at PC 0x010F3548
[   5.567121] HW.Memory <Error> core\memory.cpp:Memory::MemorySystem::Write:528: unmapped Write8 0x00000070 @ 0x0000082A at PC 0x010F3548
[   5.567122] HW.Memory <Error> core\memory.cpp:Memory::MemorySystem::Write:528: unmapped Write8 0x00000065 @ 0x0000082B at PC 0x010F3548
[   5.567122] HW.Memory <Error> core\memory.cpp:Memory::MemorySystem::Write:528: unmapped Write8 0x0000006E @ 0x0000082C at PC 0x010F3548
[   5.567123] HW.Memory <Error> core\memory.cpp:Memory::MemorySystem::Write:528: unmapped Write8 0x00000073 @ 0x0000082D at PC 0x010F3548
[   5.567123] HW.Memory <Error> core\memory.cpp:Memory::MemorySystem::Write:528: unmapped Write8 0x00000062 @ 0x0000082E at PC 0x010F3548
[   5.567124] HW.Memory <Error> core\memory.cpp:Memory::MemorySystem::Write:528: unmapped Write8 0x0000005F @ 0x0000082F at PC 0x010F3548
[   5.567124] HW.Memory <Error> core\memory.cpp:Memory::MemorySystem::Write:528: unmapped Write8 0x0000006D @ 0x00000830 at PC 0x010F3548
[   5.567125] HW.Memory <Error> core\memory.cpp:Memory::MemorySystem::Write:528: unmapped Write8 0x00000061 @ 0x00000831 at PC 0x010F3548
[   5.567125] HW.Memory <Error> core\memory.cpp:Memory::MemorySystem::Write:528: unmapped Write8 0x00000069 @ 0x00000832 at PC 0x010F3548
[   5.567126] HW.Memory <Error> core\memory.cpp:Memory::MemorySystem::Write:528: unmapped Write8 0x0000006E @ 0x00000833 at PC 0x010F3548
[   5.567126] HW.Memory <Error> core\memory.cpp:Memory::MemorySystem::Write:528: unmapped Write8 0x0000002E @ 0x00000834 at PC 0x010F3548
[   5.567127] HW.Memory <Error> core\memory.cpp:Memory::MemorySystem::Write:528: unmapped Write8 0x0000006C @ 0x00000835 at PC 0x010F3548
[   5.567127] HW.Memory <Error> core\memory.cpp:Memory::MemorySystem::Write:528: unmapped Write8 0x0000006F @ 0x00000836 at PC 0x010F3548
[   5.567128] HW.Memory <Error> core\memory.cpp:Memory::MemorySystem::Write:528: unmapped Write8 0x00000067 @ 0x00000837 at PC 0x010F3548
[   5.567129] HW.Memory <Error> core\memory.cpp:Memory::MemorySystem::Write:528: unmapped Write8 0x00000000 @ 0x00000838 at PC 0x010F3548
[   5.567129] HW.Memory <Error> core\memory.cpp:Memory::MemorySystem::Write:528: unmapped Write8 0x00000000 @ 0x00000839 at PC 0x010F3548
[   5.567130] HW.Memory <Error> core\memory.cpp:Memory::MemorySystem::Write:528: unmapped Write8 0x00000000 @ 0x0000083A at PC 0x010F3548
[   5.567130] HW.Memory <Error> core\memory.cpp:Memory::MemorySystem::Write:528: unmapped Write8 0x00000000 @ 0x0000083B at PC 0x010F3548
[   5.567131] HW.Memory <Error> core\memory.cpp:Memory::MemorySystem::Write:528: unmapped Write8 0x00000000 @ 0x0000083C at PC 0x010F3548
[   5.567131] HW.Memory <Error> core\memory.cpp:Memory::MemorySystem::Write:528: unmapped Write8 0x00000000 @ 0x0000083D at PC 0x010F3548
[   5.567132] HW.Memory <Error> core\memory.cpp:Memory::MemorySystem::Write:528: unmapped Write8 0x00000000 @ 0x0000083E at PC 0x010F3548
[   5.567132] HW.Memory <Error> core\memory.cpp:Memory::MemorySystem::Write:528: unmapped Write8 0x00000000 @ 0x0000083F at PC 0x010F3548
[   5.567133] HW.Memory <Error> core\memory.cpp:Memory::MemorySystem::Write:528: unmapped Write8 0x00000000 @ 0x00000840 at PC 0x010F3548
[   5.567134] HW.Memory <Error> core\memory.cpp:Memory::MemorySystem::Write:528: unmapped Write8 0x00000000 @ 0x00000841 at PC 0x010F3548
[   5.567134] HW.Memory <Error> core\memory.cpp:Memory::MemorySystem::Write:528: unmapped Write8 0x00000000 @ 0x00000842 at PC 0x010F3548
[   5.567135] HW.Memory <Error> core\memory.cpp:Memory::MemorySystem::Write:528: unmapped Write8 0x00000000 @ 0x00000843 at PC 0x010F3548
[   5.567135] HW.Memory <Error> core\memory.cpp:Memory::MemorySystem::Write:528: unmapped Write8 0x00000000 @ 0x00000844 at PC 0x010F3548
[   5.567136] HW.Memory <Error> core\memory.cpp:Memory::MemorySystem::Write:528: unmapped Write8 0x00000000 @ 0x00000845 at PC 0x010F3548
[   5.567136] HW.Memory <Error> core\memory.cpp:Memory::MemorySystem::Write:528: unmapped Write8 0x00000000 @ 0x00000846 at PC 0x010F3548
[   5.567137] HW.Memory <Error> core\memory.cpp:Memory::MemorySystem::Write:528: unmapped Write8 0x00000000 @ 0x00000847 at PC 0x010F3548
[   5.567137] HW.Memory <Error> core\memory.cpp:Memory::MemorySystem::Write:528: unmapped Write8 0x00000000 @ 0x00000848 at PC 0x010F3548
[   5.567138] HW.Memory <Error> core\memory.cpp:Memory::MemorySystem::Write:528: unmapped Write8 0x00000000 @ 0x00000849 at PC 0x010F3548
[   5.567138] HW.Memory <Error> core\memory.cpp:Memory::MemorySystem::Write:528: unmapped Write8 0x00000000 @ 0x0000084A at PC 0x010F3548
[   5.567139] HW.Memory <Error> core\memory.cpp:Memory::MemorySystem::Write:528: unmapped Write8 0x00000000 @ 0x0000084B at PC 0x010F3548
[   5.567139] HW.Memory <Error> core\memory.cpp:Memory::MemorySystem::Write:528: unmapped Write8 0x00000000 @ 0x0000084C at PC 0x010F3548
[   5.567140] HW.Memory <Error> core\memory.cpp:Memory::MemorySystem::Write:528: unmapped Write8 0x00000000 @ 0x0000084D at PC 0x010F3548
[   5.567140] HW.Memory <Error> core\memory.cpp:Memory::MemorySystem::Write:528: unmapped Write8 0x00000000 @ 0x0000084E at PC 0x010F3548
[   5.567141] HW.Memory <Error> core\memory.cpp:Memory::MemorySystem::Write:528: unmapped Write8 0x00000000 @ 0x0000084F at PC 0x010F3548
[   5.567141] HW.Memory <Error> core\memory.cpp:Memory::MemorySystem::Write:528: unmapped Write8 0x00000000 @ 0x00000850 at PC 0x010F3548
[   5.567142] HW.Memory <Error> core\memory.cpp:Memory::MemorySystem::Write:528: unmapped Write8 0x00000000 @ 0x00000851 at PC 0x010F3548
[   5.567142] HW.Memory <Error> core\memory.cpp:Memory::MemorySystem::Write:528: unmapped Write8 0x00000000 @ 0x00000852 at PC 0x010F3548
[   5.567143] HW.Memory <Error> core\memory.cpp:Memory::MemorySystem::Write:528: unmapped Write8 0x00000000 @ 0x00000853 at PC 0x010F3548
[   5.567143] HW.Memory <Error> core\memory.cpp:Memory::MemorySystem::Write:528: unmapped Write8 0x00000000 @ 0x00000854 at PC 0x010F3548
[   5.567144] HW.Memory <Error> core\memory.cpp:Memory::MemorySystem::Write:528: unmapped Write8 0x00000000 @ 0x00000855 at PC 0x010F3548
[   5.567145] HW.Memory <Error> core\memory.cpp:Memory::MemorySystem::Write:528: unmapped Write8 0x00000000 @ 0x00000856 at PC 0x010F3548
[   5.567145] HW.Memory <Error> core\memory.cpp:Memory::MemorySystem::Write:528: unmapped Write8 0x00000000 @ 0x00000857 at PC 0x010F3548
[   5.567146] HW.Memory <Error> core\memory.cpp:Memory::MemorySystem::Write:528: unmapped Write8 0x00000000 @ 0x00000858 at PC 0x010F3548
[   5.567146] HW.Memory <Error> core\memory.cpp:Memory::MemorySystem::Write:528: unmapped Write8 0x00000000 @ 0x00000859 at PC 0x010F3548
[   5.567147] HW.Memory <Error> core\memory.cpp:Memory::MemorySystem::Write:528: unmapped Write8 0x00000000 @ 0x0000085A at PC 0x010F3548
[   5.567147] HW.Memory <Error> core\memory.cpp:Memory::MemorySystem::Write:528: unmapped Write8 0x00000000 @ 0x0000085B at PC 0x010F3548
[   5.567148] HW.Memory <Error> core\memory.cpp:Memory::MemorySystem::Write:528: unmapped Write8 0x00000000 @ 0x0000085C at PC 0x010F3548
[   5.567148] HW.Memory <Error> core\memory.cpp:Memory::MemorySystem::Write:528: unmapped Write8 0x00000000 @ 0x0000085D at PC 0x010F3548
[   5.567149] HW.Memory <Error> core\memory.cpp:Memory::MemorySystem::Write:528: unmapped Write8 0x00000000 @ 0x0000085E at PC 0x010F3548
[   5.567149] HW.Memory <Error> core\memory.cpp:Memory::MemorySystem::Write:528: unmapped Write8 0x00000000 @ 0x0000085F at PC 0x010F3548
[   5.567150] HW.Memory <Error> core\memory.cpp:Memory::MemorySystem::Write:528: unmapped Write8 0x00000000 @ 0x00000860 at PC 0x010F3548
[   5.567150] HW.Memory <Error> core\memory.cpp:Memory::MemorySystem::Write:528: unmapped Write8 0x00000000 @ 0x00000861 at PC 0x010F3548
[   5.567151] HW.Memory <Error> core\memory.cpp:Memory::MemorySystem::Write:528: unmapped Write8 0x00000000 @ 0x00000862 at PC 0x010F3548
[   5.567151] HW.Memory <Error> core\memory.cpp:Memory::MemorySystem::Write:528: unmapped Write8 0x00000000 @ 0x00000863 at PC 0x010F3548
[   5.567152] HW.Memory <Error> core\memory.cpp:Memory::MemorySystem::Write:528: unmapped Write8 0x00000000 @ 0x00000864 at PC 0x010F3548
[   5.567152] HW.Memory <Error> core\memory.cpp:Memory::MemorySystem::Write:528: unmapped Write8 0x00000000 @ 0x00000865 at PC 0x010F3548
[   5.567153] HW.Memory <Error> core\memory.cpp:Memory::MemorySystem::Write:528: unmapped Write8 0x00000000 @ 0x00000866 at PC 0x010F3548
[   5.567153] HW.Memory <Error> core\memory.cpp:Memory::MemorySystem::Write:528: unmapped Write8 0x00000000 @ 0x00000867 at PC 0x010F3548
[   5.567154] HW.Memory <Error> core\memory.cpp:Memory::MemorySystem::Write:528: unmapped Write8 0x00000000 @ 0x00000868 at PC 0x010F3548
[   5.567154] HW.Memory <Error> core\memory.cpp:Memory::MemorySystem::Write:528: unmapped Write8 0x00000000 @ 0x00000869 at PC 0x010F3548
[   5.567155] HW.Memory <Error> core\memory.cpp:Memory::MemorySystem::Write:528: unmapped Write8 0x00000000 @ 0x0000086A at PC 0x010F3548
[   5.567155] HW.Memory <Error> core\memory.cpp:Memory::MemorySystem::Write:528: unmapped Write8 0x00000000 @ 0x0000086B at PC 0x010F3548
[   5.567156] HW.Memory <Error> core\memory.cpp:Memory::MemorySystem::Write:528: unmapped Write8 0x00000000 @ 0x0000086C at PC 0x010F3548
[   5.567156] HW.Memory <Error> core\memory.cpp:Memory::MemorySystem::Write:528: unmapped Write8 0x00000000 @ 0x0000086D at PC 0x010F3548
[   5.567156] HW.Memory <Error> core\memory.cpp:Memory::MemorySystem::Write:528: unmapped Write8 0x00000000 @ 0x0000086E at PC 0x010F3548
[   5.567157] HW.Memory <Error> core\memory.cpp:Memory::MemorySystem::Write:528: unmapped Write8 0x00000000 @ 0x0000086F at PC 0x010F3548
[   5.567157] HW.Memory <Error> core\memory.cpp:Memory::MemorySystem::Write:528: unmapped Write8 0x00000000 @ 0x00000870 at PC 0x010F3548
[   5.567158] HW.Memory <Error> core\memory.cpp:Memory::MemorySystem::Write:528: unmapped Write8 0x00000000 @ 0x00000871 at PC 0x010F3548
[   5.567158] HW.Memory <Error> core\memory.cpp:Memory::MemorySystem::Write:528: unmapped Write8 0x00000000 @ 0x00000872 at PC 0x010F3548
[   5.567159] HW.Memory <Error> core\memory.cpp:Memory::MemorySystem::Write:528: unmapped Write8 0x00000000 @ 0x00000873 at PC 0x010F3548
[   5.567159] HW.Memory <Error> core\memory.cpp:Memory::MemorySystem::Write:528: unmapped Write8 0x00000000 @ 0x00000874 at PC 0x010F3548
[   5.567160] HW.Memory <Error> core\memory.cpp:Memory::MemorySystem::Write:528: unmapped Write8 0x00000000 @ 0x00000875 at PC 0x010F3548
[   5.567161] HW.Memory <Error> core\memory.cpp:Memory::MemorySystem::Write:528: unmapped Write8 0x00000000 @ 0x00000876 at PC 0x010F3548
[   5.567161] HW.Memory <Error> core\memory.cpp:Memory::MemorySystem::Write:528: unmapped Write8 0x00000000 @ 0x00000877 at PC 0x010F3548
[   5.567162] HW.Memory <Error> core\memory.cpp:Memory::MemorySystem::Write:528: unmapped Write8 0x00000000 @ 0x00000878 at PC 0x010F3548
[   5.567162] HW.Memory <Error> core\memory.cpp:Memory::MemorySystem::Write:528: unmapped Write8 0x00000000 @ 0x00000879 at PC 0x010F3548
[   5.567163] HW.Memory <Error> core\memory.cpp:Memory::MemorySystem::Write:528: unmapped Write8 0x00000000 @ 0x0000087A at PC 0x010F3548
[   5.567163] HW.Memory <Error> core\memory.cpp:Memory::MemorySystem::Write:528: unmapped Write8 0x00000000 @ 0x0000087B at PC 0x010F3548
[   5.567164] HW.Memory <Error> core\memory.cpp:Memory::MemorySystem::Write:528: unmapped Write8 0x00000000 @ 0x0000087C at PC 0x010F3548
[   5.567164] HW.Memory <Error> core\memory.cpp:Memory::MemorySystem::Write:528: unmapped Write8 0x00000000 @ 0x0000087D at PC 0x010F3548
[   5.567165] HW.Memory <Error> core\memory.cpp:Memory::MemorySystem::Write:528: unmapped Write8 0x00000000 @ 0x0000087E at PC 0x010F3548
[   5.567166] HW.Memory <Error> core\memory.cpp:Memory::MemorySystem::Write:528: unmapped Write8 0x00000000 @ 0x0000087F at PC 0x010F3548
[   5.567166] HW.Memory <Error> core\memory.cpp:Memory::MemorySystem::Write:528: unmapped Write8 0x00000000 @ 0x00000880 at PC 0x010F3548
[   5.567167] HW.Memory <Error> core\memory.cpp:Memory::MemorySystem::Write:528: unmapped Write8 0x00000000 @ 0x00000881 at PC 0x010F3548
[   5.567167] HW.Memory <Error> core\memory.cpp:Memory::MemorySystem::Write:528: unmapped Write8 0x00000000 @ 0x00000882 at PC 0x010F3548
[   5.567168] HW.Memory <Error> core\memory.cpp:Memory::MemorySystem::Write:528: unmapped Write8 0x00000000 @ 0x00000883 at PC 0x010F3548
[   5.567168] HW.Memory <Error> core\memory.cpp:Memory::MemorySystem::Write:528: unmapped Write8 0x00000000 @ 0x00000884 at PC 0x010F3548
[   5.567169] HW.Memory <Error> core\memory.cpp:Memory::MemorySystem::Write:528: unmapped Write8 0x00000000 @ 0x00000885 at PC 0x010F3548
[   5.567169] HW.Memory <Error> core\memory.cpp:Memory::MemorySystem::Write:528: unmapped Write8 0x00000000 @ 0x00000886 at PC 0x010F3548
[   5.567170] HW.Memory <Error> core\memory.cpp:Memory::MemorySystem::Write:528: unmapped Write8 0x00000000 @ 0x00000887 at PC 0x010F3548
[   5.567170] HW.Memory <Error> core\memory.cpp:Memory::MemorySystem::Write:528: unmapped Write8 0x00000000 @ 0x00000888 at PC 0x010F3548
[   5.567171] HW.Memory <Error> core\memory.cpp:Memory::MemorySystem::Write:528: unmapped Write8 0x00000000 @ 0x00000889 at PC 0x010F3548
[   5.567172] HW.Memory <Error> core\memory.cpp:Memory::MemorySystem::Write:528: unmapped Write8 0x00000000 @ 0x0000088A at PC 0x010F3548
[   5.567172] HW.Memory <Error> core\memory.cpp:Memory::MemorySystem::Write:528: unmapped Write8 0x00000000 @ 0x0000088B at PC 0x010F3548
[   5.567173] HW.Memory <Error> core\memory.cpp:Memory::MemorySystem::Write:528: unmapped Write8 0x00000000 @ 0x0000088C at PC 0x010F3548
[   5.567173] HW.Memory <Error> core\memory.cpp:Memory::MemorySystem::Write:528: unmapped Write8 0x00000000 @ 0x0000088D at PC 0x010F3548
[   5.567174] HW.Memory <Error> core\memory.cpp:Memory::MemorySystem::Write:528: unmapped Write8 0x00000000 @ 0x0000088E at PC 0x010F3548
[   5.567174] HW.Memory <Error> core\memory.cpp:Memory::MemorySystem::Write:528: unmapped Write8 0x00000000 @ 0x0000088F at PC 0x010F3548
[   5.567175] HW.Memory <Error> core\memory.cpp:Memory::MemorySystem::Write:528: unmapped Write8 0x00000000 @ 0x00000890 at PC 0x010F3548
[   5.567175] HW.Memory <Error> core\memory.cpp:Memory::MemorySystem::Write:528: unmapped Write8 0x00000000 @ 0x00000891 at PC 0x010F3548
[   5.567176] HW.Memory <Error> core\memory.cpp:Memory::MemorySystem::Write:528: unmapped Write8 0x00000000 @ 0x00000892 at PC 0x010F3548
[   5.567176] HW.Memory <Error> core\memory.cpp:Memory::MemorySystem::Write:528: unmapped Write8 0x00000000 @ 0x00000893 at PC 0x010F3548
[   5.567177] HW.Memory <Error> core\memory.cpp:Memory::MemorySystem::Write:528: unmapped Write8 0x00000000 @ 0x00000894 at PC 0x010F3548
[   5.567177] HW.Memory <Error> core\memory.cpp:Memory::MemorySystem::Write:528: unmapped Write8 0x00000000 @ 0x00000895 at PC 0x010F3548
[   5.567178] HW.Memory <Error> core\memory.cpp:Memory::MemorySystem::Write:528: unmapped Write8 0x00000000 @ 0x00000896 at PC 0x010F3548
[   5.567178] HW.Memory <Error> core\memory.cpp:Memory::MemorySystem::Write:528: unmapped Write8 0x00000000 @ 0x00000897 at PC 0x010F3548
[   5.567179] HW.Memory <Error> core\memory.cpp:Memory::MemorySystem::Write:528: unmapped Write8 0x00000000 @ 0x00000898 at PC 0x010F3548
[   5.567179] HW.Memory <Error> core\memory.cpp:Memory::MemorySystem::Write:528: unmapped Write8 0x00000000 @ 0x00000899 at PC 0x010F3548
[   5.567180] HW.Memory <Error> core\memory.cpp:Memory::MemorySystem::Write:528: unmapped Write8 0x00000000 @ 0x0000089A at PC 0x010F3548
[   5.567180] HW.Memory <Error> core\memory.cpp:Memory::MemorySystem::Write:528: unmapped Write8 0x00000000 @ 0x0000089B at PC 0x010F3548
[   5.567181] HW.Memory <Error> core\memory.cpp:Memory::MemorySystem::Write:528: unmapped Write8 0x00000000 @ 0x0000089C at PC 0x010F3548
[   5.567181] HW.Memory <Error> core\memory.cpp:Memory::MemorySystem::Write:528: unmapped Write8 0x00000000 @ 0x0000089D at PC 0x010F3548
[   5.567182] HW.Memory <Error> core\memory.cpp:Memory::MemorySystem::Write:528: unmapped Write8 0x00000000 @ 0x0000089E at PC 0x010F3548
[   5.567182] HW.Memory <Error> core\memory.cpp:Memory::MemorySystem::Write:528: unmapped Write8 0x00000000 @ 0x0000089F at PC 0x010F3548
[   5.567183] HW.Memory <Error> core\memory.cpp:Memory::MemorySystem::Write:528: unmapped Write8 0x00000000 @ 0x000008A0 at PC 0x010F3548
[   5.567183] HW.Memory <Error> core\memory.cpp:Memory::MemorySystem::Write:528: unmapped Write8 0x00000000 @ 0x000008A1 at PC 0x010F3548
[   5.567184] HW.Memory <Error> core\memory.cpp:Memory::MemorySystem::Write:528: unmapped Write8 0x00000000 @ 0x000008A2 at PC 0x010F3548
[   5.567184] HW.Memory <Error> core\memory.cpp:Memory::MemorySystem::Write:528: unmapped Write8 0x00000000 @ 0x000008A3 at PC 0x010F3548
[   5.567185] HW.Memory <Error> core\memory.cpp:Memory::MemorySystem::Write:528: unmapped Write8 0x00000000 @ 0x000008A4 at PC 0x010F3548
[   5.567185] HW.Memory <Error> core\memory.cpp:Memory::MemorySystem::Write:528: unmapped Write8 0x00000000 @ 0x000008A5 at PC 0x010F3548
[   5.567186] HW.Memory <Error> core\memory.cpp:Memory::MemorySystem::Write:528: unmapped Write8 0x00000000 @ 0x000008A6 at PC 0x010F3548
[   5.567187] HW.Memory <Error> core\memory.cpp:Memory::MemorySystem::Write:528: unmapped Write8 0x00000000 @ 0x000008A7 at PC 0x010F3548
[   5.567187] HW.Memory <Error> core\memory.cpp:Memory::MemorySystem::Write:528: unmapped Write8 0x00000000 @ 0x000008A8 at PC 0x010F3548
[   5.567188] HW.Memory <Error> core\memory.cpp:Memory::MemorySystem::Write:528: unmapped Write8 0x00000000 @ 0x000008A9 at PC 0x010F3548
[   5.567188] HW.Memory <Error> core\memory.cpp:Memory::MemorySystem::Write:528: unmapped Write8 0x00000000 @ 0x000008AA at PC 0x010F3548
[   5.567189] HW.Memory <Error> core\memory.cpp:Memory::MemorySystem::Write:528: unmapped Write8 0x00000000 @ 0x000008AB at PC 0x010F3548
[   5.567189] HW.Memory <Error> core\memory.cpp:Memory::MemorySystem::Write:528: unmapped Write8 0x00000000 @ 0x000008AC at PC 0x010F3548
[   5.567190] HW.Memory <Error> core\memory.cpp:Memory::MemorySystem::Write:528: unmapped Write8 0x00000000 @ 0x000008AD at PC 0x010F3548
[   5.567190] HW.Memory <Error> core\memory.cpp:Memory::MemorySystem::Write:528: unmapped Write8 0x00000000 @ 0x000008AE at PC 0x010F3548
[   5.567191] HW.Memory <Error> core\memory.cpp:Memory::MemorySystem::Write:528: unmapped Write8 0x00000000 @ 0x000008AF at PC 0x010F3548
[   5.567191] HW.Memory <Error> core\memory.cpp:Memory::MemorySystem::Write:528: unmapped Write8 0x00000000 @ 0x000008B0 at PC 0x010F3548
[   5.567192] HW.Memory <Error> core\memory.cpp:Memory::MemorySystem::Write:528: unmapped Write8 0x00000000 @ 0x000008B1 at PC 0x010F3548
[   5.567192] HW.Memory <Error> core\memory.cpp:Memory::MemorySystem::Write:528: unmapped Write8 0x00000000 @ 0x000008B2 at PC 0x010F3548
[   5.567193] HW.Memory <Error> core\memory.cpp:Memory::MemorySystem::Write:528: unmapped Write8 0x00000000 @ 0x000008B3 at PC 0x010F3548
[   5.567193] HW.Memory <Error> core\memory.cpp:Memory::MemorySystem::Write:528: unmapped Write8 0x00000000 @ 0x000008B4 at PC 0x010F3548
[   5.567194] HW.Memory <Error> core\memory.cpp:Memory::MemorySystem::Write:528: unmapped Write8 0x00000000 @ 0x000008B5 at PC 0x010F3548
[   5.567194] HW.Memory <Error> core\memory.cpp:Memory::MemorySystem::Write:528: unmapped Write8 0x00000000 @ 0x000008B6 at PC 0x010F3548
[   5.567195] HW.Memory <Error> core\memory.cpp:Memory::MemorySystem::Write:528: unmapped Write8 0x00000000 @ 0x000008B7 at PC 0x010F3548
[   5.567196] HW.Memory <Error> core\memory.cpp:Memory::MemorySystem::Write:528: unmapped Write8 0x00000000 @ 0x000008B8 at PC 0x010F3548
[   5.567196] HW.Memory <Error> core\memory.cpp:Memory::MemorySystem::Write:528: unmapped Write8 0x00000000 @ 0x000008B9 at PC 0x010F3548
[   5.567197] HW.Memory <Error> core\memory.cpp:Memory::MemorySystem::Write:528: unmapped Write8 0x00000000 @ 0x000008BA at PC 0x010F3548
[   5.567197] HW.Memory <Error> core\memory.cpp:Memory::MemorySystem::Write:528: unmapped Write8 0x00000000 @ 0x000008BB at PC 0x010F3548
[   5.567198] HW.Memory <Error> core\memory.cpp:Memory::MemorySystem::Write:528: unmapped Write8 0x00000000 @ 0x000008BC at PC 0x010F3548
[   5.567198] HW.Memory <Error> core\memory.cpp:Memory::MemorySystem::Write:528: unmapped Write8 0x00000000 @ 0x000008BD at PC 0x010F3548
[   5.567199] HW.Memory <Error> core\memory.cpp:Memory::MemorySystem::Write:528: unmapped Write8 0x00000000 @ 0x000008BE at PC 0x010F3548
[   5.567199] HW.Memory <Error> core\memory.cpp:Memory::MemorySystem::Write:528: unmapped Write8 0x00000000 @ 0x000008BF at PC 0x010F3548
[   5.567200] HW.Memory <Error> core\memory.cpp:Memory::MemorySystem::Write:528: unmapped Write8 0x00000000 @ 0x000008C0 at PC 0x010F3548
[   5.567200] HW.Memory <Error> core\memory.cpp:Memory::MemorySystem::Write:528: unmapped Write8 0x00000000 @ 0x000008C1 at PC 0x010F3548
[   5.567201] HW.Memory <Error> core\memory.cpp:Memory::MemorySystem::Write:528: unmapped Write8 0x00000000 @ 0x000008C2 at PC 0x010F3548
[   5.567201] HW.Memory <Error> core\memory.cpp:Memory::MemorySystem::Write:528: unmapped Write8 0x00000000 @ 0x000008C3 at PC 0x010F3548
[   5.567202] HW.Memory <Error> core\memory.cpp:Memory::MemorySystem::Write:528: unmapped Write8 0x00000000 @ 0x000008C4 at PC 0x010F3548
[   5.567202] HW.Memory <Error> core\memory.cpp:Memory::MemorySystem::Write:528: unmapped Write8 0x00000000 @ 0x000008C5 at PC 0x010F3548
[   5.567202] HW.Memory <Error> core\memory.cpp:Memory::MemorySystem::Write:528: unmapped Write8 0x00000000 @ 0x000008C6 at PC 0x010F3548
[   5.567203] HW.Memory <Error> core\memory.cpp:Memory::MemorySystem::Write:528: unmapped Write8 0x00000000 @ 0x000008C7 at PC 0x010F3548
[   5.567203] HW.Memory <Error> core\memory.cpp:Memory::MemorySystem::Write:528: unmapped Write8 0x00000000 @ 0x000008C8 at PC 0x010F3548
[   5.567204] HW.Memory <Error> core\memory.cpp:Memory::MemorySystem::Write:528: unmapped Write8 0x00000000 @ 0x000008C9 at PC 0x010F3548
[   5.567204] HW.Memory <Error> core\memory.cpp:Memory::MemorySystem::Write:528: unmapped Write8 0x00000000 @ 0x000008CA at PC 0x010F3548
[   5.567205] HW.Memory <Error> core\memory.cpp:Memory::MemorySystem::Write:528: unmapped Write8 0x00000000 @ 0x000008CB at PC 0x010F3548
[   5.567205] HW.Memory <Error> core\memory.cpp:Memory::MemorySystem::Write:528: unmapped Write8 0x00000000 @ 0x000008CC at PC 0x010F3548
[   5.567206] HW.Memory <Error> core\memory.cpp:Memory::MemorySystem::Write:528: unmapped Write8 0x00000000 @ 0x000008CD at PC 0x010F3548
[   5.567206] HW.Memory <Error> core\memory.cpp:Memory::MemorySystem::Write:528: unmapped Write8 0x00000000 @ 0x000008CE at PC 0x010F3548
[   5.567207] HW.Memory <Error> core\memory.cpp:Memory::MemorySystem::Write:528: unmapped Write8 0x00000000 @ 0x000008CF at PC 0x010F3548
[   5.567207] HW.Memory <Error> core\memory.cpp:Memory::MemorySystem::Write:528: unmapped Write8 0x00000000 @ 0x000008D0 at PC 0x010F3548
[   5.567208] HW.Memory <Error> core\memory.cpp:Memory::MemorySystem::Write:528: unmapped Write8 0x00000000 @ 0x000008D1 at PC 0x010F3548
[   5.567208] HW.Memory <Error> core\memory.cpp:Memory::MemorySystem::Write:528: unmapped Write8 0x00000000 @ 0x000008D2 at PC 0x010F3548
[   5.567209] HW.Memory <Error> core\memory.cpp:Memory::MemorySystem::Write:528: unmapped Write8 0x00000000 @ 0x000008D3 at PC 0x010F3548
[   5.567209] HW.Memory <Error> core\memory.cpp:Memory::MemorySystem::Write:528: unmapped Write8 0x00000000 @ 0x000008D4 at PC 0x010F3548
[   5.567210] HW.Memory <Error> core\memory.cpp:Memory::MemorySystem::Write:528: unmapped Write8 0x00000000 @ 0x000008D5 at PC 0x010F3548
[   5.567210] HW.Memory <Error> core\memory.cpp:Memory::MemorySystem::Write:528: unmapped Write8 0x00000000 @ 0x000008D6 at PC 0x010F3548
[   5.567211] HW.Memory <Error> core\memory.cpp:Memory::MemorySystem::Write:528: unmapped Write8 0x00000000 @ 0x000008D7 at PC 0x010F3548
[   5.567211] HW.Memory <Error> core\memory.cpp:Memory::MemorySystem::Write:528: unmapped Write8 0x00000000 @ 0x000008D8 at PC 0x010F3548
[   5.567212] HW.Memory <Error> core\memory.cpp:Memory::MemorySystem::Write:528: unmapped Write8 0x00000000 @ 0x000008D9 at PC 0x010F3548
[   5.567212] HW.Memory <Error> core\memory.cpp:Memory::MemorySystem::Write:528: unmapped Write8 0x00000000 @ 0x000008DA at PC 0x010F3548
[   5.567213] HW.Memory <Error> core\memory.cpp:Memory::MemorySystem::Write:528: unmapped Write8 0x00000000 @ 0x000008DB at PC 0x010F3548
[   5.567213] HW.Memory <Error> core\memory.cpp:Memory::MemorySystem::Write:528: unmapped Write8 0x00000000 @ 0x000008DC at PC 0x010F3548
[   5.567214] HW.Memory <Error> core\memory.cpp:Memory::MemorySystem::Write:528: unmapped Write8 0x00000000 @ 0x000008DD at PC 0x010F3548
[   5.567214] HW.Memory <Error> core\memory.cpp:Memory::MemorySystem::Write:528: unmapped Write8 0x00000000 @ 0x000008DE at PC 0x010F3548
[   5.567215] HW.Memory <Error> core\memory.cpp:Memory::MemorySystem::Write:528: unmapped Write8 0x00000000 @ 0x000008DF at PC 0x010F3548
[   5.567215] HW.Memory <Error> core\memory.cpp:Memory::MemorySystem::Write:528: unmapped Write8 0x00000000 @ 0x000008E0 at PC 0x010F3548
[   5.567216] HW.Memory <Error> core\memory.cpp:Memory::MemorySystem::Write:528: unmapped Write8 0x00000000 @ 0x000008E1 at PC 0x010F3548
[   5.567216] HW.Memory <Error> core\memory.cpp:Memory::MemorySystem::Write:528: unmapped Write8 0x00000000 @ 0x000008E2 at PC 0x010F3548
[   5.567217] HW.Memory <Error> core\memory.cpp:Memory::MemorySystem::Write:528: unmapped Write8 0x00000000 @ 0x000008E3 at PC 0x010F3548
[   5.567217] HW.Memory <Error> core\memory.cpp:Memory::MemorySystem::Write:528: unmapped Write8 0x00000000 @ 0x000008E4 at PC 0x010F3548
[   5.567219] HW.Memory <Error> core\memory.cpp:Memory::MemorySystem::Write:528: unmapped Write8 0x00000000 @ 0x000008E5 at PC 0x010F3548
[   5.567219] HW.Memory <Error> core\memory.cpp:Memory::MemorySystem::Write:528: unmapped Write8 0x00000000 @ 0x000008E6 at PC 0x010F3548
[   5.567220] HW.Memory <Error> core\memory.cpp:Memory::MemorySystem::Write:528: unmapped Write8 0x00000000 @ 0x000008E7 at PC 0x010F3548
[   5.567220] HW.Memory <Error> core\memory.cpp:Memory::MemorySystem::Write:528: unmapped Write8 0x00000000 @ 0x000008E8 at PC 0x010F3548
[   5.567221] HW.Memory <Error> core\memory.cpp:Memory::MemorySystem::Write:528: unmapped Write8 0x00000000 @ 0x000008E9 at PC 0x010F3548
[   5.567221] HW.Memory <Error> core\memory.cpp:Memory::MemorySystem::Write:528: unmapped Write8 0x00000000 @ 0x000008EA at PC 0x010F3548
[   5.567222] HW.Memory <Error> core\memory.cpp:Memory::MemorySystem::Write:528: unmapped Write8 0x00000000 @ 0x000008EB at PC 0x010F3548
[   5.567222] HW.Memory <Error> core\memory.cpp:Memory::MemorySystem::Write:528: unmapped Write8 0x00000000 @ 0x000008EC at PC 0x010F3548
[   5.567223] HW.Memory <Error> core\memory.cpp:Memory::MemorySystem::Write:528: unmapped Write8 0x00000000 @ 0x000008ED at PC 0x010F3548
[   5.567223] HW.Memory <Error> core\memory.cpp:Memory::MemorySystem::Write:528: unmapped Write8 0x00000000 @ 0x000008EE at PC 0x010F3548
[   5.567224] HW.Memory <Error> core\memory.cpp:Memory::MemorySystem::Write:528: unmapped Write8 0x00000000 @ 0x000008EF at PC 0x010F3548
[   5.567224] HW.Memory <Error> core\memory.cpp:Memory::MemorySystem::Write:528: unmapped Write8 0x00000000 @ 0x000008F0 at PC 0x010F3548
[   5.567225] HW.Memory <Error> core\memory.cpp:Memory::MemorySystem::Write:528: unmapped Write8 0x00000000 @ 0x000008F1 at PC 0x010F3548
[   5.567226] HW.Memory <Error> core\memory.cpp:Memory::MemorySystem::Write:528: unmapped Write8 0x00000000 @ 0x000008F2 at PC 0x010F3548
[   5.567226] HW.Memory <Error> core\memory.cpp:Memory::MemorySystem::Write:528: unmapped Write8 0x00000000 @ 0x000008F3 at PC 0x010F3548
[   5.567227] HW.Memory <Error> core\memory.cpp:Memory::MemorySystem::Write:528: unmapped Write8 0x00000000 @ 0x000008F4 at PC 0x010F3548
[   5.567227] HW.Memory <Error> core\memory.cpp:Memory::MemorySystem::Write:528: unmapped Write8 0x00000000 @ 0x000008F5 at PC 0x010F3548
[   5.567227] HW.Memory <Error> core\memory.cpp:Memory::MemorySystem::Write:528: unmapped Write8 0x00000000 @ 0x000008F6 at PC 0x010F3548
[   5.567228] HW.Memory <Error> core\memory.cpp:Memory::MemorySystem::Write:528: unmapped Write8 0x00000000 @ 0x000008F7 at PC 0x010F3548
[   5.567229] HW.Memory <Error> core\memory.cpp:Memory::MemorySystem::Write:528: unmapped Write8 0x00000000 @ 0x000008F8 at PC 0x010F3548
[   5.567229] HW.Memory <Error> core\memory.cpp:Memory::MemorySystem::Write:528: unmapped Write8 0x00000000 @ 0x000008F9 at PC 0x010F3548
[   5.567230] HW.Memory <Error> core\memory.cpp:Memory::MemorySystem::Write:528: unmapped Write8 0x00000000 @ 0x000008FA at PC 0x010F3548
[   5.567230] HW.Memory <Error> core\memory.cpp:Memory::MemorySystem::Write:528: unmapped Write8 0x00000000 @ 0x000008FB at PC 0x010F3548
[   5.567231] HW.Memory <Error> core\memory.cpp:Memory::MemorySystem::Write:528: unmapped Write8 0x00000000 @ 0x000008FC at PC 0x010F3548
[   5.567231] HW.Memory <Error> core\memory.cpp:Memory::MemorySystem::Write:528: unmapped Write8 0x00000000 @ 0x000008FD at PC 0x010F3548
[   5.567232] HW.Memory <Error> core\memory.cpp:Memory::MemorySystem::Write:528: unmapped Write8 0x00000000 @ 0x000008FE at PC 0x010F3548
[   5.567232] HW.Memory <Error> core\memory.cpp:Memory::MemorySystem::Write:528: unmapped Write8 0x00000000 @ 0x000008FF at PC 0x010F3548
[   5.567233] HW.Memory <Error> core\memory.cpp:Memory::MemorySystem::Write:528: unmapped Write8 0x00000000 @ 0x00000900 at PC 0x010F3548
[   5.567233] HW.Memory <Error> core\memory.cpp:Memory::MemorySystem::Write:528: unmapped Write8 0x00000000 @ 0x00000901 at PC 0x010F3548
[   5.567234] HW.Memory <Error> core\memory.cpp:Memory::MemorySystem::Write:528: unmapped Write8 0x00000000 @ 0x00000902 at PC 0x010F3548
[   5.567234] HW.Memory <Error> core\memory.cpp:Memory::MemorySystem::Write:528: unmapped Write8 0x00000000 @ 0x00000903 at PC 0x010F3548
[   5.567235] HW.Memory <Error> core\memory.cpp:Memory::MemorySystem::Write:528: unmapped Write8 0x00000000 @ 0x00000904 at PC 0x010F3548
[   5.567235] HW.Memory <Error> core\memory.cpp:Memory::MemorySystem::Write:528: unmapped Write8 0x00000000 @ 0x00000905 at PC 0x010F3548
[   5.567236] HW.Memory <Error> core\memory.cpp:Memory::MemorySystem::Write:528: unmapped Write8 0x00000000 @ 0x00000906 at PC 0x010F3548
[   5.567236] HW.Memory <Error> core\memory.cpp:Memory::MemorySystem::Write:528: unmapped Write8 0x00000000 @ 0x00000907 at PC 0x010F3548
[   5.567237] HW.Memory <Error> core\memory.cpp:Memory::MemorySystem::Write:528: unmapped Write8 0x00000000 @ 0x00000908 at PC 0x010F3548
[   5.567237] HW.Memory <Error> core\memory.cpp:Memory::MemorySystem::Write:528: unmapped Write8 0x00000000 @ 0x00000909 at PC 0x010F3548
[   5.567237] HW.Memory <Error> core\memory.cpp:Memory::MemorySystem::Write:528: unmapped Write8 0x00000000 @ 0x0000090A at PC 0x010F3548
[   5.567238] HW.Memory <Error> core\memory.cpp:Memory::MemorySystem::Write:528: unmapped Write8 0x00000000 @ 0x0000090B at PC 0x010F3548
[   5.567238] HW.Memory <Error> core\memory.cpp:Memory::MemorySystem::Write:528: unmapped Write8 0x00000000 @ 0x0000090C at PC 0x010F3548
[   5.567239] HW.Memory <Error> core\memory.cpp:Memory::MemorySystem::Write:528: unmapped Write8 0x00000000 @ 0x0000090D at PC 0x010F3548
[   5.567239] HW.Memory <Error> core\memory.cpp:Memory::MemorySystem::Write:528: unmapped Write8 0x00000000 @ 0x0000090E at PC 0x010F3548
[   5.567240] HW.Memory <Error> core\memory.cpp:Memory::MemorySystem::Write:528: unmapped Write8 0x00000000 @ 0x0000090F at PC 0x010F3548
[   5.567240] HW.Memory <Error> core\memory.cpp:Memory::MemorySystem::Write:528: unmapped Write8 0x00000000 @ 0x00000910 at PC 0x010F3548
[   5.567241] HW.Memory <Error> core\memory.cpp:Memory::MemorySystem::Write:528: unmapped Write8 0x00000000 @ 0x00000911 at PC 0x010F3548
[   5.567241] HW.Memory <Error> core\memory.cpp:Memory::MemorySystem::Write:528: unmapped Write8 0x00000000 @ 0x00000912 at PC 0x010F3548
[   5.567242] HW.Memory <Error> core\memory.cpp:Memory::MemorySystem::Write:528: unmapped Write8 0x00000000 @ 0x00000913 at PC 0x010F3548
[   5.567242] HW.Memory <Error> core\memory.cpp:Memory::MemorySystem::Write:528: unmapped Write8 0x00000000 @ 0x00000914 at PC 0x010F3548
[   5.567243] HW.Memory <Error> core\memory.cpp:Memory::MemorySystem::Write:528: unmapped Write8 0x00000000 @ 0x00000915 at PC 0x010F3548
[   5.567243] HW.Memory <Error> core\memory.cpp:Memory::MemorySystem::Write:528: unmapped Write8 0x00000000 @ 0x00000916 at PC 0x010F3548
[   5.567244] HW.Memory <Error> core\memory.cpp:Memory::MemorySystem::Write:528: unmapped Write8 0x00000000 @ 0x00000917 at PC 0x010F3548
[   5.567244] HW.Memory <Error> core\memory.cpp:Memory::MemorySystem::Write:528: unmapped Write8 0x00000000 @ 0x00000918 at PC 0x010F3548
[   5.567245] HW.Memory <Error> core\memory.cpp:Memory::MemorySystem::Write:528: unmapped Write8 0x00000000 @ 0x00000919 at PC 0x010F3548
[   5.567245] HW.Memory <Error> core\memory.cpp:Memory::MemorySystem::Write:528: unmapped Write8 0x00000000 @ 0x0000091A at PC 0x010F3548
[   5.567246] HW.Memory <Error> core\memory.cpp:Memory::MemorySystem::Write:528: unmapped Write8 0x00000000 @ 0x0000091B at PC 0x010F3548
[   5.567246] HW.Memory <Error> core\memory.cpp:Memory::MemorySystem::Write:528: unmapped Write8 0x00000000 @ 0x0000091C at PC 0x010F3548
[   5.567247] HW.Memory <Error> core\memory.cpp:Memory::MemorySystem::Write:528: unmapped Write8 0x00000000 @ 0x0000091D at PC 0x010F3548
[   5.567247] HW.Memory <Error> core\memory.cpp:Memory::MemorySystem::Write:528: unmapped Write8 0x00000000 @ 0x0000091E at PC 0x010F3548
[   5.567248] HW.Memory <Error> core\memory.cpp:Memory::MemorySystem::Write:528: unmapped Write8 0x00000000 @ 0x0000091F at PC 0x010F3548
[   5.567248] HW.Memory <Error> core\memory.cpp:Memory::MemorySystem::Write:528: unmapped Write8 0x00000000 @ 0x00000920 at PC 0x010F3548
[   5.567249] HW.Memory <Error> core\memory.cpp:Memory::MemorySystem::Write:528: unmapped Write8 0x00000000 @ 0x00000921 at PC 0x010F3548
[   5.567249] HW.Memory <Error> core\memory.cpp:Memory::MemorySystem::Write:528: unmapped Write8 0x00000000 @ 0x00000922 at PC 0x010F3548
[   5.567250] HW.Memory <Error> core\memory.cpp:Memory::MemorySystem::Write:528: unmapped Write8 0x00000000 @ 0x00000923 at PC 0x010F3548
[   5.567250] HW.Memory <Error> core\memory.cpp:Memory::MemorySystem::Write:528: unmapped Write8 0x00000000 @ 0x00000924 at PC 0x010F3548
[   5.567251] HW.Memory <Error> core\memory.cpp:Memory::MemorySystem::Write:528: unmapped Write8 0x00000000 @ 0x00000925 at PC 0x010F3548
[   5.567251] HW.Memory <Error> core\memory.cpp:Memory::MemorySystem::Write:528: unmapped Write8 0x00000000 @ 0x00000926 at PC 0x010F3548
[   5.567252] HW.Memory <Error> core\memory.cpp:Memory::MemorySystem::Write:528: unmapped Write8 0x00000000 @ 0x00000927 at PC 0x010F3548
[   5.567252] HW.Memory <Error> core\memory.cpp:Memory::MemorySystem::Write:528: unmapped Write8 0x00000000 @ 0x00000928 at PC 0x010F3548
[   5.567253] HW.Memory <Error> core\memory.cpp:Memory::MemorySystem::Write:528: unmapped Write8 0x00000000 @ 0x00000929 at PC 0x010F3548
[   5.567253] HW.Memory <Error> core\memory.cpp:Memory::MemorySystem::Write:528: unmapped Write8 0x00000000 @ 0x0000092A at PC 0x010F3548
[   5.567254] HW.Memory <Error> core\memory.cpp:Memory::MemorySystem::Write:528: unmapped Write8 0x00000000 @ 0x0000092B at PC 0x010F3548
[   5.567254] HW.Memory <Error> core\memory.cpp:Memory::MemorySystem::Write:528: unmapped Write8 0x00000000 @ 0x0000092C at PC 0x010F3548
[   5.567255] HW.Memory <Error> core\memory.cpp:Memory::MemorySystem::Write:528: unmapped Write8 0x00000000 @ 0x0000092D at PC 0x010F3548
[   5.567255] HW.Memory <Error> core\memory.cpp:Memory::MemorySystem::Write:528: unmapped Write8 0x00000000 @ 0x0000092E at PC 0x010F3548
[   5.567256] HW.Memory <Error> core\memory.cpp:Memory::MemorySystem::Write:528: unmapped Write8 0x00000000 @ 0x0000092F at PC 0x010F3548
[   5.567256] HW.Memory <Error> core\memory.cpp:Memory::MemorySystem::Write:528: unmapped Write8 0x00000000 @ 0x00000930 at PC 0x010F3548
[   5.567257] HW.Memory <Error> core\memory.cpp:Memory::MemorySystem::Write:528: unmapped Write8 0x00000000 @ 0x00000931 at PC 0x010F3548
[   5.567257] HW.Memory <Error> core\memory.cpp:Memory::MemorySystem::Write:528: unmapped Write8 0x00000000 @ 0x00000932 at PC 0x010F3548
[   5.567258] HW.Memory <Error> core\memory.cpp:Memory::MemorySystem::Write:528: unmapped Write8 0x00000000 @ 0x00000933 at PC 0x010F3548
[   5.567258] HW.Memory <Error> core\memory.cpp:Memory::MemorySystem::Write:528: unmapped Write8 0x00000000 @ 0x00000934 at PC 0x010F3548
[   5.567259] HW.Memory <Error> core\memory.cpp:Memory::MemorySystem::Write:528: unmapped Write8 0x00000000 @ 0x00000935 at PC 0x010F3548
[   5.567259] HW.Memory <Error> core\memory.cpp:Memory::MemorySystem::Write:528: unmapped Write8 0x00000000 @ 0x00000936 at PC 0x010F3548
[   5.567260] HW.Memory <Error> core\memory.cpp:Memory::MemorySystem::Write:528: unmapped Write8 0x00000000 @ 0x00000937 at PC 0x010F3548
[   5.567260] HW.Memory <Error> core\memory.cpp:Memory::MemorySystem::Write:528: unmapped Write8 0x00000000 @ 0x00000938 at PC 0x010F3548
[   5.567261] HW.Memory <Error> core\memory.cpp:Memory::MemorySystem::Write:528: unmapped Write8 0x00000000 @ 0x00000939 at PC 0x010F3548
[   5.567261] HW.Memory <Error> core\memory.cpp:Memory::MemorySystem::Write:528: unmapped Write8 0x00000000 @ 0x0000093A at PC 0x010F3548
[   5.567262] HW.Memory <Error> core\memory.cpp:Memory::MemorySystem::Write:528: unmapped Write8 0x00000000 @ 0x0000093B at PC 0x010F3548
[   5.567262] HW.Memory <Error> core\memory.cpp:Memory::MemorySystem::Write:528: unmapped Write8 0x00000000 @ 0x0000093C at PC 0x010F3548
[   5.567263] HW.Memory <Error> core\memory.cpp:Memory::MemorySystem::Write:528: unmapped Write8 0x00000000 @ 0x0000093D at PC 0x010F3548
[   5.567263] HW.Memory <Error> core\memory.cpp:Memory::MemorySystem::Write:528: unmapped Write8 0x00000000 @ 0x0000093E at PC 0x010F3548
[   5.567264] HW.Memory <Error> core\memory.cpp:Memory::MemorySystem::Write:528: unmapped Write8 0x00000000 @ 0x0000093F at PC 0x010F3548
[   5.567264] HW.Memory <Error> core\memory.cpp:Memory::MemorySystem::Write:528: unmapped Write8 0x00000000 @ 0x00000940 at PC 0x010F3548
[   5.567265] HW.Memory <Error> core\memory.cpp:Memory::MemorySystem::Write:528: unmapped Write8 0x00000000 @ 0x00000941 at PC 0x010F3548
[   5.567265] HW.Memory <Error> core\memory.cpp:Memory::MemorySystem::Write:528: unmapped Write8 0x00000000 @ 0x00000942 at PC 0x010F3548
[   5.567266] HW.Memory <Error> core\memory.cpp:Memory::MemorySystem::Write:528: unmapped Write8 0x00000000 @ 0x00000943 at PC 0x010F3548
[   5.567266] HW.Memory <Error> core\memory.cpp:Memory::MemorySystem::Write:528: unmapped Write8 0x00000000 @ 0x00000944 at PC 0x010F3548
[   5.567267] HW.Memory <Error> core\memory.cpp:Memory::MemorySystem::Write:528: unmapped Write8 0x00000000 @ 0x00000945 at PC 0x010F3548
[   5.567267] HW.Memory <Error> core\memory.cpp:Memory::MemorySystem::Write:528: unmapped Write8 0x00000000 @ 0x00000946 at PC 0x010F3548
[   5.567268] HW.Memory <Error> core\memory.cpp:Memory::MemorySystem::Write:528: unmapped Write8 0x00000000 @ 0x00000947 at PC 0x010F3548
[   5.567268] HW.Memory <Error> core\memory.cpp:Memory::MemorySystem::Write:528: unmapped Write8 0x00000000 @ 0x00000948 at PC 0x010F3548
[   5.567269] HW.Memory <Error> core\memory.cpp:Memory::MemorySystem::Write:528: unmapped Write8 0x00000000 @ 0x00000949 at PC 0x010F3548
[   5.567269] HW.Memory <Error> core\memory.cpp:Memory::MemorySystem::Write:528: unmapped Write8 0x00000000 @ 0x0000094A at PC 0x010F3548
[   5.567270] HW.Memory <Error> core\memory.cpp:Memory::MemorySystem::Write:528: unmapped Write8 0x00000000 @ 0x0000094B at PC 0x010F3548
[   5.567270] HW.Memory <Error> core\memory.cpp:Memory::MemorySystem::Write:528: unmapped Write8 0x00000000 @ 0x0000094C at PC 0x010F3548
[   5.567271] HW.Memory <Error> core\memory.cpp:Memory::MemorySystem::Write:528: unmapped Write8 0x00000000 @ 0x0000094D at PC 0x010F3548
[   5.567271] HW.Memory <Error> core\memory.cpp:Memory::MemorySystem::Write:528: unmapped Write8 0x00000000 @ 0x0000094E at PC 0x010F3548
[   5.567272] HW.Memory <Error> core\memory.cpp:Memory::MemorySystem::Write:528: unmapped Write8 0x00000000 @ 0x0000094F at PC 0x010F3548
[   5.567272] HW.Memory <Error> core\memory.cpp:Memory::MemorySystem::Write:528: unmapped Write8 0x00000000 @ 0x00000950 at PC 0x010F3548
[   5.567273] HW.Memory <Error> core\memory.cpp:Memory::MemorySystem::Write:528: unmapped Write8 0x00000000 @ 0x00000951 at PC 0x010F3548
[   5.567273] HW.Memory <Error> core\memory.cpp:Memory::MemorySystem::Write:528: unmapped Write8 0x00000000 @ 0x00000952 at PC 0x010F3548
[   5.567274] HW.Memory <Error> core\memory.cpp:Memory::MemorySystem::Write:528: unmapped Write8 0x00000000 @ 0x00000953 at PC 0x010F3548
[   5.567274] HW.Memory <Error> core\memory.cpp:Memory::MemorySystem::Write:528: unmapped Write8 0x00000000 @ 0x00000954 at PC 0x010F3548
[   5.567275] HW.Memory <Error> core\memory.cpp:Memory::MemorySystem::Write:528: unmapped Write8 0x00000000 @ 0x00000955 at PC 0x010F3548
[   5.567275] HW.Memory <Error> core\memory.cpp:Memory::MemorySystem::Write:528: unmapped Write8 0x00000000 @ 0x00000956 at PC 0x010F3548
[   5.567276] HW.Memory <Error> core\memory.cpp:Memory::MemorySystem::Write:528: unmapped Write8 0x00000000 @ 0x00000957 at PC 0x010F3548
[   5.567276] HW.Memory <Error> core\memory.cpp:Memory::MemorySystem::Write:528: unmapped Write8 0x00000000 @ 0x00000958 at PC 0x010F3548
[   5.567277] HW.Memory <Error> core\memory.cpp:Memory::MemorySystem::Write:528: unmapped Write8 0x00000000 @ 0x00000959 at PC 0x010F3548
[   5.567277] HW.Memory <Error> core\memory.cpp:Memory::MemorySystem::Write:528: unmapped Write8 0x00000000 @ 0x0000095A at PC 0x010F3548
[   5.567278] HW.Memory <Error> core\memory.cpp:Memory::MemorySystem::Write:528: unmapped Write8 0x00000000 @ 0x0000095B at PC 0x010F3548
[   5.567278] HW.Memory <Error> core\memory.cpp:Memory::MemorySystem::Write:528: unmapped Write8 0x00000000 @ 0x0000095C at PC 0x010F3548
[   5.567279] HW.Memory <Error> core\memory.cpp:Memory::MemorySystem::Write:528: unmapped Write8 0x00000000 @ 0x0000095D at PC 0x010F3548
[   5.567279] HW.Memory <Error> core\memory.cpp:Memory::MemorySystem::Write:528: unmapped Write8 0x00000000 @ 0x0000095E at PC 0x010F3548
[   5.567280] HW.Memory <Error> core\memory.cpp:Memory::MemorySystem::Write:528: unmapped Write8 0x00000000 @ 0x0000095F at PC 0x010F3548
[   5.567280] HW.Memory <Error> core\memory.cpp:Memory::MemorySystem::Write:528: unmapped Write8 0x00000000 @ 0x00000960 at PC 0x010F3548
[   5.567281] HW.Memory <Error> core\memory.cpp:Memory::MemorySystem::Write:528: unmapped Write8 0x00000000 @ 0x00000961 at PC 0x010F3548
[   5.567282] HW.Memory <Error> core\memory.cpp:Memory::MemorySystem::Write:528: unmapped Write8 0x00000000 @ 0x00000962 at PC 0x010F3548
[   5.567282] HW.Memory <Error> core\memory.cpp:Memory::MemorySystem::Write:528: unmapped Write8 0x00000000 @ 0x00000963 at PC 0x010F3548
[   5.567283] HW.Memory <Error> core\memory.cpp:Memory::MemorySystem::Write:528: unmapped Write8 0x00000000 @ 0x00000964 at PC 0x010F3548
[   5.567283] HW.Memory <Error> core\memory.cpp:Memory::MemorySystem::Write:528: unmapped Write8 0x00000000 @ 0x00000965 at PC 0x010F3548
[   5.567284] HW.Memory <Error> core\memory.cpp:Memory::MemorySystem::Write:528: unmapped Write8 0x00000000 @ 0x00000966 at PC 0x010F3548
[   5.567284] HW.Memory <Error> core\memory.cpp:Memory::MemorySystem::Write:528: unmapped Write8 0x00000000 @ 0x00000967 at PC 0x010F3548
[   5.567285] HW.Memory <Error> core\memory.cpp:Memory::MemorySystem::Write:528: unmapped Write8 0x00000000 @ 0x00000968 at PC 0x010F3548
[   5.567285] HW.Memory <Error> core\memory.cpp:Memory::MemorySystem::Write:528: unmapped Write8 0x00000000 @ 0x00000969 at PC 0x010F3548
[   5.567286] HW.Memory <Error> core\memory.cpp:Memory::MemorySystem::Write:528: unmapped Write8 0x00000000 @ 0x0000096A at PC 0x010F3548
[   5.567286] HW.Memory <Error> core\memory.cpp:Memory::MemorySystem::Write:528: unmapped Write8 0x00000000 @ 0x0000096B at PC 0x010F3548
[   5.567287] HW.Memory <Error> core\memory.cpp:Memory::MemorySystem::Write:528: unmapped Write8 0x00000000 @ 0x0000096C at PC 0x010F3548
[   5.567287] HW.Memory <Error> core\memory.cpp:Memory::MemorySystem::Write:528: unmapped Write8 0x00000000 @ 0x0000096D at PC 0x010F3548
[   5.567288] HW.Memory <Error> core\memory.cpp:Memory::MemorySystem::Write:528: unmapped Write8 0x00000000 @ 0x0000096E at PC 0x010F3548
[   5.567288] HW.Memory <Error> core\memory.cpp:Memory::MemorySystem::Write:528: unmapped Write8 0x00000000 @ 0x0000096F at PC 0x010F3548
[   5.567289] HW.Memory <Error> core\memory.cpp:Memory::MemorySystem::Write:528: unmapped Write8 0x00000000 @ 0x00000970 at PC 0x010F3548
[   5.567289] HW.Memory <Error> core\memory.cpp:Memory::MemorySystem::Write:528: unmapped Write8 0x00000000 @ 0x00000971 at PC 0x010F3548
[   5.567290] HW.Memory <Error> core\memory.cpp:Memory::MemorySystem::Write:528: unmapped Write8 0x00000000 @ 0x00000972 at PC 0x010F3548
[   5.567290] HW.Memory <Error> core\memory.cpp:Memory::MemorySystem::Write:528: unmapped Write8 0x00000000 @ 0x00000973 at PC 0x010F3548
[   5.567291] HW.Memory <Error> core\memory.cpp:Memory::MemorySystem::Write:528: unmapped Write8 0x00000000 @ 0x00000974 at PC 0x010F3548
[   5.567292] HW.Memory <Error> core\memory.cpp:Memory::MemorySystem::Write:528: unmapped Write8 0x00000000 @ 0x00000975 at PC 0x010F3548
[   5.567321] HW.Memory <Error> core\memory.cpp:Memory::MemorySystem::Write:528: unmapped Write8 0x00000000 @ 0x00000976 at PC 0x010F3548
[   5.567321] HW.Memory <Error> core\memory.cpp:Memory::MemorySystem::Write:528: unmapped Write8 0x00000000 @ 0x00000977 at PC 0x010F3548
[   5.567322] HW.Memory <Error> core\memory.cpp:Memory::MemorySystem::Write:528: unmapped Write8 0x00000000 @ 0x00000978 at PC 0x010F3548
[   5.567323] HW.Memory <Error> core\memory.cpp:Memory::MemorySystem::Write:528: unmapped Write8 0x00000000 @ 0x00000979 at PC 0x010F3548
[   5.567325] HW.Memory <Error> core\memory.cpp:Memory::MemorySystem::Write:528: unmapped Write8 0x00000000 @ 0x0000097A at PC 0x010F3548
[   5.567325] HW.Memory <Error> core\memory.cpp:Memory::MemorySystem::Write:528: unmapped Write8 0x00000000 @ 0x0000097B at PC 0x010F3548
[   5.567326] HW.Memory <Error> core\memory.cpp:Memory::MemorySystem::Write:528: unmapped Write8 0x00000000 @ 0x0000097C at PC 0x010F3548
[   5.567326] HW.Memory <Error> core\memory.cpp:Memory::MemorySystem::Write:528: unmapped Write8 0x00000000 @ 0x0000097D at PC 0x010F3548
[   5.567327] HW.Memory <Error> core\memory.cpp:Memory::MemorySystem::Write:528: unmapped Write8 0x00000000 @ 0x0000097E at PC 0x010F3548
[   5.567327] HW.Memory <Error> core\memory.cpp:Memory::MemorySystem::Write:528: unmapped Write8 0x00000000 @ 0x0000097F at PC 0x010F3548
[   5.567328] HW.Memory <Error> core\memory.cpp:Memory::MemorySystem::Write:528: unmapped Write8 0x00000000 @ 0x00000980 at PC 0x010F3548
[   5.567328] HW.Memory <Error> core\memory.cpp:Memory::MemorySystem::Write:528: unmapped Write8 0x00000000 @ 0x00000981 at PC 0x010F3548
[   5.567329] HW.Memory <Error> core\memory.cpp:Memory::MemorySystem::Write:528: unmapped Write8 0x00000000 @ 0x00000982 at PC 0x010F3548
[   5.567329] HW.Memory <Error> core\memory.cpp:Memory::MemorySystem::Write:528: unmapped Write8 0x00000000 @ 0x00000983 at PC 0x010F3548
[   5.567330] HW.Memory <Error> core\memory.cpp:Memory::MemorySystem::Write:528: unmapped Write8 0x00000000 @ 0x00000984 at PC 0x010F3548
[   5.567330] HW.Memory <Error> core\memory.cpp:Memory::MemorySystem::Write:528: unmapped Write8 0x00000000 @ 0x00000985 at PC 0x010F3548
[   5.567331] HW.Memory <Error> core\memory.cpp:Memory::MemorySystem::Write:528: unmapped Write8 0x00000000 @ 0x00000986 at PC 0x010F3548
[   5.567331] HW.Memory <Error> core\memory.cpp:Memory::MemorySystem::Write:528: unmapped Write8 0x00000000 @ 0x00000987 at PC 0x010F3548
[   5.567332] HW.Memory <Error> core\memory.cpp:Memory::MemorySystem::Write:528: unmapped Write8 0x00000000 @ 0x00000988 at PC 0x010F3548
[   5.567332] HW.Memory <Error> core\memory.cpp:Memory::MemorySystem::Write:528: unmapped Write8 0x00000000 @ 0x00000989 at PC 0x010F3548
[   5.567333] HW.Memory <Error> core\memory.cpp:Memory::MemorySystem::Write:528: unmapped Write8 0x00000000 @ 0x0000098A at PC 0x010F3548
[   5.567333] HW.Memory <Error> core\memory.cpp:Memory::MemorySystem::Write:528: unmapped Write8 0x00000000 @ 0x0000098B at PC 0x010F3548
[   5.567333] HW.Memory <Error> core\memory.cpp:Memory::MemorySystem::Write:528: unmapped Write8 0x00000000 @ 0x0000098C at PC 0x010F3548
[   5.567334] HW.Memory <Error> core\memory.cpp:Memory::MemorySystem::Write:528: unmapped Write8 0x00000000 @ 0x0000098D at PC 0x010F3548
[   5.567335] HW.Memory <Error> core\memory.cpp:Memory::MemorySystem::Write:528: unmapped Write8 0x00000000 @ 0x0000098E at PC 0x010F3548
[   5.567335] HW.Memory <Error> core\memory.cpp:Memory::MemorySystem::Write:528: unmapped Write8 0x00000000 @ 0x0000098F at PC 0x010F3548
[   5.567336] HW.Memory <Error> core\memory.cpp:Memory::MemorySystem::Write:528: unmapped Write8 0x00000000 @ 0x00000990 at PC 0x010F3548
[   5.567336] HW.Memory <Error> core\memory.cpp:Memory::MemorySystem::Write:528: unmapped Write8 0x00000000 @ 0x00000991 at PC 0x010F3548
[   5.567336] HW.Memory <Error> core\memory.cpp:Memory::MemorySystem::Write:528: unmapped Write8 0x00000000 @ 0x00000992 at PC 0x010F3548
[   5.567337] HW.Memory <Error> core\memory.cpp:Memory::MemorySystem::Write:528: unmapped Write8 0x00000000 @ 0x00000993 at PC 0x010F3548
[   5.567337] HW.Memory <Error> core\memory.cpp:Memory::MemorySystem::Write:528: unmapped Write8 0x00000000 @ 0x00000994 at PC 0x010F3548
[   5.567338] HW.Memory <Error> core\memory.cpp:Memory::MemorySystem::Write:528: unmapped Write8 0x00000000 @ 0x00000995 at PC 0x010F3548
[   5.567338] HW.Memory <Error> core\memory.cpp:Memory::MemorySystem::Write:528: unmapped Write8 0x00000000 @ 0x00000996 at PC 0x010F3548
[   5.567339] HW.Memory <Error> core\memory.cpp:Memory::MemorySystem::Write:528: unmapped Write8 0x00000000 @ 0x00000997 at PC 0x010F3548
[   5.567339] HW.Memory <Error> core\memory.cpp:Memory::MemorySystem::Write:528: unmapped Write8 0x00000000 @ 0x00000998 at PC 0x010F3548
[   5.567340] HW.Memory <Error> core\memory.cpp:Memory::MemorySystem::Write:528: unmapped Write8 0x00000000 @ 0x00000999 at PC 0x010F3548
[   5.567340] HW.Memory <Error> core\memory.cpp:Memory::MemorySystem::Write:528: unmapped Write8 0x00000000 @ 0x0000099A at PC 0x010F3548
[   5.567341] HW.Memory <Error> core\memory.cpp:Memory::MemorySystem::Write:528: unmapped Write8 0x00000000 @ 0x0000099B at PC 0x010F3548
[   5.567341] HW.Memory <Error> core\memory.cpp:Memory::MemorySystem::Write:528: unmapped Write8 0x00000000 @ 0x0000099C at PC 0x010F3548
[   5.567342] HW.Memory <Error> core\memory.cpp:Memory::MemorySystem::Write:528: unmapped Write8 0x00000000 @ 0x0000099D at PC 0x010F3548
[   5.567342] HW.Memory <Error> core\memory.cpp:Memory::MemorySystem::Write:528: unmapped Write8 0x00000000 @ 0x0000099E at PC 0x010F3548
[   5.567343] HW.Memory <Error> core\memory.cpp:Memory::MemorySystem::Write:528: unmapped Write8 0x00000000 @ 0x0000099F at PC 0x010F3548
[   5.567343] HW.Memory <Error> core\memory.cpp:Memory::MemorySystem::Write:528: unmapped Write8 0x00000000 @ 0x000009A0 at PC 0x010F3548
[   5.567344] HW.Memory <Error> core\memory.cpp:Memory::MemorySystem::Write:528: unmapped Write8 0x00000000 @ 0x000009A1 at PC 0x010F3548
[   5.567344] HW.Memory <Error> core\memory.cpp:Memory::MemorySystem::Write:528: unmapped Write8 0x00000000 @ 0x000009A2 at PC 0x010F3548
[   5.567345] HW.Memory <Error> core\memory.cpp:Memory::MemorySystem::Write:528: unmapped Write8 0x00000000 @ 0x000009A3 at PC 0x010F3548
[   5.567345] HW.Memory <Error> core\memory.cpp:Memory::MemorySystem::Write:528: unmapped Write8 0x00000000 @ 0x000009A4 at PC 0x010F3548
[   5.567346] HW.Memory <Error> core\memory.cpp:Memory::MemorySystem::Write:528: unmapped Write8 0x00000000 @ 0x000009A5 at PC 0x010F3548
[   5.567346] HW.Memory <Error> core\memory.cpp:Memory::MemorySystem::Write:528: unmapped Write8 0x00000000 @ 0x000009A6 at PC 0x010F3548
[   5.567347] HW.Memory <Error> core\memory.cpp:Memory::MemorySystem::Write:528: unmapped Write8 0x00000000 @ 0x000009A7 at PC 0x010F3548
[   5.567347] HW.Memory <Error> core\memory.cpp:Memory::MemorySystem::Write:528: unmapped Write8 0x00000000 @ 0x000009A8 at PC 0x010F3548
[   5.567348] HW.Memory <Error> core\memory.cpp:Memory::MemorySystem::Write:528: unmapped Write8 0x00000000 @ 0x000009A9 at PC 0x010F3548
[   5.567348] HW.Memory <Error> core\memory.cpp:Memory::MemorySystem::Write:528: unmapped Write8 0x00000000 @ 0x000009AA at PC 0x010F3548
[   5.567349] HW.Memory <Error> core\memory.cpp:Memory::MemorySystem::Write:528: unmapped Write8 0x00000000 @ 0x000009AB at PC 0x010F3548
[   5.567349] HW.Memory <Error> core\memory.cpp:Memory::MemorySystem::Write:528: unmapped Write8 0x00000000 @ 0x000009AC at PC 0x010F3548
[   5.567350] HW.Memory <Error> core\memory.cpp:Memory::MemorySystem::Write:528: unmapped Write8 0x00000000 @ 0x000009AD at PC 0x010F3548
[   5.567350] HW.Memory <Error> core\memory.cpp:Memory::MemorySystem::Write:528: unmapped Write8 0x00000000 @ 0x000009AE at PC 0x010F3548
[   5.567351] HW.Memory <Error> core\memory.cpp:Memory::MemorySystem::Write:528: unmapped Write8 0x00000000 @ 0x000009AF at PC 0x010F3548
[   5.567351] HW.Memory <Error> core\memory.cpp:Memory::MemorySystem::Write:528: unmapped Write8 0x00000000 @ 0x000009B0 at PC 0x010F3548
[   5.567352] HW.Memory <Error> core\memory.cpp:Memory::MemorySystem::Write:528: unmapped Write8 0x00000000 @ 0x000009B1 at PC 0x010F3548
[   5.567352] HW.Memory <Error> core\memory.cpp:Memory::MemorySystem::Write:528: unmapped Write8 0x00000000 @ 0x000009B2 at PC 0x010F3548
[   5.567352] HW.Memory <Error> core\memory.cpp:Memory::MemorySystem::Write:528: unmapped Write8 0x00000000 @ 0x000009B3 at PC 0x010F3548
[   5.567353] HW.Memory <Error> core\memory.cpp:Memory::MemorySystem::Write:528: unmapped Write8 0x00000000 @ 0x000009B4 at PC 0x010F3548
[   5.567353] HW.Memory <Error> core\memory.cpp:Memory::MemorySystem::Write:528: unmapped Write8 0x00000000 @ 0x000009B5 at PC 0x010F3548
[   5.567354] HW.Memory <Error> core\memory.cpp:Memory::MemorySystem::Write:528: unmapped Write8 0x00000000 @ 0x000009B6 at PC 0x010F3548
[   5.567354] HW.Memory <Error> core\memory.cpp:Memory::MemorySystem::Write:528: unmapped Write8 0x00000000 @ 0x000009B7 at PC 0x010F3548
[   5.567355] HW.Memory <Error> core\memory.cpp:Memory::MemorySystem::Write:528: unmapped Write8 0x00000000 @ 0x000009B8 at PC 0x010F3548
[   5.567355] HW.Memory <Error> core\memory.cpp:Memory::MemorySystem::Write:528: unmapped Write8 0x00000000 @ 0x000009B9 at PC 0x010F3548
[   5.567356] HW.Memory <Error> core\memory.cpp:Memory::MemorySystem::Write:528: unmapped Write8 0x00000000 @ 0x000009BA at PC 0x010F3548
[   5.567356] HW.Memory <Error> core\memory.cpp:Memory::MemorySystem::Write:528: unmapped Write8 0x00000000 @ 0x000009BB at PC 0x010F3548
[   5.567357] HW.Memory <Error> core\memory.cpp:Memory::MemorySystem::Write:528: unmapped Write8 0x00000000 @ 0x000009BC at PC 0x010F3548
[   5.567357] HW.Memory <Error> core\memory.cpp:Memory::MemorySystem::Write:528: unmapped Write8 0x00000000 @ 0x000009BD at PC 0x010F3548
[   5.567358] HW.Memory <Error> core\memory.cpp:Memory::MemorySystem::Write:528: unmapped Write8 0x00000000 @ 0x000009BE at PC 0x010F3548
[   5.567358] HW.Memory <Error> core\memory.cpp:Memory::MemorySystem::Write:528: unmapped Write8 0x00000000 @ 0x000009BF at PC 0x010F3548
[   5.567359] HW.Memory <Error> core\memory.cpp:Memory::MemorySystem::Write:528: unmapped Write8 0x00000000 @ 0x000009C0 at PC 0x010F3548
[   5.567359] HW.Memory <Error> core\memory.cpp:Memory::MemorySystem::Write:528: unmapped Write8 0x00000000 @ 0x000009C1 at PC 0x010F3548
[   5.567360] HW.Memory <Error> core\memory.cpp:Memory::MemorySystem::Write:528: unmapped Write8 0x00000000 @ 0x000009C2 at PC 0x010F3548
[   5.567360] HW.Memory <Error> core\memory.cpp:Memory::MemorySystem::Write:528: unmapped Write8 0x00000000 @ 0x000009C3 at PC 0x010F3548
[   5.567361] HW.Memory <Error> core\memory.cpp:Memory::MemorySystem::Write:528: unmapped Write8 0x00000000 @ 0x000009C4 at PC 0x010F3548
[   5.567361] HW.Memory <Error> core\memory.cpp:Memory::MemorySystem::Write:528: unmapped Write8 0x00000000 @ 0x000009C5 at PC 0x010F3548
[   5.567362] HW.Memory <Error> core\memory.cpp:Memory::MemorySystem::Write:528: unmapped Write8 0x00000000 @ 0x000009C6 at PC 0x010F3548
[   5.567362] HW.Memory <Error> core\memory.cpp:Memory::MemorySystem::Write:528: unmapped Write8 0x00000000 @ 0x000009C7 at PC 0x010F3548
[   5.567363] HW.Memory <Error> core\memory.cpp:Memory::MemorySystem::Write:528: unmapped Write8 0x00000000 @ 0x000009C8 at PC 0x010F3548
[   5.567363] HW.Memory <Error> core\memory.cpp:Memory::MemorySystem::Write:528: unmapped Write8 0x00000000 @ 0x000009C9 at PC 0x010F3548
[   5.567364] HW.Memory <Error> core\memory.cpp:Memory::MemorySystem::Write:528: unmapped Write8 0x00000000 @ 0x000009CA at PC 0x010F3548
[   5.567364] HW.Memory <Error> core\memory.cpp:Memory::MemorySystem::Write:528: unmapped Write8 0x00000000 @ 0x000009CB at PC 0x010F3548
[   5.567365] HW.Memory <Error> core\memory.cpp:Memory::MemorySystem::Write:528: unmapped Write8 0x00000000 @ 0x000009CC at PC 0x010F3548
[   5.567365] HW.Memory <Error> core\memory.cpp:Memory::MemorySystem::Write:528: unmapped Write8 0x00000000 @ 0x000009CD at PC 0x010F3548
[   5.567366] HW.Memory <Error> core\memory.cpp:Memory::MemorySystem::Write:528: unmapped Write8 0x00000000 @ 0x000009CE at PC 0x010F3548
[   5.567366] HW.Memory <Error> core\memory.cpp:Memory::MemorySystem::Write:528: unmapped Write8 0x00000000 @ 0x000009CF at PC 0x010F3548
[   5.567367] HW.Memory <Error> core\memory.cpp:Memory::MemorySystem::Write:528: unmapped Write8 0x00000000 @ 0x000009D0 at PC 0x010F3548
[   5.567367] HW.Memory <Error> core\memory.cpp:Memory::MemorySystem::Write:528: unmapped Write8 0x00000000 @ 0x000009D1 at PC 0x010F3548
[   5.567368] HW.Memory <Error> core\memory.cpp:Memory::MemorySystem::Write:528: unmapped Write8 0x00000000 @ 0x000009D2 at PC 0x010F3548
[   5.567368] HW.Memory <Error> core\memory.cpp:Memory::MemorySystem::Write:528: unmapped Write8 0x00000000 @ 0x000009D3 at PC 0x010F3548
[   5.567369] HW.Memory <Error> core\memory.cpp:Memory::MemorySystem::Write:528: unmapped Write8 0x00000000 @ 0x000009D4 at PC 0x010F3548
[   5.567369] HW.Memory <Error> core\memory.cpp:Memory::MemorySystem::Write:528: unmapped Write8 0x00000000 @ 0x000009D5 at PC 0x010F3548
[   5.567369] HW.Memory <Error> core\memory.cpp:Memory::MemorySystem::Write:528: unmapped Write8 0x00000000 @ 0x000009D6 at PC 0x010F3548
[   5.567370] HW.Memory <Error> core\memory.cpp:Memory::MemorySystem::Write:528: unmapped Write8 0x00000000 @ 0x000009D7 at PC 0x010F3548
[   5.567370] HW.Memory <Error> core\memory.cpp:Memory::MemorySystem::Write:528: unmapped Write8 0x00000000 @ 0x000009D8 at PC 0x010F3548
[   5.567371] HW.Memory <Error> core\memory.cpp:Memory::MemorySystem::Write:528: unmapped Write8 0x00000000 @ 0x000009D9 at PC 0x010F3548
[   5.567374] HW.Memory <Error> core\memory.cpp:Memory::MemorySystem::Write:528: unmapped Write8 0x00000000 @ 0x000009DA at PC 0x010F3548
[   5.567374] HW.Memory <Error> core\memory.cpp:Memory::MemorySystem::Write:528: unmapped Write8 0x00000000 @ 0x000009DB at PC 0x010F3548
[   5.567374] HW.Memory <Error> core\memory.cpp:Memory::MemorySystem::Write:528: unmapped Write8 0x00000000 @ 0x000009DC at PC 0x010F3548
[   5.567375] HW.Memory <Error> core\memory.cpp:Memory::MemorySystem::Write:528: unmapped Write8 0x00000000 @ 0x000009DD at PC 0x010F3548
[   5.567375] HW.Memory <Error> core\memory.cpp:Memory::MemorySystem::Write:528: unmapped Write8 0x00000000 @ 0x000009DE at PC 0x010F3548
[   5.567376] HW.Memory <Error> core\memory.cpp:Memory::MemorySystem::Write:528: unmapped Write8 0x00000000 @ 0x000009DF at PC 0x010F3548
[   5.567376] HW.Memory <Error> core\memory.cpp:Memory::MemorySystem::Write:528: unmapped Write8 0x00000000 @ 0x000009E0 at PC 0x010F3548
[   5.567377] HW.Memory <Error> core\memory.cpp:Memory::MemorySystem::Write:528: unmapped Write8 0x00000000 @ 0x000009E1 at PC 0x010F3548
[   5.567377] HW.Memory <Error> core\memory.cpp:Memory::MemorySystem::Write:528: unmapped Write8 0x00000000 @ 0x000009E2 at PC 0x010F3548
[   5.567378] HW.Memory <Error> core\memory.cpp:Memory::MemorySystem::Write:528: unmapped Write8 0x00000000 @ 0x000009E3 at PC 0x010F3548
[   5.567378] HW.Memory <Error> core\memory.cpp:Memory::MemorySystem::Write:528: unmapped Write8 0x00000000 @ 0x000009E4 at PC 0x010F3548
[   5.567379] HW.Memory <Error> core\memory.cpp:Memory::MemorySystem::Write:528: unmapped Write8 0x00000000 @ 0x000009E5 at PC 0x010F3548
[   5.567379] HW.Memory <Error> core\memory.cpp:Memory::MemorySystem::Write:528: unmapped Write8 0x00000000 @ 0x000009E6 at PC 0x010F3548
[   5.567380] HW.Memory <Error> core\memory.cpp:Memory::MemorySystem::Write:528: unmapped Write8 0x00000000 @ 0x000009E7 at PC 0x010F3548
[   5.567380] HW.Memory <Error> core\memory.cpp:Memory::MemorySystem::Write:528: unmapped Write8 0x00000000 @ 0x000009E8 at PC 0x010F3548
[   5.567381] HW.Memory <Error> core\memory.cpp:Memory::MemorySystem::Write:528: unmapped Write8 0x00000000 @ 0x000009E9 at PC 0x010F3548
[   5.567381] HW.Memory <Error> core\memory.cpp:Memory::MemorySystem::Write:528: unmapped Write8 0x00000000 @ 0x000009EA at PC 0x010F3548
[   5.567382] HW.Memory <Error> core\memory.cpp:Memory::MemorySystem::Write:528: unmapped Write8 0x00000000 @ 0x000009EB at PC 0x010F3548
[   5.567382] HW.Memory <Error> core\memory.cpp:Memory::MemorySystem::Write:528: unmapped Write8 0x00000000 @ 0x000009EC at PC 0x010F3548
[   5.567383] HW.Memory <Error> core\memory.cpp:Memory::MemorySystem::Write:528: unmapped Write8 0x00000000 @ 0x000009ED at PC 0x010F3548
[   5.567383] HW.Memory <Error> core\memory.cpp:Memory::MemorySystem::Write:528: unmapped Write8 0x00000000 @ 0x000009EE at PC 0x010F3548
[   5.567384] HW.Memory <Error> core\memory.cpp:Memory::MemorySystem::Write:528: unmapped Write8 0x00000000 @ 0x000009EF at PC 0x010F3548
[   5.567384] HW.Memory <Error> core\memory.cpp:Memory::MemorySystem::Write:528: unmapped Write8 0x00000000 @ 0x000009F0 at PC 0x010F3548
[   5.567385] HW.Memory <Error> core\memory.cpp:Memory::MemorySystem::Write:528: unmapped Write8 0x00000000 @ 0x000009F1 at PC 0x010F3548
[   5.567385] HW.Memory <Error> core\memory.cpp:Memory::MemorySystem::Write:528: unmapped Write8 0x00000000 @ 0x000009F2 at PC 0x010F3548
[   5.567385] HW.Memory <Error> core\memory.cpp:Memory::MemorySystem::Write:528: unmapped Write8 0x00000000 @ 0x000009F3 at PC 0x010F3548
[   5.567386] HW.Memory <Error> core\memory.cpp:Memory::MemorySystem::Write:528: unmapped Write8 0x00000000 @ 0x000009F4 at PC 0x010F3548
[   5.567386] HW.Memory <Error> core\memory.cpp:Memory::MemorySystem::Write:528: unmapped Write8 0x00000000 @ 0x000009F5 at PC 0x010F3548
[   5.567387] HW.Memory <Error> core\memory.cpp:Memory::MemorySystem::Write:528: unmapped Write8 0x00000000 @ 0x000009F6 at PC 0x010F3548
[   5.567387] HW.Memory <Error> core\memory.cpp:Memory::MemorySystem::Write:528: unmapped Write8 0x00000000 @ 0x000009F7 at PC 0x010F3548
[   5.567388] HW.Memory <Error> core\memory.cpp:Memory::MemorySystem::Write:528: unmapped Write8 0x00000000 @ 0x000009F8 at PC 0x010F3548
[   5.567388] HW.Memory <Error> core\memory.cpp:Memory::MemorySystem::Write:528: unmapped Write8 0x00000000 @ 0x000009F9 at PC 0x010F3548
[   5.567389] HW.Memory <Error> core\memory.cpp:Memory::MemorySystem::Write:528: unmapped Write8 0x00000000 @ 0x000009FA at PC 0x010F3548
[   5.567389] HW.Memory <Error> core\memory.cpp:Memory::MemorySystem::Write:528: unmapped Write8 0x00000000 @ 0x000009FB at PC 0x010F3548
[   5.567390] HW.Memory <Error> core\memory.cpp:Memory::MemorySystem::Write:528: unmapped Write8 0x00000000 @ 0x000009FC at PC 0x010F3548
[   5.567390] HW.Memory <Error> core\memory.cpp:Memory::MemorySystem::Write:528: unmapped Write8 0x00000000 @ 0x000009FD at PC 0x010F3548
[   5.567391] HW.Memory <Error> core\memory.cpp:Memory::MemorySystem::Write:528: unmapped Write8 0x00000000 @ 0x000009FE at PC 0x010F3548
[   5.567392] HW.Memory <Error> core\memory.cpp:Memory::MemorySystem::Write:528: unmapped Write8 0x00000000 @ 0x000009FF at PC 0x010F3548
[   5.567392] HW.Memory <Error> core\memory.cpp:Memory::MemorySystem::Write:528: unmapped Write8 0x00000000 @ 0x00000A00 at PC 0x010F3548
[   5.567393] HW.Memory <Error> core\memory.cpp:Memory::MemorySystem::Write:528: unmapped Write8 0x00000000 @ 0x00000A01 at PC 0x010F3548
[   5.567394] HW.Memory <Error> core\memory.cpp:Memory::MemorySystem::Write:528: unmapped Write8 0x00000000 @ 0x00000A02 at PC 0x010F3548
[   5.567394] HW.Memory <Error> core\memory.cpp:Memory::MemorySystem::Write:528: unmapped Write8 0x00000000 @ 0x00000A03 at PC 0x010F3548
[   5.567395] HW.Memory <Error> core\memory.cpp:Memory::MemorySystem::Write:528: unmapped Write8 0x00000000 @ 0x00000A04 at PC 0x010F3548
[   5.567395] HW.Memory <Error> core\memory.cpp:Memory::MemorySystem::Write:528: unmapped Write8 0x00000000 @ 0x00000A05 at PC 0x010F3548
[   5.567396] HW.Memory <Error> core\memory.cpp:Memory::MemorySystem::Write:528: unmapped Write8 0x00000000 @ 0x00000A06 at PC 0x010F3548
[   5.567396] HW.Memory <Error> core\memory.cpp:Memory::MemorySystem::Write:528: unmapped Write8 0x00000000 @ 0x00000A07 at PC 0x010F3548
[   5.567425] HW.Memory <Error> core\memory.cpp:Memory::MemorySystem::Write:528: unmapped Write8 0x00000000 @ 0x00000A08 at PC 0x010F3548
[   5.567426] HW.Memory <Error> core\memory.cpp:Memory::MemorySystem::Write:528: unmapped Write8 0x00000000 @ 0x00000A09 at PC 0x010F3548
[   5.567426] HW.Memory <Error> core\memory.cpp:Memory::MemorySystem::Write:528: unmapped Write8 0x00000000 @ 0x00000A0A at PC 0x010F3548
[   5.567427] HW.Memory <Error> core\memory.cpp:Memory::MemorySystem::Write:528: unmapped Write8 0x00000000 @ 0x00000A0B at PC 0x010F3548
[   5.567427] HW.Memory <Error> core\memory.cpp:Memory::MemorySystem::Write:528: unmapped Write8 0x00000000 @ 0x00000A0C at PC 0x010F3548
[   5.567428] HW.Memory <Error> core\memory.cpp:Memory::MemorySystem::Write:528: unmapped Write8 0x00000000 @ 0x00000A0D at PC 0x010F3548
[   5.567428] HW.Memory <Error> core\memory.cpp:Memory::MemorySystem::Write:528: unmapped Write8 0x00000000 @ 0x00000A0E at PC 0x010F3548
[   5.567429] HW.Memory <Error> core\memory.cpp:Memory::MemorySystem::Write:528: unmapped Write8 0x00000000 @ 0x00000A0F at PC 0x010F3548
[   5.567429] HW.Memory <Error> core\memory.cpp:Memory::MemorySystem::Write:528: unmapped Write8 0x00000000 @ 0x00000A10 at PC 0x010F3548
[   5.567430] HW.Memory <Error> core\memory.cpp:Memory::MemorySystem::Write:528: unmapped Write8 0x00000000 @ 0x00000A11 at PC 0x010F3548
[   5.567430] HW.Memory <Error> core\memory.cpp:Memory::MemorySystem::Write:528: unmapped Write8 0x00000000 @ 0x00000A12 at PC 0x010F3548
[   5.567430] HW.Memory <Error> core\memory.cpp:Memory::MemorySystem::Write:528: unmapped Write8 0x00000000 @ 0x00000A13 at PC 0x010F3548
[   5.567431] HW.Memory <Error> core\memory.cpp:Memory::MemorySystem::Write:528: unmapped Write8 0x00000000 @ 0x00000A14 at PC 0x010F3548
[   5.567431] HW.Memory <Error> core\memory.cpp:Memory::MemorySystem::Write:528: unmapped Write8 0x00000000 @ 0x00000A15 at PC 0x010F3548
[   5.567432] HW.Memory <Error> core\memory.cpp:Memory::MemorySystem::Write:528: unmapped Write8 0x00000000 @ 0x00000A16 at PC 0x010F3548
[   5.567432] HW.Memory <Error> core\memory.cpp:Memory::MemorySystem::Write:528: unmapped Write8 0x00000000 @ 0x00000A17 at PC 0x010F3548
[   5.567433] HW.Memory <Error> core\memory.cpp:Memory::MemorySystem::Write:528: unmapped Write8 0x00000000 @ 0x00000A18 at PC 0x010F3548
[   5.567433] HW.Memory <Error> core\memory.cpp:Memory::MemorySystem::Write:528: unmapped Write8 0x00000000 @ 0x00000A19 at PC 0x010F3548
[   5.567434] HW.Memory <Error> core\memory.cpp:Memory::MemorySystem::Write:528: unmapped Write8 0x00000000 @ 0x00000A1A at PC 0x010F3548
[   5.567434] HW.Memory <Error> core\memory.cpp:Memory::MemorySystem::Write:528: unmapped Write8 0x00000000 @ 0x00000A1B at PC 0x010F3548
[   5.567435] HW.Memory <Error> core\memory.cpp:Memory::MemorySystem::Write:528: unmapped Write8 0x00000000 @ 0x00000A1C at PC 0x010F3548
[   5.567435] HW.Memory <Error> core\memory.cpp:Memory::MemorySystem::Write:528: unmapped Write8 0x00000000 @ 0x00000A1D at PC 0x010F3548
[   5.567436] HW.Memory <Error> core\memory.cpp:Memory::MemorySystem::Write:528: unmapped Write8 0x00000000 @ 0x00000A1E at PC 0x010F3548
[   5.567436] HW.Memory <Error> core\memory.cpp:Memory::MemorySystem::Write:528: unmapped Write8 0x00000000 @ 0x00000A1F at PC 0x010F3548
[   5.567437] HW.Memory <Error> core\memory.cpp:Memory::MemorySystem::Write:528: unmapped Write8 0x00000000 @ 0x00000A20 at PC 0x010F3548
[   5.567437] HW.Memory <Error> core\memory.cpp:Memory::MemorySystem::Write:528: unmapped Write8 0x00000000 @ 0x00000A21 at PC 0x010F3548
[   5.567438] HW.Memory <Error> core\memory.cpp:Memory::MemorySystem::Write:528: unmapped Write8 0x00000000 @ 0x00000A22 at PC 0x010F3548
[   5.567438] HW.Memory <Error> core\memory.cpp:Memory::MemorySystem::Write:528: unmapped Write8 0x00000000 @ 0x00000A23 at PC 0x010F3548
[   5.567439] HW.Memory <Error> core\memory.cpp:Memory::MemorySystem::Write:528: unmapped Write8 0x00000000 @ 0x00000A24 at PC 0x010F3548
[   5.567439] HW.Memory <Error> core\memory.cpp:Memory::MemorySystem::Write:528: unmapped Write8 0x00000000 @ 0x00000A25 at PC 0x010F3548
[   5.567440] HW.Memory <Error> core\memory.cpp:Memory::MemorySystem::Write:528: unmapped Write8 0x00000000 @ 0x00000A26 at PC 0x010F3548
[   5.567440] HW.Memory <Error> core\memory.cpp:Memory::MemorySystem::Write:528: unmapped Write8 0x00000000 @ 0x00000A27 at PC 0x010F3548
[   5.567441] HW.Memory <Error> core\memory.cpp:Memory::MemorySystem::Write:528: unmapped Write8 0x00000000 @ 0x00000A28 at PC 0x010F3548
[   5.567441] HW.Memory <Error> core\memory.cpp:Memory::MemorySystem::Write:528: unmapped Write8 0x00000000 @ 0x00000A29 at PC 0x010F3548
[   5.567442] HW.Memory <Error> core\memory.cpp:Memory::MemorySystem::Write:528: unmapped Write8 0x00000000 @ 0x00000A2A at PC 0x010F3548
[   5.567442] HW.Memory <Error> core\memory.cpp:Memory::MemorySystem::Write:528: unmapped Write8 0x00000000 @ 0x00000A2B at PC 0x010F3548
[   5.567443] HW.Memory <Error> core\memory.cpp:Memory::MemorySystem::Write:528: unmapped Write8 0x00000000 @ 0x00000A2C at PC 0x010F3548
[   5.567443] HW.Memory <Error> core\memory.cpp:Memory::MemorySystem::Write:528: unmapped Write8 0x00000000 @ 0x00000A2D at PC 0x010F3548
[   5.567444] HW.Memory <Error> core\memory.cpp:Memory::MemorySystem::Write:528: unmapped Write8 0x00000000 @ 0x00000A2E at PC 0x010F3548
[   5.567444] HW.Memory <Error> core\memory.cpp:Memory::MemorySystem::Write:528: unmapped Write8 0x00000000 @ 0x00000A2F at PC 0x010F3548
[   5.567444] HW.Memory <Error> core\memory.cpp:Memory::MemorySystem::Write:528: unmapped Write8 0x00000000 @ 0x00000A30 at PC 0x010F3548
[   5.567445] HW.Memory <Error> core\memory.cpp:Memory::MemorySystem::Write:528: unmapped Write8 0x00000000 @ 0x00000A31 at PC 0x010F3548
[   5.567445] HW.Memory <Error> core\memory.cpp:Memory::MemorySystem::Write:528: unmapped Write8 0x00000000 @ 0x00000A32 at PC 0x010F3548
[   5.567446] HW.Memory <Error> core\memory.cpp:Memory::MemorySystem::Write:528: unmapped Write8 0x00000000 @ 0x00000A33 at PC 0x010F3548
[   5.567446] HW.Memory <Error> core\memory.cpp:Memory::MemorySystem::Write:528: unmapped Write8 0x00000000 @ 0x00000A34 at PC 0x010F3548
[   5.567447] HW.Memory <Error> core\memory.cpp:Memory::MemorySystem::Write:528: unmapped Write8 0x00000000 @ 0x00000A35 at PC 0x010F3548
[   5.567447] HW.Memory <Error> core\memory.cpp:Memory::MemorySystem::Write:528: unmapped Write8 0x00000000 @ 0x00000A36 at PC 0x010F3548
[   5.567448] HW.Memory <Error> core\memory.cpp:Memory::MemorySystem::Write:528: unmapped Write8 0x00000000 @ 0x00000A37 at PC 0x010F3548
[   5.567448] HW.Memory <Error> core\memory.cpp:Memory::MemorySystem::Write:528: unmapped Write8 0x00000000 @ 0x00000A38 at PC 0x010F3548
[   5.567449] HW.Memory <Error> core\memory.cpp:Memory::MemorySystem::Write:528: unmapped Write8 0x00000000 @ 0x00000A39 at PC 0x010F3548
[   5.567449] HW.Memory <Error> core\memory.cpp:Memory::MemorySystem::Write:528: unmapped Write8 0x00000000 @ 0x00000A3A at PC 0x010F3548
[   5.567450] HW.Memory <Error> core\memory.cpp:Memory::MemorySystem::Write:528: unmapped Write8 0x00000000 @ 0x00000A3B at PC 0x010F3548
[   5.567450] HW.Memory <Error> core\memory.cpp:Memory::MemorySystem::Write:528: unmapped Write8 0x00000000 @ 0x00000A3C at PC 0x010F3548
[   5.567451] HW.Memory <Error> core\memory.cpp:Memory::MemorySystem::Write:528: unmapped Write8 0x00000000 @ 0x00000A3D at PC 0x010F3548
[   5.567451] HW.Memory <Error> core\memory.cpp:Memory::MemorySystem::Write:528: unmapped Write8 0x00000000 @ 0x00000A3E at PC 0x010F3548
[   5.567452] HW.Memory <Error> core\memory.cpp:Memory::MemorySystem::Write:528: unmapped Write8 0x00000000 @ 0x00000A3F at PC 0x010F3548
[   5.567452] HW.Memory <Error> core\memory.cpp:Memory::MemorySystem::Write:528: unmapped Write8 0x00000000 @ 0x00000A40 at PC 0x010F3548
[   5.567453] HW.Memory <Error> core\memory.cpp:Memory::MemorySystem::Write:528: unmapped Write8 0x00000000 @ 0x00000A41 at PC 0x010F3548
[   5.567453] HW.Memory <Error> core\memory.cpp:Memory::MemorySystem::Write:528: unmapped Write8 0x00000000 @ 0x00000A42 at PC 0x010F3548
[   5.567454] HW.Memory <Error> core\memory.cpp:Memory::MemorySystem::Write:528: unmapped Write8 0x00000000 @ 0x00000A43 at PC 0x010F3548
[   5.567454] HW.Memory <Error> core\memory.cpp:Memory::MemorySystem::Write:528: unmapped Write8 0x00000000 @ 0x00000A44 at PC 0x010F3548
[   5.567455] HW.Memory <Error> core\memory.cpp:Memory::MemorySystem::Write:528: unmapped Write8 0x00000000 @ 0x00000A45 at PC 0x010F3548
[   5.567455] HW.Memory <Error> core\memory.cpp:Memory::MemorySystem::Write:528: unmapped Write8 0x00000000 @ 0x00000A46 at PC 0x010F3548
[   5.567456] HW.Memory <Error> core\memory.cpp:Memory::MemorySystem::Write:528: unmapped Write8 0x00000000 @ 0x00000A47 at PC 0x010F3548
[   5.567456] HW.Memory <Error> core\memory.cpp:Memory::MemorySystem::Write:528: unmapped Write8 0x00000000 @ 0x00000A48 at PC 0x010F3548
[   5.567456] HW.Memory <Error> core\memory.cpp:Memory::MemorySystem::Write:528: unmapped Write8 0x00000000 @ 0x00000A49 at PC 0x010F3548
[   5.567457] HW.Memory <Error> core\memory.cpp:Memory::MemorySystem::Write:528: unmapped Write8 0x00000000 @ 0x00000A4A at PC 0x010F3548
[   5.567457] HW.Memory <Error> core\memory.cpp:Memory::MemorySystem::Write:528: unmapped Write8 0x00000000 @ 0x00000A4B at PC 0x010F3548
[   5.567458] HW.Memory <Error> core\memory.cpp:Memory::MemorySystem::Write:528: unmapped Write8 0x00000000 @ 0x00000A4C at PC 0x010F3548
[   5.567458] HW.Memory <Error> core\memory.cpp:Memory::MemorySystem::Write:528: unmapped Write8 0x00000000 @ 0x00000A4D at PC 0x010F3548
[   5.567459] HW.Memory <Error> core\memory.cpp:Memory::MemorySystem::Write:528: unmapped Write8 0x00000000 @ 0x00000A4E at PC 0x010F3548
[   5.567459] HW.Memory <Error> core\memory.cpp:Memory::MemorySystem::Write:528: unmapped Write8 0x00000000 @ 0x00000A4F at PC 0x010F3548
[   5.567460] HW.Memory <Error> core\memory.cpp:Memory::MemorySystem::Write:528: unmapped Write8 0x00000000 @ 0x00000A50 at PC 0x010F3548
[   5.567460] HW.Memory <Error> core\memory.cpp:Memory::MemorySystem::Write:528: unmapped Write8 0x00000000 @ 0x00000A51 at PC 0x010F3548
[   5.567461] HW.Memory <Error> core\memory.cpp:Memory::MemorySystem::Write:528: unmapped Write8 0x00000000 @ 0x00000A52 at PC 0x010F3548
[   5.567461] HW.Memory <Error> core\memory.cpp:Memory::MemorySystem::Write:528: unmapped Write8 0x00000000 @ 0x00000A53 at PC 0x010F3548
[   5.567462] HW.Memory <Error> core\memory.cpp:Memory::MemorySystem::Write:528: unmapped Write8 0x00000000 @ 0x00000A54 at PC 0x010F3548
[   5.567462] HW.Memory <Error> core\memory.cpp:Memory::MemorySystem::Write:528: unmapped Write8 0x00000000 @ 0x00000A55 at PC 0x010F3548
[   5.567463] HW.Memory <Error> core\memory.cpp:Memory::MemorySystem::Write:528: unmapped Write8 0x00000000 @ 0x00000A56 at PC 0x010F3548
[   5.567463] HW.Memory <Error> core\memory.cpp:Memory::MemorySystem::Write:528: unmapped Write8 0x00000000 @ 0x00000A57 at PC 0x010F3548
[   5.567464] HW.Memory <Error> core\memory.cpp:Memory::MemorySystem::Write:528: unmapped Write8 0x00000000 @ 0x00000A58 at PC 0x010F3548
[   5.567464] HW.Memory <Error> core\memory.cpp:Memory::MemorySystem::Write:528: unmapped Write8 0x00000000 @ 0x00000A59 at PC 0x010F3548
[   5.567465] HW.Memory <Error> core\memory.cpp:Memory::MemorySystem::Write:528: unmapped Write8 0x00000000 @ 0x00000A5A at PC 0x010F3548
[   5.567465] HW.Memory <Error> core\memory.cpp:Memory::MemorySystem::Write:528: unmapped Write8 0x00000000 @ 0x00000A5B at PC 0x010F3548
[   5.567466] HW.Memory <Error> core\memory.cpp:Memory::MemorySystem::Write:528: unmapped Write8 0x00000000 @ 0x00000A5C at PC 0x010F3548
[   5.567466] HW.Memory <Error> core\memory.cpp:Memory::MemorySystem::Write:528: unmapped Write8 0x00000000 @ 0x00000A5D at PC 0x010F3548
[   5.567467] HW.Memory <Error> core\memory.cpp:Memory::MemorySystem::Write:528: unmapped Write8 0x00000000 @ 0x00000A5E at PC 0x010F3548
[   5.567467] HW.Memory <Error> core\memory.cpp:Memory::MemorySystem::Write:528: unmapped Write8 0x00000000 @ 0x00000A5F at PC 0x010F3548
[   5.567468] HW.Memory <Error> core\memory.cpp:Memory::MemorySystem::Write:528: unmapped Write8 0x00000000 @ 0x00000A60 at PC 0x010F3548
[   5.567468] HW.Memory <Error> core\memory.cpp:Memory::MemorySystem::Write:528: unmapped Write8 0x00000000 @ 0x00000A61 at PC 0x010F3548
[   5.567469] HW.Memory <Error> core\memory.cpp:Memory::MemorySystem::Write:528: unmapped Write8 0x00000000 @ 0x00000A62 at PC 0x010F3548
[   5.567469] HW.Memory <Error> core\memory.cpp:Memory::MemorySystem::Write:528: unmapped Write8 0x00000000 @ 0x00000A63 at PC 0x010F3548
[   5.567469] HW.Memory <Error> core\memory.cpp:Memory::MemorySystem::Write:528: unmapped Write8 0x00000000 @ 0x00000A64 at PC 0x010F3548
[   5.567470] HW.Memory <Error> core\memory.cpp:Memory::MemorySystem::Write:528: unmapped Write8 0x00000000 @ 0x00000A65 at PC 0x010F3548
[   5.567471] HW.Memory <Error> core\memory.cpp:Memory::MemorySystem::Write:528: unmapped Write8 0x00000000 @ 0x00000A66 at PC 0x010F3548
[   5.567471] HW.Memory <Error> core\memory.cpp:Memory::MemorySystem::Write:528: unmapped Write8 0x00000000 @ 0x00000A67 at PC 0x010F3548
[   5.567471] HW.Memory <Error> core\memory.cpp:Memory::MemorySystem::Write:528: unmapped Write8 0x00000000 @ 0x00000A68 at PC 0x010F3548
[   5.567472] HW.Memory <Error> core\memory.cpp:Memory::MemorySystem::Write:528: unmapped Write8 0x00000000 @ 0x00000A69 at PC 0x010F3548
[   5.567472] HW.Memory <Error> core\memory.cpp:Memory::MemorySystem::Write:528: unmapped Write8 0x00000000 @ 0x00000A6A at PC 0x010F3548
[   5.567473] HW.Memory <Error> core\memory.cpp:Memory::MemorySystem::Write:528: unmapped Write8 0x00000000 @ 0x00000A6B at PC 0x010F3548
[   5.567473] HW.Memory <Error> core\memory.cpp:Memory::MemorySystem::Write:528: unmapped Write8 0x00000000 @ 0x00000A6C at PC 0x010F3548
[   5.567474] HW.Memory <Error> core\memory.cpp:Memory::MemorySystem::Write:528: unmapped Write8 0x00000000 @ 0x00000A6D at PC 0x010F3548
[   5.567474] HW.Memory <Error> core\memory.cpp:Memory::MemorySystem::Write:528: unmapped Write8 0x00000000 @ 0x00000A6E at PC 0x010F3548
[   5.567475] HW.Memory <Error> core\memory.cpp:Memory::MemorySystem::Write:528: unmapped Write8 0x00000000 @ 0x00000A6F at PC 0x010F3548
[   5.567475] HW.Memory <Error> core\memory.cpp:Memory::MemorySystem::Write:528: unmapped Write8 0x00000000 @ 0x00000A70 at PC 0x010F3548
[   5.567476] HW.Memory <Error> core\memory.cpp:Memory::MemorySystem::Write:528: unmapped Write8 0x00000000 @ 0x00000A71 at PC 0x010F3548
[   5.567476] HW.Memory <Error> core\memory.cpp:Memory::MemorySystem::Write:528: unmapped Write8 0x00000000 @ 0x00000A72 at PC 0x010F3548
[   5.567477] HW.Memory <Error> core\memory.cpp:Memory::MemorySystem::Write:528: unmapped Write8 0x00000000 @ 0x00000A73 at PC 0x010F3548
[   5.567477] HW.Memory <Error> core\memory.cpp:Memory::MemorySystem::Write:528: unmapped Write8 0x00000000 @ 0x00000A74 at PC 0x010F3548
[   5.567478] HW.Memory <Error> core\memory.cpp:Memory::MemorySystem::Write:528: unmapped Write8 0x00000000 @ 0x00000A75 at PC 0x010F3548
[   5.567478] HW.Memory <Error> core\memory.cpp:Memory::MemorySystem::Write:528: unmapped Write8 0x00000000 @ 0x00000A76 at PC 0x010F3548
[   5.567479] HW.Memory <Error> core\memory.cpp:Memory::MemorySystem::Write:528: unmapped Write8 0x00000000 @ 0x00000A77 at PC 0x010F3548
[   5.567479] HW.Memory <Error> core\memory.cpp:Memory::MemorySystem::Write:528: unmapped Write8 0x00000000 @ 0x00000A78 at PC 0x010F3548
[   5.567480] HW.Memory <Error> core\memory.cpp:Memory::MemorySystem::Write:528: unmapped Write8 0x00000000 @ 0x00000A79 at PC 0x010F3548
[   5.567480] HW.Memory <Error> core\memory.cpp:Memory::MemorySystem::Write:528: unmapped Write8 0x00000000 @ 0x00000A7A at PC 0x010F3548
[   5.567481] HW.Memory <Error> core\memory.cpp:Memory::MemorySystem::Write:528: unmapped Write8 0x00000000 @ 0x00000A7B at PC 0x010F3548
[   5.567481] HW.Memory <Error> core\memory.cpp:Memory::MemorySystem::Write:528: unmapped Write8 0x00000000 @ 0x00000A7C at PC 0x010F3548
[   5.567482] HW.Memory <Error> core\memory.cpp:Memory::MemorySystem::Write:528: unmapped Write8 0x00000000 @ 0x00000A7D at PC 0x010F3548
[   5.567482] HW.Memory <Error> core\memory.cpp:Memory::MemorySystem::Write:528: unmapped Write8 0x00000000 @ 0x00000A7E at PC 0x010F3548
[   5.567483] HW.Memory <Error> core\memory.cpp:Memory::MemorySystem::Write:528: unmapped Write8 0x00000000 @ 0x00000A7F at PC 0x010F3548
[   5.567483] HW.Memory <Error> core\memory.cpp:Memory::MemorySystem::Write:528: unmapped Write8 0x00000000 @ 0x00000A80 at PC 0x010F3548
[   5.567484] HW.Memory <Error> core\memory.cpp:Memory::MemorySystem::Write:528: unmapped Write8 0x00000000 @ 0x00000A81 at PC 0x010F3548
[   5.567484] HW.Memory <Error> core\memory.cpp:Memory::MemorySystem::Write:528: unmapped Write8 0x00000000 @ 0x00000A82 at PC 0x010F3548
[   5.567485] HW.Memory <Error> core\memory.cpp:Memory::MemorySystem::Write:528: unmapped Write8 0x00000000 @ 0x00000A83 at PC 0x010F3548
[   5.567485] HW.Memory <Error> core\memory.cpp:Memory::MemorySystem::Write:528: unmapped Write8 0x00000000 @ 0x00000A84 at PC 0x010F3548
[   5.567485] HW.Memory <Error> core\memory.cpp:Memory::MemorySystem::Write:528: unmapped Write8 0x00000000 @ 0x00000A85 at PC 0x010F3548
[   5.567486] HW.Memory <Error> core\memory.cpp:Memory::MemorySystem::Write:528: unmapped Write8 0x00000000 @ 0x00000A86 at PC 0x010F3548
[   5.567486] HW.Memory <Error> core\memory.cpp:Memory::MemorySystem::Write:528: unmapped Write8 0x00000000 @ 0x00000A87 at PC 0x010F3548
[   5.567487] HW.Memory <Error> core\memory.cpp:Memory::MemorySystem::Write:528: unmapped Write8 0x00000000 @ 0x00000A88 at PC 0x010F3548
[   5.567487] HW.Memory <Error> core\memory.cpp:Memory::MemorySystem::Write:528: unmapped Write8 0x00000000 @ 0x00000A89 at PC 0x010F3548
[   5.567488] HW.Memory <Error> core\memory.cpp:Memory::MemorySystem::Write:528: unmapped Write8 0x00000000 @ 0x00000A8A at PC 0x010F3548
[   5.567488] HW.Memory <Error> core\memory.cpp:Memory::MemorySystem::Write:528: unmapped Write8 0x00000000 @ 0x00000A8B at PC 0x010F3548
[   5.567489] HW.Memory <Error> core\memory.cpp:Memory::MemorySystem::Write:528: unmapped Write8 0x00000000 @ 0x00000A8C at PC 0x010F3548
[   5.567489] HW.Memory <Error> core\memory.cpp:Memory::MemorySystem::Write:528: unmapped Write8 0x00000000 @ 0x00000A8D at PC 0x010F3548
[   5.567490] HW.Memory <Error> core\memory.cpp:Memory::MemorySystem::Write:528: unmapped Write8 0x00000000 @ 0x00000A8E at PC 0x010F3548
[   5.567490] HW.Memory <Error> core\memory.cpp:Memory::MemorySystem::Write:528: unmapped Write8 0x00000000 @ 0x00000A8F at PC 0x010F3548
[   5.567491] HW.Memory <Error> core\memory.cpp:Memory::MemorySystem::Write:528: unmapped Write8 0x00000000 @ 0x00000A90 at PC 0x010F3548
[   5.567491] HW.Memory <Error> core\memory.cpp:Memory::MemorySystem::Write:528: unmapped Write8 0x00000000 @ 0x00000A91 at PC 0x010F3548
[   5.567492] HW.Memory <Error> core\memory.cpp:Memory::MemorySystem::Write:528: unmapped Write8 0x00000000 @ 0x00000A92 at PC 0x010F3548
[   5.567492] HW.Memory <Error> core\memory.cpp:Memory::MemorySystem::Write:528: unmapped Write8 0x00000000 @ 0x00000A93 at PC 0x010F3548
[   5.567493] HW.Memory <Error> core\memory.cpp:Memory::MemorySystem::Write:528: unmapped Write8 0x00000000 @ 0x00000A94 at PC 0x010F3548
[   5.567493] HW.Memory <Error> core\memory.cpp:Memory::MemorySystem::Write:528: unmapped Write8 0x00000000 @ 0x00000A95 at PC 0x010F3548
[   5.567494] HW.Memory <Error> core\memory.cpp:Memory::MemorySystem::Write:528: unmapped Write8 0x00000000 @ 0x00000A96 at PC 0x010F3548
[   5.567494] HW.Memory <Error> core\memory.cpp:Memory::MemorySystem::Write:528: unmapped Write8 0x00000000 @ 0x00000A97 at PC 0x010F3548
[   5.567495] HW.Memory <Error> core\memory.cpp:Memory::MemorySystem::Write:528: unmapped Write8 0x00000000 @ 0x00000A98 at PC 0x010F3548
[   5.567495] HW.Memory <Error> core\memory.cpp:Memory::MemorySystem::Write:528: unmapped Write8 0x00000000 @ 0x00000A99 at PC 0x010F3548
[   5.567496] HW.Memory <Error> core\memory.cpp:Memory::MemorySystem::Write:528: unmapped Write8 0x00000000 @ 0x00000A9A at PC 0x010F3548
[   5.567496] HW.Memory <Error> core\memory.cpp:Memory::MemorySystem::Write:528: unmapped Write8 0x00000000 @ 0x00000A9B at PC 0x010F3548
[   5.567497] HW.Memory <Error> core\memory.cpp:Memory::MemorySystem::Write:528: unmapped Write8 0x00000000 @ 0x00000A9C at PC 0x010F3548
[   5.567497] HW.Memory <Error> core\memory.cpp:Memory::MemorySystem::Write:528: unmapped Write8 0x00000000 @ 0x00000A9D at PC 0x010F3548
[   5.567497] HW.Memory <Error> core\memory.cpp:Memory::MemorySystem::Write:528: unmapped Write8 0x00000000 @ 0x00000A9E at PC 0x010F3548
[   5.567498] HW.Memory <Error> core\memory.cpp:Memory::MemorySystem::Write:528: unmapped Write8 0x00000000 @ 0x00000A9F at PC 0x010F3548
[   5.567498] HW.Memory <Error> core\memory.cpp:Memory::MemorySystem::Write:528: unmapped Write8 0x00000000 @ 0x00000AA0 at PC 0x010F3548
[   5.567499] HW.Memory <Error> core\memory.cpp:Memory::MemorySystem::Write:528: unmapped Write8 0x00000000 @ 0x00000AA1 at PC 0x010F3548
[   5.567499] HW.Memory <Error> core\memory.cpp:Memory::MemorySystem::Write:528: unmapped Write8 0x00000000 @ 0x00000AA2 at PC 0x010F3548
[   5.567500] HW.Memory <Error> core\memory.cpp:Memory::MemorySystem::Write:528: unmapped Write8 0x00000000 @ 0x00000AA3 at PC 0x010F3548
[   5.567500] HW.Memory <Error> core\memory.cpp:Memory::MemorySystem::Write:528: unmapped Write8 0x00000000 @ 0x00000AA4 at PC 0x010F3548
[   5.567501] HW.Memory <Error> core\memory.cpp:Memory::MemorySystem::Write:528: unmapped Write8 0x00000000 @ 0x00000AA5 at PC 0x010F3548
[   5.567501] HW.Memory <Error> core\memory.cpp:Memory::MemorySystem::Write:528: unmapped Write8 0x00000000 @ 0x00000AA6 at PC 0x010F3548
[   5.567502] HW.Memory <Error> core\memory.cpp:Memory::MemorySystem::Write:528: unmapped Write8 0x00000000 @ 0x00000AA7 at PC 0x010F3548
[   5.567502] HW.Memory <Error> core\memory.cpp:Memory::MemorySystem::Write:528: unmapped Write8 0x00000000 @ 0x00000AA8 at PC 0x010F3548
[   5.567503] HW.Memory <Error> core\memory.cpp:Memory::MemorySystem::Write:528: unmapped Write8 0x00000000 @ 0x00000AA9 at PC 0x010F3548
[   5.567503] HW.Memory <Error> core\memory.cpp:Memory::MemorySystem::Write:528: unmapped Write8 0x00000000 @ 0x00000AAA at PC 0x010F3548
[   5.567504] HW.Memory <Error> core\memory.cpp:Memory::MemorySystem::Write:528: unmapped Write8 0x00000000 @ 0x00000AAB at PC 0x010F3548
[   5.567504] HW.Memory <Error> core\memory.cpp:Memory::MemorySystem::Write:528: unmapped Write8 0x00000000 @ 0x00000AAC at PC 0x010F3548
[   5.567505] HW.Memory <Error> core\memory.cpp:Memory::MemorySystem::Write:528: unmapped Write8 0x00000000 @ 0x00000AAD at PC 0x010F3548
[   5.567505] HW.Memory <Error> core\memory.cpp:Memory::MemorySystem::Write:528: unmapped Write8 0x00000000 @ 0x00000AAE at PC 0x010F3548
[   5.567506] HW.Memory <Error> core\memory.cpp:Memory::MemorySystem::Write:528: unmapped Write8 0x00000000 @ 0x00000AAF at PC 0x010F3548
[   5.567506] HW.Memory <Error> core\memory.cpp:Memory::MemorySystem::Write:528: unmapped Write8 0x00000000 @ 0x00000AB0 at PC 0x010F3548
[   5.567507] HW.Memory <Error> core\memory.cpp:Memory::MemorySystem::Write:528: unmapped Write8 0x00000000 @ 0x00000AB1 at PC 0x010F3548
[   5.567507] HW.Memory <Error> core\memory.cpp:Memory::MemorySystem::Write:528: unmapped Write8 0x00000000 @ 0x00000AB2 at PC 0x010F3548
[   5.567508] HW.Memory <Error> core\memory.cpp:Memory::MemorySystem::Write:528: unmapped Write8 0x00000000 @ 0x00000AB3 at PC 0x010F3548
[   5.567508] HW.Memory <Error> core\memory.cpp:Memory::MemorySystem::Write:528: unmapped Write8 0x00000000 @ 0x00000AB4 at PC 0x010F3548
[   5.567508] HW.Memory <Error> core\memory.cpp:Memory::MemorySystem::Write:528: unmapped Write8 0x00000000 @ 0x00000AB5 at PC 0x010F3548
[   5.567509] HW.Memory <Error> core\memory.cpp:Memory::MemorySystem::Write:528: unmapped Write8 0x00000000 @ 0x00000AB6 at PC 0x010F3548
[   5.567509] HW.Memory <Error> core\memory.cpp:Memory::MemorySystem::Write:528: unmapped Write8 0x00000000 @ 0x00000AB7 at PC 0x010F3548
[   5.567510] HW.Memory <Error> core\memory.cpp:Memory::MemorySystem::Write:528: unmapped Write8 0x00000000 @ 0x00000AB8 at PC 0x010F3548
[   5.567510] HW.Memory <Error> core\memory.cpp:Memory::MemorySystem::Write:528: unmapped Write8 0x00000000 @ 0x00000AB9 at PC 0x010F3548
[   5.567511] HW.Memory <Error> core\memory.cpp:Memory::MemorySystem::Write:528: unmapped Write8 0x00000000 @ 0x00000ABA at PC 0x010F3548
[   5.567511] HW.Memory <Error> core\memory.cpp:Memory::MemorySystem::Write:528: unmapped Write8 0x00000000 @ 0x00000ABB at PC 0x010F3548
[   5.567512] HW.Memory <Error> core\memory.cpp:Memory::MemorySystem::Write:528: unmapped Write8 0x00000000 @ 0x00000ABC at PC 0x010F3548
[   5.567512] HW.Memory <Error> core\memory.cpp:Memory::MemorySystem::Write:528: unmapped Write8 0x00000000 @ 0x00000ABD at PC 0x010F3548
[   5.567513] HW.Memory <Error> core\memory.cpp:Memory::MemorySystem::Write:528: unmapped Write8 0x00000000 @ 0x00000ABE at PC 0x010F3548
[   5.567513] HW.Memory <Error> core\memory.cpp:Memory::MemorySystem::Write:528: unmapped Write8 0x00000000 @ 0x00000ABF at PC 0x010F3548
[   5.567514] HW.Memory <Error> core\memory.cpp:Memory::MemorySystem::Write:528: unmapped Write8 0x00000000 @ 0x00000AC0 at PC 0x010F3548
[   5.567514] HW.Memory <Error> core\memory.cpp:Memory::MemorySystem::Write:528: unmapped Write8 0x00000000 @ 0x00000AC1 at PC 0x010F3548
[   5.567515] HW.Memory <Error> core\memory.cpp:Memory::MemorySystem::Write:528: unmapped Write8 0x00000000 @ 0x00000AC2 at PC 0x010F3548
[   5.567515] HW.Memory <Error> core\memory.cpp:Memory::MemorySystem::Write:528: unmapped Write8 0x00000000 @ 0x00000AC3 at PC 0x010F3548
[   5.567516] HW.Memory <Error> core\memory.cpp:Memory::MemorySystem::Write:528: unmapped Write8 0x00000000 @ 0x00000AC4 at PC 0x010F3548
[   5.567516] HW.Memory <Error> core\memory.cpp:Memory::MemorySystem::Write:528: unmapped Write8 0x00000000 @ 0x00000AC5 at PC 0x010F3548
[   5.567517] HW.Memory <Error> core\memory.cpp:Memory::MemorySystem::Write:528: unmapped Write8 0x00000000 @ 0x00000AC6 at PC 0x010F3548
[   5.567517] HW.Memory <Error> core\memory.cpp:Memory::MemorySystem::Write:528: unmapped Write8 0x00000000 @ 0x00000AC7 at PC 0x010F3548
[   5.567518] HW.Memory <Error> core\memory.cpp:Memory::MemorySystem::Write:528: unmapped Write8 0x00000000 @ 0x00000AC8 at PC 0x010F3548
[   5.567518] HW.Memory <Error> core\memory.cpp:Memory::MemorySystem::Write:528: unmapped Write8 0x00000000 @ 0x00000AC9 at PC 0x010F3548
[   5.567519] HW.Memory <Error> core\memory.cpp:Memory::MemorySystem::Write:528: unmapped Write8 0x00000000 @ 0x00000ACA at PC 0x010F3548
[   5.567519] HW.Memory <Error> core\memory.cpp:Memory::MemorySystem::Write:528: unmapped Write8 0x00000000 @ 0x00000ACB at PC 0x010F3548
[   5.567520] HW.Memory <Error> core\memory.cpp:Memory::MemorySystem::Write:528: unmapped Write8 0x00000000 @ 0x00000ACC at PC 0x010F3548
[   5.567520] HW.Memory <Error> core\memory.cpp:Memory::MemorySystem::Write:528: unmapped Write8 0x00000000 @ 0x00000ACD at PC 0x010F3548
[   5.567521] HW.Memory <Error> core\memory.cpp:Memory::MemorySystem::Write:528: unmapped Write8 0x00000000 @ 0x00000ACE at PC 0x010F3548
[   5.567521] HW.Memory <Error> core\memory.cpp:Memory::MemorySystem::Write:528: unmapped Write8 0x00000000 @ 0x00000ACF at PC 0x010F3548
[   5.567521] HW.Memory <Error> core\memory.cpp:Memory::MemorySystem::Write:528: unmapped Write8 0x00000000 @ 0x00000AD0 at PC 0x010F3548
[   5.567522] HW.Memory <Error> core\memory.cpp:Memory::MemorySystem::Write:528: unmapped Write8 0x00000000 @ 0x00000AD1 at PC 0x010F3548
[   5.567522] HW.Memory <Error> core\memory.cpp:Memory::MemorySystem::Write:528: unmapped Write8 0x00000000 @ 0x00000AD2 at PC 0x010F3548
[   5.567523] HW.Memory <Error> core\memory.cpp:Memory::MemorySystem::Write:528: unmapped Write8 0x00000000 @ 0x00000AD3 at PC 0x010F3548
[   5.567523] HW.Memory <Error> core\memory.cpp:Memory::MemorySystem::Write:528: unmapped Write8 0x00000000 @ 0x00000AD4 at PC 0x010F3548
[   5.567524] HW.Memory <Error> core\memory.cpp:Memory::MemorySystem::Write:528: unmapped Write8 0x00000000 @ 0x00000AD5 at PC 0x010F3548
[   5.567524] HW.Memory <Error> core\memory.cpp:Memory::MemorySystem::Write:528: unmapped Write8 0x00000000 @ 0x00000AD6 at PC 0x010F3548
[   5.567525] HW.Memory <Error> core\memory.cpp:Memory::MemorySystem::Write:528: unmapped Write8 0x00000000 @ 0x00000AD7 at PC 0x010F3548
[   5.567525] HW.Memory <Error> core\memory.cpp:Memory::MemorySystem::Write:528: unmapped Write8 0x00000000 @ 0x00000AD8 at PC 0x010F3548
[   5.567526] HW.Memory <Error> core\memory.cpp:Memory::MemorySystem::Write:528: unmapped Write8 0x00000000 @ 0x00000AD9 at PC 0x010F3548
[   5.567526] HW.Memory <Error> core\memory.cpp:Memory::MemorySystem::Write:528: unmapped Write8 0x00000000 @ 0x00000ADA at PC 0x010F3548
[   5.567527] HW.Memory <Error> core\memory.cpp:Memory::MemorySystem::Write:528: unmapped Write8 0x00000000 @ 0x00000ADB at PC 0x010F3548
[   5.567527] HW.Memory <Error> core\memory.cpp:Memory::MemorySystem::Write:528: unmapped Write8 0x00000000 @ 0x00000ADC at PC 0x010F3548
[   5.567528] HW.Memory <Error> core\memory.cpp:Memory::MemorySystem::Write:528: unmapped Write8 0x00000000 @ 0x00000ADD at PC 0x010F3548
[   5.567528] HW.Memory <Error> core\memory.cpp:Memory::MemorySystem::Write:528: unmapped Write8 0x00000000 @ 0x00000ADE at PC 0x010F3548
[   5.567529] HW.Memory <Error> core\memory.cpp:Memory::MemorySystem::Write:528: unmapped Write8 0x00000000 @ 0x00000ADF at PC 0x010F3548
[   5.567529] HW.Memory <Error> core\memory.cpp:Memory::MemorySystem::Write:528: unmapped Write8 0x00000000 @ 0x00000AE0 at PC 0x010F3548
[   5.567530] HW.Memory <Error> core\memory.cpp:Memory::MemorySystem::Write:528: unmapped Write8 0x00000000 @ 0x00000AE1 at PC 0x010F3548
[   5.567530] HW.Memory <Error> core\memory.cpp:Memory::MemorySystem::Write:528: unmapped Write8 0x00000000 @ 0x00000AE2 at PC 0x010F3548
[   5.567531] HW.Memory <Error> core\memory.cpp:Memory::MemorySystem::Write:528: unmapped Write8 0x00000000 @ 0x00000AE3 at PC 0x010F3548
[   5.567531] HW.Memory <Error> core\memory.cpp:Memory::MemorySystem::Write:528: unmapped Write8 0x00000000 @ 0x00000AE4 at PC 0x010F3548
[   5.567531] HW.Memory <Error> core\memory.cpp:Memory::MemorySystem::Write:528: unmapped Write8 0x00000000 @ 0x00000AE5 at PC 0x010F3548
[   5.567532] HW.Memory <Error> core\memory.cpp:Memory::MemorySystem::Write:528: unmapped Write8 0x00000000 @ 0x00000AE6 at PC 0x010F3548
[   5.567532] HW.Memory <Error> core\memory.cpp:Memory::MemorySystem::Write:528: unmapped Write8 0x00000000 @ 0x00000AE7 at PC 0x010F3548
[   5.567533] HW.Memory <Error> core\memory.cpp:Memory::MemorySystem::Write:528: unmapped Write8 0x00000000 @ 0x00000AE8 at PC 0x010F3548
[   5.567533] HW.Memory <Error> core\memory.cpp:Memory::MemorySystem::Write:528: unmapped Write8 0x00000000 @ 0x00000AE9 at PC 0x010F3548
[   5.567534] HW.Memory <Error> core\memory.cpp:Memory::MemorySystem::Write:528: unmapped Write8 0x00000000 @ 0x00000AEA at PC 0x010F3548
[   5.567534] HW.Memory <Error> core\memory.cpp:Memory::MemorySystem::Write:528: unmapped Write8 0x00000000 @ 0x00000AEB at PC 0x010F3548
[   5.567535] HW.Memory <Error> core\memory.cpp:Memory::MemorySystem::Write:528: unmapped Write8 0x00000000 @ 0x00000AEC at PC 0x010F3548
[   5.567535] HW.Memory <Error> core\memory.cpp:Memory::MemorySystem::Write:528: unmapped Write8 0x00000000 @ 0x00000AED at PC 0x010F3548
[   5.567536] HW.Memory <Error> core\memory.cpp:Memory::MemorySystem::Write:528: unmapped Write8 0x00000000 @ 0x00000AEE at PC 0x010F3548
[   5.567536] HW.Memory <Error> core\memory.cpp:Memory::MemorySystem::Write:528: unmapped Write8 0x00000000 @ 0x00000AEF at PC 0x010F3548
[   5.567537] HW.Memory <Error> core\memory.cpp:Memory::MemorySystem::Write:528: unmapped Write8 0x00000000 @ 0x00000AF0 at PC 0x010F3548
[   5.567537] HW.Memory <Error> core\memory.cpp:Memory::MemorySystem::Write:528: unmapped Write8 0x00000000 @ 0x00000AF1 at PC 0x010F3548
[   5.567538] HW.Memory <Error> core\memory.cpp:Memory::MemorySystem::Write:528: unmapped Write8 0x00000000 @ 0x00000AF2 at PC 0x010F3548
[   5.567538] HW.Memory <Error> core\memory.cpp:Memory::MemorySystem::Write:528: unmapped Write8 0x00000000 @ 0x00000AF3 at PC 0x010F3548
[   5.567539] HW.Memory <Error> core\memory.cpp:Memory::MemorySystem::Write:528: unmapped Write8 0x00000000 @ 0x00000AF4 at PC 0x010F3548
[   5.567539] HW.Memory <Error> core\memory.cpp:Memory::MemorySystem::Write:528: unmapped Write8 0x00000000 @ 0x00000AF5 at PC 0x010F3548
[   5.567540] HW.Memory <Error> core\memory.cpp:Memory::MemorySystem::Write:528: unmapped Write8 0x00000000 @ 0x00000AF6 at PC 0x010F3548
[   5.567540] HW.Memory <Error> core\memory.cpp:Memory::MemorySystem::Write:528: unmapped Write8 0x00000000 @ 0x00000AF7 at PC 0x010F3548
[   5.567541] HW.Memory <Error> core\memory.cpp:Memory::MemorySystem::Write:528: unmapped Write8 0x00000000 @ 0x00000AF8 at PC 0x010F3548
[   5.567541] HW.Memory <Error> core\memory.cpp:Memory::MemorySystem::Write:528: unmapped Write8 0x00000000 @ 0x00000AF9 at PC 0x010F3548
[   5.567542] HW.Memory <Error> core\memory.cpp:Memory::MemorySystem::Write:528: unmapped Write8 0x00000000 @ 0x00000AFA at PC 0x010F3548
[   5.567542] HW.Memory <Error> core\memory.cpp:Memory::MemorySystem::Write:528: unmapped Write8 0x00000000 @ 0x00000AFB at PC 0x010F3548
[   5.567542] HW.Memory <Error> core\memory.cpp:Memory::MemorySystem::Write:528: unmapped Write8 0x00000000 @ 0x00000AFC at PC 0x010F3548
[   5.567543] HW.Memory <Error> core\memory.cpp:Memory::MemorySystem::Write:528: unmapped Write8 0x00000000 @ 0x00000AFD at PC 0x010F3548
[   5.567543] HW.Memory <Error> core\memory.cpp:Memory::MemorySystem::Write:528: unmapped Write8 0x00000000 @ 0x00000AFE at PC 0x010F3548
[   5.567544] HW.Memory <Error> core\memory.cpp:Memory::MemorySystem::Write:528: unmapped Write8 0x00000000 @ 0x00000AFF at PC 0x010F3548
[   5.567544] HW.Memory <Error> core\memory.cpp:Memory::MemorySystem::Write:528: unmapped Write8 0x00000000 @ 0x00000B00 at PC 0x010F3548
[   5.567545] HW.Memory <Error> core\memory.cpp:Memory::MemorySystem::Write:528: unmapped Write8 0x00000000 @ 0x00000B01 at PC 0x010F3548
[   5.567545] HW.Memory <Error> core\memory.cpp:Memory::MemorySystem::Write:528: unmapped Write8 0x00000000 @ 0x00000B02 at PC 0x010F3548
[   5.567546] HW.Memory <Error> core\memory.cpp:Memory::MemorySystem::Write:528: unmapped Write8 0x00000000 @ 0x00000B03 at PC 0x010F3548
[   5.567546] HW.Memory <Error> core\memory.cpp:Memory::MemorySystem::Write:528: unmapped Write8 0x00000000 @ 0x00000B04 at PC 0x010F3548
[   5.567547] HW.Memory <Error> core\memory.cpp:Memory::MemorySystem::Write:528: unmapped Write8 0x00000000 @ 0x00000B05 at PC 0x010F3548
[   5.567547] HW.Memory <Error> core\memory.cpp:Memory::MemorySystem::Write:528: unmapped Write8 0x00000000 @ 0x00000B06 at PC 0x010F3548
[   5.567548] HW.Memory <Error> core\memory.cpp:Memory::MemorySystem::Write:528: unmapped Write8 0x00000000 @ 0x00000B07 at PC 0x010F3548
[   5.567548] HW.Memory <Error> core\memory.cpp:Memory::MemorySystem::Write:528: unmapped Write8 0x00000000 @ 0x00000B08 at PC 0x010F3548
[   5.567549] HW.Memory <Error> core\memory.cpp:Memory::MemorySystem::Write:528: unmapped Write8 0x00000000 @ 0x00000B09 at PC 0x010F3548
[   5.567549] HW.Memory <Error> core\memory.cpp:Memory::MemorySystem::Write:528: unmapped Write8 0x00000000 @ 0x00000B0A at PC 0x010F3548
[   5.567550] HW.Memory <Error> core\memory.cpp:Memory::MemorySystem::Write:528: unmapped Write8 0x00000000 @ 0x00000B0B at PC 0x010F3548
[   5.567550] HW.Memory <Error> core\memory.cpp:Memory::MemorySystem::Write:528: unmapped Write8 0x00000000 @ 0x00000B0C at PC 0x010F3548
[   5.567551] HW.Memory <Error> core\memory.cpp:Memory::MemorySystem::Write:528: unmapped Write8 0x00000000 @ 0x00000B0D at PC 0x010F3548
[   5.567551] HW.Memory <Error> core\memory.cpp:Memory::MemorySystem::Write:528: unmapped Write8 0x00000000 @ 0x00000B0E at PC 0x010F3548
[   5.567552] HW.Memory <Error> core\memory.cpp:Memory::MemorySystem::Write:528: unmapped Write8 0x00000000 @ 0x00000B0F at PC 0x010F3548
[   5.567552] HW.Memory <Error> core\memory.cpp:Memory::MemorySystem::Write:528: unmapped Write8 0x00000000 @ 0x00000B10 at PC 0x010F3548
[   5.567553] HW.Memory <Error> core\memory.cpp:Memory::MemorySystem::Write:528: unmapped Write8 0x00000000 @ 0x00000B11 at PC 0x010F3548
[   5.567553] HW.Memory <Error> core\memory.cpp:Memory::MemorySystem::Write:528: unmapped Write8 0x00000000 @ 0x00000B12 at PC 0x010F3548
[   5.567554] HW.Memory <Error> core\memory.cpp:Memory::MemorySystem::Write:528: unmapped Write8 0x00000000 @ 0x00000B13 at PC 0x010F3548
[   5.567554] HW.Memory <Error> core\memory.cpp:Memory::MemorySystem::Write:528: unmapped Write8 0x00000000 @ 0x00000B14 at PC 0x010F3548
[   5.567555] HW.Memory <Error> core\memory.cpp:Memory::MemorySystem::Write:528: unmapped Write8 0x00000000 @ 0x00000B15 at PC 0x010F3548
[   5.567555] HW.Memory <Error> core\memory.cpp:Memory::MemorySystem::Write:528: unmapped Write8 0x00000000 @ 0x00000B16 at PC 0x010F3548
[   5.567556] HW.Memory <Error> core\memory.cpp:Memory::MemorySystem::Write:528: unmapped Write8 0x00000000 @ 0x00000B17 at PC 0x010F3548
[   5.567556] HW.Memory <Error> core\memory.cpp:Memory::MemorySystem::Write:528: unmapped Write8 0x00000000 @ 0x00000B18 at PC 0x010F3548
[   5.567556] HW.Memory <Error> core\memory.cpp:Memory::MemorySystem::Write:528: unmapped Write8 0x00000000 @ 0x00000B19 at PC 0x010F3548
[   5.567557] HW.Memory <Error> core\memory.cpp:Memory::MemorySystem::Write:528: unmapped Write8 0x00000000 @ 0x00000B1A at PC 0x010F3548
[   5.567557] HW.Memory <Error> core\memory.cpp:Memory::MemorySystem::Write:528: unmapped Write8 0x00000000 @ 0x00000B1B at PC 0x010F3548
[   5.567558] HW.Memory <Error> core\memory.cpp:Memory::MemorySystem::Write:528: unmapped Write8 0x00000000 @ 0x00000B1C at PC 0x010F3548
[   5.567558] HW.Memory <Error> core\memory.cpp:Memory::MemorySystem::Write:528: unmapped Write8 0x00000000 @ 0x00000B1D at PC 0x010F3548
[   5.567559] HW.Memory <Error> core\memory.cpp:Memory::MemorySystem::Write:528: unmapped Write8 0x00000000 @ 0x00000B1E at PC 0x010F3548
[   5.567559] HW.Memory <Error> core\memory.cpp:Memory::MemorySystem::Write:528: unmapped Write8 0x00000000 @ 0x00000B1F at PC 0x010F3548
[   5.567560] HW.Memory <Error> core\memory.cpp:Memory::MemorySystem::Write:528: unmapped Write8 0x00000000 @ 0x00000B20 at PC 0x010F3548
[   5.567560] HW.Memory <Error> core\memory.cpp:Memory::MemorySystem::Write:528: unmapped Write8 0x00000000 @ 0x00000B21 at PC 0x010F3548
[   5.567561] HW.Memory <Error> core\memory.cpp:Memory::MemorySystem::Write:528: unmapped Write8 0x00000000 @ 0x00000B22 at PC 0x010F3548
[   5.567561] HW.Memory <Error> core\memory.cpp:Memory::MemorySystem::Write:528: unmapped Write8 0x00000000 @ 0x00000B23 at PC 0x010F3548
[   5.567562] HW.Memory <Error> core\memory.cpp:Memory::MemorySystem::Write:528: unmapped Write8 0x00000000 @ 0x00000B24 at PC 0x010F3548
[   5.567562] HW.Memory <Error> core\memory.cpp:Memory::MemorySystem::Write:528: unmapped Write8 0x00000000 @ 0x00000B25 at PC 0x010F3548
[   5.567563] HW.Memory <Error> core\memory.cpp:Memory::MemorySystem::Write:528: unmapped Write8 0x00000000 @ 0x00000B26 at PC 0x010F3548
[   5.567563] HW.Memory <Error> core\memory.cpp:Memory::MemorySystem::Write:528: unmapped Write8 0x00000000 @ 0x00000B27 at PC 0x010F3548
[   5.567564] HW.Memory <Error> core\memory.cpp:Memory::MemorySystem::Write:528: unmapped Write8 0x00000000 @ 0x00000B28 at PC 0x010F3548
[   5.567564] HW.Memory <Error> core\memory.cpp:Memory::MemorySystem::Write:528: unmapped Write8 0x00000000 @ 0x00000B29 at PC 0x010F3548
[   5.567565] HW.Memory <Error> core\memory.cpp:Memory::MemorySystem::Write:528: unmapped Write8 0x00000000 @ 0x00000B2A at PC 0x010F3548
[   5.567565] HW.Memory <Error> core\memory.cpp:Memory::MemorySystem::Write:528: unmapped Write8 0x00000000 @ 0x00000B2B at PC 0x010F3548
[   5.567566] HW.Memory <Error> core\memory.cpp:Memory::MemorySystem::Write:528: unmapped Write8 0x00000000 @ 0x00000B2C at PC 0x010F3548
[   5.567566] HW.Memory <Error> core\memory.cpp:Memory::MemorySystem::Write:528: unmapped Write8 0x00000000 @ 0x00000B2D at PC 0x010F3548
[   5.567567] HW.Memory <Error> core\memory.cpp:Memory::MemorySystem::Write:528: unmapped Write8 0x00000000 @ 0x00000B2E at PC 0x010F3548
[   5.567567] HW.Memory <Error> core\memory.cpp:Memory::MemorySystem::Write:528: unmapped Write8 0x00000000 @ 0x00000B2F at PC 0x010F3548
[   5.567568] HW.Memory <Error> core\memory.cpp:Memory::MemorySystem::Write:528: unmapped Write8 0x00000000 @ 0x00000B30 at PC 0x010F3548
[   5.567568] HW.Memory <Error> core\memory.cpp:Memory::MemorySystem::Write:528: unmapped Write8 0x00000000 @ 0x00000B31 at PC 0x010F3548
[   5.567568] HW.Memory <Error> core\memory.cpp:Memory::MemorySystem::Write:528: unmapped Write8 0x00000000 @ 0x00000B32 at PC 0x010F3548
[   5.567569] HW.Memory <Error> core\memory.cpp:Memory::MemorySystem::Write:528: unmapped Write8 0x00000000 @ 0x00000B33 at PC 0x010F3548
[   5.567569] HW.Memory <Error> core\memory.cpp:Memory::MemorySystem::Write:528: unmapped Write8 0x00000000 @ 0x00000B34 at PC 0x010F3548
[   5.567570] HW.Memory <Error> core\memory.cpp:Memory::MemorySystem::Write:528: unmapped Write8 0x00000000 @ 0x00000B35 at PC 0x010F3548
[   5.567570] HW.Memory <Error> core\memory.cpp:Memory::MemorySystem::Write:528: unmapped Write8 0x00000000 @ 0x00000B36 at PC 0x010F3548
[   5.567571] HW.Memory <Error> core\memory.cpp:Memory::MemorySystem::Write:528: unmapped Write8 0x00000000 @ 0x00000B37 at PC 0x010F3548
[   5.567571] HW.Memory <Error> core\memory.cpp:Memory::MemorySystem::Write:528: unmapped Write8 0x00000000 @ 0x00000B38 at PC 0x010F3548
[   5.567572] HW.Memory <Error> core\memory.cpp:Memory::MemorySystem::Write:528: unmapped Write8 0x00000000 @ 0x00000B39 at PC 0x010F3548
[   5.567572] HW.Memory <Error> core\memory.cpp:Memory::MemorySystem::Write:528: unmapped Write8 0x00000000 @ 0x00000B3A at PC 0x010F3548
[   5.567573] HW.Memory <Error> core\memory.cpp:Memory::MemorySystem::Write:528: unmapped Write8 0x00000000 @ 0x00000B3B at PC 0x010F3548
[   5.567573] HW.Memory <Error> core\memory.cpp:Memory::MemorySystem::Write:528: unmapped Write8 0x00000000 @ 0x00000B3C at PC 0x010F3548
[   5.567574] HW.Memory <Error> core\memory.cpp:Memory::MemorySystem::Write:528: unmapped Write8 0x00000000 @ 0x00000B3D at PC 0x010F3548
[   5.567574] HW.Memory <Error> core\memory.cpp:Memory::MemorySystem::Write:528: unmapped Write8 0x00000000 @ 0x00000B3E at PC 0x010F3548
[   5.567575] HW.Memory <Error> core\memory.cpp:Memory::MemorySystem::Write:528: unmapped Write8 0x00000000 @ 0x00000B3F at PC 0x010F3548
[   5.567575] HW.Memory <Error> core\memory.cpp:Memory::MemorySystem::Write:528: unmapped Write8 0x00000000 @ 0x00000B40 at PC 0x010F3548
[   5.567576] HW.Memory <Error> core\memory.cpp:Memory::MemorySystem::Write:528: unmapped Write8 0x00000000 @ 0x00000B41 at PC 0x010F3548
[   5.567576] HW.Memory <Error> core\memory.cpp:Memory::MemorySystem::Write:528: unmapped Write8 0x00000000 @ 0x00000B42 at PC 0x010F3548
[   5.567577] HW.Memory <Error> core\memory.cpp:Memory::MemorySystem::Write:528: unmapped Write8 0x00000000 @ 0x00000B43 at PC 0x010F3548
[   5.567577] HW.Memory <Error> core\memory.cpp:Memory::MemorySystem::Write:528: unmapped Write8 0x00000000 @ 0x00000B44 at PC 0x010F3548
[   5.567578] HW.Memory <Error> core\memory.cpp:Memory::MemorySystem::Write:528: unmapped Write8 0x00000000 @ 0x00000B45 at PC 0x010F3548
[   5.567578] HW.Memory <Error> core\memory.cpp:Memory::MemorySystem::Write:528: unmapped Write8 0x00000000 @ 0x00000B46 at PC 0x010F3548
[   5.567579] HW.Memory <Error> core\memory.cpp:Memory::MemorySystem::Write:528: unmapped Write8 0x00000000 @ 0x00000B47 at PC 0x010F3548
[   5.567579] HW.Memory <Error> core\memory.cpp:Memory::MemorySystem::Write:528: unmapped Write8 0x00000000 @ 0x00000B48 at PC 0x010F3548
[   5.567580] HW.Memory <Error> core\memory.cpp:Memory::MemorySystem::Write:528: unmapped Write8 0x00000000 @ 0x00000B49 at PC 0x010F3548
[   5.567580] HW.Memory <Error> core\memory.cpp:Memory::MemorySystem::Write:528: unmapped Write8 0x00000000 @ 0x00000B4A at PC 0x010F3548
[   5.567581] HW.Memory <Error> core\memory.cpp:Memory::MemorySystem::Write:528: unmapped Write8 0x00000000 @ 0x00000B4B at PC 0x010F3548
[   5.567581] HW.Memory <Error> core\memory.cpp:Memory::MemorySystem::Write:528: unmapped Write8 0x00000000 @ 0x00000B4C at PC 0x010F3548
[   5.567582] HW.Memory <Error> core\memory.cpp:Memory::MemorySystem::Write:528: unmapped Write8 0x00000000 @ 0x00000B4D at PC 0x010F3548
[   5.567582] HW.Memory <Error> core\memory.cpp:Memory::MemorySystem::Write:528: unmapped Write8 0x00000000 @ 0x00000B4E at PC 0x010F3548
[   5.567583] HW.Memory <Error> core\memory.cpp:Memory::MemorySystem::Write:528: unmapped Write8 0x00000000 @ 0x00000B4F at PC 0x010F3548
[   5.567583] HW.Memory <Error> core\memory.cpp:Memory::MemorySystem::Write:528: unmapped Write8 0x00000000 @ 0x00000B50 at PC 0x010F3548
[   5.567584] HW.Memory <Error> core\memory.cpp:Memory::MemorySystem::Write:528: unmapped Write8 0x00000000 @ 0x00000B51 at PC 0x010F3548
[   5.567584] HW.Memory <Error> core\memory.cpp:Memory::MemorySystem::Write:528: unmapped Write8 0x00000000 @ 0x00000B52 at PC 0x010F3548
[   5.567585] HW.Memory <Error> core\memory.cpp:Memory::MemorySystem::Write:528: unmapped Write8 0x00000000 @ 0x00000B53 at PC 0x010F3548
[   5.567585] HW.Memory <Error> core\memory.cpp:Memory::MemorySystem::Write:528: unmapped Write8 0x00000000 @ 0x00000B54 at PC 0x010F3548
[   5.567586] HW.Memory <Error> core\memory.cpp:Memory::MemorySystem::Write:528: unmapped Write8 0x00000000 @ 0x00000B55 at PC 0x010F3548
[   5.567586] HW.Memory <Error> core\memory.cpp:Memory::MemorySystem::Write:528: unmapped Write8 0x00000000 @ 0x00000B56 at PC 0x010F3548
[   5.567587] HW.Memory <Error> core\memory.cpp:Memory::MemorySystem::Write:528: unmapped Write8 0x00000000 @ 0x00000B57 at PC 0x010F3548
[   5.567587] HW.Memory <Error> core\memory.cpp:Memory::MemorySystem::Write:528: unmapped Write8 0x00000000 @ 0x00000B58 at PC 0x010F3548
[   5.567588] HW.Memory <Error> core\memory.cpp:Memory::MemorySystem::Write:528: unmapped Write8 0x00000000 @ 0x00000B59 at PC 0x010F3548
[   5.567588] HW.Memory <Error> core\memory.cpp:Memory::MemorySystem::Write:528: unmapped Write8 0x00000000 @ 0x00000B5A at PC 0x010F3548
[   5.567589] HW.Memory <Error> core\memory.cpp:Memory::MemorySystem::Write:528: unmapped Write8 0x00000000 @ 0x00000B5B at PC 0x010F3548
[   5.567589] HW.Memory <Error> core\memory.cpp:Memory::MemorySystem::Write:528: unmapped Write8 0x00000000 @ 0x00000B5C at PC 0x010F3548
[   5.567589] HW.Memory <Error> core\memory.cpp:Memory::MemorySystem::Write:528: unmapped Write8 0x00000000 @ 0x00000B5D at PC 0x010F3548
[   5.567590] HW.Memory <Error> core\memory.cpp:Memory::MemorySystem::Write:528: unmapped Write8 0x00000000 @ 0x00000B5E at PC 0x010F3548
[   5.567590] HW.Memory <Error> core\memory.cpp:Memory::MemorySystem::Write:528: unmapped Write8 0x00000000 @ 0x00000B5F at PC 0x010F3548
[   5.567591] HW.Memory <Error> core\memory.cpp:Memory::MemorySystem::Write:528: unmapped Write8 0x00000000 @ 0x00000B60 at PC 0x010F3548
[   5.567591] HW.Memory <Error> core\memory.cpp:Memory::MemorySystem::Write:528: unmapped Write8 0x00000000 @ 0x00000B61 at PC 0x010F3548
[   5.567592] HW.Memory <Error> core\memory.cpp:Memory::MemorySystem::Write:528: unmapped Write8 0x00000000 @ 0x00000B62 at PC 0x010F3548
[   5.567592] HW.Memory <Error> core\memory.cpp:Memory::MemorySystem::Write:528: unmapped Write8 0x00000000 @ 0x00000B63 at PC 0x010F3548
[   5.567593] HW.Memory <Error> core\memory.cpp:Memory::MemorySystem::Write:528: unmapped Write8 0x00000000 @ 0x00000B64 at PC 0x010F3548
[   5.567593] HW.Memory <Error> core\memory.cpp:Memory::MemorySystem::Write:528: unmapped Write8 0x00000000 @ 0x00000B65 at PC 0x010F3548
[   5.567594] HW.Memory <Error> core\memory.cpp:Memory::MemorySystem::Write:528: unmapped Write8 0x00000000 @ 0x00000B66 at PC 0x010F3548
[   5.567594] HW.Memory <Error> core\memory.cpp:Memory::MemorySystem::Write:528: unmapped Write8 0x00000000 @ 0x00000B67 at PC 0x010F3548
[   5.567595] HW.Memory <Error> core\memory.cpp:Memory::MemorySystem::Write:528: unmapped Write8 0x00000000 @ 0x00000B68 at PC 0x010F3548
[   5.567595] HW.Memory <Error> core\memory.cpp:Memory::MemorySystem::Write:528: unmapped Write8 0x00000000 @ 0x00000B69 at PC 0x010F3548
[   5.567596] HW.Memory <Error> core\memory.cpp:Memory::MemorySystem::Write:528: unmapped Write8 0x00000000 @ 0x00000B6A at PC 0x010F3548
[   5.567596] HW.Memory <Error> core\memory.cpp:Memory::MemorySystem::Write:528: unmapped Write8 0x00000000 @ 0x00000B6B at PC 0x010F3548
[   5.567597] HW.Memory <Error> core\memory.cpp:Memory::MemorySystem::Write:528: unmapped Write8 0x00000000 @ 0x00000B6C at PC 0x010F3548
[   5.567597] HW.Memory <Error> core\memory.cpp:Memory::MemorySystem::Write:528: unmapped Write8 0x00000000 @ 0x00000B6D at PC 0x010F3548
[   5.567598] HW.Memory <Error> core\memory.cpp:Memory::MemorySystem::Write:528: unmapped Write8 0x00000000 @ 0x00000B6E at PC 0x010F3548
[   5.567598] HW.Memory <Error> core\memory.cpp:Memory::MemorySystem::Write:528: unmapped Write8 0x00000000 @ 0x00000B6F at PC 0x010F3548
[   5.567599] HW.Memory <Error> core\memory.cpp:Memory::MemorySystem::Write:528: unmapped Write8 0x00000000 @ 0x00000B70 at PC 0x010F3548
[   5.567599] HW.Memory <Error> core\memory.cpp:Memory::MemorySystem::Write:528: unmapped Write8 0x00000000 @ 0x00000B71 at PC 0x010F3548
[   5.567600] HW.Memory <Error> core\memory.cpp:Memory::MemorySystem::Write:528: unmapped Write8 0x00000000 @ 0x00000B72 at PC 0x010F3548
[   5.567600] HW.Memory <Error> core\memory.cpp:Memory::MemorySystem::Write:528: unmapped Write8 0x00000000 @ 0x00000B73 at PC 0x010F3548
[   5.567600] HW.Memory <Error> core\memory.cpp:Memory::MemorySystem::Write:528: unmapped Write8 0x00000000 @ 0x00000B74 at PC 0x010F3548
[   5.567601] HW.Memory <Error> core\memory.cpp:Memory::MemorySystem::Write:528: unmapped Write8 0x00000000 @ 0x00000B75 at PC 0x010F3548
[   5.567601] HW.Memory <Error> core\memory.cpp:Memory::MemorySystem::Write:528: unmapped Write8 0x00000000 @ 0x00000B76 at PC 0x010F3548
[   5.567602] HW.Memory <Error> core\memory.cpp:Memory::MemorySystem::Write:528: unmapped Write8 0x00000000 @ 0x00000B77 at PC 0x010F3548
[   5.567602] HW.Memory <Error> core\memory.cpp:Memory::MemorySystem::Write:528: unmapped Write8 0x00000000 @ 0x00000B78 at PC 0x010F3548
[   5.567603] HW.Memory <Error> core\memory.cpp:Memory::MemorySystem::Write:528: unmapped Write8 0x00000000 @ 0x00000B79 at PC 0x010F3548
[   5.567603] HW.Memory <Error> core\memory.cpp:Memory::MemorySystem::Write:528: unmapped Write8 0x00000000 @ 0x00000B7A at PC 0x010F3548
[   5.567604] HW.Memory <Error> core\memory.cpp:Memory::MemorySystem::Write:528: unmapped Write8 0x00000000 @ 0x00000B7B at PC 0x010F3548
[   5.567604] HW.Memory <Error> core\memory.cpp:Memory::MemorySystem::Write:528: unmapped Write8 0x00000000 @ 0x00000B7C at PC 0x010F3548
[   5.567605] HW.Memory <Error> core\memory.cpp:Memory::MemorySystem::Write:528: unmapped Write8 0x00000000 @ 0x00000B7D at PC 0x010F3548
[   5.567605] HW.Memory <Error> core\memory.cpp:Memory::MemorySystem::Write:528: unmapped Write8 0x00000000 @ 0x00000B7E at PC 0x010F3548
[   5.567606] HW.Memory <Error> core\memory.cpp:Memory::MemorySystem::Write:528: unmapped Write8 0x00000000 @ 0x00000B7F at PC 0x010F3548
[   5.567606] HW.Memory <Error> core\memory.cpp:Memory::MemorySystem::Write:528: unmapped Write8 0x00000000 @ 0x00000B80 at PC 0x010F3548
[   5.567607] HW.Memory <Error> core\memory.cpp:Memory::MemorySystem::Write:528: unmapped Write8 0x00000000 @ 0x00000B81 at PC 0x010F3548
[   5.567607] HW.Memory <Error> core\memory.cpp:Memory::MemorySystem::Write:528: unmapped Write8 0x00000000 @ 0x00000B82 at PC 0x010F3548
[   5.567608] HW.Memory <Error> core\memory.cpp:Memory::MemorySystem::Write:528: unmapped Write8 0x00000000 @ 0x00000B83 at PC 0x010F3548
[   5.567608] HW.Memory <Error> core\memory.cpp:Memory::MemorySystem::Write:528: unmapped Write8 0x00000000 @ 0x00000B84 at PC 0x010F3548
[   5.567609] HW.Memory <Error> core\memory.cpp:Memory::MemorySystem::Write:528: unmapped Write8 0x00000000 @ 0x00000B85 at PC 0x010F3548
[   5.567609] HW.Memory <Error> core\memory.cpp:Memory::MemorySystem::Write:528: unmapped Write8 0x00000000 @ 0x00000B86 at PC 0x010F3548
[   5.567610] HW.Memory <Error> core\memory.cpp:Memory::MemorySystem::Write:528: unmapped Write8 0x00000000 @ 0x00000B87 at PC 0x010F3548
[   5.567610] HW.Memory <Error> core\memory.cpp:Memory::MemorySystem::Write:528: unmapped Write8 0x00000000 @ 0x00000B88 at PC 0x010F3548
[   5.567611] HW.Memory <Error> core\memory.cpp:Memory::MemorySystem::Write:528: unmapped Write8 0x00000000 @ 0x00000B89 at PC 0x010F3548
[   5.567611] HW.Memory <Error> core\memory.cpp:Memory::MemorySystem::Write:528: unmapped Write8 0x00000000 @ 0x00000B8A at PC 0x010F3548
[   5.567612] HW.Memory <Error> core\memory.cpp:Memory::MemorySystem::Write:528: unmapped Write8 0x00000000 @ 0x00000B8B at PC 0x010F3548
[   5.567612] HW.Memory <Error> core\memory.cpp:Memory::MemorySystem::Write:528: unmapped Write8 0x00000000 @ 0x00000B8C at PC 0x010F3548
[   5.567613] HW.Memory <Error> core\memory.cpp:Memory::MemorySystem::Write:528: unmapped Write8 0x00000000 @ 0x00000B8D at PC 0x010F3548
[   5.567613] HW.Memory <Error> core\memory.cpp:Memory::MemorySystem::Write:528: unmapped Write8 0x00000000 @ 0x00000B8E at PC 0x010F3548
[   5.567613] HW.Memory <Error> core\memory.cpp:Memory::MemorySystem::Write:528: unmapped Write8 0x00000000 @ 0x00000B8F at PC 0x010F3548
[   5.567614] HW.Memory <Error> core\memory.cpp:Memory::MemorySystem::Write:528: unmapped Write8 0x00000000 @ 0x00000B90 at PC 0x010F3548
[   5.567614] HW.Memory <Error> core\memory.cpp:Memory::MemorySystem::Write:528: unmapped Write8 0x00000000 @ 0x00000B91 at PC 0x010F3548
[   5.567615] HW.Memory <Error> core\memory.cpp:Memory::MemorySystem::Write:528: unmapped Write8 0x00000000 @ 0x00000B92 at PC 0x010F3548
[   5.567615] HW.Memory <Error> core\memory.cpp:Memory::MemorySystem::Write:528: unmapped Write8 0x00000000 @ 0x00000B93 at PC 0x010F3548
[   5.567616] HW.Memory <Error> core\memory.cpp:Memory::MemorySystem::Write:528: unmapped Write8 0x00000000 @ 0x00000B94 at PC 0x010F3548
[   5.567616] HW.Memory <Error> core\memory.cpp:Memory::MemorySystem::Write:528: unmapped Write8 0x00000000 @ 0x00000B95 at PC 0x010F3548
[   5.567617] HW.Memory <Error> core\memory.cpp:Memory::MemorySystem::Write:528: unmapped Write8 0x00000000 @ 0x00000B96 at PC 0x010F3548
[   5.567617] HW.Memory <Error> core\memory.cpp:Memory::MemorySystem::Write:528: unmapped Write8 0x00000000 @ 0x00000B97 at PC 0x010F3548
[   5.567618] HW.Memory <Error> core\memory.cpp:Memory::MemorySystem::Write:528: unmapped Write8 0x00000000 @ 0x00000B98 at PC 0x010F3548
[   5.567618] HW.Memory <Error> core\memory.cpp:Memory::MemorySystem::Write:528: unmapped Write8 0x00000000 @ 0x00000B99 at PC 0x010F3548
[   5.567619] HW.Memory <Error> core\memory.cpp:Memory::MemorySystem::Write:528: unmapped Write8 0x00000000 @ 0x00000B9A at PC 0x010F3548
[   5.567619] HW.Memory <Error> core\memory.cpp:Memory::MemorySystem::Write:528: unmapped Write8 0x00000000 @ 0x00000B9B at PC 0x010F3548
[   5.567620] HW.Memory <Error> core\memory.cpp:Memory::MemorySystem::Write:528: unmapped Write8 0x00000000 @ 0x00000B9C at PC 0x010F3548
[   5.567620] HW.Memory <Error> core\memory.cpp:Memory::MemorySystem::Write:528: unmapped Write8 0x00000000 @ 0x00000B9D at PC 0x010F3548
[   5.567621] HW.Memory <Error> core\memory.cpp:Memory::MemorySystem::Write:528: unmapped Write8 0x00000000 @ 0x00000B9E at PC 0x010F3548
[   5.567621] HW.Memory <Error> core\memory.cpp:Memory::MemorySystem::Write:528: unmapped Write8 0x00000000 @ 0x00000B9F at PC 0x010F3548
[   5.567622] HW.Memory <Error> core\memory.cpp:Memory::MemorySystem::Write:528: unmapped Write8 0x00000000 @ 0x00000BA0 at PC 0x010F3548
[   5.567622] HW.Memory <Error> core\memory.cpp:Memory::MemorySystem::Write:528: unmapped Write8 0x00000000 @ 0x00000BA1 at PC 0x010F3548
[   5.567623] HW.Memory <Error> core\memory.cpp:Memory::MemorySystem::Write:528: unmapped Write8 0x00000000 @ 0x00000BA2 at PC 0x010F3548
[   5.567623] HW.Memory <Error> core\memory.cpp:Memory::MemorySystem::Write:528: unmapped Write8 0x00000000 @ 0x00000BA3 at PC 0x010F3548
[   5.567624] HW.Memory <Error> core\memory.cpp:Memory::MemorySystem::Write:528: unmapped Write8 0x00000000 @ 0x00000BA4 at PC 0x010F3548
[   5.567624] HW.Memory <Error> core\memory.cpp:Memory::MemorySystem::Write:528: unmapped Write8 0x00000000 @ 0x00000BA5 at PC 0x010F3548
[   5.567624] HW.Memory <Error> core\memory.cpp:Memory::MemorySystem::Write:528: unmapped Write8 0x00000000 @ 0x00000BA6 at PC 0x010F3548
[   5.567625] HW.Memory <Error> core\memory.cpp:Memory::MemorySystem::Write:528: unmapped Write8 0x00000000 @ 0x00000BA7 at PC 0x010F3548
[   5.567625] HW.Memory <Error> core\memory.cpp:Memory::MemorySystem::Write:528: unmapped Write8 0x00000000 @ 0x00000BA8 at PC 0x010F3548
[   5.567626] HW.Memory <Error> core\memory.cpp:Memory::MemorySystem::Write:528: unmapped Write8 0x00000000 @ 0x00000BA9 at PC 0x010F3548
[   5.567626] HW.Memory <Error> core\memory.cpp:Memory::MemorySystem::Write:528: unmapped Write8 0x00000000 @ 0x00000BAA at PC 0x010F3548
[   5.567627] HW.Memory <Error> core\memory.cpp:Memory::MemorySystem::Write:528: unmapped Write8 0x00000000 @ 0x00000BAB at PC 0x010F3548
[   5.567627] HW.Memory <Error> core\memory.cpp:Memory::MemorySystem::Write:528: unmapped Write8 0x00000000 @ 0x00000BAC at PC 0x010F3548
[   5.567628] HW.Memory <Error> core\memory.cpp:Memory::MemorySystem::Write:528: unmapped Write8 0x00000000 @ 0x00000BAD at PC 0x010F3548
[   5.567628] HW.Memory <Error> core\memory.cpp:Memory::MemorySystem::Write:528: unmapped Write8 0x00000000 @ 0x00000BAE at PC 0x010F3548
[   5.567629] HW.Memory <Error> core\memory.cpp:Memory::MemorySystem::Write:528: unmapped Write8 0x00000000 @ 0x00000BAF at PC 0x010F3548
[   5.567629] HW.Memory <Error> core\memory.cpp:Memory::MemorySystem::Write:528: unmapped Write8 0x00000000 @ 0x00000BB0 at PC 0x010F3548
[   5.567630] HW.Memory <Error> core\memory.cpp:Memory::MemorySystem::Write:528: unmapped Write8 0x00000000 @ 0x00000BB1 at PC 0x010F3548
[   5.567630] HW.Memory <Error> core\memory.cpp:Memory::MemorySystem::Write:528: unmapped Write8 0x00000000 @ 0x00000BB2 at PC 0x010F3548
[   5.567631] HW.Memory <Error> core\memory.cpp:Memory::MemorySystem::Write:528: unmapped Write8 0x00000000 @ 0x00000BB3 at PC 0x010F3548
[   5.567631] HW.Memory <Error> core\memory.cpp:Memory::MemorySystem::Write:528: unmapped Write8 0x00000000 @ 0x00000BB4 at PC 0x010F3548
[   5.567632] HW.Memory <Error> core\memory.cpp:Memory::MemorySystem::Write:528: unmapped Write8 0x00000000 @ 0x00000BB5 at PC 0x010F3548
[   5.567632] HW.Memory <Error> core\memory.cpp:Memory::MemorySystem::Write:528: unmapped Write8 0x00000000 @ 0x00000BB6 at PC 0x010F3548
[   5.567633] HW.Memory <Error> core\memory.cpp:Memory::MemorySystem::Write:528: unmapped Write8 0x00000000 @ 0x00000BB7 at PC 0x010F3548
[   5.567633] HW.Memory <Error> core\memory.cpp:Memory::MemorySystem::Write:528: unmapped Write8 0x00000000 @ 0x00000BB8 at PC 0x010F3548
[   5.567634] HW.Memory <Error> core\memory.cpp:Memory::MemorySystem::Write:528: unmapped Write8 0x00000000 @ 0x00000BB9 at PC 0x010F3548
[   5.567634] HW.Memory <Error> core\memory.cpp:Memory::MemorySystem::Write:528: unmapped Write8 0x00000000 @ 0x00000BBA at PC 0x010F3548
[   5.567635] HW.Memory <Error> core\memory.cpp:Memory::MemorySystem::Write:528: unmapped Write8 0x00000000 @ 0x00000BBB at PC 0x010F3548
[   5.567635] HW.Memory <Error> core\memory.cpp:Memory::MemorySystem::Write:528: unmapped Write8 0x00000000 @ 0x00000BBC at PC 0x010F3548
[   5.567636] HW.Memory <Error> core\memory.cpp:Memory::MemorySystem::Write:528: unmapped Write8 0x00000000 @ 0x00000BBD at PC 0x010F3548
[   5.567636] HW.Memory <Error> core\memory.cpp:Memory::MemorySystem::Write:528: unmapped Write8 0x00000000 @ 0x00000BBE at PC 0x010F3548
[   5.567637] HW.Memory <Error> core\memory.cpp:Memory::MemorySystem::Write:528: unmapped Write8 0x00000000 @ 0x00000BBF at PC 0x010F3548
[   5.567637] HW.Memory <Error> core\memory.cpp:Memory::MemorySystem::Write:528: unmapped Write8 0x00000000 @ 0x00000BC0 at PC 0x010F3548
[   5.567638] HW.Memory <Error> core\memory.cpp:Memory::MemorySystem::Write:528: unmapped Write8 0x00000000 @ 0x00000BC1 at PC 0x010F3548
[   5.567638] HW.Memory <Error> core\memory.cpp:Memory::MemorySystem::Write:528: unmapped Write8 0x00000000 @ 0x00000BC2 at PC 0x010F3548
[   5.567639] HW.Memory <Error> core\memory.cpp:Memory::MemorySystem::Write:528: unmapped Write8 0x00000000 @ 0x00000BC3 at PC 0x010F3548
[   5.567639] HW.Memory <Error> core\memory.cpp:Memory::MemorySystem::Write:528: unmapped Write8 0x00000000 @ 0x00000BC4 at PC 0x010F3548
[   5.567639] HW.Memory <Error> core\memory.cpp:Memory::MemorySystem::Write:528: unmapped Write8 0x00000000 @ 0x00000BC5 at PC 0x010F3548
[   5.567640] HW.Memory <Error> core\memory.cpp:Memory::MemorySystem::Write:528: unmapped Write8 0x00000000 @ 0x00000BC6 at PC 0x010F3548
[   5.567640] HW.Memory <Error> core\memory.cpp:Memory::MemorySystem::Write:528: unmapped Write8 0x00000000 @ 0x00000BC7 at PC 0x010F3548
[   5.567641] HW.Memory <Error> core\memory.cpp:Memory::MemorySystem::Write:528: unmapped Write8 0x00000000 @ 0x00000BC8 at PC 0x010F3548
[   5.567641] HW.Memory <Error> core\memory.cpp:Memory::MemorySystem::Write:528: unmapped Write8 0x00000000 @ 0x00000BC9 at PC 0x010F3548
[   5.567642] HW.Memory <Error> core\memory.cpp:Memory::MemorySystem::Write:528: unmapped Write8 0x00000000 @ 0x00000BCA at PC 0x010F3548
[   5.567642] HW.Memory <Error> core\memory.cpp:Memory::MemorySystem::Write:528: unmapped Write8 0x00000000 @ 0x00000BCB at PC 0x010F3548
[   5.567643] HW.Memory <Error> core\memory.cpp:Memory::MemorySystem::Write:528: unmapped Write8 0x00000000 @ 0x00000BCC at PC 0x010F3548
[   5.567643] HW.Memory <Error> core\memory.cpp:Memory::MemorySystem::Write:528: unmapped Write8 0x00000000 @ 0x00000BCD at PC 0x010F3548
[   5.567644] HW.Memory <Error> core\memory.cpp:Memory::MemorySystem::Write:528: unmapped Write8 0x00000000 @ 0x00000BCE at PC 0x010F3548
[   5.567644] HW.Memory <Error> core\memory.cpp:Memory::MemorySystem::Write:528: unmapped Write8 0x00000000 @ 0x00000BCF at PC 0x010F3548
[   5.567645] HW.Memory <Error> core\memory.cpp:Memory::MemorySystem::Write:528: unmapped Write8 0x00000000 @ 0x00000BD0 at PC 0x010F3548
[   5.567645] HW.Memory <Error> core\memory.cpp:Memory::MemorySystem::Write:528: unmapped Write8 0x00000000 @ 0x00000BD1 at PC 0x010F3548
[   5.567646] HW.Memory <Error> core\memory.cpp:Memory::MemorySystem::Write:528: unmapped Write8 0x00000000 @ 0x00000BD2 at PC 0x010F3548
[   5.567646] HW.Memory <Error> core\memory.cpp:Memory::MemorySystem::Write:528: unmapped Write8 0x00000000 @ 0x00000BD3 at PC 0x010F3548
[   5.567647] HW.Memory <Error> core\memory.cpp:Memory::MemorySystem::Write:528: unmapped Write8 0x00000000 @ 0x00000BD4 at PC 0x010F3548
[   5.567647] HW.Memory <Error> core\memory.cpp:Memory::MemorySystem::Write:528: unmapped Write8 0x00000000 @ 0x00000BD5 at PC 0x010F3548
[   5.567648] HW.Memory <Error> core\memory.cpp:Memory::MemorySystem::Write:528: unmapped Write8 0x00000000 @ 0x00000BD6 at PC 0x010F3548
[   5.567648] HW.Memory <Error> core\memory.cpp:Memory::MemorySystem::Write:528: unmapped Write8 0x00000000 @ 0x00000BD7 at PC 0x010F3548
[   5.567649] HW.Memory <Error> core\memory.cpp:Memory::MemorySystem::Write:528: unmapped Write8 0x00000000 @ 0x00000BD8 at PC 0x010F3548
[   5.567649] HW.Memory <Error> core\memory.cpp:Memory::MemorySystem::Write:528: unmapped Write8 0x00000000 @ 0x00000BD9 at PC 0x010F3548
[   5.567650] HW.Memory <Error> core\memory.cpp:Memory::MemorySystem::Write:528: unmapped Write8 0x00000000 @ 0x00000BDA at PC 0x010F3548
[   5.567650] HW.Memory <Error> core\memory.cpp:Memory::MemorySystem::Write:528: unmapped Write8 0x00000000 @ 0x00000BDB at PC 0x010F3548
[   5.567651] HW.Memory <Error> core\memory.cpp:Memory::MemorySystem::Write:528: unmapped Write8 0x00000000 @ 0x00000BDC at PC 0x010F3548
[   5.567651] HW.Memory <Error> core\memory.cpp:Memory::MemorySystem::Write:528: unmapped Write8 0x00000000 @ 0x00000BDD at PC 0x010F3548
[   5.567652] HW.Memory <Error> core\memory.cpp:Memory::MemorySystem::Write:528: unmapped Write8 0x00000000 @ 0x00000BDE at PC 0x010F3548
[   5.567652] HW.Memory <Error> core\memory.cpp:Memory::MemorySystem::Write:528: unmapped Write8 0x00000000 @ 0x00000BDF at PC 0x010F3548
[   5.567653] HW.Memory <Error> core\memory.cpp:Memory::MemorySystem::Write:528: unmapped Write8 0x00000000 @ 0x00000BE0 at PC 0x010F3548
[   5.567653] HW.Memory <Error> core\memory.cpp:Memory::MemorySystem::Write:528: unmapped Write8 0x00000000 @ 0x00000BE1 at PC 0x010F3548
[   5.567653] HW.Memory <Error> core\memory.cpp:Memory::MemorySystem::Write:528: unmapped Write8 0x00000000 @ 0x00000BE2 at PC 0x010F3548
[   5.567654] HW.Memory <Error> core\memory.cpp:Memory::MemorySystem::Write:528: unmapped Write8 0x00000000 @ 0x00000BE3 at PC 0x010F3548
[   5.567654] HW.Memory <Error> core\memory.cpp:Memory::MemorySystem::Write:528: unmapped Write8 0x00000000 @ 0x00000BE4 at PC 0x010F3548
[   5.567655] HW.Memory <Error> core\memory.cpp:Memory::MemorySystem::Write:528: unmapped Write8 0x00000000 @ 0x00000BE5 at PC 0x010F3548
[   5.567655] HW.Memory <Error> core\memory.cpp:Memory::MemorySystem::Write:528: unmapped Write8 0x00000000 @ 0x00000BE6 at PC 0x010F3548
[   5.567656] HW.Memory <Error> core\memory.cpp:Memory::MemorySystem::Write:528: unmapped Write8 0x00000000 @ 0x00000BE7 at PC 0x010F3548
[   5.567656] HW.Memory <Error> core\memory.cpp:Memory::MemorySystem::Write:528: unmapped Write8 0x00000000 @ 0x00000BE8 at PC 0x010F3548
[   5.567657] HW.Memory <Error> core\memory.cpp:Memory::MemorySystem::Write:528: unmapped Write8 0x00000000 @ 0x00000BE9 at PC 0x010F3548
[   5.567657] HW.Memory <Error> core\memory.cpp:Memory::MemorySystem::Write:528: unmapped Write8 0x00000000 @ 0x00000BEA at PC 0x010F3548
[   5.567658] HW.Memory <Error> core\memory.cpp:Memory::MemorySystem::Write:528: unmapped Write8 0x00000000 @ 0x00000BEB at PC 0x010F3548
[   5.567658] HW.Memory <Error> core\memory.cpp:Memory::MemorySystem::Write:528: unmapped Write8 0x00000000 @ 0x00000BEC at PC 0x010F3548
[   5.567659] HW.Memory <Error> core\memory.cpp:Memory::MemorySystem::Write:528: unmapped Write8 0x00000000 @ 0x00000BED at PC 0x010F3548
[   5.567659] HW.Memory <Error> core\memory.cpp:Memory::MemorySystem::Write:528: unmapped Write8 0x00000000 @ 0x00000BEE at PC 0x010F3548
[   5.567660] HW.Memory <Error> core\memory.cpp:Memory::MemorySystem::Write:528: unmapped Write8 0x00000000 @ 0x00000BEF at PC 0x010F3548
[   5.567660] HW.Memory <Error> core\memory.cpp:Memory::MemorySystem::Write:528: unmapped Write8 0x00000000 @ 0x00000BF0 at PC 0x010F3548
[   5.567661] HW.Memory <Error> core\memory.cpp:Memory::MemorySystem::Write:528: unmapped Write8 0x00000000 @ 0x00000BF1 at PC 0x010F3548
[   5.567661] HW.Memory <Error> core\memory.cpp:Memory::MemorySystem::Write:528: unmapped Write8 0x00000000 @ 0x00000BF2 at PC 0x010F3548
[   5.567662] HW.Memory <Error> core\memory.cpp:Memory::MemorySystem::Write:528: unmapped Write8 0x00000000 @ 0x00000BF3 at PC 0x010F3548
[   5.567662] HW.Memory <Error> core\memory.cpp:Memory::MemorySystem::Write:528: unmapped Write8 0x00000000 @ 0x00000BF4 at PC 0x010F3548
[   5.567663] HW.Memory <Error> core\memory.cpp:Memory::MemorySystem::Write:528: unmapped Write8 0x00000000 @ 0x00000BF5 at PC 0x010F3548
[   5.567663] HW.Memory <Error> core\memory.cpp:Memory::MemorySystem::Write:528: unmapped Write8 0x00000000 @ 0x00000BF6 at PC 0x010F3548
[   5.567664] HW.Memory <Error> core\memory.cpp:Memory::MemorySystem::Write:528: unmapped Write8 0x00000000 @ 0x00000BF7 at PC 0x010F3548
[   5.567664] HW.Memory <Error> core\memory.cpp:Memory::MemorySystem::Write:528: unmapped Write8 0x00000000 @ 0x00000BF8 at PC 0x010F3548
[   5.567665] HW.Memory <Error> core\memory.cpp:Memory::MemorySystem::Write:528: unmapped Write8 0x00000000 @ 0x00000BF9 at PC 0x010F3548
[   5.567665] HW.Memory <Error> core\memory.cpp:Memory::MemorySystem::Write:528: unmapped Write8 0x00000000 @ 0x00000BFA at PC 0x010F3548
[   5.567666] HW.Memory <Error> core\memory.cpp:Memory::MemorySystem::Write:528: unmapped Write8 0x00000000 @ 0x00000BFB at PC 0x010F3548
[   5.567666] HW.Memory <Error> core\memory.cpp:Memory::MemorySystem::Write:528: unmapped Write8 0x00000000 @ 0x00000BFC at PC 0x010F3548
[   5.567667] HW.Memory <Error> core\memory.cpp:Memory::MemorySystem::Write:528: unmapped Write8 0x00000000 @ 0x00000BFD at PC 0x010F3548
[   5.567667] HW.Memory <Error> core\memory.cpp:Memory::MemorySystem::Write:528: unmapped Write8 0x00000000 @ 0x00000BFE at PC 0x010F3548
[   5.567668] HW.Memory <Error> core\memory.cpp:Memory::MemorySystem::Write:528: unmapped Write8 0x00000000 @ 0x00000BFF at PC 0x010F3548
[   5.567668] HW.Memory <Error> core\memory.cpp:Memory::MemorySystem::Write:528: unmapped Write8 0x00000000 @ 0x00000C00 at PC 0x010F3548
[   5.567668] HW.Memory <Error> core\memory.cpp:Memory::MemorySystem::Write:528: unmapped Write8 0x00000000 @ 0x00000C01 at PC 0x010F3548
[   5.567669] HW.Memory <Error> core\memory.cpp:Memory::MemorySystem::Write:528: unmapped Write8 0x00000000 @ 0x00000C02 at PC 0x010F3548
[   5.567669] HW.Memory <Error> core\memory.cpp:Memory::MemorySystem::Write:528: unmapped Write8 0x00000000 @ 0x00000C03 at PC 0x010F3548
[   5.567670] HW.Memory <Error> core\memory.cpp:Memory::MemorySystem::Write:528: unmapped Write8 0x00000000 @ 0x00000C04 at PC 0x010F3548
[   5.567670] HW.Memory <Error> core\memory.cpp:Memory::MemorySystem::Write:528: unmapped Write8 0x00000000 @ 0x00000C05 at PC 0x010F3548
[   5.567671] HW.Memory <Error> core\memory.cpp:Memory::MemorySystem::Write:528: unmapped Write8 0x00000000 @ 0x00000C06 at PC 0x010F3548
[   5.567671] HW.Memory <Error> core\memory.cpp:Memory::MemorySystem::Write:528: unmapped Write8 0x00000000 @ 0x00000C07 at PC 0x010F3548
[   5.567672] HW.Memory <Error> core\memory.cpp:Memory::MemorySystem::Write:528: unmapped Write8 0x00000000 @ 0x00000C08 at PC 0x010F3548
[   5.567672] HW.Memory <Error> core\memory.cpp:Memory::MemorySystem::Write:528: unmapped Write8 0x00000000 @ 0x00000C09 at PC 0x010F3548
[   5.567673] HW.Memory <Error> core\memory.cpp:Memory::MemorySystem::Write:528: unmapped Write8 0x00000000 @ 0x00000C0A at PC 0x010F3548
[   5.567673] HW.Memory <Error> core\memory.cpp:Memory::MemorySystem::Write:528: unmapped Write8 0x00000000 @ 0x00000C0B at PC 0x010F3548
[   5.567674] HW.Memory <Error> core\memory.cpp:Memory::MemorySystem::Write:528: unmapped Write8 0x00000000 @ 0x00000C0C at PC 0x010F3548
[   5.567674] HW.Memory <Error> core\memory.cpp:Memory::MemorySystem::Write:528: unmapped Write8 0x00000000 @ 0x00000C0D at PC 0x010F3548
[   5.567675] HW.Memory <Error> core\memory.cpp:Memory::MemorySystem::Write:528: unmapped Write8 0x00000000 @ 0x00000C0E at PC 0x010F3548
[   5.567675] HW.Memory <Error> core\memory.cpp:Memory::MemorySystem::Write:528: unmapped Write8 0x00000000 @ 0x00000C0F at PC 0x010F3548
[   5.567676] HW.Memory <Error> core\memory.cpp:Memory::MemorySystem::Write:528: unmapped Write8 0x00000000 @ 0x00000C10 at PC 0x010F3548
[   5.567676] HW.Memory <Error> core\memory.cpp:Memory::MemorySystem::Write:528: unmapped Write8 0x00000000 @ 0x00000C11 at PC 0x010F3548
[   5.567677] HW.Memory <Error> core\memory.cpp:Memory::MemorySystem::Write:528: unmapped Write8 0x00000000 @ 0x00000C12 at PC 0x010F3548
[   5.567677] HW.Memory <Error> core\memory.cpp:Memory::MemorySystem::Write:528: unmapped Write8 0x00000000 @ 0x00000C13 at PC 0x010F3548
[   5.567678] HW.Memory <Error> core\memory.cpp:Memory::MemorySystem::Write:528: unmapped Write8 0x00000000 @ 0x00000C14 at PC 0x010F3548
[   5.567678] HW.Memory <Error> core\memory.cpp:Memory::MemorySystem::Write:528: unmapped Write8 0x00000000 @ 0x00000C15 at PC 0x010F3548
[   5.567679] HW.Memory <Error> core\memory.cpp:Memory::MemorySystem::Write:528: unmapped Write8 0x00000000 @ 0x00000C16 at PC 0x010F3548
[   5.567679] HW.Memory <Error> core\memory.cpp:Memory::MemorySystem::Write:528: unmapped Write8 0x00000000 @ 0x00000C17 at PC 0x010F3548
[   5.567680] HW.Memory <Error> core\memory.cpp:Memory::MemorySystem::Write:528: unmapped Write8 0x00000000 @ 0x00000C18 at PC 0x010F3548
[   5.567680] HW.Memory <Error> core\memory.cpp:Memory::MemorySystem::Write:528: unmapped Write8 0x00000000 @ 0x00000C19 at PC 0x010F3548
[   5.567681] HW.Memory <Error> core\memory.cpp:Memory::MemorySystem::Write:528: unmapped Write8 0x00000000 @ 0x00000C1A at PC 0x010F3548
[   5.567681] HW.Memory <Error> core\memory.cpp:Memory::MemorySystem::Write:528: unmapped Write8 0x00000000 @ 0x00000C1B at PC 0x010F3548
[   5.567682] HW.Memory <Error> core\memory.cpp:Memory::MemorySystem::Write:528: unmapped Write8 0x00000000 @ 0x00000C1C at PC 0x010F3548
[   5.567682] HW.Memory <Error> core\memory.cpp:Memory::MemorySystem::Write:528: unmapped Write8 0x00000000 @ 0x00000C1D at PC 0x010F3548
[   5.567683] HW.Memory <Error> core\memory.cpp:Memory::MemorySystem::Write:528: unmapped Write8 0x00000000 @ 0x00000C1E at PC 0x010F3548
[   5.567683] HW.Memory <Error> core\memory.cpp:Memory::MemorySystem::Write:528: unmapped Write8 0x00000000 @ 0x00000C1F at PC 0x010F3548
[   5.567684] HW.Memory <Error> core\memory.cpp:Memory::MemorySystem::Write:528: unmapped Write8 0x00000000 @ 0x00000C20 at PC 0x010F3548
[   5.567684] HW.Memory <Error> core\memory.cpp:Memory::MemorySystem::Write:528: unmapped Write8 0x00000000 @ 0x00000C21 at PC 0x010F3548
[   5.567685] HW.Memory <Error> core\memory.cpp:Memory::MemorySystem::Write:528: unmapped Write8 0x00000000 @ 0x00000C22 at PC 0x010F3548
[   5.567685] HW.Memory <Error> core\memory.cpp:Memory::MemorySystem::Write:528: unmapped Write8 0x00000000 @ 0x00000C23 at PC 0x010F3548
[   5.567685] HW.Memory <Error> core\memory.cpp:Memory::MemorySystem::Write:528: unmapped Write8 0x00000000 @ 0x00000C24 at PC 0x010F3548
[   5.567686] HW.Memory <Error> core\memory.cpp:Memory::MemorySystem::Write:528: unmapped Write8 0x00000000 @ 0x00000C25 at PC 0x010F3548
[   5.567686] HW.Memory <Error> core\memory.cpp:Memory::MemorySystem::Write:528: unmapped Write8 0x00000000 @ 0x00000C26 at PC 0x010F3548
[   5.567687] HW.Memory <Error> core\memory.cpp:Memory::MemorySystem::Write:528: unmapped Write8 0x00000000 @ 0x00000C27 at PC 0x010F3548
[   5.567688] HW.Memory <Error> core\memory.cpp:Memory::MemorySystem::Read:479: unmapped Read8 @ 0x00000C28 at PC 0x010F348C
[   5.567688] HW.Memory <Error> core\memory.cpp:Memory::MemorySystem::Read:479: unmapped Read8 @ 0x00000828 at PC 0x010F348C
[   5.567689] HW.Memory <Error> core\memory.cpp:Memory::MemorySystem::Write:528: unmapped Write16 0x00000000 @ 0x00000024 at PC 0x010F34D0
[   5.567979] HW.Memory <Error> core\memory.cpp:Memory::MemorySystem::Impl::ReadBlockImpl:178: unmapped ReadBlock @ 0x00000024 (start address = 0x00000024, size = 2) at PC 0x010F0A78
[   5.567987] Service.FS <Error> core\file_sys\archive_sdmc.cpp:FileSys::SDMCArchive::OpenFileBase:64: Invalid path [Wchar: ]
[   5.575090] HW.Memory <Error> core\memory.cpp:Memory::MemorySystem::Write:528: unmapped Write8 0x0000002F @ 0x00000828 at PC 0x010F3548
[   5.575092] HW.Memory <Error> core\memory.cpp:Memory::MemorySystem::Write:528: unmapped Write8 0x0000006F @ 0x00000829 at PC 0x010F3548
[   5.575092] HW.Memory <Error> core\memory.cpp:Memory::MemorySystem::Write:528: unmapped Write8 0x00000070 @ 0x0000082A at PC 0x010F3548
[   5.575093] HW.Memory <Error> core\memory.cpp:Memory::MemorySystem::Write:528: unmapped Write8 0x00000065 @ 0x0000082B at PC 0x010F3548
[   5.575093] HW.Memory <Error> core\memory.cpp:Memory::MemorySystem::Write:528: unmapped Write8 0x0000006E @ 0x0000082C at PC 0x010F3548
[   5.575094] HW.Memory <Error> core\memory.cpp:Memory::MemorySystem::Write:528: unmapped Write8 0x00000073 @ 0x0000082D at PC 0x010F3548
[   5.575094] HW.Memory <Error> core\memory.cpp:Memory::MemorySystem::Write:528: unmapped Write8 0x00000062 @ 0x0000082E at PC 0x010F3548
[   5.575095] HW.Memory <Error> core\memory.cpp:Memory::MemorySystem::Write:528: unmapped Write8 0x0000005F @ 0x0000082F at PC 0x010F3548
[   5.575095] HW.Memory <Error> core\memory.cpp:Memory::MemorySystem::Write:528: unmapped Write8 0x0000006D @ 0x00000830 at PC 0x010F3548
[   5.575096] HW.Memory <Error> core\memory.cpp:Memory::MemorySystem::Write:528: unmapped Write8 0x00000061 @ 0x00000831 at PC 0x010F3548
[   5.575096] HW.Memory <Error> core\memory.cpp:Memory::MemorySystem::Write:528: unmapped Write8 0x00000069 @ 0x00000832 at PC 0x010F3548
[   5.575097] HW.Memory <Error> core\memory.cpp:Memory::MemorySystem::Write:528: unmapped Write8 0x0000006E @ 0x00000833 at PC 0x010F3548
[   5.575098] HW.Memory <Error> core\memory.cpp:Memory::MemorySystem::Write:528: unmapped Write8 0x0000002E @ 0x00000834 at PC 0x010F3548
[   5.575098] HW.Memory <Error> core\memory.cpp:Memory::MemorySystem::Write:528: unmapped Write8 0x0000006C @ 0x00000835 at PC 0x010F3548
[   5.575099] HW.Memory <Error> core\memory.cpp:Memory::MemorySystem::Write:528: unmapped Write8 0x0000006F @ 0x00000836 at PC 0x010F3548
[   5.575099] HW.Memory <Error> core\memory.cpp:Memory::MemorySystem::Write:528: unmapped Write8 0x00000067 @ 0x00000837 at PC 0x010F3548
[   5.575100] HW.Memory <Error> core\memory.cpp:Memory::MemorySystem::Write:528: unmapped Write8 0x00000000 @ 0x00000838 at PC 0x010F3548
[   5.575100] HW.Memory <Error> core\memory.cpp:Memory::MemorySystem::Write:528: unmapped Write8 0x00000000 @ 0x00000839 at PC 0x010F3548
[   5.575101] HW.Memory <Error> core\memory.cpp:Memory::MemorySystem::Write:528: unmapped Write8 0x00000000 @ 0x0000083A at PC 0x010F3548
[   5.575101] HW.Memory <Error> core\memory.cpp:Memory::MemorySystem::Write:528: unmapped Write8 0x00000000 @ 0x0000083B at PC 0x010F3548
[   5.575102] HW.Memory <Error> core\memory.cpp:Memory::MemorySystem::Write:528: unmapped Write8 0x00000000 @ 0x0000083C at PC 0x010F3548
[   5.575103] HW.Memory <Error> core\memory.cpp:Memory::MemorySystem::Write:528: unmapped Write8 0x00000000 @ 0x0000083D at PC 0x010F3548
[   5.575103] HW.Memory <Error> core\memory.cpp:Memory::MemorySystem::Write:528: unmapped Write8 0x00000000 @ 0x0000083E at PC 0x010F3548
[   5.575104] HW.Memory <Error> core\memory.cpp:Memory::MemorySystem::Write:528: unmapped Write8 0x00000000 @ 0x0000083F at PC 0x010F3548
[   5.575104] HW.Memory <Error> core\memory.cpp:Memory::MemorySystem::Write:528: unmapped Write8 0x00000000 @ 0x00000840 at PC 0x010F3548
[   5.575105] HW.Memory <Error> core\memory.cpp:Memory::MemorySystem::Write:528: unmapped Write8 0x00000000 @ 0x00000841 at PC 0x010F3548
[   5.575106] HW.Memory <Error> core\memory.cpp:Memory::MemorySystem::Write:528: unmapped Write8 0x00000000 @ 0x00000842 at PC 0x010F3548
[   5.575106] HW.Memory <Error> core\memory.cpp:Memory::MemorySystem::Write:528: unmapped Write8 0x00000000 @ 0x00000843 at PC 0x010F3548
[   5.575107] HW.Memory <Error> core\memory.cpp:Memory::MemorySystem::Write:528: unmapped Write8 0x00000000 @ 0x00000844 at PC 0x010F3548
[   5.575107] HW.Memory <Error> core\memory.cpp:Memory::MemorySystem::Write:528: unmapped Write8 0x00000000 @ 0x00000845 at PC 0x010F3548
[   5.575108] HW.Memory <Error> core\memory.cpp:Memory::MemorySystem::Write:528: unmapped Write8 0x00000000 @ 0x00000846 at PC 0x010F3548
[   5.575108] HW.Memory <Error> core\memory.cpp:Memory::MemorySystem::Write:528: unmapped Write8 0x00000000 @ 0x00000847 at PC 0x010F3548
[   5.575109] HW.Memory <Error> core\memory.cpp:Memory::MemorySystem::Write:528: unmapped Write8 0x00000000 @ 0x00000848 at PC 0x010F3548
[   5.575110] HW.Memory <Error> core\memory.cpp:Memory::MemorySystem::Write:528: unmapped Write8 0x00000000 @ 0x00000849 at PC 0x010F3548
[   5.575110] HW.Memory <Error> core\memory.cpp:Memory::MemorySystem::Write:528: unmapped Write8 0x00000000 @ 0x0000084A at PC 0x010F3548
[   5.575111] HW.Memory <Error> core\memory.cpp:Memory::MemorySystem::Write:528: unmapped Write8 0x00000000 @ 0x0000084B at PC 0x010F3548
[   5.575112] HW.Memory <Error> core\memory.cpp:Memory::MemorySystem::Write:528: unmapped Write8 0x00000000 @ 0x0000084C at PC 0x010F3548
[   5.575112] HW.Memory <Error> core\memory.cpp:Memory::MemorySystem::Write:528: unmapped Write8 0x00000000 @ 0x0000084D at PC 0x010F3548
[   5.575113] HW.Memory <Error> core\memory.cpp:Memory::MemorySystem::Write:528: unmapped Write8 0x00000000 @ 0x0000084E at PC 0x010F3548
[   5.575113] HW.Memory <Error> core\memory.cpp:Memory::MemorySystem::Write:528: unmapped Write8 0x00000000 @ 0x0000084F at PC 0x010F3548
[   5.575114] HW.Memory <Error> core\memory.cpp:Memory::MemorySystem::Write:528: unmapped Write8 0x00000000 @ 0x00000850 at PC 0x010F3548
[   5.575114] HW.Memory <Error> core\memory.cpp:Memory::MemorySystem::Write:528: unmapped Write8 0x00000000 @ 0x00000851 at PC 0x010F3548
[   5.575115] HW.Memory <Error> core\memory.cpp:Memory::MemorySystem::Write:528: unmapped Write8 0x00000000 @ 0x00000852 at PC 0x010F3548
[   5.575115] HW.Memory <Error> core\memory.cpp:Memory::MemorySystem::Write:528: unmapped Write8 0x00000000 @ 0x00000853 at PC 0x010F3548
[   5.575116] HW.Memory <Error> core\memory.cpp:Memory::MemorySystem::Write:528: unmapped Write8 0x00000000 @ 0x00000854 at PC 0x010F3548
[   5.575117] HW.Memory <Error> core\memory.cpp:Memory::MemorySystem::Write:528: unmapped Write8 0x00000000 @ 0x00000855 at PC 0x010F3548
[   5.575117] HW.Memory <Error> core\memory.cpp:Memory::MemorySystem::Write:528: unmapped Write8 0x00000000 @ 0x00000856 at PC 0x010F3548
[   5.575118] HW.Memory <Error> core\memory.cpp:Memory::MemorySystem::Write:528: unmapped Write8 0x00000000 @ 0x00000857 at PC 0x010F3548
[   5.575118] HW.Memory <Error> core\memory.cpp:Memory::MemorySystem::Write:528: unmapped Write8 0x00000000 @ 0x00000858 at PC 0x010F3548
[   5.575119] HW.Memory <Error> core\memory.cpp:Memory::MemorySystem::Write:528: unmapped Write8 0x00000000 @ 0x00000859 at PC 0x010F3548
[   5.575119] HW.Memory <Error> core\memory.cpp:Memory::MemorySystem::Write:528: unmapped Write8 0x00000000 @ 0x0000085A at PC 0x010F3548
[   5.575120] HW.Memory <Error> core\memory.cpp:Memory::MemorySystem::Write:528: unmapped Write8 0x00000000 @ 0x0000085B at PC 0x010F3548
[   5.575121] HW.Memory <Error> core\memory.cpp:Memory::MemorySystem::Write:528: unmapped Write8 0x00000000 @ 0x0000085C at PC 0x010F3548
[   5.575121] HW.Memory <Error> core\memory.cpp:Memory::MemorySystem::Write:528: unmapped Write8 0x00000000 @ 0x0000085D at PC 0x010F3548
[   5.575122] HW.Memory <Error> core\memory.cpp:Memory::MemorySystem::Write:528: unmapped Write8 0x00000000 @ 0x0000085E at PC 0x010F3548
[   5.575122] HW.Memory <Error> core\memory.cpp:Memory::MemorySystem::Write:528: unmapped Write8 0x00000000 @ 0x0000085F at PC 0x010F3548
[   5.575123] HW.Memory <Error> core\memory.cpp:Memory::MemorySystem::Write:528: unmapped Write8 0x00000000 @ 0x00000860 at PC 0x010F3548
[   5.575124] HW.Memory <Error> core\memory.cpp:Memory::MemorySystem::Write:528: unmapped Write8 0x00000000 @ 0x00000861 at PC 0x010F3548
[   5.575124] HW.Memory <Error> core\memory.cpp:Memory::MemorySystem::Write:528: unmapped Write8 0x00000000 @ 0x00000862 at PC 0x010F3548
[   5.575125] HW.Memory <Error> core\memory.cpp:Memory::MemorySystem::Write:528: unmapped Write8 0x00000000 @ 0x00000863 at PC 0x010F3548
[   5.575125] HW.Memory <Error> core\memory.cpp:Memory::MemorySystem::Write:528: unmapped Write8 0x00000000 @ 0x00000864 at PC 0x010F3548
[   5.575126] HW.Memory <Error> core\memory.cpp:Memory::MemorySystem::Write:528: unmapped Write8 0x00000000 @ 0x00000865 at PC 0x010F3548
[   5.575126] HW.Memory <Error> core\memory.cpp:Memory::MemorySystem::Write:528: unmapped Write8 0x00000000 @ 0x00000866 at PC 0x010F3548
[   5.575127] HW.Memory <Error> core\memory.cpp:Memory::MemorySystem::Write:528: unmapped Write8 0x00000000 @ 0x00000867 at PC 0x010F3548
[   5.575127] HW.Memory <Error> core\memory.cpp:Memory::MemorySystem::Write:528: unmapped Write8 0x00000000 @ 0x00000868 at PC 0x010F3548
[   5.575128] HW.Memory <Error> core\memory.cpp:Memory::MemorySystem::Write:528: unmapped Write8 0x00000000 @ 0x00000869 at PC 0x010F3548
[   5.575128] HW.Memory <Error> core\memory.cpp:Memory::MemorySystem::Write:528: unmapped Write8 0x00000000 @ 0x0000086A at PC 0x010F3548
[   5.575129] HW.Memory <Error> core\memory.cpp:Memory::MemorySystem::Write:528: unmapped Write8 0x00000000 @ 0x0000086B at PC 0x010F3548
[   5.575130] HW.Memory <Error> core\memory.cpp:Memory::MemorySystem::Write:528: unmapped Write8 0x00000000 @ 0x0000086C at PC 0x010F3548
[   5.575130] HW.Memory <Error> core\memory.cpp:Memory::MemorySystem::Write:528: unmapped Write8 0x00000000 @ 0x0000086D at PC 0x010F3548
[   5.575131] HW.Memory <Error> core\memory.cpp:Memory::MemorySystem::Write:528: unmapped Write8 0x00000000 @ 0x0000086E at PC 0x010F3548
[   5.575131] HW.Memory <Error> core\memory.cpp:Memory::MemorySystem::Write:528: unmapped Write8 0x00000000 @ 0x0000086F at PC 0x010F3548
[   5.575132] HW.Memory <Error> core\memory.cpp:Memory::MemorySystem::Write:528: unmapped Write8 0x00000000 @ 0x00000870 at PC 0x010F3548
[   5.575132] HW.Memory <Error> core\memory.cpp:Memory::MemorySystem::Write:528: unmapped Write8 0x00000000 @ 0x00000871 at PC 0x010F3548
[   5.575133] HW.Memory <Error> core\memory.cpp:Memory::MemorySystem::Write:528: unmapped Write8 0x00000000 @ 0x00000872 at PC 0x010F3548
[   5.575133] HW.Memory <Error> core\memory.cpp:Memory::MemorySystem::Write:528: unmapped Write8 0x00000000 @ 0x00000873 at PC 0x010F3548
[   5.575134] HW.Memory <Error> core\memory.cpp:Memory::MemorySystem::Write:528: unmapped Write8 0x00000000 @ 0x00000874 at PC 0x010F3548
[   5.575135] HW.Memory <Error> core\memory.cpp:Memory::MemorySystem::Write:528: unmapped Write8 0x00000000 @ 0x00000875 at PC 0x010F3548
[   5.575135] HW.Memory <Error> core\memory.cpp:Memory::MemorySystem::Write:528: unmapped Write8 0x00000000 @ 0x00000876 at PC 0x010F3548
[   5.575136] HW.Memory <Error> core\memory.cpp:Memory::MemorySystem::Write:528: unmapped Write8 0x00000000 @ 0x00000877 at PC 0x010F3548
[   5.575136] HW.Memory <Error> core\memory.cpp:Memory::MemorySystem::Write:528: unmapped Write8 0x00000000 @ 0x00000878 at PC 0x010F3548
[   5.575137] HW.Memory <Error> core\memory.cpp:Memory::MemorySystem::Write:528: unmapped Write8 0x00000000 @ 0x00000879 at PC 0x010F3548
[   5.575137] HW.Memory <Error> core\memory.cpp:Memory::MemorySystem::Write:528: unmapped Write8 0x00000000 @ 0x0000087A at PC 0x010F3548
[   5.575138] HW.Memory <Error> core\memory.cpp:Memory::MemorySystem::Write:528: unmapped Write8 0x00000000 @ 0x0000087B at PC 0x010F3548
[   5.575138] HW.Memory <Error> core\memory.cpp:Memory::MemorySystem::Write:528: unmapped Write8 0x00000000 @ 0x0000087C at PC 0x010F3548
[   5.575139] HW.Memory <Error> core\memory.cpp:Memory::MemorySystem::Write:528: unmapped Write8 0x00000000 @ 0x0000087D at PC 0x010F3548
[   5.575140] HW.Memory <Error> core\memory.cpp:Memory::MemorySystem::Write:528: unmapped Write8 0x00000000 @ 0x0000087E at PC 0x010F3548
[   5.575140] HW.Memory <Error> core\memory.cpp:Memory::MemorySystem::Write:528: unmapped Write8 0x00000000 @ 0x0000087F at PC 0x010F3548
[   5.575141] HW.Memory <Error> core\memory.cpp:Memory::MemorySystem::Write:528: unmapped Write8 0x00000000 @ 0x00000880 at PC 0x010F3548
[   5.575141] HW.Memory <Error> core\memory.cpp:Memory::MemorySystem::Write:528: unmapped Write8 0x00000000 @ 0x00000881 at PC 0x010F3548
[   5.575142] HW.Memory <Error> core\memory.cpp:Memory::MemorySystem::Write:528: unmapped Write8 0x00000000 @ 0x00000882 at PC 0x010F3548
[   5.575142] HW.Memory <Error> core\memory.cpp:Memory::MemorySystem::Write:528: unmapped Write8 0x00000000 @ 0x00000883 at PC 0x010F3548
[   5.575143] HW.Memory <Error> core\memory.cpp:Memory::MemorySystem::Write:528: unmapped Write8 0x00000000 @ 0x00000884 at PC 0x010F3548
[   5.575144] HW.Memory <Error> core\memory.cpp:Memory::MemorySystem::Write:528: unmapped Write8 0x00000000 @ 0x00000885 at PC 0x010F3548
[   5.575144] HW.Memory <Error> core\memory.cpp:Memory::MemorySystem::Write:528: unmapped Write8 0x00000000 @ 0x00000886 at PC 0x010F3548
[   5.575145] HW.Memory <Error> core\memory.cpp:Memory::MemorySystem::Write:528: unmapped Write8 0x00000000 @ 0x00000887 at PC 0x010F3548
[   5.575145] HW.Memory <Error> core\memory.cpp:Memory::MemorySystem::Write:528: unmapped Write8 0x00000000 @ 0x00000888 at PC 0x010F3548
[   5.575146] HW.Memory <Error> core\memory.cpp:Memory::MemorySystem::Write:528: unmapped Write8 0x00000000 @ 0x00000889 at PC 0x010F3548
[   5.575146] HW.Memory <Error> core\memory.cpp:Memory::MemorySystem::Write:528: unmapped Write8 0x00000000 @ 0x0000088A at PC 0x010F3548
[   5.575147] HW.Memory <Error> core\memory.cpp:Memory::MemorySystem::Write:528: unmapped Write8 0x00000000 @ 0x0000088B at PC 0x010F3548
[   5.575147] HW.Memory <Error> core\memory.cpp:Memory::MemorySystem::Write:528: unmapped Write8 0x00000000 @ 0x0000088C at PC 0x010F3548
[   5.575148] HW.Memory <Error> core\memory.cpp:Memory::MemorySystem::Write:528: unmapped Write8 0x00000000 @ 0x0000088D at PC 0x010F3548
[   5.575148] HW.Memory <Error> core\memory.cpp:Memory::MemorySystem::Write:528: unmapped Write8 0x00000000 @ 0x0000088E at PC 0x010F3548
[   5.575149] HW.Memory <Error> core\memory.cpp:Memory::MemorySystem::Write:528: unmapped Write8 0x00000000 @ 0x0000088F at PC 0x010F3548
[   5.575150] HW.Memory <Error> core\memory.cpp:Memory::MemorySystem::Write:528: unmapped Write8 0x00000000 @ 0x00000890 at PC 0x010F3548
[   5.575150] HW.Memory <Error> core\memory.cpp:Memory::MemorySystem::Write:528: unmapped Write8 0x00000000 @ 0x00000891 at PC 0x010F3548
[   5.575151] HW.Memory <Error> core\memory.cpp:Memory::MemorySystem::Write:528: unmapped Write8 0x00000000 @ 0x00000892 at PC 0x010F3548
[   5.575151] HW.Memory <Error> core\memory.cpp:Memory::MemorySystem::Write:528: unmapped Write8 0x00000000 @ 0x00000893 at PC 0x010F3548
[   5.575152] HW.Memory <Error> core\memory.cpp:Memory::MemorySystem::Write:528: unmapped Write8 0x00000000 @ 0x00000894 at PC 0x010F3548
[   5.575152] HW.Memory <Error> core\memory.cpp:Memory::MemorySystem::Write:528: unmapped Write8 0x00000000 @ 0x00000895 at PC 0x010F3548
[   5.575153] HW.Memory <Error> core\memory.cpp:Memory::MemorySystem::Write:528: unmapped Write8 0x00000000 @ 0x00000896 at PC 0x010F3548
[   5.575154] HW.Memory <Error> core\memory.cpp:Memory::MemorySystem::Write:528: unmapped Write8 0x00000000 @ 0x00000897 at PC 0x010F3548
[   5.575154] HW.Memory <Error> core\memory.cpp:Memory::MemorySystem::Write:528: unmapped Write8 0x00000000 @ 0x00000898 at PC 0x010F3548
[   5.575155] HW.Memory <Error> core\memory.cpp:Memory::MemorySystem::Write:528: unmapped Write8 0x00000000 @ 0x00000899 at PC 0x010F3548
[   5.575155] HW.Memory <Error> core\memory.cpp:Memory::MemorySystem::Write:528: unmapped Write8 0x00000000 @ 0x0000089A at PC 0x010F3548
[   5.575156] HW.Memory <Error> core\memory.cpp:Memory::MemorySystem::Write:528: unmapped Write8 0x00000000 @ 0x0000089B at PC 0x010F3548
[   5.575156] HW.Memory <Error> core\memory.cpp:Memory::MemorySystem::Write:528: unmapped Write8 0x00000000 @ 0x0000089C at PC 0x010F3548
[   5.575157] HW.Memory <Error> core\memory.cpp:Memory::MemorySystem::Write:528: unmapped Write8 0x00000000 @ 0x0000089D at PC 0x010F3548
[   5.575158] HW.Memory <Error> core\memory.cpp:Memory::MemorySystem::Write:528: unmapped Write8 0x00000000 @ 0x0000089E at PC 0x010F3548
[   5.575158] HW.Memory <Error> core\memory.cpp:Memory::MemorySystem::Write:528: unmapped Write8 0x00000000 @ 0x0000089F at PC 0x010F3548
[   5.575159] HW.Memory <Error> core\memory.cpp:Memory::MemorySystem::Write:528: unmapped Write8 0x00000000 @ 0x000008A0 at PC 0x010F3548
[   5.575159] HW.Memory <Error> core\memory.cpp:Memory::MemorySystem::Write:528: unmapped Write8 0x00000000 @ 0x000008A1 at PC 0x010F3548
[   5.575160] HW.Memory <Error> core\memory.cpp:Memory::MemorySystem::Write:528: unmapped Write8 0x00000000 @ 0x000008A2 at PC 0x010F3548
[   5.575160] HW.Memory <Error> core\memory.cpp:Memory::MemorySystem::Write:528: unmapped Write8 0x00000000 @ 0x000008A3 at PC 0x010F3548
[   5.575161] HW.Memory <Error> core\memory.cpp:Memory::MemorySystem::Write:528: unmapped Write8 0x00000000 @ 0x000008A4 at PC 0x010F3548
[   5.575161] HW.Memory <Error> core\memory.cpp:Memory::MemorySystem::Write:528: unmapped Write8 0x00000000 @ 0x000008A5 at PC 0x010F3548
[   5.575162] HW.Memory <Error> core\memory.cpp:Memory::MemorySystem::Write:528: unmapped Write8 0x00000000 @ 0x000008A6 at PC 0x010F3548
[   5.575162] HW.Memory <Error> core\memory.cpp:Memory::MemorySystem::Write:528: unmapped Write8 0x00000000 @ 0x000008A7 at PC 0x010F3548
[   5.575163] HW.Memory <Error> core\memory.cpp:Memory::MemorySystem::Write:528: unmapped Write8 0x00000000 @ 0x000008A8 at PC 0x010F3548
[   5.575163] HW.Memory <Error> core\memory.cpp:Memory::MemorySystem::Write:528: unmapped Write8 0x00000000 @ 0x000008A9 at PC 0x010F3548
[   5.575164] HW.Memory <Error> core\memory.cpp:Memory::MemorySystem::Write:528: unmapped Write8 0x00000000 @ 0x000008AA at PC 0x010F3548
[   5.575164] HW.Memory <Error> core\memory.cpp:Memory::MemorySystem::Write:528: unmapped Write8 0x00000000 @ 0x000008AB at PC 0x010F3548
[   5.575165] HW.Memory <Error> core\memory.cpp:Memory::MemorySystem::Write:528: unmapped Write8 0x00000000 @ 0x000008AC at PC 0x010F3548
[   5.575165] HW.Memory <Error> core\memory.cpp:Memory::MemorySystem::Write:528: unmapped Write8 0x00000000 @ 0x000008AD at PC 0x010F3548
[   5.575166] HW.Memory <Error> core\memory.cpp:Memory::MemorySystem::Write:528: unmapped Write8 0x00000000 @ 0x000008AE at PC 0x010F3548
[   5.575166] HW.Memory <Error> core\memory.cpp:Memory::MemorySystem::Write:528: unmapped Write8 0x00000000 @ 0x000008AF at PC 0x010F3548
[   5.575167] HW.Memory <Error> core\memory.cpp:Memory::MemorySystem::Write:528: unmapped Write8 0x00000000 @ 0x000008B0 at PC 0x010F3548
[   5.575167] HW.Memory <Error> core\memory.cpp:Memory::MemorySystem::Write:528: unmapped Write8 0x00000000 @ 0x000008B1 at PC 0x010F3548
[   5.575168] HW.Memory <Error> core\memory.cpp:Memory::MemorySystem::Write:528: unmapped Write8 0x00000000 @ 0x000008B2 at PC 0x010F3548
[   5.575169] HW.Memory <Error> core\memory.cpp:Memory::MemorySystem::Write:528: unmapped Write8 0x00000000 @ 0x000008B3 at PC 0x010F3548
[   5.575169] HW.Memory <Error> core\memory.cpp:Memory::MemorySystem::Write:528: unmapped Write8 0x00000000 @ 0x000008B4 at PC 0x010F3548
[   5.575170] HW.Memory <Error> core\memory.cpp:Memory::MemorySystem::Write:528: unmapped Write8 0x00000000 @ 0x000008B5 at PC 0x010F3548
[   5.575170] HW.Memory <Error> core\memory.cpp:Memory::MemorySystem::Write:528: unmapped Write8 0x00000000 @ 0x000008B6 at PC 0x010F3548
[   5.575171] HW.Memory <Error> core\memory.cpp:Memory::MemorySystem::Write:528: unmapped Write8 0x00000000 @ 0x000008B7 at PC 0x010F3548
[   5.575171] HW.Memory <Error> core\memory.cpp:Memory::MemorySystem::Write:528: unmapped Write8 0x00000000 @ 0x000008B8 at PC 0x010F3548
[   5.575172] HW.Memory <Error> core\memory.cpp:Memory::MemorySystem::Write:528: unmapped Write8 0x00000000 @ 0x000008B9 at PC 0x010F3548
[   5.575172] HW.Memory <Error> core\memory.cpp:Memory::MemorySystem::Write:528: unmapped Write8 0x00000000 @ 0x000008BA at PC 0x010F3548
[   5.575173] HW.Memory <Error> core\memory.cpp:Memory::MemorySystem::Write:528: unmapped Write8 0x00000000 @ 0x000008BB at PC 0x010F3548
[   5.575173] HW.Memory <Error> core\memory.cpp:Memory::MemorySystem::Write:528: unmapped Write8 0x00000000 @ 0x000008BC at PC 0x010F3548
[   5.575174] HW.Memory <Error> core\memory.cpp:Memory::MemorySystem::Write:528: unmapped Write8 0x00000000 @ 0x000008BD at PC 0x010F3548
[   5.575174] HW.Memory <Error> core\memory.cpp:Memory::MemorySystem::Write:528: unmapped Write8 0x00000000 @ 0x000008BE at PC 0x010F3548
[   5.575175] HW.Memory <Error> core\memory.cpp:Memory::MemorySystem::Write:528: unmapped Write8 0x00000000 @ 0x000008BF at PC 0x010F3548
[   5.575176] HW.Memory <Error> core\memory.cpp:Memory::MemorySystem::Write:528: unmapped Write8 0x00000000 @ 0x000008C0 at PC 0x010F3548
[   5.575176] HW.Memory <Error> core\memory.cpp:Memory::MemorySystem::Write:528: unmapped Write8 0x00000000 @ 0x000008C1 at PC 0x010F3548
[   5.575177] HW.Memory <Error> core\memory.cpp:Memory::MemorySystem::Write:528: unmapped Write8 0x00000000 @ 0x000008C2 at PC 0x010F3548
[   5.575177] HW.Memory <Error> core\memory.cpp:Memory::MemorySystem::Write:528: unmapped Write8 0x00000000 @ 0x000008C3 at PC 0x010F3548
[   5.575178] HW.Memory <Error> core\memory.cpp:Memory::MemorySystem::Write:528: unmapped Write8 0x00000000 @ 0x000008C4 at PC 0x010F3548
[   5.575179] HW.Memory <Error> core\memory.cpp:Memory::MemorySystem::Write:528: unmapped Write8 0x00000000 @ 0x000008C5 at PC 0x010F3548
[   5.575179] HW.Memory <Error> core\memory.cpp:Memory::MemorySystem::Write:528: unmapped Write8 0x00000000 @ 0x000008C6 at PC 0x010F3548
[   5.575180] HW.Memory <Error> core\memory.cpp:Memory::MemorySystem::Write:528: unmapped Write8 0x00000000 @ 0x000008C7 at PC 0x010F3548
[   5.575180] HW.Memory <Error> core\memory.cpp:Memory::MemorySystem::Write:528: unmapped Write8 0x00000000 @ 0x000008C8 at PC 0x010F3548
[   5.575181] HW.Memory <Error> core\memory.cpp:Memory::MemorySystem::Write:528: unmapped Write8 0x00000000 @ 0x000008C9 at PC 0x010F3548
[   5.575181] HW.Memory <Error> core\memory.cpp:Memory::MemorySystem::Write:528: unmapped Write8 0x00000000 @ 0x000008CA at PC 0x010F3548
[   5.575182] HW.Memory <Error> core\memory.cpp:Memory::MemorySystem::Write:528: unmapped Write8 0x00000000 @ 0x000008CB at PC 0x010F3548
[   5.575182] HW.Memory <Error> core\memory.cpp:Memory::MemorySystem::Write:528: unmapped Write8 0x00000000 @ 0x000008CC at PC 0x010F3548
[   5.575183] HW.Memory <Error> core\memory.cpp:Memory::MemorySystem::Write:528: unmapped Write8 0x00000000 @ 0x000008CD at PC 0x010F3548
[   5.575184] HW.Memory <Error> core\memory.cpp:Memory::MemorySystem::Write:528: unmapped Write8 0x00000000 @ 0x000008CE at PC 0x010F3548
[   5.575184] HW.Memory <Error> core\memory.cpp:Memory::MemorySystem::Write:528: unmapped Write8 0x00000000 @ 0x000008CF at PC 0x010F3548
[   5.575185] HW.Memory <Error> core\memory.cpp:Memory::MemorySystem::Write:528: unmapped Write8 0x00000000 @ 0x000008D0 at PC 0x010F3548
[   5.575185] HW.Memory <Error> core\memory.cpp:Memory::MemorySystem::Write:528: unmapped Write8 0x00000000 @ 0x000008D1 at PC 0x010F3548
[   5.575186] HW.Memory <Error> core\memory.cpp:Memory::MemorySystem::Write:528: unmapped Write8 0x00000000 @ 0x000008D2 at PC 0x010F3548
[   5.575186] HW.Memory <Error> core\memory.cpp:Memory::MemorySystem::Write:528: unmapped Write8 0x00000000 @ 0x000008D3 at PC 0x010F3548
[   5.575187] HW.Memory <Error> core\memory.cpp:Memory::MemorySystem::Write:528: unmapped Write8 0x00000000 @ 0x000008D4 at PC 0x010F3548
[   5.575187] HW.Memory <Error> core\memory.cpp:Memory::MemorySystem::Write:528: unmapped Write8 0x00000000 @ 0x000008D5 at PC 0x010F3548
[   5.575188] HW.Memory <Error> core\memory.cpp:Memory::MemorySystem::Write:528: unmapped Write8 0x00000000 @ 0x000008D6 at PC 0x010F3548
[   5.575189] HW.Memory <Error> core\memory.cpp:Memory::MemorySystem::Write:528: unmapped Write8 0x00000000 @ 0x000008D7 at PC 0x010F3548
[   5.575189] HW.Memory <Error> core\memory.cpp:Memory::MemorySystem::Write:528: unmapped Write8 0x00000000 @ 0x000008D8 at PC 0x010F3548
[   5.575190] HW.Memory <Error> core\memory.cpp:Memory::MemorySystem::Write:528: unmapped Write8 0x00000000 @ 0x000008D9 at PC 0x010F3548
[   5.575190] HW.Memory <Error> core\memory.cpp:Memory::MemorySystem::Write:528: unmapped Write8 0x00000000 @ 0x000008DA at PC 0x010F3548
[   5.575191] HW.Memory <Error> core\memory.cpp:Memory::MemorySystem::Write:528: unmapped Write8 0x00000000 @ 0x000008DB at PC 0x010F3548
[   5.575191] HW.Memory <Error> core\memory.cpp:Memory::MemorySystem::Write:528: unmapped Write8 0x00000000 @ 0x000008DC at PC 0x010F3548
[   5.575192] HW.Memory <Error> core\memory.cpp:Memory::MemorySystem::Write:528: unmapped Write8 0x00000000 @ 0x000008DD at PC 0x010F3548
[   5.575192] HW.Memory <Error> core\memory.cpp:Memory::MemorySystem::Write:528: unmapped Write8 0x00000000 @ 0x000008DE at PC 0x010F3548
[   5.575193] HW.Memory <Error> core\memory.cpp:Memory::MemorySystem::Write:528: unmapped Write8 0x00000000 @ 0x000008DF at PC 0x010F3548
[   5.575193] HW.Memory <Error> core\memory.cpp:Memory::MemorySystem::Write:528: unmapped Write8 0x00000000 @ 0x000008E0 at PC 0x010F3548
[   5.575194] HW.Memory <Error> core\memory.cpp:Memory::MemorySystem::Write:528: unmapped Write8 0x00000000 @ 0x000008E1 at PC 0x010F3548
[   5.575195] HW.Memory <Error> core\memory.cpp:Memory::MemorySystem::Write:528: unmapped Write8 0x00000000 @ 0x000008E2 at PC 0x010F3548
[   5.575195] HW.Memory <Error> core\memory.cpp:Memory::MemorySystem::Write:528: unmapped Write8 0x00000000 @ 0x000008E3 at PC 0x010F3548
[   5.575196] HW.Memory <Error> core\memory.cpp:Memory::MemorySystem::Write:528: unmapped Write8 0x00000000 @ 0x000008E4 at PC 0x010F3548
[   5.575196] HW.Memory <Error> core\memory.cpp:Memory::MemorySystem::Write:528: unmapped Write8 0x00000000 @ 0x000008E5 at PC 0x010F3548
[   5.575197] HW.Memory <Error> core\memory.cpp:Memory::MemorySystem::Write:528: unmapped Write8 0x00000000 @ 0x000008E6 at PC 0x010F3548
[   5.575197] HW.Memory <Error> core\memory.cpp:Memory::MemorySystem::Write:528: unmapped Write8 0x00000000 @ 0x000008E7 at PC 0x010F3548
[   5.575198] HW.Memory <Error> core\memory.cpp:Memory::MemorySystem::Write:528: unmapped Write8 0x00000000 @ 0x000008E8 at PC 0x010F3548
[   5.575198] HW.Memory <Error> core\memory.cpp:Memory::MemorySystem::Write:528: unmapped Write8 0x00000000 @ 0x000008E9 at PC 0x010F3548
[   5.575199] HW.Memory <Error> core\memory.cpp:Memory::MemorySystem::Write:528: unmapped Write8 0x00000000 @ 0x000008EA at PC 0x010F3548
[   5.575199] HW.Memory <Error> core\memory.cpp:Memory::MemorySystem::Write:528: unmapped Write8 0x00000000 @ 0x000008EB at PC 0x010F3548
[   5.575200] HW.Memory <Error> core\memory.cpp:Memory::MemorySystem::Write:528: unmapped Write8 0x00000000 @ 0x000008EC at PC 0x010F3548
[   5.575200] HW.Memory <Error> core\memory.cpp:Memory::MemorySystem::Write:528: unmapped Write8 0x00000000 @ 0x000008ED at PC 0x010F3548
[   5.575201] HW.Memory <Error> core\memory.cpp:Memory::MemorySystem::Write:528: unmapped Write8 0x00000000 @ 0x000008EE at PC 0x010F3548
[   5.575201] HW.Memory <Error> core\memory.cpp:Memory::MemorySystem::Write:528: unmapped Write8 0x00000000 @ 0x000008EF at PC 0x010F3548
[   5.575202] HW.Memory <Error> core\memory.cpp:Memory::MemorySystem::Write:528: unmapped Write8 0x00000000 @ 0x000008F0 at PC 0x010F3548
[   5.575202] HW.Memory <Error> core\memory.cpp:Memory::MemorySystem::Write:528: unmapped Write8 0x00000000 @ 0x000008F1 at PC 0x010F3548
[   5.575203] HW.Memory <Error> core\memory.cpp:Memory::MemorySystem::Write:528: unmapped Write8 0x00000000 @ 0x000008F2 at PC 0x010F3548
[   5.575204] HW.Memory <Error> core\memory.cpp:Memory::MemorySystem::Write:528: unmapped Write8 0x00000000 @ 0x000008F3 at PC 0x010F3548
[   5.575204] HW.Memory <Error> core\memory.cpp:Memory::MemorySystem::Write:528: unmapped Write8 0x00000000 @ 0x000008F4 at PC 0x010F3548
[   5.575205] HW.Memory <Error> core\memory.cpp:Memory::MemorySystem::Write:528: unmapped Write8 0x00000000 @ 0x000008F5 at PC 0x010F3548
[   5.575205] HW.Memory <Error> core\memory.cpp:Memory::MemorySystem::Write:528: unmapped Write8 0x00000000 @ 0x000008F6 at PC 0x010F3548
[   5.575206] HW.Memory <Error> core\memory.cpp:Memory::MemorySystem::Write:528: unmapped Write8 0x00000000 @ 0x000008F7 at PC 0x010F3548
[   5.575206] HW.Memory <Error> core\memory.cpp:Memory::MemorySystem::Write:528: unmapped Write8 0x00000000 @ 0x000008F8 at PC 0x010F3548
[   5.575207] HW.Memory <Error> core\memory.cpp:Memory::MemorySystem::Write:528: unmapped Write8 0x00000000 @ 0x000008F9 at PC 0x010F3548
[   5.575207] HW.Memory <Error> core\memory.cpp:Memory::MemorySystem::Write:528: unmapped Write8 0x00000000 @ 0x000008FA at PC 0x010F3548
[   5.575208] HW.Memory <Error> core\memory.cpp:Memory::MemorySystem::Write:528: unmapped Write8 0x00000000 @ 0x000008FB at PC 0x010F3548
[   5.575208] HW.Memory <Error> core\memory.cpp:Memory::MemorySystem::Write:528: unmapped Write8 0x00000000 @ 0x000008FC at PC 0x010F3548
[   5.575209] HW.Memory <Error> core\memory.cpp:Memory::MemorySystem::Write:528: unmapped Write8 0x00000000 @ 0x000008FD at PC 0x010F3548
[   5.575209] HW.Memory <Error> core\memory.cpp:Memory::MemorySystem::Write:528: unmapped Write8 0x00000000 @ 0x000008FE at PC 0x010F3548
[   5.575210] HW.Memory <Error> core\memory.cpp:Memory::MemorySystem::Write:528: unmapped Write8 0x00000000 @ 0x000008FF at PC 0x010F3548
[   5.575211] HW.Memory <Error> core\memory.cpp:Memory::MemorySystem::Write:528: unmapped Write8 0x00000000 @ 0x00000900 at PC 0x010F3548
[   5.575211] HW.Memory <Error> core\memory.cpp:Memory::MemorySystem::Write:528: unmapped Write8 0x00000000 @ 0x00000901 at PC 0x010F3548
[   5.575212] HW.Memory <Error> core\memory.cpp:Memory::MemorySystem::Write:528: unmapped Write8 0x00000000 @ 0x00000902 at PC 0x010F3548
[   5.575213] HW.Memory <Error> core\memory.cpp:Memory::MemorySystem::Write:528: unmapped Write8 0x00000000 @ 0x00000903 at PC 0x010F3548
[   5.575213] HW.Memory <Error> core\memory.cpp:Memory::MemorySystem::Write:528: unmapped Write8 0x00000000 @ 0x00000904 at PC 0x010F3548
[   5.575214] HW.Memory <Error> core\memory.cpp:Memory::MemorySystem::Write:528: unmapped Write8 0x00000000 @ 0x00000905 at PC 0x010F3548
[   5.575214] HW.Memory <Error> core\memory.cpp:Memory::MemorySystem::Write:528: unmapped Write8 0x00000000 @ 0x00000906 at PC 0x010F3548
[   5.575215] HW.Memory <Error> core\memory.cpp:Memory::MemorySystem::Write:528: unmapped Write8 0x00000000 @ 0x00000907 at PC 0x010F3548
[   5.575215] HW.Memory <Error> core\memory.cpp:Memory::MemorySystem::Write:528: unmapped Write8 0x00000000 @ 0x00000908 at PC 0x010F3548
[   5.575216] HW.Memory <Error> core\memory.cpp:Memory::MemorySystem::Write:528: unmapped Write8 0x00000000 @ 0x00000909 at PC 0x010F3548
[   5.575216] HW.Memory <Error> core\memory.cpp:Memory::MemorySystem::Write:528: unmapped Write8 0x00000000 @ 0x0000090A at PC 0x010F3548
[   5.575217] HW.Memory <Error> core\memory.cpp:Memory::MemorySystem::Write:528: unmapped Write8 0x00000000 @ 0x0000090B at PC 0x010F3548
[   5.575218] HW.Memory <Error> core\memory.cpp:Memory::MemorySystem::Write:528: unmapped Write8 0x00000000 @ 0x0000090C at PC 0x010F3548
[   5.575218] HW.Memory <Error> core\memory.cpp:Memory::MemorySystem::Write:528: unmapped Write8 0x00000000 @ 0x0000090D at PC 0x010F3548
[   5.575219] HW.Memory <Error> core\memory.cpp:Memory::MemorySystem::Write:528: unmapped Write8 0x00000000 @ 0x0000090E at PC 0x010F3548
[   5.575219] HW.Memory <Error> core\memory.cpp:Memory::MemorySystem::Write:528: unmapped Write8 0x00000000 @ 0x0000090F at PC 0x010F3548
[   5.575220] HW.Memory <Error> core\memory.cpp:Memory::MemorySystem::Write:528: unmapped Write8 0x00000000 @ 0x00000910 at PC 0x010F3548
[   5.575221] HW.Memory <Error> core\memory.cpp:Memory::MemorySystem::Write:528: unmapped Write8 0x00000000 @ 0x00000911 at PC 0x010F3548
[   5.575222] HW.Memory <Error> core\memory.cpp:Memory::MemorySystem::Write:528: unmapped Write8 0x00000000 @ 0x00000912 at PC 0x010F3548
[   5.575222] HW.Memory <Error> core\memory.cpp:Memory::MemorySystem::Write:528: unmapped Write8 0x00000000 @ 0x00000913 at PC 0x010F3548
[   5.575223] HW.Memory <Error> core\memory.cpp:Memory::MemorySystem::Write:528: unmapped Write8 0x00000000 @ 0x00000914 at PC 0x010F3548
[   5.575223] HW.Memory <Error> core\memory.cpp:Memory::MemorySystem::Write:528: unmapped Write8 0x00000000 @ 0x00000915 at PC 0x010F3548
[   5.575224] HW.Memory <Error> core\memory.cpp:Memory::MemorySystem::Write:528: unmapped Write8 0x00000000 @ 0x00000916 at PC 0x010F3548
[   5.575224] HW.Memory <Error> core\memory.cpp:Memory::MemorySystem::Write:528: unmapped Write8 0x00000000 @ 0x00000917 at PC 0x010F3548
[   5.575225] HW.Memory <Error> core\memory.cpp:Memory::MemorySystem::Write:528: unmapped Write8 0x00000000 @ 0x00000918 at PC 0x010F3548
[   5.575226] HW.Memory <Error> core\memory.cpp:Memory::MemorySystem::Write:528: unmapped Write8 0x00000000 @ 0x00000919 at PC 0x010F3548
[   5.575226] HW.Memory <Error> core\memory.cpp:Memory::MemorySystem::Write:528: unmapped Write8 0x00000000 @ 0x0000091A at PC 0x010F3548
[   5.575227] HW.Memory <Error> core\memory.cpp:Memory::MemorySystem::Write:528: unmapped Write8 0x00000000 @ 0x0000091B at PC 0x010F3548
[   5.575227] HW.Memory <Error> core\memory.cpp:Memory::MemorySystem::Write:528: unmapped Write8 0x00000000 @ 0x0000091C at PC 0x010F3548
[   5.575228] HW.Memory <Error> core\memory.cpp:Memory::MemorySystem::Write:528: unmapped Write8 0x00000000 @ 0x0000091D at PC 0x010F3548
[   5.575228] HW.Memory <Error> core\memory.cpp:Memory::MemorySystem::Write:528: unmapped Write8 0x00000000 @ 0x0000091E at PC 0x010F3548
[   5.575229] HW.Memory <Error> core\memory.cpp:Memory::MemorySystem::Write:528: unmapped Write8 0x00000000 @ 0x0000091F at PC 0x010F3548
[   5.575229] HW.Memory <Error> core\memory.cpp:Memory::MemorySystem::Write:528: unmapped Write8 0x00000000 @ 0x00000920 at PC 0x010F3548
[   5.575230] HW.Memory <Error> core\memory.cpp:Memory::MemorySystem::Write:528: unmapped Write8 0x00000000 @ 0x00000921 at PC 0x010F3548
[   5.575231] HW.Memory <Error> core\memory.cpp:Memory::MemorySystem::Write:528: unmapped Write8 0x00000000 @ 0x00000922 at PC 0x010F3548
[   5.575231] HW.Memory <Error> core\memory.cpp:Memory::MemorySystem::Write:528: unmapped Write8 0x00000000 @ 0x00000923 at PC 0x010F3548
[   5.575232] HW.Memory <Error> core\memory.cpp:Memory::MemorySystem::Write:528: unmapped Write8 0x00000000 @ 0x00000924 at PC 0x010F3548
[   5.575232] HW.Memory <Error> core\memory.cpp:Memory::MemorySystem::Write:528: unmapped Write8 0x00000000 @ 0x00000925 at PC 0x010F3548
[   5.575233] HW.Memory <Error> core\memory.cpp:Memory::MemorySystem::Write:528: unmapped Write8 0x00000000 @ 0x00000926 at PC 0x010F3548
[   5.575233] HW.Memory <Error> core\memory.cpp:Memory::MemorySystem::Write:528: unmapped Write8 0x00000000 @ 0x00000927 at PC 0x010F3548
[   5.575234] HW.Memory <Error> core\memory.cpp:Memory::MemorySystem::Write:528: unmapped Write8 0x00000000 @ 0x00000928 at PC 0x010F3548
[   5.575234] HW.Memory <Error> core\memory.cpp:Memory::MemorySystem::Write:528: unmapped Write8 0x00000000 @ 0x00000929 at PC 0x010F3548
[   5.575235] HW.Memory <Error> core\memory.cpp:Memory::MemorySystem::Write:528: unmapped Write8 0x00000000 @ 0x0000092A at PC 0x010F3548
[   5.575235] HW.Memory <Error> core\memory.cpp:Memory::MemorySystem::Write:528: unmapped Write8 0x00000000 @ 0x0000092B at PC 0x010F3548
[   5.575236] HW.Memory <Error> core\memory.cpp:Memory::MemorySystem::Write:528: unmapped Write8 0x00000000 @ 0x0000092C at PC 0x010F3548
[   5.575236] HW.Memory <Error> core\memory.cpp:Memory::MemorySystem::Write:528: unmapped Write8 0x00000000 @ 0x0000092D at PC 0x010F3548
[   5.575237] HW.Memory <Error> core\memory.cpp:Memory::MemorySystem::Write:528: unmapped Write8 0x00000000 @ 0x0000092E at PC 0x010F3548
[   5.575237] HW.Memory <Error> core\memory.cpp:Memory::MemorySystem::Write:528: unmapped Write8 0x00000000 @ 0x0000092F at PC 0x010F3548
[   5.575238] HW.Memory <Error> core\memory.cpp:Memory::MemorySystem::Write:528: unmapped Write8 0x00000000 @ 0x00000930 at PC 0x010F3548
[   5.575239] HW.Memory <Error> core\memory.cpp:Memory::MemorySystem::Write:528: unmapped Write8 0x00000000 @ 0x00000931 at PC 0x010F3548
[   5.575239] HW.Memory <Error> core\memory.cpp:Memory::MemorySystem::Write:528: unmapped Write8 0x00000000 @ 0x00000932 at PC 0x010F3548
[   5.575240] HW.Memory <Error> core\memory.cpp:Memory::MemorySystem::Write:528: unmapped Write8 0x00000000 @ 0x00000933 at PC 0x010F3548
[   5.575240] HW.Memory <Error> core\memory.cpp:Memory::MemorySystem::Write:528: unmapped Write8 0x00000000 @ 0x00000934 at PC 0x010F3548
[   5.575241] HW.Memory <Error> core\memory.cpp:Memory::MemorySystem::Write:528: unmapped Write8 0x00000000 @ 0x00000935 at PC 0x010F3548
[   5.575241] HW.Memory <Error> core\memory.cpp:Memory::MemorySystem::Write:528: unmapped Write8 0x00000000 @ 0x00000936 at PC 0x010F3548
[   5.575242] HW.Memory <Error> core\memory.cpp:Memory::MemorySystem::Write:528: unmapped Write8 0x00000000 @ 0x00000937 at PC 0x010F3548
[   5.575242] HW.Memory <Error> core\memory.cpp:Memory::MemorySystem::Write:528: unmapped Write8 0x00000000 @ 0x00000938 at PC 0x010F3548
[   5.575243] HW.Memory <Error> core\memory.cpp:Memory::MemorySystem::Write:528: unmapped Write8 0x00000000 @ 0x00000939 at PC 0x010F3548
[   5.575244] HW.Memory <Error> core\memory.cpp:Memory::MemorySystem::Write:528: unmapped Write8 0x00000000 @ 0x0000093A at PC 0x010F3548
[   5.575244] HW.Memory <Error> core\memory.cpp:Memory::MemorySystem::Write:528: unmapped Write8 0x00000000 @ 0x0000093B at PC 0x010F3548
[   5.575245] HW.Memory <Error> core\memory.cpp:Memory::MemorySystem::Write:528: unmapped Write8 0x00000000 @ 0x0000093C at PC 0x010F3548
[   5.575245] HW.Memory <Error> core\memory.cpp:Memory::MemorySystem::Write:528: unmapped Write8 0x00000000 @ 0x0000093D at PC 0x010F3548
[   5.575246] HW.Memory <Error> core\memory.cpp:Memory::MemorySystem::Write:528: unmapped Write8 0x00000000 @ 0x0000093E at PC 0x010F3548
[   5.575247] HW.Memory <Error> core\memory.cpp:Memory::MemorySystem::Write:528: unmapped Write8 0x00000000 @ 0x0000093F at PC 0x010F3548
[   5.575247] HW.Memory <Error> core\memory.cpp:Memory::MemorySystem::Write:528: unmapped Write8 0x00000000 @ 0x00000940 at PC 0x010F3548
[   5.575248] HW.Memory <Error> core\memory.cpp:Memory::MemorySystem::Write:528: unmapped Write8 0x00000000 @ 0x00000941 at PC 0x010F3548
[   5.575249] HW.Memory <Error> core\memory.cpp:Memory::MemorySystem::Write:528: unmapped Write8 0x00000000 @ 0x00000942 at PC 0x010F3548
[   5.575249] HW.Memory <Error> core\memory.cpp:Memory::MemorySystem::Write:528: unmapped Write8 0x00000000 @ 0x00000943 at PC 0x010F3548
[   5.575250] HW.Memory <Error> core\memory.cpp:Memory::MemorySystem::Write:528: unmapped Write8 0x00000000 @ 0x00000944 at PC 0x010F3548
[   5.575250] HW.Memory <Error> core\memory.cpp:Memory::MemorySystem::Write:528: unmapped Write8 0x00000000 @ 0x00000945 at PC 0x010F3548
[   5.575251] HW.Memory <Error> core\memory.cpp:Memory::MemorySystem::Write:528: unmapped Write8 0x00000000 @ 0x00000946 at PC 0x010F3548
[   5.575252] HW.Memory <Error> core\memory.cpp:Memory::MemorySystem::Write:528: unmapped Write8 0x00000000 @ 0x00000947 at PC 0x010F3548
[   5.575252] HW.Memory <Error> core\memory.cpp:Memory::MemorySystem::Write:528: unmapped Write8 0x00000000 @ 0x00000948 at PC 0x010F3548
[   5.575253] HW.Memory <Error> core\memory.cpp:Memory::MemorySystem::Write:528: unmapped Write8 0x00000000 @ 0x00000949 at PC 0x010F3548
[   5.575253] HW.Memory <Error> core\memory.cpp:Memory::MemorySystem::Write:528: unmapped Write8 0x00000000 @ 0x0000094A at PC 0x010F3548
[   5.575254] HW.Memory <Error> core\memory.cpp:Memory::MemorySystem::Write:528: unmapped Write8 0x00000000 @ 0x0000094B at PC 0x010F3548
[   5.575255] HW.Memory <Error> core\memory.cpp:Memory::MemorySystem::Write:528: unmapped Write8 0x00000000 @ 0x0000094C at PC 0x010F3548
[   5.575255] HW.Memory <Error> core\memory.cpp:Memory::MemorySystem::Write:528: unmapped Write8 0x00000000 @ 0x0000094D at PC 0x010F3548
[   5.575256] HW.Memory <Error> core\memory.cpp:Memory::MemorySystem::Write:528: unmapped Write8 0x00000000 @ 0x0000094E at PC 0x010F3548
[   5.575256] HW.Memory <Error> core\memory.cpp:Memory::MemorySystem::Write:528: unmapped Write8 0x00000000 @ 0x0000094F at PC 0x010F3548
[   5.575257] HW.Memory <Error> core\memory.cpp:Memory::MemorySystem::Write:528: unmapped Write8 0x00000000 @ 0x00000950 at PC 0x010F3548
[   5.575258] HW.Memory <Error> core\memory.cpp:Memory::MemorySystem::Write:528: unmapped Write8 0x00000000 @ 0x00000951 at PC 0x010F3548
[   5.575258] HW.Memory <Error> core\memory.cpp:Memory::MemorySystem::Write:528: unmapped Write8 0x00000000 @ 0x00000952 at PC 0x010F3548
[   5.575259] HW.Memory <Error> core\memory.cpp:Memory::MemorySystem::Write:528: unmapped Write8 0x00000000 @ 0x00000953 at PC 0x010F3548
[   5.575259] HW.Memory <Error> core\memory.cpp:Memory::MemorySystem::Write:528: unmapped Write8 0x00000000 @ 0x00000954 at PC 0x010F3548
[   5.575260] HW.Memory <Error> core\memory.cpp:Memory::MemorySystem::Write:528: unmapped Write8 0x00000000 @ 0x00000955 at PC 0x010F3548
[   5.575260] HW.Memory <Error> core\memory.cpp:Memory::MemorySystem::Write:528: unmapped Write8 0x00000000 @ 0x00000956 at PC 0x010F3548
[   5.575261] HW.Memory <Error> core\memory.cpp:Memory::MemorySystem::Write:528: unmapped Write8 0x00000000 @ 0x00000957 at PC 0x010F3548
[   5.575262] HW.Memory <Error> core\memory.cpp:Memory::MemorySystem::Write:528: unmapped Write8 0x00000000 @ 0x00000958 at PC 0x010F3548
[   5.575262] HW.Memory <Error> core\memory.cpp:Memory::MemorySystem::Write:528: unmapped Write8 0x00000000 @ 0x00000959 at PC 0x010F3548
[   5.575263] HW.Memory <Error> core\memory.cpp:Memory::MemorySystem::Write:528: unmapped Write8 0x00000000 @ 0x0000095A at PC 0x010F3548
[   5.575263] HW.Memory <Error> core\memory.cpp:Memory::MemorySystem::Write:528: unmapped Write8 0x00000000 @ 0x0000095B at PC 0x010F3548
[   5.575264] HW.Memory <Error> core\memory.cpp:Memory::MemorySystem::Write:528: unmapped Write8 0x00000000 @ 0x0000095C at PC 0x010F3548
[   5.575264] HW.Memory <Error> core\memory.cpp:Memory::MemorySystem::Write:528: unmapped Write8 0x00000000 @ 0x0000095D at PC 0x010F3548
[   5.575265] HW.Memory <Error> core\memory.cpp:Memory::MemorySystem::Write:528: unmapped Write8 0x00000000 @ 0x0000095E at PC 0x010F3548
[   5.575266] HW.Memory <Error> core\memory.cpp:Memory::MemorySystem::Write:528: unmapped Write8 0x00000000 @ 0x0000095F at PC 0x010F3548
[   5.575266] HW.Memory <Error> core\memory.cpp:Memory::MemorySystem::Write:528: unmapped Write8 0x00000000 @ 0x00000960 at PC 0x010F3548
[   5.575267] HW.Memory <Error> core\memory.cpp:Memory::MemorySystem::Write:528: unmapped Write8 0x00000000 @ 0x00000961 at PC 0x010F3548
[   5.575267] HW.Memory <Error> core\memory.cpp:Memory::MemorySystem::Write:528: unmapped Write8 0x00000000 @ 0x00000962 at PC 0x010F3548
[   5.575268] HW.Memory <Error> core\memory.cpp:Memory::MemorySystem::Write:528: unmapped Write8 0x00000000 @ 0x00000963 at PC 0x010F3548
[   5.575268] HW.Memory <Error> core\memory.cpp:Memory::MemorySystem::Write:528: unmapped Write8 0x00000000 @ 0x00000964 at PC 0x010F3548
[   5.575269] HW.Memory <Error> core\memory.cpp:Memory::MemorySystem::Write:528: unmapped Write8 0x00000000 @ 0x00000965 at PC 0x010F3548
[   5.575269] HW.Memory <Error> core\memory.cpp:Memory::MemorySystem::Write:528: unmapped Write8 0x00000000 @ 0x00000966 at PC 0x010F3548
[   5.575270] HW.Memory <Error> core\memory.cpp:Memory::MemorySystem::Write:528: unmapped Write8 0x00000000 @ 0x00000967 at PC 0x010F3548
[   5.575270] HW.Memory <Error> core\memory.cpp:Memory::MemorySystem::Write:528: unmapped Write8 0x00000000 @ 0x00000968 at PC 0x010F3548
[   5.575271] HW.Memory <Error> core\memory.cpp:Memory::MemorySystem::Write:528: unmapped Write8 0x00000000 @ 0x00000969 at PC 0x010F3548
[   5.575272] HW.Memory <Error> core\memory.cpp:Memory::MemorySystem::Write:528: unmapped Write8 0x00000000 @ 0x0000096A at PC 0x010F3548
[   5.575272] HW.Memory <Error> core\memory.cpp:Memory::MemorySystem::Write:528: unmapped Write8 0x00000000 @ 0x0000096B at PC 0x010F3548
[   5.575273] HW.Memory <Error> core\memory.cpp:Memory::MemorySystem::Write:528: unmapped Write8 0x00000000 @ 0x0000096C at PC 0x010F3548
[   5.575273] HW.Memory <Error> core\memory.cpp:Memory::MemorySystem::Write:528: unmapped Write8 0x00000000 @ 0x0000096D at PC 0x010F3548
[   5.575274] HW.Memory <Error> core\memory.cpp:Memory::MemorySystem::Write:528: unmapped Write8 0x00000000 @ 0x0000096E at PC 0x010F3548
[   5.575274] HW.Memory <Error> core\memory.cpp:Memory::MemorySystem::Write:528: unmapped Write8 0x00000000 @ 0x0000096F at PC 0x010F3548
[   5.575275] HW.Memory <Error> core\memory.cpp:Memory::MemorySystem::Write:528: unmapped Write8 0x00000000 @ 0x00000970 at PC 0x010F3548
[   5.575276] HW.Memory <Error> core\memory.cpp:Memory::MemorySystem::Write:528: unmapped Write8 0x00000000 @ 0x00000971 at PC 0x010F3548
[   5.575276] HW.Memory <Error> core\memory.cpp:Memory::MemorySystem::Write:528: unmapped Write8 0x00000000 @ 0x00000972 at PC 0x010F3548
[   5.575277] HW.Memory <Error> core\memory.cpp:Memory::MemorySystem::Write:528: unmapped Write8 0x00000000 @ 0x00000973 at PC 0x010F3548
[   5.575277] HW.Memory <Error> core\memory.cpp:Memory::MemorySystem::Write:528: unmapped Write8 0x00000000 @ 0x00000974 at PC 0x010F3548
[   5.575278] HW.Memory <Error> core\memory.cpp:Memory::MemorySystem::Write:528: unmapped Write8 0x00000000 @ 0x00000975 at PC 0x010F3548
[   5.575278] HW.Memory <Error> core\memory.cpp:Memory::MemorySystem::Write:528: unmapped Write8 0x00000000 @ 0x00000976 at PC 0x010F3548
[   5.575279] HW.Memory <Error> core\memory.cpp:Memory::MemorySystem::Write:528: unmapped Write8 0x00000000 @ 0x00000977 at PC 0x010F3548
[   5.575279] HW.Memory <Error> core\memory.cpp:Memory::MemorySystem::Write:528: unmapped Write8 0x00000000 @ 0x00000978 at PC 0x010F3548
[   5.575280] HW.Memory <Error> core\memory.cpp:Memory::MemorySystem::Write:528: unmapped Write8 0x00000000 @ 0x00000979 at PC 0x010F3548
[   5.575281] HW.Memory <Error> core\memory.cpp:Memory::MemorySystem::Write:528: unmapped Write8 0x00000000 @ 0x0000097A at PC 0x010F3548
[   5.575281] HW.Memory <Error> core\memory.cpp:Memory::MemorySystem::Write:528: unmapped Write8 0x00000000 @ 0x0000097B at PC 0x010F3548
[   5.575282] HW.Memory <Error> core\memory.cpp:Memory::MemorySystem::Write:528: unmapped Write8 0x00000000 @ 0x0000097C at PC 0x010F3548
[   5.575282] HW.Memory <Error> core\memory.cpp:Memory::MemorySystem::Write:528: unmapped Write8 0x00000000 @ 0x0000097D at PC 0x010F3548
[   5.575283] HW.Memory <Error> core\memory.cpp:Memory::MemorySystem::Write:528: unmapped Write8 0x00000000 @ 0x0000097E at PC 0x010F3548
[   5.575283] HW.Memory <Error> core\memory.cpp:Memory::MemorySystem::Write:528: unmapped Write8 0x00000000 @ 0x0000097F at PC 0x010F3548
[   5.575284] HW.Memory <Error> core\memory.cpp:Memory::MemorySystem::Write:528: unmapped Write8 0x00000000 @ 0x00000980 at PC 0x010F3548
[   5.575285] HW.Memory <Error> core\memory.cpp:Memory::MemorySystem::Write:528: unmapped Write8 0x00000000 @ 0x00000981 at PC 0x010F3548
[   5.575285] HW.Memory <Error> core\memory.cpp:Memory::MemorySystem::Write:528: unmapped Write8 0x00000000 @ 0x00000982 at PC 0x010F3548
[   5.575286] HW.Memory <Error> core\memory.cpp:Memory::MemorySystem::Write:528: unmapped Write8 0x00000000 @ 0x00000983 at PC 0x010F3548
[   5.575287] HW.Memory <Error> core\memory.cpp:Memory::MemorySystem::Write:528: unmapped Write8 0x00000000 @ 0x00000984 at PC 0x010F3548
[   5.575287] HW.Memory <Error> core\memory.cpp:Memory::MemorySystem::Write:528: unmapped Write8 0x00000000 @ 0x00000985 at PC 0x010F3548
[   5.575288] HW.Memory <Error> core\memory.cpp:Memory::MemorySystem::Write:528: unmapped Write8 0x00000000 @ 0x00000986 at PC 0x010F3548
[   5.575289] HW.Memory <Error> core\memory.cpp:Memory::MemorySystem::Write:528: unmapped Write8 0x00000000 @ 0x00000987 at PC 0x010F3548
[   5.575289] HW.Memory <Error> core\memory.cpp:Memory::MemorySystem::Write:528: unmapped Write8 0x00000000 @ 0x00000988 at PC 0x010F3548
[   5.575290] HW.Memory <Error> core\memory.cpp:Memory::MemorySystem::Write:528: unmapped Write8 0x00000000 @ 0x00000989 at PC 0x010F3548
[   5.575290] HW.Memory <Error> core\memory.cpp:Memory::MemorySystem::Write:528: unmapped Write8 0x00000000 @ 0x0000098A at PC 0x010F3548
[   5.575291] HW.Memory <Error> core\memory.cpp:Memory::MemorySystem::Write:528: unmapped Write8 0x00000000 @ 0x0000098B at PC 0x010F3548
[   5.575292] HW.Memory <Error> core\memory.cpp:Memory::MemorySystem::Write:528: unmapped Write8 0x00000000 @ 0x0000098C at PC 0x010F3548
[   5.575292] HW.Memory <Error> core\memory.cpp:Memory::MemorySystem::Write:528: unmapped Write8 0x00000000 @ 0x0000098D at PC 0x010F3548
[   5.575293] HW.Memory <Error> core\memory.cpp:Memory::MemorySystem::Write:528: unmapped Write8 0x00000000 @ 0x0000098E at PC 0x010F3548
[   5.575293] HW.Memory <Error> core\memory.cpp:Memory::MemorySystem::Write:528: unmapped Write8 0x00000000 @ 0x0000098F at PC 0x010F3548
[   5.575294] HW.Memory <Error> core\memory.cpp:Memory::MemorySystem::Write:528: unmapped Write8 0x00000000 @ 0x00000990 at PC 0x010F3548
[   5.575294] HW.Memory <Error> core\memory.cpp:Memory::MemorySystem::Write:528: unmapped Write8 0x00000000 @ 0x00000991 at PC 0x010F3548
[   5.575295] HW.Memory <Error> core\memory.cpp:Memory::MemorySystem::Write:528: unmapped Write8 0x00000000 @ 0x00000992 at PC 0x010F3548
[   5.575296] HW.Memory <Error> core\memory.cpp:Memory::MemorySystem::Write:528: unmapped Write8 0x00000000 @ 0x00000993 at PC 0x010F3548
[   5.575296] HW.Memory <Error> core\memory.cpp:Memory::MemorySystem::Write:528: unmapped Write8 0x00000000 @ 0x00000994 at PC 0x010F3548
[   5.575297] HW.Memory <Error> core\memory.cpp:Memory::MemorySystem::Write:528: unmapped Write8 0x00000000 @ 0x00000995 at PC 0x010F3548
[   5.575297] HW.Memory <Error> core\memory.cpp:Memory::MemorySystem::Write:528: unmapped Write8 0x00000000 @ 0x00000996 at PC 0x010F3548
[   5.575298] HW.Memory <Error> core\memory.cpp:Memory::MemorySystem::Write:528: unmapped Write8 0x00000000 @ 0x00000997 at PC 0x010F3548
[   5.575299] HW.Memory <Error> core\memory.cpp:Memory::MemorySystem::Write:528: unmapped Write8 0x00000000 @ 0x00000998 at PC 0x010F3548
[   5.575299] HW.Memory <Error> core\memory.cpp:Memory::MemorySystem::Write:528: unmapped Write8 0x00000000 @ 0x00000999 at PC 0x010F3548
[   5.575300] HW.Memory <Error> core\memory.cpp:Memory::MemorySystem::Write:528: unmapped Write8 0x00000000 @ 0x0000099A at PC 0x010F3548
[   5.575300] HW.Memory <Error> core\memory.cpp:Memory::MemorySystem::Write:528: unmapped Write8 0x00000000 @ 0x0000099B at PC 0x010F3548
[   5.575301] HW.Memory <Error> core\memory.cpp:Memory::MemorySystem::Write:528: unmapped Write8 0x00000000 @ 0x0000099C at PC 0x010F3548
[   5.575301] HW.Memory <Error> core\memory.cpp:Memory::MemorySystem::Write:528: unmapped Write8 0x00000000 @ 0x0000099D at PC 0x010F3548
[   5.575303] HW.Memory <Error> core\memory.cpp:Memory::MemorySystem::Write:528: unmapped Write8 0x00000000 @ 0x0000099E at PC 0x010F3548
[   5.575303] HW.Memory <Error> core\memory.cpp:Memory::MemorySystem::Write:528: unmapped Write8 0x00000000 @ 0x0000099F at PC 0x010F3548
[   5.575304] HW.Memory <Error> core\memory.cpp:Memory::MemorySystem::Write:528: unmapped Write8 0x00000000 @ 0x000009A0 at PC 0x010F3548
[   5.575304] HW.Memory <Error> core\memory.cpp:Memory::MemorySystem::Write:528: unmapped Write8 0x00000000 @ 0x000009A1 at PC 0x010F3548
[   5.575305] HW.Memory <Error> core\memory.cpp:Memory::MemorySystem::Write:528: unmapped Write8 0x00000000 @ 0x000009A2 at PC 0x010F3548
[   5.575305] HW.Memory <Error> core\memory.cpp:Memory::MemorySystem::Write:528: unmapped Write8 0x00000000 @ 0x000009A3 at PC 0x010F3548
[   5.575306] HW.Memory <Error> core\memory.cpp:Memory::MemorySystem::Write:528: unmapped Write8 0x00000000 @ 0x000009A4 at PC 0x010F3548
[   5.575307] HW.Memory <Error> core\memory.cpp:Memory::MemorySystem::Write:528: unmapped Write8 0x00000000 @ 0x000009A5 at PC 0x010F3548
[   5.575307] HW.Memory <Error> core\memory.cpp:Memory::MemorySystem::Write:528: unmapped Write8 0x00000000 @ 0x000009A6 at PC 0x010F3548
[   5.575308] HW.Memory <Error> core\memory.cpp:Memory::MemorySystem::Write:528: unmapped Write8 0x00000000 @ 0x000009A7 at PC 0x010F3548
[   5.575308] HW.Memory <Error> core\memory.cpp:Memory::MemorySystem::Write:528: unmapped Write8 0x00000000 @ 0x000009A8 at PC 0x010F3548
[   5.575309] HW.Memory <Error> core\memory.cpp:Memory::MemorySystem::Write:528: unmapped Write8 0x00000000 @ 0x000009A9 at PC 0x010F3548
[   5.575309] HW.Memory <Error> core\memory.cpp:Memory::MemorySystem::Write:528: unmapped Write8 0x00000000 @ 0x000009AA at PC 0x010F3548
[   5.575310] HW.Memory <Error> core\memory.cpp:Memory::MemorySystem::Write:528: unmapped Write8 0x00000000 @ 0x000009AB at PC 0x010F3548
[   5.575310] HW.Memory <Error> core\memory.cpp:Memory::MemorySystem::Write:528: unmapped Write8 0x00000000 @ 0x000009AC at PC 0x010F3548
[   5.575311] HW.Memory <Error> core\memory.cpp:Memory::MemorySystem::Write:528: unmapped Write8 0x00000000 @ 0x000009AD at PC 0x010F3548
[   5.575312] HW.Memory <Error> core\memory.cpp:Memory::MemorySystem::Write:528: unmapped Write8 0x00000000 @ 0x000009AE at PC 0x010F3548
[   5.575312] HW.Memory <Error> core\memory.cpp:Memory::MemorySystem::Write:528: unmapped Write8 0x00000000 @ 0x000009AF at PC 0x010F3548
[   5.575313] HW.Memory <Error> core\memory.cpp:Memory::MemorySystem::Write:528: unmapped Write8 0x00000000 @ 0x000009B0 at PC 0x010F3548
[   5.575313] HW.Memory <Error> core\memory.cpp:Memory::MemorySystem::Write:528: unmapped Write8 0x00000000 @ 0x000009B1 at PC 0x010F3548
[   5.575314] HW.Memory <Error> core\memory.cpp:Memory::MemorySystem::Write:528: unmapped Write8 0x00000000 @ 0x000009B2 at PC 0x010F3548
[   5.575314] HW.Memory <Error> core\memory.cpp:Memory::MemorySystem::Write:528: unmapped Write8 0x00000000 @ 0x000009B3 at PC 0x010F3548
[   5.575315] HW.Memory <Error> core\memory.cpp:Memory::MemorySystem::Write:528: unmapped Write8 0x00000000 @ 0x000009B4 at PC 0x010F3548
[   5.575315] HW.Memory <Error> core\memory.cpp:Memory::MemorySystem::Write:528: unmapped Write8 0x00000000 @ 0x000009B5 at PC 0x010F3548
[   5.575316] HW.Memory <Error> core\memory.cpp:Memory::MemorySystem::Write:528: unmapped Write8 0x00000000 @ 0x000009B6 at PC 0x010F3548
[   5.575316] HW.Memory <Error> core\memory.cpp:Memory::MemorySystem::Write:528: unmapped Write8 0x00000000 @ 0x000009B7 at PC 0x010F3548
[   5.575317] HW.Memory <Error> core\memory.cpp:Memory::MemorySystem::Write:528: unmapped Write8 0x00000000 @ 0x000009B8 at PC 0x010F3548
[   5.575317] HW.Memory <Error> core\memory.cpp:Memory::MemorySystem::Write:528: unmapped Write8 0x00000000 @ 0x000009B9 at PC 0x010F3548
[   5.575318] HW.Memory <Error> core\memory.cpp:Memory::MemorySystem::Write:528: unmapped Write8 0x00000000 @ 0x000009BA at PC 0x010F3548
[   5.575318] HW.Memory <Error> core\memory.cpp:Memory::MemorySystem::Write:528: unmapped Write8 0x00000000 @ 0x000009BB at PC 0x010F3548
[   5.575319] HW.Memory <Error> core\memory.cpp:Memory::MemorySystem::Write:528: unmapped Write8 0x00000000 @ 0x000009BC at PC 0x010F3548
[   5.575319] HW.Memory <Error> core\memory.cpp:Memory::MemorySystem::Write:528: unmapped Write8 0x00000000 @ 0x000009BD at PC 0x010F3548
[   5.575320] HW.Memory <Error> core\memory.cpp:Memory::MemorySystem::Write:528: unmapped Write8 0x00000000 @ 0x000009BE at PC 0x010F3548
[   5.575321] HW.Memory <Error> core\memory.cpp:Memory::MemorySystem::Write:528: unmapped Write8 0x00000000 @ 0x000009BF at PC 0x010F3548
[   5.575321] HW.Memory <Error> core\memory.cpp:Memory::MemorySystem::Write:528: unmapped Write8 0x00000000 @ 0x000009C0 at PC 0x010F3548
[   5.575322] HW.Memory <Error> core\memory.cpp:Memory::MemorySystem::Write:528: unmapped Write8 0x00000000 @ 0x000009C1 at PC 0x010F3548
[   5.575323] HW.Memory <Error> core\memory.cpp:Memory::MemorySystem::Write:528: unmapped Write8 0x00000000 @ 0x000009C2 at PC 0x010F3548
[   5.575327] HW.Memory <Error> core\memory.cpp:Memory::MemorySystem::Write:528: unmapped Write8 0x00000000 @ 0x000009C3 at PC 0x010F3548
[   5.575328] HW.Memory <Error> core\memory.cpp:Memory::MemorySystem::Write:528: unmapped Write8 0x00000000 @ 0x000009C4 at PC 0x010F3548
[   5.575328] HW.Memory <Error> core\memory.cpp:Memory::MemorySystem::Write:528: unmapped Write8 0x00000000 @ 0x000009C5 at PC 0x010F3548
[   5.575329] HW.Memory <Error> core\memory.cpp:Memory::MemorySystem::Write:528: unmapped Write8 0x00000000 @ 0x000009C6 at PC 0x010F3548
[   5.575329] HW.Memory <Error> core\memory.cpp:Memory::MemorySystem::Write:528: unmapped Write8 0x00000000 @ 0x000009C7 at PC 0x010F3548
[   5.575330] HW.Memory <Error> core\memory.cpp:Memory::MemorySystem::Write:528: unmapped Write8 0x00000000 @ 0x000009C8 at PC 0x010F3548
[   5.575331] HW.Memory <Error> core\memory.cpp:Memory::MemorySystem::Write:528: unmapped Write8 0x00000000 @ 0x000009C9 at PC 0x010F3548
[   5.575331] HW.Memory <Error> core\memory.cpp:Memory::MemorySystem::Write:528: unmapped Write8 0x00000000 @ 0x000009CA at PC 0x010F3548
[   5.575332] HW.Memory <Error> core\memory.cpp:Memory::MemorySystem::Write:528: unmapped Write8 0x00000000 @ 0x000009CB at PC 0x010F3548
[   5.575333] HW.Memory <Error> core\memory.cpp:Memory::MemorySystem::Write:528: unmapped Write8 0x00000000 @ 0x000009CC at PC 0x010F3548
[   5.575333] HW.Memory <Error> core\memory.cpp:Memory::MemorySystem::Write:528: unmapped Write8 0x00000000 @ 0x000009CD at PC 0x010F3548
[   5.575334] HW.Memory <Error> core\memory.cpp:Memory::MemorySystem::Write:528: unmapped Write8 0x00000000 @ 0x000009CE at PC 0x010F3548
[   5.575334] HW.Memory <Error> core\memory.cpp:Memory::MemorySystem::Write:528: unmapped Write8 0x00000000 @ 0x000009CF at PC 0x010F3548
[   5.575335] HW.Memory <Error> core\memory.cpp:Memory::MemorySystem::Write:528: unmapped Write8 0x00000000 @ 0x000009D0 at PC 0x010F3548
[   5.575335] HW.Memory <Error> core\memory.cpp:Memory::MemorySystem::Write:528: unmapped Write8 0x00000000 @ 0x000009D1 at PC 0x010F3548
[   5.575336] HW.Memory <Error> core\memory.cpp:Memory::MemorySystem::Write:528: unmapped Write8 0x00000000 @ 0x000009D2 at PC 0x010F3548
[   5.575336] HW.Memory <Error> core\memory.cpp:Memory::MemorySystem::Write:528: unmapped Write8 0x00000000 @ 0x000009D3 at PC 0x010F3548
[   5.575337] HW.Memory <Error> core\memory.cpp:Memory::MemorySystem::Write:528: unmapped Write8 0x00000000 @ 0x000009D4 at PC 0x010F3548
[   5.575338] HW.Memory <Error> core\memory.cpp:Memory::MemorySystem::Write:528: unmapped Write8 0x00000000 @ 0x000009D5 at PC 0x010F3548
[   5.575338] HW.Memory <Error> core\memory.cpp:Memory::MemorySystem::Write:528: unmapped Write8 0x00000000 @ 0x000009D6 at PC 0x010F3548
[   5.575339] HW.Memory <Error> core\memory.cpp:Memory::MemorySystem::Write:528: unmapped Write8 0x00000000 @ 0x000009D7 at PC 0x010F3548
[   5.575340] HW.Memory <Error> core\memory.cpp:Memory::MemorySystem::Write:528: unmapped Write8 0x00000000 @ 0x000009D8 at PC 0x010F3548
[   5.575340] HW.Memory <Error> core\memory.cpp:Memory::MemorySystem::Write:528: unmapped Write8 0x00000000 @ 0x000009D9 at PC 0x010F3548
[   5.575341] HW.Memory <Error> core\memory.cpp:Memory::MemorySystem::Write:528: unmapped Write8 0x00000000 @ 0x000009DA at PC 0x010F3548
[   5.575341] HW.Memory <Error> core\memory.cpp:Memory::MemorySystem::Write:528: unmapped Write8 0x00000000 @ 0x000009DB at PC 0x010F3548
[   5.575342] HW.Memory <Error> core\memory.cpp:Memory::MemorySystem::Write:528: unmapped Write8 0x00000000 @ 0x000009DC at PC 0x010F3548
[   5.575342] HW.Memory <Error> core\memory.cpp:Memory::MemorySystem::Write:528: unmapped Write8 0x00000000 @ 0x000009DD at PC 0x010F3548
[   5.575343] HW.Memory <Error> core\memory.cpp:Memory::MemorySystem::Write:528: unmapped Write8 0x00000000 @ 0x000009DE at PC 0x010F3548
[   5.575344] HW.Memory <Error> core\memory.cpp:Memory::MemorySystem::Write:528: unmapped Write8 0x00000000 @ 0x000009DF at PC 0x010F3548
[   5.575344] HW.Memory <Error> core\memory.cpp:Memory::MemorySystem::Write:528: unmapped Write8 0x00000000 @ 0x000009E0 at PC 0x010F3548
[   5.575345] HW.Memory <Error> core\memory.cpp:Memory::MemorySystem::Write:528: unmapped Write8 0x00000000 @ 0x000009E1 at PC 0x010F3548
[   5.575345] HW.Memory <Error> core\memory.cpp:Memory::MemorySystem::Write:528: unmapped Write8 0x00000000 @ 0x000009E2 at PC 0x010F3548
[   5.575346] HW.Memory <Error> core\memory.cpp:Memory::MemorySystem::Write:528: unmapped Write8 0x00000000 @ 0x000009E3 at PC 0x010F3548
[   5.575347] HW.Memory <Error> core\memory.cpp:Memory::MemorySystem::Write:528: unmapped Write8 0x00000000 @ 0x000009E4 at PC 0x010F3548
[   5.575347] HW.Memory <Error> core\memory.cpp:Memory::MemorySystem::Write:528: unmapped Write8 0x00000000 @ 0x000009E5 at PC 0x010F3548
[   5.575348] HW.Memory <Error> core\memory.cpp:Memory::MemorySystem::Write:528: unmapped Write8 0x00000000 @ 0x000009E6 at PC 0x010F3548
[   5.575348] HW.Memory <Error> core\memory.cpp:Memory::MemorySystem::Write:528: unmapped Write8 0x00000000 @ 0x000009E7 at PC 0x010F3548
[   5.575349] HW.Memory <Error> core\memory.cpp:Memory::MemorySystem::Write:528: unmapped Write8 0x00000000 @ 0x000009E8 at PC 0x010F3548
[   5.575349] HW.Memory <Error> core\memory.cpp:Memory::MemorySystem::Write:528: unmapped Write8 0x00000000 @ 0x000009E9 at PC 0x010F3548
[   5.575350] HW.Memory <Error> core\memory.cpp:Memory::MemorySystem::Write:528: unmapped Write8 0x00000000 @ 0x000009EA at PC 0x010F3548
[   5.575350] HW.Memory <Error> core\memory.cpp:Memory::MemorySystem::Write:528: unmapped Write8 0x00000000 @ 0x000009EB at PC 0x010F3548
[   5.575351] HW.Memory <Error> core\memory.cpp:Memory::MemorySystem::Write:528: unmapped Write8 0x00000000 @ 0x000009EC at PC 0x010F3548
[   5.575352] HW.Memory <Error> core\memory.cpp:Memory::MemorySystem::Write:528: unmapped Write8 0x00000000 @ 0x000009ED at PC 0x010F3548
[   5.575352] HW.Memory <Error> core\memory.cpp:Memory::MemorySystem::Write:528: unmapped Write8 0x00000000 @ 0x000009EE at PC 0x010F3548
[   5.575353] HW.Memory <Error> core\memory.cpp:Memory::MemorySystem::Write:528: unmapped Write8 0x00000000 @ 0x000009EF at PC 0x010F3548
[   5.575353] HW.Memory <Error> core\memory.cpp:Memory::MemorySystem::Write:528: unmapped Write8 0x00000000 @ 0x000009F0 at PC 0x010F3548
[   5.575354] HW.Memory <Error> core\memory.cpp:Memory::MemorySystem::Write:528: unmapped Write8 0x00000000 @ 0x000009F1 at PC 0x010F3548
[   5.575354] HW.Memory <Error> core\memory.cpp:Memory::MemorySystem::Write:528: unmapped Write8 0x00000000 @ 0x000009F2 at PC 0x010F3548
[   5.575355] HW.Memory <Error> core\memory.cpp:Memory::MemorySystem::Write:528: unmapped Write8 0x00000000 @ 0x000009F3 at PC 0x010F3548
[   5.575356] HW.Memory <Error> core\memory.cpp:Memory::MemorySystem::Write:528: unmapped Write8 0x00000000 @ 0x000009F4 at PC 0x010F3548
[   5.575356] HW.Memory <Error> core\memory.cpp:Memory::MemorySystem::Write:528: unmapped Write8 0x00000000 @ 0x000009F5 at PC 0x010F3548
[   5.575357] HW.Memory <Error> core\memory.cpp:Memory::MemorySystem::Write:528: unmapped Write8 0x00000000 @ 0x000009F6 at PC 0x010F3548
[   5.575359] HW.Memory <Error> core\memory.cpp:Memory::MemorySystem::Write:528: unmapped Write8 0x00000000 @ 0x000009F7 at PC 0x010F3548
[   5.575359] HW.Memory <Error> core\memory.cpp:Memory::MemorySystem::Write:528: unmapped Write8 0x00000000 @ 0x000009F8 at PC 0x010F3548
[   5.575360] HW.Memory <Error> core\memory.cpp:Memory::MemorySystem::Write:528: unmapped Write8 0x00000000 @ 0x000009F9 at PC 0x010F3548
[   5.575361] HW.Memory <Error> core\memory.cpp:Memory::MemorySystem::Write:528: unmapped Write8 0x00000000 @ 0x000009FA at PC 0x010F3548
[   5.575361] HW.Memory <Error> core\memory.cpp:Memory::MemorySystem::Write:528: unmapped Write8 0x00000000 @ 0x000009FB at PC 0x010F3548
[   5.575362] HW.Memory <Error> core\memory.cpp:Memory::MemorySystem::Write:528: unmapped Write8 0x00000000 @ 0x000009FC at PC 0x010F3548
[   5.575362] HW.Memory <Error> core\memory.cpp:Memory::MemorySystem::Write:528: unmapped Write8 0x00000000 @ 0x000009FD at PC 0x010F3548
[   5.575363] HW.Memory <Error> core\memory.cpp:Memory::MemorySystem::Write:528: unmapped Write8 0x00000000 @ 0x000009FE at PC 0x010F3548
[   5.575363] HW.Memory <Error> core\memory.cpp:Memory::MemorySystem::Write:528: unmapped Write8 0x00000000 @ 0x000009FF at PC 0x010F3548
[   5.575364] HW.Memory <Error> core\memory.cpp:Memory::MemorySystem::Write:528: unmapped Write8 0x00000000 @ 0x00000A00 at PC 0x010F3548
[   5.575364] HW.Memory <Error> core\memory.cpp:Memory::MemorySystem::Write:528: unmapped Write8 0x00000000 @ 0x00000A01 at PC 0x010F3548
[   5.575365] HW.Memory <Error> core\memory.cpp:Memory::MemorySystem::Write:528: unmapped Write8 0x00000000 @ 0x00000A02 at PC 0x010F3548
[   5.575365] HW.Memory <Error> core\memory.cpp:Memory::MemorySystem::Write:528: unmapped Write8 0x00000000 @ 0x00000A03 at PC 0x010F3548
[   5.575366] HW.Memory <Error> core\memory.cpp:Memory::MemorySystem::Write:528: unmapped Write8 0x00000000 @ 0x00000A04 at PC 0x010F3548
[   5.575367] HW.Memory <Error> core\memory.cpp:Memory::MemorySystem::Write:528: unmapped Write8 0x00000000 @ 0x00000A05 at PC 0x010F3548
[   5.575367] HW.Memory <Error> core\memory.cpp:Memory::MemorySystem::Write:528: unmapped Write8 0x00000000 @ 0x00000A06 at PC 0x010F3548
[   5.575368] HW.Memory <Error> core\memory.cpp:Memory::MemorySystem::Write:528: unmapped Write8 0x00000000 @ 0x00000A07 at PC 0x010F3548
[   5.575368] HW.Memory <Error> core\memory.cpp:Memory::MemorySystem::Write:528: unmapped Write8 0x00000000 @ 0x00000A08 at PC 0x010F3548
[   5.575369] HW.Memory <Error> core\memory.cpp:Memory::MemorySystem::Write:528: unmapped Write8 0x00000000 @ 0x00000A09 at PC 0x010F3548
[   5.575369] HW.Memory <Error> core\memory.cpp:Memory::MemorySystem::Write:528: unmapped Write8 0x00000000 @ 0x00000A0A at PC 0x010F3548
[   5.575370] HW.Memory <Error> core\memory.cpp:Memory::MemorySystem::Write:528: unmapped Write8 0x00000000 @ 0x00000A0B at PC 0x010F3548
[   5.575371] HW.Memory <Error> core\memory.cpp:Memory::MemorySystem::Write:528: unmapped Write8 0x00000000 @ 0x00000A0C at PC 0x010F3548
[   5.575371] HW.Memory <Error> core\memory.cpp:Memory::MemorySystem::Write:528: unmapped Write8 0x00000000 @ 0x00000A0D at PC 0x010F3548
[   5.575372] HW.Memory <Error> core\memory.cpp:Memory::MemorySystem::Write:528: unmapped Write8 0x00000000 @ 0x00000A0E at PC 0x010F3548
[   5.575372] HW.Memory <Error> core\memory.cpp:Memory::MemorySystem::Write:528: unmapped Write8 0x00000000 @ 0x00000A0F at PC 0x010F3548
[   5.575373] HW.Memory <Error> core\memory.cpp:Memory::MemorySystem::Write:528: unmapped Write8 0x00000000 @ 0x00000A10 at PC 0x010F3548
[   5.575373] HW.Memory <Error> core\memory.cpp:Memory::MemorySystem::Write:528: unmapped Write8 0x00000000 @ 0x00000A11 at PC 0x010F3548
[   5.575374] HW.Memory <Error> core\memory.cpp:Memory::MemorySystem::Write:528: unmapped Write8 0x00000000 @ 0x00000A12 at PC 0x010F3548
[   5.575375] HW.Memory <Error> core\memory.cpp:Memory::MemorySystem::Write:528: unmapped Write8 0x00000000 @ 0x00000A13 at PC 0x010F3548
[   5.575375] HW.Memory <Error> core\memory.cpp:Memory::MemorySystem::Write:528: unmapped Write8 0x00000000 @ 0x00000A14 at PC 0x010F3548
[   5.575376] HW.Memory <Error> core\memory.cpp:Memory::MemorySystem::Write:528: unmapped Write8 0x00000000 @ 0x00000A15 at PC 0x010F3548
[   5.575376] HW.Memory <Error> core\memory.cpp:Memory::MemorySystem::Write:528: unmapped Write8 0x00000000 @ 0x00000A16 at PC 0x010F3548
[   5.575377] HW.Memory <Error> core\memory.cpp:Memory::MemorySystem::Write:528: unmapped Write8 0x00000000 @ 0x00000A17 at PC 0x010F3548
[   5.575378] HW.Memory <Error> core\memory.cpp:Memory::MemorySystem::Write:528: unmapped Write8 0x00000000 @ 0x00000A18 at PC 0x010F3548
[   5.575378] HW.Memory <Error> core\memory.cpp:Memory::MemorySystem::Write:528: unmapped Write8 0x00000000 @ 0x00000A19 at PC 0x010F3548
[   5.575379] HW.Memory <Error> core\memory.cpp:Memory::MemorySystem::Write:528: unmapped Write8 0x00000000 @ 0x00000A1A at PC 0x010F3548
[   5.575379] HW.Memory <Error> core\memory.cpp:Memory::MemorySystem::Write:528: unmapped Write8 0x00000000 @ 0x00000A1B at PC 0x010F3548
[   5.575380] HW.Memory <Error> core\memory.cpp:Memory::MemorySystem::Write:528: unmapped Write8 0x00000000 @ 0x00000A1C at PC 0x010F3548
[   5.575380] HW.Memory <Error> core\memory.cpp:Memory::MemorySystem::Write:528: unmapped Write8 0x00000000 @ 0x00000A1D at PC 0x010F3548
[   5.575381] HW.Memory <Error> core\memory.cpp:Memory::MemorySystem::Write:528: unmapped Write8 0x00000000 @ 0x00000A1E at PC 0x010F3548
[   5.575382] HW.Memory <Error> core\memory.cpp:Memory::MemorySystem::Write:528: unmapped Write8 0x00000000 @ 0x00000A1F at PC 0x010F3548
[   5.575382] HW.Memory <Error> core\memory.cpp:Memory::MemorySystem::Write:528: unmapped Write8 0x00000000 @ 0x00000A20 at PC 0x010F3548
[   5.575383] HW.Memory <Error> core\memory.cpp:Memory::MemorySystem::Write:528: unmapped Write8 0x00000000 @ 0x00000A21 at PC 0x010F3548
[   5.575383] HW.Memory <Error> core\memory.cpp:Memory::MemorySystem::Write:528: unmapped Write8 0x00000000 @ 0x00000A22 at PC 0x010F3548
[   5.575384] HW.Memory <Error> core\memory.cpp:Memory::MemorySystem::Write:528: unmapped Write8 0x00000000 @ 0x00000A23 at PC 0x010F3548
[   5.575384] HW.Memory <Error> core\memory.cpp:Memory::MemorySystem::Write:528: unmapped Write8 0x00000000 @ 0x00000A24 at PC 0x010F3548
[   5.575385] HW.Memory <Error> core\memory.cpp:Memory::MemorySystem::Write:528: unmapped Write8 0x00000000 @ 0x00000A25 at PC 0x010F3548
[   5.575385] HW.Memory <Error> core\memory.cpp:Memory::MemorySystem::Write:528: unmapped Write8 0x00000000 @ 0x00000A26 at PC 0x010F3548
[   5.575386] HW.Memory <Error> core\memory.cpp:Memory::MemorySystem::Write:528: unmapped Write8 0x00000000 @ 0x00000A27 at PC 0x010F3548
[   5.575387] HW.Memory <Error> core\memory.cpp:Memory::MemorySystem::Write:528: unmapped Write8 0x00000000 @ 0x00000A28 at PC 0x010F3548
[   5.575387] HW.Memory <Error> core\memory.cpp:Memory::MemorySystem::Write:528: unmapped Write8 0x00000000 @ 0x00000A29 at PC 0x010F3548
[   5.575388] HW.Memory <Error> core\memory.cpp:Memory::MemorySystem::Write:528: unmapped Write8 0x00000000 @ 0x00000A2A at PC 0x010F3548
[   5.575388] HW.Memory <Error> core\memory.cpp:Memory::MemorySystem::Write:528: unmapped Write8 0x00000000 @ 0x00000A2B at PC 0x010F3548
[   5.575389] HW.Memory <Error> core\memory.cpp:Memory::MemorySystem::Write:528: unmapped Write8 0x00000000 @ 0x00000A2C at PC 0x010F3548
[   5.575389] HW.Memory <Error> core\memory.cpp:Memory::MemorySystem::Write:528: unmapped Write8 0x00000000 @ 0x00000A2D at PC 0x010F3548
[   5.575390] HW.Memory <Error> core\memory.cpp:Memory::MemorySystem::Write:528: unmapped Write8 0x00000000 @ 0x00000A2E at PC 0x010F3548
[   5.575390] HW.Memory <Error> core\memory.cpp:Memory::MemorySystem::Write:528: unmapped Write8 0x00000000 @ 0x00000A2F at PC 0x010F3548
[   5.575391] HW.Memory <Error> core\memory.cpp:Memory::MemorySystem::Write:528: unmapped Write8 0x00000000 @ 0x00000A30 at PC 0x010F3548
[   5.575391] HW.Memory <Error> core\memory.cpp:Memory::MemorySystem::Write:528: unmapped Write8 0x00000000 @ 0x00000A31 at PC 0x010F3548
[   5.575392] HW.Memory <Error> core\memory.cpp:Memory::MemorySystem::Write:528: unmapped Write8 0x00000000 @ 0x00000A32 at PC 0x010F3548
[   5.575392] HW.Memory <Error> core\memory.cpp:Memory::MemorySystem::Write:528: unmapped Write8 0x00000000 @ 0x00000A33 at PC 0x010F3548
[   5.575393] HW.Memory <Error> core\memory.cpp:Memory::MemorySystem::Write:528: unmapped Write8 0x00000000 @ 0x00000A34 at PC 0x010F3548
[   5.575393] HW.Memory <Error> core\memory.cpp:Memory::MemorySystem::Write:528: unmapped Write8 0x00000000 @ 0x00000A35 at PC 0x010F3548
[   5.575394] HW.Memory <Error> core\memory.cpp:Memory::MemorySystem::Write:528: unmapped Write8 0x00000000 @ 0x00000A36 at PC 0x010F3548
[   5.575394] HW.Memory <Error> core\memory.cpp:Memory::MemorySystem::Write:528: unmapped Write8 0x00000000 @ 0x00000A37 at PC 0x010F3548
[   5.575395] HW.Memory <Error> core\memory.cpp:Memory::MemorySystem::Write:528: unmapped Write8 0x00000000 @ 0x00000A38 at PC 0x010F3548
[   5.575395] HW.Memory <Error> core\memory.cpp:Memory::MemorySystem::Write:528: unmapped Write8 0x00000000 @ 0x00000A39 at PC 0x010F3548
[   5.575396] HW.Memory <Error> core\memory.cpp:Memory::MemorySystem::Write:528: unmapped Write8 0x00000000 @ 0x00000A3A at PC 0x010F3548
[   5.575396] HW.Memory <Error> core\memory.cpp:Memory::MemorySystem::Write:528: unmapped Write8 0x00000000 @ 0x00000A3B at PC 0x010F3548
[   5.575397] HW.Memory <Error> core\memory.cpp:Memory::MemorySystem::Write:528: unmapped Write8 0x00000000 @ 0x00000A3C at PC 0x010F3548
[   5.575398] HW.Memory <Error> core\memory.cpp:Memory::MemorySystem::Write:528: unmapped Write8 0x00000000 @ 0x00000A3D at PC 0x010F3548
[   5.575398] HW.Memory <Error> core\memory.cpp:Memory::MemorySystem::Write:528: unmapped Write8 0x00000000 @ 0x00000A3E at PC 0x010F3548
[   5.575399] HW.Memory <Error> core\memory.cpp:Memory::MemorySystem::Write:528: unmapped Write8 0x00000000 @ 0x00000A3F at PC 0x010F3548
[   5.575399] HW.Memory <Error> core\memory.cpp:Memory::MemorySystem::Write:528: unmapped Write8 0x00000000 @ 0x00000A40 at PC 0x010F3548
[   5.575400] HW.Memory <Error> core\memory.cpp:Memory::MemorySystem::Write:528: unmapped Write8 0x00000000 @ 0x00000A41 at PC 0x010F3548
[   5.575400] HW.Memory <Error> core\memory.cpp:Memory::MemorySystem::Write:528: unmapped Write8 0x00000000 @ 0x00000A42 at PC 0x010F3548
[   5.575401] HW.Memory <Error> core\memory.cpp:Memory::MemorySystem::Write:528: unmapped Write8 0x00000000 @ 0x00000A43 at PC 0x010F3548
[   5.575401] HW.Memory <Error> core\memory.cpp:Memory::MemorySystem::Write:528: unmapped Write8 0x00000000 @ 0x00000A44 at PC 0x010F3548
[   5.575402] HW.Memory <Error> core\memory.cpp:Memory::MemorySystem::Write:528: unmapped Write8 0x00000000 @ 0x00000A45 at PC 0x010F3548
[   5.575402] HW.Memory <Error> core\memory.cpp:Memory::MemorySystem::Write:528: unmapped Write8 0x00000000 @ 0x00000A46 at PC 0x010F3548
[   5.575403] HW.Memory <Error> core\memory.cpp:Memory::MemorySystem::Write:528: unmapped Write8 0x00000000 @ 0x00000A47 at PC 0x010F3548
[   5.575403] HW.Memory <Error> core\memory.cpp:Memory::MemorySystem::Write:528: unmapped Write8 0x00000000 @ 0x00000A48 at PC 0x010F3548
[   5.575404] HW.Memory <Error> core\memory.cpp:Memory::MemorySystem::Write:528: unmapped Write8 0x00000000 @ 0x00000A49 at PC 0x010F3548
[   5.575404] HW.Memory <Error> core\memory.cpp:Memory::MemorySystem::Write:528: unmapped Write8 0x00000000 @ 0x00000A4A at PC 0x010F3548
[   5.575405] HW.Memory <Error> core\memory.cpp:Memory::MemorySystem::Write:528: unmapped Write8 0x00000000 @ 0x00000A4B at PC 0x010F3548
[   5.575406] HW.Memory <Error> core\memory.cpp:Memory::MemorySystem::Write:528: unmapped Write8 0x00000000 @ 0x00000A4C at PC 0x010F3548
[   5.575455] HW.Memory <Error> core\memory.cpp:Memory::MemorySystem::Write:528: unmapped Write8 0x00000000 @ 0x00000A4D at PC 0x010F3548
[   5.575456] HW.Memory <Error> core\memory.cpp:Memory::MemorySystem::Write:528: unmapped Write8 0x00000000 @ 0x00000A4E at PC 0x010F3548
[   5.575456] HW.Memory <Error> core\memory.cpp:Memory::MemorySystem::Write:528: unmapped Write8 0x00000000 @ 0x00000A4F at PC 0x010F3548
[   5.575457] HW.Memory <Error> core\memory.cpp:Memory::MemorySystem::Write:528: unmapped Write8 0x00000000 @ 0x00000A50 at PC 0x010F3548
[   5.575457] HW.Memory <Error> core\memory.cpp:Memory::MemorySystem::Write:528: unmapped Write8 0x00000000 @ 0x00000A51 at PC 0x010F3548
[   5.575458] HW.Memory <Error> core\memory.cpp:Memory::MemorySystem::Write:528: unmapped Write8 0x00000000 @ 0x00000A52 at PC 0x010F3548
[   5.575458] HW.Memory <Error> core\memory.cpp:Memory::MemorySystem::Write:528: unmapped Write8 0x00000000 @ 0x00000A53 at PC 0x010F3548
[   5.575459] HW.Memory <Error> core\memory.cpp:Memory::MemorySystem::Write:528: unmapped Write8 0x00000000 @ 0x00000A54 at PC 0x010F3548
[   5.575459] HW.Memory <Error> core\memory.cpp:Memory::MemorySystem::Write:528: unmapped Write8 0x00000000 @ 0x00000A55 at PC 0x010F3548
[   5.575460] HW.Memory <Error> core\memory.cpp:Memory::MemorySystem::Write:528: unmapped Write8 0x00000000 @ 0x00000A56 at PC 0x010F3548
[   5.575460] HW.Memory <Error> core\memory.cpp:Memory::MemorySystem::Write:528: unmapped Write8 0x00000000 @ 0x00000A57 at PC 0x010F3548
[   5.575461] HW.Memory <Error> core\memory.cpp:Memory::MemorySystem::Write:528: unmapped Write8 0x00000000 @ 0x00000A58 at PC 0x010F3548
[   5.575461] HW.Memory <Error> core\memory.cpp:Memory::MemorySystem::Write:528: unmapped Write8 0x00000000 @ 0x00000A59 at PC 0x010F3548
[   5.575462] HW.Memory <Error> core\memory.cpp:Memory::MemorySystem::Write:528: unmapped Write8 0x00000000 @ 0x00000A5A at PC 0x010F3548
[   5.575463] HW.Memory <Error> core\memory.cpp:Memory::MemorySystem::Write:528: unmapped Write8 0x00000000 @ 0x00000A5B at PC 0x010F3548
[   5.575463] HW.Memory <Error> core\memory.cpp:Memory::MemorySystem::Write:528: unmapped Write8 0x00000000 @ 0x00000A5C at PC 0x010F3548
[   5.575464] HW.Memory <Error> core\memory.cpp:Memory::MemorySystem::Write:528: unmapped Write8 0x00000000 @ 0x00000A5D at PC 0x010F3548
[   5.575464] HW.Memory <Error> core\memory.cpp:Memory::MemorySystem::Write:528: unmapped Write8 0x00000000 @ 0x00000A5E at PC 0x010F3548
[   5.575465] HW.Memory <Error> core\memory.cpp:Memory::MemorySystem::Write:528: unmapped Write8 0x00000000 @ 0x00000A5F at PC 0x010F3548
[   5.575465] HW.Memory <Error> core\memory.cpp:Memory::MemorySystem::Write:528: unmapped Write8 0x00000000 @ 0x00000A60 at PC 0x010F3548
[   5.575466] HW.Memory <Error> core\memory.cpp:Memory::MemorySystem::Write:528: unmapped Write8 0x00000000 @ 0x00000A61 at PC 0x010F3548
[   5.575466] HW.Memory <Error> core\memory.cpp:Memory::MemorySystem::Write:528: unmapped Write8 0x00000000 @ 0x00000A62 at PC 0x010F3548
[   5.575467] HW.Memory <Error> core\memory.cpp:Memory::MemorySystem::Write:528: unmapped Write8 0x00000000 @ 0x00000A63 at PC 0x010F3548
[   5.575467] HW.Memory <Error> core\memory.cpp:Memory::MemorySystem::Write:528: unmapped Write8 0x00000000 @ 0x00000A64 at PC 0x010F3548
[   5.575468] HW.Memory <Error> core\memory.cpp:Memory::MemorySystem::Write:528: unmapped Write8 0x00000000 @ 0x00000A65 at PC 0x010F3548
[   5.575468] HW.Memory <Error> core\memory.cpp:Memory::MemorySystem::Write:528: unmapped Write8 0x00000000 @ 0x00000A66 at PC 0x010F3548
[   5.575469] HW.Memory <Error> core\memory.cpp:Memory::MemorySystem::Write:528: unmapped Write8 0x00000000 @ 0x00000A67 at PC 0x010F3548
[   5.575469] HW.Memory <Error> core\memory.cpp:Memory::MemorySystem::Write:528: unmapped Write8 0x00000000 @ 0x00000A68 at PC 0x010F3548
[   5.575470] HW.Memory <Error> core\memory.cpp:Memory::MemorySystem::Write:528: unmapped Write8 0x00000000 @ 0x00000A69 at PC 0x010F3548
[   5.575470] HW.Memory <Error> core\memory.cpp:Memory::MemorySystem::Write:528: unmapped Write8 0x00000000 @ 0x00000A6A at PC 0x010F3548
[   5.575471] HW.Memory <Error> core\memory.cpp:Memory::MemorySystem::Write:528: unmapped Write8 0x00000000 @ 0x00000A6B at PC 0x010F3548
[   5.575471] HW.Memory <Error> core\memory.cpp:Memory::MemorySystem::Write:528: unmapped Write8 0x00000000 @ 0x00000A6C at PC 0x010F3548
[   5.575472] HW.Memory <Error> core\memory.cpp:Memory::MemorySystem::Write:528: unmapped Write8 0x00000000 @ 0x00000A6D at PC 0x010F3548
[   5.575472] HW.Memory <Error> core\memory.cpp:Memory::MemorySystem::Write:528: unmapped Write8 0x00000000 @ 0x00000A6E at PC 0x010F3548
[   5.575473] HW.Memory <Error> core\memory.cpp:Memory::MemorySystem::Write:528: unmapped Write8 0x00000000 @ 0x00000A6F at PC 0x010F3548
[   5.575473] HW.Memory <Error> core\memory.cpp:Memory::MemorySystem::Write:528: unmapped Write8 0x00000000 @ 0x00000A70 at PC 0x010F3548
[   5.575474] HW.Memory <Error> core\memory.cpp:Memory::MemorySystem::Write:528: unmapped Write8 0x00000000 @ 0x00000A71 at PC 0x010F3548
[   5.575474] HW.Memory <Error> core\memory.cpp:Memory::MemorySystem::Write:528: unmapped Write8 0x00000000 @ 0x00000A72 at PC 0x010F3548
[   5.575475] HW.Memory <Error> core\memory.cpp:Memory::MemorySystem::Write:528: unmapped Write8 0x00000000 @ 0x00000A73 at PC 0x010F3548
[   5.575475] HW.Memory <Error> core\memory.cpp:Memory::MemorySystem::Write:528: unmapped Write8 0x00000000 @ 0x00000A74 at PC 0x010F3548
[   5.575476] HW.Memory <Error> core\memory.cpp:Memory::MemorySystem::Write:528: unmapped Write8 0x00000000 @ 0x00000A75 at PC 0x010F3548
[   5.575476] HW.Memory <Error> core\memory.cpp:Memory::MemorySystem::Write:528: unmapped Write8 0x00000000 @ 0x00000A76 at PC 0x010F3548
[   5.575477] HW.Memory <Error> core\memory.cpp:Memory::MemorySystem::Write:528: unmapped Write8 0x00000000 @ 0x00000A77 at PC 0x010F3548
[   5.575477] HW.Memory <Error> core\memory.cpp:Memory::MemorySystem::Write:528: unmapped Write8 0x00000000 @ 0x00000A78 at PC 0x010F3548
[   5.575478] HW.Memory <Error> core\memory.cpp:Memory::MemorySystem::Write:528: unmapped Write8 0x00000000 @ 0x00000A79 at PC 0x010F3548
[   5.575478] HW.Memory <Error> core\memory.cpp:Memory::MemorySystem::Write:528: unmapped Write8 0x00000000 @ 0x00000A7A at PC 0x010F3548
[   5.575479] HW.Memory <Error> core\memory.cpp:Memory::MemorySystem::Write:528: unmapped Write8 0x00000000 @ 0x00000A7B at PC 0x010F3548
[   5.575479] HW.Memory <Error> core\memory.cpp:Memory::MemorySystem::Write:528: unmapped Write8 0x00000000 @ 0x00000A7C at PC 0x010F3548
[   5.575480] HW.Memory <Error> core\memory.cpp:Memory::MemorySystem::Write:528: unmapped Write8 0x00000000 @ 0x00000A7D at PC 0x010F3548
[   5.575480] HW.Memory <Error> core\memory.cpp:Memory::MemorySystem::Write:528: unmapped Write8 0x00000000 @ 0x00000A7E at PC 0x010F3548
[   5.575481] HW.Memory <Error> core\memory.cpp:Memory::MemorySystem::Write:528: unmapped Write8 0x00000000 @ 0x00000A7F at PC 0x010F3548
[   5.575481] HW.Memory <Error> core\memory.cpp:Memory::MemorySystem::Write:528: unmapped Write8 0x00000000 @ 0x00000A80 at PC 0x010F3548
[   5.575482] HW.Memory <Error> core\memory.cpp:Memory::MemorySystem::Write:528: unmapped Write8 0x00000000 @ 0x00000A81 at PC 0x010F3548
[   5.575482] HW.Memory <Error> core\memory.cpp:Memory::MemorySystem::Write:528: unmapped Write8 0x00000000 @ 0x00000A82 at PC 0x010F3548
[   5.575483] HW.Memory <Error> core\memory.cpp:Memory::MemorySystem::Write:528: unmapped Write8 0x00000000 @ 0x00000A83 at PC 0x010F3548
[   5.575483] HW.Memory <Error> core\memory.cpp:Memory::MemorySystem::Write:528: unmapped Write8 0x00000000 @ 0x00000A84 at PC 0x010F3548
[   5.575484] HW.Memory <Error> core\memory.cpp:Memory::MemorySystem::Write:528: unmapped Write8 0x00000000 @ 0x00000A85 at PC 0x010F3548
[   5.575484] HW.Memory <Error> core\memory.cpp:Memory::MemorySystem::Write:528: unmapped Write8 0x00000000 @ 0x00000A86 at PC 0x010F3548
[   5.575485] HW.Memory <Error> core\memory.cpp:Memory::MemorySystem::Write:528: unmapped Write8 0x00000000 @ 0x00000A87 at PC 0x010F3548
[   5.575485] HW.Memory <Error> core\memory.cpp:Memory::MemorySystem::Write:528: unmapped Write8 0x00000000 @ 0x00000A88 at PC 0x010F3548
[   5.575486] HW.Memory <Error> core\memory.cpp:Memory::MemorySystem::Write:528: unmapped Write8 0x00000000 @ 0x00000A89 at PC 0x010F3548
[   5.575486] HW.Memory <Error> core\memory.cpp:Memory::MemorySystem::Write:528: unmapped Write8 0x00000000 @ 0x00000A8A at PC 0x010F3548
[   5.575487] HW.Memory <Error> core\memory.cpp:Memory::MemorySystem::Write:528: unmapped Write8 0x00000000 @ 0x00000A8B at PC 0x010F3548
[   5.575487] HW.Memory <Error> core\memory.cpp:Memory::MemorySystem::Write:528: unmapped Write8 0x00000000 @ 0x00000A8C at PC 0x010F3548
[   5.575488] HW.Memory <Error> core\memory.cpp:Memory::MemorySystem::Write:528: unmapped Write8 0x00000000 @ 0x00000A8D at PC 0x010F3548
[   5.575488] HW.Memory <Error> core\memory.cpp:Memory::MemorySystem::Write:528: unmapped Write8 0x00000000 @ 0x00000A8E at PC 0x010F3548
[   5.575489] HW.Memory <Error> core\memory.cpp:Memory::MemorySystem::Write:528: unmapped Write8 0x00000000 @ 0x00000A8F at PC 0x010F3548
[   5.575489] HW.Memory <Error> core\memory.cpp:Memory::MemorySystem::Write:528: unmapped Write8 0x00000000 @ 0x00000A90 at PC 0x010F3548
[   5.575490] HW.Memory <Error> core\memory.cpp:Memory::MemorySystem::Write:528: unmapped Write8 0x00000000 @ 0x00000A91 at PC 0x010F3548
[   5.575490] HW.Memory <Error> core\memory.cpp:Memory::MemorySystem::Write:528: unmapped Write8 0x00000000 @ 0x00000A92 at PC 0x010F3548
[   5.575491] HW.Memory <Error> core\memory.cpp:Memory::MemorySystem::Write:528: unmapped Write8 0x00000000 @ 0x00000A93 at PC 0x010F3548
[   5.575491] HW.Memory <Error> core\memory.cpp:Memory::MemorySystem::Write:528: unmapped Write8 0x00000000 @ 0x00000A94 at PC 0x010F3548
[   5.575492] HW.Memory <Error> core\memory.cpp:Memory::MemorySystem::Write:528: unmapped Write8 0x00000000 @ 0x00000A95 at PC 0x010F3548
[   5.575492] HW.Memory <Error> core\memory.cpp:Memory::MemorySystem::Write:528: unmapped Write8 0x00000000 @ 0x00000A96 at PC 0x010F3548
[   5.575493] HW.Memory <Error> core\memory.cpp:Memory::MemorySystem::Write:528: unmapped Write8 0x00000000 @ 0x00000A97 at PC 0x010F3548
[   5.575493] HW.Memory <Error> core\memory.cpp:Memory::MemorySystem::Write:528: unmapped Write8 0x00000000 @ 0x00000A98 at PC 0x010F3548
[   5.575494] HW.Memory <Error> core\memory.cpp:Memory::MemorySystem::Write:528: unmapped Write8 0x00000000 @ 0x00000A99 at PC 0x010F3548
[   5.575494] HW.Memory <Error> core\memory.cpp:Memory::MemorySystem::Write:528: unmapped Write8 0x00000000 @ 0x00000A9A at PC 0x010F3548
[   5.575495] HW.Memory <Error> core\memory.cpp:Memory::MemorySystem::Write:528: unmapped Write8 0x00000000 @ 0x00000A9B at PC 0x010F3548
[   5.575495] HW.Memory <Error> core\memory.cpp:Memory::MemorySystem::Write:528: unmapped Write8 0x00000000 @ 0x00000A9C at PC 0x010F3548
[   5.575496] HW.Memory <Error> core\memory.cpp:Memory::MemorySystem::Write:528: unmapped Write8 0x00000000 @ 0x00000A9D at PC 0x010F3548
[   5.575496] HW.Memory <Error> core\memory.cpp:Memory::MemorySystem::Write:528: unmapped Write8 0x00000000 @ 0x00000A9E at PC 0x010F3548
[   5.575497] HW.Memory <Error> core\memory.cpp:Memory::MemorySystem::Write:528: unmapped Write8 0x00000000 @ 0x00000A9F at PC 0x010F3548
[   5.575497] HW.Memory <Error> core\memory.cpp:Memory::MemorySystem::Write:528: unmapped Write8 0x00000000 @ 0x00000AA0 at PC 0x010F3548
[   5.575498] HW.Memory <Error> core\memory.cpp:Memory::MemorySystem::Write:528: unmapped Write8 0x00000000 @ 0x00000AA1 at PC 0x010F3548
[   5.575500] HW.Memory <Error> core\memory.cpp:Memory::MemorySystem::Write:528: unmapped Write8 0x00000000 @ 0x00000AA2 at PC 0x010F3548
[   5.575501] HW.Memory <Error> core\memory.cpp:Memory::MemorySystem::Write:528: unmapped Write8 0x00000000 @ 0x00000AA3 at PC 0x010F3548
[   5.575502] HW.Memory <Error> core\memory.cpp:Memory::MemorySystem::Write:528: unmapped Write8 0x00000000 @ 0x00000AA4 at PC 0x010F3548
[   5.575502] HW.Memory <Error> core\memory.cpp:Memory::MemorySystem::Write:528: unmapped Write8 0x00000000 @ 0x00000AA5 at PC 0x010F3548
[   5.575503] HW.Memory <Error> core\memory.cpp:Memory::MemorySystem::Write:528: unmapped Write8 0x00000000 @ 0x00000AA6 at PC 0x010F3548
[   5.575503] HW.Memory <Error> core\memory.cpp:Memory::MemorySystem::Write:528: unmapped Write8 0x00000000 @ 0x00000AA7 at PC 0x010F3548
[   5.575504] HW.Memory <Error> core\memory.cpp:Memory::MemorySystem::Write:528: unmapped Write8 0x00000000 @ 0x00000AA8 at PC 0x010F3548
[   5.575504] HW.Memory <Error> core\memory.cpp:Memory::MemorySystem::Write:528: unmapped Write8 0x00000000 @ 0x00000AA9 at PC 0x010F3548
[   5.575505] HW.Memory <Error> core\memory.cpp:Memory::MemorySystem::Write:528: unmapped Write8 0x00000000 @ 0x00000AAA at PC 0x010F3548
[   5.575505] HW.Memory <Error> core\memory.cpp:Memory::MemorySystem::Write:528: unmapped Write8 0x00000000 @ 0x00000AAB at PC 0x010F3548
[   5.575506] HW.Memory <Error> core\memory.cpp:Memory::MemorySystem::Write:528: unmapped Write8 0x00000000 @ 0x00000AAC at PC 0x010F3548
[   5.575506] HW.Memory <Error> core\memory.cpp:Memory::MemorySystem::Write:528: unmapped Write8 0x00000000 @ 0x00000AAD at PC 0x010F3548
[   5.575507] HW.Memory <Error> core\memory.cpp:Memory::MemorySystem::Write:528: unmapped Write8 0x00000000 @ 0x00000AAE at PC 0x010F3548
[   5.575507] HW.Memory <Error> core\memory.cpp:Memory::MemorySystem::Write:528: unmapped Write8 0x00000000 @ 0x00000AAF at PC 0x010F3548
[   5.575508] HW.Memory <Error> core\memory.cpp:Memory::MemorySystem::Write:528: unmapped Write8 0x00000000 @ 0x00000AB0 at PC 0x010F3548
[   5.575508] HW.Memory <Error> core\memory.cpp:Memory::MemorySystem::Write:528: unmapped Write8 0x00000000 @ 0x00000AB1 at PC 0x010F3548
[   5.575509] HW.Memory <Error> core\memory.cpp:Memory::MemorySystem::Write:528: unmapped Write8 0x00000000 @ 0x00000AB2 at PC 0x010F3548
[   5.575509] HW.Memory <Error> core\memory.cpp:Memory::MemorySystem::Write:528: unmapped Write8 0x00000000 @ 0x00000AB3 at PC 0x010F3548
[   5.575510] HW.Memory <Error> core\memory.cpp:Memory::MemorySystem::Write:528: unmapped Write8 0x00000000 @ 0x00000AB4 at PC 0x010F3548
[   5.575510] HW.Memory <Error> core\memory.cpp:Memory::MemorySystem::Write:528: unmapped Write8 0x00000000 @ 0x00000AB5 at PC 0x010F3548
[   5.575511] HW.Memory <Error> core\memory.cpp:Memory::MemorySystem::Write:528: unmapped Write8 0x00000000 @ 0x00000AB6 at PC 0x010F3548
[   5.575511] HW.Memory <Error> core\memory.cpp:Memory::MemorySystem::Write:528: unmapped Write8 0x00000000 @ 0x00000AB7 at PC 0x010F3548
[   5.575512] HW.Memory <Error> core\memory.cpp:Memory::MemorySystem::Write:528: unmapped Write8 0x00000000 @ 0x00000AB8 at PC 0x010F3548
[   5.575513] HW.Memory <Error> core\memory.cpp:Memory::MemorySystem::Write:528: unmapped Write8 0x00000000 @ 0x00000AB9 at PC 0x010F3548
[   5.575513] HW.Memory <Error> core\memory.cpp:Memory::MemorySystem::Write:528: unmapped Write8 0x00000000 @ 0x00000ABA at PC 0x010F3548
[   5.575514] HW.Memory <Error> core\memory.cpp:Memory::MemorySystem::Write:528: unmapped Write8 0x00000000 @ 0x00000ABB at PC 0x010F3548
[   5.575514] HW.Memory <Error> core\memory.cpp:Memory::MemorySystem::Write:528: unmapped Write8 0x00000000 @ 0x00000ABC at PC 0x010F3548
[   5.575515] HW.Memory <Error> core\memory.cpp:Memory::MemorySystem::Write:528: unmapped Write8 0x00000000 @ 0x00000ABD at PC 0x010F3548
[   5.575515] HW.Memory <Error> core\memory.cpp:Memory::MemorySystem::Write:528: unmapped Write8 0x00000000 @ 0x00000ABE at PC 0x010F3548
[   5.575516] HW.Memory <Error> core\memory.cpp:Memory::MemorySystem::Write:528: unmapped Write8 0x00000000 @ 0x00000ABF at PC 0x010F3548
[   5.575516] HW.Memory <Error> core\memory.cpp:Memory::MemorySystem::Write:528: unmapped Write8 0x00000000 @ 0x00000AC0 at PC 0x010F3548
[   5.575517] HW.Memory <Error> core\memory.cpp:Memory::MemorySystem::Write:528: unmapped Write8 0x00000000 @ 0x00000AC1 at PC 0x010F3548
[   5.575517] HW.Memory <Error> core\memory.cpp:Memory::MemorySystem::Write:528: unmapped Write8 0x00000000 @ 0x00000AC2 at PC 0x010F3548
[   5.575518] HW.Memory <Error> core\memory.cpp:Memory::MemorySystem::Write:528: unmapped Write8 0x00000000 @ 0x00000AC3 at PC 0x010F3548
[   5.575518] HW.Memory <Error> core\memory.cpp:Memory::MemorySystem::Write:528: unmapped Write8 0x00000000 @ 0x00000AC4 at PC 0x010F3548
[   5.575519] HW.Memory <Error> core\memory.cpp:Memory::MemorySystem::Write:528: unmapped Write8 0x00000000 @ 0x00000AC5 at PC 0x010F3548
[   5.575519] HW.Memory <Error> core\memory.cpp:Memory::MemorySystem::Write:528: unmapped Write8 0x00000000 @ 0x00000AC6 at PC 0x010F3548
[   5.575520] HW.Memory <Error> core\memory.cpp:Memory::MemorySystem::Write:528: unmapped Write8 0x00000000 @ 0x00000AC7 at PC 0x010F3548
[   5.575520] HW.Memory <Error> core\memory.cpp:Memory::MemorySystem::Write:528: unmapped Write8 0x00000000 @ 0x00000AC8 at PC 0x010F3548
[   5.575521] HW.Memory <Error> core\memory.cpp:Memory::MemorySystem::Write:528: unmapped Write8 0x00000000 @ 0x00000AC9 at PC 0x010F3548
[   5.575521] HW.Memory <Error> core\memory.cpp:Memory::MemorySystem::Write:528: unmapped Write8 0x00000000 @ 0x00000ACA at PC 0x010F3548
[   5.575522] HW.Memory <Error> core\memory.cpp:Memory::MemorySystem::Write:528: unmapped Write8 0x00000000 @ 0x00000ACB at PC 0x010F3548
[   5.575522] HW.Memory <Error> core\memory.cpp:Memory::MemorySystem::Write:528: unmapped Write8 0x00000000 @ 0x00000ACC at PC 0x010F3548
[   5.575523] HW.Memory <Error> core\memory.cpp:Memory::MemorySystem::Write:528: unmapped Write8 0x00000000 @ 0x00000ACD at PC 0x010F3548
[   5.575523] HW.Memory <Error> core\memory.cpp:Memory::MemorySystem::Write:528: unmapped Write8 0x00000000 @ 0x00000ACE at PC 0x010F3548
[   5.575524] HW.Memory <Error> core\memory.cpp:Memory::MemorySystem::Write:528: unmapped Write8 0x00000000 @ 0x00000ACF at PC 0x010F3548
[   5.575524] HW.Memory <Error> core\memory.cpp:Memory::MemorySystem::Write:528: unmapped Write8 0x00000000 @ 0x00000AD0 at PC 0x010F3548
[   5.575525] HW.Memory <Error> core\memory.cpp:Memory::MemorySystem::Write:528: unmapped Write8 0x00000000 @ 0x00000AD1 at PC 0x010F3548
[   5.575525] HW.Memory <Error> core\memory.cpp:Memory::MemorySystem::Write:528: unmapped Write8 0x00000000 @ 0x00000AD2 at PC 0x010F3548
[   5.575526] HW.Memory <Error> core\memory.cpp:Memory::MemorySystem::Write:528: unmapped Write8 0x00000000 @ 0x00000AD3 at PC 0x010F3548
[   5.575526] HW.Memory <Error> core\memory.cpp:Memory::MemorySystem::Write:528: unmapped Write8 0x00000000 @ 0x00000AD4 at PC 0x010F3548
[   5.575527] HW.Memory <Error> core\memory.cpp:Memory::MemorySystem::Write:528: unmapped Write8 0x00000000 @ 0x00000AD5 at PC 0x010F3548
[   5.575527] HW.Memory <Error> core\memory.cpp:Memory::MemorySystem::Write:528: unmapped Write8 0x00000000 @ 0x00000AD6 at PC 0x010F3548
[   5.575528] HW.Memory <Error> core\memory.cpp:Memory::MemorySystem::Write:528: unmapped Write8 0x00000000 @ 0x00000AD7 at PC 0x010F3548
[   5.575528] HW.Memory <Error> core\memory.cpp:Memory::MemorySystem::Write:528: unmapped Write8 0x00000000 @ 0x00000AD8 at PC 0x010F3548
[   5.575529] HW.Memory <Error> core\memory.cpp:Memory::MemorySystem::Write:528: unmapped Write8 0x00000000 @ 0x00000AD9 at PC 0x010F3548
[   5.575530] HW.Memory <Error> core\memory.cpp:Memory::MemorySystem::Write:528: unmapped Write8 0x00000000 @ 0x00000ADA at PC 0x010F3548
[   5.575530] HW.Memory <Error> core\memory.cpp:Memory::MemorySystem::Write:528: unmapped Write8 0x00000000 @ 0x00000ADB at PC 0x010F3548
[   5.575531] HW.Memory <Error> core\memory.cpp:Memory::MemorySystem::Write:528: unmapped Write8 0x00000000 @ 0x00000ADC at PC 0x010F3548
[   5.575531] HW.Memory <Error> core\memory.cpp:Memory::MemorySystem::Write:528: unmapped Write8 0x00000000 @ 0x00000ADD at PC 0x010F3548
[   5.575532] HW.Memory <Error> core\memory.cpp:Memory::MemorySystem::Write:528: unmapped Write8 0x00000000 @ 0x00000ADE at PC 0x010F3548
[   5.575532] HW.Memory <Error> core\memory.cpp:Memory::MemorySystem::Write:528: unmapped Write8 0x00000000 @ 0x00000ADF at PC 0x010F3548
[   5.575533] HW.Memory <Error> core\memory.cpp:Memory::MemorySystem::Write:528: unmapped Write8 0x00000000 @ 0x00000AE0 at PC 0x010F3548
[   5.575533] HW.Memory <Error> core\memory.cpp:Memory::MemorySystem::Write:528: unmapped Write8 0x00000000 @ 0x00000AE1 at PC 0x010F3548
[   5.575534] HW.Memory <Error> core\memory.cpp:Memory::MemorySystem::Write:528: unmapped Write8 0x00000000 @ 0x00000AE2 at PC 0x010F3548
[   5.575534] HW.Memory <Error> core\memory.cpp:Memory::MemorySystem::Write:528: unmapped Write8 0x00000000 @ 0x00000AE3 at PC 0x010F3548
[   5.575535] HW.Memory <Error> core\memory.cpp:Memory::MemorySystem::Write:528: unmapped Write8 0x00000000 @ 0x00000AE4 at PC 0x010F3548
[   5.575535] HW.Memory <Error> core\memory.cpp:Memory::MemorySystem::Write:528: unmapped Write8 0x00000000 @ 0x00000AE5 at PC 0x010F3548
[   5.575536] HW.Memory <Error> core\memory.cpp:Memory::MemorySystem::Write:528: unmapped Write8 0x00000000 @ 0x00000AE6 at PC 0x010F3548
[   5.575536] HW.Memory <Error> core\memory.cpp:Memory::MemorySystem::Write:528: unmapped Write8 0x00000000 @ 0x00000AE7 at PC 0x010F3548
[   5.575537] HW.Memory <Error> core\memory.cpp:Memory::MemorySystem::Write:528: unmapped Write8 0x00000000 @ 0x00000AE8 at PC 0x010F3548
[   5.575537] HW.Memory <Error> core\memory.cpp:Memory::MemorySystem::Write:528: unmapped Write8 0x00000000 @ 0x00000AE9 at PC 0x010F3548
[   5.575538] HW.Memory <Error> core\memory.cpp:Memory::MemorySystem::Write:528: unmapped Write8 0x00000000 @ 0x00000AEA at PC 0x010F3548
[   5.575538] HW.Memory <Error> core\memory.cpp:Memory::MemorySystem::Write:528: unmapped Write8 0x00000000 @ 0x00000AEB at PC 0x010F3548
[   5.575539] HW.Memory <Error> core\memory.cpp:Memory::MemorySystem::Write:528: unmapped Write8 0x00000000 @ 0x00000AEC at PC 0x010F3548
[   5.575539] HW.Memory <Error> core\memory.cpp:Memory::MemorySystem::Write:528: unmapped Write8 0x00000000 @ 0x00000AED at PC 0x010F3548
[   5.575540] HW.Memory <Error> core\memory.cpp:Memory::MemorySystem::Write:528: unmapped Write8 0x00000000 @ 0x00000AEE at PC 0x010F3548
[   5.575540] HW.Memory <Error> core\memory.cpp:Memory::MemorySystem::Write:528: unmapped Write8 0x00000000 @ 0x00000AEF at PC 0x010F3548
[   5.575541] HW.Memory <Error> core\memory.cpp:Memory::MemorySystem::Write:528: unmapped Write8 0x00000000 @ 0x00000AF0 at PC 0x010F3548
[   5.575541] HW.Memory <Error> core\memory.cpp:Memory::MemorySystem::Write:528: unmapped Write8 0x00000000 @ 0x00000AF1 at PC 0x010F3548
[   5.575542] HW.Memory <Error> core\memory.cpp:Memory::MemorySystem::Write:528: unmapped Write8 0x00000000 @ 0x00000AF2 at PC 0x010F3548
[   5.575542] HW.Memory <Error> core\memory.cpp:Memory::MemorySystem::Write:528: unmapped Write8 0x00000000 @ 0x00000AF3 at PC 0x010F3548
[   5.575543] HW.Memory <Error> core\memory.cpp:Memory::MemorySystem::Write:528: unmapped Write8 0x00000000 @ 0x00000AF4 at PC 0x010F3548
[   5.575543] HW.Memory <Error> core\memory.cpp:Memory::MemorySystem::Write:528: unmapped Write8 0x00000000 @ 0x00000AF5 at PC 0x010F3548
[   5.575544] HW.Memory <Error> core\memory.cpp:Memory::MemorySystem::Write:528: unmapped Write8 0x00000000 @ 0x00000AF6 at PC 0x010F3548
[   5.575544] HW.Memory <Error> core\memory.cpp:Memory::MemorySystem::Write:528: unmapped Write8 0x00000000 @ 0x00000AF7 at PC 0x010F3548
[   5.575545] HW.Memory <Error> core\memory.cpp:Memory::MemorySystem::Write:528: unmapped Write8 0x00000000 @ 0x00000AF8 at PC 0x010F3548
[   5.575545] HW.Memory <Error> core\memory.cpp:Memory::MemorySystem::Write:528: unmapped Write8 0x00000000 @ 0x00000AF9 at PC 0x010F3548
[   5.575546] HW.Memory <Error> core\memory.cpp:Memory::MemorySystem::Write:528: unmapped Write8 0x00000000 @ 0x00000AFA at PC 0x010F3548
[   5.575546] HW.Memory <Error> core\memory.cpp:Memory::MemorySystem::Write:528: unmapped Write8 0x00000000 @ 0x00000AFB at PC 0x010F3548
[   5.575547] HW.Memory <Error> core\memory.cpp:Memory::MemorySystem::Write:528: unmapped Write8 0x00000000 @ 0x00000AFC at PC 0x010F3548
[   5.575547] HW.Memory <Error> core\memory.cpp:Memory::MemorySystem::Write:528: unmapped Write8 0x00000000 @ 0x00000AFD at PC 0x010F3548
[   5.575548] HW.Memory <Error> core\memory.cpp:Memory::MemorySystem::Write:528: unmapped Write8 0x00000000 @ 0x00000AFE at PC 0x010F3548
[   5.575548] HW.Memory <Error> core\memory.cpp:Memory::MemorySystem::Write:528: unmapped Write8 0x00000000 @ 0x00000AFF at PC 0x010F3548
[   5.575549] HW.Memory <Error> core\memory.cpp:Memory::MemorySystem::Write:528: unmapped Write8 0x00000000 @ 0x00000B00 at PC 0x010F3548
[   5.575549] HW.Memory <Error> core\memory.cpp:Memory::MemorySystem::Write:528: unmapped Write8 0x00000000 @ 0x00000B01 at PC 0x010F3548
[   5.575550] HW.Memory <Error> core\memory.cpp:Memory::MemorySystem::Write:528: unmapped Write8 0x00000000 @ 0x00000B02 at PC 0x010F3548
[   5.575550] HW.Memory <Error> core\memory.cpp:Memory::MemorySystem::Write:528: unmapped Write8 0x00000000 @ 0x00000B03 at PC 0x010F3548
[   5.575551] HW.Memory <Error> core\memory.cpp:Memory::MemorySystem::Write:528: unmapped Write8 0x00000000 @ 0x00000B04 at PC 0x010F3548
[   5.575551] HW.Memory <Error> core\memory.cpp:Memory::MemorySystem::Write:528: unmapped Write8 0x00000000 @ 0x00000B05 at PC 0x010F3548
[   5.575552] HW.Memory <Error> core\memory.cpp:Memory::MemorySystem::Write:528: unmapped Write8 0x00000000 @ 0x00000B06 at PC 0x010F3548
[   5.575552] HW.Memory <Error> core\memory.cpp:Memory::MemorySystem::Write:528: unmapped Write8 0x00000000 @ 0x00000B07 at PC 0x010F3548
[   5.575553] HW.Memory <Error> core\memory.cpp:Memory::MemorySystem::Write:528: unmapped Write8 0x00000000 @ 0x00000B08 at PC 0x010F3548
[   5.575553] HW.Memory <Error> core\memory.cpp:Memory::MemorySystem::Write:528: unmapped Write8 0x00000000 @ 0x00000B09 at PC 0x010F3548
[   5.575554] HW.Memory <Error> core\memory.cpp:Memory::MemorySystem::Write:528: unmapped Write8 0x00000000 @ 0x00000B0A at PC 0x010F3548
[   5.575554] HW.Memory <Error> core\memory.cpp:Memory::MemorySystem::Write:528: unmapped Write8 0x00000000 @ 0x00000B0B at PC 0x010F3548
[   5.575555] HW.Memory <Error> core\memory.cpp:Memory::MemorySystem::Write:528: unmapped Write8 0x00000000 @ 0x00000B0C at PC 0x010F3548
[   5.575555] HW.Memory <Error> core\memory.cpp:Memory::MemorySystem::Write:528: unmapped Write8 0x00000000 @ 0x00000B0D at PC 0x010F3548
[   5.575556] HW.Memory <Error> core\memory.cpp:Memory::MemorySystem::Write:528: unmapped Write8 0x00000000 @ 0x00000B0E at PC 0x010F3548
[   5.575557] HW.Memory <Error> core\memory.cpp:Memory::MemorySystem::Write:528: unmapped Write8 0x00000000 @ 0x00000B0F at PC 0x010F3548
[   5.575557] HW.Memory <Error> core\memory.cpp:Memory::MemorySystem::Write:528: unmapped Write8 0x00000000 @ 0x00000B10 at PC 0x010F3548
[   5.575558] HW.Memory <Error> core\memory.cpp:Memory::MemorySystem::Write:528: unmapped Write8 0x00000000 @ 0x00000B11 at PC 0x010F3548
[   5.575558] HW.Memory <Error> core\memory.cpp:Memory::MemorySystem::Write:528: unmapped Write8 0x00000000 @ 0x00000B12 at PC 0x010F3548
[   5.575559] HW.Memory <Error> core\memory.cpp:Memory::MemorySystem::Write:528: unmapped Write8 0x00000000 @ 0x00000B13 at PC 0x010F3548
[   5.575559] HW.Memory <Error> core\memory.cpp:Memory::MemorySystem::Write:528: unmapped Write8 0x00000000 @ 0x00000B14 at PC 0x010F3548
[   5.575560] HW.Memory <Error> core\memory.cpp:Memory::MemorySystem::Write:528: unmapped Write8 0x00000000 @ 0x00000B15 at PC 0x010F3548
[   5.575560] HW.Memory <Error> core\memory.cpp:Memory::MemorySystem::Write:528: unmapped Write8 0x00000000 @ 0x00000B16 at PC 0x010F3548
[   5.575561] HW.Memory <Error> core\memory.cpp:Memory::MemorySystem::Write:528: unmapped Write8 0x00000000 @ 0x00000B17 at PC 0x010F3548
[   5.575561] HW.Memory <Error> core\memory.cpp:Memory::MemorySystem::Write:528: unmapped Write8 0x00000000 @ 0x00000B18 at PC 0x010F3548
[   5.575562] HW.Memory <Error> core\memory.cpp:Memory::MemorySystem::Write:528: unmapped Write8 0x00000000 @ 0x00000B19 at PC 0x010F3548
[   5.575562] HW.Memory <Error> core\memory.cpp:Memory::MemorySystem::Write:528: unmapped Write8 0x00000000 @ 0x00000B1A at PC 0x010F3548
[   5.575563] HW.Memory <Error> core\memory.cpp:Memory::MemorySystem::Write:528: unmapped Write8 0x00000000 @ 0x00000B1B at PC 0x010F3548
[   5.575563] HW.Memory <Error> core\memory.cpp:Memory::MemorySystem::Write:528: unmapped Write8 0x00000000 @ 0x00000B1C at PC 0x010F3548
[   5.575564] HW.Memory <Error> core\memory.cpp:Memory::MemorySystem::Write:528: unmapped Write8 0x00000000 @ 0x00000B1D at PC 0x010F3548
[   5.575564] HW.Memory <Error> core\memory.cpp:Memory::MemorySystem::Write:528: unmapped Write8 0x00000000 @ 0x00000B1E at PC 0x010F3548
[   5.575565] HW.Memory <Error> core\memory.cpp:Memory::MemorySystem::Write:528: unmapped Write8 0x00000000 @ 0x00000B1F at PC 0x010F3548
[   5.575565] HW.Memory <Error> core\memory.cpp:Memory::MemorySystem::Write:528: unmapped Write8 0x00000000 @ 0x00000B20 at PC 0x010F3548
[   5.575566] HW.Memory <Error> core\memory.cpp:Memory::MemorySystem::Write:528: unmapped Write8 0x00000000 @ 0x00000B21 at PC 0x010F3548
[   5.575566] HW.Memory <Error> core\memory.cpp:Memory::MemorySystem::Write:528: unmapped Write8 0x00000000 @ 0x00000B22 at PC 0x010F3548
[   5.575567] HW.Memory <Error> core\memory.cpp:Memory::MemorySystem::Write:528: unmapped Write8 0x00000000 @ 0x00000B23 at PC 0x010F3548
[   5.575567] HW.Memory <Error> core\memory.cpp:Memory::MemorySystem::Write:528: unmapped Write8 0x00000000 @ 0x00000B24 at PC 0x010F3548
[   5.575568] HW.Memory <Error> core\memory.cpp:Memory::MemorySystem::Write:528: unmapped Write8 0x00000000 @ 0x00000B25 at PC 0x010F3548
[   5.575568] HW.Memory <Error> core\memory.cpp:Memory::MemorySystem::Write:528: unmapped Write8 0x00000000 @ 0x00000B26 at PC 0x010F3548
[   5.575569] HW.Memory <Error> core\memory.cpp:Memory::MemorySystem::Write:528: unmapped Write8 0x00000000 @ 0x00000B27 at PC 0x010F3548
[   5.575569] HW.Memory <Error> core\memory.cpp:Memory::MemorySystem::Write:528: unmapped Write8 0x00000000 @ 0x00000B28 at PC 0x010F3548
[   5.575570] HW.Memory <Error> core\memory.cpp:Memory::MemorySystem::Write:528: unmapped Write8 0x00000000 @ 0x00000B29 at PC 0x010F3548
[   5.575570] HW.Memory <Error> core\memory.cpp:Memory::MemorySystem::Write:528: unmapped Write8 0x00000000 @ 0x00000B2A at PC 0x010F3548
[   5.575571] HW.Memory <Error> core\memory.cpp:Memory::MemorySystem::Write:528: unmapped Write8 0x00000000 @ 0x00000B2B at PC 0x010F3548
[   5.575571] HW.Memory <Error> core\memory.cpp:Memory::MemorySystem::Write:528: unmapped Write8 0x00000000 @ 0x00000B2C at PC 0x010F3548
[   5.575572] HW.Memory <Error> core\memory.cpp:Memory::MemorySystem::Write:528: unmapped Write8 0x00000000 @ 0x00000B2D at PC 0x010F3548
[   5.575572] HW.Memory <Error> core\memory.cpp:Memory::MemorySystem::Write:528: unmapped Write8 0x00000000 @ 0x00000B2E at PC 0x010F3548
[   5.575573] HW.Memory <Error> core\memory.cpp:Memory::MemorySystem::Write:528: unmapped Write8 0x00000000 @ 0x00000B2F at PC 0x010F3548
[   5.575573] HW.Memory <Error> core\memory.cpp:Memory::MemorySystem::Write:528: unmapped Write8 0x00000000 @ 0x00000B30 at PC 0x010F3548
[   5.575574] HW.Memory <Error> core\memory.cpp:Memory::MemorySystem::Write:528: unmapped Write8 0x00000000 @ 0x00000B31 at PC 0x010F3548
[   5.575574] HW.Memory <Error> core\memory.cpp:Memory::MemorySystem::Write:528: unmapped Write8 0x00000000 @ 0x00000B32 at PC 0x010F3548
[   5.575575] HW.Memory <Error> core\memory.cpp:Memory::MemorySystem::Write:528: unmapped Write8 0x00000000 @ 0x00000B33 at PC 0x010F3548
[   5.575575] HW.Memory <Error> core\memory.cpp:Memory::MemorySystem::Write:528: unmapped Write8 0x00000000 @ 0x00000B34 at PC 0x010F3548
[   5.575576] HW.Memory <Error> core\memory.cpp:Memory::MemorySystem::Write:528: unmapped Write8 0x00000000 @ 0x00000B35 at PC 0x010F3548
[   5.575576] HW.Memory <Error> core\memory.cpp:Memory::MemorySystem::Write:528: unmapped Write8 0x00000000 @ 0x00000B36 at PC 0x010F3548
[   5.575577] HW.Memory <Error> core\memory.cpp:Memory::MemorySystem::Write:528: unmapped Write8 0x00000000 @ 0x00000B37 at PC 0x010F3548
[   5.575577] HW.Memory <Error> core\memory.cpp:Memory::MemorySystem::Write:528: unmapped Write8 0x00000000 @ 0x00000B38 at PC 0x010F3548
[   5.575578] HW.Memory <Error> core\memory.cpp:Memory::MemorySystem::Write:528: unmapped Write8 0x00000000 @ 0x00000B39 at PC 0x010F3548
[   5.575578] HW.Memory <Error> core\memory.cpp:Memory::MemorySystem::Write:528: unmapped Write8 0x00000000 @ 0x00000B3A at PC 0x010F3548
[   5.575579] HW.Memory <Error> core\memory.cpp:Memory::MemorySystem::Write:528: unmapped Write8 0x00000000 @ 0x00000B3B at PC 0x010F3548
[   5.575579] HW.Memory <Error> core\memory.cpp:Memory::MemorySystem::Write:528: unmapped Write8 0x00000000 @ 0x00000B3C at PC 0x010F3548
[   5.575580] HW.Memory <Error> core\memory.cpp:Memory::MemorySystem::Write:528: unmapped Write8 0x00000000 @ 0x00000B3D at PC 0x010F3548
[   5.575580] HW.Memory <Error> core\memory.cpp:Memory::MemorySystem::Write:528: unmapped Write8 0x00000000 @ 0x00000B3E at PC 0x010F3548
[   5.575581] HW.Memory <Error> core\memory.cpp:Memory::MemorySystem::Write:528: unmapped Write8 0x00000000 @ 0x00000B3F at PC 0x010F3548
[   5.575581] HW.Memory <Error> core\memory.cpp:Memory::MemorySystem::Write:528: unmapped Write8 0x00000000 @ 0x00000B40 at PC 0x010F3548
[   5.575582] HW.Memory <Error> core\memory.cpp:Memory::MemorySystem::Write:528: unmapped Write8 0x00000000 @ 0x00000B41 at PC 0x010F3548
[   5.575582] HW.Memory <Error> core\memory.cpp:Memory::MemorySystem::Write:528: unmapped Write8 0x00000000 @ 0x00000B42 at PC 0x010F3548
[   5.575583] HW.Memory <Error> core\memory.cpp:Memory::MemorySystem::Write:528: unmapped Write8 0x00000000 @ 0x00000B43 at PC 0x010F3548
[   5.575583] HW.Memory <Error> core\memory.cpp:Memory::MemorySystem::Write:528: unmapped Write8 0x00000000 @ 0x00000B44 at PC 0x010F3548
[   5.575584] HW.Memory <Error> core\memory.cpp:Memory::MemorySystem::Write:528: unmapped Write8 0x00000000 @ 0x00000B45 at PC 0x010F3548
[   5.575584] HW.Memory <Error> core\memory.cpp:Memory::MemorySystem::Write:528: unmapped Write8 0x00000000 @ 0x00000B46 at PC 0x010F3548
[   5.575585] HW.Memory <Error> core\memory.cpp:Memory::MemorySystem::Write:528: unmapped Write8 0x00000000 @ 0x00000B47 at PC 0x010F3548
[   5.575586] HW.Memory <Error> core\memory.cpp:Memory::MemorySystem::Write:528: unmapped Write8 0x00000000 @ 0x00000B48 at PC 0x010F3548
[   5.575586] HW.Memory <Error> core\memory.cpp:Memory::MemorySystem::Write:528: unmapped Write8 0x00000000 @ 0x00000B49 at PC 0x010F3548
[   5.575587] HW.Memory <Error> core\memory.cpp:Memory::MemorySystem::Write:528: unmapped Write8 0x00000000 @ 0x00000B4A at PC 0x010F3548
[   5.575587] HW.Memory <Error> core\memory.cpp:Memory::MemorySystem::Write:528: unmapped Write8 0x00000000 @ 0x00000B4B at PC 0x010F3548
[   5.575588] HW.Memory <Error> core\memory.cpp:Memory::MemorySystem::Write:528: unmapped Write8 0x00000000 @ 0x00000B4C at PC 0x010F3548
[   5.575588] HW.Memory <Error> core\memory.cpp:Memory::MemorySystem::Write:528: unmapped Write8 0x00000000 @ 0x00000B4D at PC 0x010F3548
[   5.575589] HW.Memory <Error> core\memory.cpp:Memory::MemorySystem::Write:528: unmapped Write8 0x00000000 @ 0x00000B4E at PC 0x010F3548
[   5.575589] HW.Memory <Error> core\memory.cpp:Memory::MemorySystem::Write:528: unmapped Write8 0x00000000 @ 0x00000B4F at PC 0x010F3548
[   5.575590] HW.Memory <Error> core\memory.cpp:Memory::MemorySystem::Write:528: unmapped Write8 0x00000000 @ 0x00000B50 at PC 0x010F3548
[   5.575590] HW.Memory <Error> core\memory.cpp:Memory::MemorySystem::Write:528: unmapped Write8 0x00000000 @ 0x00000B51 at PC 0x010F3548
[   5.575591] HW.Memory <Error> core\memory.cpp:Memory::MemorySystem::Write:528: unmapped Write8 0x00000000 @ 0x00000B52 at PC 0x010F3548
[   5.575591] HW.Memory <Error> core\memory.cpp:Memory::MemorySystem::Write:528: unmapped Write8 0x00000000 @ 0x00000B53 at PC 0x010F3548
[   5.575592] HW.Memory <Error> core\memory.cpp:Memory::MemorySystem::Write:528: unmapped Write8 0x00000000 @ 0x00000B54 at PC 0x010F3548
[   5.575592] HW.Memory <Error> core\memory.cpp:Memory::MemorySystem::Write:528: unmapped Write8 0x00000000 @ 0x00000B55 at PC 0x010F3548
[   5.575593] HW.Memory <Error> core\memory.cpp:Memory::MemorySystem::Write:528: unmapped Write8 0x00000000 @ 0x00000B56 at PC 0x010F3548
[   5.575593] HW.Memory <Error> core\memory.cpp:Memory::MemorySystem::Write:528: unmapped Write8 0x00000000 @ 0x00000B57 at PC 0x010F3548
[   5.575594] HW.Memory <Error> core\memory.cpp:Memory::MemorySystem::Write:528: unmapped Write8 0x00000000 @ 0x00000B58 at PC 0x010F3548
[   5.575594] HW.Memory <Error> core\memory.cpp:Memory::MemorySystem::Write:528: unmapped Write8 0x00000000 @ 0x00000B59 at PC 0x010F3548
[   5.575595] HW.Memory <Error> core\memory.cpp:Memory::MemorySystem::Write:528: unmapped Write8 0x00000000 @ 0x00000B5A at PC 0x010F3548
[   5.575595] HW.Memory <Error> core\memory.cpp:Memory::MemorySystem::Write:528: unmapped Write8 0x00000000 @ 0x00000B5B at PC 0x010F3548
[   5.575596] HW.Memory <Error> core\memory.cpp:Memory::MemorySystem::Write:528: unmapped Write8 0x00000000 @ 0x00000B5C at PC 0x010F3548
[   5.575596] HW.Memory <Error> core\memory.cpp:Memory::MemorySystem::Write:528: unmapped Write8 0x00000000 @ 0x00000B5D at PC 0x010F3548
[   5.575597] HW.Memory <Error> core\memory.cpp:Memory::MemorySystem::Write:528: unmapped Write8 0x00000000 @ 0x00000B5E at PC 0x010F3548
[   5.575597] HW.Memory <Error> core\memory.cpp:Memory::MemorySystem::Write:528: unmapped Write8 0x00000000 @ 0x00000B5F at PC 0x010F3548
[   5.575598] HW.Memory <Error> core\memory.cpp:Memory::MemorySystem::Write:528: unmapped Write8 0x00000000 @ 0x00000B60 at PC 0x010F3548
[   5.575598] HW.Memory <Error> core\memory.cpp:Memory::MemorySystem::Write:528: unmapped Write8 0x00000000 @ 0x00000B61 at PC 0x010F3548
[   5.575599] HW.Memory <Error> core\memory.cpp:Memory::MemorySystem::Write:528: unmapped Write8 0x00000000 @ 0x00000B62 at PC 0x010F3548
[   5.575599] HW.Memory <Error> core\memory.cpp:Memory::MemorySystem::Write:528: unmapped Write8 0x00000000 @ 0x00000B63 at PC 0x010F3548
[   5.575600] HW.Memory <Error> core\memory.cpp:Memory::MemorySystem::Write:528: unmapped Write8 0x00000000 @ 0x00000B64 at PC 0x010F3548
[   5.575600] HW.Memory <Error> core\memory.cpp:Memory::MemorySystem::Write:528: unmapped Write8 0x00000000 @ 0x00000B65 at PC 0x010F3548
[   5.575601] HW.Memory <Error> core\memory.cpp:Memory::MemorySystem::Write:528: unmapped Write8 0x00000000 @ 0x00000B66 at PC 0x010F3548
[   5.575601] HW.Memory <Error> core\memory.cpp:Memory::MemorySystem::Write:528: unmapped Write8 0x00000000 @ 0x00000B67 at PC 0x010F3548
[   5.575602] HW.Memory <Error> core\memory.cpp:Memory::MemorySystem::Write:528: unmapped Write8 0x00000000 @ 0x00000B68 at PC 0x010F3548
[   5.575602] HW.Memory <Error> core\memory.cpp:Memory::MemorySystem::Write:528: unmapped Write8 0x00000000 @ 0x00000B69 at PC 0x010F3548
[   5.575603] HW.Memory <Error> core\memory.cpp:Memory::MemorySystem::Write:528: unmapped Write8 0x00000000 @ 0x00000B6A at PC 0x010F3548
[   5.575603] HW.Memory <Error> core\memory.cpp:Memory::MemorySystem::Write:528: unmapped Write8 0x00000000 @ 0x00000B6B at PC 0x010F3548
[   5.575604] HW.Memory <Error> core\memory.cpp:Memory::MemorySystem::Write:528: unmapped Write8 0x00000000 @ 0x00000B6C at PC 0x010F3548
[   5.575604] HW.Memory <Error> core\memory.cpp:Memory::MemorySystem::Write:528: unmapped Write8 0x00000000 @ 0x00000B6D at PC 0x010F3548
[   5.575605] HW.Memory <Error> core\memory.cpp:Memory::MemorySystem::Write:528: unmapped Write8 0x00000000 @ 0x00000B6E at PC 0x010F3548
[   5.575605] HW.Memory <Error> core\memory.cpp:Memory::MemorySystem::Write:528: unmapped Write8 0x00000000 @ 0x00000B6F at PC 0x010F3548
[   5.575606] HW.Memory <Error> core\memory.cpp:Memory::MemorySystem::Write:528: unmapped Write8 0x00000000 @ 0x00000B70 at PC 0x010F3548
[   5.575606] HW.Memory <Error> core\memory.cpp:Memory::MemorySystem::Write:528: unmapped Write8 0x00000000 @ 0x00000B71 at PC 0x010F3548
[   5.575607] HW.Memory <Error> core\memory.cpp:Memory::MemorySystem::Write:528: unmapped Write8 0x00000000 @ 0x00000B72 at PC 0x010F3548
[   5.575607] HW.Memory <Error> core\memory.cpp:Memory::MemorySystem::Write:528: unmapped Write8 0x00000000 @ 0x00000B73 at PC 0x010F3548
[   5.575608] HW.Memory <Error> core\memory.cpp:Memory::MemorySystem::Write:528: unmapped Write8 0x00000000 @ 0x00000B74 at PC 0x010F3548
[   5.575608] HW.Memory <Error> core\memory.cpp:Memory::MemorySystem::Write:528: unmapped Write8 0x00000000 @ 0x00000B75 at PC 0x010F3548
[   5.575609] HW.Memory <Error> core\memory.cpp:Memory::MemorySystem::Write:528: unmapped Write8 0x00000000 @ 0x00000B76 at PC 0x010F3548
[   5.575609] HW.Memory <Error> core\memory.cpp:Memory::MemorySystem::Write:528: unmapped Write8 0x00000000 @ 0x00000B77 at PC 0x010F3548
[   5.575610] HW.Memory <Error> core\memory.cpp:Memory::MemorySystem::Write:528: unmapped Write8 0x00000000 @ 0x00000B78 at PC 0x010F3548
[   5.575610] HW.Memory <Error> core\memory.cpp:Memory::MemorySystem::Write:528: unmapped Write8 0x00000000 @ 0x00000B79 at PC 0x010F3548
[   5.575611] HW.Memory <Error> core\memory.cpp:Memory::MemorySystem::Write:528: unmapped Write8 0x00000000 @ 0x00000B7A at PC 0x010F3548
[   5.575611] HW.Memory <Error> core\memory.cpp:Memory::MemorySystem::Write:528: unmapped Write8 0x00000000 @ 0x00000B7B at PC 0x010F3548
[   5.575612] HW.Memory <Error> core\memory.cpp:Memory::MemorySystem::Write:528: unmapped Write8 0x00000000 @ 0x00000B7C at PC 0x010F3548
[   5.575612] HW.Memory <Error> core\memory.cpp:Memory::MemorySystem::Write:528: unmapped Write8 0x00000000 @ 0x00000B7D at PC 0x010F3548
[   5.575613] HW.Memory <Error> core\memory.cpp:Memory::MemorySystem::Write:528: unmapped Write8 0x00000000 @ 0x00000B7E at PC 0x010F3548
[   5.575613] HW.Memory <Error> core\memory.cpp:Memory::MemorySystem::Write:528: unmapped Write8 0x00000000 @ 0x00000B7F at PC 0x010F3548
[   5.575614] HW.Memory <Error> core\memory.cpp:Memory::MemorySystem::Write:528: unmapped Write8 0x00000000 @ 0x00000B80 at PC 0x010F3548
[   5.575614] HW.Memory <Error> core\memory.cpp:Memory::MemorySystem::Write:528: unmapped Write8 0x00000000 @ 0x00000B81 at PC 0x010F3548
[   5.575615] HW.Memory <Error> core\memory.cpp:Memory::MemorySystem::Write:528: unmapped Write8 0x00000000 @ 0x00000B82 at PC 0x010F3548
[   5.575616] HW.Memory <Error> core\memory.cpp:Memory::MemorySystem::Write:528: unmapped Write8 0x00000000 @ 0x00000B83 at PC 0x010F3548
[   5.575616] HW.Memory <Error> core\memory.cpp:Memory::MemorySystem::Write:528: unmapped Write8 0x00000000 @ 0x00000B84 at PC 0x010F3548
[   5.575617] HW.Memory <Error> core\memory.cpp:Memory::MemorySystem::Write:528: unmapped Write8 0x00000000 @ 0x00000B85 at PC 0x010F3548
[   5.575617] HW.Memory <Error> core\memory.cpp:Memory::MemorySystem::Write:528: unmapped Write8 0x00000000 @ 0x00000B86 at PC 0x010F3548
[   5.575618] HW.Memory <Error> core\memory.cpp:Memory::MemorySystem::Write:528: unmapped Write8 0x00000000 @ 0x00000B87 at PC 0x010F3548
[   5.575618] HW.Memory <Error> core\memory.cpp:Memory::MemorySystem::Write:528: unmapped Write8 0x00000000 @ 0x00000B88 at PC 0x010F3548
[   5.575619] HW.Memory <Error> core\memory.cpp:Memory::MemorySystem::Write:528: unmapped Write8 0x00000000 @ 0x00000B89 at PC 0x010F3548
[   5.575619] HW.Memory <Error> core\memory.cpp:Memory::MemorySystem::Write:528: unmapped Write8 0x00000000 @ 0x00000B8A at PC 0x010F3548
[   5.575620] HW.Memory <Error> core\memory.cpp:Memory::MemorySystem::Write:528: unmapped Write8 0x00000000 @ 0x00000B8B at PC 0x010F3548
[   5.575620] HW.Memory <Error> core\memory.cpp:Memory::MemorySystem::Write:528: unmapped Write8 0x00000000 @ 0x00000B8C at PC 0x010F3548
[   5.575621] HW.Memory <Error> core\memory.cpp:Memory::MemorySystem::Write:528: unmapped Write8 0x00000000 @ 0x00000B8D at PC 0x010F3548
[   5.575621] HW.Memory <Error> core\memory.cpp:Memory::MemorySystem::Write:528: unmapped Write8 0x00000000 @ 0x00000B8E at PC 0x010F3548
[   5.575622] HW.Memory <Error> core\memory.cpp:Memory::MemorySystem::Write:528: unmapped Write8 0x00000000 @ 0x00000B8F at PC 0x010F3548
[   5.575622] HW.Memory <Error> core\memory.cpp:Memory::MemorySystem::Write:528: unmapped Write8 0x00000000 @ 0x00000B90 at PC 0x010F3548
[   5.575623] HW.Memory <Error> core\memory.cpp:Memory::MemorySystem::Write:528: unmapped Write8 0x00000000 @ 0x00000B91 at PC 0x010F3548
[   5.575623] HW.Memory <Error> core\memory.cpp:Memory::MemorySystem::Write:528: unmapped Write8 0x00000000 @ 0x00000B92 at PC 0x010F3548
[   5.575624] HW.Memory <Error> core\memory.cpp:Memory::MemorySystem::Write:528: unmapped Write8 0x00000000 @ 0x00000B93 at PC 0x010F3548
[   5.575624] HW.Memory <Error> core\memory.cpp:Memory::MemorySystem::Write:528: unmapped Write8 0x00000000 @ 0x00000B94 at PC 0x010F3548
[   5.575625] HW.Memory <Error> core\memory.cpp:Memory::MemorySystem::Write:528: unmapped Write8 0x00000000 @ 0x00000B95 at PC 0x010F3548
[   5.575625] HW.Memory <Error> core\memory.cpp:Memory::MemorySystem::Write:528: unmapped Write8 0x00000000 @ 0x00000B96 at PC 0x010F3548
[   5.575626] HW.Memory <Error> core\memory.cpp:Memory::MemorySystem::Write:528: unmapped Write8 0x00000000 @ 0x00000B97 at PC 0x010F3548
[   5.575626] HW.Memory <Error> core\memory.cpp:Memory::MemorySystem::Write:528: unmapped Write8 0x00000000 @ 0x00000B98 at PC 0x010F3548
[   5.575627] HW.Memory <Error> core\memory.cpp:Memory::MemorySystem::Write:528: unmapped Write8 0x00000000 @ 0x00000B99 at PC 0x010F3548
[   5.575627] HW.Memory <Error> core\memory.cpp:Memory::MemorySystem::Write:528: unmapped Write8 0x00000000 @ 0x00000B9A at PC 0x010F3548
[   5.575628] HW.Memory <Error> core\memory.cpp:Memory::MemorySystem::Write:528: unmapped Write8 0x00000000 @ 0x00000B9B at PC 0x010F3548
[   5.575628] HW.Memory <Error> core\memory.cpp:Memory::MemorySystem::Write:528: unmapped Write8 0x00000000 @ 0x00000B9C at PC 0x010F3548
[   5.575629] HW.Memory <Error> core\memory.cpp:Memory::MemorySystem::Write:528: unmapped Write8 0x00000000 @ 0x00000B9D at PC 0x010F3548
[   5.575630] HW.Memory <Error> core\memory.cpp:Memory::MemorySystem::Write:528: unmapped Write8 0x00000000 @ 0x00000B9E at PC 0x010F3548
[   5.575630] HW.Memory <Error> core\memory.cpp:Memory::MemorySystem::Write:528: unmapped Write8 0x00000000 @ 0x00000B9F at PC 0x010F3548
[   5.575631] HW.Memory <Error> core\memory.cpp:Memory::MemorySystem::Write:528: unmapped Write8 0x00000000 @ 0x00000BA0 at PC 0x010F3548
[   5.575631] HW.Memory <Error> core\memory.cpp:Memory::MemorySystem::Write:528: unmapped Write8 0x00000000 @ 0x00000BA1 at PC 0x010F3548
[   5.575632] HW.Memory <Error> core\memory.cpp:Memory::MemorySystem::Write:528: unmapped Write8 0x00000000 @ 0x00000BA2 at PC 0x010F3548
[   5.575632] HW.Memory <Error> core\memory.cpp:Memory::MemorySystem::Write:528: unmapped Write8 0x00000000 @ 0x00000BA3 at PC 0x010F3548
[   5.575633] HW.Memory <Error> core\memory.cpp:Memory::MemorySystem::Write:528: unmapped Write8 0x00000000 @ 0x00000BA4 at PC 0x010F3548
[   5.575633] HW.Memory <Error> core\memory.cpp:Memory::MemorySystem::Write:528: unmapped Write8 0x00000000 @ 0x00000BA5 at PC 0x010F3548
[   5.575634] HW.Memory <Error> core\memory.cpp:Memory::MemorySystem::Write:528: unmapped Write8 0x00000000 @ 0x00000BA6 at PC 0x010F3548
[   5.575634] HW.Memory <Error> core\memory.cpp:Memory::MemorySystem::Write:528: unmapped Write8 0x00000000 @ 0x00000BA7 at PC 0x010F3548
[   5.575635] HW.Memory <Error> core\memory.cpp:Memory::MemorySystem::Write:528: unmapped Write8 0x00000000 @ 0x00000BA8 at PC 0x010F3548
[   5.575635] HW.Memory <Error> core\memory.cpp:Memory::MemorySystem::Write:528: unmapped Write8 0x00000000 @ 0x00000BA9 at PC 0x010F3548
[   5.575636] HW.Memory <Error> core\memory.cpp:Memory::MemorySystem::Write:528: unmapped Write8 0x00000000 @ 0x00000BAA at PC 0x010F3548
[   5.575636] HW.Memory <Error> core\memory.cpp:Memory::MemorySystem::Write:528: unmapped Write8 0x00000000 @ 0x00000BAB at PC 0x010F3548
[   5.575637] HW.Memory <Error> core\memory.cpp:Memory::MemorySystem::Write:528: unmapped Write8 0x00000000 @ 0x00000BAC at PC 0x010F3548
[   5.575637] HW.Memory <Error> core\memory.cpp:Memory::MemorySystem::Write:528: unmapped Write8 0x00000000 @ 0x00000BAD at PC 0x010F3548
[   5.575638] HW.Memory <Error> core\memory.cpp:Memory::MemorySystem::Write:528: unmapped Write8 0x00000000 @ 0x00000BAE at PC 0x010F3548
[   5.575638] HW.Memory <Error> core\memory.cpp:Memory::MemorySystem::Write:528: unmapped Write8 0x00000000 @ 0x00000BAF at PC 0x010F3548
[   5.575639] HW.Memory <Error> core\memory.cpp:Memory::MemorySystem::Write:528: unmapped Write8 0x00000000 @ 0x00000BB0 at PC 0x010F3548
[   5.575639] HW.Memory <Error> core\memory.cpp:Memory::MemorySystem::Write:528: unmapped Write8 0x00000000 @ 0x00000BB1 at PC 0x010F3548
[   5.575640] HW.Memory <Error> core\memory.cpp:Memory::MemorySystem::Write:528: unmapped Write8 0x00000000 @ 0x00000BB2 at PC 0x010F3548
[   5.575640] HW.Memory <Error> core\memory.cpp:Memory::MemorySystem::Write:528: unmapped Write8 0x00000000 @ 0x00000BB3 at PC 0x010F3548
[   5.575641] HW.Memory <Error> core\memory.cpp:Memory::MemorySystem::Write:528: unmapped Write8 0x00000000 @ 0x00000BB4 at PC 0x010F3548
[   5.575641] HW.Memory <Error> core\memory.cpp:Memory::MemorySystem::Write:528: unmapped Write8 0x00000000 @ 0x00000BB5 at PC 0x010F3548
[   5.575642] HW.Memory <Error> core\memory.cpp:Memory::MemorySystem::Write:528: unmapped Write8 0x00000000 @ 0x00000BB6 at PC 0x010F3548
[   5.575642] HW.Memory <Error> core\memory.cpp:Memory::MemorySystem::Write:528: unmapped Write8 0x00000000 @ 0x00000BB7 at PC 0x010F3548
[   5.575643] HW.Memory <Error> core\memory.cpp:Memory::MemorySystem::Write:528: unmapped Write8 0x00000000 @ 0x00000BB8 at PC 0x010F3548
[   5.575643] HW.Memory <Error> core\memory.cpp:Memory::MemorySystem::Write:528: unmapped Write8 0x00000000 @ 0x00000BB9 at PC 0x010F3548
[   5.575644] HW.Memory <Error> core\memory.cpp:Memory::MemorySystem::Write:528: unmapped Write8 0x00000000 @ 0x00000BBA at PC 0x010F3548
[   5.575644] HW.Memory <Error> core\memory.cpp:Memory::MemorySystem::Write:528: unmapped Write8 0x00000000 @ 0x00000BBB at PC 0x010F3548
[   5.575645] HW.Memory <Error> core\memory.cpp:Memory::MemorySystem::Write:528: unmapped Write8 0x00000000 @ 0x00000BBC at PC 0x010F3548
[   5.575645] HW.Memory <Error> core\memory.cpp:Memory::MemorySystem::Write:528: unmapped Write8 0x00000000 @ 0x00000BBD at PC 0x010F3548
[   5.575646] HW.Memory <Error> core\memory.cpp:Memory::MemorySystem::Write:528: unmapped Write8 0x00000000 @ 0x00000BBE at PC 0x010F3548
[   5.575647] HW.Memory <Error> core\memory.cpp:Memory::MemorySystem::Write:528: unmapped Write8 0x00000000 @ 0x00000BBF at PC 0x010F3548
[   5.575647] HW.Memory <Error> core\memory.cpp:Memory::MemorySystem::Write:528: unmapped Write8 0x00000000 @ 0x00000BC0 at PC 0x010F3548
[   5.575648] HW.Memory <Error> core\memory.cpp:Memory::MemorySystem::Write:528: unmapped Write8 0x00000000 @ 0x00000BC1 at PC 0x010F3548
[   5.575648] HW.Memory <Error> core\memory.cpp:Memory::MemorySystem::Write:528: unmapped Write8 0x00000000 @ 0x00000BC2 at PC 0x010F3548
[   5.575649] HW.Memory <Error> core\memory.cpp:Memory::MemorySystem::Write:528: unmapped Write8 0x00000000 @ 0x00000BC3 at PC 0x010F3548
[   5.575649] HW.Memory <Error> core\memory.cpp:Memory::MemorySystem::Write:528: unmapped Write8 0x00000000 @ 0x00000BC4 at PC 0x010F3548
[   5.575650] HW.Memory <Error> core\memory.cpp:Memory::MemorySystem::Write:528: unmapped Write8 0x00000000 @ 0x00000BC5 at PC 0x010F3548
[   5.575650] HW.Memory <Error> core\memory.cpp:Memory::MemorySystem::Write:528: unmapped Write8 0x00000000 @ 0x00000BC6 at PC 0x010F3548
[   5.575651] HW.Memory <Error> core\memory.cpp:Memory::MemorySystem::Write:528: unmapped Write8 0x00000000 @ 0x00000BC7 at PC 0x010F3548
[   5.575651] HW.Memory <Error> core\memory.cpp:Memory::MemorySystem::Write:528: unmapped Write8 0x00000000 @ 0x00000BC8 at PC 0x010F3548
[   5.575652] HW.Memory <Error> core\memory.cpp:Memory::MemorySystem::Write:528: unmapped Write8 0x00000000 @ 0x00000BC9 at PC 0x010F3548
[   5.575652] HW.Memory <Error> core\memory.cpp:Memory::MemorySystem::Write:528: unmapped Write8 0x00000000 @ 0x00000BCA at PC 0x010F3548
[   5.575653] HW.Memory <Error> core\memory.cpp:Memory::MemorySystem::Write:528: unmapped Write8 0x00000000 @ 0x00000BCB at PC 0x010F3548
[   5.575654] HW.Memory <Error> core\memory.cpp:Memory::MemorySystem::Write:528: unmapped Write8 0x00000000 @ 0x00000BCC at PC 0x010F3548
[   5.575654] HW.Memory <Error> core\memory.cpp:Memory::MemorySystem::Write:528: unmapped Write8 0x00000000 @ 0x00000BCD at PC 0x010F3548
[   5.575655] HW.Memory <Error> core\memory.cpp:Memory::MemorySystem::Write:528: unmapped Write8 0x00000000 @ 0x00000BCE at PC 0x010F3548
[   5.575655] HW.Memory <Error> core\memory.cpp:Memory::MemorySystem::Write:528: unmapped Write8 0x00000000 @ 0x00000BCF at PC 0x010F3548
[   5.575656] HW.Memory <Error> core\memory.cpp:Memory::MemorySystem::Write:528: unmapped Write8 0x00000000 @ 0x00000BD0 at PC 0x010F3548
[   5.575656] HW.Memory <Error> core\memory.cpp:Memory::MemorySystem::Write:528: unmapped Write8 0x00000000 @ 0x00000BD1 at PC 0x010F3548
[   5.575657] HW.Memory <Error> core\memory.cpp:Memory::MemorySystem::Write:528: unmapped Write8 0x00000000 @ 0x00000BD2 at PC 0x010F3548
[   5.575657] HW.Memory <Error> core\memory.cpp:Memory::MemorySystem::Write:528: unmapped Write8 0x00000000 @ 0x00000BD3 at PC 0x010F3548
[   5.575658] HW.Memory <Error> core\memory.cpp:Memory::MemorySystem::Write:528: unmapped Write8 0x00000000 @ 0x00000BD4 at PC 0x010F3548
[   5.575658] HW.Memory <Error> core\memory.cpp:Memory::MemorySystem::Write:528: unmapped Write8 0x00000000 @ 0x00000BD5 at PC 0x010F3548
[   5.575659] HW.Memory <Error> core\memory.cpp:Memory::MemorySystem::Write:528: unmapped Write8 0x00000000 @ 0x00000BD6 at PC 0x010F3548
[   5.575659] HW.Memory <Error> core\memory.cpp:Memory::MemorySystem::Write:528: unmapped Write8 0x00000000 @ 0x00000BD7 at PC 0x010F3548
[   5.575660] HW.Memory <Error> core\memory.cpp:Memory::MemorySystem::Write:528: unmapped Write8 0x00000000 @ 0x00000BD8 at PC 0x010F3548
[   5.575660] HW.Memory <Error> core\memory.cpp:Memory::MemorySystem::Write:528: unmapped Write8 0x00000000 @ 0x00000BD9 at PC 0x010F3548
[   5.575661] HW.Memory <Error> core\memory.cpp:Memory::MemorySystem::Write:528: unmapped Write8 0x00000000 @ 0x00000BDA at PC 0x010F3548
[   5.575661] HW.Memory <Error> core\memory.cpp:Memory::MemorySystem::Write:528: unmapped Write8 0x00000000 @ 0x00000BDB at PC 0x010F3548
[   5.575662] HW.Memory <Error> core\memory.cpp:Memory::MemorySystem::Write:528: unmapped Write8 0x00000000 @ 0x00000BDC at PC 0x010F3548
[   5.575662] HW.Memory <Error> core\memory.cpp:Memory::MemorySystem::Write:528: unmapped Write8 0x00000000 @ 0x00000BDD at PC 0x010F3548
[   5.575663] HW.Memory <Error> core\memory.cpp:Memory::MemorySystem::Write:528: unmapped Write8 0x00000000 @ 0x00000BDE at PC 0x010F3548
[   5.575663] HW.Memory <Error> core\memory.cpp:Memory::MemorySystem::Write:528: unmapped Write8 0x00000000 @ 0x00000BDF at PC 0x010F3548
[   5.575664] HW.Memory <Error> core\memory.cpp:Memory::MemorySystem::Write:528: unmapped Write8 0x00000000 @ 0x00000BE0 at PC 0x010F3548
[   5.575665] HW.Memory <Error> core\memory.cpp:Memory::MemorySystem::Write:528: unmapped Write8 0x00000000 @ 0x00000BE1 at PC 0x010F3548
[   5.575665] HW.Memory <Error> core\memory.cpp:Memory::MemorySystem::Write:528: unmapped Write8 0x00000000 @ 0x00000BE2 at PC 0x010F3548
[   5.575666] HW.Memory <Error> core\memory.cpp:Memory::MemorySystem::Write:528: unmapped Write8 0x00000000 @ 0x00000BE3 at PC 0x010F3548
[   5.575666] HW.Memory <Error> core\memory.cpp:Memory::MemorySystem::Write:528: unmapped Write8 0x00000000 @ 0x00000BE4 at PC 0x010F3548
[   5.575667] HW.Memory <Error> core\memory.cpp:Memory::MemorySystem::Write:528: unmapped Write8 0x00000000 @ 0x00000BE5 at PC 0x010F3548
[   5.575667] HW.Memory <Error> core\memory.cpp:Memory::MemorySystem::Write:528: unmapped Write8 0x00000000 @ 0x00000BE6 at PC 0x010F3548
[   5.575668] HW.Memory <Error> core\memory.cpp:Memory::MemorySystem::Write:528: unmapped Write8 0x00000000 @ 0x00000BE7 at PC 0x010F3548
[   5.575668] HW.Memory <Error> core\memory.cpp:Memory::MemorySystem::Write:528: unmapped Write8 0x00000000 @ 0x00000BE8 at PC 0x010F3548
[   5.575669] HW.Memory <Error> core\memory.cpp:Memory::MemorySystem::Write:528: unmapped Write8 0x00000000 @ 0x00000BE9 at PC 0x010F3548
[   5.575669] HW.Memory <Error> core\memory.cpp:Memory::MemorySystem::Write:528: unmapped Write8 0x00000000 @ 0x00000BEA at PC 0x010F3548
[   5.575670] HW.Memory <Error> core\memory.cpp:Memory::MemorySystem::Write:528: unmapped Write8 0x00000000 @ 0x00000BEB at PC 0x010F3548
[   5.575670] HW.Memory <Error> core\memory.cpp:Memory::MemorySystem::Write:528: unmapped Write8 0x00000000 @ 0x00000BEC at PC 0x010F3548
[   5.575671] HW.Memory <Error> core\memory.cpp:Memory::MemorySystem::Write:528: unmapped Write8 0x00000000 @ 0x00000BED at PC 0x010F3548
[   5.575671] HW.Memory <Error> core\memory.cpp:Memory::MemorySystem::Write:528: unmapped Write8 0x00000000 @ 0x00000BEE at PC 0x010F3548
[   5.575672] HW.Memory <Error> core\memory.cpp:Memory::MemorySystem::Write:528: unmapped Write8 0x00000000 @ 0x00000BEF at PC 0x010F3548
[   5.575672] HW.Memory <Error> core\memory.cpp:Memory::MemorySystem::Write:528: unmapped Write8 0x00000000 @ 0x00000BF0 at PC 0x010F3548
[   5.575673] HW.Memory <Error> core\memory.cpp:Memory::MemorySystem::Write:528: unmapped Write8 0x00000000 @ 0x00000BF1 at PC 0x010F3548
[   5.575673] HW.Memory <Error> core\memory.cpp:Memory::MemorySystem::Write:528: unmapped Write8 0x00000000 @ 0x00000BF2 at PC 0x010F3548
[   5.575674] HW.Memory <Error> core\memory.cpp:Memory::MemorySystem::Write:528: unmapped Write8 0x00000000 @ 0x00000BF3 at PC 0x010F3548
[   5.575674] HW.Memory <Error> core\memory.cpp:Memory::MemorySystem::Write:528: unmapped Write8 0x00000000 @ 0x00000BF4 at PC 0x010F3548
[   5.575675] HW.Memory <Error> core\memory.cpp:Memory::MemorySystem::Write:528: unmapped Write8 0x00000000 @ 0x00000BF5 at PC 0x010F3548
[   5.575675] HW.Memory <Error> core\memory.cpp:Memory::MemorySystem::Write:528: unmapped Write8 0x00000000 @ 0x00000BF6 at PC 0x010F3548
[   5.575676] HW.Memory <Error> core\memory.cpp:Memory::MemorySystem::Write:528: unmapped Write8 0x00000000 @ 0x00000BF7 at PC 0x010F3548
[   5.575676] HW.Memory <Error> core\memory.cpp:Memory::MemorySystem::Write:528: unmapped Write8 0x00000000 @ 0x00000BF8 at PC 0x010F3548
[   5.575677] HW.Memory <Error> core\memory.cpp:Memory::MemorySystem::Write:528: unmapped Write8 0x00000000 @ 0x00000BF9 at PC 0x010F3548
[   5.575677] HW.Memory <Error> core\memory.cpp:Memory::MemorySystem::Write:528: unmapped Write8 0x00000000 @ 0x00000BFA at PC 0x010F3548
[   5.575678] HW.Memory <Error> core\memory.cpp:Memory::MemorySystem::Write:528: unmapped Write8 0x00000000 @ 0x00000BFB at PC 0x010F3548
[   5.575678] HW.Memory <Error> core\memory.cpp:Memory::MemorySystem::Write:528: unmapped Write8 0x00000000 @ 0x00000BFC at PC 0x010F3548
[   5.575679] HW.Memory <Error> core\memory.cpp:Memory::MemorySystem::Write:528: unmapped Write8 0x00000000 @ 0x00000BFD at PC 0x010F3548
[   5.575679] HW.Memory <Error> core\memory.cpp:Memory::MemorySystem::Write:528: unmapped Write8 0x00000000 @ 0x00000BFE at PC 0x010F3548
[   5.575680] HW.Memory <Error> core\memory.cpp:Memory::MemorySystem::Write:528: unmapped Write8 0x00000000 @ 0x00000BFF at PC 0x010F3548
[   5.575680] HW.Memory <Error> core\memory.cpp:Memory::MemorySystem::Write:528: unmapped Write8 0x00000000 @ 0x00000C00 at PC 0x010F3548
[   5.575681] HW.Memory <Error> core\memory.cpp:Memory::MemorySystem::Write:528: unmapped Write8 0x00000000 @ 0x00000C01 at PC 0x010F3548
[   5.575681] HW.Memory <Error> core\memory.cpp:Memory::MemorySystem::Write:528: unmapped Write8 0x00000000 @ 0x00000C02 at PC 0x010F3548
[   5.575682] HW.Memory <Error> core\memory.cpp:Memory::MemorySystem::Write:528: unmapped Write8 0x00000000 @ 0x00000C03 at PC 0x010F3548
[   5.575682] HW.Memory <Error> core\memory.cpp:Memory::MemorySystem::Write:528: unmapped Write8 0x00000000 @ 0x00000C04 at PC 0x010F3548
[   5.575683] HW.Memory <Error> core\memory.cpp:Memory::MemorySystem::Write:528: unmapped Write8 0x00000000 @ 0x00000C05 at PC 0x010F3548
[   5.575684] HW.Memory <Error> core\memory.cpp:Memory::MemorySystem::Write:528: unmapped Write8 0x00000000 @ 0x00000C06 at PC 0x010F3548
[   5.575684] HW.Memory <Error> core\memory.cpp:Memory::MemorySystem::Write:528: unmapped Write8 0x00000000 @ 0x00000C07 at PC 0x010F3548
[   5.575685] HW.Memory <Error> core\memory.cpp:Memory::MemorySystem::Write:528: unmapped Write8 0x00000000 @ 0x00000C08 at PC 0x010F3548
[   5.575685] HW.Memory <Error> core\memory.cpp:Memory::MemorySystem::Write:528: unmapped Write8 0x00000000 @ 0x00000C09 at PC 0x010F3548
[   5.575686] HW.Memory <Error> core\memory.cpp:Memory::MemorySystem::Write:528: unmapped Write8 0x00000000 @ 0x00000C0A at PC 0x010F3548
[   5.575686] HW.Memory <Error> core\memory.cpp:Memory::MemorySystem::Write:528: unmapped Write8 0x00000000 @ 0x00000C0B at PC 0x010F3548
[   5.575687] HW.Memory <Error> core\memory.cpp:Memory::MemorySystem::Write:528: unmapped Write8 0x00000000 @ 0x00000C0C at PC 0x010F3548
[   5.575687] HW.Memory <Error> core\memory.cpp:Memory::MemorySystem::Write:528: unmapped Write8 0x00000000 @ 0x00000C0D at PC 0x010F3548
[   5.575688] HW.Memory <Error> core\memory.cpp:Memory::MemorySystem::Write:528: unmapped Write8 0x00000000 @ 0x00000C0E at PC 0x010F3548
[   5.575688] HW.Memory <Error> core\memory.cpp:Memory::MemorySystem::Write:528: unmapped Write8 0x00000000 @ 0x00000C0F at PC 0x010F3548
[   5.575689] HW.Memory <Error> core\memory.cpp:Memory::MemorySystem::Write:528: unmapped Write8 0x00000000 @ 0x00000C10 at PC 0x010F3548
[   5.575689] HW.Memory <Error> core\memory.cpp:Memory::MemorySystem::Write:528: unmapped Write8 0x00000000 @ 0x00000C11 at PC 0x010F3548
[   5.575690] HW.Memory <Error> core\memory.cpp:Memory::MemorySystem::Write:528: unmapped Write8 0x00000000 @ 0x00000C12 at PC 0x010F3548
[   5.575690] HW.Memory <Error> core\memory.cpp:Memory::MemorySystem::Write:528: unmapped Write8 0x00000000 @ 0x00000C13 at PC 0x010F3548
[   5.575691] HW.Memory <Error> core\memory.cpp:Memory::MemorySystem::Write:528: unmapped Write8 0x00000000 @ 0x00000C14 at PC 0x010F3548
[   5.575691] HW.Memory <Error> core\memory.cpp:Memory::MemorySystem::Write:528: unmapped Write8 0x00000000 @ 0x00000C15 at PC 0x010F3548
[   5.575692] HW.Memory <Error> core\memory.cpp:Memory::MemorySystem::Write:528: unmapped Write8 0x00000000 @ 0x00000C16 at PC 0x010F3548
[   5.575692] HW.Memory <Error> core\memory.cpp:Memory::MemorySystem::Write:528: unmapped Write8 0x00000000 @ 0x00000C17 at PC 0x010F3548
[   5.575693] HW.Memory <Error> core\memory.cpp:Memory::MemorySystem::Write:528: unmapped Write8 0x00000000 @ 0x00000C18 at PC 0x010F3548
[   5.575693] HW.Memory <Error> core\memory.cpp:Memory::MemorySystem::Write:528: unmapped Write8 0x00000000 @ 0x00000C19 at PC 0x010F3548
[   5.575694] HW.Memory <Error> core\memory.cpp:Memory::MemorySystem::Write:528: unmapped Write8 0x00000000 @ 0x00000C1A at PC 0x010F3548
[   5.575694] HW.Memory <Error> core\memory.cpp:Memory::MemorySystem::Write:528: unmapped Write8 0x00000000 @ 0x00000C1B at PC 0x010F3548
[   5.575695] HW.Memory <Error> core\memory.cpp:Memory::MemorySystem::Write:528: unmapped Write8 0x00000000 @ 0x00000C1C at PC 0x010F3548
[   5.575695] HW.Memory <Error> core\memory.cpp:Memory::MemorySystem::Write:528: unmapped Write8 0x00000000 @ 0x00000C1D at PC 0x010F3548
[   5.575696] HW.Memory <Error> core\memory.cpp:Memory::MemorySystem::Write:528: unmapped Write8 0x00000000 @ 0x00000C1E at PC 0x010F3548
[   5.575696] HW.Memory <Error> core\memory.cpp:Memory::MemorySystem::Write:528: unmapped Write8 0x00000000 @ 0x00000C1F at PC 0x010F3548
[   5.575697] HW.Memory <Error> core\memory.cpp:Memory::MemorySystem::Write:528: unmapped Write8 0x00000000 @ 0x00000C20 at PC 0x010F3548
[   5.575697] HW.Memory <Error> core\memory.cpp:Memory::MemorySystem::Write:528: unmapped Write8 0x00000000 @ 0x00000C21 at PC 0x010F3548
[   5.575698] HW.Memory <Error> core\memory.cpp:Memory::MemorySystem::Write:528: unmapped Write8 0x00000000 @ 0x00000C22 at PC 0x010F3548
[   5.575698] HW.Memory <Error> core\memory.cpp:Memory::MemorySystem::Write:528: unmapped Write8 0x00000000 @ 0x00000C23 at PC 0x010F3548
[   5.575699] HW.Memory <Error> core\memory.cpp:Memory::MemorySystem::Write:528: unmapped Write8 0x00000000 @ 0x00000C24 at PC 0x010F3548
[   5.575700] HW.Memory <Error> core\memory.cpp:Memory::MemorySystem::Write:528: unmapped Write8 0x00000000 @ 0x00000C25 at PC 0x010F3548
[   5.575700] HW.Memory <Error> core\memory.cpp:Memory::MemorySystem::Write:528: unmapped Write8 0x00000000 @ 0x00000C26 at PC 0x010F3548
[   5.575701] HW.Memory <Error> core\memory.cpp:Memory::MemorySystem::Write:528: unmapped Write8 0x00000000 @ 0x00000C27 at PC 0x010F3548
[   5.575702] HW.Memory <Error> core\memory.cpp:Memory::MemorySystem::Read:479: unmapped Read8 @ 0x00000C28 at PC 0x010F348C
[   5.575703] HW.Memory <Error> core\memory.cpp:Memory::MemorySystem::Read:479: unmapped Read8 @ 0x00000828 at PC 0x010F348C
[   5.575704] HW.Memory <Error> core\memory.cpp:Memory::MemorySystem::Write:528: unmapped Write16 0x00000000 @ 0x00000024 at PC 0x010F34D0
[   5.575709] HW.Memory <Error> core\memory.cpp:Memory::MemorySystem::Impl::ReadBlockImpl:178: unmapped ReadBlock @ 0x00000024 (start address = 0x00000024, size = 2) at PC 0x010F0A78
[   5.575714] Service.FS <Error> core\file_sys\archive_sdmc.cpp:FileSys::SDMCArchive::OpenFileBase:64: Invalid path [Wchar: ]
[   5.687501] RPC_Server <Info> core\rpc\server.cpp:Core::RPC::Server::NewRequestCallback:36: Received end packet
[   5.688837] Audio.DSP <Info> audio_core\hle\aac_decoder.cpp:AudioCore::HLE::AACDecoder::~AACDecoder:35: Destroyed FAAD2 AAC decoder.
[   5.690003] Audio.Sink <Info> audio_core\cubeb_sink.cpp:AudioCore::CubebSink::Impl::StateCallback:138: Cubeb Audio Stream Stopped
[   5.703798] Kernel <Info> core\hle\kernel\process.cpp:Kernel::Process::~Process:634: Cleaning up process 11
[   5.703798] Kernel <Info> core\hle\kernel\process.cpp:Kernel::Process::~Process:634: Cleaning up process 11
