[   0.000478] Config <Info> citra\config.cpp:Config::LoadINI:46: Successfully loaded C:\Users\weyst\AppData\Roaming/Citra/config/sdl2-config.ini
[   0.126109] Input <Info> input_common\udp\client.cpp:InputCommon::CemuhookUDP::Client::StartCommunication:206: Starting communication with UDP input server on 127.0.0.1:26760
[   1.047180] Frontend <Info> citra\citra.cpp:main:404: Citra Version: Nightly 2104 | HEAD-0ff3440
[   1.047190] Config <Info> common\settings.cpp:Settings::LogSettings:83: Citra Configuration:
[   1.047194] Config <Info> common\settings.cpp:Settings::LogSettings::<lambda_1>::operator ():80: Core_UseCpuJit: true
[   1.047195] Config <Info> common\settings.cpp:Settings::LogSettings::<lambda_1>::operator ():80: Core_CPUClockPercentage: 100
[   1.047196] Config <Info> common\settings.cpp:Settings::LogSettings::<lambda_1>::operator ():80: Renderer_UseGLES: false
[   1.047196] Config <Info> common\settings.cpp:Settings::LogSettings::<lambda_1>::operator ():80: Renderer_GraphicsAPI: OpenGL
[   1.047197] Config <Info> common\settings.cpp:Settings::LogSettings::<lambda_1>::operator ():80: Renderer_AsyncShaders: false
[   1.047198] Config <Info> common\settings.cpp:Settings::LogSettings::<lambda_1>::operator ():80: Renderer_AsyncPresentation: true
[   1.047199] Config <Info> common\settings.cpp:Settings::LogSettings::<lambda_1>::operator ():80: Renderer_SpirvShaderGen: true
[   1.047199] Config <Info> common\settings.cpp:Settings::LogSettings::<lambda_1>::operator ():80: Renderer_Debug: false
[   1.047202] Config <Info> common\settings.cpp:Settings::LogSettings::<lambda_1>::operator ():80: Renderer_UseHwShader: true
[   1.047205] Config <Info> common\settings.cpp:Settings::LogSettings::<lambda_1>::operator ():80: Renderer_ShadersAccurateMul: true
[   1.047206] Config <Info> common\settings.cpp:Settings::LogSettings::<lambda_1>::operator ():80: Renderer_UseShaderJit: true
[   1.047209] Config <Info> common\settings.cpp:Settings::LogSettings::<lambda_1>::operator ():80: Renderer_UseResolutionFactor: 1
[   1.047210] Config <Info> common\settings.cpp:Settings::LogSettings::<lambda_1>::operator ():80: Renderer_FrameLimit: 100
[   1.047211] Config <Info> common\settings.cpp:Settings::LogSettings::<lambda_1>::operator ():80: Renderer_VSyncNew: true
[   1.047213] Config <Info> common\settings.cpp:Settings::LogSettings::<lambda_1>::operator ():80: Renderer_PostProcessingShader: none (builtin)
[   1.047213] Config <Info> common\settings.cpp:Settings::LogSettings::<lambda_1>::operator ():80: Renderer_FilterMode: true
[   1.047214] Config <Info> common\settings.cpp:Settings::LogSettings::<lambda_1>::operator ():80: Renderer_TextureFilter: None
[   1.047215] Config <Info> common\settings.cpp:Settings::LogSettings::<lambda_1>::operator ():80: Renderer_TextureSampling: GameControlled
[   1.047217] Config <Info> common\settings.cpp:Settings::LogSettings::<lambda_1>::operator ():80: Stereoscopy_Render3d: 0
[   1.047218] Config <Info> common\settings.cpp:Settings::LogSettings::<lambda_1>::operator ():80: Stereoscopy_Factor3d: 0
[   1.047219] Config <Info> common\settings.cpp:Settings::LogSettings::<lambda_1>::operator ():80: Stereoscopy_MonoRenderOption: 0
[   1.047220] Config <Info> common\settings.cpp:Settings::LogSettings::<lambda_1>::operator ():80: Layout_LayoutOption: 0
[   1.047220] Config <Info> common\settings.cpp:Settings::LogSettings::<lambda_1>::operator ():80: Layout_SwapScreen: false
[   1.047221] Config <Info> common\settings.cpp:Settings::LogSettings::<lambda_1>::operator ():80: Layout_UprightScreen: false
[   1.047234] Config <Info> common\settings.cpp:Settings::LogSettings::<lambda_1>::operator ():80: Layout_LargeScreenProportion: 4
[   1.047235] Config <Info> common\settings.cpp:Settings::LogSettings::<lambda_1>::operator ():80: Utility_DumpTextures: false
[   1.047236] Config <Info> common\settings.cpp:Settings::LogSettings::<lambda_1>::operator ():80: Utility_CustomTextures: false
[   1.047237] Config <Info> common\settings.cpp:Settings::LogSettings::<lambda_1>::operator ():80: Utility_PreloadTextures: false
[   1.047237] Config <Info> common\settings.cpp:Settings::LogSettings::<lambda_1>::operator ():80: Utility_AsyncCustomLoading: true
[   1.047238] Config <Info> common\settings.cpp:Settings::LogSettings::<lambda_1>::operator ():80: Utility_UseDiskShaderCache: true
[   1.047239] Config <Info> common\settings.cpp:Settings::LogSettings::<lambda_1>::operator ():80: Audio_Emulation: HLE
[   1.047240] Config <Info> common\settings.cpp:Settings::LogSettings::<lambda_1>::operator ():80: Audio_OutputType: 0
[   1.047240] Config <Info> common\settings.cpp:Settings::LogSettings::<lambda_1>::operator ():80: Audio_OutputDevice: auto
[   1.047241] Config <Info> common\settings.cpp:Settings::LogSettings::<lambda_1>::operator ():80: Audio_InputType: 0
[   1.047242] Config <Info> common\settings.cpp:Settings::LogSettings::<lambda_1>::operator ():80: Audio_InputDevice: auto
[   1.047242] Config <Info> common\settings.cpp:Settings::LogSettings::<lambda_1>::operator ():80: Audio_EnableAudioStretching: true
[   1.047243] Config <Info> common\settings.cpp:Settings::LogSettings::<lambda_1>::operator ():80: Camera_OuterRightName: blank
[   1.047244] Config <Info> common\settings.cpp:Settings::LogSettings::<lambda_1>::operator ():80: Camera_OuterRightConfig: 
[   1.047244] Config <Info> common\settings.cpp:Settings::LogSettings::<lambda_1>::operator ():80: Camera_OuterRightFlip: 0
[   1.047245] Config <Info> common\settings.cpp:Settings::LogSettings::<lambda_1>::operator ():80: Camera_InnerName: blank
[   1.047245] Config <Info> common\settings.cpp:Settings::LogSettings::<lambda_1>::operator ():80: Camera_InnerConfig: 
[   1.047246] Config <Info> common\settings.cpp:Settings::LogSettings::<lambda_1>::operator ():80: Camera_InnerFlip: 0
[   1.047247] Config <Info> common\settings.cpp:Settings::LogSettings::<lambda_1>::operator ():80: Camera_OuterLeftName: blank
[   1.047247] Config <Info> common\settings.cpp:Settings::LogSettings::<lambda_1>::operator ():80: Camera_OuterLeftConfig: 
[   1.047249] Config <Info> common\settings.cpp:Settings::LogSettings::<lambda_1>::operator ():80: Camera_OuterLeftFlip: 0
[   1.047250] Config <Info> common\settings.cpp:Settings::LogSettings::<lambda_1>::operator ():80: DataStorage_UseVirtualSd: true
[   1.047250] Config <Info> common\settings.cpp:Settings::LogSettings::<lambda_1>::operator ():80: DataStorage_UseCustomStorage: false
[   1.047251] Config <Info> common\settings.cpp:Settings::LogSettings::<lambda_1>::operator ():80: System_IsNew3ds: true
[   1.047252] Config <Info> common\settings.cpp:Settings::LogSettings::<lambda_1>::operator ():80: System_LLEApplets: false
[   1.047253] Config <Info> common\settings.cpp:Settings::LogSettings::<lambda_1>::operator ():80: System_RegionValue: -1
[   1.047253] Config <Info> common\settings.cpp:Settings::LogSettings::<lambda_1>::operator ():80: System_PluginLoader: false
[   1.047254] Config <Info> common\settings.cpp:Settings::LogSettings::<lambda_1>::operator ():80: System_PluginLoaderAllowed: true
[   1.047254] Config <Info> common\settings.cpp:Settings::LogSettings::<lambda_1>::operator ():80: Debugging_DelayStartForLLEModules: true
[   1.047255] Config <Info> common\settings.cpp:Settings::LogSettings::<lambda_1>::operator ():80: Debugging_UseGdbstub: false
[   1.047255] Config <Info> common\settings.cpp:Settings::LogSettings::<lambda_1>::operator ():80: Debugging_GdbstubPort: 24689
[   1.125463] Audio.DSP <Info> audio_core\hle\aac_decoder.cpp:AudioCore::HLE::AACDecoder::AACDecoder:27: Created FAAD2 AAC decoder.
[   1.190179] Audio.Sink <Info> audio_core\cubeb_sink.cpp:AudioCore::CubebSink::Impl::StateCallback:135: Cubeb Audio Stream Started
[   1.190210] RPC_Server <Info> core\rpc\rpc_server.cpp:Core::RPC::RPCServer::RPCServer:14: Starting RPC server.
[   1.190523] RPC_Server <Info> core\rpc\rpc_server.cpp:Core::RPC::RPCServer::HandleRequestsLoop:104: Request handler started.
[   1.192701] Service.HTTP <Error> core\hle\service\http\http_c.cpp:Service::HTTP::HTTP_C::DecryptClCertA:1974: ClCertA file missing
[   1.192820] Render.OpenGL <Info> video_core\renderer_opengl\gl_driver.cpp:OpenGL::Driver::ReportDriverInfo:135: GL_VERSION: 4.3.0 NVIDIA 591.74
[   1.192821] Render.OpenGL <Info> video_core\renderer_opengl\gl_driver.cpp:OpenGL::Driver::ReportDriverInfo:136: GL_VENDOR: NVIDIA Corporation
[   1.192822] Render.OpenGL <Info> video_core\renderer_opengl\gl_driver.cpp:OpenGL::Driver::ReportDriverInfo:137: GL_RENDERER: NVIDIA GeForce RTX 4050 Laptop GPU/PCIe/SSE2
[   1.445291] Loader <Info> core\loader\ncch.cpp:Loader::AppLoader_NCCH::Load:268: Program ID: 0004000000F0A100
[   1.445418] Service.FS <Warning> core\file_sys\ncch_container.cpp:FileSys::NCCHContainer::OpenFile:126: Failed to open C:\Users\weyst\AppData\Roaming/Citra/sdmc/Nintendo 3DS/00000000000000000000000000000000/00000000000000000000000000000000/title/0004000e/00f0a100/content/00000000.app
[   1.530256] Loader <Info> core\hle\kernel\process.cpp:Kernel::Process::ParseKernelCaps:196: ExHeader kernel version: 2.33
[   1.542130] Render.OpenGL <Info> video_core\renderer_opengl\gl_shader_disk_cache.cpp:OpenGL::ShaderDiskCache::LoadTransferable:175: Found a transferable disk cache with 0 entries
[   1.542145] Render.OpenGL <Info> video_core\renderer_opengl\gl_shader_disk_cache.cpp:OpenGL::ShaderDiskCache::LoadPrecompiled:186: No precompiled shader cache found for game with title id=0004000000F0A100
[   4.907449] Service.SRV <Warning> core\hle\service\sm\srv.cpp:Service::SM::SRV::RegisterClient:63: (STUBBED) called. Caller PID=11
[   4.934774] Service.APT <Warning> core\hle\service\apt\apt.cpp:Service::APT::Module::APTInterface::NotifyToWait:343: (STUBBED) app_id=768
[   4.935623] Service <Error> core\hle\service\service.cpp:Service::ServiceFrameworkBase::ReportUnimplementedFunction:168: unknown / unimplemented function 'ConfigureNew3DSCPU': port='ptm:sysm' cmd_buf={[0]=0x8180040 (0x0818, 1, 0), [1]=0x0}
[   4.935811] Service.APT <Warning> core\hle\service\apt\apt.cpp:Service::APT::Module::APTInterface::AppletUtility:694: (STUBBED) called command=0X00000007, input_size=0X00000004, output_size=0X00000001
[   4.935947] Service.APT <Warning> core\hle\service\apt\apt.cpp:Service::APT::Module::APTInterface::AppletUtility:694: (STUBBED) called command=0X00000004, input_size=0X00000001, output_size=0X00000001
[   5.168675] Service.FS <Error> core/file_sys/archive_backend.h:FileSys::ArchiveBackend::GetOpenDelayNs:194: Delay generator was not initalized. Using default
[   5.185823] HW.Memory <Error> core\memory.cpp:Memory::MemorySystem::Write:528: unmapped Write8 0x0000002F @ 0x00000828 at PC 0x010F3548
[   5.185830] HW.Memory <Error> core\memory.cpp:Memory::MemorySystem::Write:528: unmapped Write8 0x0000006F @ 0x00000829 at PC 0x010F3548
[   5.185831] HW.Memory <Error> core\memory.cpp:Memory::MemorySystem::Write:528: unmapped Write8 0x00000070 @ 0x0000082A at PC 0x010F3548
[   5.185831] HW.Memory <Error> core\memory.cpp:Memory::MemorySystem::Write:528: unmapped Write8 0x00000065 @ 0x0000082B at PC 0x010F3548
[   5.185832] HW.Memory <Error> core\memory.cpp:Memory::MemorySystem::Write:528: unmapped Write8 0x0000006E @ 0x0000082C at PC 0x010F3548
[   5.185832] HW.Memory <Error> core\memory.cpp:Memory::MemorySystem::Write:528: unmapped Write8 0x00000073 @ 0x0000082D at PC 0x010F3548
[   5.185832] HW.Memory <Error> core\memory.cpp:Memory::MemorySystem::Write:528: unmapped Write8 0x00000062 @ 0x0000082E at PC 0x010F3548
[   5.185833] HW.Memory <Error> core\memory.cpp:Memory::MemorySystem::Write:528: unmapped Write8 0x0000005F @ 0x0000082F at PC 0x010F3548
[   5.185833] HW.Memory <Error> core\memory.cpp:Memory::MemorySystem::Write:528: unmapped Write8 0x0000006D @ 0x00000830 at PC 0x010F3548
[   5.185834] HW.Memory <Error> core\memory.cpp:Memory::MemorySystem::Write:528: unmapped Write8 0x00000061 @ 0x00000831 at PC 0x010F3548
[   5.185834] HW.Memory <Error> core\memory.cpp:Memory::MemorySystem::Write:528: unmapped Write8 0x00000069 @ 0x00000832 at PC 0x010F3548
[   5.185835] HW.Memory <Error> core\memory.cpp:Memory::MemorySystem::Write:528: unmapped Write8 0x0000006E @ 0x00000833 at PC 0x010F3548
[   5.185835] HW.Memory <Error> core\memory.cpp:Memory::MemorySystem::Write:528: unmapped Write8 0x0000002E @ 0x00000834 at PC 0x010F3548
[   5.185835] HW.Memory <Error> core\memory.cpp:Memory::MemorySystem::Write:528: unmapped Write8 0x0000006C @ 0x00000835 at PC 0x010F3548
[   5.185836] HW.Memory <Error> core\memory.cpp:Memory::MemorySystem::Write:528: unmapped Write8 0x0000006F @ 0x00000836 at PC 0x010F3548
[   5.185836] HW.Memory <Error> core\memory.cpp:Memory::MemorySystem::Write:528: unmapped Write8 0x00000067 @ 0x00000837 at PC 0x010F3548
[   5.185837] HW.Memory <Error> core\memory.cpp:Memory::MemorySystem::Write:528: unmapped Write8 0x00000000 @ 0x00000838 at PC 0x010F3548
[   5.185837] HW.Memory <Error> core\memory.cpp:Memory::MemorySystem::Write:528: unmapped Write8 0x00000000 @ 0x00000839 at PC 0x010F3548
[   5.185838] HW.Memory <Error> core\memory.cpp:Memory::MemorySystem::Write:528: unmapped Write8 0x00000000 @ 0x0000083A at PC 0x010F3548
[   5.185838] HW.Memory <Error> core\memory.cpp:Memory::MemorySystem::Write:528: unmapped Write8 0x00000000 @ 0x0000083B at PC 0x010F3548
[   5.185839] HW.Memory <Error> core\memory.cpp:Memory::MemorySystem::Write:528: unmapped Write8 0x00000000 @ 0x0000083C at PC 0x010F3548
[   5.185839] HW.Memory <Error> core\memory.cpp:Memory::MemorySystem::Write:528: unmapped Write8 0x00000000 @ 0x0000083D at PC 0x010F3548
[   5.185840] HW.Memory <Error> core\memory.cpp:Memory::MemorySystem::Write:528: unmapped Write8 0x00000000 @ 0x0000083E at PC 0x010F3548
[   5.185840] HW.Memory <Error> core\memory.cpp:Memory::MemorySystem::Write:528: unmapped Write8 0x00000000 @ 0x0000083F at PC 0x010F3548
[   5.185840] HW.Memory <Error> core\memory.cpp:Memory::MemorySystem::Write:528: unmapped Write8 0x00000000 @ 0x00000840 at PC 0x010F3548
[   5.185841] HW.Memory <Error> core\memory.cpp:Memory::MemorySystem::Write:528: unmapped Write8 0x00000000 @ 0x00000841 at PC 0x010F3548
[   5.185841] HW.Memory <Error> core\memory.cpp:Memory::MemorySystem::Write:528: unmapped Write8 0x00000000 @ 0x00000842 at PC 0x010F3548
[   5.185842] HW.Memory <Error> core\memory.cpp:Memory::MemorySystem::Write:528: unmapped Write8 0x00000000 @ 0x00000843 at PC 0x010F3548
[   5.185842] HW.Memory <Error> core\memory.cpp:Memory::MemorySystem::Write:528: unmapped Write8 0x00000000 @ 0x00000844 at PC 0x010F3548
[   5.185843] HW.Memory <Error> core\memory.cpp:Memory::MemorySystem::Write:528: unmapped Write8 0x00000000 @ 0x00000845 at PC 0x010F3548
[   5.185843] HW.Memory <Error> core\memory.cpp:Memory::MemorySystem::Write:528: unmapped Write8 0x00000000 @ 0x00000846 at PC 0x010F3548
[   5.185844] HW.Memory <Error> core\memory.cpp:Memory::MemorySystem::Write:528: unmapped Write8 0x00000000 @ 0x00000847 at PC 0x010F3548
[   5.185844] HW.Memory <Error> core\memory.cpp:Memory::MemorySystem::Write:528: unmapped Write8 0x00000000 @ 0x00000848 at PC 0x010F3548
[   5.185844] HW.Memory <Error> core\memory.cpp:Memory::MemorySystem::Write:528: unmapped Write8 0x00000000 @ 0x00000849 at PC 0x010F3548
[   5.185845] HW.Memory <Error> core\memory.cpp:Memory::MemorySystem::Write:528: unmapped Write8 0x00000000 @ 0x0000084A at PC 0x010F3548
[   5.185845] HW.Memory <Error> core\memory.cpp:Memory::MemorySystem::Write:528: unmapped Write8 0x00000000 @ 0x0000084B at PC 0x010F3548
[   5.185846] HW.Memory <Error> core\memory.cpp:Memory::MemorySystem::Write:528: unmapped Write8 0x00000000 @ 0x0000084C at PC 0x010F3548
[   5.185846] HW.Memory <Error> core\memory.cpp:Memory::MemorySystem::Write:528: unmapped Write8 0x00000000 @ 0x0000084D at PC 0x010F3548
[   5.185847] HW.Memory <Error> core\memory.cpp:Memory::MemorySystem::Write:528: unmapped Write8 0x00000000 @ 0x0000084E at PC 0x010F3548
[   5.185848] HW.Memory <Error> core\memory.cpp:Memory::MemorySystem::Write:528: unmapped Write8 0x00000000 @ 0x0000084F at PC 0x010F3548
[   5.185849] HW.Memory <Error> core\memory.cpp:Memory::MemorySystem::Write:528: unmapped Write8 0x00000000 @ 0x00000850 at PC 0x010F3548
[   5.185849] HW.Memory <Error> core\memory.cpp:Memory::MemorySystem::Write:528: unmapped Write8 0x00000000 @ 0x00000851 at PC 0x010F3548
[   5.185850] HW.Memory <Error> core\memory.cpp:Memory::MemorySystem::Write:528: unmapped Write8 0x00000000 @ 0x00000852 at PC 0x010F3548
[   5.185850] HW.Memory <Error> core\memory.cpp:Memory::MemorySystem::Write:528: unmapped Write8 0x00000000 @ 0x00000853 at PC 0x010F3548
[   5.185851] HW.Memory <Error> core\memory.cpp:Memory::MemorySystem::Write:528: unmapped Write8 0x00000000 @ 0x00000854 at PC 0x010F3548
[   5.185852] HW.Memory <Error> core\memory.cpp:Memory::MemorySystem::Write:528: unmapped Write8 0x00000000 @ 0x00000855 at PC 0x010F3548
[   5.185852] HW.Memory <Error> core\memory.cpp:Memory::MemorySystem::Write:528: unmapped Write8 0x00000000 @ 0x00000856 at PC 0x010F3548
[   5.185853] HW.Memory <Error> core\memory.cpp:Memory::MemorySystem::Write:528: unmapped Write8 0x00000000 @ 0x00000857 at PC 0x010F3548
[   5.185854] HW.Memory <Error> core\memory.cpp:Memory::MemorySystem::Write:528: unmapped Write8 0x00000000 @ 0x00000858 at PC 0x010F3548
[   5.185854] HW.Memory <Error> core\memory.cpp:Memory::MemorySystem::Write:528: unmapped Write8 0x00000000 @ 0x00000859 at PC 0x010F3548
[   5.185855] HW.Memory <Error> core\memory.cpp:Memory::MemorySystem::Write:528: unmapped Write8 0x00000000 @ 0x0000085A at PC 0x010F3548
[   5.185855] HW.Memory <Error> core\memory.cpp:Memory::MemorySystem::Write:528: unmapped Write8 0x00000000 @ 0x0000085B at PC 0x010F3548
[   5.185856] HW.Memory <Error> core\memory.cpp:Memory::MemorySystem::Write:528: unmapped Write8 0x00000000 @ 0x0000085C at PC 0x010F3548
[   5.185857] HW.Memory <Error> core\memory.cpp:Memory::MemorySystem::Write:528: unmapped Write8 0x00000000 @ 0x0000085D at PC 0x010F3548
[   5.185857] HW.Memory <Error> core\memory.cpp:Memory::MemorySystem::Write:528: unmapped Write8 0x00000000 @ 0x0000085E at PC 0x010F3548
[   5.185858] HW.Memory <Error> core\memory.cpp:Memory::MemorySystem::Write:528: unmapped Write8 0x00000000 @ 0x0000085F at PC 0x010F3548
[   5.185859] HW.Memory <Error> core\memory.cpp:Memory::MemorySystem::Write:528: unmapped Write8 0x00000000 @ 0x00000860 at PC 0x010F3548
[   5.185862] HW.Memory <Error> core\memory.cpp:Memory::MemorySystem::Write:528: unmapped Write8 0x00000000 @ 0x00000861 at PC 0x010F3548
[   5.185863] HW.Memory <Error> core\memory.cpp:Memory::MemorySystem::Write:528: unmapped Write8 0x00000000 @ 0x00000862 at PC 0x010F3548
[   5.185865] HW.Memory <Error> core\memory.cpp:Memory::MemorySystem::Write:528: unmapped Write8 0x00000000 @ 0x00000863 at PC 0x010F3548
[   5.185865] HW.Memory <Error> core\memory.cpp:Memory::MemorySystem::Write:528: unmapped Write8 0x00000000 @ 0x00000864 at PC 0x010F3548
[   5.185866] HW.Memory <Error> core\memory.cpp:Memory::MemorySystem::Write:528: unmapped Write8 0x00000000 @ 0x00000865 at PC 0x010F3548
[   5.185867] HW.Memory <Error> core\memory.cpp:Memory::MemorySystem::Write:528: unmapped Write8 0x00000000 @ 0x00000866 at PC 0x010F3548
[   5.185867] HW.Memory <Error> core\memory.cpp:Memory::MemorySystem::Write:528: unmapped Write8 0x00000000 @ 0x00000867 at PC 0x010F3548
[   5.185868] HW.Memory <Error> core\memory.cpp:Memory::MemorySystem::Write:528: unmapped Write8 0x00000000 @ 0x00000868 at PC 0x010F3548
[   5.185868] HW.Memory <Error> core\memory.cpp:Memory::MemorySystem::Write:528: unmapped Write8 0x00000000 @ 0x00000869 at PC 0x010F3548
[   5.185869] HW.Memory <Error> core\memory.cpp:Memory::MemorySystem::Write:528: unmapped Write8 0x00000000 @ 0x0000086A at PC 0x010F3548
[   5.185869] HW.Memory <Error> core\memory.cpp:Memory::MemorySystem::Write:528: unmapped Write8 0x00000000 @ 0x0000086B at PC 0x010F3548
[   5.185870] HW.Memory <Error> core\memory.cpp:Memory::MemorySystem::Write:528: unmapped Write8 0x00000000 @ 0x0000086C at PC 0x010F3548
[   5.185870] HW.Memory <Error> core\memory.cpp:Memory::MemorySystem::Write:528: unmapped Write8 0x00000000 @ 0x0000086D at PC 0x010F3548
[   5.185871] HW.Memory <Error> core\memory.cpp:Memory::MemorySystem::Write:528: unmapped Write8 0x00000000 @ 0x0000086E at PC 0x010F3548
[   5.185871] HW.Memory <Error> core\memory.cpp:Memory::MemorySystem::Write:528: unmapped Write8 0x00000000 @ 0x0000086F at PC 0x010F3548
[   5.185872] HW.Memory <Error> core\memory.cpp:Memory::MemorySystem::Write:528: unmapped Write8 0x00000000 @ 0x00000870 at PC 0x010F3548
[   5.185872] HW.Memory <Error> core\memory.cpp:Memory::MemorySystem::Write:528: unmapped Write8 0x00000000 @ 0x00000871 at PC 0x010F3548
[   5.185873] HW.Memory <Error> core\memory.cpp:Memory::MemorySystem::Write:528: unmapped Write8 0x00000000 @ 0x00000872 at PC 0x010F3548
[   5.185873] HW.Memory <Error> core\memory.cpp:Memory::MemorySystem::Write:528: unmapped Write8 0x00000000 @ 0x00000873 at PC 0x010F3548
[   5.185874] HW.Memory <Error> core\memory.cpp:Memory::MemorySystem::Write:528: unmapped Write8 0x00000000 @ 0x00000874 at PC 0x010F3548
[   5.185874] HW.Memory <Error> core\memory.cpp:Memory::MemorySystem::Write:528: unmapped Write8 0x00000000 @ 0x00000875 at PC 0x010F3548
[   5.185875] HW.Memory <Error> core\memory.cpp:Memory::MemorySystem::Write:528: unmapped Write8 0x00000000 @ 0x00000876 at PC 0x010F3548
[   5.185875] HW.Memory <Error> core\memory.cpp:Memory::MemorySystem::Write:528: unmapped Write8 0x00000000 @ 0x00000877 at PC 0x010F3548
[   5.185876] HW.Memory <Error> core\memory.cpp:Memory::MemorySystem::Write:528: unmapped Write8 0x00000000 @ 0x00000878 at PC 0x010F3548
[   5.185876] HW.Memory <Error> core\memory.cpp:Memory::MemorySystem::Write:528: unmapped Write8 0x00000000 @ 0x00000879 at PC 0x010F3548
[   5.185877] HW.Memory <Error> core\memory.cpp:Memory::MemorySystem::Write:528: unmapped Write8 0x00000000 @ 0x0000087A at PC 0x010F3548
[   5.185877] HW.Memory <Error> core\memory.cpp:Memory::MemorySystem::Write:528: unmapped Write8 0x00000000 @ 0x0000087B at PC 0x010F3548
[   5.185878] HW.Memory <Error> core\memory.cpp:Memory::MemorySystem::Write:528: unmapped Write8 0x00000000 @ 0x0000087C at PC 0x010F3548
[   5.185878] HW.Memory <Error> core\memory.cpp:Memory::MemorySystem::Write:528: unmapped Write8 0x00000000 @ 0x0000087D at PC 0x010F3548
[   5.185878] HW.Memory <Error> core\memory.cpp:Memory::MemorySystem::Write:528: unmapped Write8 0x00000000 @ 0x0000087E at PC 0x010F3548
[   5.185879] HW.Memory <Error> core\memory.cpp:Memory::MemorySystem::Write:528: unmapped Write8 0x00000000 @ 0x0000087F at PC 0x010F3548
[   5.185879] HW.Memory <Error> core\memory.cpp:Memory::MemorySystem::Write:528: unmapped Write8 0x00000000 @ 0x00000880 at PC 0x010F3548
[   5.185880] HW.Memory <Error> core\memory.cpp:Memory::MemorySystem::Write:528: unmapped Write8 0x00000000 @ 0x00000881 at PC 0x010F3548
[   5.185880] HW.Memory <Error> core\memory.cpp:Memory::MemorySystem::Write:528: unmapped Write8 0x00000000 @ 0x00000882 at PC 0x010F3548
[   5.185881] HW.Memory <Error> core\memory.cpp:Memory::MemorySystem::Write:528: unmapped Write8 0x00000000 @ 0x00000883 at PC 0x010F3548
[   5.185881] HW.Memory <Error> core\memory.cpp:Memory::MemorySystem::Write:528: unmapped Write8 0x00000000 @ 0x00000884 at PC 0x010F3548
[   5.185882] HW.Memory <Error> core\memory.cpp:Memory::MemorySystem::Write:528: unmapped Write8 0x00000000 @ 0x00000885 at PC 0x010F3548
[   5.185882] HW.Memory <Error> core\memory.cpp:Memory::MemorySystem::Write:528: unmapped Write8 0x00000000 @ 0x00000886 at PC 0x010F3548
[   5.185883] HW.Memory <Error> core\memory.cpp:Memory::MemorySystem::Write:528: unmapped Write8 0x00000000 @ 0x00000887 at PC 0x010F3548
[   5.185883] HW.Memory <Error> core\memory.cpp:Memory::MemorySystem::Write:528: unmapped Write8 0x00000000 @ 0x00000888 at PC 0x010F3548
[   5.185883] HW.Memory <Error> core\memory.cpp:Memory::MemorySystem::Write:528: unmapped Write8 0x00000000 @ 0x00000889 at PC 0x010F3548
[   5.185884] HW.Memory <Error> core\memory.cpp:Memory::MemorySystem::Write:528: unmapped Write8 0x00000000 @ 0x0000088A at PC 0x010F3548
[   5.185884] HW.Memory <Error> core\memory.cpp:Memory::MemorySystem::Write:528: unmapped Write8 0x00000000 @ 0x0000088B at PC 0x010F3548
[   5.185885] HW.Memory <Error> core\memory.cpp:Memory::MemorySystem::Write:528: unmapped Write8 0x00000000 @ 0x0000088C at PC 0x010F3548
[   5.185885] HW.Memory <Error> core\memory.cpp:Memory::MemorySystem::Write:528: unmapped Write8 0x00000000 @ 0x0000088D at PC 0x010F3548
[   5.185886] HW.Memory <Error> core\memory.cpp:Memory::MemorySystem::Write:528: unmapped Write8 0x00000000 @ 0x0000088E at PC 0x010F3548
[   5.185886] HW.Memory <Error> core\memory.cpp:Memory::MemorySystem::Write:528: unmapped Write8 0x00000000 @ 0x0000088F at PC 0x010F3548
[   5.185887] HW.Memory <Error> core\memory.cpp:Memory::MemorySystem::Write:528: unmapped Write8 0x00000000 @ 0x00000890 at PC 0x010F3548
[   5.185887] HW.Memory <Error> core\memory.cpp:Memory::MemorySystem::Write:528: unmapped Write8 0x00000000 @ 0x00000891 at PC 0x010F3548
[   5.185888] HW.Memory <Error> core\memory.cpp:Memory::MemorySystem::Write:528: unmapped Write8 0x00000000 @ 0x00000892 at PC 0x010F3548
[   5.185889] HW.Memory <Error> core\memory.cpp:Memory::MemorySystem::Write:528: unmapped Write8 0x00000000 @ 0x00000893 at PC 0x010F3548
[   5.185889] HW.Memory <Error> core\memory.cpp:Memory::MemorySystem::Write:528: unmapped Write8 0x00000000 @ 0x00000894 at PC 0x010F3548
[   5.185890] HW.Memory <Error> core\memory.cpp:Memory::MemorySystem::Write:528: unmapped Write8 0x00000000 @ 0x00000895 at PC 0x010F3548
[   5.185890] HW.Memory <Error> core\memory.cpp:Memory::MemorySystem::Write:528: unmapped Write8 0x00000000 @ 0x00000896 at PC 0x010F3548
[   5.185891] HW.Memory <Error> core\memory.cpp:Memory::MemorySystem::Write:528: unmapped Write8 0x00000000 @ 0x00000897 at PC 0x010F3548
[   5.185891] HW.Memory <Error> core\memory.cpp:Memory::MemorySystem::Write:528: unmapped Write8 0x00000000 @ 0x00000898 at PC 0x010F3548
[   5.185892] HW.Memory <Error> core\memory.cpp:Memory::MemorySystem::Write:528: unmapped Write8 0x00000000 @ 0x00000899 at PC 0x010F3548
[   5.185893] HW.Memory <Error> core\memory.cpp:Memory::MemorySystem::Write:528: unmapped Write8 0x00000000 @ 0x0000089A at PC 0x010F3548
[   5.185893] HW.Memory <Error> core\memory.cpp:Memory::MemorySystem::Write:528: unmapped Write8 0x00000000 @ 0x0000089B at PC 0x010F3548
[   5.185893] HW.Memory <Error> core\memory.cpp:Memory::MemorySystem::Write:528: unmapped Write8 0x00000000 @ 0x0000089C at PC 0x010F3548
[   5.185894] HW.Memory <Error> core\memory.cpp:Memory::MemorySystem::Write:528: unmapped Write8 0x00000000 @ 0x0000089D at PC 0x010F3548
[   5.185895] HW.Memory <Error> core\memory.cpp:Memory::MemorySystem::Write:528: unmapped Write8 0x00000000 @ 0x0000089E at PC 0x010F3548
[   5.185895] HW.Memory <Error> core\memory.cpp:Memory::MemorySystem::Write:528: unmapped Write8 0x00000000 @ 0x0000089F at PC 0x010F3548
[   5.185896] HW.Memory <Error> core\memory.cpp:Memory::MemorySystem::Write:528: unmapped Write8 0x00000000 @ 0x000008A0 at PC 0x010F3548
[   5.185896] HW.Memory <Error> core\memory.cpp:Memory::MemorySystem::Write:528: unmapped Write8 0x00000000 @ 0x000008A1 at PC 0x010F3548
[   5.185897] HW.Memory <Error> core\memory.cpp:Memory::MemorySystem::Write:528: unmapped Write8 0x00000000 @ 0x000008A2 at PC 0x010F3548
[   5.185897] HW.Memory <Error> core\memory.cpp:Memory::MemorySystem::Write:528: unmapped Write8 0x00000000 @ 0x000008A3 at PC 0x010F3548
[   5.185898] HW.Memory <Error> core\memory.cpp:Memory::MemorySystem::Write:528: unmapped Write8 0x00000000 @ 0x000008A4 at PC 0x010F3548
[   5.185898] HW.Memory <Error> core\memory.cpp:Memory::MemorySystem::Write:528: unmapped Write8 0x00000000 @ 0x000008A5 at PC 0x010F3548
[   5.185899] HW.Memory <Error> core\memory.cpp:Memory::MemorySystem::Write:528: unmapped Write8 0x00000000 @ 0x000008A6 at PC 0x010F3548
[   5.185900] HW.Memory <Error> core\memory.cpp:Memory::MemorySystem::Write:528: unmapped Write8 0x00000000 @ 0x000008A7 at PC 0x010F3548
[   5.185900] HW.Memory <Error> core\memory.cpp:Memory::MemorySystem::Write:528: unmapped Write8 0x00000000 @ 0x000008A8 at PC 0x010F3548
[   5.185901] HW.Memory <Error> core\memory.cpp:Memory::MemorySystem::Write:528: unmapped Write8 0x00000000 @ 0x000008A9 at PC 0x010F3548
[   5.185901] HW.Memory <Error> core\memory.cpp:Memory::MemorySystem::Write:528: unmapped Write8 0x00000000 @ 0x000008AA at PC 0x010F3548
[   5.185902] HW.Memory <Error> core\memory.cpp:Memory::MemorySystem::Write:528: unmapped Write8 0x00000000 @ 0x000008AB at PC 0x010F3548
[   5.185902] HW.Memory <Error> core\memory.cpp:Memory::MemorySystem::Write:528: unmapped Write8 0x00000000 @ 0x000008AC at PC 0x010F3548
[   5.185903] HW.Memory <Error> core\memory.cpp:Memory::MemorySystem::Write:528: unmapped Write8 0x00000000 @ 0x000008AD at PC 0x010F3548
[   5.185903] HW.Memory <Error> core\memory.cpp:Memory::MemorySystem::Write:528: unmapped Write8 0x00000000 @ 0x000008AE at PC 0x010F3548
[   5.185904] HW.Memory <Error> core\memory.cpp:Memory::MemorySystem::Write:528: unmapped Write8 0x00000000 @ 0x000008AF at PC 0x010F3548
[   5.185904] HW.Memory <Error> core\memory.cpp:Memory::MemorySystem::Write:528: unmapped Write8 0x00000000 @ 0x000008B0 at PC 0x010F3548
[   5.185904] HW.Memory <Error> core\memory.cpp:Memory::MemorySystem::Write:528: unmapped Write8 0x00000000 @ 0x000008B1 at PC 0x010F3548
[   5.185905] HW.Memory <Error> core\memory.cpp:Memory::MemorySystem::Write:528: unmapped Write8 0x00000000 @ 0x000008B2 at PC 0x010F3548
[   5.185905] HW.Memory <Error> core\memory.cpp:Memory::MemorySystem::Write:528: unmapped Write8 0x00000000 @ 0x000008B3 at PC 0x010F3548
[   5.185906] HW.Memory <Error> core\memory.cpp:Memory::MemorySystem::Write:528: unmapped Write8 0x00000000 @ 0x000008B4 at PC 0x010F3548
[   5.185906] HW.Memory <Error> core\memory.cpp:Memory::MemorySystem::Write:528: unmapped Write8 0x00000000 @ 0x000008B5 at PC 0x010F3548
[   5.185907] HW.Memory <Error> core\memory.cpp:Memory::MemorySystem::Write:528: unmapped Write8 0x00000000 @ 0x000008B6 at PC 0x010F3548
[   5.185907] HW.Memory <Error> core\memory.cpp:Memory::MemorySystem::Write:528: unmapped Write8 0x00000000 @ 0x000008B7 at PC 0x010F3548
[   5.185908] HW.Memory <Error> core\memory.cpp:Memory::MemorySystem::Write:528: unmapped Write8 0x00000000 @ 0x000008B8 at PC 0x010F3548
[   5.185908] HW.Memory <Error> core\memory.cpp:Memory::MemorySystem::Write:528: unmapped Write8 0x00000000 @ 0x000008B9 at PC 0x010F3548
[   5.185909] HW.Memory <Error> core\memory.cpp:Memory::MemorySystem::Write:528: unmapped Write8 0x00000000 @ 0x000008BA at PC 0x010F3548
[   5.185909] HW.Memory <Error> core\memory.cpp:Memory::MemorySystem::Write:528: unmapped Write8 0x00000000 @ 0x000008BB at PC 0x010F3548
[   5.185910] HW.Memory <Error> core\memory.cpp:Memory::MemorySystem::Write:528: unmapped Write8 0x00000000 @ 0x000008BC at PC 0x010F3548
[   5.185910] HW.Memory <Error> core\memory.cpp:Memory::MemorySystem::Write:528: unmapped Write8 0x00000000 @ 0x000008BD at PC 0x010F3548
[   5.185911] HW.Memory <Error> core\memory.cpp:Memory::MemorySystem::Write:528: unmapped Write8 0x00000000 @ 0x000008BE at PC 0x010F3548
[   5.185911] HW.Memory <Error> core\memory.cpp:Memory::MemorySystem::Write:528: unmapped Write8 0x00000000 @ 0x000008BF at PC 0x010F3548
[   5.185912] HW.Memory <Error> core\memory.cpp:Memory::MemorySystem::Write:528: unmapped Write8 0x00000000 @ 0x000008C0 at PC 0x010F3548
[   5.185912] HW.Memory <Error> core\memory.cpp:Memory::MemorySystem::Write:528: unmapped Write8 0x00000000 @ 0x000008C1 at PC 0x010F3548
[   5.185912] HW.Memory <Error> core\memory.cpp:Memory::MemorySystem::Write:528: unmapped Write8 0x00000000 @ 0x000008C2 at PC 0x010F3548
[   5.185913] HW.Memory <Error> core\memory.cpp:Memory::MemorySystem::Write:528: unmapped Write8 0x00000000 @ 0x000008C3 at PC 0x010F3548
[   5.185913] HW.Memory <Error> core\memory.cpp:Memory::MemorySystem::Write:528: unmapped Write8 0x00000000 @ 0x000008C4 at PC 0x010F3548
[   5.185914] HW.Memory <Error> core\memory.cpp:Memory::MemorySystem::Write:528: unmapped Write8 0x00000000 @ 0x000008C5 at PC 0x010F3548
[   5.185914] HW.Memory <Error> core\memory.cpp:Memory::MemorySystem::Write:528: unmapped Write8 0x00000000 @ 0x000008C6 at PC 0x010F3548
[   5.185915] HW.Memory <Error> core\memory.cpp:Memory::MemorySystem::Write:528: unmapped Write8 0x00000000 @ 0x000008C7 at PC 0x010F3548
[   5.185915] HW.Memory <Error> core\memory.cpp:Memory::MemorySystem::Write:528: unmapped Write8 0x00000000 @ 0x000008C8 at PC 0x010F3548
[   5.185916] HW.Memory <Error> core\memory.cpp:Memory::MemorySystem::Write:528: unmapped Write8 0x00000000 @ 0x000008C9 at PC 0x010F3548
[   5.185916] HW.Memory <Error> core\memory.cpp:Memory::MemorySystem::Write:528: unmapped Write8 0x00000000 @ 0x000008CA at PC 0x010F3548
[   5.185917] HW.Memory <Error> core\memory.cpp:Memory::MemorySystem::Write:528: unmapped Write8 0x00000000 @ 0x000008CB at PC 0x010F3548
[   5.185917] HW.Memory <Error> core\memory.cpp:Memory::MemorySystem::Write:528: unmapped Write8 0x00000000 @ 0x000008CC at PC 0x010F3548
[   5.185918] HW.Memory <Error> core\memory.cpp:Memory::MemorySystem::Write:528: unmapped Write8 0x00000000 @ 0x000008CD at PC 0x010F3548
[   5.185918] HW.Memory <Error> core\memory.cpp:Memory::MemorySystem::Write:528: unmapped Write8 0x00000000 @ 0x000008CE at PC 0x010F3548
[   5.185919] HW.Memory <Error> core\memory.cpp:Memory::MemorySystem::Write:528: unmapped Write8 0x00000000 @ 0x000008CF at PC 0x010F3548
[   5.185919] HW.Memory <Error> core\memory.cpp:Memory::MemorySystem::Write:528: unmapped Write8 0x00000000 @ 0x000008D0 at PC 0x010F3548
[   5.185920] HW.Memory <Error> core\memory.cpp:Memory::MemorySystem::Write:528: unmapped Write8 0x00000000 @ 0x000008D1 at PC 0x010F3548
[   5.185921] HW.Memory <Error> core\memory.cpp:Memory::MemorySystem::Write:528: unmapped Write8 0x00000000 @ 0x000008D2 at PC 0x010F3548
[   5.185921] HW.Memory <Error> core\memory.cpp:Memory::MemorySystem::Write:528: unmapped Write8 0x00000000 @ 0x000008D3 at PC 0x010F3548
[   5.185922] HW.Memory <Error> core\memory.cpp:Memory::MemorySystem::Write:528: unmapped Write8 0x00000000 @ 0x000008D4 at PC 0x010F3548
[   5.185922] HW.Memory <Error> core\memory.cpp:Memory::MemorySystem::Write:528: unmapped Write8 0x00000000 @ 0x000008D5 at PC 0x010F3548
[   5.185923] HW.Memory <Error> core\memory.cpp:Memory::MemorySystem::Write:528: unmapped Write8 0x00000000 @ 0x000008D6 at PC 0x010F3548
[   5.185924] HW.Memory <Error> core\memory.cpp:Memory::MemorySystem::Write:528: unmapped Write8 0x00000000 @ 0x000008D7 at PC 0x010F3548
[   5.185924] HW.Memory <Error> core\memory.cpp:Memory::MemorySystem::Write:528: unmapped Write8 0x00000000 @ 0x000008D8 at PC 0x010F3548
[   5.185925] HW.Memory <Error> core\memory.cpp:Memory::MemorySystem::Write:528: unmapped Write8 0x00000000 @ 0x000008D9 at PC 0x010F3548
[   5.185925] HW.Memory <Error> core\memory.cpp:Memory::MemorySystem::Write:528: unmapped Write8 0x00000000 @ 0x000008DA at PC 0x010F3548
[   5.185926] HW.Memory <Error> core\memory.cpp:Memory::MemorySystem::Write:528: unmapped Write8 0x00000000 @ 0x000008DB at PC 0x010F3548
[   5.185926] HW.Memory <Error> core\memory.cpp:Memory::MemorySystem::Write:528: unmapped Write8 0x00000000 @ 0x000008DC at PC 0x010F3548
[   5.185927] HW.Memory <Error> core\memory.cpp:Memory::MemorySystem::Write:528: unmapped Write8 0x00000000 @ 0x000008DD at PC 0x010F3548
[   5.185927] HW.Memory <Error> core\memory.cpp:Memory::MemorySystem::Write:528: unmapped Write8 0x00000000 @ 0x000008DE at PC 0x010F3548
[   5.185928] HW.Memory <Error> core\memory.cpp:Memory::MemorySystem::Write:528: unmapped Write8 0x00000000 @ 0x000008DF at PC 0x010F3548
[   5.185928] HW.Memory <Error> core\memory.cpp:Memory::MemorySystem::Write:528: unmapped Write8 0x00000000 @ 0x000008E0 at PC 0x010F3548
[   5.185929] HW.Memory <Error> core\memory.cpp:Memory::MemorySystem::Write:528: unmapped Write8 0x00000000 @ 0x000008E1 at PC 0x010F3548
[   5.185929] HW.Memory <Error> core\memory.cpp:Memory::MemorySystem::Write:528: unmapped Write8 0x00000000 @ 0x000008E2 at PC 0x010F3548
[   5.185930] HW.Memory <Error> core\memory.cpp:Memory::MemorySystem::Write:528: unmapped Write8 0x00000000 @ 0x000008E3 at PC 0x010F3548
[   5.185930] HW.Memory <Error> core\memory.cpp:Memory::MemorySystem::Write:528: unmapped Write8 0x00000000 @ 0x000008E4 at PC 0x010F3548
[   5.185931] HW.Memory <Error> core\memory.cpp:Memory::MemorySystem::Write:528: unmapped Write8 0x00000000 @ 0x000008E5 at PC 0x010F3548
[   5.185931] HW.Memory <Error> core\memory.cpp:Memory::MemorySystem::Write:528: unmapped Write8 0x00000000 @ 0x000008E6 at PC 0x010F3548
[   5.185932] HW.Memory <Error> core\memory.cpp:Memory::MemorySystem::Write:528: unmapped Write8 0x00000000 @ 0x000008E7 at PC 0x010F3548
[   5.185932] HW.Memory <Error> core\memory.cpp:Memory::MemorySystem::Write:528: unmapped Write8 0x00000000 @ 0x000008E8 at PC 0x010F3548
[   5.185933] HW.Memory <Error> core\memory.cpp:Memory::MemorySystem::Write:528: unmapped Write8 0x00000000 @ 0x000008E9 at PC 0x010F3548
[   5.185933] HW.Memory <Error> core\memory.cpp:Memory::MemorySystem::Write:528: unmapped Write8 0x00000000 @ 0x000008EA at PC 0x010F3548
[   5.185934] HW.Memory <Error> core\memory.cpp:Memory::MemorySystem::Write:528: unmapped Write8 0x00000000 @ 0x000008EB at PC 0x010F3548
[   5.185934] HW.Memory <Error> core\memory.cpp:Memory::MemorySystem::Write:528: unmapped Write8 0x00000000 @ 0x000008EC at PC 0x010F3548
[   5.185935] HW.Memory <Error> core\memory.cpp:Memory::MemorySystem::Write:528: unmapped Write8 0x00000000 @ 0x000008ED at PC 0x010F3548
[   5.185935] HW.Memory <Error> core\memory.cpp:Memory::MemorySystem::Write:528: unmapped Write8 0x00000000 @ 0x000008EE at PC 0x010F3548
[   5.185936] HW.Memory <Error> core\memory.cpp:Memory::MemorySystem::Write:528: unmapped Write8 0x00000000 @ 0x000008EF at PC 0x010F3548
[   5.185936] HW.Memory <Error> core\memory.cpp:Memory::MemorySystem::Write:528: unmapped Write8 0x00000000 @ 0x000008F0 at PC 0x010F3548
[   5.185937] HW.Memory <Error> core\memory.cpp:Memory::MemorySystem::Write:528: unmapped Write8 0x00000000 @ 0x000008F1 at PC 0x010F3548
[   5.185937] HW.Memory <Error> core\memory.cpp:Memory::MemorySystem::Write:528: unmapped Write8 0x00000000 @ 0x000008F2 at PC 0x010F3548
[   5.185938] HW.Memory <Error> core\memory.cpp:Memory::MemorySystem::Write:528: unmapped Write8 0x00000000 @ 0x000008F3 at PC 0x010F3548
[   5.185938] HW.Memory <Error> core\memory.cpp:Memory::MemorySystem::Write:528: unmapped Write8 0x00000000 @ 0x000008F4 at PC 0x010F3548
[   5.185938] HW.Memory <Error> core\memory.cpp:Memory::MemorySystem::Write:528: unmapped Write8 0x00000000 @ 0x000008F5 at PC 0x010F3548
[   5.185939] HW.Memory <Error> core\memory.cpp:Memory::MemorySystem::Write:528: unmapped Write8 0x00000000 @ 0x000008F6 at PC 0x010F3548
[   5.185939] HW.Memory <Error> core\memory.cpp:Memory::MemorySystem::Write:528: unmapped Write8 0x00000000 @ 0x000008F7 at PC 0x010F3548
[   5.185940] HW.Memory <Error> core\memory.cpp:Memory::MemorySystem::Write:528: unmapped Write8 0x00000000 @ 0x000008F8 at PC 0x010F3548
[   5.185940] HW.Memory <Error> core\memory.cpp:Memory::MemorySystem::Write:528: unmapped Write8 0x00000000 @ 0x000008F9 at PC 0x010F3548
[   5.185941] HW.Memory <Error> core\memory.cpp:Memory::MemorySystem::Write:528: unmapped Write8 0x00000000 @ 0x000008FA at PC 0x010F3548
[   5.185942] HW.Memory <Error> core\memory.cpp:Memory::MemorySystem::Write:528: unmapped Write8 0x00000000 @ 0x000008FB at PC 0x010F3548
[   5.185942] HW.Memory <Error> core\memory.cpp:Memory::MemorySystem::Write:528: unmapped Write8 0x00000000 @ 0x000008FC at PC 0x010F3548
[   5.185943] HW.Memory <Error> core\memory.cpp:Memory::MemorySystem::Write:528: unmapped Write8 0x00000000 @ 0x000008FD at PC 0x010F3548
[   5.185943] HW.Memory <Error> core\memory.cpp:Memory::MemorySystem::Write:528: unmapped Write8 0x00000000 @ 0x000008FE at PC 0x010F3548
[   5.185943] HW.Memory <Error> core\memory.cpp:Memory::MemorySystem::Write:528: unmapped Write8 0x00000000 @ 0x000008FF at PC 0x010F3548
[   5.185944] HW.Memory <Error> core\memory.cpp:Memory::MemorySystem::Write:528: unmapped Write8 0x00000000 @ 0x00000900 at PC 0x010F3548
[   5.185944] HW.Memory <Error> core\memory.cpp:Memory::MemorySystem::Write:528: unmapped Write8 0x00000000 @ 0x00000901 at PC 0x010F3548
[   5.185945] HW.Memory <Error> core\memory.cpp:Memory::MemorySystem::Write:528: unmapped Write8 0x00000000 @ 0x00000902 at PC 0x010F3548
[   5.185945] HW.Memory <Error> core\memory.cpp:Memory::MemorySystem::Write:528: unmapped Write8 0x00000000 @ 0x00000903 at PC 0x010F3548
[   5.185946] HW.Memory <Error> core\memory.cpp:Memory::MemorySystem::Write:528: unmapped Write8 0x00000000 @ 0x00000904 at PC 0x010F3548
[   5.185946] HW.Memory <Error> core\memory.cpp:Memory::MemorySystem::Write:528: unmapped Write8 0x00000000 @ 0x00000905 at PC 0x010F3548
[   5.185947] HW.Memory <Error> core\memory.cpp:Memory::MemorySystem::Write:528: unmapped Write8 0x00000000 @ 0x00000906 at PC 0x010F3548
[   5.185947] HW.Memory <Error> core\memory.cpp:Memory::MemorySystem::Write:528: unmapped Write8 0x00000000 @ 0x00000907 at PC 0x010F3548
[   5.185948] HW.Memory <Error> core\memory.cpp:Memory::MemorySystem::Write:528: unmapped Write8 0x00000000 @ 0x00000908 at PC 0x010F3548
[   5.185948] HW.Memory <Error> core\memory.cpp:Memory::MemorySystem::Write:528: unmapped Write8 0x00000000 @ 0x00000909 at PC 0x010F3548
[   5.185949] HW.Memory <Error> core\memory.cpp:Memory::MemorySystem::Write:528: unmapped Write8 0x00000000 @ 0x0000090A at PC 0x010F3548
[   5.185949] HW.Memory <Error> core\memory.cpp:Memory::MemorySystem::Write:528: unmapped Write8 0x00000000 @ 0x0000090B at PC 0x010F3548
[   5.185950] HW.Memory <Error> core\memory.cpp:Memory::MemorySystem::Write:528: unmapped Write8 0x00000000 @ 0x0000090C at PC 0x010F3548
[   5.185950] HW.Memory <Error> core\memory.cpp:Memory::MemorySystem::Write:528: unmapped Write8 0x00000000 @ 0x0000090D at PC 0x010F3548
[   5.185951] HW.Memory <Error> core\memory.cpp:Memory::MemorySystem::Write:528: unmapped Write8 0x00000000 @ 0x0000090E at PC 0x010F3548
[   5.185951] HW.Memory <Error> core\memory.cpp:Memory::MemorySystem::Write:528: unmapped Write8 0x00000000 @ 0x0000090F at PC 0x010F3548
[   5.185952] HW.Memory <Error> core\memory.cpp:Memory::MemorySystem::Write:528: unmapped Write8 0x00000000 @ 0x00000910 at PC 0x010F3548
[   5.185953] HW.Memory <Error> core\memory.cpp:Memory::MemorySystem::Write:528: unmapped Write8 0x00000000 @ 0x00000911 at PC 0x010F3548
[   5.185953] HW.Memory <Error> core\memory.cpp:Memory::MemorySystem::Write:528: unmapped Write8 0x00000000 @ 0x00000912 at PC 0x010F3548
[   5.185954] HW.Memory <Error> core\memory.cpp:Memory::MemorySystem::Write:528: unmapped Write8 0x00000000 @ 0x00000913 at PC 0x010F3548
[   5.185955] HW.Memory <Error> core\memory.cpp:Memory::MemorySystem::Write:528: unmapped Write8 0x00000000 @ 0x00000914 at PC 0x010F3548
[   5.185955] HW.Memory <Error> core\memory.cpp:Memory::MemorySystem::Write:528: unmapped Write8 0x00000000 @ 0x00000915 at PC 0x010F3548
[   5.185956] HW.Memory <Error> core\memory.cpp:Memory::MemorySystem::Write:528: unmapped Write8 0x00000000 @ 0x00000916 at PC 0x010F3548
[   5.185956] HW.Memory <Error> core\memory.cpp:Memory::MemorySystem::Write:528: unmapped Write8 0x00000000 @ 0x00000917 at PC 0x010F3548
[   5.185957] HW.Memory <Error> core\memory.cpp:Memory::MemorySystem::Write:528: unmapped Write8 0x00000000 @ 0x00000918 at PC 0x010F3548
[   5.185957] HW.Memory <Error> core\memory.cpp:Memory::MemorySystem::Write:528: unmapped Write8 0x00000000 @ 0x00000919 at PC 0x010F3548
[   5.185958] HW.Memory <Error> core\memory.cpp:Memory::MemorySystem::Write:528: unmapped Write8 0x00000000 @ 0x0000091A at PC 0x010F3548
[   5.185959] HW.Memory <Error> core\memory.cpp:Memory::MemorySystem::Write:528: unmapped Write8 0x00000000 @ 0x0000091B at PC 0x010F3548
[   5.185959] HW.Memory <Error> core\memory.cpp:Memory::MemorySystem::Write:528: unmapped Write8 0x00000000 @ 0x0000091C at PC 0x010F3548
[   5.185960] HW.Memory <Error> core\memory.cpp:Memory::MemorySystem::Write:528: unmapped Write8 0x00000000 @ 0x0000091D at PC 0x010F3548
[   5.185960] HW.Memory <Error> core\memory.cpp:Memory::MemorySystem::Write:528: unmapped Write8 0x00000000 @ 0x0000091E at PC 0x010F3548
[   5.185961] HW.Memory <Error> core\memory.cpp:Memory::MemorySystem::Write:528: unmapped Write8 0x00000000 @ 0x0000091F at PC 0x010F3548
[   5.185961] HW.Memory <Error> core\memory.cpp:Memory::MemorySystem::Write:528: unmapped Write8 0x00000000 @ 0x00000920 at PC 0x010F3548
[   5.185962] HW.Memory <Error> core\memory.cpp:Memory::MemorySystem::Write:528: unmapped Write8 0x00000000 @ 0x00000921 at PC 0x010F3548
[   5.185962] HW.Memory <Error> core\memory.cpp:Memory::MemorySystem::Write:528: unmapped Write8 0x00000000 @ 0x00000922 at PC 0x010F3548
[   5.185963] HW.Memory <Error> core\memory.cpp:Memory::MemorySystem::Write:528: unmapped Write8 0x00000000 @ 0x00000923 at PC 0x010F3548
[   5.185963] HW.Memory <Error> core\memory.cpp:Memory::MemorySystem::Write:528: unmapped Write8 0x00000000 @ 0x00000924 at PC 0x010F3548
[   5.185964] HW.Memory <Error> core\memory.cpp:Memory::MemorySystem::Write:528: unmapped Write8 0x00000000 @ 0x00000925 at PC 0x010F3548
[   5.185964] HW.Memory <Error> core\memory.cpp:Memory::MemorySystem::Write:528: unmapped Write8 0x00000000 @ 0x00000926 at PC 0x010F3548
[   5.185965] HW.Memory <Error> core\memory.cpp:Memory::MemorySystem::Write:528: unmapped Write8 0x00000000 @ 0x00000927 at PC 0x010F3548
[   5.185966] HW.Memory <Error> core\memory.cpp:Memory::MemorySystem::Write:528: unmapped Write8 0x00000000 @ 0x00000928 at PC 0x010F3548
[   5.185966] HW.Memory <Error> core\memory.cpp:Memory::MemorySystem::Write:528: unmapped Write8 0x00000000 @ 0x00000929 at PC 0x010F3548
[   5.185967] HW.Memory <Error> core\memory.cpp:Memory::MemorySystem::Write:528: unmapped Write8 0x00000000 @ 0x0000092A at PC 0x010F3548
[   5.185967] HW.Memory <Error> core\memory.cpp:Memory::MemorySystem::Write:528: unmapped Write8 0x00000000 @ 0x0000092B at PC 0x010F3548
[   5.185968] HW.Memory <Error> core\memory.cpp:Memory::MemorySystem::Write:528: unmapped Write8 0x00000000 @ 0x0000092C at PC 0x010F3548
[   5.185968] HW.Memory <Error> core\memory.cpp:Memory::MemorySystem::Write:528: unmapped Write8 0x00000000 @ 0x0000092D at PC 0x010F3548
[   5.185968] HW.Memory <Error> core\memory.cpp:Memory::MemorySystem::Write:528: unmapped Write8 0x00000000 @ 0x0000092E at PC 0x010F3548
[   5.185969] HW.Memory <Error> core\memory.cpp:Memory::MemorySystem::Write:528: unmapped Write8 0x00000000 @ 0x0000092F at PC 0x010F3548
[   5.185970] HW.Memory <Error> core\memory.cpp:Memory::MemorySystem::Write:528: unmapped Write8 0x00000000 @ 0x00000930 at PC 0x010F3548
[   5.185970] HW.Memory <Error> core\memory.cpp:Memory::MemorySystem::Write:528: unmapped Write8 0x00000000 @ 0x00000931 at PC 0x010F3548
[   5.185970] HW.Memory <Error> core\memory.cpp:Memory::MemorySystem::Write:528: unmapped Write8 0x00000000 @ 0x00000932 at PC 0x010F3548
[   5.185971] HW.Memory <Error> core\memory.cpp:Memory::MemorySystem::Write:528: unmapped Write8 0x00000000 @ 0x00000933 at PC 0x010F3548
[   5.185972] HW.Memory <Error> core\memory.cpp:Memory::MemorySystem::Write:528: unmapped Write8 0x00000000 @ 0x00000934 at PC 0x010F3548
[   5.185972] HW.Memory <Error> core\memory.cpp:Memory::MemorySystem::Write:528: unmapped Write8 0x00000000 @ 0x00000935 at PC 0x010F3548
[   5.185972] HW.Memory <Error> core\memory.cpp:Memory::MemorySystem::Write:528: unmapped Write8 0x00000000 @ 0x00000936 at PC 0x010F3548
[   5.185973] HW.Memory <Error> core\memory.cpp:Memory::MemorySystem::Write:528: unmapped Write8 0x00000000 @ 0x00000937 at PC 0x010F3548
[   5.185974] HW.Memory <Error> core\memory.cpp:Memory::MemorySystem::Write:528: unmapped Write8 0x00000000 @ 0x00000938 at PC 0x010F3548
[   5.185974] HW.Memory <Error> core\memory.cpp:Memory::MemorySystem::Write:528: unmapped Write8 0x00000000 @ 0x00000939 at PC 0x010F3548
[   5.185974] HW.Memory <Error> core\memory.cpp:Memory::MemorySystem::Write:528: unmapped Write8 0x00000000 @ 0x0000093A at PC 0x010F3548
[   5.185975] HW.Memory <Error> core\memory.cpp:Memory::MemorySystem::Write:528: unmapped Write8 0x00000000 @ 0x0000093B at PC 0x010F3548
[   5.185975] HW.Memory <Error> core\memory.cpp:Memory::MemorySystem::Write:528: unmapped Write8 0x00000000 @ 0x0000093C at PC 0x010F3548
[   5.185976] HW.Memory <Error> core\memory.cpp:Memory::MemorySystem::Write:528: unmapped Write8 0x00000000 @ 0x0000093D at PC 0x010F3548
[   5.185976] HW.Memory <Error> core\memory.cpp:Memory::MemorySystem::Write:528: unmapped Write8 0x00000000 @ 0x0000093E at PC 0x010F3548
[   5.185977] HW.Memory <Error> core\memory.cpp:Memory::MemorySystem::Write:528: unmapped Write8 0x00000000 @ 0x0000093F at PC 0x010F3548
[   5.185977] HW.Memory <Error> core\memory.cpp:Memory::MemorySystem::Write:528: unmapped Write8 0x00000000 @ 0x00000940 at PC 0x010F3548
[   5.185978] HW.Memory <Error> core\memory.cpp:Memory::MemorySystem::Write:528: unmapped Write8 0x00000000 @ 0x00000941 at PC 0x010F3548
[   5.185978] HW.Memory <Error> core\memory.cpp:Memory::MemorySystem::Write:528: unmapped Write8 0x00000000 @ 0x00000942 at PC 0x010F3548
[   5.185979] HW.Memory <Error> core\memory.cpp:Memory::MemorySystem::Write:528: unmapped Write8 0x00000000 @ 0x00000943 at PC 0x010F3548
[   5.185979] HW.Memory <Error> core\memory.cpp:Memory::MemorySystem::Write:528: unmapped Write8 0x00000000 @ 0x00000944 at PC 0x010F3548
[   5.185980] HW.Memory <Error> core\memory.cpp:Memory::MemorySystem::Write:528: unmapped Write8 0x00000000 @ 0x00000945 at PC 0x010F3548
[   5.185980] HW.Memory <Error> core\memory.cpp:Memory::MemorySystem::Write:528: unmapped Write8 0x00000000 @ 0x00000946 at PC 0x010F3548
[   5.185980] HW.Memory <Error> core\memory.cpp:Memory::MemorySystem::Write:528: unmapped Write8 0x00000000 @ 0x00000947 at PC 0x010F3548
[   5.185981] HW.Memory <Error> core\memory.cpp:Memory::MemorySystem::Write:528: unmapped Write8 0x00000000 @ 0x00000948 at PC 0x010F3548
[   5.185981] HW.Memory <Error> core\memory.cpp:Memory::MemorySystem::Write:528: unmapped Write8 0x00000000 @ 0x00000949 at PC 0x010F3548
[   5.185982] HW.Memory <Error> core\memory.cpp:Memory::MemorySystem::Write:528: unmapped Write8 0x00000000 @ 0x0000094A at PC 0x010F3548
[   5.185982] HW.Memory <Error> core\memory.cpp:Memory::MemorySystem::Write:528: unmapped Write8 0x00000000 @ 0x0000094B at PC 0x010F3548
[   5.185983] HW.Memory <Error> core\memory.cpp:Memory::MemorySystem::Write:528: unmapped Write8 0x00000000 @ 0x0000094C at PC 0x010F3548
[   5.185983] HW.Memory <Error> core\memory.cpp:Memory::MemorySystem::Write:528: unmapped Write8 0x00000000 @ 0x0000094D at PC 0x010F3548
[   5.185984] HW.Memory <Error> core\memory.cpp:Memory::MemorySystem::Write:528: unmapped Write8 0x00000000 @ 0x0000094E at PC 0x010F3548
[   5.185985] HW.Memory <Error> core\memory.cpp:Memory::MemorySystem::Write:528: unmapped Write8 0x00000000 @ 0x0000094F at PC 0x010F3548
[   5.185985] HW.Memory <Error> core\memory.cpp:Memory::MemorySystem::Write:528: unmapped Write8 0x00000000 @ 0x00000950 at PC 0x010F3548
[   5.185986] HW.Memory <Error> core\memory.cpp:Memory::MemorySystem::Write:528: unmapped Write8 0x00000000 @ 0x00000951 at PC 0x010F3548
[   5.185987] HW.Memory <Error> core\memory.cpp:Memory::MemorySystem::Write:528: unmapped Write8 0x00000000 @ 0x00000952 at PC 0x010F3548
[   5.185987] HW.Memory <Error> core\memory.cpp:Memory::MemorySystem::Write:528: unmapped Write8 0x00000000 @ 0x00000953 at PC 0x010F3548
[   5.185988] HW.Memory <Error> core\memory.cpp:Memory::MemorySystem::Write:528: unmapped Write8 0x00000000 @ 0x00000954 at PC 0x010F3548
[   5.185989] HW.Memory <Error> core\memory.cpp:Memory::MemorySystem::Write:528: unmapped Write8 0x00000000 @ 0x00000955 at PC 0x010F3548
[   5.185989] HW.Memory <Error> core\memory.cpp:Memory::MemorySystem::Write:528: unmapped Write8 0x00000000 @ 0x00000956 at PC 0x010F3548
[   5.185990] HW.Memory <Error> core\memory.cpp:Memory::MemorySystem::Write:528: unmapped Write8 0x00000000 @ 0x00000957 at PC 0x010F3548
[   5.185990] HW.Memory <Error> core\memory.cpp:Memory::MemorySystem::Write:528: unmapped Write8 0x00000000 @ 0x00000958 at PC 0x010F3548
[   5.185991] HW.Memory <Error> core\memory.cpp:Memory::MemorySystem::Write:528: unmapped Write8 0x00000000 @ 0x00000959 at PC 0x010F3548
[   5.185991] HW.Memory <Error> core\memory.cpp:Memory::MemorySystem::Write:528: unmapped Write8 0x00000000 @ 0x0000095A at PC 0x010F3548
[   5.185992] HW.Memory <Error> core\memory.cpp:Memory::MemorySystem::Write:528: unmapped Write8 0x00000000 @ 0x0000095B at PC 0x010F3548
[   5.185992] HW.Memory <Error> core\memory.cpp:Memory::MemorySystem::Write:528: unmapped Write8 0x00000000 @ 0x0000095C at PC 0x010F3548
[   5.185993] HW.Memory <Error> core\memory.cpp:Memory::MemorySystem::Write:528: unmapped Write8 0x00000000 @ 0x0000095D at PC 0x010F3548
[   5.185993] HW.Memory <Error> core\memory.cpp:Memory::MemorySystem::Write:528: unmapped Write8 0x00000000 @ 0x0000095E at PC 0x010F3548
[   5.185994] HW.Memory <Error> core\memory.cpp:Memory::MemorySystem::Write:528: unmapped Write8 0x00000000 @ 0x0000095F at PC 0x010F3548
[   5.185995] HW.Memory <Error> core\memory.cpp:Memory::MemorySystem::Write:528: unmapped Write8 0x00000000 @ 0x00000960 at PC 0x010F3548
[   5.185995] HW.Memory <Error> core\memory.cpp:Memory::MemorySystem::Write:528: unmapped Write8 0x00000000 @ 0x00000961 at PC 0x010F3548
[   5.185995] HW.Memory <Error> core\memory.cpp:Memory::MemorySystem::Write:528: unmapped Write8 0x00000000 @ 0x00000962 at PC 0x010F3548
[   5.185996] HW.Memory <Error> core\memory.cpp:Memory::MemorySystem::Write:528: unmapped Write8 0x00000000 @ 0x00000963 at PC 0x010F3548
[   5.185996] HW.Memory <Error> core\memory.cpp:Memory::MemorySystem::Write:528: unmapped Write8 0x00000000 @ 0x00000964 at PC 0x010F3548
[   5.185997] HW.Memory <Error> core\memory.cpp:Memory::MemorySystem::Write:528: unmapped Write8 0x00000000 @ 0x00000965 at PC 0x010F3548
[   5.185997] HW.Memory <Error> core\memory.cpp:Memory::MemorySystem::Write:528: unmapped Write8 0x00000000 @ 0x00000966 at PC 0x010F3548
[   5.185998] HW.Memory <Error> core\memory.cpp:Memory::MemorySystem::Write:528: unmapped Write8 0x00000000 @ 0x00000967 at PC 0x010F3548
[   5.185998] HW.Memory <Error> core\memory.cpp:Memory::MemorySystem::Write:528: unmapped Write8 0x00000000 @ 0x00000968 at PC 0x010F3548
[   5.185999] HW.Memory <Error> core\memory.cpp:Memory::MemorySystem::Write:528: unmapped Write8 0x00000000 @ 0x00000969 at PC 0x010F3548
[   5.185999] HW.Memory <Error> core\memory.cpp:Memory::MemorySystem::Write:528: unmapped Write8 0x00000000 @ 0x0000096A at PC 0x010F3548
[   5.185999] HW.Memory <Error> core\memory.cpp:Memory::MemorySystem::Write:528: unmapped Write8 0x00000000 @ 0x0000096B at PC 0x010F3548
[   5.186000] HW.Memory <Error> core\memory.cpp:Memory::MemorySystem::Write:528: unmapped Write8 0x00000000 @ 0x0000096C at PC 0x010F3548
[   5.186000] HW.Memory <Error> core\memory.cpp:Memory::MemorySystem::Write:528: unmapped Write8 0x00000000 @ 0x0000096D at PC 0x010F3548
[   5.186001] HW.Memory <Error> core\memory.cpp:Memory::MemorySystem::Write:528: unmapped Write8 0x00000000 @ 0x0000096E at PC 0x010F3548
[   5.186001] HW.Memory <Error> core\memory.cpp:Memory::MemorySystem::Write:528: unmapped Write8 0x00000000 @ 0x0000096F at PC 0x010F3548
[   5.186002] HW.Memory <Error> core\memory.cpp:Memory::MemorySystem::Write:528: unmapped Write8 0x00000000 @ 0x00000970 at PC 0x010F3548
[   5.186002] HW.Memory <Error> core\memory.cpp:Memory::MemorySystem::Write:528: unmapped Write8 0x00000000 @ 0x00000971 at PC 0x010F3548
[   5.186003] HW.Memory <Error> core\memory.cpp:Memory::MemorySystem::Write:528: unmapped Write8 0x00000000 @ 0x00000972 at PC 0x010F3548
[   5.186003] HW.Memory <Error> core\memory.cpp:Memory::MemorySystem::Write:528: unmapped Write8 0x00000000 @ 0x00000973 at PC 0x010F3548
[   5.186004] HW.Memory <Error> core\memory.cpp:Memory::MemorySystem::Write:528: unmapped Write8 0x00000000 @ 0x00000974 at PC 0x010F3548
[   5.186004] HW.Memory <Error> core\memory.cpp:Memory::MemorySystem::Write:528: unmapped Write8 0x00000000 @ 0x00000975 at PC 0x010F3548
[   5.186005] HW.Memory <Error> core\memory.cpp:Memory::MemorySystem::Write:528: unmapped Write8 0x00000000 @ 0x00000976 at PC 0x010F3548
[   5.186005] HW.Memory <Error> core\memory.cpp:Memory::MemorySystem::Write:528: unmapped Write8 0x00000000 @ 0x00000977 at PC 0x010F3548
[   5.186006] HW.Memory <Error> core\memory.cpp:Memory::MemorySystem::Write:528: unmapped Write8 0x00000000 @ 0x00000978 at PC 0x010F3548
[   5.186006] HW.Memory <Error> core\memory.cpp:Memory::MemorySystem::Write:528: unmapped Write8 0x00000000 @ 0x00000979 at PC 0x010F3548
[   5.186006] HW.Memory <Error> core\memory.cpp:Memory::MemorySystem::Write:528: unmapped Write8 0x00000000 @ 0x0000097A at PC 0x010F3548
[   5.186007] HW.Memory <Error> core\memory.cpp:Memory::MemorySystem::Write:528: unmapped Write8 0x00000000 @ 0x0000097B at PC 0x010F3548
[   5.186007] HW.Memory <Error> core\memory.cpp:Memory::MemorySystem::Write:528: unmapped Write8 0x00000000 @ 0x0000097C at PC 0x010F3548
[   5.186008] HW.Memory <Error> core\memory.cpp:Memory::MemorySystem::Write:528: unmapped Write8 0x00000000 @ 0x0000097D at PC 0x010F3548
[   5.186008] HW.Memory <Error> core\memory.cpp:Memory::MemorySystem::Write:528: unmapped Write8 0x00000000 @ 0x0000097E at PC 0x010F3548
[   5.186009] HW.Memory <Error> core\memory.cpp:Memory::MemorySystem::Write:528: unmapped Write8 0x00000000 @ 0x0000097F at PC 0x010F3548
[   5.186009] HW.Memory <Error> core\memory.cpp:Memory::MemorySystem::Write:528: unmapped Write8 0x00000000 @ 0x00000980 at PC 0x010F3548
[   5.186010] HW.Memory <Error> core\memory.cpp:Memory::MemorySystem::Write:528: unmapped Write8 0x00000000 @ 0x00000981 at PC 0x010F3548
[   5.186010] HW.Memory <Error> core\memory.cpp:Memory::MemorySystem::Write:528: unmapped Write8 0x00000000 @ 0x00000982 at PC 0x010F3548
[   5.186011] HW.Memory <Error> core\memory.cpp:Memory::MemorySystem::Write:528: unmapped Write8 0x00000000 @ 0x00000983 at PC 0x010F3548
[   5.186011] HW.Memory <Error> core\memory.cpp:Memory::MemorySystem::Write:528: unmapped Write8 0x00000000 @ 0x00000984 at PC 0x010F3548
[   5.186012] HW.Memory <Error> core\memory.cpp:Memory::MemorySystem::Write:528: unmapped Write8 0x00000000 @ 0x00000985 at PC 0x010F3548
[   5.186012] HW.Memory <Error> core\memory.cpp:Memory::MemorySystem::Write:528: unmapped Write8 0x00000000 @ 0x00000986 at PC 0x010F3548
[   5.186013] HW.Memory <Error> core\memory.cpp:Memory::MemorySystem::Write:528: unmapped Write8 0x00000000 @ 0x00000987 at PC 0x010F3548
[   5.186013] HW.Memory <Error> core\memory.cpp:Memory::MemorySystem::Write:528: unmapped Write8 0x00000000 @ 0x00000988 at PC 0x010F3548
[   5.186014] HW.Memory <Error> core\memory.cpp:Memory::MemorySystem::Write:528: unmapped Write8 0x00000000 @ 0x00000989 at PC 0x010F3548
[   5.186014] HW.Memory <Error> core\memory.cpp:Memory::MemorySystem::Write:528: unmapped Write8 0x00000000 @ 0x0000098A at PC 0x010F3548
[   5.186015] HW.Memory <Error> core\memory.cpp:Memory::MemorySystem::Write:528: unmapped Write8 0x00000000 @ 0x0000098B at PC 0x010F3548
[   5.186015] HW.Memory <Error> core\memory.cpp:Memory::MemorySystem::Write:528: unmapped Write8 0x00000000 @ 0x0000098C at PC 0x010F3548
[   5.186016] HW.Memory <Error> core\memory.cpp:Memory::MemorySystem::Write:528: unmapped Write8 0x00000000 @ 0x0000098D at PC 0x010F3548
[   5.186016] HW.Memory <Error> core\memory.cpp:Memory::MemorySystem::Write:528: unmapped Write8 0x00000000 @ 0x0000098E at PC 0x010F3548
[   5.186017] HW.Memory <Error> core\memory.cpp:Memory::MemorySystem::Write:528: unmapped Write8 0x00000000 @ 0x0000098F at PC 0x010F3548
[   5.186017] HW.Memory <Error> core\memory.cpp:Memory::MemorySystem::Write:528: unmapped Write8 0x00000000 @ 0x00000990 at PC 0x010F3548
[   5.186018] HW.Memory <Error> core\memory.cpp:Memory::MemorySystem::Write:528: unmapped Write8 0x00000000 @ 0x00000991 at PC 0x010F3548
[   5.186019] HW.Memory <Error> core\memory.cpp:Memory::MemorySystem::Write:528: unmapped Write8 0x00000000 @ 0x00000992 at PC 0x010F3548
[   5.186019] HW.Memory <Error> core\memory.cpp:Memory::MemorySystem::Write:528: unmapped Write8 0x00000000 @ 0x00000993 at PC 0x010F3548
[   5.186020] HW.Memory <Error> core\memory.cpp:Memory::MemorySystem::Write:528: unmapped Write8 0x00000000 @ 0x00000994 at PC 0x010F3548
[   5.186021] HW.Memory <Error> core\memory.cpp:Memory::MemorySystem::Write:528: unmapped Write8 0x00000000 @ 0x00000995 at PC 0x010F3548
[   5.186021] HW.Memory <Error> core\memory.cpp:Memory::MemorySystem::Write:528: unmapped Write8 0x00000000 @ 0x00000996 at PC 0x010F3548
[   5.186022] HW.Memory <Error> core\memory.cpp:Memory::MemorySystem::Write:528: unmapped Write8 0x00000000 @ 0x00000997 at PC 0x010F3548
[   5.186022] HW.Memory <Error> core\memory.cpp:Memory::MemorySystem::Write:528: unmapped Write8 0x00000000 @ 0x00000998 at PC 0x010F3548
[   5.186023] HW.Memory <Error> core\memory.cpp:Memory::MemorySystem::Write:528: unmapped Write8 0x00000000 @ 0x00000999 at PC 0x010F3548
[   5.186023] HW.Memory <Error> core\memory.cpp:Memory::MemorySystem::Write:528: unmapped Write8 0x00000000 @ 0x0000099A at PC 0x010F3548
[   5.186024] HW.Memory <Error> core\memory.cpp:Memory::MemorySystem::Write:528: unmapped Write8 0x00000000 @ 0x0000099B at PC 0x010F3548
[   5.186025] HW.Memory <Error> core\memory.cpp:Memory::MemorySystem::Write:528: unmapped Write8 0x00000000 @ 0x0000099C at PC 0x010F3548
[   5.186025] HW.Memory <Error> core\memory.cpp:Memory::MemorySystem::Write:528: unmapped Write8 0x00000000 @ 0x0000099D at PC 0x010F3548
[   5.186026] HW.Memory <Error> core\memory.cpp:Memory::MemorySystem::Write:528: unmapped Write8 0x00000000 @ 0x0000099E at PC 0x010F3548
[   5.186026] HW.Memory <Error> core\memory.cpp:Memory::MemorySystem::Write:528: unmapped Write8 0x00000000 @ 0x0000099F at PC 0x010F3548
[   5.186027] HW.Memory <Error> core\memory.cpp:Memory::MemorySystem::Write:528: unmapped Write8 0x00000000 @ 0x000009A0 at PC 0x010F3548
[   5.186028] HW.Memory <Error> core\memory.cpp:Memory::MemorySystem::Write:528: unmapped Write8 0x00000000 @ 0x000009A1 at PC 0x010F3548
[   5.186029] HW.Memory <Error> core\memory.cpp:Memory::MemorySystem::Write:528: unmapped Write8 0x00000000 @ 0x000009A2 at PC 0x010F3548
[   5.186029] HW.Memory <Error> core\memory.cpp:Memory::MemorySystem::Write:528: unmapped Write8 0x00000000 @ 0x000009A3 at PC 0x010F3548
[   5.186030] HW.Memory <Error> core\memory.cpp:Memory::MemorySystem::Write:528: unmapped Write8 0x00000000 @ 0x000009A4 at PC 0x010F3548
[   5.186030] HW.Memory <Error> core\memory.cpp:Memory::MemorySystem::Write:528: unmapped Write8 0x00000000 @ 0x000009A5 at PC 0x010F3548
[   5.186031] HW.Memory <Error> core\memory.cpp:Memory::MemorySystem::Write:528: unmapped Write8 0x00000000 @ 0x000009A6 at PC 0x010F3548
[   5.186031] HW.Memory <Error> core\memory.cpp:Memory::MemorySystem::Write:528: unmapped Write8 0x00000000 @ 0x000009A7 at PC 0x010F3548
[   5.186032] HW.Memory <Error> core\memory.cpp:Memory::MemorySystem::Write:528: unmapped Write8 0x00000000 @ 0x000009A8 at PC 0x010F3548
[   5.186032] HW.Memory <Error> core\memory.cpp:Memory::MemorySystem::Write:528: unmapped Write8 0x00000000 @ 0x000009A9 at PC 0x010F3548
[   5.186033] HW.Memory <Error> core\memory.cpp:Memory::MemorySystem::Write:528: unmapped Write8 0x00000000 @ 0x000009AA at PC 0x010F3548
[   5.186033] HW.Memory <Error> core\memory.cpp:Memory::MemorySystem::Write:528: unmapped Write8 0x00000000 @ 0x000009AB at PC 0x010F3548
[   5.186034] HW.Memory <Error> core\memory.cpp:Memory::MemorySystem::Write:528: unmapped Write8 0x00000000 @ 0x000009AC at PC 0x010F3548
[   5.186034] HW.Memory <Error> core\memory.cpp:Memory::MemorySystem::Write:528: unmapped Write8 0x00000000 @ 0x000009AD at PC 0x010F3548
[   5.186035] HW.Memory <Error> core\memory.cpp:Memory::MemorySystem::Write:528: unmapped Write8 0x00000000 @ 0x000009AE at PC 0x010F3548
[   5.186035] HW.Memory <Error> core\memory.cpp:Memory::MemorySystem::Write:528: unmapped Write8 0x00000000 @ 0x000009AF at PC 0x010F3548
[   5.186036] HW.Memory <Error> core\memory.cpp:Memory::MemorySystem::Write:528: unmapped Write8 0x00000000 @ 0x000009B0 at PC 0x010F3548
[   5.186036] HW.Memory <Error> core\memory.cpp:Memory::MemorySystem::Write:528: unmapped Write8 0x00000000 @ 0x000009B1 at PC 0x010F3548
[   5.186037] HW.Memory <Error> core\memory.cpp:Memory::MemorySystem::Write:528: unmapped Write8 0x00000000 @ 0x000009B2 at PC 0x010F3548
[   5.186037] HW.Memory <Error> core\memory.cpp:Memory::MemorySystem::Write:528: unmapped Write8 0x00000000 @ 0x000009B3 at PC 0x010F3548
[   5.186038] HW.Memory <Error> core\memory.cpp:Memory::MemorySystem::Write:528: unmapped Write8 0x00000000 @ 0x000009B4 at PC 0x010F3548
[   5.186038] HW.Memory <Error> core\memory.cpp:Memory::MemorySystem::Write:528: unmapped Write8 0x00000000 @ 0x000009B5 at PC 0x010F3548
[   5.186039] HW.Memory <Error> core\memory.cpp:Memory::MemorySystem::Write:528: unmapped Write8 0x00000000 @ 0x000009B6 at PC 0x010F3548
[   5.186039] HW.Memory <Error> core\memory.cpp:Memory::MemorySystem::Write:528: unmapped Write8 0x00000000 @ 0x000009B7 at PC 0x010F3548
[   5.186040] HW.Memory <Error> core\memory.cpp:Memory::MemorySystem::Write:528: unmapped Write8 0x00000000 @ 0x000009B8 at PC 0x010F3548
[   5.186040] HW.Memory <Error> core\memory.cpp:Memory::MemorySystem::Write:528: unmapped Write8 0x00000000 @ 0x000009B9 at PC 0x010F3548
[   5.186041] HW.Memory <Error> core\memory.cpp:Memory::MemorySystem::Write:528: unmapped Write8 0x00000000 @ 0x000009BA at PC 0x010F3548
[   5.186041] HW.Memory <Error> core\memory.cpp:Memory::MemorySystem::Write:528: unmapped Write8 0x00000000 @ 0x000009BB at PC 0x010F3548
[   5.186042] HW.Memory <Error> core\memory.cpp:Memory::MemorySystem::Write:528: unmapped Write8 0x00000000 @ 0x000009BC at PC 0x010F3548
[   5.186042] HW.Memory <Error> core\memory.cpp:Memory::MemorySystem::Write:528: unmapped Write8 0x00000000 @ 0x000009BD at PC 0x010F3548
[   5.186043] HW.Memory <Error> core\memory.cpp:Memory::MemorySystem::Write:528: unmapped Write8 0x00000000 @ 0x000009BE at PC 0x010F3548
[   5.186043] HW.Memory <Error> core\memory.cpp:Memory::MemorySystem::Write:528: unmapped Write8 0x00000000 @ 0x000009BF at PC 0x010F3548
[   5.186044] HW.Memory <Error> core\memory.cpp:Memory::MemorySystem::Write:528: unmapped Write8 0x00000000 @ 0x000009C0 at PC 0x010F3548
[   5.186044] HW.Memory <Error> core\memory.cpp:Memory::MemorySystem::Write:528: unmapped Write8 0x00000000 @ 0x000009C1 at PC 0x010F3548
[   5.186045] HW.Memory <Error> core\memory.cpp:Memory::MemorySystem::Write:528: unmapped Write8 0x00000000 @ 0x000009C2 at PC 0x010F3548
[   5.186045] HW.Memory <Error> core\memory.cpp:Memory::MemorySystem::Write:528: unmapped Write8 0x00000000 @ 0x000009C3 at PC 0x010F3548
[   5.186045] HW.Memory <Error> core\memory.cpp:Memory::MemorySystem::Write:528: unmapped Write8 0x00000000 @ 0x000009C4 at PC 0x010F3548
[   5.186046] HW.Memory <Error> core\memory.cpp:Memory::MemorySystem::Write:528: unmapped Write8 0x00000000 @ 0x000009C5 at PC 0x010F3548
[   5.186046] HW.Memory <Error> core\memory.cpp:Memory::MemorySystem::Write:528: unmapped Write8 0x00000000 @ 0x000009C6 at PC 0x010F3548
[   5.186047] HW.Memory <Error> core\memory.cpp:Memory::MemorySystem::Write:528: unmapped Write8 0x00000000 @ 0x000009C7 at PC 0x010F3548
[   5.186047] HW.Memory <Error> core\memory.cpp:Memory::MemorySystem::Write:528: unmapped Write8 0x00000000 @ 0x000009C8 at PC 0x010F3548
[   5.186047] HW.Memory <Error> core\memory.cpp:Memory::MemorySystem::Write:528: unmapped Write8 0x00000000 @ 0x000009C9 at PC 0x010F3548
[   5.186048] HW.Memory <Error> core\memory.cpp:Memory::MemorySystem::Write:528: unmapped Write8 0x00000000 @ 0x000009CA at PC 0x010F3548
[   5.186048] HW.Memory <Error> core\memory.cpp:Memory::MemorySystem::Write:528: unmapped Write8 0x00000000 @ 0x000009CB at PC 0x010F3548
[   5.186049] HW.Memory <Error> core\memory.cpp:Memory::MemorySystem::Write:528: unmapped Write8 0x00000000 @ 0x000009CC at PC 0x010F3548
[   5.186049] HW.Memory <Error> core\memory.cpp:Memory::MemorySystem::Write:528: unmapped Write8 0x00000000 @ 0x000009CD at PC 0x010F3548
[   5.186050] HW.Memory <Error> core\memory.cpp:Memory::MemorySystem::Write:528: unmapped Write8 0x00000000 @ 0x000009CE at PC 0x010F3548
[   5.186051] HW.Memory <Error> core\memory.cpp:Memory::MemorySystem::Write:528: unmapped Write8 0x00000000 @ 0x000009CF at PC 0x010F3548
[   5.186051] HW.Memory <Error> core\memory.cpp:Memory::MemorySystem::Write:528: unmapped Write8 0x00000000 @ 0x000009D0 at PC 0x010F3548
[   5.186052] HW.Memory <Error> core\memory.cpp:Memory::MemorySystem::Write:528: unmapped Write8 0x00000000 @ 0x000009D1 at PC 0x010F3548
[   5.186052] HW.Memory <Error> core\memory.cpp:Memory::MemorySystem::Write:528: unmapped Write8 0x00000000 @ 0x000009D2 at PC 0x010F3548
[   5.186053] HW.Memory <Error> core\memory.cpp:Memory::MemorySystem::Write:528: unmapped Write8 0x00000000 @ 0x000009D3 at PC 0x010F3548
[   5.186054] HW.Memory <Error> core\memory.cpp:Memory::MemorySystem::Write:528: unmapped Write8 0x00000000 @ 0x000009D4 at PC 0x010F3548
[   5.186054] HW.Memory <Error> core\memory.cpp:Memory::MemorySystem::Write:528: unmapped Write8 0x00000000 @ 0x000009D5 at PC 0x010F3548
[   5.186055] HW.Memory <Error> core\memory.cpp:Memory::MemorySystem::Write:528: unmapped Write8 0x00000000 @ 0x000009D6 at PC 0x010F3548
[   5.186055] HW.Memory <Error> core\memory.cpp:Memory::MemorySystem::Write:528: unmapped Write8 0x00000000 @ 0x000009D7 at PC 0x010F3548
[   5.186056] HW.Memory <Error> core\memory.cpp:Memory::MemorySystem::Write:528: unmapped Write8 0x00000000 @ 0x000009D8 at PC 0x010F3548
[   5.186057] HW.Memory <Error> core\memory.cpp:Memory::MemorySystem::Write:528: unmapped Write8 0x00000000 @ 0x000009D9 at PC 0x010F3548
[   5.186057] HW.Memory <Error> core\memory.cpp:Memory::MemorySystem::Write:528: unmapped Write8 0x00000000 @ 0x000009DA at PC 0x010F3548
[   5.186058] HW.Memory <Error> core\memory.cpp:Memory::MemorySystem::Write:528: unmapped Write8 0x00000000 @ 0x000009DB at PC 0x010F3548
[   5.186058] HW.Memory <Error> core\memory.cpp:Memory::MemorySystem::Write:528: unmapped Write8 0x00000000 @ 0x000009DC at PC 0x010F3548
[   5.186059] HW.Memory <Error> core\memory.cpp:Memory::MemorySystem::Write:528: unmapped Write8 0x00000000 @ 0x000009DD at PC 0x010F3548
[   5.186059] HW.Memory <Error> core\memory.cpp:Memory::MemorySystem::Write:528: unmapped Write8 0x00000000 @ 0x000009DE at PC 0x010F3548
[   5.186060] HW.Memory <Error> core\memory.cpp:Memory::MemorySystem::Write:528: unmapped Write8 0x00000000 @ 0x000009DF at PC 0x010F3548
[   5.186060] HW.Memory <Error> core\memory.cpp:Memory::MemorySystem::Write:528: unmapped Write8 0x00000000 @ 0x000009E0 at PC 0x010F3548
[   5.186061] HW.Memory <Error> core\memory.cpp:Memory::MemorySystem::Write:528: unmapped Write8 0x00000000 @ 0x000009E1 at PC 0x010F3548
[   5.186061] HW.Memory <Error> core\memory.cpp:Memory::MemorySystem::Write:528: unmapped Write8 0x00000000 @ 0x000009E2 at PC 0x010F3548
[   5.186061] HW.Memory <Error> core\memory.cpp:Memory::MemorySystem::Write:528: unmapped Write8 0x00000000 @ 0x000009E3 at PC 0x010F3548
[   5.186062] HW.Memory <Error> core\memory.cpp:Memory::MemorySystem::Write:528: unmapped Write8 0x00000000 @ 0x000009E4 at PC 0x010F3548
[   5.186062] HW.Memory <Error> core\memory.cpp:Memory::MemorySystem::Write:528: unmapped Write8 0x00000000 @ 0x000009E5 at PC 0x010F3548
[   5.186063] HW.Memory <Error> core\memory.cpp:Memory::MemorySystem::Write:528: unmapped Write8 0x00000000 @ 0x000009E6 at PC 0x010F3548
[   5.186063] HW.Memory <Error> core\memory.cpp:Memory::MemorySystem::Write:528: unmapped Write8 0x00000000 @ 0x000009E7 at PC 0x010F3548
[   5.186064] HW.Memory <Error> core\memory.cpp:Memory::MemorySystem::Write:528: unmapped Write8 0x00000000 @ 0x000009E8 at PC 0x010F3548
[   5.186065] HW.Memory <Error> core\memory.cpp:Memory::MemorySystem::Write:528: unmapped Write8 0x00000000 @ 0x000009E9 at PC 0x010F3548
[   5.186065] HW.Memory <Error> core\memory.cpp:Memory::MemorySystem::Write:528: unmapped Write8 0x00000000 @ 0x000009EA at PC 0x010F3548
[   5.186066] HW.Memory <Error> core\memory.cpp:Memory::MemorySystem::Write:528: unmapped Write8 0x00000000 @ 0x000009EB at PC 0x010F3548
[   5.186066] HW.Memory <Error> core\memory.cpp:Memory::MemorySystem::Write:528: unmapped Write8 0x00000000 @ 0x000009EC at PC 0x010F3548
[   5.186067] HW.Memory <Error> core\memory.cpp:Memory::MemorySystem::Write:528: unmapped Write8 0x00000000 @ 0x000009ED at PC 0x010F3548
[   5.186067] HW.Memory <Error> core\memory.cpp:Memory::MemorySystem::Write:528: unmapped Write8 0x00000000 @ 0x000009EE at PC 0x010F3548
[   5.186068] HW.Memory <Error> core\memory.cpp:Memory::MemorySystem::Write:528: unmapped Write8 0x00000000 @ 0x000009EF at PC 0x010F3548
[   5.186068] HW.Memory <Error> core\memory.cpp:Memory::MemorySystem::Write:528: unmapped Write8 0x00000000 @ 0x000009F0 at PC 0x010F3548
[   5.186069] HW.Memory <Error> core\memory.cpp:Memory::MemorySystem::Write:528: unmapped Write8 0x00000000 @ 0x000009F1 at PC 0x010F3548
[   5.186069] HW.Memory <Error> core\memory.cpp:Memory::MemorySystem::Write:528: unmapped Write8 0x00000000 @ 0x000009F2 at PC 0x010F3548
[   5.186071] HW.Memory <Error> core\memory.cpp:Memory::MemorySystem::Write:528: unmapped Write8 0x00000000 @ 0x000009F3 at PC 0x010F3548
[   5.186071] HW.Memory <Error> core\memory.cpp:Memory::MemorySystem::Write:528: unmapped Write8 0x00000000 @ 0x000009F4 at PC 0x010F3548
[   5.186072] HW.Memory <Error> core\memory.cpp:Memory::MemorySystem::Write:528: unmapped Write8 0x00000000 @ 0x000009F5 at PC 0x010F3548
[   5.186072] HW.Memory <Error> core\memory.cpp:Memory::MemorySystem::Write:528: unmapped Write8 0x00000000 @ 0x000009F6 at PC 0x010F3548
[   5.186073] HW.Memory <Error> core\memory.cpp:Memory::MemorySystem::Write:528: unmapped Write8 0x00000000 @ 0x000009F7 at PC 0x010F3548
[   5.186073] HW.Memory <Error> core\memory.cpp:Memory::MemorySystem::Write:528: unmapped Write8 0x00000000 @ 0x000009F8 at PC 0x010F3548
[   5.186074] HW.Memory <Error> core\memory.cpp:Memory::MemorySystem::Write:528: unmapped Write8 0x00000000 @ 0x000009F9 at PC 0x010F3548
[   5.186075] HW.Memory <Error> core\memory.cpp:Memory::MemorySystem::Write:528: unmapped Write8 0x00000000 @ 0x000009FA at PC 0x010F3548
[   5.186075] HW.Memory <Error> core\memory.cpp:Memory::MemorySystem::Write:528: unmapped Write8 0x00000000 @ 0x000009FB at PC 0x010F3548
[   5.186076] HW.Memory <Error> core\memory.cpp:Memory::MemorySystem::Write:528: unmapped Write8 0x00000000 @ 0x000009FC at PC 0x010F3548
[   5.186076] HW.Memory <Error> core\memory.cpp:Memory::MemorySystem::Write:528: unmapped Write8 0x00000000 @ 0x000009FD at PC 0x010F3548
[   5.186077] HW.Memory <Error> core\memory.cpp:Memory::MemorySystem::Write:528: unmapped Write8 0x00000000 @ 0x000009FE at PC 0x010F3548
[   5.186077] HW.Memory <Error> core\memory.cpp:Memory::MemorySystem::Write:528: unmapped Write8 0x00000000 @ 0x000009FF at PC 0x010F3548
[   5.186078] HW.Memory <Error> core\memory.cpp:Memory::MemorySystem::Write:528: unmapped Write8 0x00000000 @ 0x00000A00 at PC 0x010F3548
[   5.186078] HW.Memory <Error> core\memory.cpp:Memory::MemorySystem::Write:528: unmapped Write8 0x00000000 @ 0x00000A01 at PC 0x010F3548
[   5.186079] HW.Memory <Error> core\memory.cpp:Memory::MemorySystem::Write:528: unmapped Write8 0x00000000 @ 0x00000A02 at PC 0x010F3548
[   5.186079] HW.Memory <Error> core\memory.cpp:Memory::MemorySystem::Write:528: unmapped Write8 0x00000000 @ 0x00000A03 at PC 0x010F3548
[   5.186080] HW.Memory <Error> core\memory.cpp:Memory::MemorySystem::Write:528: unmapped Write8 0x00000000 @ 0x00000A04 at PC 0x010F3548
[   5.186080] HW.Memory <Error> core\memory.cpp:Memory::MemorySystem::Write:528: unmapped Write8 0x00000000 @ 0x00000A05 at PC 0x010F3548
[   5.186081] HW.Memory <Error> core\memory.cpp:Memory::MemorySystem::Write:528: unmapped Write8 0x00000000 @ 0x00000A06 at PC 0x010F3548
[   5.186081] HW.Memory <Error> core\memory.cpp:Memory::MemorySystem::Write:528: unmapped Write8 0x00000000 @ 0x00000A07 at PC 0x010F3548
[   5.186081] HW.Memory <Error> core\memory.cpp:Memory::MemorySystem::Write:528: unmapped Write8 0x00000000 @ 0x00000A08 at PC 0x010F3548
[   5.186082] HW.Memory <Error> core\memory.cpp:Memory::MemorySystem::Write:528: unmapped Write8 0x00000000 @ 0x00000A09 at PC 0x010F3548
[   5.186083] HW.Memory <Error> core\memory.cpp:Memory::MemorySystem::Write:528: unmapped Write8 0x00000000 @ 0x00000A0A at PC 0x010F3548
[   5.186083] HW.Memory <Error> core\memory.cpp:Memory::MemorySystem::Write:528: unmapped Write8 0x00000000 @ 0x00000A0B at PC 0x010F3548
[   5.186084] HW.Memory <Error> core\memory.cpp:Memory::MemorySystem::Write:528: unmapped Write8 0x00000000 @ 0x00000A0C at PC 0x010F3548
[   5.186084] HW.Memory <Error> core\memory.cpp:Memory::MemorySystem::Write:528: unmapped Write8 0x00000000 @ 0x00000A0D at PC 0x010F3548
[   5.186085] HW.Memory <Error> core\memory.cpp:Memory::MemorySystem::Write:528: unmapped Write8 0x00000000 @ 0x00000A0E at PC 0x010F3548
[   5.186085] HW.Memory <Error> core\memory.cpp:Memory::MemorySystem::Write:528: unmapped Write8 0x00000000 @ 0x00000A0F at PC 0x010F3548
[   5.186086] HW.Memory <Error> core\memory.cpp:Memory::MemorySystem::Write:528: unmapped Write8 0x00000000 @ 0x00000A10 at PC 0x010F3548
[   5.186087] HW.Memory <Error> core\memory.cpp:Memory::MemorySystem::Write:528: unmapped Write8 0x00000000 @ 0x00000A11 at PC 0x010F3548
[   5.186087] HW.Memory <Error> core\memory.cpp:Memory::MemorySystem::Write:528: unmapped Write8 0x00000000 @ 0x00000A12 at PC 0x010F3548
[   5.186088] HW.Memory <Error> core\memory.cpp:Memory::MemorySystem::Write:528: unmapped Write8 0x00000000 @ 0x00000A13 at PC 0x010F3548
[   5.186089] HW.Memory <Error> core\memory.cpp:Memory::MemorySystem::Write:528: unmapped Write8 0x00000000 @ 0x00000A14 at PC 0x010F3548
[   5.186090] HW.Memory <Error> core\memory.cpp:Memory::MemorySystem::Write:528: unmapped Write8 0x00000000 @ 0x00000A15 at PC 0x010F3548
[   5.186090] HW.Memory <Error> core\memory.cpp:Memory::MemorySystem::Write:528: unmapped Write8 0x00000000 @ 0x00000A16 at PC 0x010F3548
[   5.186091] HW.Memory <Error> core\memory.cpp:Memory::MemorySystem::Write:528: unmapped Write8 0x00000000 @ 0x00000A17 at PC 0x010F3548
[   5.186092] HW.Memory <Error> core\memory.cpp:Memory::MemorySystem::Write:528: unmapped Write8 0x00000000 @ 0x00000A18 at PC 0x010F3548
[   5.186093] HW.Memory <Error> core\memory.cpp:Memory::MemorySystem::Write:528: unmapped Write8 0x00000000 @ 0x00000A19 at PC 0x010F3548
[   5.186095] HW.Memory <Error> core\memory.cpp:Memory::MemorySystem::Write:528: unmapped Write8 0x00000000 @ 0x00000A1A at PC 0x010F3548
[   5.186120] HW.Memory <Error> core\memory.cpp:Memory::MemorySystem::Write:528: unmapped Write8 0x00000000 @ 0x00000A1B at PC 0x010F3548
[   5.186120] HW.Memory <Error> core\memory.cpp:Memory::MemorySystem::Write:528: unmapped Write8 0x00000000 @ 0x00000A1C at PC 0x010F3548
[   5.186121] HW.Memory <Error> core\memory.cpp:Memory::MemorySystem::Write:528: unmapped Write8 0x00000000 @ 0x00000A1D at PC 0x010F3548
[   5.186121] HW.Memory <Error> core\memory.cpp:Memory::MemorySystem::Write:528: unmapped Write8 0x00000000 @ 0x00000A1E at PC 0x010F3548
[   5.186122] HW.Memory <Error> core\memory.cpp:Memory::MemorySystem::Write:528: unmapped Write8 0x00000000 @ 0x00000A1F at PC 0x010F3548
[   5.186122] HW.Memory <Error> core\memory.cpp:Memory::MemorySystem::Write:528: unmapped Write8 0x00000000 @ 0x00000A20 at PC 0x010F3548
[   5.186123] HW.Memory <Error> core\memory.cpp:Memory::MemorySystem::Write:528: unmapped Write8 0x00000000 @ 0x00000A21 at PC 0x010F3548
[   5.186123] HW.Memory <Error> core\memory.cpp:Memory::MemorySystem::Write:528: unmapped Write8 0x00000000 @ 0x00000A22 at PC 0x010F3548
[   5.186124] HW.Memory <Error> core\memory.cpp:Memory::MemorySystem::Write:528: unmapped Write8 0x00000000 @ 0x00000A23 at PC 0x010F3548
[   5.186124] HW.Memory <Error> core\memory.cpp:Memory::MemorySystem::Write:528: unmapped Write8 0x00000000 @ 0x00000A24 at PC 0x010F3548
[   5.186125] HW.Memory <Error> core\memory.cpp:Memory::MemorySystem::Write:528: unmapped Write8 0x00000000 @ 0x00000A25 at PC 0x010F3548
[   5.186125] HW.Memory <Error> core\memory.cpp:Memory::MemorySystem::Write:528: unmapped Write8 0x00000000 @ 0x00000A26 at PC 0x010F3548
[   5.186126] HW.Memory <Error> core\memory.cpp:Memory::MemorySystem::Write:528: unmapped Write8 0x00000000 @ 0x00000A27 at PC 0x010F3548
[   5.186126] HW.Memory <Error> core\memory.cpp:Memory::MemorySystem::Write:528: unmapped Write8 0x00000000 @ 0x00000A28 at PC 0x010F3548
[   5.186127] HW.Memory <Error> core\memory.cpp:Memory::MemorySystem::Write:528: unmapped Write8 0x00000000 @ 0x00000A29 at PC 0x010F3548
[   5.186127] HW.Memory <Error> core\memory.cpp:Memory::MemorySystem::Write:528: unmapped Write8 0x00000000 @ 0x00000A2A at PC 0x010F3548
[   5.186128] HW.Memory <Error> core\memory.cpp:Memory::MemorySystem::Write:528: unmapped Write8 0x00000000 @ 0x00000A2B at PC 0x010F3548
[   5.186128] HW.Memory <Error> core\memory.cpp:Memory::MemorySystem::Write:528: unmapped Write8 0x00000000 @ 0x00000A2C at PC 0x010F3548
[   5.186129] HW.Memory <Error> core\memory.cpp:Memory::MemorySystem::Write:528: unmapped Write8 0x00000000 @ 0x00000A2D at PC 0x010F3548
[   5.186130] HW.Memory <Error> core\memory.cpp:Memory::MemorySystem::Write:528: unmapped Write8 0x00000000 @ 0x00000A2E at PC 0x010F3548
[   5.186130] HW.Memory <Error> core\memory.cpp:Memory::MemorySystem::Write:528: unmapped Write8 0x00000000 @ 0x00000A2F at PC 0x010F3548
[   5.186130] HW.Memory <Error> core\memory.cpp:Memory::MemorySystem::Write:528: unmapped Write8 0x00000000 @ 0x00000A30 at PC 0x010F3548
[   5.186131] HW.Memory <Error> core\memory.cpp:Memory::MemorySystem::Write:528: unmapped Write8 0x00000000 @ 0x00000A31 at PC 0x010F3548
[   5.186131] HW.Memory <Error> core\memory.cpp:Memory::MemorySystem::Write:528: unmapped Write8 0x00000000 @ 0x00000A32 at PC 0x010F3548
[   5.186132] HW.Memory <Error> core\memory.cpp:Memory::MemorySystem::Write:528: unmapped Write8 0x00000000 @ 0x00000A33 at PC 0x010F3548
[   5.186132] HW.Memory <Error> core\memory.cpp:Memory::MemorySystem::Write:528: unmapped Write8 0x00000000 @ 0x00000A34 at PC 0x010F3548
[   5.186133] HW.Memory <Error> core\memory.cpp:Memory::MemorySystem::Write:528: unmapped Write8 0x00000000 @ 0x00000A35 at PC 0x010F3548
[   5.186133] HW.Memory <Error> core\memory.cpp:Memory::MemorySystem::Write:528: unmapped Write8 0x00000000 @ 0x00000A36 at PC 0x010F3548
[   5.186134] HW.Memory <Error> core\memory.cpp:Memory::MemorySystem::Write:528: unmapped Write8 0x00000000 @ 0x00000A37 at PC 0x010F3548
[   5.186134] HW.Memory <Error> core\memory.cpp:Memory::MemorySystem::Write:528: unmapped Write8 0x00000000 @ 0x00000A38 at PC 0x010F3548
[   5.186135] HW.Memory <Error> core\memory.cpp:Memory::MemorySystem::Write:528: unmapped Write8 0x00000000 @ 0x00000A39 at PC 0x010F3548
[   5.186135] HW.Memory <Error> core\memory.cpp:Memory::MemorySystem::Write:528: unmapped Write8 0x00000000 @ 0x00000A3A at PC 0x010F3548
[   5.186136] HW.Memory <Error> core\memory.cpp:Memory::MemorySystem::Write:528: unmapped Write8 0x00000000 @ 0x00000A3B at PC 0x010F3548
[   5.186136] HW.Memory <Error> core\memory.cpp:Memory::MemorySystem::Write:528: unmapped Write8 0x00000000 @ 0x00000A3C at PC 0x010F3548
[   5.186136] HW.Memory <Error> core\memory.cpp:Memory::MemorySystem::Write:528: unmapped Write8 0x00000000 @ 0x00000A3D at PC 0x010F3548
[   5.186137] HW.Memory <Error> core\memory.cpp:Memory::MemorySystem::Write:528: unmapped Write8 0x00000000 @ 0x00000A3E at PC 0x010F3548
[   5.186137] HW.Memory <Error> core\memory.cpp:Memory::MemorySystem::Write:528: unmapped Write8 0x00000000 @ 0x00000A3F at PC 0x010F3548
[   5.186138] HW.Memory <Error> core\memory.cpp:Memory::MemorySystem::Write:528: unmapped Write8 0x00000000 @ 0x00000A40 at PC 0x010F3548
[   5.186138] HW.Memory <Error> core\memory.cpp:Memory::MemorySystem::Write:528: unmapped Write8 0x00000000 @ 0x00000A41 at PC 0x010F3548
[   5.186139] HW.Memory <Error> core\memory.cpp:Memory::MemorySystem::Write:528: unmapped Write8 0x00000000 @ 0x00000A42 at PC 0x010F3548
[   5.186139] HW.Memory <Error> core\memory.cpp:Memory::MemorySystem::Write:528: unmapped Write8 0x00000000 @ 0x00000A43 at PC 0x010F3548
[   5.186140] HW.Memory <Error> core\memory.cpp:Memory::MemorySystem::Write:528: unmapped Write8 0x00000000 @ 0x00000A44 at PC 0x010F3548
[   5.186140] HW.Memory <Error> core\memory.cpp:Memory::MemorySystem::Write:528: unmapped Write8 0x00000000 @ 0x00000A45 at PC 0x010F3548
[   5.186140] HW.Memory <Error> core\memory.cpp:Memory::MemorySystem::Write:528: unmapped Write8 0x00000000 @ 0x00000A46 at PC 0x010F3548
[   5.186141] HW.Memory <Error> core\memory.cpp:Memory::MemorySystem::Write:528: unmapped Write8 0x00000000 @ 0x00000A47 at PC 0x010F3548
[   5.186141] HW.Memory <Error> core\memory.cpp:Memory::MemorySystem::Write:528: unmapped Write8 0x00000000 @ 0x00000A48 at PC 0x010F3548
[   5.186142] HW.Memory <Error> core\memory.cpp:Memory::MemorySystem::Write:528: unmapped Write8 0x00000000 @ 0x00000A49 at PC 0x010F3548
[   5.186142] HW.Memory <Error> core\memory.cpp:Memory::MemorySystem::Write:528: unmapped Write8 0x00000000 @ 0x00000A4A at PC 0x010F3548
[   5.186142] HW.Memory <Error> core\memory.cpp:Memory::MemorySystem::Write:528: unmapped Write8 0x00000000 @ 0x00000A4B at PC 0x010F3548
[   5.186143] HW.Memory <Error> core\memory.cpp:Memory::MemorySystem::Write:528: unmapped Write8 0x00000000 @ 0x00000A4C at PC 0x010F3548
[   5.186143] HW.Memory <Error> core\memory.cpp:Memory::MemorySystem::Write:528: unmapped Write8 0x00000000 @ 0x00000A4D at PC 0x010F3548
[   5.186144] HW.Memory <Error> core\memory.cpp:Memory::MemorySystem::Write:528: unmapped Write8 0x00000000 @ 0x00000A4E at PC 0x010F3548
[   5.186144] HW.Memory <Error> core\memory.cpp:Memory::MemorySystem::Write:528: unmapped Write8 0x00000000 @ 0x00000A4F at PC 0x010F3548
[   5.186145] HW.Memory <Error> core\memory.cpp:Memory::MemorySystem::Write:528: unmapped Write8 0x00000000 @ 0x00000A50 at PC 0x010F3548
[   5.186145] HW.Memory <Error> core\memory.cpp:Memory::MemorySystem::Write:528: unmapped Write8 0x00000000 @ 0x00000A51 at PC 0x010F3548
[   5.186146] HW.Memory <Error> core\memory.cpp:Memory::MemorySystem::Write:528: unmapped Write8 0x00000000 @ 0x00000A52 at PC 0x010F3548
[   5.186146] HW.Memory <Error> core\memory.cpp:Memory::MemorySystem::Write:528: unmapped Write8 0x00000000 @ 0x00000A53 at PC 0x010F3548
[   5.186147] HW.Memory <Error> core\memory.cpp:Memory::MemorySystem::Write:528: unmapped Write8 0x00000000 @ 0x00000A54 at PC 0x010F3548
[   5.186147] HW.Memory <Error> core\memory.cpp:Memory::MemorySystem::Write:528: unmapped Write8 0x00000000 @ 0x00000A55 at PC 0x010F3548
[   5.186148] HW.Memory <Error> core\memory.cpp:Memory::MemorySystem::Write:528: unmapped Write8 0x00000000 @ 0x00000A56 at PC 0x010F3548
[   5.186148] HW.Memory <Error> core\memory.cpp:Memory::MemorySystem::Write:528: unmapped Write8 0x00000000 @ 0x00000A57 at PC 0x010F3548
[   5.186149] HW.Memory <Error> core\memory.cpp:Memory::MemorySystem::Write:528: unmapped Write8 0x00000000 @ 0x00000A58 at PC 0x010F3548
[   5.186149] HW.Memory <Error> core\memory.cpp:Memory::MemorySystem::Write:528: unmapped Write8 0x00000000 @ 0x00000A59 at PC 0x010F3548
[   5.186150] HW.Memory <Error> core\memory.cpp:Memory::MemorySystem::Write:528: unmapped Write8 0x00000000 @ 0x00000A5A at PC 0x010F3548
[   5.186150] HW.Memory <Error> core\memory.cpp:Memory::MemorySystem::Write:528: unmapped Write8 0x00000000 @ 0x00000A5B at PC 0x010F3548
[   5.186151] HW.Memory <Error> core\memory.cpp:Memory::MemorySystem::Write:528: unmapped Write8 0x00000000 @ 0x00000A5C at PC 0x010F3548
[   5.186151] HW.Memory <Error> core\memory.cpp:Memory::MemorySystem::Write:528: unmapped Write8 0x00000000 @ 0x00000A5D at PC 0x010F3548
[   5.186152] HW.Memory <Error> core\memory.cpp:Memory::MemorySystem::Write:528: unmapped Write8 0x00000000 @ 0x00000A5E at PC 0x010F3548
[   5.186152] HW.Memory <Error> core\memory.cpp:Memory::MemorySystem::Write:528: unmapped Write8 0x00000000 @ 0x00000A5F at PC 0x010F3548
[   5.186153] HW.Memory <Error> core\memory.cpp:Memory::MemorySystem::Write:528: unmapped Write8 0x00000000 @ 0x00000A60 at PC 0x010F3548
[   5.186153] HW.Memory <Error> core\memory.cpp:Memory::MemorySystem::Write:528: unmapped Write8 0x00000000 @ 0x00000A61 at PC 0x010F3548
[   5.186154] HW.Memory <Error> core\memory.cpp:Memory::MemorySystem::Write:528: unmapped Write8 0x00000000 @ 0x00000A62 at PC 0x010F3548
[   5.186154] HW.Memory <Error> core\memory.cpp:Memory::MemorySystem::Write:528: unmapped Write8 0x00000000 @ 0x00000A63 at PC 0x010F3548
[   5.186155] HW.Memory <Error> core\memory.cpp:Memory::MemorySystem::Write:528: unmapped Write8 0x00000000 @ 0x00000A64 at PC 0x010F3548
[   5.186155] HW.Memory <Error> core\memory.cpp:Memory::MemorySystem::Write:528: unmapped Write8 0x00000000 @ 0x00000A65 at PC 0x010F3548
[   5.186156] HW.Memory <Error> core\memory.cpp:Memory::MemorySystem::Write:528: unmapped Write8 0x00000000 @ 0x00000A66 at PC 0x010F3548
[   5.186156] HW.Memory <Error> core\memory.cpp:Memory::MemorySystem::Write:528: unmapped Write8 0x00000000 @ 0x00000A67 at PC 0x010F3548
[   5.186157] HW.Memory <Error> core\memory.cpp:Memory::MemorySystem::Write:528: unmapped Write8 0x00000000 @ 0x00000A68 at PC 0x010F3548
[   5.186157] HW.Memory <Error> core\memory.cpp:Memory::MemorySystem::Write:528: unmapped Write8 0x00000000 @ 0x00000A69 at PC 0x010F3548
[   5.186157] HW.Memory <Error> core\memory.cpp:Memory::MemorySystem::Write:528: unmapped Write8 0x00000000 @ 0x00000A6A at PC 0x010F3548
[   5.186158] HW.Memory <Error> core\memory.cpp:Memory::MemorySystem::Write:528: unmapped Write8 0x00000000 @ 0x00000A6B at PC 0x010F3548
[   5.186158] HW.Memory <Error> core\memory.cpp:Memory::MemorySystem::Write:528: unmapped Write8 0x00000000 @ 0x00000A6C at PC 0x010F3548
[   5.186159] HW.Memory <Error> core\memory.cpp:Memory::MemorySystem::Write:528: unmapped Write8 0x00000000 @ 0x00000A6D at PC 0x010F3548
[   5.186159] HW.Memory <Error> core\memory.cpp:Memory::MemorySystem::Write:528: unmapped Write8 0x00000000 @ 0x00000A6E at PC 0x010F3548
[   5.186160] HW.Memory <Error> core\memory.cpp:Memory::MemorySystem::Write:528: unmapped Write8 0x00000000 @ 0x00000A6F at PC 0x010F3548
[   5.186160] HW.Memory <Error> core\memory.cpp:Memory::MemorySystem::Write:528: unmapped Write8 0x00000000 @ 0x00000A70 at PC 0x010F3548
[   5.186160] HW.Memory <Error> core\memory.cpp:Memory::MemorySystem::Write:528: unmapped Write8 0x00000000 @ 0x00000A71 at PC 0x010F3548
[   5.186161] HW.Memory <Error> core\memory.cpp:Memory::MemorySystem::Write:528: unmapped Write8 0x00000000 @ 0x00000A72 at PC 0x010F3548
[   5.186162] HW.Memory <Error> core\memory.cpp:Memory::MemorySystem::Write:528: unmapped Write8 0x00000000 @ 0x00000A73 at PC 0x010F3548
[   5.186162] HW.Memory <Error> core\memory.cpp:Memory::MemorySystem::Write:528: unmapped Write8 0x00000000 @ 0x00000A74 at PC 0x010F3548
[   5.186163] HW.Memory <Error> core\memory.cpp:Memory::MemorySystem::Write:528: unmapped Write8 0x00000000 @ 0x00000A75 at PC 0x010F3548
[   5.186163] HW.Memory <Error> core\memory.cpp:Memory::MemorySystem::Write:528: unmapped Write8 0x00000000 @ 0x00000A76 at PC 0x010F3548
[   5.186164] HW.Memory <Error> core\memory.cpp:Memory::MemorySystem::Write:528: unmapped Write8 0x00000000 @ 0x00000A77 at PC 0x010F3548
[   5.186164] HW.Memory <Error> core\memory.cpp:Memory::MemorySystem::Write:528: unmapped Write8 0x00000000 @ 0x00000A78 at PC 0x010F3548
[   5.186164] HW.Memory <Error> core\memory.cpp:Memory::MemorySystem::Write:528: unmapped Write8 0x00000000 @ 0x00000A79 at PC 0x010F3548
[   5.186165] HW.Memory <Error> core\memory.cpp:Memory::MemorySystem::Write:528: unmapped Write8 0x00000000 @ 0x00000A7A at PC 0x010F3548
[   5.186165] HW.Memory <Error> core\memory.cpp:Memory::MemorySystem::Write:528: unmapped Write8 0x00000000 @ 0x00000A7B at PC 0x010F3548
[   5.186166] HW.Memory <Error> core\memory.cpp:Memory::MemorySystem::Write:528: unmapped Write8 0x00000000 @ 0x00000A7C at PC 0x010F3548
[   5.186166] HW.Memory <Error> core\memory.cpp:Memory::MemorySystem::Write:528: unmapped Write8 0x00000000 @ 0x00000A7D at PC 0x010F3548
[   5.186167] HW.Memory <Error> core\memory.cpp:Memory::MemorySystem::Write:528: unmapped Write8 0x00000000 @ 0x00000A7E at PC 0x010F3548
[   5.186167] HW.Memory <Error> core\memory.cpp:Memory::MemorySystem::Write:528: unmapped Write8 0x00000000 @ 0x00000A7F at PC 0x010F3548
[   5.186168] HW.Memory <Error> core\memory.cpp:Memory::MemorySystem::Write:528: unmapped Write8 0x00000000 @ 0x00000A80 at PC 0x010F3548
[   5.186168] HW.Memory <Error> core\memory.cpp:Memory::MemorySystem::Write:528: unmapped Write8 0x00000000 @ 0x00000A81 at PC 0x010F3548
[   5.186169] HW.Memory <Error> core\memory.cpp:Memory::MemorySystem::Write:528: unmapped Write8 0x00000000 @ 0x00000A82 at PC 0x010F3548
[   5.186169] HW.Memory <Error> core\memory.cpp:Memory::MemorySystem::Write:528: unmapped Write8 0x00000000 @ 0x00000A83 at PC 0x010F3548
[   5.186169] HW.Memory <Error> core\memory.cpp:Memory::MemorySystem::Write:528: unmapped Write8 0x00000000 @ 0x00000A84 at PC 0x010F3548
[   5.186170] HW.Memory <Error> core\memory.cpp:Memory::MemorySystem::Write:528: unmapped Write8 0x00000000 @ 0x00000A85 at PC 0x010F3548
[   5.186170] HW.Memory <Error> core\memory.cpp:Memory::MemorySystem::Write:528: unmapped Write8 0x00000000 @ 0x00000A86 at PC 0x010F3548
[   5.186171] HW.Memory <Error> core\memory.cpp:Memory::MemorySystem::Write:528: unmapped Write8 0x00000000 @ 0x00000A87 at PC 0x010F3548
[   5.186171] HW.Memory <Error> core\memory.cpp:Memory::MemorySystem::Write:528: unmapped Write8 0x00000000 @ 0x00000A88 at PC 0x010F3548
[   5.186172] HW.Memory <Error> core\memory.cpp:Memory::MemorySystem::Write:528: unmapped Write8 0x00000000 @ 0x00000A89 at PC 0x010F3548
[   5.186172] HW.Memory <Error> core\memory.cpp:Memory::MemorySystem::Write:528: unmapped Write8 0x00000000 @ 0x00000A8A at PC 0x010F3548
[   5.186172] HW.Memory <Error> core\memory.cpp:Memory::MemorySystem::Write:528: unmapped Write8 0x00000000 @ 0x00000A8B at PC 0x010F3548
[   5.186173] HW.Memory <Error> core\memory.cpp:Memory::MemorySystem::Write:528: unmapped Write8 0x00000000 @ 0x00000A8C at PC 0x010F3548
[   5.186173] HW.Memory <Error> core\memory.cpp:Memory::MemorySystem::Write:528: unmapped Write8 0x00000000 @ 0x00000A8D at PC 0x010F3548
[   5.186174] HW.Memory <Error> core\memory.cpp:Memory::MemorySystem::Write:528: unmapped Write8 0x00000000 @ 0x00000A8E at PC 0x010F3548
[   5.186174] HW.Memory <Error> core\memory.cpp:Memory::MemorySystem::Write:528: unmapped Write8 0x00000000 @ 0x00000A8F at PC 0x010F3548
[   5.186175] HW.Memory <Error> core\memory.cpp:Memory::MemorySystem::Write:528: unmapped Write8 0x00000000 @ 0x00000A90 at PC 0x010F3548
[   5.186175] HW.Memory <Error> core\memory.cpp:Memory::MemorySystem::Write:528: unmapped Write8 0x00000000 @ 0x00000A91 at PC 0x010F3548
[   5.186176] HW.Memory <Error> core\memory.cpp:Memory::MemorySystem::Write:528: unmapped Write8 0x00000000 @ 0x00000A92 at PC 0x010F3548
[   5.186176] HW.Memory <Error> core\memory.cpp:Memory::MemorySystem::Write:528: unmapped Write8 0x00000000 @ 0x00000A93 at PC 0x010F3548
[   5.186177] HW.Memory <Error> core\memory.cpp:Memory::MemorySystem::Write:528: unmapped Write8 0x00000000 @ 0x00000A94 at PC 0x010F3548
[   5.186177] HW.Memory <Error> core\memory.cpp:Memory::MemorySystem::Write:528: unmapped Write8 0x00000000 @ 0x00000A95 at PC 0x010F3548
[   5.186177] HW.Memory <Error> core\memory.cpp:Memory::MemorySystem::Write:528: unmapped Write8 0x00000000 @ 0x00000A96 at PC 0x010F3548
[   5.186178] HW.Memory <Error> core\memory.cpp:Memory::MemorySystem::Write:528: unmapped Write8 0x00000000 @ 0x00000A97 at PC 0x010F3548
[   5.186178] HW.Memory <Error> core\memory.cpp:Memory::MemorySystem::Write:528: unmapped Write8 0x00000000 @ 0x00000A98 at PC 0x010F3548
[   5.186179] HW.Memory <Error> core\memory.cpp:Memory::MemorySystem::Write:528: unmapped Write8 0x00000000 @ 0x00000A99 at PC 0x010F3548
[   5.186179] HW.Memory <Error> core\memory.cpp:Memory::MemorySystem::Write:528: unmapped Write8 0x00000000 @ 0x00000A9A at PC 0x010F3548
[   5.186180] HW.Memory <Error> core\memory.cpp:Memory::MemorySystem::Write:528: unmapped Write8 0x00000000 @ 0x00000A9B at PC 0x010F3548
[   5.186180] HW.Memory <Error> core\memory.cpp:Memory::MemorySystem::Write:528: unmapped Write8 0x00000000 @ 0x00000A9C at PC 0x010F3548
[   5.186181] HW.Memory <Error> core\memory.cpp:Memory::MemorySystem::Write:528: unmapped Write8 0x00000000 @ 0x00000A9D at PC 0x010F3548
[   5.186181] HW.Memory <Error> core\memory.cpp:Memory::MemorySystem::Write:528: unmapped Write8 0x00000000 @ 0x00000A9E at PC 0x010F3548
[   5.186182] HW.Memory <Error> core\memory.cpp:Memory::MemorySystem::Write:528: unmapped Write8 0x00000000 @ 0x00000A9F at PC 0x010F3548
[   5.186182] HW.Memory <Error> core\memory.cpp:Memory::MemorySystem::Write:528: unmapped Write8 0x00000000 @ 0x00000AA0 at PC 0x010F3548
[   5.186183] HW.Memory <Error> core\memory.cpp:Memory::MemorySystem::Write:528: unmapped Write8 0x00000000 @ 0x00000AA1 at PC 0x010F3548
[   5.186183] HW.Memory <Error> core\memory.cpp:Memory::MemorySystem::Write:528: unmapped Write8 0x00000000 @ 0x00000AA2 at PC 0x010F3548
[   5.186184] HW.Memory <Error> core\memory.cpp:Memory::MemorySystem::Write:528: unmapped Write8 0x00000000 @ 0x00000AA3 at PC 0x010F3548
[   5.186184] HW.Memory <Error> core\memory.cpp:Memory::MemorySystem::Write:528: unmapped Write8 0x00000000 @ 0x00000AA4 at PC 0x010F3548
[   5.186185] HW.Memory <Error> core\memory.cpp:Memory::MemorySystem::Write:528: unmapped Write8 0x00000000 @ 0x00000AA5 at PC 0x010F3548
[   5.186185] HW.Memory <Error> core\memory.cpp:Memory::MemorySystem::Write:528: unmapped Write8 0x00000000 @ 0x00000AA6 at PC 0x010F3548
[   5.186186] HW.Memory <Error> core\memory.cpp:Memory::MemorySystem::Write:528: unmapped Write8 0x00000000 @ 0x00000AA7 at PC 0x010F3548
[   5.186186] HW.Memory <Error> core\memory.cpp:Memory::MemorySystem::Write:528: unmapped Write8 0x00000000 @ 0x00000AA8 at PC 0x010F3548
[   5.186187] HW.Memory <Error> core\memory.cpp:Memory::MemorySystem::Write:528: unmapped Write8 0x00000000 @ 0x00000AA9 at PC 0x010F3548
[   5.186188] HW.Memory <Error> core\memory.cpp:Memory::MemorySystem::Write:528: unmapped Write8 0x00000000 @ 0x00000AAA at PC 0x010F3548
[   5.186188] HW.Memory <Error> core\memory.cpp:Memory::MemorySystem::Write:528: unmapped Write8 0x00000000 @ 0x00000AAB at PC 0x010F3548
[   5.186189] HW.Memory <Error> core\memory.cpp:Memory::MemorySystem::Write:528: unmapped Write8 0x00000000 @ 0x00000AAC at PC 0x010F3548
[   5.186189] HW.Memory <Error> core\memory.cpp:Memory::MemorySystem::Write:528: unmapped Write8 0x00000000 @ 0x00000AAD at PC 0x010F3548
[   5.186190] HW.Memory <Error> core\memory.cpp:Memory::MemorySystem::Write:528: unmapped Write8 0x00000000 @ 0x00000AAE at PC 0x010F3548
[   5.186190] HW.Memory <Error> core\memory.cpp:Memory::MemorySystem::Write:528: unmapped Write8 0x00000000 @ 0x00000AAF at PC 0x010F3548
[   5.186191] HW.Memory <Error> core\memory.cpp:Memory::MemorySystem::Write:528: unmapped Write8 0x00000000 @ 0x00000AB0 at PC 0x010F3548
[   5.186191] HW.Memory <Error> core\memory.cpp:Memory::MemorySystem::Write:528: unmapped Write8 0x00000000 @ 0x00000AB1 at PC 0x010F3548
[   5.186192] HW.Memory <Error> core\memory.cpp:Memory::MemorySystem::Write:528: unmapped Write8 0x00000000 @ 0x00000AB2 at PC 0x010F3548
[   5.186192] HW.Memory <Error> core\memory.cpp:Memory::MemorySystem::Write:528: unmapped Write8 0x00000000 @ 0x00000AB3 at PC 0x010F3548
[   5.186193] HW.Memory <Error> core\memory.cpp:Memory::MemorySystem::Write:528: unmapped Write8 0x00000000 @ 0x00000AB4 at PC 0x010F3548
[   5.186194] HW.Memory <Error> core\memory.cpp:Memory::MemorySystem::Write:528: unmapped Write8 0x00000000 @ 0x00000AB5 at PC 0x010F3548
[   5.186194] HW.Memory <Error> core\memory.cpp:Memory::MemorySystem::Write:528: unmapped Write8 0x00000000 @ 0x00000AB6 at PC 0x010F3548
[   5.186194] HW.Memory <Error> core\memory.cpp:Memory::MemorySystem::Write:528: unmapped Write8 0x00000000 @ 0x00000AB7 at PC 0x010F3548
[   5.186195] HW.Memory <Error> core\memory.cpp:Memory::MemorySystem::Write:528: unmapped Write8 0x00000000 @ 0x00000AB8 at PC 0x010F3548
[   5.186195] HW.Memory <Error> core\memory.cpp:Memory::MemorySystem::Write:528: unmapped Write8 0x00000000 @ 0x00000AB9 at PC 0x010F3548
[   5.186196] HW.Memory <Error> core\memory.cpp:Memory::MemorySystem::Write:528: unmapped Write8 0x00000000 @ 0x00000ABA at PC 0x010F3548
[   5.186196] HW.Memory <Error> core\memory.cpp:Memory::MemorySystem::Write:528: unmapped Write8 0x00000000 @ 0x00000ABB at PC 0x010F3548
[   5.186197] HW.Memory <Error> core\memory.cpp:Memory::MemorySystem::Write:528: unmapped Write8 0x00000000 @ 0x00000ABC at PC 0x010F3548
[   5.186197] HW.Memory <Error> core\memory.cpp:Memory::MemorySystem::Write:528: unmapped Write8 0x00000000 @ 0x00000ABD at PC 0x010F3548
[   5.186198] HW.Memory <Error> core\memory.cpp:Memory::MemorySystem::Write:528: unmapped Write8 0x00000000 @ 0x00000ABE at PC 0x010F3548
[   5.186198] HW.Memory <Error> core\memory.cpp:Memory::MemorySystem::Write:528: unmapped Write8 0x00000000 @ 0x00000ABF at PC 0x010F3548
[   5.186199] HW.Memory <Error> core\memory.cpp:Memory::MemorySystem::Write:528: unmapped Write8 0x00000000 @ 0x00000AC0 at PC 0x010F3548
[   5.186199] HW.Memory <Error> core\memory.cpp:Memory::MemorySystem::Write:528: unmapped Write8 0x00000000 @ 0x00000AC1 at PC 0x010F3548
[   5.186200] HW.Memory <Error> core\memory.cpp:Memory::MemorySystem::Write:528: unmapped Write8 0x00000000 @ 0x00000AC2 at PC 0x010F3548
[   5.186201] HW.Memory <Error> core\memory.cpp:Memory::MemorySystem::Write:528: unmapped Write8 0x00000000 @ 0x00000AC3 at PC 0x010F3548
[   5.186201] HW.Memory <Error> core\memory.cpp:Memory::MemorySystem::Write:528: unmapped Write8 0x00000000 @ 0x00000AC4 at PC 0x010F3548
[   5.186201] HW.Memory <Error> core\memory.cpp:Memory::MemorySystem::Write:528: unmapped Write8 0x00000000 @ 0x00000AC5 at PC 0x010F3548
[   5.186202] HW.Memory <Error> core\memory.cpp:Memory::MemorySystem::Write:528: unmapped Write8 0x00000000 @ 0x00000AC6 at PC 0x010F3548
[   5.186202] HW.Memory <Error> core\memory.cpp:Memory::MemorySystem::Write:528: unmapped Write8 0x00000000 @ 0x00000AC7 at PC 0x010F3548
[   5.186203] HW.Memory <Error> core\memory.cpp:Memory::MemorySystem::Write:528: unmapped Write8 0x00000000 @ 0x00000AC8 at PC 0x010F3548
[   5.186203] HW.Memory <Error> core\memory.cpp:Memory::MemorySystem::Write:528: unmapped Write8 0x00000000 @ 0x00000AC9 at PC 0x010F3548
[   5.186204] HW.Memory <Error> core\memory.cpp:Memory::MemorySystem::Write:528: unmapped Write8 0x00000000 @ 0x00000ACA at PC 0x010F3548
[   5.186204] HW.Memory <Error> core\memory.cpp:Memory::MemorySystem::Write:528: unmapped Write8 0x00000000 @ 0x00000ACB at PC 0x010F3548
[   5.186205] HW.Memory <Error> core\memory.cpp:Memory::MemorySystem::Write:528: unmapped Write8 0x00000000 @ 0x00000ACC at PC 0x010F3548
[   5.186205] HW.Memory <Error> core\memory.cpp:Memory::MemorySystem::Write:528: unmapped Write8 0x00000000 @ 0x00000ACD at PC 0x010F3548
[   5.186206] HW.Memory <Error> core\memory.cpp:Memory::MemorySystem::Write:528: unmapped Write8 0x00000000 @ 0x00000ACE at PC 0x010F3548
[   5.186206] HW.Memory <Error> core\memory.cpp:Memory::MemorySystem::Write:528: unmapped Write8 0x00000000 @ 0x00000ACF at PC 0x010F3548
[   5.186207] HW.Memory <Error> core\memory.cpp:Memory::MemorySystem::Write:528: unmapped Write8 0x00000000 @ 0x00000AD0 at PC 0x010F3548
[   5.186207] HW.Memory <Error> core\memory.cpp:Memory::MemorySystem::Write:528: unmapped Write8 0x00000000 @ 0x00000AD1 at PC 0x010F3548
[   5.186208] HW.Memory <Error> core\memory.cpp:Memory::MemorySystem::Write:528: unmapped Write8 0x00000000 @ 0x00000AD2 at PC 0x010F3548
[   5.186208] HW.Memory <Error> core\memory.cpp:Memory::MemorySystem::Write:528: unmapped Write8 0x00000000 @ 0x00000AD3 at PC 0x010F3548
[   5.186209] HW.Memory <Error> core\memory.cpp:Memory::MemorySystem::Write:528: unmapped Write8 0x00000000 @ 0x00000AD4 at PC 0x010F3548
[   5.186209] HW.Memory <Error> core\memory.cpp:Memory::MemorySystem::Write:528: unmapped Write8 0x00000000 @ 0x00000AD5 at PC 0x010F3548
[   5.186210] HW.Memory <Error> core\memory.cpp:Memory::MemorySystem::Write:528: unmapped Write8 0x00000000 @ 0x00000AD6 at PC 0x010F3548
[   5.186210] HW.Memory <Error> core\memory.cpp:Memory::MemorySystem::Write:528: unmapped Write8 0x00000000 @ 0x00000AD7 at PC 0x010F3548
[   5.186210] HW.Memory <Error> core\memory.cpp:Memory::MemorySystem::Write:528: unmapped Write8 0x00000000 @ 0x00000AD8 at PC 0x010F3548
[   5.186211] HW.Memory <Error> core\memory.cpp:Memory::MemorySystem::Write:528: unmapped Write8 0x00000000 @ 0x00000AD9 at PC 0x010F3548
[   5.186211] HW.Memory <Error> core\memory.cpp:Memory::MemorySystem::Write:528: unmapped Write8 0x00000000 @ 0x00000ADA at PC 0x010F3548
[   5.186212] HW.Memory <Error> core\memory.cpp:Memory::MemorySystem::Write:528: unmapped Write8 0x00000000 @ 0x00000ADB at PC 0x010F3548
[   5.186212] HW.Memory <Error> core\memory.cpp:Memory::MemorySystem::Write:528: unmapped Write8 0x00000000 @ 0x00000ADC at PC 0x010F3548
[   5.186212] HW.Memory <Error> core\memory.cpp:Memory::MemorySystem::Write:528: unmapped Write8 0x00000000 @ 0x00000ADD at PC 0x010F3548
[   5.186213] HW.Memory <Error> core\memory.cpp:Memory::MemorySystem::Write:528: unmapped Write8 0x00000000 @ 0x00000ADE at PC 0x010F3548
[   5.186213] HW.Memory <Error> core\memory.cpp:Memory::MemorySystem::Write:528: unmapped Write8 0x00000000 @ 0x00000ADF at PC 0x010F3548
[   5.186214] HW.Memory <Error> core\memory.cpp:Memory::MemorySystem::Write:528: unmapped Write8 0x00000000 @ 0x00000AE0 at PC 0x010F3548
[   5.186214] HW.Memory <Error> core\memory.cpp:Memory::MemorySystem::Write:528: unmapped Write8 0x00000000 @ 0x00000AE1 at PC 0x010F3548
[   5.186214] HW.Memory <Error> core\memory.cpp:Memory::MemorySystem::Write:528: unmapped Write8 0x00000000 @ 0x00000AE2 at PC 0x010F3548
[   5.186215] HW.Memory <Error> core\memory.cpp:Memory::MemorySystem::Write:528: unmapped Write8 0x00000000 @ 0x00000AE3 at PC 0x010F3548
[   5.186215] HW.Memory <Error> core\memory.cpp:Memory::MemorySystem::Write:528: unmapped Write8 0x00000000 @ 0x00000AE4 at PC 0x010F3548
[   5.186216] HW.Memory <Error> core\memory.cpp:Memory::MemorySystem::Write:528: unmapped Write8 0x00000000 @ 0x00000AE5 at PC 0x010F3548
[   5.186216] HW.Memory <Error> core\memory.cpp:Memory::MemorySystem::Write:528: unmapped Write8 0x00000000 @ 0x00000AE6 at PC 0x010F3548
[   5.186217] HW.Memory <Error> core\memory.cpp:Memory::MemorySystem::Write:528: unmapped Write8 0x00000000 @ 0x00000AE7 at PC 0x010F3548
[   5.186217] HW.Memory <Error> core\memory.cpp:Memory::MemorySystem::Write:528: unmapped Write8 0x00000000 @ 0x00000AE8 at PC 0x010F3548
[   5.186218] HW.Memory <Error> core\memory.cpp:Memory::MemorySystem::Write:528: unmapped Write8 0x00000000 @ 0x00000AE9 at PC 0x010F3548
[   5.186218] HW.Memory <Error> core\memory.cpp:Memory::MemorySystem::Write:528: unmapped Write8 0x00000000 @ 0x00000AEA at PC 0x010F3548
[   5.186219] HW.Memory <Error> core\memory.cpp:Memory::MemorySystem::Write:528: unmapped Write8 0x00000000 @ 0x00000AEB at PC 0x010F3548
[   5.186219] HW.Memory <Error> core\memory.cpp:Memory::MemorySystem::Write:528: unmapped Write8 0x00000000 @ 0x00000AEC at PC 0x010F3548
[   5.186220] HW.Memory <Error> core\memory.cpp:Memory::MemorySystem::Write:528: unmapped Write8 0x00000000 @ 0x00000AED at PC 0x010F3548
[   5.186221] HW.Memory <Error> core\memory.cpp:Memory::MemorySystem::Write:528: unmapped Write8 0x00000000 @ 0x00000AEE at PC 0x010F3548
[   5.186221] HW.Memory <Error> core\memory.cpp:Memory::MemorySystem::Write:528: unmapped Write8 0x00000000 @ 0x00000AEF at PC 0x010F3548
[   5.186222] HW.Memory <Error> core\memory.cpp:Memory::MemorySystem::Write:528: unmapped Write8 0x00000000 @ 0x00000AF0 at PC 0x010F3548
[   5.186222] HW.Memory <Error> core\memory.cpp:Memory::MemorySystem::Write:528: unmapped Write8 0x00000000 @ 0x00000AF1 at PC 0x010F3548
[   5.186223] HW.Memory <Error> core\memory.cpp:Memory::MemorySystem::Write:528: unmapped Write8 0x00000000 @ 0x00000AF2 at PC 0x010F3548
[   5.186223] HW.Memory <Error> core\memory.cpp:Memory::MemorySystem::Write:528: unmapped Write8 0x00000000 @ 0x00000AF3 at PC 0x010F3548
[   5.186224] HW.Memory <Error> core\memory.cpp:Memory::MemorySystem::Write:528: unmapped Write8 0x00000000 @ 0x00000AF4 at PC 0x010F3548
[   5.186224] HW.Memory <Error> core\memory.cpp:Memory::MemorySystem::Write:528: unmapped Write8 0x00000000 @ 0x00000AF5 at PC 0x010F3548
[   5.186225] HW.Memory <Error> core\memory.cpp:Memory::MemorySystem::Write:528: unmapped Write8 0x00000000 @ 0x00000AF6 at PC 0x010F3548
[   5.186225] HW.Memory <Error> core\memory.cpp:Memory::MemorySystem::Write:528: unmapped Write8 0x00000000 @ 0x00000AF7 at PC 0x010F3548
[   5.186226] HW.Memory <Error> core\memory.cpp:Memory::MemorySystem::Write:528: unmapped Write8 0x00000000 @ 0x00000AF8 at PC 0x010F3548
[   5.186226] HW.Memory <Error> core\memory.cpp:Memory::MemorySystem::Write:528: unmapped Write8 0x00000000 @ 0x00000AF9 at PC 0x010F3548
[   5.186227] HW.Memory <Error> core\memory.cpp:Memory::MemorySystem::Write:528: unmapped Write8 0x00000000 @ 0x00000AFA at PC 0x010F3548
[   5.186227] HW.Memory <Error> core\memory.cpp:Memory::MemorySystem::Write:528: unmapped Write8 0x00000000 @ 0x00000AFB at PC 0x010F3548
[   5.186228] HW.Memory <Error> core\memory.cpp:Memory::MemorySystem::Write:528: unmapped Write8 0x00000000 @ 0x00000AFC at PC 0x010F3548
[   5.186228] HW.Memory <Error> core\memory.cpp:Memory::MemorySystem::Write:528: unmapped Write8 0x00000000 @ 0x00000AFD at PC 0x010F3548
[   5.186229] HW.Memory <Error> core\memory.cpp:Memory::MemorySystem::Write:528: unmapped Write8 0x00000000 @ 0x00000AFE at PC 0x010F3548
[   5.186229] HW.Memory <Error> core\memory.cpp:Memory::MemorySystem::Write:528: unmapped Write8 0x00000000 @ 0x00000AFF at PC 0x010F3548
[   5.186230] HW.Memory <Error> core\memory.cpp:Memory::MemorySystem::Write:528: unmapped Write8 0x00000000 @ 0x00000B00 at PC 0x010F3548
[   5.186230] HW.Memory <Error> core\memory.cpp:Memory::MemorySystem::Write:528: unmapped Write8 0x00000000 @ 0x00000B01 at PC 0x010F3548
[   5.186231] HW.Memory <Error> core\memory.cpp:Memory::MemorySystem::Write:528: unmapped Write8 0x00000000 @ 0x00000B02 at PC 0x010F3548
[   5.186231] HW.Memory <Error> core\memory.cpp:Memory::MemorySystem::Write:528: unmapped Write8 0x00000000 @ 0x00000B03 at PC 0x010F3548
[   5.186232] HW.Memory <Error> core\memory.cpp:Memory::MemorySystem::Write:528: unmapped Write8 0x00000000 @ 0x00000B04 at PC 0x010F3548
[   5.186232] HW.Memory <Error> core\memory.cpp:Memory::MemorySystem::Write:528: unmapped Write8 0x00000000 @ 0x00000B05 at PC 0x010F3548
[   5.186232] HW.Memory <Error> core\memory.cpp:Memory::MemorySystem::Write:528: unmapped Write8 0x00000000 @ 0x00000B06 at PC 0x010F3548
[   5.186233] HW.Memory <Error> core\memory.cpp:Memory::MemorySystem::Write:528: unmapped Write8 0x00000000 @ 0x00000B07 at PC 0x010F3548
[   5.186233] HW.Memory <Error> core\memory.cpp:Memory::MemorySystem::Write:528: unmapped Write8 0x00000000 @ 0x00000B08 at PC 0x010F3548
[   5.186234] HW.Memory <Error> core\memory.cpp:Memory::MemorySystem::Write:528: unmapped Write8 0x00000000 @ 0x00000B09 at PC 0x010F3548
[   5.186234] HW.Memory <Error> core\memory.cpp:Memory::MemorySystem::Write:528: unmapped Write8 0x00000000 @ 0x00000B0A at PC 0x010F3548
[   5.186235] HW.Memory <Error> core\memory.cpp:Memory::MemorySystem::Write:528: unmapped Write8 0x00000000 @ 0x00000B0B at PC 0x010F3548
[   5.186235] HW.Memory <Error> core\memory.cpp:Memory::MemorySystem::Write:528: unmapped Write8 0x00000000 @ 0x00000B0C at PC 0x010F3548
[   5.186236] HW.Memory <Error> core\memory.cpp:Memory::MemorySystem::Write:528: unmapped Write8 0x00000000 @ 0x00000B0D at PC 0x010F3548
[   5.186236] HW.Memory <Error> core\memory.cpp:Memory::MemorySystem::Write:528: unmapped Write8 0x00000000 @ 0x00000B0E at PC 0x010F3548
[   5.186236] HW.Memory <Error> core\memory.cpp:Memory::MemorySystem::Write:528: unmapped Write8 0x00000000 @ 0x00000B0F at PC 0x010F3548
[   5.186237] HW.Memory <Error> core\memory.cpp:Memory::MemorySystem::Write:528: unmapped Write8 0x00000000 @ 0x00000B10 at PC 0x010F3548
[   5.186237] HW.Memory <Error> core\memory.cpp:Memory::MemorySystem::Write:528: unmapped Write8 0x00000000 @ 0x00000B11 at PC 0x010F3548
[   5.186238] HW.Memory <Error> core\memory.cpp:Memory::MemorySystem::Write:528: unmapped Write8 0x00000000 @ 0x00000B12 at PC 0x010F3548
[   5.186238] HW.Memory <Error> core\memory.cpp:Memory::MemorySystem::Write:528: unmapped Write8 0x00000000 @ 0x00000B13 at PC 0x010F3548
[   5.186239] HW.Memory <Error> core\memory.cpp:Memory::MemorySystem::Write:528: unmapped Write8 0x00000000 @ 0x00000B14 at PC 0x010F3548
[   5.186239] HW.Memory <Error> core\memory.cpp:Memory::MemorySystem::Write:528: unmapped Write8 0x00000000 @ 0x00000B15 at PC 0x010F3548
[   5.186239] HW.Memory <Error> core\memory.cpp:Memory::MemorySystem::Write:528: unmapped Write8 0x00000000 @ 0x00000B16 at PC 0x010F3548
[   5.186240] HW.Memory <Error> core\memory.cpp:Memory::MemorySystem::Write:528: unmapped Write8 0x00000000 @ 0x00000B17 at PC 0x010F3548
[   5.186240] HW.Memory <Error> core\memory.cpp:Memory::MemorySystem::Write:528: unmapped Write8 0x00000000 @ 0x00000B18 at PC 0x010F3548
[   5.186241] HW.Memory <Error> core\memory.cpp:Memory::MemorySystem::Write:528: unmapped Write8 0x00000000 @ 0x00000B19 at PC 0x010F3548
[   5.186241] HW.Memory <Error> core\memory.cpp:Memory::MemorySystem::Write:528: unmapped Write8 0x00000000 @ 0x00000B1A at PC 0x010F3548
[   5.186241] HW.Memory <Error> core\memory.cpp:Memory::MemorySystem::Write:528: unmapped Write8 0x00000000 @ 0x00000B1B at PC 0x010F3548
[   5.186242] HW.Memory <Error> core\memory.cpp:Memory::MemorySystem::Write:528: unmapped Write8 0x00000000 @ 0x00000B1C at PC 0x010F3548
[   5.186242] HW.Memory <Error> core\memory.cpp:Memory::MemorySystem::Write:528: unmapped Write8 0x00000000 @ 0x00000B1D at PC 0x010F3548
[   5.186243] HW.Memory <Error> core\memory.cpp:Memory::MemorySystem::Write:528: unmapped Write8 0x00000000 @ 0x00000B1E at PC 0x010F3548
[   5.186243] HW.Memory <Error> core\memory.cpp:Memory::MemorySystem::Write:528: unmapped Write8 0x00000000 @ 0x00000B1F at PC 0x010F3548
[   5.186244] HW.Memory <Error> core\memory.cpp:Memory::MemorySystem::Write:528: unmapped Write8 0x00000000 @ 0x00000B20 at PC 0x010F3548
[   5.186244] HW.Memory <Error> core\memory.cpp:Memory::MemorySystem::Write:528: unmapped Write8 0x00000000 @ 0x00000B21 at PC 0x010F3548
[   5.186244] HW.Memory <Error> core\memory.cpp:Memory::MemorySystem::Write:528: unmapped Write8 0x00000000 @ 0x00000B22 at PC 0x010F3548
[   5.186245] HW.Memory <Error> core\memory.cpp:Memory::MemorySystem::Write:528: unmapped Write8 0x00000000 @ 0x00000B23 at PC 0x010F3548
[   5.186245] HW.Memory <Error> core\memory.cpp:Memory::MemorySystem::Write:528: unmapped Write8 0x00000000 @ 0x00000B24 at PC 0x010F3548
[   5.186246] HW.Memory <Error> core\memory.cpp:Memory::MemorySystem::Write:528: unmapped Write8 0x00000000 @ 0x00000B25 at PC 0x010F3548
[   5.186247] HW.Memory <Error> core\memory.cpp:Memory::MemorySystem::Write:528: unmapped Write8 0x00000000 @ 0x00000B26 at PC 0x010F3548
[   5.186248] HW.Memory <Error> core\memory.cpp:Memory::MemorySystem::Write:528: unmapped Write8 0x00000000 @ 0x00000B27 at PC 0x010F3548
[   5.186248] HW.Memory <Error> core\memory.cpp:Memory::MemorySystem::Write:528: unmapped Write8 0x00000000 @ 0x00000B28 at PC 0x010F3548
[   5.186249] HW.Memory <Error> core\memory.cpp:Memory::MemorySystem::Write:528: unmapped Write8 0x00000000 @ 0x00000B29 at PC 0x010F3548
[   5.186292] HW.Memory <Error> core\memory.cpp:Memory::MemorySystem::Write:528: unmapped Write8 0x00000000 @ 0x00000B2A at PC 0x010F3548
[   5.186293] HW.Memory <Error> core\memory.cpp:Memory::MemorySystem::Write:528: unmapped Write8 0x00000000 @ 0x00000B2B at PC 0x010F3548
[   5.186293] HW.Memory <Error> core\memory.cpp:Memory::MemorySystem::Write:528: unmapped Write8 0x00000000 @ 0x00000B2C at PC 0x010F3548
[   5.186294] HW.Memory <Error> core\memory.cpp:Memory::MemorySystem::Write:528: unmapped Write8 0x00000000 @ 0x00000B2D at PC 0x010F3548
[   5.186294] HW.Memory <Error> core\memory.cpp:Memory::MemorySystem::Write:528: unmapped Write8 0x00000000 @ 0x00000B2E at PC 0x010F3548
[   5.186295] HW.Memory <Error> core\memory.cpp:Memory::MemorySystem::Write:528: unmapped Write8 0x00000000 @ 0x00000B2F at PC 0x010F3548
[   5.186295] HW.Memory <Error> core\memory.cpp:Memory::MemorySystem::Write:528: unmapped Write8 0x00000000 @ 0x00000B30 at PC 0x010F3548
[   5.186296] HW.Memory <Error> core\memory.cpp:Memory::MemorySystem::Write:528: unmapped Write8 0x00000000 @ 0x00000B31 at PC 0x010F3548
[   5.186296] HW.Memory <Error> core\memory.cpp:Memory::MemorySystem::Write:528: unmapped Write8 0x00000000 @ 0x00000B32 at PC 0x010F3548
[   5.186296] HW.Memory <Error> core\memory.cpp:Memory::MemorySystem::Write:528: unmapped Write8 0x00000000 @ 0x00000B33 at PC 0x010F3548
[   5.186297] HW.Memory <Error> core\memory.cpp:Memory::MemorySystem::Write:528: unmapped Write8 0x00000000 @ 0x00000B34 at PC 0x010F3548
[   5.186297] HW.Memory <Error> core\memory.cpp:Memory::MemorySystem::Write:528: unmapped Write8 0x00000000 @ 0x00000B35 at PC 0x010F3548
[   5.186298] HW.Memory <Error> core\memory.cpp:Memory::MemorySystem::Write:528: unmapped Write8 0x00000000 @ 0x00000B36 at PC 0x010F3548
[   5.186298] HW.Memory <Error> core\memory.cpp:Memory::MemorySystem::Write:528: unmapped Write8 0x00000000 @ 0x00000B37 at PC 0x010F3548
[   5.186298] HW.Memory <Error> core\memory.cpp:Memory::MemorySystem::Write:528: unmapped Write8 0x00000000 @ 0x00000B38 at PC 0x010F3548
[   5.186299] HW.Memory <Error> core\memory.cpp:Memory::MemorySystem::Write:528: unmapped Write8 0x00000000 @ 0x00000B39 at PC 0x010F3548
[   5.186299] HW.Memory <Error> core\memory.cpp:Memory::MemorySystem::Write:528: unmapped Write8 0x00000000 @ 0x00000B3A at PC 0x010F3548
[   5.186300] HW.Memory <Error> core\memory.cpp:Memory::MemorySystem::Write:528: unmapped Write8 0x00000000 @ 0x00000B3B at PC 0x010F3548
[   5.186300] HW.Memory <Error> core\memory.cpp:Memory::MemorySystem::Write:528: unmapped Write8 0x00000000 @ 0x00000B3C at PC 0x010F3548
[   5.186301] HW.Memory <Error> core\memory.cpp:Memory::MemorySystem::Write:528: unmapped Write8 0x00000000 @ 0x00000B3D at PC 0x010F3548
[   5.186301] HW.Memory <Error> core\memory.cpp:Memory::MemorySystem::Write:528: unmapped Write8 0x00000000 @ 0x00000B3E at PC 0x010F3548
[   5.186302] HW.Memory <Error> core\memory.cpp:Memory::MemorySystem::Write:528: unmapped Write8 0x00000000 @ 0x00000B3F at PC 0x010F3548
[   5.186302] HW.Memory <Error> core\memory.cpp:Memory::MemorySystem::Write:528: unmapped Write8 0x00000000 @ 0x00000B40 at PC 0x010F3548
[   5.186303] HW.Memory <Error> core\memory.cpp:Memory::MemorySystem::Write:528: unmapped Write8 0x00000000 @ 0x00000B41 at PC 0x010F3548
[   5.186303] HW.Memory <Error> core\memory.cpp:Memory::MemorySystem::Write:528: unmapped Write8 0x00000000 @ 0x00000B42 at PC 0x010F3548
[   5.186303] HW.Memory <Error> core\memory.cpp:Memory::MemorySystem::Write:528: unmapped Write8 0x00000000 @ 0x00000B43 at PC 0x010F3548
[   5.186304] HW.Memory <Error> core\memory.cpp:Memory::MemorySystem::Write:528: unmapped Write8 0x00000000 @ 0x00000B44 at PC 0x010F3548
[   5.186304] HW.Memory <Error> core\memory.cpp:Memory::MemorySystem::Write:528: unmapped Write8 0x00000000 @ 0x00000B45 at PC 0x010F3548
[   5.186305] HW.Memory <Error> core\memory.cpp:Memory::MemorySystem::Write:528: unmapped Write8 0x00000000 @ 0x00000B46 at PC 0x010F3548
[   5.186305] HW.Memory <Error> core\memory.cpp:Memory::MemorySystem::Write:528: unmapped Write8 0x00000000 @ 0x00000B47 at PC 0x010F3548
[   5.186305] HW.Memory <Error> core\memory.cpp:Memory::MemorySystem::Write:528: unmapped Write8 0x00000000 @ 0x00000B48 at PC 0x010F3548
[   5.186306] HW.Memory <Error> core\memory.cpp:Memory::MemorySystem::Write:528: unmapped Write8 0x00000000 @ 0x00000B49 at PC 0x010F3548
[   5.186306] HW.Memory <Error> core\memory.cpp:Memory::MemorySystem::Write:528: unmapped Write8 0x00000000 @ 0x00000B4A at PC 0x010F3548
[   5.186307] HW.Memory <Error> core\memory.cpp:Memory::MemorySystem::Write:528: unmapped Write8 0x00000000 @ 0x00000B4B at PC 0x010F3548
[   5.186307] HW.Memory <Error> core\memory.cpp:Memory::MemorySystem::Write:528: unmapped Write8 0x00000000 @ 0x00000B4C at PC 0x010F3548
[   5.186307] HW.Memory <Error> core\memory.cpp:Memory::MemorySystem::Write:528: unmapped Write8 0x00000000 @ 0x00000B4D at PC 0x010F3548
[   5.186308] HW.Memory <Error> core\memory.cpp:Memory::MemorySystem::Write:528: unmapped Write8 0x00000000 @ 0x00000B4E at PC 0x010F3548
[   5.186308] HW.Memory <Error> core\memory.cpp:Memory::MemorySystem::Write:528: unmapped Write8 0x00000000 @ 0x00000B4F at PC 0x010F3548
[   5.186309] HW.Memory <Error> core\memory.cpp:Memory::MemorySystem::Write:528: unmapped Write8 0x00000000 @ 0x00000B50 at PC 0x010F3548
[   5.186309] HW.Memory <Error> core\memory.cpp:Memory::MemorySystem::Write:528: unmapped Write8 0x00000000 @ 0x00000B51 at PC 0x010F3548
[   5.186309] HW.Memory <Error> core\memory.cpp:Memory::MemorySystem::Write:528: unmapped Write8 0x00000000 @ 0x00000B52 at PC 0x010F3548
[   5.186310] HW.Memory <Error> core\memory.cpp:Memory::MemorySystem::Write:528: unmapped Write8 0x00000000 @ 0x00000B53 at PC 0x010F3548
[   5.186310] HW.Memory <Error> core\memory.cpp:Memory::MemorySystem::Write:528: unmapped Write8 0x00000000 @ 0x00000B54 at PC 0x010F3548
[   5.186311] HW.Memory <Error> core\memory.cpp:Memory::MemorySystem::Write:528: unmapped Write8 0x00000000 @ 0x00000B55 at PC 0x010F3548
[   5.186311] HW.Memory <Error> core\memory.cpp:Memory::MemorySystem::Write:528: unmapped Write8 0x00000000 @ 0x00000B56 at PC 0x010F3548
[   5.186312] HW.Memory <Error> core\memory.cpp:Memory::MemorySystem::Write:528: unmapped Write8 0x00000000 @ 0x00000B57 at PC 0x010F3548
[   5.186312] HW.Memory <Error> core\memory.cpp:Memory::MemorySystem::Write:528: unmapped Write8 0x00000000 @ 0x00000B58 at PC 0x010F3548
[   5.186313] HW.Memory <Error> core\memory.cpp:Memory::MemorySystem::Write:528: unmapped Write8 0x00000000 @ 0x00000B59 at PC 0x010F3548
[   5.186313] HW.Memory <Error> core\memory.cpp:Memory::MemorySystem::Write:528: unmapped Write8 0x00000000 @ 0x00000B5A at PC 0x010F3548
[   5.186313] HW.Memory <Error> core\memory.cpp:Memory::MemorySystem::Write:528: unmapped Write8 0x00000000 @ 0x00000B5B at PC 0x010F3548
[   5.186314] HW.Memory <Error> core\memory.cpp:Memory::MemorySystem::Write:528: unmapped Write8 0x00000000 @ 0x00000B5C at PC 0x010F3548
[   5.186314] HW.Memory <Error> core\memory.cpp:Memory::MemorySystem::Write:528: unmapped Write8 0x00000000 @ 0x00000B5D at PC 0x010F3548
[   5.186315] HW.Memory <Error> core\memory.cpp:Memory::MemorySystem::Write:528: unmapped Write8 0x00000000 @ 0x00000B5E at PC 0x010F3548
[   5.186315] HW.Memory <Error> core\memory.cpp:Memory::MemorySystem::Write:528: unmapped Write8 0x00000000 @ 0x00000B5F at PC 0x010F3548
[   5.186315] HW.Memory <Error> core\memory.cpp:Memory::MemorySystem::Write:528: unmapped Write8 0x00000000 @ 0x00000B60 at PC 0x010F3548
[   5.186316] HW.Memory <Error> core\memory.cpp:Memory::MemorySystem::Write:528: unmapped Write8 0x00000000 @ 0x00000B61 at PC 0x010F3548
[   5.186316] HW.Memory <Error> core\memory.cpp:Memory::MemorySystem::Write:528: unmapped Write8 0x00000000 @ 0x00000B62 at PC 0x010F3548
[   5.186317] HW.Memory <Error> core\memory.cpp:Memory::MemorySystem::Write:528: unmapped Write8 0x00000000 @ 0x00000B63 at PC 0x010F3548
[   5.186317] HW.Memory <Error> core\memory.cpp:Memory::MemorySystem::Write:528: unmapped Write8 0x00000000 @ 0x00000B64 at PC 0x010F3548
[   5.186318] HW.Memory <Error> core\memory.cpp:Memory::MemorySystem::Write:528: unmapped Write8 0x00000000 @ 0x00000B65 at PC 0x010F3548
[   5.186318] HW.Memory <Error> core\memory.cpp:Memory::MemorySystem::Write:528: unmapped Write8 0x00000000 @ 0x00000B66 at PC 0x010F3548
[   5.186318] HW.Memory <Error> core\memory.cpp:Memory::MemorySystem::Write:528: unmapped Write8 0x00000000 @ 0x00000B67 at PC 0x010F3548
[   5.186319] HW.Memory <Error> core\memory.cpp:Memory::MemorySystem::Write:528: unmapped Write8 0x00000000 @ 0x00000B68 at PC 0x010F3548
[   5.186319] HW.Memory <Error> core\memory.cpp:Memory::MemorySystem::Write:528: unmapped Write8 0x00000000 @ 0x00000B69 at PC 0x010F3548
[   5.186320] HW.Memory <Error> core\memory.cpp:Memory::MemorySystem::Write:528: unmapped Write8 0x00000000 @ 0x00000B6A at PC 0x010F3548
[   5.186320] HW.Memory <Error> core\memory.cpp:Memory::MemorySystem::Write:528: unmapped Write8 0x00000000 @ 0x00000B6B at PC 0x010F3548
[   5.186320] HW.Memory <Error> core\memory.cpp:Memory::MemorySystem::Write:528: unmapped Write8 0x00000000 @ 0x00000B6C at PC 0x010F3548
[   5.186321] HW.Memory <Error> core\memory.cpp:Memory::MemorySystem::Write:528: unmapped Write8 0x00000000 @ 0x00000B6D at PC 0x010F3548
[   5.186321] HW.Memory <Error> core\memory.cpp:Memory::MemorySystem::Write:528: unmapped Write8 0x00000000 @ 0x00000B6E at PC 0x010F3548
[   5.186322] HW.Memory <Error> core\memory.cpp:Memory::MemorySystem::Write:528: unmapped Write8 0x00000000 @ 0x00000B6F at PC 0x010F3548
[   5.186322] HW.Memory <Error> core\memory.cpp:Memory::MemorySystem::Write:528: unmapped Write8 0x00000000 @ 0x00000B70 at PC 0x010F3548
[   5.186322] HW.Memory <Error> core\memory.cpp:Memory::MemorySystem::Write:528: unmapped Write8 0x00000000 @ 0x00000B71 at PC 0x010F3548
[   5.186323] HW.Memory <Error> core\memory.cpp:Memory::MemorySystem::Write:528: unmapped Write8 0x00000000 @ 0x00000B72 at PC 0x010F3548
[   5.186323] HW.Memory <Error> core\memory.cpp:Memory::MemorySystem::Write:528: unmapped Write8 0x00000000 @ 0x00000B73 at PC 0x010F3548
[   5.186324] HW.Memory <Error> core\memory.cpp:Memory::MemorySystem::Write:528: unmapped Write8 0x00000000 @ 0x00000B74 at PC 0x010F3548
[   5.186324] HW.Memory <Error> core\memory.cpp:Memory::MemorySystem::Write:528: unmapped Write8 0x00000000 @ 0x00000B75 at PC 0x010F3548
[   5.186324] HW.Memory <Error> core\memory.cpp:Memory::MemorySystem::Write:528: unmapped Write8 0x00000000 @ 0x00000B76 at PC 0x010F3548
[   5.186325] HW.Memory <Error> core\memory.cpp:Memory::MemorySystem::Write:528: unmapped Write8 0x00000000 @ 0x00000B77 at PC 0x010F3548
[   5.186325] HW.Memory <Error> core\memory.cpp:Memory::MemorySystem::Write:528: unmapped Write8 0x00000000 @ 0x00000B78 at PC 0x010F3548
[   5.186326] HW.Memory <Error> core\memory.cpp:Memory::MemorySystem::Write:528: unmapped Write8 0x00000000 @ 0x00000B79 at PC 0x010F3548
[   5.186326] HW.Memory <Error> core\memory.cpp:Memory::MemorySystem::Write:528: unmapped Write8 0x00000000 @ 0x00000B7A at PC 0x010F3548
[   5.186327] HW.Memory <Error> core\memory.cpp:Memory::MemorySystem::Write:528: unmapped Write8 0x00000000 @ 0x00000B7B at PC 0x010F3548
[   5.186327] HW.Memory <Error> core\memory.cpp:Memory::MemorySystem::Write:528: unmapped Write8 0x00000000 @ 0x00000B7C at PC 0x010F3548
[   5.186327] HW.Memory <Error> core\memory.cpp:Memory::MemorySystem::Write:528: unmapped Write8 0x00000000 @ 0x00000B7D at PC 0x010F3548
[   5.186328] HW.Memory <Error> core\memory.cpp:Memory::MemorySystem::Write:528: unmapped Write8 0x00000000 @ 0x00000B7E at PC 0x010F3548
[   5.186328] HW.Memory <Error> core\memory.cpp:Memory::MemorySystem::Write:528: unmapped Write8 0x00000000 @ 0x00000B7F at PC 0x010F3548
[   5.186329] HW.Memory <Error> core\memory.cpp:Memory::MemorySystem::Write:528: unmapped Write8 0x00000000 @ 0x00000B80 at PC 0x010F3548
[   5.186329] HW.Memory <Error> core\memory.cpp:Memory::MemorySystem::Write:528: unmapped Write8 0x00000000 @ 0x00000B81 at PC 0x010F3548
[   5.186329] HW.Memory <Error> core\memory.cpp:Memory::MemorySystem::Write:528: unmapped Write8 0x00000000 @ 0x00000B82 at PC 0x010F3548
[   5.186330] HW.Memory <Error> core\memory.cpp:Memory::MemorySystem::Write:528: unmapped Write8 0x00000000 @ 0x00000B83 at PC 0x010F3548
[   5.186330] HW.Memory <Error> core\memory.cpp:Memory::MemorySystem::Write:528: unmapped Write8 0x00000000 @ 0x00000B84 at PC 0x010F3548
[   5.186331] HW.Memory <Error> core\memory.cpp:Memory::MemorySystem::Write:528: unmapped Write8 0x00000000 @ 0x00000B85 at PC 0x010F3548
[   5.186331] HW.Memory <Error> core\memory.cpp:Memory::MemorySystem::Write:528: unmapped Write8 0x00000000 @ 0x00000B86 at PC 0x010F3548
[   5.186331] HW.Memory <Error> core\memory.cpp:Memory::MemorySystem::Write:528: unmapped Write8 0x00000000 @ 0x00000B87 at PC 0x010F3548
[   5.186332] HW.Memory <Error> core\memory.cpp:Memory::MemorySystem::Write:528: unmapped Write8 0x00000000 @ 0x00000B88 at PC 0x010F3548
[   5.186332] HW.Memory <Error> core\memory.cpp:Memory::MemorySystem::Write:528: unmapped Write8 0x00000000 @ 0x00000B89 at PC 0x010F3548
[   5.186333] HW.Memory <Error> core\memory.cpp:Memory::MemorySystem::Write:528: unmapped Write8 0x00000000 @ 0x00000B8A at PC 0x010F3548
[   5.186333] HW.Memory <Error> core\memory.cpp:Memory::MemorySystem::Write:528: unmapped Write8 0x00000000 @ 0x00000B8B at PC 0x010F3548
[   5.186333] HW.Memory <Error> core\memory.cpp:Memory::MemorySystem::Write:528: unmapped Write8 0x00000000 @ 0x00000B8C at PC 0x010F3548
[   5.186334] HW.Memory <Error> core\memory.cpp:Memory::MemorySystem::Write:528: unmapped Write8 0x00000000 @ 0x00000B8D at PC 0x010F3548
[   5.186334] HW.Memory <Error> core\memory.cpp:Memory::MemorySystem::Write:528: unmapped Write8 0x00000000 @ 0x00000B8E at PC 0x010F3548
[   5.186335] HW.Memory <Error> core\memory.cpp:Memory::MemorySystem::Write:528: unmapped Write8 0x00000000 @ 0x00000B8F at PC 0x010F3548
[   5.186335] HW.Memory <Error> core\memory.cpp:Memory::MemorySystem::Write:528: unmapped Write8 0x00000000 @ 0x00000B90 at PC 0x010F3548
[   5.186335] HW.Memory <Error> core\memory.cpp:Memory::MemorySystem::Write:528: unmapped Write8 0x00000000 @ 0x00000B91 at PC 0x010F3548
[   5.186336] HW.Memory <Error> core\memory.cpp:Memory::MemorySystem::Write:528: unmapped Write8 0x00000000 @ 0x00000B92 at PC 0x010F3548
[   5.186336] HW.Memory <Error> core\memory.cpp:Memory::MemorySystem::Write:528: unmapped Write8 0x00000000 @ 0x00000B93 at PC 0x010F3548
[   5.186337] HW.Memory <Error> core\memory.cpp:Memory::MemorySystem::Write:528: unmapped Write8 0x00000000 @ 0x00000B94 at PC 0x010F3548
[   5.186337] HW.Memory <Error> core\memory.cpp:Memory::MemorySystem::Write:528: unmapped Write8 0x00000000 @ 0x00000B95 at PC 0x010F3548
[   5.186338] HW.Memory <Error> core\memory.cpp:Memory::MemorySystem::Write:528: unmapped Write8 0x00000000 @ 0x00000B96 at PC 0x010F3548
[   5.186338] HW.Memory <Error> core\memory.cpp:Memory::MemorySystem::Write:528: unmapped Write8 0x00000000 @ 0x00000B97 at PC 0x010F3548
[   5.186338] HW.Memory <Error> core\memory.cpp:Memory::MemorySystem::Write:528: unmapped Write8 0x00000000 @ 0x00000B98 at PC 0x010F3548
[   5.186339] HW.Memory <Error> core\memory.cpp:Memory::MemorySystem::Write:528: unmapped Write8 0x00000000 @ 0x00000B99 at PC 0x010F3548
[   5.186339] HW.Memory <Error> core\memory.cpp:Memory::MemorySystem::Write:528: unmapped Write8 0x00000000 @ 0x00000B9A at PC 0x010F3548
[   5.186340] HW.Memory <Error> core\memory.cpp:Memory::MemorySystem::Write:528: unmapped Write8 0x00000000 @ 0x00000B9B at PC 0x010F3548
[   5.186340] HW.Memory <Error> core\memory.cpp:Memory::MemorySystem::Write:528: unmapped Write8 0x00000000 @ 0x00000B9C at PC 0x010F3548
[   5.186340] HW.Memory <Error> core\memory.cpp:Memory::MemorySystem::Write:528: unmapped Write8 0x00000000 @ 0x00000B9D at PC 0x010F3548
[   5.186341] HW.Memory <Error> core\memory.cpp:Memory::MemorySystem::Write:528: unmapped Write8 0x00000000 @ 0x00000B9E at PC 0x010F3548
[   5.186341] HW.Memory <Error> core\memory.cpp:Memory::MemorySystem::Write:528: unmapped Write8 0x00000000 @ 0x00000B9F at PC 0x010F3548
[   5.186342] HW.Memory <Error> core\memory.cpp:Memory::MemorySystem::Write:528: unmapped Write8 0x00000000 @ 0x00000BA0 at PC 0x010F3548
[   5.186342] HW.Memory <Error> core\memory.cpp:Memory::MemorySystem::Write:528: unmapped Write8 0x00000000 @ 0x00000BA1 at PC 0x010F3548
[   5.186342] HW.Memory <Error> core\memory.cpp:Memory::MemorySystem::Write:528: unmapped Write8 0x00000000 @ 0x00000BA2 at PC 0x010F3548
[   5.186343] HW.Memory <Error> core\memory.cpp:Memory::MemorySystem::Write:528: unmapped Write8 0x00000000 @ 0x00000BA3 at PC 0x010F3548
[   5.186343] HW.Memory <Error> core\memory.cpp:Memory::MemorySystem::Write:528: unmapped Write8 0x00000000 @ 0x00000BA4 at PC 0x010F3548
[   5.186344] HW.Memory <Error> core\memory.cpp:Memory::MemorySystem::Write:528: unmapped Write8 0x00000000 @ 0x00000BA5 at PC 0x010F3548
[   5.186344] HW.Memory <Error> core\memory.cpp:Memory::MemorySystem::Write:528: unmapped Write8 0x00000000 @ 0x00000BA6 at PC 0x010F3548
[   5.186345] HW.Memory <Error> core\memory.cpp:Memory::MemorySystem::Write:528: unmapped Write8 0x00000000 @ 0x00000BA7 at PC 0x010F3548
[   5.186345] HW.Memory <Error> core\memory.cpp:Memory::MemorySystem::Write:528: unmapped Write8 0x00000000 @ 0x00000BA8 at PC 0x010F3548
[   5.186345] HW.Memory <Error> core\memory.cpp:Memory::MemorySystem::Write:528: unmapped Write8 0x00000000 @ 0x00000BA9 at PC 0x010F3548
[   5.186346] HW.Memory <Error> core\memory.cpp:Memory::MemorySystem::Write:528: unmapped Write8 0x00000000 @ 0x00000BAA at PC 0x010F3548
[   5.186346] HW.Memory <Error> core\memory.cpp:Memory::MemorySystem::Write:528: unmapped Write8 0x00000000 @ 0x00000BAB at PC 0x010F3548
[   5.186347] HW.Memory <Error> core\memory.cpp:Memory::MemorySystem::Write:528: unmapped Write8 0x00000000 @ 0x00000BAC at PC 0x010F3548
[   5.186347] HW.Memory <Error> core\memory.cpp:Memory::MemorySystem::Write:528: unmapped Write8 0x00000000 @ 0x00000BAD at PC 0x010F3548
[   5.186348] HW.Memory <Error> core\memory.cpp:Memory::MemorySystem::Write:528: unmapped Write8 0x00000000 @ 0x00000BAE at PC 0x010F3548
[   5.186348] HW.Memory <Error> core\memory.cpp:Memory::MemorySystem::Write:528: unmapped Write8 0x00000000 @ 0x00000BAF at PC 0x010F3548
[   5.186348] HW.Memory <Error> core\memory.cpp:Memory::MemorySystem::Write:528: unmapped Write8 0x00000000 @ 0x00000BB0 at PC 0x010F3548
[   5.186349] HW.Memory <Error> core\memory.cpp:Memory::MemorySystem::Write:528: unmapped Write8 0x00000000 @ 0x00000BB1 at PC 0x010F3548
[   5.186349] HW.Memory <Error> core\memory.cpp:Memory::MemorySystem::Write:528: unmapped Write8 0x00000000 @ 0x00000BB2 at PC 0x010F3548
[   5.186350] HW.Memory <Error> core\memory.cpp:Memory::MemorySystem::Write:528: unmapped Write8 0x00000000 @ 0x00000BB3 at PC 0x010F3548
[   5.186350] HW.Memory <Error> core\memory.cpp:Memory::MemorySystem::Write:528: unmapped Write8 0x00000000 @ 0x00000BB4 at PC 0x010F3548
[   5.186350] HW.Memory <Error> core\memory.cpp:Memory::MemorySystem::Write:528: unmapped Write8 0x00000000 @ 0x00000BB5 at PC 0x010F3548
[   5.186351] HW.Memory <Error> core\memory.cpp:Memory::MemorySystem::Write:528: unmapped Write8 0x00000000 @ 0x00000BB6 at PC 0x010F3548
[   5.186351] HW.Memory <Error> core\memory.cpp:Memory::MemorySystem::Write:528: unmapped Write8 0x00000000 @ 0x00000BB7 at PC 0x010F3548
[   5.186352] HW.Memory <Error> core\memory.cpp:Memory::MemorySystem::Write:528: unmapped Write8 0x00000000 @ 0x00000BB8 at PC 0x010F3548
[   5.186352] HW.Memory <Error> core\memory.cpp:Memory::MemorySystem::Write:528: unmapped Write8 0x00000000 @ 0x00000BB9 at PC 0x010F3548
[   5.186352] HW.Memory <Error> core\memory.cpp:Memory::MemorySystem::Write:528: unmapped Write8 0x00000000 @ 0x00000BBA at PC 0x010F3548
[   5.186353] HW.Memory <Error> core\memory.cpp:Memory::MemorySystem::Write:528: unmapped Write8 0x00000000 @ 0x00000BBB at PC 0x010F3548
[   5.186353] HW.Memory <Error> core\memory.cpp:Memory::MemorySystem::Write:528: unmapped Write8 0x00000000 @ 0x00000BBC at PC 0x010F3548
[   5.186354] HW.Memory <Error> core\memory.cpp:Memory::MemorySystem::Write:528: unmapped Write8 0x00000000 @ 0x00000BBD at PC 0x010F3548
[   5.186354] HW.Memory <Error> core\memory.cpp:Memory::MemorySystem::Write:528: unmapped Write8 0x00000000 @ 0x00000BBE at PC 0x010F3548
[   5.186354] HW.Memory <Error> core\memory.cpp:Memory::MemorySystem::Write:528: unmapped Write8 0x00000000 @ 0x00000BBF at PC 0x010F3548
[   5.186355] HW.Memory <Error> core\memory.cpp:Memory::MemorySystem::Write:528: unmapped Write8 0x00000000 @ 0x00000BC0 at PC 0x010F3548
[   5.186355] HW.Memory <Error> core\memory.cpp:Memory::MemorySystem::Write:528: unmapped Write8 0x00000000 @ 0x00000BC1 at PC 0x010F3548
[   5.186356] HW.Memory <Error> core\memory.cpp:Memory::MemorySystem::Write:528: unmapped Write8 0x00000000 @ 0x00000BC2 at PC 0x010F3548
[   5.186356] HW.Memory <Error> core\memory.cpp:Memory::MemorySystem::Write:528: unmapped Write8 0x00000000 @ 0x00000BC3 at PC 0x010F3548
[   5.186356] HW.Memory <Error> core\memory.cpp:Memory::MemorySystem::Write:528: unmapped Write8 0x00000000 @ 0x00000BC4 at PC 0x010F3548
[   5.186357] HW.Memory <Error> core\memory.cpp:Memory::MemorySystem::Write:528: unmapped Write8 0x00000000 @ 0x00000BC5 at PC 0x010F3548
[   5.186357] HW.Memory <Error> core\memory.cpp:Memory::MemorySystem::Write:528: unmapped Write8 0x00000000 @ 0x00000BC6 at PC 0x010F3548
[   5.186358] HW.Memory <Error> core\memory.cpp:Memory::MemorySystem::Write:528: unmapped Write8 0x00000000 @ 0x00000BC7 at PC 0x010F3548
[   5.186358] HW.Memory <Error> core\memory.cpp:Memory::MemorySystem::Write:528: unmapped Write8 0x00000000 @ 0x00000BC8 at PC 0x010F3548
[   5.186359] HW.Memory <Error> core\memory.cpp:Memory::MemorySystem::Write:528: unmapped Write8 0x00000000 @ 0x00000BC9 at PC 0x010F3548
[   5.186359] HW.Memory <Error> core\memory.cpp:Memory::MemorySystem::Write:528: unmapped Write8 0x00000000 @ 0x00000BCA at PC 0x010F3548
[   5.186359] HW.Memory <Error> core\memory.cpp:Memory::MemorySystem::Write:528: unmapped Write8 0x00000000 @ 0x00000BCB at PC 0x010F3548
[   5.186360] HW.Memory <Error> core\memory.cpp:Memory::MemorySystem::Write:528: unmapped Write8 0x00000000 @ 0x00000BCC at PC 0x010F3548
[   5.186360] HW.Memory <Error> core\memory.cpp:Memory::MemorySystem::Write:528: unmapped Write8 0x00000000 @ 0x00000BCD at PC 0x010F3548
[   5.186361] HW.Memory <Error> core\memory.cpp:Memory::MemorySystem::Write:528: unmapped Write8 0x00000000 @ 0x00000BCE at PC 0x010F3548
[   5.186361] HW.Memory <Error> core\memory.cpp:Memory::MemorySystem::Write:528: unmapped Write8 0x00000000 @ 0x00000BCF at PC 0x010F3548
[   5.186361] HW.Memory <Error> core\memory.cpp:Memory::MemorySystem::Write:528: unmapped Write8 0x00000000 @ 0x00000BD0 at PC 0x010F3548
[   5.186362] HW.Memory <Error> core\memory.cpp:Memory::MemorySystem::Write:528: unmapped Write8 0x00000000 @ 0x00000BD1 at PC 0x010F3548
[   5.186362] HW.Memory <Error> core\memory.cpp:Memory::MemorySystem::Write:528: unmapped Write8 0x00000000 @ 0x00000BD2 at PC 0x010F3548
[   5.186363] HW.Memory <Error> core\memory.cpp:Memory::MemorySystem::Write:528: unmapped Write8 0x00000000 @ 0x00000BD3 at PC 0x010F3548
[   5.186363] HW.Memory <Error> core\memory.cpp:Memory::MemorySystem::Write:528: unmapped Write8 0x00000000 @ 0x00000BD4 at PC 0x010F3548
[   5.186363] HW.Memory <Error> core\memory.cpp:Memory::MemorySystem::Write:528: unmapped Write8 0x00000000 @ 0x00000BD5 at PC 0x010F3548
[   5.186364] HW.Memory <Error> core\memory.cpp:Memory::MemorySystem::Write:528: unmapped Write8 0x00000000 @ 0x00000BD6 at PC 0x010F3548
[   5.186364] HW.Memory <Error> core\memory.cpp:Memory::MemorySystem::Write:528: unmapped Write8 0x00000000 @ 0x00000BD7 at PC 0x010F3548
[   5.186365] HW.Memory <Error> core\memory.cpp:Memory::MemorySystem::Write:528: unmapped Write8 0x00000000 @ 0x00000BD8 at PC 0x010F3548
[   5.186365] HW.Memory <Error> core\memory.cpp:Memory::MemorySystem::Write:528: unmapped Write8 0x00000000 @ 0x00000BD9 at PC 0x010F3548
[   5.186365] HW.Memory <Error> core\memory.cpp:Memory::MemorySystem::Write:528: unmapped Write8 0x00000000 @ 0x00000BDA at PC 0x010F3548
[   5.186366] HW.Memory <Error> core\memory.cpp:Memory::MemorySystem::Write:528: unmapped Write8 0x00000000 @ 0x00000BDB at PC 0x010F3548
[   5.186366] HW.Memory <Error> core\memory.cpp:Memory::MemorySystem::Write:528: unmapped Write8 0x00000000 @ 0x00000BDC at PC 0x010F3548
[   5.186367] HW.Memory <Error> core\memory.cpp:Memory::MemorySystem::Write:528: unmapped Write8 0x00000000 @ 0x00000BDD at PC 0x010F3548
[   5.186367] HW.Memory <Error> core\memory.cpp:Memory::MemorySystem::Write:528: unmapped Write8 0x00000000 @ 0x00000BDE at PC 0x010F3548
[   5.186367] HW.Memory <Error> core\memory.cpp:Memory::MemorySystem::Write:528: unmapped Write8 0x00000000 @ 0x00000BDF at PC 0x010F3548
[   5.186368] HW.Memory <Error> core\memory.cpp:Memory::MemorySystem::Write:528: unmapped Write8 0x00000000 @ 0x00000BE0 at PC 0x010F3548
[   5.186368] HW.Memory <Error> core\memory.cpp:Memory::MemorySystem::Write:528: unmapped Write8 0x00000000 @ 0x00000BE1 at PC 0x010F3548
[   5.186369] HW.Memory <Error> core\memory.cpp:Memory::MemorySystem::Write:528: unmapped Write8 0x00000000 @ 0x00000BE2 at PC 0x010F3548
[   5.186369] HW.Memory <Error> core\memory.cpp:Memory::MemorySystem::Write:528: unmapped Write8 0x00000000 @ 0x00000BE3 at PC 0x010F3548
[   5.186370] HW.Memory <Error> core\memory.cpp:Memory::MemorySystem::Write:528: unmapped Write8 0x00000000 @ 0x00000BE4 at PC 0x010F3548
[   5.186370] HW.Memory <Error> core\memory.cpp:Memory::MemorySystem::Write:528: unmapped Write8 0x00000000 @ 0x00000BE5 at PC 0x010F3548
[   5.186370] HW.Memory <Error> core\memory.cpp:Memory::MemorySystem::Write:528: unmapped Write8 0x00000000 @ 0x00000BE6 at PC 0x010F3548
[   5.186371] HW.Memory <Error> core\memory.cpp:Memory::MemorySystem::Write:528: unmapped Write8 0x00000000 @ 0x00000BE7 at PC 0x010F3548
[   5.186371] HW.Memory <Error> core\memory.cpp:Memory::MemorySystem::Write:528: unmapped Write8 0x00000000 @ 0x00000BE8 at PC 0x010F3548
[   5.186372] HW.Memory <Error> core\memory.cpp:Memory::MemorySystem::Write:528: unmapped Write8 0x00000000 @ 0x00000BE9 at PC 0x010F3548
[   5.186372] HW.Memory <Error> core\memory.cpp:Memory::MemorySystem::Write:528: unmapped Write8 0x00000000 @ 0x00000BEA at PC 0x010F3548
[   5.186373] HW.Memory <Error> core\memory.cpp:Memory::MemorySystem::Write:528: unmapped Write8 0x00000000 @ 0x00000BEB at PC 0x010F3548
[   5.186373] HW.Memory <Error> core\memory.cpp:Memory::MemorySystem::Write:528: unmapped Write8 0x00000000 @ 0x00000BEC at PC 0x010F3548
[   5.186373] HW.Memory <Error> core\memory.cpp:Memory::MemorySystem::Write:528: unmapped Write8 0x00000000 @ 0x00000BED at PC 0x010F3548
[   5.186374] HW.Memory <Error> core\memory.cpp:Memory::MemorySystem::Write:528: unmapped Write8 0x00000000 @ 0x00000BEE at PC 0x010F3548
[   5.186374] HW.Memory <Error> core\memory.cpp:Memory::MemorySystem::Write:528: unmapped Write8 0x00000000 @ 0x00000BEF at PC 0x010F3548
[   5.186375] HW.Memory <Error> core\memory.cpp:Memory::MemorySystem::Write:528: unmapped Write8 0x00000000 @ 0x00000BF0 at PC 0x010F3548
[   5.186375] HW.Memory <Error> core\memory.cpp:Memory::MemorySystem::Write:528: unmapped Write8 0x00000000 @ 0x00000BF1 at PC 0x010F3548
[   5.186375] HW.Memory <Error> core\memory.cpp:Memory::MemorySystem::Write:528: unmapped Write8 0x00000000 @ 0x00000BF2 at PC 0x010F3548
[   5.186376] HW.Memory <Error> core\memory.cpp:Memory::MemorySystem::Write:528: unmapped Write8 0x00000000 @ 0x00000BF3 at PC 0x010F3548
[   5.186376] HW.Memory <Error> core\memory.cpp:Memory::MemorySystem::Write:528: unmapped Write8 0x00000000 @ 0x00000BF4 at PC 0x010F3548
[   5.186377] HW.Memory <Error> core\memory.cpp:Memory::MemorySystem::Write:528: unmapped Write8 0x00000000 @ 0x00000BF5 at PC 0x010F3548
[   5.186377] HW.Memory <Error> core\memory.cpp:Memory::MemorySystem::Write:528: unmapped Write8 0x00000000 @ 0x00000BF6 at PC 0x010F3548
[   5.186377] HW.Memory <Error> core\memory.cpp:Memory::MemorySystem::Write:528: unmapped Write8 0x00000000 @ 0x00000BF7 at PC 0x010F3548
[   5.186378] HW.Memory <Error> core\memory.cpp:Memory::MemorySystem::Write:528: unmapped Write8 0x00000000 @ 0x00000BF8 at PC 0x010F3548
[   5.186378] HW.Memory <Error> core\memory.cpp:Memory::MemorySystem::Write:528: unmapped Write8 0x00000000 @ 0x00000BF9 at PC 0x010F3548
[   5.186379] HW.Memory <Error> core\memory.cpp:Memory::MemorySystem::Write:528: unmapped Write8 0x00000000 @ 0x00000BFA at PC 0x010F3548
[   5.186379] HW.Memory <Error> core\memory.cpp:Memory::MemorySystem::Write:528: unmapped Write8 0x00000000 @ 0x00000BFB at PC 0x010F3548
[   5.186380] HW.Memory <Error> core\memory.cpp:Memory::MemorySystem::Write:528: unmapped Write8 0x00000000 @ 0x00000BFC at PC 0x010F3548
[   5.186380] HW.Memory <Error> core\memory.cpp:Memory::MemorySystem::Write:528: unmapped Write8 0x00000000 @ 0x00000BFD at PC 0x010F3548
[   5.186380] HW.Memory <Error> core\memory.cpp:Memory::MemorySystem::Write:528: unmapped Write8 0x00000000 @ 0x00000BFE at PC 0x010F3548
[   5.186381] HW.Memory <Error> core\memory.cpp:Memory::MemorySystem::Write:528: unmapped Write8 0x00000000 @ 0x00000BFF at PC 0x010F3548
[   5.186381] HW.Memory <Error> core\memory.cpp:Memory::MemorySystem::Write:528: unmapped Write8 0x00000000 @ 0x00000C00 at PC 0x010F3548
[   5.186382] HW.Memory <Error> core\memory.cpp:Memory::MemorySystem::Write:528: unmapped Write8 0x00000000 @ 0x00000C01 at PC 0x010F3548
[   5.186382] HW.Memory <Error> core\memory.cpp:Memory::MemorySystem::Write:528: unmapped Write8 0x00000000 @ 0x00000C02 at PC 0x010F3548
[   5.186382] HW.Memory <Error> core\memory.cpp:Memory::MemorySystem::Write:528: unmapped Write8 0x00000000 @ 0x00000C03 at PC 0x010F3548
[   5.186383] HW.Memory <Error> core\memory.cpp:Memory::MemorySystem::Write:528: unmapped Write8 0x00000000 @ 0x00000C04 at PC 0x010F3548
[   5.186383] HW.Memory <Error> core\memory.cpp:Memory::MemorySystem::Write:528: unmapped Write8 0x00000000 @ 0x00000C05 at PC 0x010F3548
[   5.186384] HW.Memory <Error> core\memory.cpp:Memory::MemorySystem::Write:528: unmapped Write8 0x00000000 @ 0x00000C06 at PC 0x010F3548
[   5.186384] HW.Memory <Error> core\memory.cpp:Memory::MemorySystem::Write:528: unmapped Write8 0x00000000 @ 0x00000C07 at PC 0x010F3548
[   5.186384] HW.Memory <Error> core\memory.cpp:Memory::MemorySystem::Write:528: unmapped Write8 0x00000000 @ 0x00000C08 at PC 0x010F3548
[   5.186385] HW.Memory <Error> core\memory.cpp:Memory::MemorySystem::Write:528: unmapped Write8 0x00000000 @ 0x00000C09 at PC 0x010F3548
[   5.186385] HW.Memory <Error> core\memory.cpp:Memory::MemorySystem::Write:528: unmapped Write8 0x00000000 @ 0x00000C0A at PC 0x010F3548
[   5.186386] HW.Memory <Error> core\memory.cpp:Memory::MemorySystem::Write:528: unmapped Write8 0x00000000 @ 0x00000C0B at PC 0x010F3548
[   5.186386] HW.Memory <Error> core\memory.cpp:Memory::MemorySystem::Write:528: unmapped Write8 0x00000000 @ 0x00000C0C at PC 0x010F3548
[   5.186387] HW.Memory <Error> core\memory.cpp:Memory::MemorySystem::Write:528: unmapped Write8 0x00000000 @ 0x00000C0D at PC 0x010F3548
[   5.186387] HW.Memory <Error> core\memory.cpp:Memory::MemorySystem::Write:528: unmapped Write8 0x00000000 @ 0x00000C0E at PC 0x010F3548
[   5.186387] HW.Memory <Error> core\memory.cpp:Memory::MemorySystem::Write:528: unmapped Write8 0x00000000 @ 0x00000C0F at PC 0x010F3548
[   5.186388] HW.Memory <Error> core\memory.cpp:Memory::MemorySystem::Write:528: unmapped Write8 0x00000000 @ 0x00000C10 at PC 0x010F3548
[   5.186388] HW.Memory <Error> core\memory.cpp:Memory::MemorySystem::Write:528: unmapped Write8 0x00000000 @ 0x00000C11 at PC 0x010F3548
[   5.186389] HW.Memory <Error> core\memory.cpp:Memory::MemorySystem::Write:528: unmapped Write8 0x00000000 @ 0x00000C12 at PC 0x010F3548
[   5.186389] HW.Memory <Error> core\memory.cpp:Memory::MemorySystem::Write:528: unmapped Write8 0x00000000 @ 0x00000C13 at PC 0x010F3548
[   5.186389] HW.Memory <Error> core\memory.cpp:Memory::MemorySystem::Write:528: unmapped Write8 0x00000000 @ 0x00000C14 at PC 0x010F3548
[   5.186390] HW.Memory <Error> core\memory.cpp:Memory::MemorySystem::Write:528: unmapped Write8 0x00000000 @ 0x00000C15 at PC 0x010F3548
[   5.186390] HW.Memory <Error> core\memory.cpp:Memory::MemorySystem::Write:528: unmapped Write8 0x00000000 @ 0x00000C16 at PC 0x010F3548
[   5.186391] HW.Memory <Error> core\memory.cpp:Memory::MemorySystem::Write:528: unmapped Write8 0x00000000 @ 0x00000C17 at PC 0x010F3548
[   5.186391] HW.Memory <Error> core\memory.cpp:Memory::MemorySystem::Write:528: unmapped Write8 0x00000000 @ 0x00000C18 at PC 0x010F3548
[   5.186391] HW.Memory <Error> core\memory.cpp:Memory::MemorySystem::Write:528: unmapped Write8 0x00000000 @ 0x00000C19 at PC 0x010F3548
[   5.186392] HW.Memory <Error> core\memory.cpp:Memory::MemorySystem::Write:528: unmapped Write8 0x00000000 @ 0x00000C1A at PC 0x010F3548
[   5.186392] HW.Memory <Error> core\memory.cpp:Memory::MemorySystem::Write:528: unmapped Write8 0x00000000 @ 0x00000C1B at PC 0x010F3548
[   5.186393] HW.Memory <Error> core\memory.cpp:Memory::MemorySystem::Write:528: unmapped Write8 0x00000000 @ 0x00000C1C at PC 0x010F3548
[   5.186393] HW.Memory <Error> core\memory.cpp:Memory::MemorySystem::Write:528: unmapped Write8 0x00000000 @ 0x00000C1D at PC 0x010F3548
[   5.186394] HW.Memory <Error> core\memory.cpp:Memory::MemorySystem::Write:528: unmapped Write8 0x00000000 @ 0x00000C1E at PC 0x010F3548
[   5.186394] HW.Memory <Error> core\memory.cpp:Memory::MemorySystem::Write:528: unmapped Write8 0x00000000 @ 0x00000C1F at PC 0x010F3548
[   5.186394] HW.Memory <Error> core\memory.cpp:Memory::MemorySystem::Write:528: unmapped Write8 0x00000000 @ 0x00000C20 at PC 0x010F3548
[   5.186395] HW.Memory <Error> core\memory.cpp:Memory::MemorySystem::Write:528: unmapped Write8 0x00000000 @ 0x00000C21 at PC 0x010F3548
[   5.186395] HW.Memory <Error> core\memory.cpp:Memory::MemorySystem::Write:528: unmapped Write8 0x00000000 @ 0x00000C22 at PC 0x010F3548
[   5.186396] HW.Memory <Error> core\memory.cpp:Memory::MemorySystem::Write:528: unmapped Write8 0x00000000 @ 0x00000C23 at PC 0x010F3548
[   5.186396] HW.Memory <Error> core\memory.cpp:Memory::MemorySystem::Write:528: unmapped Write8 0x00000000 @ 0x00000C24 at PC 0x010F3548
[   5.186396] HW.Memory <Error> core\memory.cpp:Memory::MemorySystem::Write:528: unmapped Write8 0x00000000 @ 0x00000C25 at PC 0x010F3548
[   5.186397] HW.Memory <Error> core\memory.cpp:Memory::MemorySystem::Write:528: unmapped Write8 0x00000000 @ 0x00000C26 at PC 0x010F3548
[   5.186397] HW.Memory <Error> core\memory.cpp:Memory::MemorySystem::Write:528: unmapped Write8 0x00000000 @ 0x00000C27 at PC 0x010F3548
[   5.186445] HW.Memory <Error> core\memory.cpp:Memory::MemorySystem::Read:479: unmapped Read8 @ 0x00000C28 at PC 0x010F348C
[   5.186533] HW.Memory <Error> core\memory.cpp:Memory::MemorySystem::Read:479: unmapped Read8 @ 0x00000828 at PC 0x010F04C8
[   5.186654] HW.Memory <Error> core\memory.cpp:Memory::MemorySystem::Write:528: unmapped Write16 0x00000000 @ 0x00000024 at PC 0x010F34E8
[   5.186906] HW.Memory <Error> core\memory.cpp:Memory::MemorySystem::Impl::ReadBlockImpl:178: unmapped ReadBlock @ 0x00000024 (start address = 0x00000024, size = 2) at PC 0x010F0A78
[   5.186923] Service.FS <Error> core\file_sys\archive_sdmc.cpp:FileSys::SDMCArchive::DeleteFile:119: Invalid path [Wchar: ]
[   5.187451] HW.Memory <Error> core\memory.cpp:Memory::MemorySystem::Write:528: unmapped Write8 0x0000002F @ 0x00000828 at PC 0x010F3548
[   5.187452] HW.Memory <Error> core\memory.cpp:Memory::MemorySystem::Write:528: unmapped Write8 0x0000006F @ 0x00000829 at PC 0x010F3548
[   5.187452] HW.Memory <Error> core\memory.cpp:Memory::MemorySystem::Write:528: unmapped Write8 0x00000070 @ 0x0000082A at PC 0x010F3548
[   5.187453] HW.Memory <Error> core\memory.cpp:Memory::MemorySystem::Write:528: unmapped Write8 0x00000065 @ 0x0000082B at PC 0x010F3548
[   5.187453] HW.Memory <Error> core\memory.cpp:Memory::MemorySystem::Write:528: unmapped Write8 0x0000006E @ 0x0000082C at PC 0x010F3548
[   5.187454] HW.Memory <Error> core\memory.cpp:Memory::MemorySystem::Write:528: unmapped Write8 0x00000073 @ 0x0000082D at PC 0x010F3548
[   5.187454] HW.Memory <Error> core\memory.cpp:Memory::MemorySystem::Write:528: unmapped Write8 0x00000062 @ 0x0000082E at PC 0x010F3548
[   5.187455] HW.Memory <Error> core\memory.cpp:Memory::MemorySystem::Write:528: unmapped Write8 0x0000005F @ 0x0000082F at PC 0x010F3548
[   5.187455] HW.Memory <Error> core\memory.cpp:Memory::MemorySystem::Write:528: unmapped Write8 0x0000006D @ 0x00000830 at PC 0x010F3548
[   5.187456] HW.Memory <Error> core\memory.cpp:Memory::MemorySystem::Write:528: unmapped Write8 0x00000061 @ 0x00000831 at PC 0x010F3548
[   5.187456] HW.Memory <Error> core\memory.cpp:Memory::MemorySystem::Write:528: unmapped Write8 0x00000069 @ 0x00000832 at PC 0x010F3548
[   5.187457] HW.Memory <Error> core\memory.cpp:Memory::MemorySystem::Write:528: unmapped Write8 0x0000006E @ 0x00000833 at PC 0x010F3548
[   5.187457] HW.Memory <Error> core\memory.cpp:Memory::MemorySystem::Write:528: unmapped Write8 0x0000002E @ 0x00000834 at PC 0x010F3548
[   5.187457] HW.Memory <Error> core\memory.cpp:Memory::MemorySystem::Write:528: unmapped Write8 0x0000006C @ 0x00000835 at PC 0x010F3548
[   5.187458] HW.Memory <Error> core\memory.cpp:Memory::MemorySystem::Write:528: unmapped Write8 0x0000006F @ 0x00000836 at PC 0x010F3548
[   5.187458] HW.Memory <Error> core\memory.cpp:Memory::MemorySystem::Write:528: unmapped Write8 0x00000067 @ 0x00000837 at PC 0x010F3548
[   5.187459] HW.Memory <Error> core\memory.cpp:Memory::MemorySystem::Write:528: unmapped Write8 0x00000000 @ 0x00000838 at PC 0x010F3548
[   5.187460] HW.Memory <Error> core\memory.cpp:Memory::MemorySystem::Write:528: unmapped Write8 0x00000000 @ 0x00000839 at PC 0x010F3548
[   5.187460] HW.Memory <Error> core\memory.cpp:Memory::MemorySystem::Write:528: unmapped Write8 0x00000000 @ 0x0000083A at PC 0x010F3548
[   5.187460] HW.Memory <Error> core\memory.cpp:Memory::MemorySystem::Write:528: unmapped Write8 0x00000000 @ 0x0000083B at PC 0x010F3548
[   5.187461] HW.Memory <Error> core\memory.cpp:Memory::MemorySystem::Write:528: unmapped Write8 0x00000000 @ 0x0000083C at PC 0x010F3548
[   5.187461] HW.Memory <Error> core\memory.cpp:Memory::MemorySystem::Write:528: unmapped Write8 0x00000000 @ 0x0000083D at PC 0x010F3548
[   5.187462] HW.Memory <Error> core\memory.cpp:Memory::MemorySystem::Write:528: unmapped Write8 0x00000000 @ 0x0000083E at PC 0x010F3548
[   5.187462] HW.Memory <Error> core\memory.cpp:Memory::MemorySystem::Write:528: unmapped Write8 0x00000000 @ 0x0000083F at PC 0x010F3548
[   5.187463] HW.Memory <Error> core\memory.cpp:Memory::MemorySystem::Write:528: unmapped Write8 0x00000000 @ 0x00000840 at PC 0x010F3548
[   5.187463] HW.Memory <Error> core\memory.cpp:Memory::MemorySystem::Write:528: unmapped Write8 0x00000000 @ 0x00000841 at PC 0x010F3548
[   5.187464] HW.Memory <Error> core\memory.cpp:Memory::MemorySystem::Write:528: unmapped Write8 0x00000000 @ 0x00000842 at PC 0x010F3548
[   5.187464] HW.Memory <Error> core\memory.cpp:Memory::MemorySystem::Write:528: unmapped Write8 0x00000000 @ 0x00000843 at PC 0x010F3548
[   5.187464] HW.Memory <Error> core\memory.cpp:Memory::MemorySystem::Write:528: unmapped Write8 0x00000000 @ 0x00000844 at PC 0x010F3548
[   5.187465] HW.Memory <Error> core\memory.cpp:Memory::MemorySystem::Write:528: unmapped Write8 0x00000000 @ 0x00000845 at PC 0x010F3548
[   5.187465] HW.Memory <Error> core\memory.cpp:Memory::MemorySystem::Write:528: unmapped Write8 0x00000000 @ 0x00000846 at PC 0x010F3548
[   5.187466] HW.Memory <Error> core\memory.cpp:Memory::MemorySystem::Write:528: unmapped Write8 0x00000000 @ 0x00000847 at PC 0x010F3548
[   5.187466] HW.Memory <Error> core\memory.cpp:Memory::MemorySystem::Write:528: unmapped Write8 0x00000000 @ 0x00000848 at PC 0x010F3548
[   5.187467] HW.Memory <Error> core\memory.cpp:Memory::MemorySystem::Write:528: unmapped Write8 0x00000000 @ 0x00000849 at PC 0x010F3548
[   5.187467] HW.Memory <Error> core\memory.cpp:Memory::MemorySystem::Write:528: unmapped Write8 0x00000000 @ 0x0000084A at PC 0x010F3548
[   5.187468] HW.Memory <Error> core\memory.cpp:Memory::MemorySystem::Write:528: unmapped Write8 0x00000000 @ 0x0000084B at PC 0x010F3548
[   5.187469] HW.Memory <Error> core\memory.cpp:Memory::MemorySystem::Write:528: unmapped Write8 0x00000000 @ 0x0000084C at PC 0x010F3548
[   5.187469] HW.Memory <Error> core\memory.cpp:Memory::MemorySystem::Write:528: unmapped Write8 0x00000000 @ 0x0000084D at PC 0x010F3548
[   5.187470] HW.Memory <Error> core\memory.cpp:Memory::MemorySystem::Write:528: unmapped Write8 0x00000000 @ 0x0000084E at PC 0x010F3548
[   5.187470] HW.Memory <Error> core\memory.cpp:Memory::MemorySystem::Write:528: unmapped Write8 0x00000000 @ 0x0000084F at PC 0x010F3548
[   5.187471] HW.Memory <Error> core\memory.cpp:Memory::MemorySystem::Write:528: unmapped Write8 0x00000000 @ 0x00000850 at PC 0x010F3548
[   5.187471] HW.Memory <Error> core\memory.cpp:Memory::MemorySystem::Write:528: unmapped Write8 0x00000000 @ 0x00000851 at PC 0x010F3548
[   5.187472] HW.Memory <Error> core\memory.cpp:Memory::MemorySystem::Write:528: unmapped Write8 0x00000000 @ 0x00000852 at PC 0x010F3548
[   5.187472] HW.Memory <Error> core\memory.cpp:Memory::MemorySystem::Write:528: unmapped Write8 0x00000000 @ 0x00000853 at PC 0x010F3548
[   5.187473] HW.Memory <Error> core\memory.cpp:Memory::MemorySystem::Write:528: unmapped Write8 0x00000000 @ 0x00000854 at PC 0x010F3548
[   5.187473] HW.Memory <Error> core\memory.cpp:Memory::MemorySystem::Write:528: unmapped Write8 0x00000000 @ 0x00000855 at PC 0x010F3548
[   5.187474] HW.Memory <Error> core\memory.cpp:Memory::MemorySystem::Write:528: unmapped Write8 0x00000000 @ 0x00000856 at PC 0x010F3548
[   5.187474] HW.Memory <Error> core\memory.cpp:Memory::MemorySystem::Write:528: unmapped Write8 0x00000000 @ 0x00000857 at PC 0x010F3548
[   5.187475] HW.Memory <Error> core\memory.cpp:Memory::MemorySystem::Write:528: unmapped Write8 0x00000000 @ 0x00000858 at PC 0x010F3548
[   5.187475] HW.Memory <Error> core\memory.cpp:Memory::MemorySystem::Write:528: unmapped Write8 0x00000000 @ 0x00000859 at PC 0x010F3548
[   5.187476] HW.Memory <Error> core\memory.cpp:Memory::MemorySystem::Write:528: unmapped Write8 0x00000000 @ 0x0000085A at PC 0x010F3548
[   5.187476] HW.Memory <Error> core\memory.cpp:Memory::MemorySystem::Write:528: unmapped Write8 0x00000000 @ 0x0000085B at PC 0x010F3548
[   5.187477] HW.Memory <Error> core\memory.cpp:Memory::MemorySystem::Write:528: unmapped Write8 0x00000000 @ 0x0000085C at PC 0x010F3548
[   5.187477] HW.Memory <Error> core\memory.cpp:Memory::MemorySystem::Write:528: unmapped Write8 0x00000000 @ 0x0000085D at PC 0x010F3548
[   5.187478] HW.Memory <Error> core\memory.cpp:Memory::MemorySystem::Write:528: unmapped Write8 0x00000000 @ 0x0000085E at PC 0x010F3548
[   5.187478] HW.Memory <Error> core\memory.cpp:Memory::MemorySystem::Write:528: unmapped Write8 0x00000000 @ 0x0000085F at PC 0x010F3548
[   5.187479] HW.Memory <Error> core\memory.cpp:Memory::MemorySystem::Write:528: unmapped Write8 0x00000000 @ 0x00000860 at PC 0x010F3548
[   5.187479] HW.Memory <Error> core\memory.cpp:Memory::MemorySystem::Write:528: unmapped Write8 0x00000000 @ 0x00000861 at PC 0x010F3548
[   5.187479] HW.Memory <Error> core\memory.cpp:Memory::MemorySystem::Write:528: unmapped Write8 0x00000000 @ 0x00000862 at PC 0x010F3548
[   5.187480] HW.Memory <Error> core\memory.cpp:Memory::MemorySystem::Write:528: unmapped Write8 0x00000000 @ 0x00000863 at PC 0x010F3548
[   5.187481] HW.Memory <Error> core\memory.cpp:Memory::MemorySystem::Write:528: unmapped Write8 0x00000000 @ 0x00000864 at PC 0x010F3548
[   5.187481] HW.Memory <Error> core\memory.cpp:Memory::MemorySystem::Write:528: unmapped Write8 0x00000000 @ 0x00000865 at PC 0x010F3548
[   5.187482] HW.Memory <Error> core\memory.cpp:Memory::MemorySystem::Write:528: unmapped Write8 0x00000000 @ 0x00000866 at PC 0x010F3548
[   5.187482] HW.Memory <Error> core\memory.cpp:Memory::MemorySystem::Write:528: unmapped Write8 0x00000000 @ 0x00000867 at PC 0x010F3548
[   5.187483] HW.Memory <Error> core\memory.cpp:Memory::MemorySystem::Write:528: unmapped Write8 0x00000000 @ 0x00000868 at PC 0x010F3548
[   5.187483] HW.Memory <Error> core\memory.cpp:Memory::MemorySystem::Write:528: unmapped Write8 0x00000000 @ 0x00000869 at PC 0x010F3548
[   5.187484] HW.Memory <Error> core\memory.cpp:Memory::MemorySystem::Write:528: unmapped Write8 0x00000000 @ 0x0000086A at PC 0x010F3548
[   5.187484] HW.Memory <Error> core\memory.cpp:Memory::MemorySystem::Write:528: unmapped Write8 0x00000000 @ 0x0000086B at PC 0x010F3548
[   5.187485] HW.Memory <Error> core\memory.cpp:Memory::MemorySystem::Write:528: unmapped Write8 0x00000000 @ 0x0000086C at PC 0x010F3548
[   5.187485] HW.Memory <Error> core\memory.cpp:Memory::MemorySystem::Write:528: unmapped Write8 0x00000000 @ 0x0000086D at PC 0x010F3548
[   5.187486] HW.Memory <Error> core\memory.cpp:Memory::MemorySystem::Write:528: unmapped Write8 0x00000000 @ 0x0000086E at PC 0x010F3548
[   5.187486] HW.Memory <Error> core\memory.cpp:Memory::MemorySystem::Write:528: unmapped Write8 0x00000000 @ 0x0000086F at PC 0x010F3548
[   5.187487] HW.Memory <Error> core\memory.cpp:Memory::MemorySystem::Write:528: unmapped Write8 0x00000000 @ 0x00000870 at PC 0x010F3548
[   5.187487] HW.Memory <Error> core\memory.cpp:Memory::MemorySystem::Write:528: unmapped Write8 0x00000000 @ 0x00000871 at PC 0x010F3548
[   5.187488] HW.Memory <Error> core\memory.cpp:Memory::MemorySystem::Write:528: unmapped Write8 0x00000000 @ 0x00000872 at PC 0x010F3548
[   5.187488] HW.Memory <Error> core\memory.cpp:Memory::MemorySystem::Write:528: unmapped Write8 0x00000000 @ 0x00000873 at PC 0x010F3548
[   5.187489] HW.Memory <Error> core\memory.cpp:Memory::MemorySystem::Write:528: unmapped Write8 0x00000000 @ 0x00000874 at PC 0x010F3548
[   5.187489] HW.Memory <Error> core\memory.cpp:Memory::MemorySystem::Write:528: unmapped Write8 0x00000000 @ 0x00000875 at PC 0x010F3548
[   5.187490] HW.Memory <Error> core\memory.cpp:Memory::MemorySystem::Write:528: unmapped Write8 0x00000000 @ 0x00000876 at PC 0x010F3548
[   5.187490] HW.Memory <Error> core\memory.cpp:Memory::MemorySystem::Write:528: unmapped Write8 0x00000000 @ 0x00000877 at PC 0x010F3548
[   5.187491] HW.Memory <Error> core\memory.cpp:Memory::MemorySystem::Write:528: unmapped Write8 0x00000000 @ 0x00000878 at PC 0x010F3548
[   5.187492] HW.Memory <Error> core\memory.cpp:Memory::MemorySystem::Write:528: unmapped Write8 0x00000000 @ 0x00000879 at PC 0x010F3548
[   5.187492] HW.Memory <Error> core\memory.cpp:Memory::MemorySystem::Write:528: unmapped Write8 0x00000000 @ 0x0000087A at PC 0x010F3548
[   5.187493] HW.Memory <Error> core\memory.cpp:Memory::MemorySystem::Write:528: unmapped Write8 0x00000000 @ 0x0000087B at PC 0x010F3548
[   5.187493] HW.Memory <Error> core\memory.cpp:Memory::MemorySystem::Write:528: unmapped Write8 0x00000000 @ 0x0000087C at PC 0x010F3548
[   5.187494] HW.Memory <Error> core\memory.cpp:Memory::MemorySystem::Write:528: unmapped Write8 0x00000000 @ 0x0000087D at PC 0x010F3548
[   5.187494] HW.Memory <Error> core\memory.cpp:Memory::MemorySystem::Write:528: unmapped Write8 0x00000000 @ 0x0000087E at PC 0x010F3548
[   5.187495] HW.Memory <Error> core\memory.cpp:Memory::MemorySystem::Write:528: unmapped Write8 0x00000000 @ 0x0000087F at PC 0x010F3548
[   5.187495] HW.Memory <Error> core\memory.cpp:Memory::MemorySystem::Write:528: unmapped Write8 0x00000000 @ 0x00000880 at PC 0x010F3548
[   5.187496] HW.Memory <Error> core\memory.cpp:Memory::MemorySystem::Write:528: unmapped Write8 0x00000000 @ 0x00000881 at PC 0x010F3548
[   5.187497] HW.Memory <Error> core\memory.cpp:Memory::MemorySystem::Write:528: unmapped Write8 0x00000000 @ 0x00000882 at PC 0x010F3548
[   5.187497] HW.Memory <Error> core\memory.cpp:Memory::MemorySystem::Write:528: unmapped Write8 0x00000000 @ 0x00000883 at PC 0x010F3548
[   5.187497] HW.Memory <Error> core\memory.cpp:Memory::MemorySystem::Write:528: unmapped Write8 0x00000000 @ 0x00000884 at PC 0x010F3548
[   5.187498] HW.Memory <Error> core\memory.cpp:Memory::MemorySystem::Write:528: unmapped Write8 0x00000000 @ 0x00000885 at PC 0x010F3548
[   5.187498] HW.Memory <Error> core\memory.cpp:Memory::MemorySystem::Write:528: unmapped Write8 0x00000000 @ 0x00000886 at PC 0x010F3548
[   5.187499] HW.Memory <Error> core\memory.cpp:Memory::MemorySystem::Write:528: unmapped Write8 0x00000000 @ 0x00000887 at PC 0x010F3548
[   5.187499] HW.Memory <Error> core\memory.cpp:Memory::MemorySystem::Write:528: unmapped Write8 0x00000000 @ 0x00000888 at PC 0x010F3548
[   5.187500] HW.Memory <Error> core\memory.cpp:Memory::MemorySystem::Write:528: unmapped Write8 0x00000000 @ 0x00000889 at PC 0x010F3548
[   5.187500] HW.Memory <Error> core\memory.cpp:Memory::MemorySystem::Write:528: unmapped Write8 0x00000000 @ 0x0000088A at PC 0x010F3548
[   5.187501] HW.Memory <Error> core\memory.cpp:Memory::MemorySystem::Write:528: unmapped Write8 0x00000000 @ 0x0000088B at PC 0x010F3548
[   5.187501] HW.Memory <Error> core\memory.cpp:Memory::MemorySystem::Write:528: unmapped Write8 0x00000000 @ 0x0000088C at PC 0x010F3548
[   5.187502] HW.Memory <Error> core\memory.cpp:Memory::MemorySystem::Write:528: unmapped Write8 0x00000000 @ 0x0000088D at PC 0x010F3548
[   5.187502] HW.Memory <Error> core\memory.cpp:Memory::MemorySystem::Write:528: unmapped Write8 0x00000000 @ 0x0000088E at PC 0x010F3548
[   5.187503] HW.Memory <Error> core\memory.cpp:Memory::MemorySystem::Write:528: unmapped Write8 0x00000000 @ 0x0000088F at PC 0x010F3548
[   5.187504] HW.Memory <Error> core\memory.cpp:Memory::MemorySystem::Write:528: unmapped Write8 0x00000000 @ 0x00000890 at PC 0x010F3548
[   5.187504] HW.Memory <Error> core\memory.cpp:Memory::MemorySystem::Write:528: unmapped Write8 0x00000000 @ 0x00000891 at PC 0x010F3548
[   5.187505] HW.Memory <Error> core\memory.cpp:Memory::MemorySystem::Write:528: unmapped Write8 0x00000000 @ 0x00000892 at PC 0x010F3548
[   5.187505] HW.Memory <Error> core\memory.cpp:Memory::MemorySystem::Write:528: unmapped Write8 0x00000000 @ 0x00000893 at PC 0x010F3548
[   5.187506] HW.Memory <Error> core\memory.cpp:Memory::MemorySystem::Write:528: unmapped Write8 0x00000000 @ 0x00000894 at PC 0x010F3548
[   5.187506] HW.Memory <Error> core\memory.cpp:Memory::MemorySystem::Write:528: unmapped Write8 0x00000000 @ 0x00000895 at PC 0x010F3548
[   5.187507] HW.Memory <Error> core\memory.cpp:Memory::MemorySystem::Write:528: unmapped Write8 0x00000000 @ 0x00000896 at PC 0x010F3548
[   5.187507] HW.Memory <Error> core\memory.cpp:Memory::MemorySystem::Write:528: unmapped Write8 0x00000000 @ 0x00000897 at PC 0x010F3548
[   5.187508] HW.Memory <Error> core\memory.cpp:Memory::MemorySystem::Write:528: unmapped Write8 0x00000000 @ 0x00000898 at PC 0x010F3548
[   5.187509] HW.Memory <Error> core\memory.cpp:Memory::MemorySystem::Write:528: unmapped Write8 0x00000000 @ 0x00000899 at PC 0x010F3548
[   5.187509] HW.Memory <Error> core\memory.cpp:Memory::MemorySystem::Write:528: unmapped Write8 0x00000000 @ 0x0000089A at PC 0x010F3548
[   5.187509] HW.Memory <Error> core\memory.cpp:Memory::MemorySystem::Write:528: unmapped Write8 0x00000000 @ 0x0000089B at PC 0x010F3548
[   5.187510] HW.Memory <Error> core\memory.cpp:Memory::MemorySystem::Write:528: unmapped Write8 0x00000000 @ 0x0000089C at PC 0x010F3548
[   5.187511] HW.Memory <Error> core\memory.cpp:Memory::MemorySystem::Write:528: unmapped Write8 0x00000000 @ 0x0000089D at PC 0x010F3548
[   5.187511] HW.Memory <Error> core\memory.cpp:Memory::MemorySystem::Write:528: unmapped Write8 0x00000000 @ 0x0000089E at PC 0x010F3548
[   5.187512] HW.Memory <Error> core\memory.cpp:Memory::MemorySystem::Write:528: unmapped Write8 0x00000000 @ 0x0000089F at PC 0x010F3548
[   5.187512] HW.Memory <Error> core\memory.cpp:Memory::MemorySystem::Write:528: unmapped Write8 0x00000000 @ 0x000008A0 at PC 0x010F3548
[   5.187513] HW.Memory <Error> core\memory.cpp:Memory::MemorySystem::Write:528: unmapped Write8 0x00000000 @ 0x000008A1 at PC 0x010F3548
[   5.187513] HW.Memory <Error> core\memory.cpp:Memory::MemorySystem::Write:528: unmapped Write8 0x00000000 @ 0x000008A2 at PC 0x010F3548
[   5.187514] HW.Memory <Error> core\memory.cpp:Memory::MemorySystem::Write:528: unmapped Write8 0x00000000 @ 0x000008A3 at PC 0x010F3548
[   5.187515] HW.Memory <Error> core\memory.cpp:Memory::MemorySystem::Write:528: unmapped Write8 0x00000000 @ 0x000008A4 at PC 0x010F3548
[   5.187515] HW.Memory <Error> core\memory.cpp:Memory::MemorySystem::Write:528: unmapped Write8 0x00000000 @ 0x000008A5 at PC 0x010F3548
[   5.187516] HW.Memory <Error> core\memory.cpp:Memory::MemorySystem::Write:528: unmapped Write8 0x00000000 @ 0x000008A6 at PC 0x010F3548
[   5.187516] HW.Memory <Error> core\memory.cpp:Memory::MemorySystem::Write:528: unmapped Write8 0x00000000 @ 0x000008A7 at PC 0x010F3548
[   5.187517] HW.Memory <Error> core\memory.cpp:Memory::MemorySystem::Write:528: unmapped Write8 0x00000000 @ 0x000008A8 at PC 0x010F3548
[   5.187518] HW.Memory <Error> core\memory.cpp:Memory::MemorySystem::Write:528: unmapped Write8 0x00000000 @ 0x000008A9 at PC 0x010F3548
[   5.187518] HW.Memory <Error> core\memory.cpp:Memory::MemorySystem::Write:528: unmapped Write8 0x00000000 @ 0x000008AA at PC 0x010F3548
[   5.187519] HW.Memory <Error> core\memory.cpp:Memory::MemorySystem::Write:528: unmapped Write8 0x00000000 @ 0x000008AB at PC 0x010F3548
[   5.187520] HW.Memory <Error> core\memory.cpp:Memory::MemorySystem::Write:528: unmapped Write8 0x00000000 @ 0x000008AC at PC 0x010F3548
[   5.187520] HW.Memory <Error> core\memory.cpp:Memory::MemorySystem::Write:528: unmapped Write8 0x00000000 @ 0x000008AD at PC 0x010F3548
[   5.187521] HW.Memory <Error> core\memory.cpp:Memory::MemorySystem::Write:528: unmapped Write8 0x00000000 @ 0x000008AE at PC 0x010F3548
[   5.187521] HW.Memory <Error> core\memory.cpp:Memory::MemorySystem::Write:528: unmapped Write8 0x00000000 @ 0x000008AF at PC 0x010F3548
[   5.187522] HW.Memory <Error> core\memory.cpp:Memory::MemorySystem::Write:528: unmapped Write8 0x00000000 @ 0x000008B0 at PC 0x010F3548
[   5.187522] HW.Memory <Error> core\memory.cpp:Memory::MemorySystem::Write:528: unmapped Write8 0x00000000 @ 0x000008B1 at PC 0x010F3548
[   5.187523] HW.Memory <Error> core\memory.cpp:Memory::MemorySystem::Write:528: unmapped Write8 0x00000000 @ 0x000008B2 at PC 0x010F3548
[   5.187524] HW.Memory <Error> core\memory.cpp:Memory::MemorySystem::Write:528: unmapped Write8 0x00000000 @ 0x000008B3 at PC 0x010F3548
[   5.187524] HW.Memory <Error> core\memory.cpp:Memory::MemorySystem::Write:528: unmapped Write8 0x00000000 @ 0x000008B4 at PC 0x010F3548
[   5.187525] HW.Memory <Error> core\memory.cpp:Memory::MemorySystem::Write:528: unmapped Write8 0x00000000 @ 0x000008B5 at PC 0x010F3548
[   5.187525] HW.Memory <Error> core\memory.cpp:Memory::MemorySystem::Write:528: unmapped Write8 0x00000000 @ 0x000008B6 at PC 0x010F3548
[   5.187526] HW.Memory <Error> core\memory.cpp:Memory::MemorySystem::Write:528: unmapped Write8 0x00000000 @ 0x000008B7 at PC 0x010F3548
[   5.187526] HW.Memory <Error> core\memory.cpp:Memory::MemorySystem::Write:528: unmapped Write8 0x00000000 @ 0x000008B8 at PC 0x010F3548
[   5.187527] HW.Memory <Error> core\memory.cpp:Memory::MemorySystem::Write:528: unmapped Write8 0x00000000 @ 0x000008B9 at PC 0x010F3548
[   5.187527] HW.Memory <Error> core\memory.cpp:Memory::MemorySystem::Write:528: unmapped Write8 0x00000000 @ 0x000008BA at PC 0x010F3548
[   5.187528] HW.Memory <Error> core\memory.cpp:Memory::MemorySystem::Write:528: unmapped Write8 0x00000000 @ 0x000008BB at PC 0x010F3548
[   5.187528] HW.Memory <Error> core\memory.cpp:Memory::MemorySystem::Write:528: unmapped Write8 0x00000000 @ 0x000008BC at PC 0x010F3548
[   5.187529] HW.Memory <Error> core\memory.cpp:Memory::MemorySystem::Write:528: unmapped Write8 0x00000000 @ 0x000008BD at PC 0x010F3548
[   5.187529] HW.Memory <Error> core\memory.cpp:Memory::MemorySystem::Write:528: unmapped Write8 0x00000000 @ 0x000008BE at PC 0x010F3548
[   5.187530] HW.Memory <Error> core\memory.cpp:Memory::MemorySystem::Write:528: unmapped Write8 0x00000000 @ 0x000008BF at PC 0x010F3548
[   5.187530] HW.Memory <Error> core\memory.cpp:Memory::MemorySystem::Write:528: unmapped Write8 0x00000000 @ 0x000008C0 at PC 0x010F3548
[   5.187531] HW.Memory <Error> core\memory.cpp:Memory::MemorySystem::Write:528: unmapped Write8 0x00000000 @ 0x000008C1 at PC 0x010F3548
[   5.187532] HW.Memory <Error> core\memory.cpp:Memory::MemorySystem::Write:528: unmapped Write8 0x00000000 @ 0x000008C2 at PC 0x010F3548
[   5.187532] HW.Memory <Error> core\memory.cpp:Memory::MemorySystem::Write:528: unmapped Write8 0x00000000 @ 0x000008C3 at PC 0x010F3548
[   5.187532] HW.Memory <Error> core\memory.cpp:Memory::MemorySystem::Write:528: unmapped Write8 0x00000000 @ 0x000008C4 at PC 0x010F3548
[   5.187533] HW.Memory <Error> core\memory.cpp:Memory::MemorySystem::Write:528: unmapped Write8 0x00000000 @ 0x000008C5 at PC 0x010F3548
[   5.187534] HW.Memory <Error> core\memory.cpp:Memory::MemorySystem::Write:528: unmapped Write8 0x00000000 @ 0x000008C6 at PC 0x010F3548
[   5.187534] HW.Memory <Error> core\memory.cpp:Memory::MemorySystem::Write:528: unmapped Write8 0x00000000 @ 0x000008C7 at PC 0x010F3548
[   5.187534] HW.Memory <Error> core\memory.cpp:Memory::MemorySystem::Write:528: unmapped Write8 0x00000000 @ 0x000008C8 at PC 0x010F3548
[   5.187535] HW.Memory <Error> core\memory.cpp:Memory::MemorySystem::Write:528: unmapped Write8 0x00000000 @ 0x000008C9 at PC 0x010F3548
[   5.187535] HW.Memory <Error> core\memory.cpp:Memory::MemorySystem::Write:528: unmapped Write8 0x00000000 @ 0x000008CA at PC 0x010F3548
[   5.187536] HW.Memory <Error> core\memory.cpp:Memory::MemorySystem::Write:528: unmapped Write8 0x00000000 @ 0x000008CB at PC 0x010F3548
[   5.187537] HW.Memory <Error> core\memory.cpp:Memory::MemorySystem::Write:528: unmapped Write8 0x00000000 @ 0x000008CC at PC 0x010F3548
[   5.187537] HW.Memory <Error> core\memory.cpp:Memory::MemorySystem::Write:528: unmapped Write8 0x00000000 @ 0x000008CD at PC 0x010F3548
[   5.187538] HW.Memory <Error> core\memory.cpp:Memory::MemorySystem::Write:528: unmapped Write8 0x00000000 @ 0x000008CE at PC 0x010F3548
[   5.187538] HW.Memory <Error> core\memory.cpp:Memory::MemorySystem::Write:528: unmapped Write8 0x00000000 @ 0x000008CF at PC 0x010F3548
[   5.187539] HW.Memory <Error> core\memory.cpp:Memory::MemorySystem::Write:528: unmapped Write8 0x00000000 @ 0x000008D0 at PC 0x010F3548
[   5.187540] HW.Memory <Error> core\memory.cpp:Memory::MemorySystem::Write:528: unmapped Write8 0x00000000 @ 0x000008D1 at PC 0x010F3548
[   5.187540] HW.Memory <Error> core\memory.cpp:Memory::MemorySystem::Write:528: unmapped Write8 0x00000000 @ 0x000008D2 at PC 0x010F3548
[   5.187541] HW.Memory <Error> core\memory.cpp:Memory::MemorySystem::Write:528: unmapped Write8 0x00000000 @ 0x000008D3 at PC 0x010F3548
[   5.187542] HW.Memory <Error> core\memory.cpp:Memory::MemorySystem::Write:528: unmapped Write8 0x00000000 @ 0x000008D4 at PC 0x010F3548
[   5.187542] HW.Memory <Error> core\memory.cpp:Memory::MemorySystem::Write:528: unmapped Write8 0x00000000 @ 0x000008D5 at PC 0x010F3548
[   5.187543] HW.Memory <Error> core\memory.cpp:Memory::MemorySystem::Write:528: unmapped Write8 0x00000000 @ 0x000008D6 at PC 0x010F3548
[   5.187543] HW.Memory <Error> core\memory.cpp:Memory::MemorySystem::Write:528: unmapped Write8 0x00000000 @ 0x000008D7 at PC 0x010F3548
[   5.187544] HW.Memory <Error> core\memory.cpp:Memory::MemorySystem::Write:528: unmapped Write8 0x00000000 @ 0x000008D8 at PC 0x010F3548
[   5.187544] HW.Memory <Error> core\memory.cpp:Memory::MemorySystem::Write:528: unmapped Write8 0x00000000 @ 0x000008D9 at PC 0x010F3548
[   5.187545] HW.Memory <Error> core\memory.cpp:Memory::MemorySystem::Write:528: unmapped Write8 0x00000000 @ 0x000008DA at PC 0x010F3548
[   5.187545] HW.Memory <Error> core\memory.cpp:Memory::MemorySystem::Write:528: unmapped Write8 0x00000000 @ 0x000008DB at PC 0x010F3548
[   5.187546] HW.Memory <Error> core\memory.cpp:Memory::MemorySystem::Write:528: unmapped Write8 0x00000000 @ 0x000008DC at PC 0x010F3548
[   5.187546] HW.Memory <Error> core\memory.cpp:Memory::MemorySystem::Write:528: unmapped Write8 0x00000000 @ 0x000008DD at PC 0x010F3548
[   5.187547] HW.Memory <Error> core\memory.cpp:Memory::MemorySystem::Write:528: unmapped Write8 0x00000000 @ 0x000008DE at PC 0x010F3548
[   5.187547] HW.Memory <Error> core\memory.cpp:Memory::MemorySystem::Write:528: unmapped Write8 0x00000000 @ 0x000008DF at PC 0x010F3548
[   5.187548] HW.Memory <Error> core\memory.cpp:Memory::MemorySystem::Write:528: unmapped Write8 0x00000000 @ 0x000008E0 at PC 0x010F3548
[   5.187548] HW.Memory <Error> core\memory.cpp:Memory::MemorySystem::Write:528: unmapped Write8 0x00000000 @ 0x000008E1 at PC 0x010F3548
[   5.187549] HW.Memory <Error> core\memory.cpp:Memory::MemorySystem::Write:528: unmapped Write8 0x00000000 @ 0x000008E2 at PC 0x010F3548
[   5.187549] HW.Memory <Error> core\memory.cpp:Memory::MemorySystem::Write:528: unmapped Write8 0x00000000 @ 0x000008E3 at PC 0x010F3548
[   5.187550] HW.Memory <Error> core\memory.cpp:Memory::MemorySystem::Write:528: unmapped Write8 0x00000000 @ 0x000008E4 at PC 0x010F3548
[   5.187550] HW.Memory <Error> core\memory.cpp:Memory::MemorySystem::Write:528: unmapped Write8 0x00000000 @ 0x000008E5 at PC 0x010F3548
[   5.187551] HW.Memory <Error> core\memory.cpp:Memory::MemorySystem::Write:528: unmapped Write8 0x00000000 @ 0x000008E6 at PC 0x010F3548
[   5.187551] HW.Memory <Error> core\memory.cpp:Memory::MemorySystem::Write:528: unmapped Write8 0x00000000 @ 0x000008E7 at PC 0x010F3548
[   5.187552] HW.Memory <Error> core\memory.cpp:Memory::MemorySystem::Write:528: unmapped Write8 0x00000000 @ 0x000008E8 at PC 0x010F3548
[   5.187552] HW.Memory <Error> core\memory.cpp:Memory::MemorySystem::Write:528: unmapped Write8 0x00000000 @ 0x000008E9 at PC 0x010F3548
[   5.187553] HW.Memory <Error> core\memory.cpp:Memory::MemorySystem::Write:528: unmapped Write8 0x00000000 @ 0x000008EA at PC 0x010F3548
[   5.187553] HW.Memory <Error> core\memory.cpp:Memory::MemorySystem::Write:528: unmapped Write8 0x00000000 @ 0x000008EB at PC 0x010F3548
[   5.187554] HW.Memory <Error> core\memory.cpp:Memory::MemorySystem::Write:528: unmapped Write8 0x00000000 @ 0x000008EC at PC 0x010F3548
[   5.187554] HW.Memory <Error> core\memory.cpp:Memory::MemorySystem::Write:528: unmapped Write8 0x00000000 @ 0x000008ED at PC 0x010F3548
[   5.187555] HW.Memory <Error> core\memory.cpp:Memory::MemorySystem::Write:528: unmapped Write8 0x00000000 @ 0x000008EE at PC 0x010F3548
[   5.187555] HW.Memory <Error> core\memory.cpp:Memory::MemorySystem::Write:528: unmapped Write8 0x00000000 @ 0x000008EF at PC 0x010F3548
[   5.187556] HW.Memory <Error> core\memory.cpp:Memory::MemorySystem::Write:528: unmapped Write8 0x00000000 @ 0x000008F0 at PC 0x010F3548
[   5.187556] HW.Memory <Error> core\memory.cpp:Memory::MemorySystem::Write:528: unmapped Write8 0x00000000 @ 0x000008F1 at PC 0x010F3548
[   5.187557] HW.Memory <Error> core\memory.cpp:Memory::MemorySystem::Write:528: unmapped Write8 0x00000000 @ 0x000008F2 at PC 0x010F3548
[   5.187557] HW.Memory <Error> core\memory.cpp:Memory::MemorySystem::Write:528: unmapped Write8 0x00000000 @ 0x000008F3 at PC 0x010F3548
[   5.187558] HW.Memory <Error> core\memory.cpp:Memory::MemorySystem::Write:528: unmapped Write8 0x00000000 @ 0x000008F4 at PC 0x010F3548
[   5.187558] HW.Memory <Error> core\memory.cpp:Memory::MemorySystem::Write:528: unmapped Write8 0x00000000 @ 0x000008F5 at PC 0x010F3548
[   5.187559] HW.Memory <Error> core\memory.cpp:Memory::MemorySystem::Write:528: unmapped Write8 0x00000000 @ 0x000008F6 at PC 0x010F3548
[   5.187559] HW.Memory <Error> core\memory.cpp:Memory::MemorySystem::Write:528: unmapped Write8 0x00000000 @ 0x000008F7 at PC 0x010F3548
[   5.187560] HW.Memory <Error> core\memory.cpp:Memory::MemorySystem::Write:528: unmapped Write8 0x00000000 @ 0x000008F8 at PC 0x010F3548
[   5.187561] HW.Memory <Error> core\memory.cpp:Memory::MemorySystem::Write:528: unmapped Write8 0x00000000 @ 0x000008F9 at PC 0x010F3548
[   5.187561] HW.Memory <Error> core\memory.cpp:Memory::MemorySystem::Write:528: unmapped Write8 0x00000000 @ 0x000008FA at PC 0x010F3548
[   5.187562] HW.Memory <Error> core\memory.cpp:Memory::MemorySystem::Write:528: unmapped Write8 0x00000000 @ 0x000008FB at PC 0x010F3548
[   5.187562] HW.Memory <Error> core\memory.cpp:Memory::MemorySystem::Write:528: unmapped Write8 0x00000000 @ 0x000008FC at PC 0x010F3548
[   5.187563] HW.Memory <Error> core\memory.cpp:Memory::MemorySystem::Write:528: unmapped Write8 0x00000000 @ 0x000008FD at PC 0x010F3548
[   5.187563] HW.Memory <Error> core\memory.cpp:Memory::MemorySystem::Write:528: unmapped Write8 0x00000000 @ 0x000008FE at PC 0x010F3548
[   5.187564] HW.Memory <Error> core\memory.cpp:Memory::MemorySystem::Write:528: unmapped Write8 0x00000000 @ 0x000008FF at PC 0x010F3548
[   5.187564] HW.Memory <Error> core\memory.cpp:Memory::MemorySystem::Write:528: unmapped Write8 0x00000000 @ 0x00000900 at PC 0x010F3548
[   5.187565] HW.Memory <Error> core\memory.cpp:Memory::MemorySystem::Write:528: unmapped Write8 0x00000000 @ 0x00000901 at PC 0x010F3548
[   5.187565] HW.Memory <Error> core\memory.cpp:Memory::MemorySystem::Write:528: unmapped Write8 0x00000000 @ 0x00000902 at PC 0x010F3548
[   5.187566] HW.Memory <Error> core\memory.cpp:Memory::MemorySystem::Write:528: unmapped Write8 0x00000000 @ 0x00000903 at PC 0x010F3548
[   5.187566] HW.Memory <Error> core\memory.cpp:Memory::MemorySystem::Write:528: unmapped Write8 0x00000000 @ 0x00000904 at PC 0x010F3548
[   5.187567] HW.Memory <Error> core\memory.cpp:Memory::MemorySystem::Write:528: unmapped Write8 0x00000000 @ 0x00000905 at PC 0x010F3548
[   5.187567] HW.Memory <Error> core\memory.cpp:Memory::MemorySystem::Write:528: unmapped Write8 0x00000000 @ 0x00000906 at PC 0x010F3548
[   5.187568] HW.Memory <Error> core\memory.cpp:Memory::MemorySystem::Write:528: unmapped Write8 0x00000000 @ 0x00000907 at PC 0x010F3548
[   5.187568] HW.Memory <Error> core\memory.cpp:Memory::MemorySystem::Write:528: unmapped Write8 0x00000000 @ 0x00000908 at PC 0x010F3548
[   5.187569] HW.Memory <Error> core\memory.cpp:Memory::MemorySystem::Write:528: unmapped Write8 0x00000000 @ 0x00000909 at PC 0x010F3548
[   5.187569] HW.Memory <Error> core\memory.cpp:Memory::MemorySystem::Write:528: unmapped Write8 0x00000000 @ 0x0000090A at PC 0x010F3548
[   5.187570] HW.Memory <Error> core\memory.cpp:Memory::MemorySystem::Write:528: unmapped Write8 0x00000000 @ 0x0000090B at PC 0x010F3548
[   5.187570] HW.Memory <Error> core\memory.cpp:Memory::MemorySystem::Write:528: unmapped Write8 0x00000000 @ 0x0000090C at PC 0x010F3548
[   5.187571] HW.Memory <Error> core\memory.cpp:Memory::MemorySystem::Write:528: unmapped Write8 0x00000000 @ 0x0000090D at PC 0x010F3548
[   5.187572] HW.Memory <Error> core\memory.cpp:Memory::MemorySystem::Write:528: unmapped Write8 0x00000000 @ 0x0000090E at PC 0x010F3548
[   5.187572] HW.Memory <Error> core\memory.cpp:Memory::MemorySystem::Write:528: unmapped Write8 0x00000000 @ 0x0000090F at PC 0x010F3548
[   5.187573] HW.Memory <Error> core\memory.cpp:Memory::MemorySystem::Write:528: unmapped Write8 0x00000000 @ 0x00000910 at PC 0x010F3548
[   5.187573] HW.Memory <Error> core\memory.cpp:Memory::MemorySystem::Write:528: unmapped Write8 0x00000000 @ 0x00000911 at PC 0x010F3548
[   5.187574] HW.Memory <Error> core\memory.cpp:Memory::MemorySystem::Write:528: unmapped Write8 0x00000000 @ 0x00000912 at PC 0x010F3548
[   5.187574] HW.Memory <Error> core\memory.cpp:Memory::MemorySystem::Write:528: unmapped Write8 0x00000000 @ 0x00000913 at PC 0x010F3548
[   5.187575] HW.Memory <Error> core\memory.cpp:Memory::MemorySystem::Write:528: unmapped Write8 0x00000000 @ 0x00000914 at PC 0x010F3548
[   5.187575] HW.Memory <Error> core\memory.cpp:Memory::MemorySystem::Write:528: unmapped Write8 0x00000000 @ 0x00000915 at PC 0x010F3548
[   5.187576] HW.Memory <Error> core\memory.cpp:Memory::MemorySystem::Write:528: unmapped Write8 0x00000000 @ 0x00000916 at PC 0x010F3548
[   5.187576] HW.Memory <Error> core\memory.cpp:Memory::MemorySystem::Write:528: unmapped Write8 0x00000000 @ 0x00000917 at PC 0x010F3548
[   5.187576] HW.Memory <Error> core\memory.cpp:Memory::MemorySystem::Write:528: unmapped Write8 0x00000000 @ 0x00000918 at PC 0x010F3548
[   5.187577] HW.Memory <Error> core\memory.cpp:Memory::MemorySystem::Write:528: unmapped Write8 0x00000000 @ 0x00000919 at PC 0x010F3548
[   5.187577] HW.Memory <Error> core\memory.cpp:Memory::MemorySystem::Write:528: unmapped Write8 0x00000000 @ 0x0000091A at PC 0x010F3548
[   5.187578] HW.Memory <Error> core\memory.cpp:Memory::MemorySystem::Write:528: unmapped Write8 0x00000000 @ 0x0000091B at PC 0x010F3548
[   5.187578] HW.Memory <Error> core\memory.cpp:Memory::MemorySystem::Write:528: unmapped Write8 0x00000000 @ 0x0000091C at PC 0x010F3548
[   5.187579] HW.Memory <Error> core\memory.cpp:Memory::MemorySystem::Write:528: unmapped Write8 0x00000000 @ 0x0000091D at PC 0x010F3548
[   5.187579] HW.Memory <Error> core\memory.cpp:Memory::MemorySystem::Write:528: unmapped Write8 0x00000000 @ 0x0000091E at PC 0x010F3548
[   5.187580] HW.Memory <Error> core\memory.cpp:Memory::MemorySystem::Write:528: unmapped Write8 0x00000000 @ 0x0000091F at PC 0x010F3548
[   5.187580] HW.Memory <Error> core\memory.cpp:Memory::MemorySystem::Write:528: unmapped Write8 0x00000000 @ 0x00000920 at PC 0x010F3548
[   5.187581] HW.Memory <Error> core\memory.cpp:Memory::MemorySystem::Write:528: unmapped Write8 0x00000000 @ 0x00000921 at PC 0x010F3548
[   5.187581] HW.Memory <Error> core\memory.cpp:Memory::MemorySystem::Write:528: unmapped Write8 0x00000000 @ 0x00000922 at PC 0x010F3548
[   5.187582] HW.Memory <Error> core\memory.cpp:Memory::MemorySystem::Write:528: unmapped Write8 0x00000000 @ 0x00000923 at PC 0x010F3548
[   5.187583] HW.Memory <Error> core\memory.cpp:Memory::MemorySystem::Write:528: unmapped Write8 0x00000000 @ 0x00000924 at PC 0x010F3548
[   5.187583] HW.Memory <Error> core\memory.cpp:Memory::MemorySystem::Write:528: unmapped Write8 0x00000000 @ 0x00000925 at PC 0x010F3548
[   5.187584] HW.Memory <Error> core\memory.cpp:Memory::MemorySystem::Write:528: unmapped Write8 0x00000000 @ 0x00000926 at PC 0x010F3548
[   5.187584] HW.Memory <Error> core\memory.cpp:Memory::MemorySystem::Write:528: unmapped Write8 0x00000000 @ 0x00000927 at PC 0x010F3548
[   5.187585] HW.Memory <Error> core\memory.cpp:Memory::MemorySystem::Write:528: unmapped Write8 0x00000000 @ 0x00000928 at PC 0x010F3548
[   5.187585] HW.Memory <Error> core\memory.cpp:Memory::MemorySystem::Write:528: unmapped Write8 0x00000000 @ 0x00000929 at PC 0x010F3548
[   5.187586] HW.Memory <Error> core\memory.cpp:Memory::MemorySystem::Write:528: unmapped Write8 0x00000000 @ 0x0000092A at PC 0x010F3548
[   5.187587] HW.Memory <Error> core\memory.cpp:Memory::MemorySystem::Write:528: unmapped Write8 0x00000000 @ 0x0000092B at PC 0x010F3548
[   5.187587] HW.Memory <Error> core\memory.cpp:Memory::MemorySystem::Write:528: unmapped Write8 0x00000000 @ 0x0000092C at PC 0x010F3548
[   5.187588] HW.Memory <Error> core\memory.cpp:Memory::MemorySystem::Write:528: unmapped Write8 0x00000000 @ 0x0000092D at PC 0x010F3548
[   5.187588] HW.Memory <Error> core\memory.cpp:Memory::MemorySystem::Write:528: unmapped Write8 0x00000000 @ 0x0000092E at PC 0x010F3548
[   5.187589] HW.Memory <Error> core\memory.cpp:Memory::MemorySystem::Write:528: unmapped Write8 0x00000000 @ 0x0000092F at PC 0x010F3548
[   5.187589] HW.Memory <Error> core\memory.cpp:Memory::MemorySystem::Write:528: unmapped Write8 0x00000000 @ 0x00000930 at PC 0x010F3548
[   5.187590] HW.Memory <Error> core\memory.cpp:Memory::MemorySystem::Write:528: unmapped Write8 0x00000000 @ 0x00000931 at PC 0x010F3548
[   5.187590] HW.Memory <Error> core\memory.cpp:Memory::MemorySystem::Write:528: unmapped Write8 0x00000000 @ 0x00000932 at PC 0x010F3548
[   5.187591] HW.Memory <Error> core\memory.cpp:Memory::MemorySystem::Write:528: unmapped Write8 0x00000000 @ 0x00000933 at PC 0x010F3548
[   5.187592] HW.Memory <Error> core\memory.cpp:Memory::MemorySystem::Write:528: unmapped Write8 0x00000000 @ 0x00000934 at PC 0x010F3548
[   5.187592] HW.Memory <Error> core\memory.cpp:Memory::MemorySystem::Write:528: unmapped Write8 0x00000000 @ 0x00000935 at PC 0x010F3548
[   5.187593] HW.Memory <Error> core\memory.cpp:Memory::MemorySystem::Write:528: unmapped Write8 0x00000000 @ 0x00000936 at PC 0x010F3548
[   5.187593] HW.Memory <Error> core\memory.cpp:Memory::MemorySystem::Write:528: unmapped Write8 0x00000000 @ 0x00000937 at PC 0x010F3548
[   5.187594] HW.Memory <Error> core\memory.cpp:Memory::MemorySystem::Write:528: unmapped Write8 0x00000000 @ 0x00000938 at PC 0x010F3548
[   5.187594] HW.Memory <Error> core\memory.cpp:Memory::MemorySystem::Write:528: unmapped Write8 0x00000000 @ 0x00000939 at PC 0x010F3548
[   5.187595] HW.Memory <Error> core\memory.cpp:Memory::MemorySystem::Write:528: unmapped Write8 0x00000000 @ 0x0000093A at PC 0x010F3548
[   5.187596] HW.Memory <Error> core\memory.cpp:Memory::MemorySystem::Write:528: unmapped Write8 0x00000000 @ 0x0000093B at PC 0x010F3548
[   5.187596] HW.Memory <Error> core\memory.cpp:Memory::MemorySystem::Write:528: unmapped Write8 0x00000000 @ 0x0000093C at PC 0x010F3548
[   5.187597] HW.Memory <Error> core\memory.cpp:Memory::MemorySystem::Write:528: unmapped Write8 0x00000000 @ 0x0000093D at PC 0x010F3548
[   5.187597] HW.Memory <Error> core\memory.cpp:Memory::MemorySystem::Write:528: unmapped Write8 0x00000000 @ 0x0000093E at PC 0x010F3548
[   5.187598] HW.Memory <Error> core\memory.cpp:Memory::MemorySystem::Write:528: unmapped Write8 0x00000000 @ 0x0000093F at PC 0x010F3548
[   5.187598] HW.Memory <Error> core\memory.cpp:Memory::MemorySystem::Write:528: unmapped Write8 0x00000000 @ 0x00000940 at PC 0x010F3548
[   5.187599] HW.Memory <Error> core\memory.cpp:Memory::MemorySystem::Write:528: unmapped Write8 0x00000000 @ 0x00000941 at PC 0x010F3548
[   5.187599] HW.Memory <Error> core\memory.cpp:Memory::MemorySystem::Write:528: unmapped Write8 0x00000000 @ 0x00000942 at PC 0x010F3548
[   5.187600] HW.Memory <Error> core\memory.cpp:Memory::MemorySystem::Write:528: unmapped Write8 0x00000000 @ 0x00000943 at PC 0x010F3548
[   5.187600] HW.Memory <Error> core\memory.cpp:Memory::MemorySystem::Write:528: unmapped Write8 0x00000000 @ 0x00000944 at PC 0x010F3548
[   5.187601] HW.Memory <Error> core\memory.cpp:Memory::MemorySystem::Write:528: unmapped Write8 0x00000000 @ 0x00000945 at PC 0x010F3548
[   5.187601] HW.Memory <Error> core\memory.cpp:Memory::MemorySystem::Write:528: unmapped Write8 0x00000000 @ 0x00000946 at PC 0x010F3548
[   5.187602] HW.Memory <Error> core\memory.cpp:Memory::MemorySystem::Write:528: unmapped Write8 0x00000000 @ 0x00000947 at PC 0x010F3548
[   5.187602] HW.Memory <Error> core\memory.cpp:Memory::MemorySystem::Write:528: unmapped Write8 0x00000000 @ 0x00000948 at PC 0x010F3548
[   5.187603] HW.Memory <Error> core\memory.cpp:Memory::MemorySystem::Write:528: unmapped Write8 0x00000000 @ 0x00000949 at PC 0x010F3548
[   5.187603] HW.Memory <Error> core\memory.cpp:Memory::MemorySystem::Write:528: unmapped Write8 0x00000000 @ 0x0000094A at PC 0x010F3548
[   5.187604] HW.Memory <Error> core\memory.cpp:Memory::MemorySystem::Write:528: unmapped Write8 0x00000000 @ 0x0000094B at PC 0x010F3548
[   5.187604] HW.Memory <Error> core\memory.cpp:Memory::MemorySystem::Write:528: unmapped Write8 0x00000000 @ 0x0000094C at PC 0x010F3548
[   5.187605] HW.Memory <Error> core\memory.cpp:Memory::MemorySystem::Write:528: unmapped Write8 0x00000000 @ 0x0000094D at PC 0x010F3548
[   5.187606] HW.Memory <Error> core\memory.cpp:Memory::MemorySystem::Write:528: unmapped Write8 0x00000000 @ 0x0000094E at PC 0x010F3548
[   5.187606] HW.Memory <Error> core\memory.cpp:Memory::MemorySystem::Write:528: unmapped Write8 0x00000000 @ 0x0000094F at PC 0x010F3548
[   5.187607] HW.Memory <Error> core\memory.cpp:Memory::MemorySystem::Write:528: unmapped Write8 0x00000000 @ 0x00000950 at PC 0x010F3548
[   5.187607] HW.Memory <Error> core\memory.cpp:Memory::MemorySystem::Write:528: unmapped Write8 0x00000000 @ 0x00000951 at PC 0x010F3548
[   5.187608] HW.Memory <Error> core\memory.cpp:Memory::MemorySystem::Write:528: unmapped Write8 0x00000000 @ 0x00000952 at PC 0x010F3548
[   5.187608] HW.Memory <Error> core\memory.cpp:Memory::MemorySystem::Write:528: unmapped Write8 0x00000000 @ 0x00000953 at PC 0x010F3548
[   5.187609] HW.Memory <Error> core\memory.cpp:Memory::MemorySystem::Write:528: unmapped Write8 0x00000000 @ 0x00000954 at PC 0x010F3548
[   5.187610] HW.Memory <Error> core\memory.cpp:Memory::MemorySystem::Write:528: unmapped Write8 0x00000000 @ 0x00000955 at PC 0x010F3548
[   5.187610] HW.Memory <Error> core\memory.cpp:Memory::MemorySystem::Write:528: unmapped Write8 0x00000000 @ 0x00000956 at PC 0x010F3548
[   5.187611] HW.Memory <Error> core\memory.cpp:Memory::MemorySystem::Write:528: unmapped Write8 0x00000000 @ 0x00000957 at PC 0x010F3548
[   5.187611] HW.Memory <Error> core\memory.cpp:Memory::MemorySystem::Write:528: unmapped Write8 0x00000000 @ 0x00000958 at PC 0x010F3548
[   5.187612] HW.Memory <Error> core\memory.cpp:Memory::MemorySystem::Write:528: unmapped Write8 0x00000000 @ 0x00000959 at PC 0x010F3548
[   5.187612] HW.Memory <Error> core\memory.cpp:Memory::MemorySystem::Write:528: unmapped Write8 0x00000000 @ 0x0000095A at PC 0x010F3548
[   5.187613] HW.Memory <Error> core\memory.cpp:Memory::MemorySystem::Write:528: unmapped Write8 0x00000000 @ 0x0000095B at PC 0x010F3548
[   5.187613] HW.Memory <Error> core\memory.cpp:Memory::MemorySystem::Write:528: unmapped Write8 0x00000000 @ 0x0000095C at PC 0x010F3548
[   5.187614] HW.Memory <Error> core\memory.cpp:Memory::MemorySystem::Write:528: unmapped Write8 0x00000000 @ 0x0000095D at PC 0x010F3548
[   5.187614] HW.Memory <Error> core\memory.cpp:Memory::MemorySystem::Write:528: unmapped Write8 0x00000000 @ 0x0000095E at PC 0x010F3548
[   5.187615] HW.Memory <Error> core\memory.cpp:Memory::MemorySystem::Write:528: unmapped Write8 0x00000000 @ 0x0000095F at PC 0x010F3548
[   5.187616] HW.Memory <Error> core\memory.cpp:Memory::MemorySystem::Write:528: unmapped Write8 0x00000000 @ 0x00000960 at PC 0x010F3548
[   5.187616] HW.Memory <Error> core\memory.cpp:Memory::MemorySystem::Write:528: unmapped Write8 0x00000000 @ 0x00000961 at PC 0x010F3548
[   5.187617] HW.Memory <Error> core\memory.cpp:Memory::MemorySystem::Write:528: unmapped Write8 0x00000000 @ 0x00000962 at PC 0x010F3548
[   5.187617] HW.Memory <Error> core\memory.cpp:Memory::MemorySystem::Write:528: unmapped Write8 0x00000000 @ 0x00000963 at PC 0x010F3548
[   5.187618] HW.Memory <Error> core\memory.cpp:Memory::MemorySystem::Write:528: unmapped Write8 0x00000000 @ 0x00000964 at PC 0x010F3548
[   5.187618] HW.Memory <Error> core\memory.cpp:Memory::MemorySystem::Write:528: unmapped Write8 0x00000000 @ 0x00000965 at PC 0x010F3548
[   5.187619] HW.Memory <Error> core\memory.cpp:Memory::MemorySystem::Write:528: unmapped Write8 0x00000000 @ 0x00000966 at PC 0x010F3548
[   5.187619] HW.Memory <Error> core\memory.cpp:Memory::MemorySystem::Write:528: unmapped Write8 0x00000000 @ 0x00000967 at PC 0x010F3548
[   5.187620] HW.Memory <Error> core\memory.cpp:Memory::MemorySystem::Write:528: unmapped Write8 0x00000000 @ 0x00000968 at PC 0x010F3548
[   5.187620] HW.Memory <Error> core\memory.cpp:Memory::MemorySystem::Write:528: unmapped Write8 0x00000000 @ 0x00000969 at PC 0x010F3548
[   5.187621] HW.Memory <Error> core\memory.cpp:Memory::MemorySystem::Write:528: unmapped Write8 0x00000000 @ 0x0000096A at PC 0x010F3548
[   5.187621] HW.Memory <Error> core\memory.cpp:Memory::MemorySystem::Write:528: unmapped Write8 0x00000000 @ 0x0000096B at PC 0x010F3548
[   5.187622] HW.Memory <Error> core\memory.cpp:Memory::MemorySystem::Write:528: unmapped Write8 0x00000000 @ 0x0000096C at PC 0x010F3548
[   5.187622] HW.Memory <Error> core\memory.cpp:Memory::MemorySystem::Write:528: unmapped Write8 0x00000000 @ 0x0000096D at PC 0x010F3548
[   5.187623] HW.Memory <Error> core\memory.cpp:Memory::MemorySystem::Write:528: unmapped Write8 0x00000000 @ 0x0000096E at PC 0x010F3548
[   5.187623] HW.Memory <Error> core\memory.cpp:Memory::MemorySystem::Write:528: unmapped Write8 0x00000000 @ 0x0000096F at PC 0x010F3548
[   5.187624] HW.Memory <Error> core\memory.cpp:Memory::MemorySystem::Write:528: unmapped Write8 0x00000000 @ 0x00000970 at PC 0x010F3548
[   5.187625] HW.Memory <Error> core\memory.cpp:Memory::MemorySystem::Write:528: unmapped Write8 0x00000000 @ 0x00000971 at PC 0x010F3548
[   5.187625] HW.Memory <Error> core\memory.cpp:Memory::MemorySystem::Write:528: unmapped Write8 0x00000000 @ 0x00000972 at PC 0x010F3548
[   5.187626] HW.Memory <Error> core\memory.cpp:Memory::MemorySystem::Write:528: unmapped Write8 0x00000000 @ 0x00000973 at PC 0x010F3548
[   5.187626] HW.Memory <Error> core\memory.cpp:Memory::MemorySystem::Write:528: unmapped Write8 0x00000000 @ 0x00000974 at PC 0x010F3548
[   5.187627] HW.Memory <Error> core\memory.cpp:Memory::MemorySystem::Write:528: unmapped Write8 0x00000000 @ 0x00000975 at PC 0x010F3548
[   5.187627] HW.Memory <Error> core\memory.cpp:Memory::MemorySystem::Write:528: unmapped Write8 0x00000000 @ 0x00000976 at PC 0x010F3548
[   5.187628] HW.Memory <Error> core\memory.cpp:Memory::MemorySystem::Write:528: unmapped Write8 0x00000000 @ 0x00000977 at PC 0x010F3548
[   5.187628] HW.Memory <Error> core\memory.cpp:Memory::MemorySystem::Write:528: unmapped Write8 0x00000000 @ 0x00000978 at PC 0x010F3548
[   5.187629] HW.Memory <Error> core\memory.cpp:Memory::MemorySystem::Write:528: unmapped Write8 0x00000000 @ 0x00000979 at PC 0x010F3548
[   5.187630] HW.Memory <Error> core\memory.cpp:Memory::MemorySystem::Write:528: unmapped Write8 0x00000000 @ 0x0000097A at PC 0x010F3548
[   5.187630] HW.Memory <Error> core\memory.cpp:Memory::MemorySystem::Write:528: unmapped Write8 0x00000000 @ 0x0000097B at PC 0x010F3548
[   5.187631] HW.Memory <Error> core\memory.cpp:Memory::MemorySystem::Write:528: unmapped Write8 0x00000000 @ 0x0000097C at PC 0x010F3548
[   5.187631] HW.Memory <Error> core\memory.cpp:Memory::MemorySystem::Write:528: unmapped Write8 0x00000000 @ 0x0000097D at PC 0x010F3548
[   5.187631] HW.Memory <Error> core\memory.cpp:Memory::MemorySystem::Write:528: unmapped Write8 0x00000000 @ 0x0000097E at PC 0x010F3548
[   5.187632] HW.Memory <Error> core\memory.cpp:Memory::MemorySystem::Write:528: unmapped Write8 0x00000000 @ 0x0000097F at PC 0x010F3548
[   5.187633] HW.Memory <Error> core\memory.cpp:Memory::MemorySystem::Write:528: unmapped Write8 0x00000000 @ 0x00000980 at PC 0x010F3548
[   5.187633] HW.Memory <Error> core\memory.cpp:Memory::MemorySystem::Write:528: unmapped Write8 0x00000000 @ 0x00000981 at PC 0x010F3548
[   5.187633] HW.Memory <Error> core\memory.cpp:Memory::MemorySystem::Write:528: unmapped Write8 0x00000000 @ 0x00000982 at PC 0x010F3548
[   5.187634] HW.Memory <Error> core\memory.cpp:Memory::MemorySystem::Write:528: unmapped Write8 0x00000000 @ 0x00000983 at PC 0x010F3548
[   5.187634] HW.Memory <Error> core\memory.cpp:Memory::MemorySystem::Write:528: unmapped Write8 0x00000000 @ 0x00000984 at PC 0x010F3548
[   5.187635] HW.Memory <Error> core\memory.cpp:Memory::MemorySystem::Write:528: unmapped Write8 0x00000000 @ 0x00000985 at PC 0x010F3548
[   5.187635] HW.Memory <Error> core\memory.cpp:Memory::MemorySystem::Write:528: unmapped Write8 0x00000000 @ 0x00000986 at PC 0x010F3548
[   5.187636] HW.Memory <Error> core\memory.cpp:Memory::MemorySystem::Write:528: unmapped Write8 0x00000000 @ 0x00000987 at PC 0x010F3548
[   5.187636] HW.Memory <Error> core\memory.cpp:Memory::MemorySystem::Write:528: unmapped Write8 0x00000000 @ 0x00000988 at PC 0x010F3548
[   5.187637] HW.Memory <Error> core\memory.cpp:Memory::MemorySystem::Write:528: unmapped Write8 0x00000000 @ 0x00000989 at PC 0x010F3548
[   5.187637] HW.Memory <Error> core\memory.cpp:Memory::MemorySystem::Write:528: unmapped Write8 0x00000000 @ 0x0000098A at PC 0x010F3548
[   5.187638] HW.Memory <Error> core\memory.cpp:Memory::MemorySystem::Write:528: unmapped Write8 0x00000000 @ 0x0000098B at PC 0x010F3548
[   5.187638] HW.Memory <Error> core\memory.cpp:Memory::MemorySystem::Write:528: unmapped Write8 0x00000000 @ 0x0000098C at PC 0x010F3548
[   5.187639] HW.Memory <Error> core\memory.cpp:Memory::MemorySystem::Write:528: unmapped Write8 0x00000000 @ 0x0000098D at PC 0x010F3548
[   5.187640] HW.Memory <Error> core\memory.cpp:Memory::MemorySystem::Write:528: unmapped Write8 0x00000000 @ 0x0000098E at PC 0x010F3548
[   5.187640] HW.Memory <Error> core\memory.cpp:Memory::MemorySystem::Write:528: unmapped Write8 0x00000000 @ 0x0000098F at PC 0x010F3548
[   5.187641] HW.Memory <Error> core\memory.cpp:Memory::MemorySystem::Write:528: unmapped Write8 0x00000000 @ 0x00000990 at PC 0x010F3548
[   5.187641] HW.Memory <Error> core\memory.cpp:Memory::MemorySystem::Write:528: unmapped Write8 0x00000000 @ 0x00000991 at PC 0x010F3548
[   5.187642] HW.Memory <Error> core\memory.cpp:Memory::MemorySystem::Write:528: unmapped Write8 0x00000000 @ 0x00000992 at PC 0x010F3548
[   5.187642] HW.Memory <Error> core\memory.cpp:Memory::MemorySystem::Write:528: unmapped Write8 0x00000000 @ 0x00000993 at PC 0x010F3548
[   5.187643] HW.Memory <Error> core\memory.cpp:Memory::MemorySystem::Write:528: unmapped Write8 0x00000000 @ 0x00000994 at PC 0x010F3548
[   5.187644] HW.Memory <Error> core\memory.cpp:Memory::MemorySystem::Write:528: unmapped Write8 0x00000000 @ 0x00000995 at PC 0x010F3548
[   5.187644] HW.Memory <Error> core\memory.cpp:Memory::MemorySystem::Write:528: unmapped Write8 0x00000000 @ 0x00000996 at PC 0x010F3548
[   5.187645] HW.Memory <Error> core\memory.cpp:Memory::MemorySystem::Write:528: unmapped Write8 0x00000000 @ 0x00000997 at PC 0x010F3548
[   5.187645] HW.Memory <Error> core\memory.cpp:Memory::MemorySystem::Write:528: unmapped Write8 0x00000000 @ 0x00000998 at PC 0x010F3548
[   5.187646] HW.Memory <Error> core\memory.cpp:Memory::MemorySystem::Write:528: unmapped Write8 0x00000000 @ 0x00000999 at PC 0x010F3548
[   5.187646] HW.Memory <Error> core\memory.cpp:Memory::MemorySystem::Write:528: unmapped Write8 0x00000000 @ 0x0000099A at PC 0x010F3548
[   5.187647] HW.Memory <Error> core\memory.cpp:Memory::MemorySystem::Write:528: unmapped Write8 0x00000000 @ 0x0000099B at PC 0x010F3548
[   5.187647] HW.Memory <Error> core\memory.cpp:Memory::MemorySystem::Write:528: unmapped Write8 0x00000000 @ 0x0000099C at PC 0x010F3548
[   5.187648] HW.Memory <Error> core\memory.cpp:Memory::MemorySystem::Write:528: unmapped Write8 0x00000000 @ 0x0000099D at PC 0x010F3548
[   5.187648] HW.Memory <Error> core\memory.cpp:Memory::MemorySystem::Write:528: unmapped Write8 0x00000000 @ 0x0000099E at PC 0x010F3548
[   5.187649] HW.Memory <Error> core\memory.cpp:Memory::MemorySystem::Write:528: unmapped Write8 0x00000000 @ 0x0000099F at PC 0x010F3548
[   5.187649] HW.Memory <Error> core\memory.cpp:Memory::MemorySystem::Write:528: unmapped Write8 0x00000000 @ 0x000009A0 at PC 0x010F3548
[   5.187650] HW.Memory <Error> core\memory.cpp:Memory::MemorySystem::Write:528: unmapped Write8 0x00000000 @ 0x000009A1 at PC 0x010F3548
[   5.187650] HW.Memory <Error> core\memory.cpp:Memory::MemorySystem::Write:528: unmapped Write8 0x00000000 @ 0x000009A2 at PC 0x010F3548
[   5.187651] HW.Memory <Error> core\memory.cpp:Memory::MemorySystem::Write:528: unmapped Write8 0x00000000 @ 0x000009A3 at PC 0x010F3548
[   5.187652] HW.Memory <Error> core\memory.cpp:Memory::MemorySystem::Write:528: unmapped Write8 0x00000000 @ 0x000009A4 at PC 0x010F3548
[   5.187652] HW.Memory <Error> core\memory.cpp:Memory::MemorySystem::Write:528: unmapped Write8 0x00000000 @ 0x000009A5 at PC 0x010F3548
[   5.187653] HW.Memory <Error> core\memory.cpp:Memory::MemorySystem::Write:528: unmapped Write8 0x00000000 @ 0x000009A6 at PC 0x010F3548
[   5.187653] HW.Memory <Error> core\memory.cpp:Memory::MemorySystem::Write:528: unmapped Write8 0x00000000 @ 0x000009A7 at PC 0x010F3548
[   5.187654] HW.Memory <Error> core\memory.cpp:Memory::MemorySystem::Write:528: unmapped Write8 0x00000000 @ 0x000009A8 at PC 0x010F3548
[   5.187655] HW.Memory <Error> core\memory.cpp:Memory::MemorySystem::Write:528: unmapped Write8 0x00000000 @ 0x000009A9 at PC 0x010F3548
[   5.187655] HW.Memory <Error> core\memory.cpp:Memory::MemorySystem::Write:528: unmapped Write8 0x00000000 @ 0x000009AA at PC 0x010F3548
[   5.187655] HW.Memory <Error> core\memory.cpp:Memory::MemorySystem::Write:528: unmapped Write8 0x00000000 @ 0x000009AB at PC 0x010F3548
[   5.187656] HW.Memory <Error> core\memory.cpp:Memory::MemorySystem::Write:528: unmapped Write8 0x00000000 @ 0x000009AC at PC 0x010F3548
[   5.187657] HW.Memory <Error> core\memory.cpp:Memory::MemorySystem::Write:528: unmapped Write8 0x00000000 @ 0x000009AD at PC 0x010F3548
[   5.187657] HW.Memory <Error> core\memory.cpp:Memory::MemorySystem::Write:528: unmapped Write8 0x00000000 @ 0x000009AE at PC 0x010F3548
[   5.187658] HW.Memory <Error> core\memory.cpp:Memory::MemorySystem::Write:528: unmapped Write8 0x00000000 @ 0x000009AF at PC 0x010F3548
[   5.187658] HW.Memory <Error> core\memory.cpp:Memory::MemorySystem::Write:528: unmapped Write8 0x00000000 @ 0x000009B0 at PC 0x010F3548
[   5.187659] HW.Memory <Error> core\memory.cpp:Memory::MemorySystem::Write:528: unmapped Write8 0x00000000 @ 0x000009B1 at PC 0x010F3548
[   5.187659] HW.Memory <Error> core\memory.cpp:Memory::MemorySystem::Write:528: unmapped Write8 0x00000000 @ 0x000009B2 at PC 0x010F3548
[   5.187660] HW.Memory <Error> core\memory.cpp:Memory::MemorySystem::Write:528: unmapped Write8 0x00000000 @ 0x000009B3 at PC 0x010F3548
[   5.187660] HW.Memory <Error> core\memory.cpp:Memory::MemorySystem::Write:528: unmapped Write8 0x00000000 @ 0x000009B4 at PC 0x010F3548
[   5.187661] HW.Memory <Error> core\memory.cpp:Memory::MemorySystem::Write:528: unmapped Write8 0x00000000 @ 0x000009B5 at PC 0x010F3548
[   5.187661] HW.Memory <Error> core\memory.cpp:Memory::MemorySystem::Write:528: unmapped Write8 0x00000000 @ 0x000009B6 at PC 0x010F3548
[   5.187662] HW.Memory <Error> core\memory.cpp:Memory::MemorySystem::Write:528: unmapped Write8 0x00000000 @ 0x000009B7 at PC 0x010F3548
[   5.187662] HW.Memory <Error> core\memory.cpp:Memory::MemorySystem::Write:528: unmapped Write8 0x00000000 @ 0x000009B8 at PC 0x010F3548
[   5.187663] HW.Memory <Error> core\memory.cpp:Memory::MemorySystem::Write:528: unmapped Write8 0x00000000 @ 0x000009B9 at PC 0x010F3548
[   5.187663] HW.Memory <Error> core\memory.cpp:Memory::MemorySystem::Write:528: unmapped Write8 0x00000000 @ 0x000009BA at PC 0x010F3548
[   5.187664] HW.Memory <Error> core\memory.cpp:Memory::MemorySystem::Write:528: unmapped Write8 0x00000000 @ 0x000009BB at PC 0x010F3548
[   5.187664] HW.Memory <Error> core\memory.cpp:Memory::MemorySystem::Write:528: unmapped Write8 0x00000000 @ 0x000009BC at PC 0x010F3548
[   5.187665] HW.Memory <Error> core\memory.cpp:Memory::MemorySystem::Write:528: unmapped Write8 0x00000000 @ 0x000009BD at PC 0x010F3548
[   5.187665] HW.Memory <Error> core\memory.cpp:Memory::MemorySystem::Write:528: unmapped Write8 0x00000000 @ 0x000009BE at PC 0x010F3548
[   5.187666] HW.Memory <Error> core\memory.cpp:Memory::MemorySystem::Write:528: unmapped Write8 0x00000000 @ 0x000009BF at PC 0x010F3548
[   5.187666] HW.Memory <Error> core\memory.cpp:Memory::MemorySystem::Write:528: unmapped Write8 0x00000000 @ 0x000009C0 at PC 0x010F3548
[   5.187667] HW.Memory <Error> core\memory.cpp:Memory::MemorySystem::Write:528: unmapped Write8 0x00000000 @ 0x000009C1 at PC 0x010F3548
[   5.187667] HW.Memory <Error> core\memory.cpp:Memory::MemorySystem::Write:528: unmapped Write8 0x00000000 @ 0x000009C2 at PC 0x010F3548
[   5.187668] HW.Memory <Error> core\memory.cpp:Memory::MemorySystem::Write:528: unmapped Write8 0x00000000 @ 0x000009C3 at PC 0x010F3548
[   5.187668] HW.Memory <Error> core\memory.cpp:Memory::MemorySystem::Write:528: unmapped Write8 0x00000000 @ 0x000009C4 at PC 0x010F3548
[   5.187669] HW.Memory <Error> core\memory.cpp:Memory::MemorySystem::Write:528: unmapped Write8 0x00000000 @ 0x000009C5 at PC 0x010F3548
[   5.187669] HW.Memory <Error> core\memory.cpp:Memory::MemorySystem::Write:528: unmapped Write8 0x00000000 @ 0x000009C6 at PC 0x010F3548
[   5.187670] HW.Memory <Error> core\memory.cpp:Memory::MemorySystem::Write:528: unmapped Write8 0x00000000 @ 0x000009C7 at PC 0x010F3548
[   5.187670] HW.Memory <Error> core\memory.cpp:Memory::MemorySystem::Write:528: unmapped Write8 0x00000000 @ 0x000009C8 at PC 0x010F3548
[   5.187671] HW.Memory <Error> core\memory.cpp:Memory::MemorySystem::Write:528: unmapped Write8 0x00000000 @ 0x000009C9 at PC 0x010F3548
[   5.187671] HW.Memory <Error> core\memory.cpp:Memory::MemorySystem::Write:528: unmapped Write8 0x00000000 @ 0x000009CA at PC 0x010F3548
[   5.187672] HW.Memory <Error> core\memory.cpp:Memory::MemorySystem::Write:528: unmapped Write8 0x00000000 @ 0x000009CB at PC 0x010F3548
[   5.187672] HW.Memory <Error> core\memory.cpp:Memory::MemorySystem::Write:528: unmapped Write8 0x00000000 @ 0x000009CC at PC 0x010F3548
[   5.187673] HW.Memory <Error> core\memory.cpp:Memory::MemorySystem::Write:528: unmapped Write8 0x00000000 @ 0x000009CD at PC 0x010F3548
[   5.187673] HW.Memory <Error> core\memory.cpp:Memory::MemorySystem::Write:528: unmapped Write8 0x00000000 @ 0x000009CE at PC 0x010F3548
[   5.187674] HW.Memory <Error> core\memory.cpp:Memory::MemorySystem::Write:528: unmapped Write8 0x00000000 @ 0x000009CF at PC 0x010F3548
[   5.187674] HW.Memory <Error> core\memory.cpp:Memory::MemorySystem::Write:528: unmapped Write8 0x00000000 @ 0x000009D0 at PC 0x010F3548
[   5.187675] HW.Memory <Error> core\memory.cpp:Memory::MemorySystem::Write:528: unmapped Write8 0x00000000 @ 0x000009D1 at PC 0x010F3548
[   5.187676] HW.Memory <Error> core\memory.cpp:Memory::MemorySystem::Write:528: unmapped Write8 0x00000000 @ 0x000009D2 at PC 0x010F3548
[   5.187676] HW.Memory <Error> core\memory.cpp:Memory::MemorySystem::Write:528: unmapped Write8 0x00000000 @ 0x000009D3 at PC 0x010F3548
[   5.187677] HW.Memory <Error> core\memory.cpp:Memory::MemorySystem::Write:528: unmapped Write8 0x00000000 @ 0x000009D4 at PC 0x010F3548
[   5.187677] HW.Memory <Error> core\memory.cpp:Memory::MemorySystem::Write:528: unmapped Write8 0x00000000 @ 0x000009D5 at PC 0x010F3548
[   5.187678] HW.Memory <Error> core\memory.cpp:Memory::MemorySystem::Write:528: unmapped Write8 0x00000000 @ 0x000009D6 at PC 0x010F3548
[   5.187678] HW.Memory <Error> core\memory.cpp:Memory::MemorySystem::Write:528: unmapped Write8 0x00000000 @ 0x000009D7 at PC 0x010F3548
[   5.187679] HW.Memory <Error> core\memory.cpp:Memory::MemorySystem::Write:528: unmapped Write8 0x00000000 @ 0x000009D8 at PC 0x010F3548
[   5.187679] HW.Memory <Error> core\memory.cpp:Memory::MemorySystem::Write:528: unmapped Write8 0x00000000 @ 0x000009D9 at PC 0x010F3548
[   5.187680] HW.Memory <Error> core\memory.cpp:Memory::MemorySystem::Write:528: unmapped Write8 0x00000000 @ 0x000009DA at PC 0x010F3548
[   5.187680] HW.Memory <Error> core\memory.cpp:Memory::MemorySystem::Write:528: unmapped Write8 0x00000000 @ 0x000009DB at PC 0x010F3548
[   5.187681] HW.Memory <Error> core\memory.cpp:Memory::MemorySystem::Write:528: unmapped Write8 0x00000000 @ 0x000009DC at PC 0x010F3548
[   5.187681] HW.Memory <Error> core\memory.cpp:Memory::MemorySystem::Write:528: unmapped Write8 0x00000000 @ 0x000009DD at PC 0x010F3548
[   5.187682] HW.Memory <Error> core\memory.cpp:Memory::MemorySystem::Write:528: unmapped Write8 0x00000000 @ 0x000009DE at PC 0x010F3548
[   5.187682] HW.Memory <Error> core\memory.cpp:Memory::MemorySystem::Write:528: unmapped Write8 0x00000000 @ 0x000009DF at PC 0x010F3548
[   5.187683] HW.Memory <Error> core\memory.cpp:Memory::MemorySystem::Write:528: unmapped Write8 0x00000000 @ 0x000009E0 at PC 0x010F3548
[   5.187683] HW.Memory <Error> core\memory.cpp:Memory::MemorySystem::Write:528: unmapped Write8 0x00000000 @ 0x000009E1 at PC 0x010F3548
[   5.187684] HW.Memory <Error> core\memory.cpp:Memory::MemorySystem::Write:528: unmapped Write8 0x00000000 @ 0x000009E2 at PC 0x010F3548
[   5.187684] HW.Memory <Error> core\memory.cpp:Memory::MemorySystem::Write:528: unmapped Write8 0x00000000 @ 0x000009E3 at PC 0x010F3548
[   5.187685] HW.Memory <Error> core\memory.cpp:Memory::MemorySystem::Write:528: unmapped Write8 0x00000000 @ 0x000009E4 at PC 0x010F3548
[   5.187685] HW.Memory <Error> core\memory.cpp:Memory::MemorySystem::Write:528: unmapped Write8 0x00000000 @ 0x000009E5 at PC 0x010F3548
[   5.187686] HW.Memory <Error> core\memory.cpp:Memory::MemorySystem::Write:528: unmapped Write8 0x00000000 @ 0x000009E6 at PC 0x010F3548
[   5.187687] HW.Memory <Error> core\memory.cpp:Memory::MemorySystem::Write:528: unmapped Write8 0x00000000 @ 0x000009E7 at PC 0x010F3548
[   5.187687] HW.Memory <Error> core\memory.cpp:Memory::MemorySystem::Write:528: unmapped Write8 0x00000000 @ 0x000009E8 at PC 0x010F3548
[   5.187688] HW.Memory <Error> core\memory.cpp:Memory::MemorySystem::Write:528: unmapped Write8 0x00000000 @ 0x000009E9 at PC 0x010F3548
[   5.187688] HW.Memory <Error> core\memory.cpp:Memory::MemorySystem::Write:528: unmapped Write8 0x00000000 @ 0x000009EA at PC 0x010F3548
[   5.187689] HW.Memory <Error> core\memory.cpp:Memory::MemorySystem::Write:528: unmapped Write8 0x00000000 @ 0x000009EB at PC 0x010F3548
[   5.187689] HW.Memory <Error> core\memory.cpp:Memory::MemorySystem::Write:528: unmapped Write8 0x00000000 @ 0x000009EC at PC 0x010F3548
[   5.187690] HW.Memory <Error> core\memory.cpp:Memory::MemorySystem::Write:528: unmapped Write8 0x00000000 @ 0x000009ED at PC 0x010F3548
[   5.187691] HW.Memory <Error> core\memory.cpp:Memory::MemorySystem::Write:528: unmapped Write8 0x00000000 @ 0x000009EE at PC 0x010F3548
[   5.187691] HW.Memory <Error> core\memory.cpp:Memory::MemorySystem::Write:528: unmapped Write8 0x00000000 @ 0x000009EF at PC 0x010F3548
[   5.187691] HW.Memory <Error> core\memory.cpp:Memory::MemorySystem::Write:528: unmapped Write8 0x00000000 @ 0x000009F0 at PC 0x010F3548
[   5.187692] HW.Memory <Error> core\memory.cpp:Memory::MemorySystem::Write:528: unmapped Write8 0x00000000 @ 0x000009F1 at PC 0x010F3548
[   5.187693] HW.Memory <Error> core\memory.cpp:Memory::MemorySystem::Write:528: unmapped Write8 0x00000000 @ 0x000009F2 at PC 0x010F3548
[   5.187693] HW.Memory <Error> core\memory.cpp:Memory::MemorySystem::Write:528: unmapped Write8 0x00000000 @ 0x000009F3 at PC 0x010F3548
[   5.187694] HW.Memory <Error> core\memory.cpp:Memory::MemorySystem::Write:528: unmapped Write8 0x00000000 @ 0x000009F4 at PC 0x010F3548
[   5.187694] HW.Memory <Error> core\memory.cpp:Memory::MemorySystem::Write:528: unmapped Write8 0x00000000 @ 0x000009F5 at PC 0x010F3548
[   5.187695] HW.Memory <Error> core\memory.cpp:Memory::MemorySystem::Write:528: unmapped Write8 0x00000000 @ 0x000009F6 at PC 0x010F3548
[   5.187695] HW.Memory <Error> core\memory.cpp:Memory::MemorySystem::Write:528: unmapped Write8 0x00000000 @ 0x000009F7 at PC 0x010F3548
[   5.187696] HW.Memory <Error> core\memory.cpp:Memory::MemorySystem::Write:528: unmapped Write8 0x00000000 @ 0x000009F8 at PC 0x010F3548
[   5.187696] HW.Memory <Error> core\memory.cpp:Memory::MemorySystem::Write:528: unmapped Write8 0x00000000 @ 0x000009F9 at PC 0x010F3548
[   5.187697] HW.Memory <Error> core\memory.cpp:Memory::MemorySystem::Write:528: unmapped Write8 0x00000000 @ 0x000009FA at PC 0x010F3548
[   5.187697] HW.Memory <Error> core\memory.cpp:Memory::MemorySystem::Write:528: unmapped Write8 0x00000000 @ 0x000009FB at PC 0x010F3548
[   5.187698] HW.Memory <Error> core\memory.cpp:Memory::MemorySystem::Write:528: unmapped Write8 0x00000000 @ 0x000009FC at PC 0x010F3548
[   5.187698] HW.Memory <Error> core\memory.cpp:Memory::MemorySystem::Write:528: unmapped Write8 0x00000000 @ 0x000009FD at PC 0x010F3548
[   5.187699] HW.Memory <Error> core\memory.cpp:Memory::MemorySystem::Write:528: unmapped Write8 0x00000000 @ 0x000009FE at PC 0x010F3548
[   5.187699] HW.Memory <Error> core\memory.cpp:Memory::MemorySystem::Write:528: unmapped Write8 0x00000000 @ 0x000009FF at PC 0x010F3548
[   5.187700] HW.Memory <Error> core\memory.cpp:Memory::MemorySystem::Write:528: unmapped Write8 0x00000000 @ 0x00000A00 at PC 0x010F3548
[   5.187700] HW.Memory <Error> core\memory.cpp:Memory::MemorySystem::Write:528: unmapped Write8 0x00000000 @ 0x00000A01 at PC 0x010F3548
[   5.187701] HW.Memory <Error> core\memory.cpp:Memory::MemorySystem::Write:528: unmapped Write8 0x00000000 @ 0x00000A02 at PC 0x010F3548
[   5.187701] HW.Memory <Error> core\memory.cpp:Memory::MemorySystem::Write:528: unmapped Write8 0x00000000 @ 0x00000A03 at PC 0x010F3548
[   5.187702] HW.Memory <Error> core\memory.cpp:Memory::MemorySystem::Write:528: unmapped Write8 0x00000000 @ 0x00000A04 at PC 0x010F3548
[   5.187702] HW.Memory <Error> core\memory.cpp:Memory::MemorySystem::Write:528: unmapped Write8 0x00000000 @ 0x00000A05 at PC 0x010F3548
[   5.187703] HW.Memory <Error> core\memory.cpp:Memory::MemorySystem::Write:528: unmapped Write8 0x00000000 @ 0x00000A06 at PC 0x010F3548
[   5.187703] HW.Memory <Error> core\memory.cpp:Memory::MemorySystem::Write:528: unmapped Write8 0x00000000 @ 0x00000A07 at PC 0x010F3548
[   5.187704] HW.Memory <Error> core\memory.cpp:Memory::MemorySystem::Write:528: unmapped Write8 0x00000000 @ 0x00000A08 at PC 0x010F3548
[   5.187704] HW.Memory <Error> core\memory.cpp:Memory::MemorySystem::Write:528: unmapped Write8 0x00000000 @ 0x00000A09 at PC 0x010F3548
[   5.187705] HW.Memory <Error> core\memory.cpp:Memory::MemorySystem::Write:528: unmapped Write8 0x00000000 @ 0x00000A0A at PC 0x010F3548
[   5.187705] HW.Memory <Error> core\memory.cpp:Memory::MemorySystem::Write:528: unmapped Write8 0x00000000 @ 0x00000A0B at PC 0x010F3548
[   5.187706] HW.Memory <Error> core\memory.cpp:Memory::MemorySystem::Write:528: unmapped Write8 0x00000000 @ 0x00000A0C at PC 0x010F3548
[   5.187706] HW.Memory <Error> core\memory.cpp:Memory::MemorySystem::Write:528: unmapped Write8 0x00000000 @ 0x00000A0D at PC 0x010F3548
[   5.187707] HW.Memory <Error> core\memory.cpp:Memory::MemorySystem::Write:528: unmapped Write8 0x00000000 @ 0x00000A0E at PC 0x010F3548
[   5.187707] HW.Memory <Error> core\memory.cpp:Memory::MemorySystem::Write:528: unmapped Write8 0x00000000 @ 0x00000A0F at PC 0x010F3548
[   5.187708] HW.Memory <Error> core\memory.cpp:Memory::MemorySystem::Write:528: unmapped Write8 0x00000000 @ 0x00000A10 at PC 0x010F3548
[   5.187708] HW.Memory <Error> core\memory.cpp:Memory::MemorySystem::Write:528: unmapped Write8 0x00000000 @ 0x00000A11 at PC 0x010F3548
[   5.187709] HW.Memory <Error> core\memory.cpp:Memory::MemorySystem::Write:528: unmapped Write8 0x00000000 @ 0x00000A12 at PC 0x010F3548
[   5.187709] HW.Memory <Error> core\memory.cpp:Memory::MemorySystem::Write:528: unmapped Write8 0x00000000 @ 0x00000A13 at PC 0x010F3548
[   5.187710] HW.Memory <Error> core\memory.cpp:Memory::MemorySystem::Write:528: unmapped Write8 0x00000000 @ 0x00000A14 at PC 0x010F3548
[   5.187710] HW.Memory <Error> core\memory.cpp:Memory::MemorySystem::Write:528: unmapped Write8 0x00000000 @ 0x00000A15 at PC 0x010F3548
[   5.187711] HW.Memory <Error> core\memory.cpp:Memory::MemorySystem::Write:528: unmapped Write8 0x00000000 @ 0x00000A16 at PC 0x010F3548
[   5.187711] HW.Memory <Error> core\memory.cpp:Memory::MemorySystem::Write:528: unmapped Write8 0x00000000 @ 0x00000A17 at PC 0x010F3548
[   5.187712] HW.Memory <Error> core\memory.cpp:Memory::MemorySystem::Write:528: unmapped Write8 0x00000000 @ 0x00000A18 at PC 0x010F3548
[   5.187712] HW.Memory <Error> core\memory.cpp:Memory::MemorySystem::Write:528: unmapped Write8 0x00000000 @ 0x00000A19 at PC 0x010F3548
[   5.187713] HW.Memory <Error> core\memory.cpp:Memory::MemorySystem::Write:528: unmapped Write8 0x00000000 @ 0x00000A1A at PC 0x010F3548
[   5.187713] HW.Memory <Error> core\memory.cpp:Memory::MemorySystem::Write:528: unmapped Write8 0x00000000 @ 0x00000A1B at PC 0x010F3548
[   5.187714] HW.Memory <Error> core\memory.cpp:Memory::MemorySystem::Write:528: unmapped Write8 0x00000000 @ 0x00000A1C at PC 0x010F3548
[   5.187714] HW.Memory <Error> core\memory.cpp:Memory::MemorySystem::Write:528: unmapped Write8 0x00000000 @ 0x00000A1D at PC 0x010F3548
[   5.187715] HW.Memory <Error> core\memory.cpp:Memory::MemorySystem::Write:528: unmapped Write8 0x00000000 @ 0x00000A1E at PC 0x010F3548
[   5.187716] HW.Memory <Error> core\memory.cpp:Memory::MemorySystem::Write:528: unmapped Write8 0x00000000 @ 0x00000A1F at PC 0x010F3548
[   5.187716] HW.Memory <Error> core\memory.cpp:Memory::MemorySystem::Write:528: unmapped Write8 0x00000000 @ 0x00000A20 at PC 0x010F3548
[   5.187716] HW.Memory <Error> core\memory.cpp:Memory::MemorySystem::Write:528: unmapped Write8 0x00000000 @ 0x00000A21 at PC 0x010F3548
[   5.187717] HW.Memory <Error> core\memory.cpp:Memory::MemorySystem::Write:528: unmapped Write8 0x00000000 @ 0x00000A22 at PC 0x010F3548
[   5.187717] HW.Memory <Error> core\memory.cpp:Memory::MemorySystem::Write:528: unmapped Write8 0x00000000 @ 0x00000A23 at PC 0x010F3548
[   5.187718] HW.Memory <Error> core\memory.cpp:Memory::MemorySystem::Write:528: unmapped Write8 0x00000000 @ 0x00000A24 at PC 0x010F3548
[   5.187718] HW.Memory <Error> core\memory.cpp:Memory::MemorySystem::Write:528: unmapped Write8 0x00000000 @ 0x00000A25 at PC 0x010F3548
[   5.187719] HW.Memory <Error> core\memory.cpp:Memory::MemorySystem::Write:528: unmapped Write8 0x00000000 @ 0x00000A26 at PC 0x010F3548
[   5.187719] HW.Memory <Error> core\memory.cpp:Memory::MemorySystem::Write:528: unmapped Write8 0x00000000 @ 0x00000A27 at PC 0x010F3548
[   5.187720] HW.Memory <Error> core\memory.cpp:Memory::MemorySystem::Write:528: unmapped Write8 0x00000000 @ 0x00000A28 at PC 0x010F3548
[   5.187721] HW.Memory <Error> core\memory.cpp:Memory::MemorySystem::Write:528: unmapped Write8 0x00000000 @ 0x00000A29 at PC 0x010F3548
[   5.187721] HW.Memory <Error> core\memory.cpp:Memory::MemorySystem::Write:528: unmapped Write8 0x00000000 @ 0x00000A2A at PC 0x010F3548
[   5.187722] HW.Memory <Error> core\memory.cpp:Memory::MemorySystem::Write:528: unmapped Write8 0x00000000 @ 0x00000A2B at PC 0x010F3548
[   5.187722] HW.Memory <Error> core\memory.cpp:Memory::MemorySystem::Write:528: unmapped Write8 0x00000000 @ 0x00000A2C at PC 0x010F3548
[   5.187723] HW.Memory <Error> core\memory.cpp:Memory::MemorySystem::Write:528: unmapped Write8 0x00000000 @ 0x00000A2D at PC 0x010F3548
[   5.187723] HW.Memory <Error> core\memory.cpp:Memory::MemorySystem::Write:528: unmapped Write8 0x00000000 @ 0x00000A2E at PC 0x010F3548
[   5.187724] HW.Memory <Error> core\memory.cpp:Memory::MemorySystem::Write:528: unmapped Write8 0x00000000 @ 0x00000A2F at PC 0x010F3548
[   5.187724] HW.Memory <Error> core\memory.cpp:Memory::MemorySystem::Write:528: unmapped Write8 0x00000000 @ 0x00000A30 at PC 0x010F3548
[   5.187725] HW.Memory <Error> core\memory.cpp:Memory::MemorySystem::Write:528: unmapped Write8 0x00000000 @ 0x00000A31 at PC 0x010F3548
[   5.187725] HW.Memory <Error> core\memory.cpp:Memory::MemorySystem::Write:528: unmapped Write8 0x00000000 @ 0x00000A32 at PC 0x010F3548
[   5.187726] HW.Memory <Error> core\memory.cpp:Memory::MemorySystem::Write:528: unmapped Write8 0x00000000 @ 0x00000A33 at PC 0x010F3548
[   5.187726] HW.Memory <Error> core\memory.cpp:Memory::MemorySystem::Write:528: unmapped Write8 0x00000000 @ 0x00000A34 at PC 0x010F3548
[   5.187727] HW.Memory <Error> core\memory.cpp:Memory::MemorySystem::Write:528: unmapped Write8 0x00000000 @ 0x00000A35 at PC 0x010F3548
[   5.187727] HW.Memory <Error> core\memory.cpp:Memory::MemorySystem::Write:528: unmapped Write8 0x00000000 @ 0x00000A36 at PC 0x010F3548
[   5.187728] HW.Memory <Error> core\memory.cpp:Memory::MemorySystem::Write:528: unmapped Write8 0x00000000 @ 0x00000A37 at PC 0x010F3548
[   5.187728] HW.Memory <Error> core\memory.cpp:Memory::MemorySystem::Write:528: unmapped Write8 0x00000000 @ 0x00000A38 at PC 0x010F3548
[   5.187729] HW.Memory <Error> core\memory.cpp:Memory::MemorySystem::Write:528: unmapped Write8 0x00000000 @ 0x00000A39 at PC 0x010F3548
[   5.187729] HW.Memory <Error> core\memory.cpp:Memory::MemorySystem::Write:528: unmapped Write8 0x00000000 @ 0x00000A3A at PC 0x010F3548
[   5.187730] HW.Memory <Error> core\memory.cpp:Memory::MemorySystem::Write:528: unmapped Write8 0x00000000 @ 0x00000A3B at PC 0x010F3548
[   5.187730] HW.Memory <Error> core\memory.cpp:Memory::MemorySystem::Write:528: unmapped Write8 0x00000000 @ 0x00000A3C at PC 0x010F3548
[   5.187730] HW.Memory <Error> core\memory.cpp:Memory::MemorySystem::Write:528: unmapped Write8 0x00000000 @ 0x00000A3D at PC 0x010F3548
[   5.187731] HW.Memory <Error> core\memory.cpp:Memory::MemorySystem::Write:528: unmapped Write8 0x00000000 @ 0x00000A3E at PC 0x010F3548
[   5.187731] HW.Memory <Error> core\memory.cpp:Memory::MemorySystem::Write:528: unmapped Write8 0x00000000 @ 0x00000A3F at PC 0x010F3548
[   5.187732] HW.Memory <Error> core\memory.cpp:Memory::MemorySystem::Write:528: unmapped Write8 0x00000000 @ 0x00000A40 at PC 0x010F3548
[   5.187732] HW.Memory <Error> core\memory.cpp:Memory::MemorySystem::Write:528: unmapped Write8 0x00000000 @ 0x00000A41 at PC 0x010F3548
[   5.187733] HW.Memory <Error> core\memory.cpp:Memory::MemorySystem::Write:528: unmapped Write8 0x00000000 @ 0x00000A42 at PC 0x010F3548
[   5.187733] HW.Memory <Error> core\memory.cpp:Memory::MemorySystem::Write:528: unmapped Write8 0x00000000 @ 0x00000A43 at PC 0x010F3548
[   5.187734] HW.Memory <Error> core\memory.cpp:Memory::MemorySystem::Write:528: unmapped Write8 0x00000000 @ 0x00000A44 at PC 0x010F3548
[   5.187734] HW.Memory <Error> core\memory.cpp:Memory::MemorySystem::Write:528: unmapped Write8 0x00000000 @ 0x00000A45 at PC 0x010F3548
[   5.187735] HW.Memory <Error> core\memory.cpp:Memory::MemorySystem::Write:528: unmapped Write8 0x00000000 @ 0x00000A46 at PC 0x010F3548
[   5.187735] HW.Memory <Error> core\memory.cpp:Memory::MemorySystem::Write:528: unmapped Write8 0x00000000 @ 0x00000A47 at PC 0x010F3548
[   5.187736] HW.Memory <Error> core\memory.cpp:Memory::MemorySystem::Write:528: unmapped Write8 0x00000000 @ 0x00000A48 at PC 0x010F3548
[   5.187736] HW.Memory <Error> core\memory.cpp:Memory::MemorySystem::Write:528: unmapped Write8 0x00000000 @ 0x00000A49 at PC 0x010F3548
[   5.187736] HW.Memory <Error> core\memory.cpp:Memory::MemorySystem::Write:528: unmapped Write8 0x00000000 @ 0x00000A4A at PC 0x010F3548
[   5.187737] HW.Memory <Error> core\memory.cpp:Memory::MemorySystem::Write:528: unmapped Write8 0x00000000 @ 0x00000A4B at PC 0x010F3548
[   5.187738] HW.Memory <Error> core\memory.cpp:Memory::MemorySystem::Write:528: unmapped Write8 0x00000000 @ 0x00000A4C at PC 0x010F3548
[   5.187738] HW.Memory <Error> core\memory.cpp:Memory::MemorySystem::Write:528: unmapped Write8 0x00000000 @ 0x00000A4D at PC 0x010F3548
[   5.187739] HW.Memory <Error> core\memory.cpp:Memory::MemorySystem::Write:528: unmapped Write8 0x00000000 @ 0x00000A4E at PC 0x010F3548
[   5.187739] HW.Memory <Error> core\memory.cpp:Memory::MemorySystem::Write:528: unmapped Write8 0x00000000 @ 0x00000A4F at PC 0x010F3548
[   5.187740] HW.Memory <Error> core\memory.cpp:Memory::MemorySystem::Write:528: unmapped Write8 0x00000000 @ 0x00000A50 at PC 0x010F3548
[   5.187740] HW.Memory <Error> core\memory.cpp:Memory::MemorySystem::Write:528: unmapped Write8 0x00000000 @ 0x00000A51 at PC 0x010F3548
[   5.187741] HW.Memory <Error> core\memory.cpp:Memory::MemorySystem::Write:528: unmapped Write8 0x00000000 @ 0x00000A52 at PC 0x010F3548
[   5.187742] HW.Memory <Error> core\memory.cpp:Memory::MemorySystem::Write:528: unmapped Write8 0x00000000 @ 0x00000A53 at PC 0x010F3548
[   5.187742] HW.Memory <Error> core\memory.cpp:Memory::MemorySystem::Write:528: unmapped Write8 0x00000000 @ 0x00000A54 at PC 0x010F3548
[   5.187743] HW.Memory <Error> core\memory.cpp:Memory::MemorySystem::Write:528: unmapped Write8 0x00000000 @ 0x00000A55 at PC 0x010F3548
[   5.187743] HW.Memory <Error> core\memory.cpp:Memory::MemorySystem::Write:528: unmapped Write8 0x00000000 @ 0x00000A56 at PC 0x010F3548
[   5.187744] HW.Memory <Error> core\memory.cpp:Memory::MemorySystem::Write:528: unmapped Write8 0x00000000 @ 0x00000A57 at PC 0x010F3548
[   5.187744] HW.Memory <Error> core\memory.cpp:Memory::MemorySystem::Write:528: unmapped Write8 0x00000000 @ 0x00000A58 at PC 0x010F3548
[   5.187745] HW.Memory <Error> core\memory.cpp:Memory::MemorySystem::Write:528: unmapped Write8 0x00000000 @ 0x00000A59 at PC 0x010F3548
[   5.187745] HW.Memory <Error> core\memory.cpp:Memory::MemorySystem::Write:528: unmapped Write8 0x00000000 @ 0x00000A5A at PC 0x010F3548
[   5.187746] HW.Memory <Error> core\memory.cpp:Memory::MemorySystem::Write:528: unmapped Write8 0x00000000 @ 0x00000A5B at PC 0x010F3548
[   5.187746] HW.Memory <Error> core\memory.cpp:Memory::MemorySystem::Write:528: unmapped Write8 0x00000000 @ 0x00000A5C at PC 0x010F3548
[   5.187747] HW.Memory <Error> core\memory.cpp:Memory::MemorySystem::Write:528: unmapped Write8 0x00000000 @ 0x00000A5D at PC 0x010F3548
[   5.187747] HW.Memory <Error> core\memory.cpp:Memory::MemorySystem::Write:528: unmapped Write8 0x00000000 @ 0x00000A5E at PC 0x010F3548
[   5.187748] HW.Memory <Error> core\memory.cpp:Memory::MemorySystem::Write:528: unmapped Write8 0x00000000 @ 0x00000A5F at PC 0x010F3548
[   5.187748] HW.Memory <Error> core\memory.cpp:Memory::MemorySystem::Write:528: unmapped Write8 0x00000000 @ 0x00000A60 at PC 0x010F3548
[   5.187748] HW.Memory <Error> core\memory.cpp:Memory::MemorySystem::Write:528: unmapped Write8 0x00000000 @ 0x00000A61 at PC 0x010F3548
[   5.187749] HW.Memory <Error> core\memory.cpp:Memory::MemorySystem::Write:528: unmapped Write8 0x00000000 @ 0x00000A62 at PC 0x010F3548
[   5.187749] HW.Memory <Error> core\memory.cpp:Memory::MemorySystem::Write:528: unmapped Write8 0x00000000 @ 0x00000A63 at PC 0x010F3548
[   5.187750] HW.Memory <Error> core\memory.cpp:Memory::MemorySystem::Write:528: unmapped Write8 0x00000000 @ 0x00000A64 at PC 0x010F3548
[   5.187750] HW.Memory <Error> core\memory.cpp:Memory::MemorySystem::Write:528: unmapped Write8 0x00000000 @ 0x00000A65 at PC 0x010F3548
[   5.187751] HW.Memory <Error> core\memory.cpp:Memory::MemorySystem::Write:528: unmapped Write8 0x00000000 @ 0x00000A66 at PC 0x010F3548
[   5.187751] HW.Memory <Error> core\memory.cpp:Memory::MemorySystem::Write:528: unmapped Write8 0x00000000 @ 0x00000A67 at PC 0x010F3548
[   5.187752] HW.Memory <Error> core\memory.cpp:Memory::MemorySystem::Write:528: unmapped Write8 0x00000000 @ 0x00000A68 at PC 0x010F3548
[   5.187752] HW.Memory <Error> core\memory.cpp:Memory::MemorySystem::Write:528: unmapped Write8 0x00000000 @ 0x00000A69 at PC 0x010F3548
[   5.187753] HW.Memory <Error> core\memory.cpp:Memory::MemorySystem::Write:528: unmapped Write8 0x00000000 @ 0x00000A6A at PC 0x010F3548
[   5.187753] HW.Memory <Error> core\memory.cpp:Memory::MemorySystem::Write:528: unmapped Write8 0x00000000 @ 0x00000A6B at PC 0x010F3548
[   5.187754] HW.Memory <Error> core\memory.cpp:Memory::MemorySystem::Write:528: unmapped Write8 0x00000000 @ 0x00000A6C at PC 0x010F3548
[   5.187754] HW.Memory <Error> core\memory.cpp:Memory::MemorySystem::Write:528: unmapped Write8 0x00000000 @ 0x00000A6D at PC 0x010F3548
[   5.187755] HW.Memory <Error> core\memory.cpp:Memory::MemorySystem::Write:528: unmapped Write8 0x00000000 @ 0x00000A6E at PC 0x010F3548
[   5.187756] HW.Memory <Error> core\memory.cpp:Memory::MemorySystem::Write:528: unmapped Write8 0x00000000 @ 0x00000A6F at PC 0x010F3548
[   5.187756] HW.Memory <Error> core\memory.cpp:Memory::MemorySystem::Write:528: unmapped Write8 0x00000000 @ 0x00000A70 at PC 0x010F3548
[   5.187756] HW.Memory <Error> core\memory.cpp:Memory::MemorySystem::Write:528: unmapped Write8 0x00000000 @ 0x00000A71 at PC 0x010F3548
[   5.187757] HW.Memory <Error> core\memory.cpp:Memory::MemorySystem::Write:528: unmapped Write8 0x00000000 @ 0x00000A72 at PC 0x010F3548
[   5.187758] HW.Memory <Error> core\memory.cpp:Memory::MemorySystem::Write:528: unmapped Write8 0x00000000 @ 0x00000A73 at PC 0x010F3548
[   5.187758] HW.Memory <Error> core\memory.cpp:Memory::MemorySystem::Write:528: unmapped Write8 0x00000000 @ 0x00000A74 at PC 0x010F3548
[   5.187759] HW.Memory <Error> core\memory.cpp:Memory::MemorySystem::Write:528: unmapped Write8 0x00000000 @ 0x00000A75 at PC 0x010F3548
[   5.187760] HW.Memory <Error> core\memory.cpp:Memory::MemorySystem::Write:528: unmapped Write8 0x00000000 @ 0x00000A76 at PC 0x010F3548
[   5.187761] HW.Memory <Error> core\memory.cpp:Memory::MemorySystem::Write:528: unmapped Write8 0x00000000 @ 0x00000A77 at PC 0x010F3548
[   5.187762] HW.Memory <Error> core\memory.cpp:Memory::MemorySystem::Write:528: unmapped Write8 0x00000000 @ 0x00000A78 at PC 0x010F3548
[   5.187763] HW.Memory <Error> core\memory.cpp:Memory::MemorySystem::Write:528: unmapped Write8 0x00000000 @ 0x00000A79 at PC 0x010F3548
[   5.187764] HW.Memory <Error> core\memory.cpp:Memory::MemorySystem::Write:528: unmapped Write8 0x00000000 @ 0x00000A7A at PC 0x010F3548
[   5.187765] HW.Memory <Error> core\memory.cpp:Memory::MemorySystem::Write:528: unmapped Write8 0x00000000 @ 0x00000A7B at PC 0x010F3548
[   5.187766] HW.Memory <Error> core\memory.cpp:Memory::MemorySystem::Write:528: unmapped Write8 0x00000000 @ 0x00000A7C at PC 0x010F3548
[   5.187767] HW.Memory <Error> core\memory.cpp:Memory::MemorySystem::Write:528: unmapped Write8 0x00000000 @ 0x00000A7D at PC 0x010F3548
[   5.187767] HW.Memory <Error> core\memory.cpp:Memory::MemorySystem::Write:528: unmapped Write8 0x00000000 @ 0x00000A7E at PC 0x010F3548
[   5.187768] HW.Memory <Error> core\memory.cpp:Memory::MemorySystem::Write:528: unmapped Write8 0x00000000 @ 0x00000A7F at PC 0x010F3548
[   5.187769] HW.Memory <Error> core\memory.cpp:Memory::MemorySystem::Write:528: unmapped Write8 0x00000000 @ 0x00000A80 at PC 0x010F3548
[   5.187770] HW.Memory <Error> core\memory.cpp:Memory::MemorySystem::Write:528: unmapped Write8 0x00000000 @ 0x00000A81 at PC 0x010F3548
[   5.187771] HW.Memory <Error> core\memory.cpp:Memory::MemorySystem::Write:528: unmapped Write8 0x00000000 @ 0x00000A82 at PC 0x010F3548
[   5.187771] HW.Memory <Error> core\memory.cpp:Memory::MemorySystem::Write:528: unmapped Write8 0x00000000 @ 0x00000A83 at PC 0x010F3548
[   5.187772] HW.Memory <Error> core\memory.cpp:Memory::MemorySystem::Write:528: unmapped Write8 0x00000000 @ 0x00000A84 at PC 0x010F3548
[   5.187773] HW.Memory <Error> core\memory.cpp:Memory::MemorySystem::Write:528: unmapped Write8 0x00000000 @ 0x00000A85 at PC 0x010F3548
[   5.187774] HW.Memory <Error> core\memory.cpp:Memory::MemorySystem::Write:528: unmapped Write8 0x00000000 @ 0x00000A86 at PC 0x010F3548
[   5.187774] HW.Memory <Error> core\memory.cpp:Memory::MemorySystem::Write:528: unmapped Write8 0x00000000 @ 0x00000A87 at PC 0x010F3548
[   5.187775] HW.Memory <Error> core\memory.cpp:Memory::MemorySystem::Write:528: unmapped Write8 0x00000000 @ 0x00000A88 at PC 0x010F3548
[   5.187776] HW.Memory <Error> core\memory.cpp:Memory::MemorySystem::Write:528: unmapped Write8 0x00000000 @ 0x00000A89 at PC 0x010F3548
[   5.187777] HW.Memory <Error> core\memory.cpp:Memory::MemorySystem::Write:528: unmapped Write8 0x00000000 @ 0x00000A8A at PC 0x010F3548
[   5.187777] HW.Memory <Error> core\memory.cpp:Memory::MemorySystem::Write:528: unmapped Write8 0x00000000 @ 0x00000A8B at PC 0x010F3548
[   5.187778] HW.Memory <Error> core\memory.cpp:Memory::MemorySystem::Write:528: unmapped Write8 0x00000000 @ 0x00000A8C at PC 0x010F3548
[   5.187779] HW.Memory <Error> core\memory.cpp:Memory::MemorySystem::Write:528: unmapped Write8 0x00000000 @ 0x00000A8D at PC 0x010F3548
[   5.187780] HW.Memory <Error> core\memory.cpp:Memory::MemorySystem::Write:528: unmapped Write8 0x00000000 @ 0x00000A8E at PC 0x010F3548
[   5.187781] HW.Memory <Error> core\memory.cpp:Memory::MemorySystem::Write:528: unmapped Write8 0x00000000 @ 0x00000A8F at PC 0x010F3548
[   5.187782] HW.Memory <Error> core\memory.cpp:Memory::MemorySystem::Write:528: unmapped Write8 0x00000000 @ 0x00000A90 at PC 0x010F3548
[   5.187782] HW.Memory <Error> core\memory.cpp:Memory::MemorySystem::Write:528: unmapped Write8 0x00000000 @ 0x00000A91 at PC 0x010F3548
[   5.187783] HW.Memory <Error> core\memory.cpp:Memory::MemorySystem::Write:528: unmapped Write8 0x00000000 @ 0x00000A92 at PC 0x010F3548
[   5.187783] HW.Memory <Error> core\memory.cpp:Memory::MemorySystem::Write:528: unmapped Write8 0x00000000 @ 0x00000A93 at PC 0x010F3548
[   5.187784] HW.Memory <Error> core\memory.cpp:Memory::MemorySystem::Write:528: unmapped Write8 0x00000000 @ 0x00000A94 at PC 0x010F3548
[   5.187784] HW.Memory <Error> core\memory.cpp:Memory::MemorySystem::Write:528: unmapped Write8 0x00000000 @ 0x00000A95 at PC 0x010F3548
[   5.187785] HW.Memory <Error> core\memory.cpp:Memory::MemorySystem::Write:528: unmapped Write8 0x00000000 @ 0x00000A96 at PC 0x010F3548
[   5.187785] HW.Memory <Error> core\memory.cpp:Memory::MemorySystem::Write:528: unmapped Write8 0x00000000 @ 0x00000A97 at PC 0x010F3548
[   5.187786] HW.Memory <Error> core\memory.cpp:Memory::MemorySystem::Write:528: unmapped Write8 0x00000000 @ 0x00000A98 at PC 0x010F3548
[   5.187786] HW.Memory <Error> core\memory.cpp:Memory::MemorySystem::Write:528: unmapped Write8 0x00000000 @ 0x00000A99 at PC 0x010F3548
[   5.187787] HW.Memory <Error> core\memory.cpp:Memory::MemorySystem::Write:528: unmapped Write8 0x00000000 @ 0x00000A9A at PC 0x010F3548
[   5.187787] HW.Memory <Error> core\memory.cpp:Memory::MemorySystem::Write:528: unmapped Write8 0x00000000 @ 0x00000A9B at PC 0x010F3548
[   5.187788] HW.Memory <Error> core\memory.cpp:Memory::MemorySystem::Write:528: unmapped Write8 0x00000000 @ 0x00000A9C at PC 0x010F3548
[   5.187788] HW.Memory <Error> core\memory.cpp:Memory::MemorySystem::Write:528: unmapped Write8 0x00000000 @ 0x00000A9D at PC 0x010F3548
[   5.187789] HW.Memory <Error> core\memory.cpp:Memory::MemorySystem::Write:528: unmapped Write8 0x00000000 @ 0x00000A9E at PC 0x010F3548
[   5.187789] HW.Memory <Error> core\memory.cpp:Memory::MemorySystem::Write:528: unmapped Write8 0x00000000 @ 0x00000A9F at PC 0x010F3548
[   5.187790] HW.Memory <Error> core\memory.cpp:Memory::MemorySystem::Write:528: unmapped Write8 0x00000000 @ 0x00000AA0 at PC 0x010F3548
[   5.187790] HW.Memory <Error> core\memory.cpp:Memory::MemorySystem::Write:528: unmapped Write8 0x00000000 @ 0x00000AA1 at PC 0x010F3548
[   5.187791] HW.Memory <Error> core\memory.cpp:Memory::MemorySystem::Write:528: unmapped Write8 0x00000000 @ 0x00000AA2 at PC 0x010F3548
[   5.187792] HW.Memory <Error> core\memory.cpp:Memory::MemorySystem::Write:528: unmapped Write8 0x00000000 @ 0x00000AA3 at PC 0x010F3548
[   5.187792] HW.Memory <Error> core\memory.cpp:Memory::MemorySystem::Write:528: unmapped Write8 0x00000000 @ 0x00000AA4 at PC 0x010F3548
[   5.187793] HW.Memory <Error> core\memory.cpp:Memory::MemorySystem::Write:528: unmapped Write8 0x00000000 @ 0x00000AA5 at PC 0x010F3548
[   5.187793] HW.Memory <Error> core\memory.cpp:Memory::MemorySystem::Write:528: unmapped Write8 0x00000000 @ 0x00000AA6 at PC 0x010F3548
[   5.187794] HW.Memory <Error> core\memory.cpp:Memory::MemorySystem::Write:528: unmapped Write8 0x00000000 @ 0x00000AA7 at PC 0x010F3548
[   5.187794] HW.Memory <Error> core\memory.cpp:Memory::MemorySystem::Write:528: unmapped Write8 0x00000000 @ 0x00000AA8 at PC 0x010F3548
[   5.187795] HW.Memory <Error> core\memory.cpp:Memory::MemorySystem::Write:528: unmapped Write8 0x00000000 @ 0x00000AA9 at PC 0x010F3548
[   5.187795] HW.Memory <Error> core\memory.cpp:Memory::MemorySystem::Write:528: unmapped Write8 0x00000000 @ 0x00000AAA at PC 0x010F3548
[   5.187796] HW.Memory <Error> core\memory.cpp:Memory::MemorySystem::Write:528: unmapped Write8 0x00000000 @ 0x00000AAB at PC 0x010F3548
[   5.187797] HW.Memory <Error> core\memory.cpp:Memory::MemorySystem::Write:528: unmapped Write8 0x00000000 @ 0x00000AAC at PC 0x010F3548
[   5.187797] HW.Memory <Error> core\memory.cpp:Memory::MemorySystem::Write:528: unmapped Write8 0x00000000 @ 0x00000AAD at PC 0x010F3548
[   5.187797] HW.Memory <Error> core\memory.cpp:Memory::MemorySystem::Write:528: unmapped Write8 0x00000000 @ 0x00000AAE at PC 0x010F3548
[   5.187798] HW.Memory <Error> core\memory.cpp:Memory::MemorySystem::Write:528: unmapped Write8 0x00000000 @ 0x00000AAF at PC 0x010F3548
[   5.187798] HW.Memory <Error> core\memory.cpp:Memory::MemorySystem::Write:528: unmapped Write8 0x00000000 @ 0x00000AB0 at PC 0x010F3548
[   5.187799] HW.Memory <Error> core\memory.cpp:Memory::MemorySystem::Write:528: unmapped Write8 0x00000000 @ 0x00000AB1 at PC 0x010F3548
[   5.187800] HW.Memory <Error> core\memory.cpp:Memory::MemorySystem::Write:528: unmapped Write8 0x00000000 @ 0x00000AB2 at PC 0x010F3548
[   5.187800] HW.Memory <Error> core\memory.cpp:Memory::MemorySystem::Write:528: unmapped Write8 0x00000000 @ 0x00000AB3 at PC 0x010F3548
[   5.187801] HW.Memory <Error> core\memory.cpp:Memory::MemorySystem::Write:528: unmapped Write8 0x00000000 @ 0x00000AB4 at PC 0x010F3548
[   5.187801] HW.Memory <Error> core\memory.cpp:Memory::MemorySystem::Write:528: unmapped Write8 0x00000000 @ 0x00000AB5 at PC 0x010F3548
[   5.187802] HW.Memory <Error> core\memory.cpp:Memory::MemorySystem::Write:528: unmapped Write8 0x00000000 @ 0x00000AB6 at PC 0x010F3548
[   5.187802] HW.Memory <Error> core\memory.cpp:Memory::MemorySystem::Write:528: unmapped Write8 0x00000000 @ 0x00000AB7 at PC 0x010F3548
[   5.187803] HW.Memory <Error> core\memory.cpp:Memory::MemorySystem::Write:528: unmapped Write8 0x00000000 @ 0x00000AB8 at PC 0x010F3548
[   5.187803] HW.Memory <Error> core\memory.cpp:Memory::MemorySystem::Write:528: unmapped Write8 0x00000000 @ 0x00000AB9 at PC 0x010F3548
[   5.187804] HW.Memory <Error> core\memory.cpp:Memory::MemorySystem::Write:528: unmapped Write8 0x00000000 @ 0x00000ABA at PC 0x010F3548
[   5.187804] HW.Memory <Error> core\memory.cpp:Memory::MemorySystem::Write:528: unmapped Write8 0x00000000 @ 0x00000ABB at PC 0x010F3548
[   5.187805] HW.Memory <Error> core\memory.cpp:Memory::MemorySystem::Write:528: unmapped Write8 0x00000000 @ 0x00000ABC at PC 0x010F3548
[   5.187805] HW.Memory <Error> core\memory.cpp:Memory::MemorySystem::Write:528: unmapped Write8 0x00000000 @ 0x00000ABD at PC 0x010F3548
[   5.187806] HW.Memory <Error> core\memory.cpp:Memory::MemorySystem::Write:528: unmapped Write8 0x00000000 @ 0x00000ABE at PC 0x010F3548
[   5.187806] HW.Memory <Error> core\memory.cpp:Memory::MemorySystem::Write:528: unmapped Write8 0x00000000 @ 0x00000ABF at PC 0x010F3548
[   5.187807] HW.Memory <Error> core\memory.cpp:Memory::MemorySystem::Write:528: unmapped Write8 0x00000000 @ 0x00000AC0 at PC 0x010F3548
[   5.187807] HW.Memory <Error> core\memory.cpp:Memory::MemorySystem::Write:528: unmapped Write8 0x00000000 @ 0x00000AC1 at PC 0x010F3548
[   5.187808] HW.Memory <Error> core\memory.cpp:Memory::MemorySystem::Write:528: unmapped Write8 0x00000000 @ 0x00000AC2 at PC 0x010F3548
[   5.187808] HW.Memory <Error> core\memory.cpp:Memory::MemorySystem::Write:528: unmapped Write8 0x00000000 @ 0x00000AC3 at PC 0x010F3548
[   5.187809] HW.Memory <Error> core\memory.cpp:Memory::MemorySystem::Write:528: unmapped Write8 0x00000000 @ 0x00000AC4 at PC 0x010F3548
[   5.187810] HW.Memory <Error> core\memory.cpp:Memory::MemorySystem::Write:528: unmapped Write8 0x00000000 @ 0x00000AC5 at PC 0x010F3548
[   5.187810] HW.Memory <Error> core\memory.cpp:Memory::MemorySystem::Write:528: unmapped Write8 0x00000000 @ 0x00000AC6 at PC 0x010F3548
[   5.187810] HW.Memory <Error> core\memory.cpp:Memory::MemorySystem::Write:528: unmapped Write8 0x00000000 @ 0x00000AC7 at PC 0x010F3548
[   5.187811] HW.Memory <Error> core\memory.cpp:Memory::MemorySystem::Write:528: unmapped Write8 0x00000000 @ 0x00000AC8 at PC 0x010F3548
[   5.187811] HW.Memory <Error> core\memory.cpp:Memory::MemorySystem::Write:528: unmapped Write8 0x00000000 @ 0x00000AC9 at PC 0x010F3548
[   5.187812] HW.Memory <Error> core\memory.cpp:Memory::MemorySystem::Write:528: unmapped Write8 0x00000000 @ 0x00000ACA at PC 0x010F3548
[   5.187812] HW.Memory <Error> core\memory.cpp:Memory::MemorySystem::Write:528: unmapped Write8 0x00000000 @ 0x00000ACB at PC 0x010F3548
[   5.187813] HW.Memory <Error> core\memory.cpp:Memory::MemorySystem::Write:528: unmapped Write8 0x00000000 @ 0x00000ACC at PC 0x010F3548
[   5.187813] HW.Memory <Error> core\memory.cpp:Memory::MemorySystem::Write:528: unmapped Write8 0x00000000 @ 0x00000ACD at PC 0x010F3548
[   5.187814] HW.Memory <Error> core\memory.cpp:Memory::MemorySystem::Write:528: unmapped Write8 0x00000000 @ 0x00000ACE at PC 0x010F3548
[   5.187814] HW.Memory <Error> core\memory.cpp:Memory::MemorySystem::Write:528: unmapped Write8 0x00000000 @ 0x00000ACF at PC 0x010F3548
[   5.187815] HW.Memory <Error> core\memory.cpp:Memory::MemorySystem::Write:528: unmapped Write8 0x00000000 @ 0x00000AD0 at PC 0x010F3548
[   5.187815] HW.Memory <Error> core\memory.cpp:Memory::MemorySystem::Write:528: unmapped Write8 0x00000000 @ 0x00000AD1 at PC 0x010F3548
[   5.187816] HW.Memory <Error> core\memory.cpp:Memory::MemorySystem::Write:528: unmapped Write8 0x00000000 @ 0x00000AD2 at PC 0x010F3548
[   5.187816] HW.Memory <Error> core\memory.cpp:Memory::MemorySystem::Write:528: unmapped Write8 0x00000000 @ 0x00000AD3 at PC 0x010F3548
[   5.187816] HW.Memory <Error> core\memory.cpp:Memory::MemorySystem::Write:528: unmapped Write8 0x00000000 @ 0x00000AD4 at PC 0x010F3548
[   5.187817] HW.Memory <Error> core\memory.cpp:Memory::MemorySystem::Write:528: unmapped Write8 0x00000000 @ 0x00000AD5 at PC 0x010F3548
[   5.187818] HW.Memory <Error> core\memory.cpp:Memory::MemorySystem::Write:528: unmapped Write8 0x00000000 @ 0x00000AD6 at PC 0x010F3548
[   5.187818] HW.Memory <Error> core\memory.cpp:Memory::MemorySystem::Write:528: unmapped Write8 0x00000000 @ 0x00000AD7 at PC 0x010F3548
[   5.187819] HW.Memory <Error> core\memory.cpp:Memory::MemorySystem::Write:528: unmapped Write8 0x00000000 @ 0x00000AD8 at PC 0x010F3548
[   5.187819] HW.Memory <Error> core\memory.cpp:Memory::MemorySystem::Write:528: unmapped Write8 0x00000000 @ 0x00000AD9 at PC 0x010F3548
[   5.187820] HW.Memory <Error> core\memory.cpp:Memory::MemorySystem::Write:528: unmapped Write8 0x00000000 @ 0x00000ADA at PC 0x010F3548
[   5.187820] HW.Memory <Error> core\memory.cpp:Memory::MemorySystem::Write:528: unmapped Write8 0x00000000 @ 0x00000ADB at PC 0x010F3548
[   5.187821] HW.Memory <Error> core\memory.cpp:Memory::MemorySystem::Write:528: unmapped Write8 0x00000000 @ 0x00000ADC at PC 0x010F3548
[   5.187821] HW.Memory <Error> core\memory.cpp:Memory::MemorySystem::Write:528: unmapped Write8 0x00000000 @ 0x00000ADD at PC 0x010F3548
[   5.187822] HW.Memory <Error> core\memory.cpp:Memory::MemorySystem::Write:528: unmapped Write8 0x00000000 @ 0x00000ADE at PC 0x010F3548
[   5.187822] HW.Memory <Error> core\memory.cpp:Memory::MemorySystem::Write:528: unmapped Write8 0x00000000 @ 0x00000ADF at PC 0x010F3548
[   5.187823] HW.Memory <Error> core\memory.cpp:Memory::MemorySystem::Write:528: unmapped Write8 0x00000000 @ 0x00000AE0 at PC 0x010F3548
[   5.187823] HW.Memory <Error> core\memory.cpp:Memory::MemorySystem::Write:528: unmapped Write8 0x00000000 @ 0x00000AE1 at PC 0x010F3548
[   5.187824] HW.Memory <Error> core\memory.cpp:Memory::MemorySystem::Write:528: unmapped Write8 0x00000000 @ 0x00000AE2 at PC 0x010F3548
[   5.187824] HW.Memory <Error> core\memory.cpp:Memory::MemorySystem::Write:528: unmapped Write8 0x00000000 @ 0x00000AE3 at PC 0x010F3548
[   5.187825] HW.Memory <Error> core\memory.cpp:Memory::MemorySystem::Write:528: unmapped Write8 0x00000000 @ 0x00000AE4 at PC 0x010F3548
[   5.187825] HW.Memory <Error> core\memory.cpp:Memory::MemorySystem::Write:528: unmapped Write8 0x00000000 @ 0x00000AE5 at PC 0x010F3548
[   5.187825] HW.Memory <Error> core\memory.cpp:Memory::MemorySystem::Write:528: unmapped Write8 0x00000000 @ 0x00000AE6 at PC 0x010F3548
[   5.187826] HW.Memory <Error> core\memory.cpp:Memory::MemorySystem::Write:528: unmapped Write8 0x00000000 @ 0x00000AE7 at PC 0x010F3548
[   5.187826] HW.Memory <Error> core\memory.cpp:Memory::MemorySystem::Write:528: unmapped Write8 0x00000000 @ 0x00000AE8 at PC 0x010F3548
[   5.187827] HW.Memory <Error> core\memory.cpp:Memory::MemorySystem::Write:528: unmapped Write8 0x00000000 @ 0x00000AE9 at PC 0x010F3548
[   5.187828] HW.Memory <Error> core\memory.cpp:Memory::MemorySystem::Write:528: unmapped Write8 0x00000000 @ 0x00000AEA at PC 0x010F3548
[   5.187828] HW.Memory <Error> core\memory.cpp:Memory::MemorySystem::Write:528: unmapped Write8 0x00000000 @ 0x00000AEB at PC 0x010F3548
[   5.187829] HW.Memory <Error> core\memory.cpp:Memory::MemorySystem::Write:528: unmapped Write8 0x00000000 @ 0x00000AEC at PC 0x010F3548
[   5.187829] HW.Memory <Error> core\memory.cpp:Memory::MemorySystem::Write:528: unmapped Write8 0x00000000 @ 0x00000AED at PC 0x010F3548
[   5.187830] HW.Memory <Error> core\memory.cpp:Memory::MemorySystem::Write:528: unmapped Write8 0x00000000 @ 0x00000AEE at PC 0x010F3548
[   5.187830] HW.Memory <Error> core\memory.cpp:Memory::MemorySystem::Write:528: unmapped Write8 0x00000000 @ 0x00000AEF at PC 0x010F3548
[   5.187831] HW.Memory <Error> core\memory.cpp:Memory::MemorySystem::Write:528: unmapped Write8 0x00000000 @ 0x00000AF0 at PC 0x010F3548
[   5.187831] HW.Memory <Error> core\memory.cpp:Memory::MemorySystem::Write:528: unmapped Write8 0x00000000 @ 0x00000AF1 at PC 0x010F3548
[   5.187832] HW.Memory <Error> core\memory.cpp:Memory::MemorySystem::Write:528: unmapped Write8 0x00000000 @ 0x00000AF2 at PC 0x010F3548
[   5.187832] HW.Memory <Error> core\memory.cpp:Memory::MemorySystem::Write:528: unmapped Write8 0x00000000 @ 0x00000AF3 at PC 0x010F3548
[   5.187833] HW.Memory <Error> core\memory.cpp:Memory::MemorySystem::Write:528: unmapped Write8 0x00000000 @ 0x00000AF4 at PC 0x010F3548
[   5.187833] HW.Memory <Error> core\memory.cpp:Memory::MemorySystem::Write:528: unmapped Write8 0x00000000 @ 0x00000AF5 at PC 0x010F3548
[   5.187834] HW.Memory <Error> core\memory.cpp:Memory::MemorySystem::Write:528: unmapped Write8 0x00000000 @ 0x00000AF6 at PC 0x010F3548
[   5.187834] HW.Memory <Error> core\memory.cpp:Memory::MemorySystem::Write:528: unmapped Write8 0x00000000 @ 0x00000AF7 at PC 0x010F3548
[   5.187835] HW.Memory <Error> core\memory.cpp:Memory::MemorySystem::Write:528: unmapped Write8 0x00000000 @ 0x00000AF8 at PC 0x010F3548
[   5.187835] HW.Memory <Error> core\memory.cpp:Memory::MemorySystem::Write:528: unmapped Write8 0x00000000 @ 0x00000AF9 at PC 0x010F3548
[   5.187836] HW.Memory <Error> core\memory.cpp:Memory::MemorySystem::Write:528: unmapped Write8 0x00000000 @ 0x00000AFA at PC 0x010F3548
[   5.187836] HW.Memory <Error> core\memory.cpp:Memory::MemorySystem::Write:528: unmapped Write8 0x00000000 @ 0x00000AFB at PC 0x010F3548
[   5.187837] HW.Memory <Error> core\memory.cpp:Memory::MemorySystem::Write:528: unmapped Write8 0x00000000 @ 0x00000AFC at PC 0x010F3548
[   5.187837] HW.Memory <Error> core\memory.cpp:Memory::MemorySystem::Write:528: unmapped Write8 0x00000000 @ 0x00000AFD at PC 0x010F3548
[   5.187838] HW.Memory <Error> core\memory.cpp:Memory::MemorySystem::Write:528: unmapped Write8 0x00000000 @ 0x00000AFE at PC 0x010F3548
[   5.187839] HW.Memory <Error> core\memory.cpp:Memory::MemorySystem::Write:528: unmapped Write8 0x00000000 @ 0x00000AFF at PC 0x010F3548
[   5.187839] HW.Memory <Error> core\memory.cpp:Memory::MemorySystem::Write:528: unmapped Write8 0x00000000 @ 0x00000B00 at PC 0x010F3548
[   5.187839] HW.Memory <Error> core\memory.cpp:Memory::MemorySystem::Write:528: unmapped Write8 0x00000000 @ 0x00000B01 at PC 0x010F3548
[   5.187840] HW.Memory <Error> core\memory.cpp:Memory::MemorySystem::Write:528: unmapped Write8 0x00000000 @ 0x00000B02 at PC 0x010F3548
[   5.187840] HW.Memory <Error> core\memory.cpp:Memory::MemorySystem::Write:528: unmapped Write8 0x00000000 @ 0x00000B03 at PC 0x010F3548
[   5.187841] HW.Memory <Error> core\memory.cpp:Memory::MemorySystem::Write:528: unmapped Write8 0x00000000 @ 0x00000B04 at PC 0x010F3548
[   5.187841] HW.Memory <Error> core\memory.cpp:Memory::MemorySystem::Write:528: unmapped Write8 0x00000000 @ 0x00000B05 at PC 0x010F3548
[   5.187842] HW.Memory <Error> core\memory.cpp:Memory::MemorySystem::Write:528: unmapped Write8 0x00000000 @ 0x00000B06 at PC 0x010F3548
[   5.187842] HW.Memory <Error> core\memory.cpp:Memory::MemorySystem::Write:528: unmapped Write8 0x00000000 @ 0x00000B07 at PC 0x010F3548
[   5.187843] HW.Memory <Error> core\memory.cpp:Memory::MemorySystem::Write:528: unmapped Write8 0x00000000 @ 0x00000B08 at PC 0x010F3548
[   5.187843] HW.Memory <Error> core\memory.cpp:Memory::MemorySystem::Write:528: unmapped Write8 0x00000000 @ 0x00000B09 at PC 0x010F3548
[   5.187844] HW.Memory <Error> core\memory.cpp:Memory::MemorySystem::Write:528: unmapped Write8 0x00000000 @ 0x00000B0A at PC 0x010F3548
[   5.187845] HW.Memory <Error> core\memory.cpp:Memory::MemorySystem::Write:528: unmapped Write8 0x00000000 @ 0x00000B0B at PC 0x010F3548
[   5.187845] HW.Memory <Error> core\memory.cpp:Memory::MemorySystem::Write:528: unmapped Write8 0x00000000 @ 0x00000B0C at PC 0x010F3548
[   5.187846] HW.Memory <Error> core\memory.cpp:Memory::MemorySystem::Write:528: unmapped Write8 0x00000000 @ 0x00000B0D at PC 0x010F3548
[   5.187846] HW.Memory <Error> core\memory.cpp:Memory::MemorySystem::Write:528: unmapped Write8 0x00000000 @ 0x00000B0E at PC 0x010F3548
[   5.187847] HW.Memory <Error> core\memory.cpp:Memory::MemorySystem::Write:528: unmapped Write8 0x00000000 @ 0x00000B0F at PC 0x010F3548
[   5.187847] HW.Memory <Error> core\memory.cpp:Memory::MemorySystem::Write:528: unmapped Write8 0x00000000 @ 0x00000B10 at PC 0x010F3548
[   5.187848] HW.Memory <Error> core\memory.cpp:Memory::MemorySystem::Write:528: unmapped Write8 0x00000000 @ 0x00000B11 at PC 0x010F3548
[   5.187848] HW.Memory <Error> core\memory.cpp:Memory::MemorySystem::Write:528: unmapped Write8 0x00000000 @ 0x00000B12 at PC 0x010F3548
[   5.187849] HW.Memory <Error> core\memory.cpp:Memory::MemorySystem::Write:528: unmapped Write8 0x00000000 @ 0x00000B13 at PC 0x010F3548
[   5.187849] HW.Memory <Error> core\memory.cpp:Memory::MemorySystem::Write:528: unmapped Write8 0x00000000 @ 0x00000B14 at PC 0x010F3548
[   5.187849] HW.Memory <Error> core\memory.cpp:Memory::MemorySystem::Write:528: unmapped Write8 0x00000000 @ 0x00000B15 at PC 0x010F3548
[   5.187850] HW.Memory <Error> core\memory.cpp:Memory::MemorySystem::Write:528: unmapped Write8 0x00000000 @ 0x00000B16 at PC 0x010F3548
[   5.187851] HW.Memory <Error> core\memory.cpp:Memory::MemorySystem::Write:528: unmapped Write8 0x00000000 @ 0x00000B17 at PC 0x010F3548
[   5.187851] HW.Memory <Error> core\memory.cpp:Memory::MemorySystem::Write:528: unmapped Write8 0x00000000 @ 0x00000B18 at PC 0x010F3548
[   5.187852] HW.Memory <Error> core\memory.cpp:Memory::MemorySystem::Write:528: unmapped Write8 0x00000000 @ 0x00000B19 at PC 0x010F3548
[   5.187852] HW.Memory <Error> core\memory.cpp:Memory::MemorySystem::Write:528: unmapped Write8 0x00000000 @ 0x00000B1A at PC 0x010F3548
[   5.187853] HW.Memory <Error> core\memory.cpp:Memory::MemorySystem::Write:528: unmapped Write8 0x00000000 @ 0x00000B1B at PC 0x010F3548
[   5.187880] HW.Memory <Error> core\memory.cpp:Memory::MemorySystem::Write:528: unmapped Write8 0x00000000 @ 0x00000B1C at PC 0x010F3548
[   5.187881] HW.Memory <Error> core\memory.cpp:Memory::MemorySystem::Write:528: unmapped Write8 0x00000000 @ 0x00000B1D at PC 0x010F3548
[   5.187881] HW.Memory <Error> core\memory.cpp:Memory::MemorySystem::Write:528: unmapped Write8 0x00000000 @ 0x00000B1E at PC 0x010F3548
[   5.187881] HW.Memory <Error> core\memory.cpp:Memory::MemorySystem::Write:528: unmapped Write8 0x00000000 @ 0x00000B1F at PC 0x010F3548
[   5.187882] HW.Memory <Error> core\memory.cpp:Memory::MemorySystem::Write:528: unmapped Write8 0x00000000 @ 0x00000B20 at PC 0x010F3548
[   5.187882] HW.Memory <Error> core\memory.cpp:Memory::MemorySystem::Write:528: unmapped Write8 0x00000000 @ 0x00000B21 at PC 0x010F3548
[   5.187883] HW.Memory <Error> core\memory.cpp:Memory::MemorySystem::Write:528: unmapped Write8 0x00000000 @ 0x00000B22 at PC 0x010F3548
[   5.187883] HW.Memory <Error> core\memory.cpp:Memory::MemorySystem::Write:528: unmapped Write8 0x00000000 @ 0x00000B23 at PC 0x010F3548
[   5.187884] HW.Memory <Error> core\memory.cpp:Memory::MemorySystem::Write:528: unmapped Write8 0x00000000 @ 0x00000B24 at PC 0x010F3548
[   5.187884] HW.Memory <Error> core\memory.cpp:Memory::MemorySystem::Write:528: unmapped Write8 0x00000000 @ 0x00000B25 at PC 0x010F3548
[   5.187885] HW.Memory <Error> core\memory.cpp:Memory::MemorySystem::Write:528: unmapped Write8 0x00000000 @ 0x00000B26 at PC 0x010F3548
[   5.187886] HW.Memory <Error> core\memory.cpp:Memory::MemorySystem::Write:528: unmapped Write8 0x00000000 @ 0x00000B27 at PC 0x010F3548
[   5.187886] HW.Memory <Error> core\memory.cpp:Memory::MemorySystem::Write:528: unmapped Write8 0x00000000 @ 0x00000B28 at PC 0x010F3548
[   5.187886] HW.Memory <Error> core\memory.cpp:Memory::MemorySystem::Write:528: unmapped Write8 0x00000000 @ 0x00000B29 at PC 0x010F3548
[   5.187887] HW.Memory <Error> core\memory.cpp:Memory::MemorySystem::Write:528: unmapped Write8 0x00000000 @ 0x00000B2A at PC 0x010F3548
[   5.187888] HW.Memory <Error> core\memory.cpp:Memory::MemorySystem::Write:528: unmapped Write8 0x00000000 @ 0x00000B2B at PC 0x010F3548
[   5.187888] HW.Memory <Error> core\memory.cpp:Memory::MemorySystem::Write:528: unmapped Write8 0x00000000 @ 0x00000B2C at PC 0x010F3548
[   5.187889] HW.Memory <Error> core\memory.cpp:Memory::MemorySystem::Write:528: unmapped Write8 0x00000000 @ 0x00000B2D at PC 0x010F3548
[   5.187889] HW.Memory <Error> core\memory.cpp:Memory::MemorySystem::Write:528: unmapped Write8 0x00000000 @ 0x00000B2E at PC 0x010F3548
[   5.187890] HW.Memory <Error> core\memory.cpp:Memory::MemorySystem::Write:528: unmapped Write8 0x00000000 @ 0x00000B2F at PC 0x010F3548
[   5.187890] HW.Memory <Error> core\memory.cpp:Memory::MemorySystem::Write:528: unmapped Write8 0x00000000 @ 0x00000B30 at PC 0x010F3548
[   5.187891] HW.Memory <Error> core\memory.cpp:Memory::MemorySystem::Write:528: unmapped Write8 0x00000000 @ 0x00000B31 at PC 0x010F3548
[   5.187891] HW.Memory <Error> core\memory.cpp:Memory::MemorySystem::Write:528: unmapped Write8 0x00000000 @ 0x00000B32 at PC 0x010F3548
[   5.187892] HW.Memory <Error> core\memory.cpp:Memory::MemorySystem::Write:528: unmapped Write8 0x00000000 @ 0x00000B33 at PC 0x010F3548
[   5.187892] HW.Memory <Error> core\memory.cpp:Memory::MemorySystem::Write:528: unmapped Write8 0x00000000 @ 0x00000B34 at PC 0x010F3548
[   5.187893] HW.Memory <Error> core\memory.cpp:Memory::MemorySystem::Write:528: unmapped Write8 0x00000000 @ 0x00000B35 at PC 0x010F3548
[   5.187893] HW.Memory <Error> core\memory.cpp:Memory::MemorySystem::Write:528: unmapped Write8 0x00000000 @ 0x00000B36 at PC 0x010F3548
[   5.187894] HW.Memory <Error> core\memory.cpp:Memory::MemorySystem::Write:528: unmapped Write8 0x00000000 @ 0x00000B37 at PC 0x010F3548
[   5.187896] HW.Memory <Error> core\memory.cpp:Memory::MemorySystem::Write:528: unmapped Write8 0x00000000 @ 0x00000B38 at PC 0x010F3548
[   5.187897] HW.Memory <Error> core\memory.cpp:Memory::MemorySystem::Write:528: unmapped Write8 0x00000000 @ 0x00000B39 at PC 0x010F3548
[   5.187898] HW.Memory <Error> core\memory.cpp:Memory::MemorySystem::Write:528: unmapped Write8 0x00000000 @ 0x00000B3A at PC 0x010F3548
[   5.187900] HW.Memory <Error> core\memory.cpp:Memory::MemorySystem::Write:528: unmapped Write8 0x00000000 @ 0x00000B3B at PC 0x010F3548
[   5.187900] HW.Memory <Error> core\memory.cpp:Memory::MemorySystem::Write:528: unmapped Write8 0x00000000 @ 0x00000B3C at PC 0x010F3548
[   5.187901] HW.Memory <Error> core\memory.cpp:Memory::MemorySystem::Write:528: unmapped Write8 0x00000000 @ 0x00000B3D at PC 0x010F3548
[   5.187902] HW.Memory <Error> core\memory.cpp:Memory::MemorySystem::Write:528: unmapped Write8 0x00000000 @ 0x00000B3E at PC 0x010F3548
[   5.187902] HW.Memory <Error> core\memory.cpp:Memory::MemorySystem::Write:528: unmapped Write8 0x00000000 @ 0x00000B3F at PC 0x010F3548
[   5.187903] HW.Memory <Error> core\memory.cpp:Memory::MemorySystem::Write:528: unmapped Write8 0x00000000 @ 0x00000B40 at PC 0x010F3548
[   5.187903] HW.Memory <Error> core\memory.cpp:Memory::MemorySystem::Write:528: unmapped Write8 0x00000000 @ 0x00000B41 at PC 0x010F3548
[   5.187904] HW.Memory <Error> core\memory.cpp:Memory::MemorySystem::Write:528: unmapped Write8 0x00000000 @ 0x00000B42 at PC 0x010F3548
[   5.187904] HW.Memory <Error> core\memory.cpp:Memory::MemorySystem::Write:528: unmapped Write8 0x00000000 @ 0x00000B43 at PC 0x010F3548
[   5.187905] HW.Memory <Error> core\memory.cpp:Memory::MemorySystem::Write:528: unmapped Write8 0x00000000 @ 0x00000B44 at PC 0x010F3548
[   5.187905] HW.Memory <Error> core\memory.cpp:Memory::MemorySystem::Write:528: unmapped Write8 0x00000000 @ 0x00000B45 at PC 0x010F3548
[   5.187906] HW.Memory <Error> core\memory.cpp:Memory::MemorySystem::Write:528: unmapped Write8 0x00000000 @ 0x00000B46 at PC 0x010F3548
[   5.187906] HW.Memory <Error> core\memory.cpp:Memory::MemorySystem::Write:528: unmapped Write8 0x00000000 @ 0x00000B47 at PC 0x010F3548
[   5.187907] HW.Memory <Error> core\memory.cpp:Memory::MemorySystem::Write:528: unmapped Write8 0x00000000 @ 0x00000B48 at PC 0x010F3548
[   5.187907] HW.Memory <Error> core\memory.cpp:Memory::MemorySystem::Write:528: unmapped Write8 0x00000000 @ 0x00000B49 at PC 0x010F3548
[   5.187908] HW.Memory <Error> core\memory.cpp:Memory::MemorySystem::Write:528: unmapped Write8 0x00000000 @ 0x00000B4A at PC 0x010F3548
[   5.187908] HW.Memory <Error> core\memory.cpp:Memory::MemorySystem::Write:528: unmapped Write8 0x00000000 @ 0x00000B4B at PC 0x010F3548
[   5.187909] HW.Memory <Error> core\memory.cpp:Memory::MemorySystem::Write:528: unmapped Write8 0x00000000 @ 0x00000B4C at PC 0x010F3548
[   5.187909] HW.Memory <Error> core\memory.cpp:Memory::MemorySystem::Write:528: unmapped Write8 0x00000000 @ 0x00000B4D at PC 0x010F3548
[   5.187910] HW.Memory <Error> core\memory.cpp:Memory::MemorySystem::Write:528: unmapped Write8 0x00000000 @ 0x00000B4E at PC 0x010F3548
[   5.187910] HW.Memory <Error> core\memory.cpp:Memory::MemorySystem::Write:528: unmapped Write8 0x00000000 @ 0x00000B4F at PC 0x010F3548
[   5.187911] HW.Memory <Error> core\memory.cpp:Memory::MemorySystem::Write:528: unmapped Write8 0x00000000 @ 0x00000B50 at PC 0x010F3548
[   5.187911] HW.Memory <Error> core\memory.cpp:Memory::MemorySystem::Write:528: unmapped Write8 0x00000000 @ 0x00000B51 at PC 0x010F3548
[   5.187912] HW.Memory <Error> core\memory.cpp:Memory::MemorySystem::Write:528: unmapped Write8 0x00000000 @ 0x00000B52 at PC 0x010F3548
[   5.187912] HW.Memory <Error> core\memory.cpp:Memory::MemorySystem::Write:528: unmapped Write8 0x00000000 @ 0x00000B53 at PC 0x010F3548
[   5.187913] HW.Memory <Error> core\memory.cpp:Memory::MemorySystem::Write:528: unmapped Write8 0x00000000 @ 0x00000B54 at PC 0x010F3548
[   5.187913] HW.Memory <Error> core\memory.cpp:Memory::MemorySystem::Write:528: unmapped Write8 0x00000000 @ 0x00000B55 at PC 0x010F3548
[   5.187914] HW.Memory <Error> core\memory.cpp:Memory::MemorySystem::Write:528: unmapped Write8 0x00000000 @ 0x00000B56 at PC 0x010F3548
[   5.187914] HW.Memory <Error> core\memory.cpp:Memory::MemorySystem::Write:528: unmapped Write8 0x00000000 @ 0x00000B57 at PC 0x010F3548
[   5.187914] HW.Memory <Error> core\memory.cpp:Memory::MemorySystem::Write:528: unmapped Write8 0x00000000 @ 0x00000B58 at PC 0x010F3548
[   5.187915] HW.Memory <Error> core\memory.cpp:Memory::MemorySystem::Write:528: unmapped Write8 0x00000000 @ 0x00000B59 at PC 0x010F3548
[   5.187915] HW.Memory <Error> core\memory.cpp:Memory::MemorySystem::Write:528: unmapped Write8 0x00000000 @ 0x00000B5A at PC 0x010F3548
[   5.187916] HW.Memory <Error> core\memory.cpp:Memory::MemorySystem::Write:528: unmapped Write8 0x00000000 @ 0x00000B5B at PC 0x010F3548
[   5.187916] HW.Memory <Error> core\memory.cpp:Memory::MemorySystem::Write:528: unmapped Write8 0x00000000 @ 0x00000B5C at PC 0x010F3548
[   5.187917] HW.Memory <Error> core\memory.cpp:Memory::MemorySystem::Write:528: unmapped Write8 0x00000000 @ 0x00000B5D at PC 0x010F3548
[   5.187917] HW.Memory <Error> core\memory.cpp:Memory::MemorySystem::Write:528: unmapped Write8 0x00000000 @ 0x00000B5E at PC 0x010F3548
[   5.187918] HW.Memory <Error> core\memory.cpp:Memory::MemorySystem::Write:528: unmapped Write8 0x00000000 @ 0x00000B5F at PC 0x010F3548
[   5.187918] HW.Memory <Error> core\memory.cpp:Memory::MemorySystem::Write:528: unmapped Write8 0x00000000 @ 0x00000B60 at PC 0x010F3548
[   5.187919] HW.Memory <Error> core\memory.cpp:Memory::MemorySystem::Write:528: unmapped Write8 0x00000000 @ 0x00000B61 at PC 0x010F3548
[   5.187919] HW.Memory <Error> core\memory.cpp:Memory::MemorySystem::Write:528: unmapped Write8 0x00000000 @ 0x00000B62 at PC 0x010F3548
[   5.187920] HW.Memory <Error> core\memory.cpp:Memory::MemorySystem::Write:528: unmapped Write8 0x00000000 @ 0x00000B63 at PC 0x010F3548
[   5.187920] HW.Memory <Error> core\memory.cpp:Memory::MemorySystem::Write:528: unmapped Write8 0x00000000 @ 0x00000B64 at PC 0x010F3548
[   5.187921] HW.Memory <Error> core\memory.cpp:Memory::MemorySystem::Write:528: unmapped Write8 0x00000000 @ 0x00000B65 at PC 0x010F3548
[   5.187922] HW.Memory <Error> core\memory.cpp:Memory::MemorySystem::Write:528: unmapped Write8 0x00000000 @ 0x00000B66 at PC 0x010F3548
[   5.187922] HW.Memory <Error> core\memory.cpp:Memory::MemorySystem::Write:528: unmapped Write8 0x00000000 @ 0x00000B67 at PC 0x010F3548
[   5.187923] HW.Memory <Error> core\memory.cpp:Memory::MemorySystem::Write:528: unmapped Write8 0x00000000 @ 0x00000B68 at PC 0x010F3548
[   5.187923] HW.Memory <Error> core\memory.cpp:Memory::MemorySystem::Write:528: unmapped Write8 0x00000000 @ 0x00000B69 at PC 0x010F3548
[   5.187924] HW.Memory <Error> core\memory.cpp:Memory::MemorySystem::Write:528: unmapped Write8 0x00000000 @ 0x00000B6A at PC 0x010F3548
[   5.187924] HW.Memory <Error> core\memory.cpp:Memory::MemorySystem::Write:528: unmapped Write8 0x00000000 @ 0x00000B6B at PC 0x010F3548
[   5.187925] HW.Memory <Error> core\memory.cpp:Memory::MemorySystem::Write:528: unmapped Write8 0x00000000 @ 0x00000B6C at PC 0x010F3548
[   5.187925] HW.Memory <Error> core\memory.cpp:Memory::MemorySystem::Write:528: unmapped Write8 0x00000000 @ 0x00000B6D at PC 0x010F3548
[   5.187926] HW.Memory <Error> core\memory.cpp:Memory::MemorySystem::Write:528: unmapped Write8 0x00000000 @ 0x00000B6E at PC 0x010F3548
[   5.187926] HW.Memory <Error> core\memory.cpp:Memory::MemorySystem::Write:528: unmapped Write8 0x00000000 @ 0x00000B6F at PC 0x010F3548
[   5.187927] HW.Memory <Error> core\memory.cpp:Memory::MemorySystem::Write:528: unmapped Write8 0x00000000 @ 0x00000B70 at PC 0x010F3548
[   5.187927] HW.Memory <Error> core\memory.cpp:Memory::MemorySystem::Write:528: unmapped Write8 0x00000000 @ 0x00000B71 at PC 0x010F3548
[   5.187928] HW.Memory <Error> core\memory.cpp:Memory::MemorySystem::Write:528: unmapped Write8 0x00000000 @ 0x00000B72 at PC 0x010F3548
[   5.187928] HW.Memory <Error> core\memory.cpp:Memory::MemorySystem::Write:528: unmapped Write8 0x00000000 @ 0x00000B73 at PC 0x010F3548
[   5.187929] HW.Memory <Error> core\memory.cpp:Memory::MemorySystem::Write:528: unmapped Write8 0x00000000 @ 0x00000B74 at PC 0x010F3548
[   5.187929] HW.Memory <Error> core\memory.cpp:Memory::MemorySystem::Write:528: unmapped Write8 0x00000000 @ 0x00000B75 at PC 0x010F3548
[   5.187930] HW.Memory <Error> core\memory.cpp:Memory::MemorySystem::Write:528: unmapped Write8 0x00000000 @ 0x00000B76 at PC 0x010F3548
[   5.187930] HW.Memory <Error> core\memory.cpp:Memory::MemorySystem::Write:528: unmapped Write8 0x00000000 @ 0x00000B77 at PC 0x010F3548
[   5.187931] HW.Memory <Error> core\memory.cpp:Memory::MemorySystem::Write:528: unmapped Write8 0x00000000 @ 0x00000B78 at PC 0x010F3548
[   5.187931] HW.Memory <Error> core\memory.cpp:Memory::MemorySystem::Write:528: unmapped Write8 0x00000000 @ 0x00000B79 at PC 0x010F3548
[   5.187932] HW.Memory <Error> core\memory.cpp:Memory::MemorySystem::Write:528: unmapped Write8 0x00000000 @ 0x00000B7A at PC 0x010F3548
[   5.187932] HW.Memory <Error> core\memory.cpp:Memory::MemorySystem::Write:528: unmapped Write8 0x00000000 @ 0x00000B7B at PC 0x010F3548
[   5.187933] HW.Memory <Error> core\memory.cpp:Memory::MemorySystem::Write:528: unmapped Write8 0x00000000 @ 0x00000B7C at PC 0x010F3548
[   5.187933] HW.Memory <Error> core\memory.cpp:Memory::MemorySystem::Write:528: unmapped Write8 0x00000000 @ 0x00000B7D at PC 0x010F3548
[   5.187934] HW.Memory <Error> core\memory.cpp:Memory::MemorySystem::Write:528: unmapped Write8 0x00000000 @ 0x00000B7E at PC 0x010F3548
[   5.187934] HW.Memory <Error> core\memory.cpp:Memory::MemorySystem::Write:528: unmapped Write8 0x00000000 @ 0x00000B7F at PC 0x010F3548
[   5.187935] HW.Memory <Error> core\memory.cpp:Memory::MemorySystem::Write:528: unmapped Write8 0x00000000 @ 0x00000B80 at PC 0x010F3548
[   5.187935] HW.Memory <Error> core\memory.cpp:Memory::MemorySystem::Write:528: unmapped Write8 0x00000000 @ 0x00000B81 at PC 0x010F3548
[   5.187936] HW.Memory <Error> core\memory.cpp:Memory::MemorySystem::Write:528: unmapped Write8 0x00000000 @ 0x00000B82 at PC 0x010F3548
[   5.187936] HW.Memory <Error> core\memory.cpp:Memory::MemorySystem::Write:528: unmapped Write8 0x00000000 @ 0x00000B83 at PC 0x010F3548
[   5.187936] HW.Memory <Error> core\memory.cpp:Memory::MemorySystem::Write:528: unmapped Write8 0x00000000 @ 0x00000B84 at PC 0x010F3548
[   5.187937] HW.Memory <Error> core\memory.cpp:Memory::MemorySystem::Write:528: unmapped Write8 0x00000000 @ 0x00000B85 at PC 0x010F3548
[   5.187937] HW.Memory <Error> core\memory.cpp:Memory::MemorySystem::Write:528: unmapped Write8 0x00000000 @ 0x00000B86 at PC 0x010F3548
[   5.187938] HW.Memory <Error> core\memory.cpp:Memory::MemorySystem::Write:528: unmapped Write8 0x00000000 @ 0x00000B87 at PC 0x010F3548
[   5.187938] HW.Memory <Error> core\memory.cpp:Memory::MemorySystem::Write:528: unmapped Write8 0x00000000 @ 0x00000B88 at PC 0x010F3548
[   5.187939] HW.Memory <Error> core\memory.cpp:Memory::MemorySystem::Write:528: unmapped Write8 0x00000000 @ 0x00000B89 at PC 0x010F3548
[   5.187939] HW.Memory <Error> core\memory.cpp:Memory::MemorySystem::Write:528: unmapped Write8 0x00000000 @ 0x00000B8A at PC 0x010F3548
[   5.187940] HW.Memory <Error> core\memory.cpp:Memory::MemorySystem::Write:528: unmapped Write8 0x00000000 @ 0x00000B8B at PC 0x010F3548
[   5.187940] HW.Memory <Error> core\memory.cpp:Memory::MemorySystem::Write:528: unmapped Write8 0x00000000 @ 0x00000B8C at PC 0x010F3548
[   5.187941] HW.Memory <Error> core\memory.cpp:Memory::MemorySystem::Write:528: unmapped Write8 0x00000000 @ 0x00000B8D at PC 0x010F3548
[   5.187942] HW.Memory <Error> core\memory.cpp:Memory::MemorySystem::Write:528: unmapped Write8 0x00000000 @ 0x00000B8E at PC 0x010F3548
[   5.187942] HW.Memory <Error> core\memory.cpp:Memory::MemorySystem::Write:528: unmapped Write8 0x00000000 @ 0x00000B8F at PC 0x010F3548
[   5.187942] HW.Memory <Error> core\memory.cpp:Memory::MemorySystem::Write:528: unmapped Write8 0x00000000 @ 0x00000B90 at PC 0x010F3548
[   5.187943] HW.Memory <Error> core\memory.cpp:Memory::MemorySystem::Write:528: unmapped Write8 0x00000000 @ 0x00000B91 at PC 0x010F3548
[   5.187943] HW.Memory <Error> core\memory.cpp:Memory::MemorySystem::Write:528: unmapped Write8 0x00000000 @ 0x00000B92 at PC 0x010F3548
[   5.187944] HW.Memory <Error> core\memory.cpp:Memory::MemorySystem::Write:528: unmapped Write8 0x00000000 @ 0x00000B93 at PC 0x010F3548
[   5.187944] HW.Memory <Error> core\memory.cpp:Memory::MemorySystem::Write:528: unmapped Write8 0x00000000 @ 0x00000B94 at PC 0x010F3548
[   5.187945] HW.Memory <Error> core\memory.cpp:Memory::MemorySystem::Write:528: unmapped Write8 0x00000000 @ 0x00000B95 at PC 0x010F3548
[   5.187945] HW.Memory <Error> core\memory.cpp:Memory::MemorySystem::Write:528: unmapped Write8 0x00000000 @ 0x00000B96 at PC 0x010F3548
[   5.187946] HW.Memory <Error> core\memory.cpp:Memory::MemorySystem::Write:528: unmapped Write8 0x00000000 @ 0x00000B97 at PC 0x010F3548
[   5.187946] HW.Memory <Error> core\memory.cpp:Memory::MemorySystem::Write:528: unmapped Write8 0x00000000 @ 0x00000B98 at PC 0x010F3548
[   5.187947] HW.Memory <Error> core\memory.cpp:Memory::MemorySystem::Write:528: unmapped Write8 0x00000000 @ 0x00000B99 at PC 0x010F3548
[   5.187947] HW.Memory <Error> core\memory.cpp:Memory::MemorySystem::Write:528: unmapped Write8 0x00000000 @ 0x00000B9A at PC 0x010F3548
[   5.187948] HW.Memory <Error> core\memory.cpp:Memory::MemorySystem::Write:528: unmapped Write8 0x00000000 @ 0x00000B9B at PC 0x010F3548
[   5.187948] HW.Memory <Error> core\memory.cpp:Memory::MemorySystem::Write:528: unmapped Write8 0x00000000 @ 0x00000B9C at PC 0x010F3548
[   5.187949] HW.Memory <Error> core\memory.cpp:Memory::MemorySystem::Write:528: unmapped Write8 0x00000000 @ 0x00000B9D at PC 0x010F3548
[   5.187949] HW.Memory <Error> core\memory.cpp:Memory::MemorySystem::Write:528: unmapped Write8 0x00000000 @ 0x00000B9E at PC 0x010F3548
[   5.187949] HW.Memory <Error> core\memory.cpp:Memory::MemorySystem::Write:528: unmapped Write8 0x00000000 @ 0x00000B9F at PC 0x010F3548
[   5.187950] HW.Memory <Error> core\memory.cpp:Memory::MemorySystem::Write:528: unmapped Write8 0x00000000 @ 0x00000BA0 at PC 0x010F3548
[   5.187950] HW.Memory <Error> core\memory.cpp:Memory::MemorySystem::Write:528: unmapped Write8 0x00000000 @ 0x00000BA1 at PC 0x010F3548
[   5.187951] HW.Memory <Error> core\memory.cpp:Memory::MemorySystem::Write:528: unmapped Write8 0x00000000 @ 0x00000BA2 at PC 0x010F3548
[   5.187951] HW.Memory <Error> core\memory.cpp:Memory::MemorySystem::Write:528: unmapped Write8 0x00000000 @ 0x00000BA3 at PC 0x010F3548
[   5.187952] HW.Memory <Error> core\memory.cpp:Memory::MemorySystem::Write:528: unmapped Write8 0x00000000 @ 0x00000BA4 at PC 0x010F3548
[   5.187952] HW.Memory <Error> core\memory.cpp:Memory::MemorySystem::Write:528: unmapped Write8 0x00000000 @ 0x00000BA5 at PC 0x010F3548
[   5.187953] HW.Memory <Error> core\memory.cpp:Memory::MemorySystem::Write:528: unmapped Write8 0x00000000 @ 0x00000BA6 at PC 0x010F3548
[   5.187953] HW.Memory <Error> core\memory.cpp:Memory::MemorySystem::Write:528: unmapped Write8 0x00000000 @ 0x00000BA7 at PC 0x010F3548
[   5.187954] HW.Memory <Error> core\memory.cpp:Memory::MemorySystem::Write:528: unmapped Write8 0x00000000 @ 0x00000BA8 at PC 0x010F3548
[   5.187954] HW.Memory <Error> core\memory.cpp:Memory::MemorySystem::Write:528: unmapped Write8 0x00000000 @ 0x00000BA9 at PC 0x010F3548
[   5.187955] HW.Memory <Error> core\memory.cpp:Memory::MemorySystem::Write:528: unmapped Write8 0x00000000 @ 0x00000BAA at PC 0x010F3548
[   5.187955] HW.Memory <Error> core\memory.cpp:Memory::MemorySystem::Write:528: unmapped Write8 0x00000000 @ 0x00000BAB at PC 0x010F3548
[   5.187956] HW.Memory <Error> core\memory.cpp:Memory::MemorySystem::Write:528: unmapped Write8 0x00000000 @ 0x00000BAC at PC 0x010F3548
[   5.187956] HW.Memory <Error> core\memory.cpp:Memory::MemorySystem::Write:528: unmapped Write8 0x00000000 @ 0x00000BAD at PC 0x010F3548
[   5.187957] HW.Memory <Error> core\memory.cpp:Memory::MemorySystem::Write:528: unmapped Write8 0x00000000 @ 0x00000BAE at PC 0x010F3548
[   5.187957] HW.Memory <Error> core\memory.cpp:Memory::MemorySystem::Write:528: unmapped Write8 0x00000000 @ 0x00000BAF at PC 0x010F3548
[   5.187958] HW.Memory <Error> core\memory.cpp:Memory::MemorySystem::Write:528: unmapped Write8 0x00000000 @ 0x00000BB0 at PC 0x010F3548
[   5.187958] HW.Memory <Error> core\memory.cpp:Memory::MemorySystem::Write:528: unmapped Write8 0x00000000 @ 0x00000BB1 at PC 0x010F3548
[   5.187959] HW.Memory <Error> core\memory.cpp:Memory::MemorySystem::Write:528: unmapped Write8 0x00000000 @ 0x00000BB2 at PC 0x010F3548
[   5.187959] HW.Memory <Error> core\memory.cpp:Memory::MemorySystem::Write:528: unmapped Write8 0x00000000 @ 0x00000BB3 at PC 0x010F3548
[   5.187960] HW.Memory <Error> core\memory.cpp:Memory::MemorySystem::Write:528: unmapped Write8 0x00000000 @ 0x00000BB4 at PC 0x010F3548
[   5.187960] HW.Memory <Error> core\memory.cpp:Memory::MemorySystem::Write:528: unmapped Write8 0x00000000 @ 0x00000BB5 at PC 0x010F3548
[   5.187961] HW.Memory <Error> core\memory.cpp:Memory::MemorySystem::Write:528: unmapped Write8 0x00000000 @ 0x00000BB6 at PC 0x010F3548
[   5.187961] HW.Memory <Error> core\memory.cpp:Memory::MemorySystem::Write:528: unmapped Write8 0x00000000 @ 0x00000BB7 at PC 0x010F3548
[   5.187962] HW.Memory <Error> core\memory.cpp:Memory::MemorySystem::Write:528: unmapped Write8 0x00000000 @ 0x00000BB8 at PC 0x010F3548
[   5.187962] HW.Memory <Error> core\memory.cpp:Memory::MemorySystem::Write:528: unmapped Write8 0x00000000 @ 0x00000BB9 at PC 0x010F3548
[   5.187963] HW.Memory <Error> core\memory.cpp:Memory::MemorySystem::Write:528: unmapped Write8 0x00000000 @ 0x00000BBA at PC 0x010F3548
[   5.187963] HW.Memory <Error> core\memory.cpp:Memory::MemorySystem::Write:528: unmapped Write8 0x00000000 @ 0x00000BBB at PC 0x010F3548
[   5.187964] HW.Memory <Error> core\memory.cpp:Memory::MemorySystem::Write:528: unmapped Write8 0x00000000 @ 0x00000BBC at PC 0x010F3548
[   5.187964] HW.Memory <Error> core\memory.cpp:Memory::MemorySystem::Write:528: unmapped Write8 0x00000000 @ 0x00000BBD at PC 0x010F3548
[   5.187965] HW.Memory <Error> core\memory.cpp:Memory::MemorySystem::Write:528: unmapped Write8 0x00000000 @ 0x00000BBE at PC 0x010F3548
[   5.187965] HW.Memory <Error> core\memory.cpp:Memory::MemorySystem::Write:528: unmapped Write8 0x00000000 @ 0x00000BBF at PC 0x010F3548
[   5.187966] HW.Memory <Error> core\memory.cpp:Memory::MemorySystem::Write:528: unmapped Write8 0x00000000 @ 0x00000BC0 at PC 0x010F3548
[   5.187966] HW.Memory <Error> core\memory.cpp:Memory::MemorySystem::Write:528: unmapped Write8 0x00000000 @ 0x00000BC1 at PC 0x010F3548
[   5.187967] HW.Memory <Error> core\memory.cpp:Memory::MemorySystem::Write:528: unmapped Write8 0x00000000 @ 0x00000BC2 at PC 0x010F3548
[   5.187967] HW.Memory <Error> core\memory.cpp:Memory::MemorySystem::Write:528: unmapped Write8 0x00000000 @ 0x00000BC3 at PC 0x010F3548
[   5.187967] HW.Memory <Error> core\memory.cpp:Memory::MemorySystem::Write:528: unmapped Write8 0x00000000 @ 0x00000BC4 at PC 0x010F3548
[   5.187968] HW.Memory <Error> core\memory.cpp:Memory::MemorySystem::Write:528: unmapped Write8 0x00000000 @ 0x00000BC5 at PC 0x010F3548
[   5.187968] HW.Memory <Error> core\memory.cpp:Memory::MemorySystem::Write:528: unmapped Write8 0x00000000 @ 0x00000BC6 at PC 0x010F3548
[   5.187969] HW.Memory <Error> core\memory.cpp:Memory::MemorySystem::Write:528: unmapped Write8 0x00000000 @ 0x00000BC7 at PC 0x010F3548
[   5.187969] HW.Memory <Error> core\memory.cpp:Memory::MemorySystem::Write:528: unmapped Write8 0x00000000 @ 0x00000BC8 at PC 0x010F3548
[   5.187970] HW.Memory <Error> core\memory.cpp:Memory::MemorySystem::Write:528: unmapped Write8 0x00000000 @ 0x00000BC9 at PC 0x010F3548
[   5.187970] HW.Memory <Error> core\memory.cpp:Memory::MemorySystem::Write:528: unmapped Write8 0x00000000 @ 0x00000BCA at PC 0x010F3548
[   5.187971] HW.Memory <Error> core\memory.cpp:Memory::MemorySystem::Write:528: unmapped Write8 0x00000000 @ 0x00000BCB at PC 0x010F3548
[   5.187971] HW.Memory <Error> core\memory.cpp:Memory::MemorySystem::Write:528: unmapped Write8 0x00000000 @ 0x00000BCC at PC 0x010F3548
[   5.187971] HW.Memory <Error> core\memory.cpp:Memory::MemorySystem::Write:528: unmapped Write8 0x00000000 @ 0x00000BCD at PC 0x010F3548
[   5.187972] HW.Memory <Error> core\memory.cpp:Memory::MemorySystem::Write:528: unmapped Write8 0x00000000 @ 0x00000BCE at PC 0x010F3548
[   5.187972] HW.Memory <Error> core\memory.cpp:Memory::MemorySystem::Write:528: unmapped Write8 0x00000000 @ 0x00000BCF at PC 0x010F3548
[   5.187973] HW.Memory <Error> core\memory.cpp:Memory::MemorySystem::Write:528: unmapped Write8 0x00000000 @ 0x00000BD0 at PC 0x010F3548
[   5.187974] HW.Memory <Error> core\memory.cpp:Memory::MemorySystem::Write:528: unmapped Write8 0x00000000 @ 0x00000BD1 at PC 0x010F3548
[   5.187974] HW.Memory <Error> core\memory.cpp:Memory::MemorySystem::Write:528: unmapped Write8 0x00000000 @ 0x00000BD2 at PC 0x010F3548
[   5.187974] HW.Memory <Error> core\memory.cpp:Memory::MemorySystem::Write:528: unmapped Write8 0x00000000 @ 0x00000BD3 at PC 0x010F3548
[   5.187975] HW.Memory <Error> core\memory.cpp:Memory::MemorySystem::Write:528: unmapped Write8 0x00000000 @ 0x00000BD4 at PC 0x010F3548
[   5.187975] HW.Memory <Error> core\memory.cpp:Memory::MemorySystem::Write:528: unmapped Write8 0x00000000 @ 0x00000BD5 at PC 0x010F3548
[   5.187976] HW.Memory <Error> core\memory.cpp:Memory::MemorySystem::Write:528: unmapped Write8 0x00000000 @ 0x00000BD6 at PC 0x010F3548
[   5.187976] HW.Memory <Error> core\memory.cpp:Memory::MemorySystem::Write:528: unmapped Write8 0x00000000 @ 0x00000BD7 at PC 0x010F3548
[   5.187976] HW.Memory <Error> core\memory.cpp:Memory::MemorySystem::Write:528: unmapped Write8 0x00000000 @ 0x00000BD8 at PC 0x010F3548
[   5.187977] HW.Memory <Error> core\memory.cpp:Memory::MemorySystem::Write:528: unmapped Write8 0x00000000 @ 0x00000BD9 at PC 0x010F3548
[   5.187977] HW.Memory <Error> core\memory.cpp:Memory::MemorySystem::Write:528: unmapped Write8 0x00000000 @ 0x00000BDA at PC 0x010F3548
[   5.187978] HW.Memory <Error> core\memory.cpp:Memory::MemorySystem::Write:528: unmapped Write8 0x00000000 @ 0x00000BDB at PC 0x010F3548
[   5.187978] HW.Memory <Error> core\memory.cpp:Memory::MemorySystem::Write:528: unmapped Write8 0x00000000 @ 0x00000BDC at PC 0x010F3548
[   5.187979] HW.Memory <Error> core\memory.cpp:Memory::MemorySystem::Write:528: unmapped Write8 0x00000000 @ 0x00000BDD at PC 0x010F3548
[   5.187979] HW.Memory <Error> core\memory.cpp:Memory::MemorySystem::Write:528: unmapped Write8 0x00000000 @ 0x00000BDE at PC 0x010F3548
[   5.187979] HW.Memory <Error> core\memory.cpp:Memory::MemorySystem::Write:528: unmapped Write8 0x00000000 @ 0x00000BDF at PC 0x010F3548
[   5.187980] HW.Memory <Error> core\memory.cpp:Memory::MemorySystem::Write:528: unmapped Write8 0x00000000 @ 0x00000BE0 at PC 0x010F3548
[   5.187980] HW.Memory <Error> core\memory.cpp:Memory::MemorySystem::Write:528: unmapped Write8 0x00000000 @ 0x00000BE1 at PC 0x010F3548
[   5.187981] HW.Memory <Error> core\memory.cpp:Memory::MemorySystem::Write:528: unmapped Write8 0x00000000 @ 0x00000BE2 at PC 0x010F3548
[   5.187981] HW.Memory <Error> core\memory.cpp:Memory::MemorySystem::Write:528: unmapped Write8 0x00000000 @ 0x00000BE3 at PC 0x010F3548
[   5.187982] HW.Memory <Error> core\memory.cpp:Memory::MemorySystem::Write:528: unmapped Write8 0x00000000 @ 0x00000BE4 at PC 0x010F3548
[   5.187982] HW.Memory <Error> core\memory.cpp:Memory::MemorySystem::Write:528: unmapped Write8 0x00000000 @ 0x00000BE5 at PC 0x010F3548
[   5.187983] HW.Memory <Error> core\memory.cpp:Memory::MemorySystem::Write:528: unmapped Write8 0x00000000 @ 0x00000BE6 at PC 0x010F3548
[   5.187983] HW.Memory <Error> core\memory.cpp:Memory::MemorySystem::Write:528: unmapped Write8 0x00000000 @ 0x00000BE7 at PC 0x010F3548
[   5.187984] HW.Memory <Error> core\memory.cpp:Memory::MemorySystem::Write:528: unmapped Write8 0x00000000 @ 0x00000BE8 at PC 0x010F3548
[   5.187984] HW.Memory <Error> core\memory.cpp:Memory::MemorySystem::Write:528: unmapped Write8 0x00000000 @ 0x00000BE9 at PC 0x010F3548
[   5.187985] HW.Memory <Error> core\memory.cpp:Memory::MemorySystem::Write:528: unmapped Write8 0x00000000 @ 0x00000BEA at PC 0x010F3548
[   5.187985] HW.Memory <Error> core\memory.cpp:Memory::MemorySystem::Write:528: unmapped Write8 0x00000000 @ 0x00000BEB at PC 0x010F3548
[   5.187986] HW.Memory <Error> core\memory.cpp:Memory::MemorySystem::Write:528: unmapped Write8 0x00000000 @ 0x00000BEC at PC 0x010F3548
[   5.187986] HW.Memory <Error> core\memory.cpp:Memory::MemorySystem::Write:528: unmapped Write8 0x00000000 @ 0x00000BED at PC 0x010F3548
[   5.187987] HW.Memory <Error> core\memory.cpp:Memory::MemorySystem::Write:528: unmapped Write8 0x00000000 @ 0x00000BEE at PC 0x010F3548
[   5.187987] HW.Memory <Error> core\memory.cpp:Memory::MemorySystem::Write:528: unmapped Write8 0x00000000 @ 0x00000BEF at PC 0x010F3548
[   5.187988] HW.Memory <Error> core\memory.cpp:Memory::MemorySystem::Write:528: unmapped Write8 0x00000000 @ 0x00000BF0 at PC 0x010F3548
[   5.187988] HW.Memory <Error> core\memory.cpp:Memory::MemorySystem::Write:528: unmapped Write8 0x00000000 @ 0x00000BF1 at PC 0x010F3548
[   5.187989] HW.Memory <Error> core\memory.cpp:Memory::MemorySystem::Write:528: unmapped Write8 0x00000000 @ 0x00000BF2 at PC 0x010F3548
[   5.187989] HW.Memory <Error> core\memory.cpp:Memory::MemorySystem::Write:528: unmapped Write8 0x00000000 @ 0x00000BF3 at PC 0x010F3548
[   5.187990] HW.Memory <Error> core\memory.cpp:Memory::MemorySystem::Write:528: unmapped Write8 0x00000000 @ 0x00000BF4 at PC 0x010F3548
[   5.187990] HW.Memory <Error> core\memory.cpp:Memory::MemorySystem::Write:528: unmapped Write8 0x00000000 @ 0x00000BF5 at PC 0x010F3548
[   5.187991] HW.Memory <Error> core\memory.cpp:Memory::MemorySystem::Write:528: unmapped Write8 0x00000000 @ 0x00000BF6 at PC 0x010F3548
[   5.187991] HW.Memory <Error> core\memory.cpp:Memory::MemorySystem::Write:528: unmapped Write8 0x00000000 @ 0x00000BF7 at PC 0x010F3548
[   5.187992] HW.Memory <Error> core\memory.cpp:Memory::MemorySystem::Write:528: unmapped Write8 0x00000000 @ 0x00000BF8 at PC 0x010F3548
[   5.187992] HW.Memory <Error> core\memory.cpp:Memory::MemorySystem::Write:528: unmapped Write8 0x00000000 @ 0x00000BF9 at PC 0x010F3548
[   5.187993] HW.Memory <Error> core\memory.cpp:Memory::MemorySystem::Write:528: unmapped Write8 0x00000000 @ 0x00000BFA at PC 0x010F3548
[   5.187993] HW.Memory <Error> core\memory.cpp:Memory::MemorySystem::Write:528: unmapped Write8 0x00000000 @ 0x00000BFB at PC 0x010F3548
[   5.187994] HW.Memory <Error> core\memory.cpp:Memory::MemorySystem::Write:528: unmapped Write8 0x00000000 @ 0x00000BFC at PC 0x010F3548
[   5.187994] HW.Memory <Error> core\memory.cpp:Memory::MemorySystem::Write:528: unmapped Write8 0x00000000 @ 0x00000BFD at PC 0x010F3548
[   5.187995] HW.Memory <Error> core\memory.cpp:Memory::MemorySystem::Write:528: unmapped Write8 0x00000000 @ 0x00000BFE at PC 0x010F3548
[   5.187995] HW.Memory <Error> core\memory.cpp:Memory::MemorySystem::Write:528: unmapped Write8 0x00000000 @ 0x00000BFF at PC 0x010F3548
[   5.187995] HW.Memory <Error> core\memory.cpp:Memory::MemorySystem::Write:528: unmapped Write8 0x00000000 @ 0x00000C00 at PC 0x010F3548
[   5.187996] HW.Memory <Error> core\memory.cpp:Memory::MemorySystem::Write:528: unmapped Write8 0x00000000 @ 0x00000C01 at PC 0x010F3548
[   5.187997] HW.Memory <Error> core\memory.cpp:Memory::MemorySystem::Write:528: unmapped Write8 0x00000000 @ 0x00000C02 at PC 0x010F3548
[   5.187997] HW.Memory <Error> core\memory.cpp:Memory::MemorySystem::Write:528: unmapped Write8 0x00000000 @ 0x00000C03 at PC 0x010F3548
[   5.187998] HW.Memory <Error> core\memory.cpp:Memory::MemorySystem::Write:528: unmapped Write8 0x00000000 @ 0x00000C04 at PC 0x010F3548
[   5.187998] HW.Memory <Error> core\memory.cpp:Memory::MemorySystem::Write:528: unmapped Write8 0x00000000 @ 0x00000C05 at PC 0x010F3548
[   5.187999] HW.Memory <Error> core\memory.cpp:Memory::MemorySystem::Write:528: unmapped Write8 0x00000000 @ 0x00000C06 at PC 0x010F3548
[   5.187999] HW.Memory <Error> core\memory.cpp:Memory::MemorySystem::Write:528: unmapped Write8 0x00000000 @ 0x00000C07 at PC 0x010F3548
[   5.187999] HW.Memory <Error> core\memory.cpp:Memory::MemorySystem::Write:528: unmapped Write8 0x00000000 @ 0x00000C08 at PC 0x010F3548
[   5.188000] HW.Memory <Error> core\memory.cpp:Memory::MemorySystem::Write:528: unmapped Write8 0x00000000 @ 0x00000C09 at PC 0x010F3548
[   5.188000] HW.Memory <Error> core\memory.cpp:Memory::MemorySystem::Write:528: unmapped Write8 0x00000000 @ 0x00000C0A at PC 0x010F3548
[   5.188001] HW.Memory <Error> core\memory.cpp:Memory::MemorySystem::Write:528: unmapped Write8 0x00000000 @ 0x00000C0B at PC 0x010F3548
[   5.188001] HW.Memory <Error> core\memory.cpp:Memory::MemorySystem::Write:528: unmapped Write8 0x00000000 @ 0x00000C0C at PC 0x010F3548
[   5.188002] HW.Memory <Error> core\memory.cpp:Memory::MemorySystem::Write:528: unmapped Write8 0x00000000 @ 0x00000C0D at PC 0x010F3548
[   5.188002] HW.Memory <Error> core\memory.cpp:Memory::MemorySystem::Write:528: unmapped Write8 0x00000000 @ 0x00000C0E at PC 0x010F3548
[   5.188003] HW.Memory <Error> core\memory.cpp:Memory::MemorySystem::Write:528: unmapped Write8 0x00000000 @ 0x00000C0F at PC 0x010F3548
[   5.188003] HW.Memory <Error> core\memory.cpp:Memory::MemorySystem::Write:528: unmapped Write8 0x00000000 @ 0x00000C10 at PC 0x010F3548
[   5.188004] HW.Memory <Error> core\memory.cpp:Memory::MemorySystem::Write:528: unmapped Write8 0x00000000 @ 0x00000C11 at PC 0x010F3548
[   5.188004] HW.Memory <Error> core\memory.cpp:Memory::MemorySystem::Write:528: unmapped Write8 0x00000000 @ 0x00000C12 at PC 0x010F3548
[   5.188005] HW.Memory <Error> core\memory.cpp:Memory::MemorySystem::Write:528: unmapped Write8 0x00000000 @ 0x00000C13 at PC 0x010F3548
[   5.188005] HW.Memory <Error> core\memory.cpp:Memory::MemorySystem::Write:528: unmapped Write8 0x00000000 @ 0x00000C14 at PC 0x010F3548
[   5.188006] HW.Memory <Error> core\memory.cpp:Memory::MemorySystem::Write:528: unmapped Write8 0x00000000 @ 0x00000C15 at PC 0x010F3548
[   5.188006] HW.Memory <Error> core\memory.cpp:Memory::MemorySystem::Write:528: unmapped Write8 0x00000000 @ 0x00000C16 at PC 0x010F3548
[   5.188007] HW.Memory <Error> core\memory.cpp:Memory::MemorySystem::Write:528: unmapped Write8 0x00000000 @ 0x00000C17 at PC 0x010F3548
[   5.188007] HW.Memory <Error> core\memory.cpp:Memory::MemorySystem::Write:528: unmapped Write8 0x00000000 @ 0x00000C18 at PC 0x010F3548
[   5.188007] HW.Memory <Error> core\memory.cpp:Memory::MemorySystem::Write:528: unmapped Write8 0x00000000 @ 0x00000C19 at PC 0x010F3548
[   5.188008] HW.Memory <Error> core\memory.cpp:Memory::MemorySystem::Write:528: unmapped Write8 0x00000000 @ 0x00000C1A at PC 0x010F3548
[   5.188009] HW.Memory <Error> core\memory.cpp:Memory::MemorySystem::Write:528: unmapped Write8 0x00000000 @ 0x00000C1B at PC 0x010F3548
[   5.188009] HW.Memory <Error> core\memory.cpp:Memory::MemorySystem::Write:528: unmapped Write8 0x00000000 @ 0x00000C1C at PC 0x010F3548
[   5.188010] HW.Memory <Error> core\memory.cpp:Memory::MemorySystem::Write:528: unmapped Write8 0x00000000 @ 0x00000C1D at PC 0x010F3548
[   5.188010] HW.Memory <Error> core\memory.cpp:Memory::MemorySystem::Write:528: unmapped Write8 0x00000000 @ 0x00000C1E at PC 0x010F3548
[   5.188010] HW.Memory <Error> core\memory.cpp:Memory::MemorySystem::Write:528: unmapped Write8 0x00000000 @ 0x00000C1F at PC 0x010F3548
[   5.188011] HW.Memory <Error> core\memory.cpp:Memory::MemorySystem::Write:528: unmapped Write8 0x00000000 @ 0x00000C20 at PC 0x010F3548
[   5.188011] HW.Memory <Error> core\memory.cpp:Memory::MemorySystem::Write:528: unmapped Write8 0x00000000 @ 0x00000C21 at PC 0x010F3548
[   5.188012] HW.Memory <Error> core\memory.cpp:Memory::MemorySystem::Write:528: unmapped Write8 0x00000000 @ 0x00000C22 at PC 0x010F3548
[   5.188012] HW.Memory <Error> core\memory.cpp:Memory::MemorySystem::Write:528: unmapped Write8 0x00000000 @ 0x00000C23 at PC 0x010F3548
[   5.188013] HW.Memory <Error> core\memory.cpp:Memory::MemorySystem::Write:528: unmapped Write8 0x00000000 @ 0x00000C24 at PC 0x010F3548
[   5.188013] HW.Memory <Error> core\memory.cpp:Memory::MemorySystem::Write:528: unmapped Write8 0x00000000 @ 0x00000C25 at PC 0x010F3548
[   5.188014] HW.Memory <Error> core\memory.cpp:Memory::MemorySystem::Write:528: unmapped Write8 0x00000000 @ 0x00000C26 at PC 0x010F3548
[   5.188014] HW.Memory <Error> core\memory.cpp:Memory::MemorySystem::Write:528: unmapped Write8 0x00000000 @ 0x00000C27 at PC 0x010F3548
[   5.188015] HW.Memory <Error> core\memory.cpp:Memory::MemorySystem::Read:479: unmapped Read8 @ 0x00000C28 at PC 0x010F348C
[   5.188016] HW.Memory <Error> core\memory.cpp:Memory::MemorySystem::Read:479: unmapped Read8 @ 0x00000828 at PC 0x010F348C
[   5.188018] HW.Memory <Error> core\memory.cpp:Memory::MemorySystem::Write:528: unmapped Write16 0x00000000 @ 0x00000024 at PC 0x010F34D0
[   5.188189] HW.Memory <Error> core\memory.cpp:Memory::MemorySystem::Impl::ReadBlockImpl:178: unmapped ReadBlock @ 0x00000024 (start address = 0x00000024, size = 2) at PC 0x010F0A78
[   5.188194] Service.FS <Error> core\file_sys\archive_sdmc.cpp:FileSys::DeleteDirectoryHelper:183: Invalid path [Wchar: ]
[   5.189552] HW.Memory <Error> core\memory.cpp:Memory::MemorySystem::Write:528: unmapped Write8 0x0000002F @ 0x00000828 at PC 0x010F3548
[   5.189554] HW.Memory <Error> core\memory.cpp:Memory::MemorySystem::Write:528: unmapped Write8 0x0000006F @ 0x00000829 at PC 0x010F3548
[   5.189554] HW.Memory <Error> core\memory.cpp:Memory::MemorySystem::Write:528: unmapped Write8 0x00000070 @ 0x0000082A at PC 0x010F3548
[   5.189555] HW.Memory <Error> core\memory.cpp:Memory::MemorySystem::Write:528: unmapped Write8 0x00000065 @ 0x0000082B at PC 0x010F3548
[   5.189555] HW.Memory <Error> core\memory.cpp:Memory::MemorySystem::Write:528: unmapped Write8 0x0000006E @ 0x0000082C at PC 0x010F3548
[   5.189556] HW.Memory <Error> core\memory.cpp:Memory::MemorySystem::Write:528: unmapped Write8 0x00000073 @ 0x0000082D at PC 0x010F3548
[   5.189556] HW.Memory <Error> core\memory.cpp:Memory::MemorySystem::Write:528: unmapped Write8 0x00000062 @ 0x0000082E at PC 0x010F3548
[   5.189556] HW.Memory <Error> core\memory.cpp:Memory::MemorySystem::Write:528: unmapped Write8 0x0000005F @ 0x0000082F at PC 0x010F3548
[   5.189557] HW.Memory <Error> core\memory.cpp:Memory::MemorySystem::Write:528: unmapped Write8 0x0000006D @ 0x00000830 at PC 0x010F3548
[   5.189557] HW.Memory <Error> core\memory.cpp:Memory::MemorySystem::Write:528: unmapped Write8 0x00000061 @ 0x00000831 at PC 0x010F3548
[   5.189558] HW.Memory <Error> core\memory.cpp:Memory::MemorySystem::Write:528: unmapped Write8 0x00000069 @ 0x00000832 at PC 0x010F3548
[   5.189558] HW.Memory <Error> core\memory.cpp:Memory::MemorySystem::Write:528: unmapped Write8 0x0000006E @ 0x00000833 at PC 0x010F3548
[   5.189558] HW.Memory <Error> core\memory.cpp:Memory::MemorySystem::Write:528: unmapped Write8 0x0000002E @ 0x00000834 at PC 0x010F3548
[   5.189559] HW.Memory <Error> core\memory.cpp:Memory::MemorySystem::Write:528: unmapped Write8 0x0000006C @ 0x00000835 at PC 0x010F3548
[   5.189559] HW.Memory <Error> core\memory.cpp:Memory::MemorySystem::Write:528: unmapped Write8 0x0000006F @ 0x00000836 at PC 0x010F3548
[   5.189560] HW.Memory <Error> core\memory.cpp:Memory::MemorySystem::Write:528: unmapped Write8 0x00000067 @ 0x00000837 at PC 0x010F3548
[   5.189560] HW.Memory <Error> core\memory.cpp:Memory::MemorySystem::Write:528: unmapped Write8 0x00000000 @ 0x00000838 at PC 0x010F3548
[   5.189561] HW.Memory <Error> core\memory.cpp:Memory::MemorySystem::Write:528: unmapped Write8 0x00000000 @ 0x00000839 at PC 0x010F3548
[   5.189561] HW.Memory <Error> core\memory.cpp:Memory::MemorySystem::Write:528: unmapped Write8 0x00000000 @ 0x0000083A at PC 0x010F3548
[   5.189562] HW.Memory <Error> core\memory.cpp:Memory::MemorySystem::Write:528: unmapped Write8 0x00000000 @ 0x0000083B at PC 0x010F3548
[   5.189562] HW.Memory <Error> core\memory.cpp:Memory::MemorySystem::Write:528: unmapped Write8 0x00000000 @ 0x0000083C at PC 0x010F3548
[   5.189562] HW.Memory <Error> core\memory.cpp:Memory::MemorySystem::Write:528: unmapped Write8 0x00000000 @ 0x0000083D at PC 0x010F3548
[   5.189563] HW.Memory <Error> core\memory.cpp:Memory::MemorySystem::Write:528: unmapped Write8 0x00000000 @ 0x0000083E at PC 0x010F3548
[   5.189563] HW.Memory <Error> core\memory.cpp:Memory::MemorySystem::Write:528: unmapped Write8 0x00000000 @ 0x0000083F at PC 0x010F3548
[   5.189564] HW.Memory <Error> core\memory.cpp:Memory::MemorySystem::Write:528: unmapped Write8 0x00000000 @ 0x00000840 at PC 0x010F3548
[   5.189564] HW.Memory <Error> core\memory.cpp:Memory::MemorySystem::Write:528: unmapped Write8 0x00000000 @ 0x00000841 at PC 0x010F3548
[   5.189565] HW.Memory <Error> core\memory.cpp:Memory::MemorySystem::Write:528: unmapped Write8 0x00000000 @ 0x00000842 at PC 0x010F3548
[   5.189565] HW.Memory <Error> core\memory.cpp:Memory::MemorySystem::Write:528: unmapped Write8 0x00000000 @ 0x00000843 at PC 0x010F3548
[   5.189566] HW.Memory <Error> core\memory.cpp:Memory::MemorySystem::Write:528: unmapped Write8 0x00000000 @ 0x00000844 at PC 0x010F3548
[   5.189567] HW.Memory <Error> core\memory.cpp:Memory::MemorySystem::Write:528: unmapped Write8 0x00000000 @ 0x00000845 at PC 0x010F3548
[   5.189567] HW.Memory <Error> core\memory.cpp:Memory::MemorySystem::Write:528: unmapped Write8 0x00000000 @ 0x00000846 at PC 0x010F3548
[   5.189568] HW.Memory <Error> core\memory.cpp:Memory::MemorySystem::Write:528: unmapped Write8 0x00000000 @ 0x00000847 at PC 0x010F3548
[   5.189568] HW.Memory <Error> core\memory.cpp:Memory::MemorySystem::Write:528: unmapped Write8 0x00000000 @ 0x00000848 at PC 0x010F3548
[   5.189569] HW.Memory <Error> core\memory.cpp:Memory::MemorySystem::Write:528: unmapped Write8 0x00000000 @ 0x00000849 at PC 0x010F3548
[   5.189569] HW.Memory <Error> core\memory.cpp:Memory::MemorySystem::Write:528: unmapped Write8 0x00000000 @ 0x0000084A at PC 0x010F3548
[   5.189570] HW.Memory <Error> core\memory.cpp:Memory::MemorySystem::Write:528: unmapped Write8 0x00000000 @ 0x0000084B at PC 0x010F3548
[   5.189570] HW.Memory <Error> core\memory.cpp:Memory::MemorySystem::Write:528: unmapped Write8 0x00000000 @ 0x0000084C at PC 0x010F3548
[   5.189571] HW.Memory <Error> core\memory.cpp:Memory::MemorySystem::Write:528: unmapped Write8 0x00000000 @ 0x0000084D at PC 0x010F3548
[   5.189571] HW.Memory <Error> core\memory.cpp:Memory::MemorySystem::Write:528: unmapped Write8 0x00000000 @ 0x0000084E at PC 0x010F3548
[   5.189572] HW.Memory <Error> core\memory.cpp:Memory::MemorySystem::Write:528: unmapped Write8 0x00000000 @ 0x0000084F at PC 0x010F3548
[   5.189572] HW.Memory <Error> core\memory.cpp:Memory::MemorySystem::Write:528: unmapped Write8 0x00000000 @ 0x00000850 at PC 0x010F3548
[   5.189573] HW.Memory <Error> core\memory.cpp:Memory::MemorySystem::Write:528: unmapped Write8 0x00000000 @ 0x00000851 at PC 0x010F3548
[   5.189573] HW.Memory <Error> core\memory.cpp:Memory::MemorySystem::Write:528: unmapped Write8 0x00000000 @ 0x00000852 at PC 0x010F3548
[   5.189574] HW.Memory <Error> core\memory.cpp:Memory::MemorySystem::Write:528: unmapped Write8 0x00000000 @ 0x00000853 at PC 0x010F3548
[   5.189575] HW.Memory <Error> core\memory.cpp:Memory::MemorySystem::Write:528: unmapped Write8 0x00000000 @ 0x00000854 at PC 0x010F3548
[   5.189575] HW.Memory <Error> core\memory.cpp:Memory::MemorySystem::Write:528: unmapped Write8 0x00000000 @ 0x00000855 at PC 0x010F3548
[   5.189576] HW.Memory <Error> core\memory.cpp:Memory::MemorySystem::Write:528: unmapped Write8 0x00000000 @ 0x00000856 at PC 0x010F3548
[   5.189576] HW.Memory <Error> core\memory.cpp:Memory::MemorySystem::Write:528: unmapped Write8 0x00000000 @ 0x00000857 at PC 0x010F3548
[   5.189577] HW.Memory <Error> core\memory.cpp:Memory::MemorySystem::Write:528: unmapped Write8 0x00000000 @ 0x00000858 at PC 0x010F3548
[   5.189577] HW.Memory <Error> core\memory.cpp:Memory::MemorySystem::Write:528: unmapped Write8 0x00000000 @ 0x00000859 at PC 0x010F3548
[   5.189578] HW.Memory <Error> core\memory.cpp:Memory::MemorySystem::Write:528: unmapped Write8 0x00000000 @ 0x0000085A at PC 0x010F3548
[   5.189579] HW.Memory <Error> core\memory.cpp:Memory::MemorySystem::Write:528: unmapped Write8 0x00000000 @ 0x0000085B at PC 0x010F3548
[   5.189579] HW.Memory <Error> core\memory.cpp:Memory::MemorySystem::Write:528: unmapped Write8 0x00000000 @ 0x0000085C at PC 0x010F3548
[   5.189580] HW.Memory <Error> core\memory.cpp:Memory::MemorySystem::Write:528: unmapped Write8 0x00000000 @ 0x0000085D at PC 0x010F3548
[   5.189580] HW.Memory <Error> core\memory.cpp:Memory::MemorySystem::Write:528: unmapped Write8 0x00000000 @ 0x0000085E at PC 0x010F3548
[   5.189581] HW.Memory <Error> core\memory.cpp:Memory::MemorySystem::Write:528: unmapped Write8 0x00000000 @ 0x0000085F at PC 0x010F3548
[   5.189581] HW.Memory <Error> core\memory.cpp:Memory::MemorySystem::Write:528: unmapped Write8 0x00000000 @ 0x00000860 at PC 0x010F3548
[   5.189582] HW.Memory <Error> core\memory.cpp:Memory::MemorySystem::Write:528: unmapped Write8 0x00000000 @ 0x00000861 at PC 0x010F3548
[   5.189582] HW.Memory <Error> core\memory.cpp:Memory::MemorySystem::Write:528: unmapped Write8 0x00000000 @ 0x00000862 at PC 0x010F3548
[   5.189583] HW.Memory <Error> core\memory.cpp:Memory::MemorySystem::Write:528: unmapped Write8 0x00000000 @ 0x00000863 at PC 0x010F3548
[   5.189583] HW.Memory <Error> core\memory.cpp:Memory::MemorySystem::Write:528: unmapped Write8 0x00000000 @ 0x00000864 at PC 0x010F3548
[   5.189584] HW.Memory <Error> core\memory.cpp:Memory::MemorySystem::Write:528: unmapped Write8 0x00000000 @ 0x00000865 at PC 0x010F3548
[   5.189584] HW.Memory <Error> core\memory.cpp:Memory::MemorySystem::Write:528: unmapped Write8 0x00000000 @ 0x00000866 at PC 0x010F3548
[   5.189585] HW.Memory <Error> core\memory.cpp:Memory::MemorySystem::Write:528: unmapped Write8 0x00000000 @ 0x00000867 at PC 0x010F3548
[   5.189585] HW.Memory <Error> core\memory.cpp:Memory::MemorySystem::Write:528: unmapped Write8 0x00000000 @ 0x00000868 at PC 0x010F3548
[   5.189586] HW.Memory <Error> core\memory.cpp:Memory::MemorySystem::Write:528: unmapped Write8 0x00000000 @ 0x00000869 at PC 0x010F3548
[   5.189586] HW.Memory <Error> core\memory.cpp:Memory::MemorySystem::Write:528: unmapped Write8 0x00000000 @ 0x0000086A at PC 0x010F3548
[   5.189587] HW.Memory <Error> core\memory.cpp:Memory::MemorySystem::Write:528: unmapped Write8 0x00000000 @ 0x0000086B at PC 0x010F3548
[   5.189587] HW.Memory <Error> core\memory.cpp:Memory::MemorySystem::Write:528: unmapped Write8 0x00000000 @ 0x0000086C at PC 0x010F3548
[   5.189588] HW.Memory <Error> core\memory.cpp:Memory::MemorySystem::Write:528: unmapped Write8 0x00000000 @ 0x0000086D at PC 0x010F3548
[   5.189589] HW.Memory <Error> core\memory.cpp:Memory::MemorySystem::Write:528: unmapped Write8 0x00000000 @ 0x0000086E at PC 0x010F3548
[   5.189589] HW.Memory <Error> core\memory.cpp:Memory::MemorySystem::Write:528: unmapped Write8 0x00000000 @ 0x0000086F at PC 0x010F3548
[   5.189589] HW.Memory <Error> core\memory.cpp:Memory::MemorySystem::Write:528: unmapped Write8 0x00000000 @ 0x00000870 at PC 0x010F3548
[   5.189590] HW.Memory <Error> core\memory.cpp:Memory::MemorySystem::Write:528: unmapped Write8 0x00000000 @ 0x00000871 at PC 0x010F3548
[   5.189590] HW.Memory <Error> core\memory.cpp:Memory::MemorySystem::Write:528: unmapped Write8 0x00000000 @ 0x00000872 at PC 0x010F3548
[   5.189591] HW.Memory <Error> core\memory.cpp:Memory::MemorySystem::Write:528: unmapped Write8 0x00000000 @ 0x00000873 at PC 0x010F3548
[   5.189591] HW.Memory <Error> core\memory.cpp:Memory::MemorySystem::Write:528: unmapped Write8 0x00000000 @ 0x00000874 at PC 0x010F3548
[   5.189592] HW.Memory <Error> core\memory.cpp:Memory::MemorySystem::Write:528: unmapped Write8 0x00000000 @ 0x00000875 at PC 0x010F3548
[   5.189592] HW.Memory <Error> core\memory.cpp:Memory::MemorySystem::Write:528: unmapped Write8 0x00000000 @ 0x00000876 at PC 0x010F3548
[   5.189593] HW.Memory <Error> core\memory.cpp:Memory::MemorySystem::Write:528: unmapped Write8 0x00000000 @ 0x00000877 at PC 0x010F3548
[   5.189593] HW.Memory <Error> core\memory.cpp:Memory::MemorySystem::Write:528: unmapped Write8 0x00000000 @ 0x00000878 at PC 0x010F3548
[   5.189594] HW.Memory <Error> core\memory.cpp:Memory::MemorySystem::Write:528: unmapped Write8 0x00000000 @ 0x00000879 at PC 0x010F3548
[   5.189594] HW.Memory <Error> core\memory.cpp:Memory::MemorySystem::Write:528: unmapped Write8 0x00000000 @ 0x0000087A at PC 0x010F3548
[   5.189595] HW.Memory <Error> core\memory.cpp:Memory::MemorySystem::Write:528: unmapped Write8 0x00000000 @ 0x0000087B at PC 0x010F3548
[   5.189595] HW.Memory <Error> core\memory.cpp:Memory::MemorySystem::Write:528: unmapped Write8 0x00000000 @ 0x0000087C at PC 0x010F3548
[   5.189596] HW.Memory <Error> core\memory.cpp:Memory::MemorySystem::Write:528: unmapped Write8 0x00000000 @ 0x0000087D at PC 0x010F3548
[   5.189596] HW.Memory <Error> core\memory.cpp:Memory::MemorySystem::Write:528: unmapped Write8 0x00000000 @ 0x0000087E at PC 0x010F3548
[   5.189597] HW.Memory <Error> core\memory.cpp:Memory::MemorySystem::Write:528: unmapped Write8 0x00000000 @ 0x0000087F at PC 0x010F3548
[   5.189597] HW.Memory <Error> core\memory.cpp:Memory::MemorySystem::Write:528: unmapped Write8 0x00000000 @ 0x00000880 at PC 0x010F3548
[   5.189598] HW.Memory <Error> core\memory.cpp:Memory::MemorySystem::Write:528: unmapped Write8 0x00000000 @ 0x00000881 at PC 0x010F3548
[   5.189598] HW.Memory <Error> core\memory.cpp:Memory::MemorySystem::Write:528: unmapped Write8 0x00000000 @ 0x00000882 at PC 0x010F3548
[   5.189599] HW.Memory <Error> core\memory.cpp:Memory::MemorySystem::Write:528: unmapped Write8 0x00000000 @ 0x00000883 at PC 0x010F3548
[   5.189599] HW.Memory <Error> core\memory.cpp:Memory::MemorySystem::Write:528: unmapped Write8 0x00000000 @ 0x00000884 at PC 0x010F3548
[   5.189600] HW.Memory <Error> core\memory.cpp:Memory::MemorySystem::Write:528: unmapped Write8 0x00000000 @ 0x00000885 at PC 0x010F3548
[   5.189600] HW.Memory <Error> core\memory.cpp:Memory::MemorySystem::Write:528: unmapped Write8 0x00000000 @ 0x00000886 at PC 0x010F3548
[   5.189601] HW.Memory <Error> core\memory.cpp:Memory::MemorySystem::Write:528: unmapped Write8 0x00000000 @ 0x00000887 at PC 0x010F3548
[   5.189601] HW.Memory <Error> core\memory.cpp:Memory::MemorySystem::Write:528: unmapped Write8 0x00000000 @ 0x00000888 at PC 0x010F3548
[   5.189602] HW.Memory <Error> core\memory.cpp:Memory::MemorySystem::Write:528: unmapped Write8 0x00000000 @ 0x00000889 at PC 0x010F3548
[   5.189602] HW.Memory <Error> core\memory.cpp:Memory::MemorySystem::Write:528: unmapped Write8 0x00000000 @ 0x0000088A at PC 0x010F3548
[   5.189603] HW.Memory <Error> core\memory.cpp:Memory::MemorySystem::Write:528: unmapped Write8 0x00000000 @ 0x0000088B at PC 0x010F3548
[   5.189603] HW.Memory <Error> core\memory.cpp:Memory::MemorySystem::Write:528: unmapped Write8 0x00000000 @ 0x0000088C at PC 0x010F3548
[   5.189604] HW.Memory <Error> core\memory.cpp:Memory::MemorySystem::Write:528: unmapped Write8 0x00000000 @ 0x0000088D at PC 0x010F3548
[   5.189605] HW.Memory <Error> core\memory.cpp:Memory::MemorySystem::Write:528: unmapped Write8 0x00000000 @ 0x0000088E at PC 0x010F3548
[   5.189605] HW.Memory <Error> core\memory.cpp:Memory::MemorySystem::Write:528: unmapped Write8 0x00000000 @ 0x0000088F at PC 0x010F3548
[   5.189606] HW.Memory <Error> core\memory.cpp:Memory::MemorySystem::Write:528: unmapped Write8 0x00000000 @ 0x00000890 at PC 0x010F3548
[   5.189606] HW.Memory <Error> core\memory.cpp:Memory::MemorySystem::Write:528: unmapped Write8 0x00000000 @ 0x00000891 at PC 0x010F3548
[   5.189607] HW.Memory <Error> core\memory.cpp:Memory::MemorySystem::Write:528: unmapped Write8 0x00000000 @ 0x00000892 at PC 0x010F3548
[   5.189607] HW.Memory <Error> core\memory.cpp:Memory::MemorySystem::Write:528: unmapped Write8 0x00000000 @ 0x00000893 at PC 0x010F3548
[   5.189608] HW.Memory <Error> core\memory.cpp:Memory::MemorySystem::Write:528: unmapped Write8 0x00000000 @ 0x00000894 at PC 0x010F3548
[   5.189609] HW.Memory <Error> core\memory.cpp:Memory::MemorySystem::Write:528: unmapped Write8 0x00000000 @ 0x00000895 at PC 0x010F3548
[   5.189609] HW.Memory <Error> core\memory.cpp:Memory::MemorySystem::Write:528: unmapped Write8 0x00000000 @ 0x00000896 at PC 0x010F3548
[   5.189610] HW.Memory <Error> core\memory.cpp:Memory::MemorySystem::Write:528: unmapped Write8 0x00000000 @ 0x00000897 at PC 0x010F3548
[   5.189610] HW.Memory <Error> core\memory.cpp:Memory::MemorySystem::Write:528: unmapped Write8 0x00000000 @ 0x00000898 at PC 0x010F3548
[   5.189611] HW.Memory <Error> core\memory.cpp:Memory::MemorySystem::Write:528: unmapped Write8 0x00000000 @ 0x00000899 at PC 0x010F3548
[   5.189611] HW.Memory <Error> core\memory.cpp:Memory::MemorySystem::Write:528: unmapped Write8 0x00000000 @ 0x0000089A at PC 0x010F3548
[   5.189612] HW.Memory <Error> core\memory.cpp:Memory::MemorySystem::Write:528: unmapped Write8 0x00000000 @ 0x0000089B at PC 0x010F3548
[   5.189613] HW.Memory <Error> core\memory.cpp:Memory::MemorySystem::Write:528: unmapped Write8 0x00000000 @ 0x0000089C at PC 0x010F3548
[   5.189613] HW.Memory <Error> core\memory.cpp:Memory::MemorySystem::Write:528: unmapped Write8 0x00000000 @ 0x0000089D at PC 0x010F3548
[   5.189614] HW.Memory <Error> core\memory.cpp:Memory::MemorySystem::Write:528: unmapped Write8 0x00000000 @ 0x0000089E at PC 0x010F3548
[   5.189615] HW.Memory <Error> core\memory.cpp:Memory::MemorySystem::Write:528: unmapped Write8 0x00000000 @ 0x0000089F at PC 0x010F3548
[   5.189615] HW.Memory <Error> core\memory.cpp:Memory::MemorySystem::Write:528: unmapped Write8 0x00000000 @ 0x000008A0 at PC 0x010F3548
[   5.189616] HW.Memory <Error> core\memory.cpp:Memory::MemorySystem::Write:528: unmapped Write8 0x00000000 @ 0x000008A1 at PC 0x010F3548
[   5.189617] HW.Memory <Error> core\memory.cpp:Memory::MemorySystem::Write:528: unmapped Write8 0x00000000 @ 0x000008A2 at PC 0x010F3548
[   5.189617] HW.Memory <Error> core\memory.cpp:Memory::MemorySystem::Write:528: unmapped Write8 0x00000000 @ 0x000008A3 at PC 0x010F3548
[   5.189617] HW.Memory <Error> core\memory.cpp:Memory::MemorySystem::Write:528: unmapped Write8 0x00000000 @ 0x000008A4 at PC 0x010F3548
[   5.189618] HW.Memory <Error> core\memory.cpp:Memory::MemorySystem::Write:528: unmapped Write8 0x00000000 @ 0x000008A5 at PC 0x010F3548
[   5.189619] HW.Memory <Error> core\memory.cpp:Memory::MemorySystem::Write:528: unmapped Write8 0x00000000 @ 0x000008A6 at PC 0x010F3548
[   5.189619] HW.Memory <Error> core\memory.cpp:Memory::MemorySystem::Write:528: unmapped Write8 0x00000000 @ 0x000008A7 at PC 0x010F3548
[   5.189619] HW.Memory <Error> core\memory.cpp:Memory::MemorySystem::Write:528: unmapped Write8 0x00000000 @ 0x000008A8 at PC 0x010F3548
[   5.189620] HW.Memory <Error> core\memory.cpp:Memory::MemorySystem::Write:528: unmapped Write8 0x00000000 @ 0x000008A9 at PC 0x010F3548
[   5.189620] HW.Memory <Error> core\memory.cpp:Memory::MemorySystem::Write:528: unmapped Write8 0x00000000 @ 0x000008AA at PC 0x010F3548
[   5.189621] HW.Memory <Error> core\memory.cpp:Memory::MemorySystem::Write:528: unmapped Write8 0x00000000 @ 0x000008AB at PC 0x010F3548
[   5.189621] HW.Memory <Error> core\memory.cpp:Memory::MemorySystem::Write:528: unmapped Write8 0x00000000 @ 0x000008AC at PC 0x010F3548
[   5.189622] HW.Memory <Error> core\memory.cpp:Memory::MemorySystem::Write:528: unmapped Write8 0x00000000 @ 0x000008AD at PC 0x010F3548
[   5.189622] HW.Memory <Error> core\memory.cpp:Memory::MemorySystem::Write:528: unmapped Write8 0x00000000 @ 0x000008AE at PC 0x010F3548
[   5.189623] HW.Memory <Error> core\memory.cpp:Memory::MemorySystem::Write:528: unmapped Write8 0x00000000 @ 0x000008AF at PC 0x010F3548
[   5.189623] HW.Memory <Error> core\memory.cpp:Memory::MemorySystem::Write:528: unmapped Write8 0x00000000 @ 0x000008B0 at PC 0x010F3548
[   5.189624] HW.Memory <Error> core\memory.cpp:Memory::MemorySystem::Write:528: unmapped Write8 0x00000000 @ 0x000008B1 at PC 0x010F3548
[   5.189624] HW.Memory <Error> core\memory.cpp:Memory::MemorySystem::Write:528: unmapped Write8 0x00000000 @ 0x000008B2 at PC 0x010F3548
[   5.189625] HW.Memory <Error> core\memory.cpp:Memory::MemorySystem::Write:528: unmapped Write8 0x00000000 @ 0x000008B3 at PC 0x010F3548
[   5.189625] HW.Memory <Error> core\memory.cpp:Memory::MemorySystem::Write:528: unmapped Write8 0x00000000 @ 0x000008B4 at PC 0x010F3548
[   5.189626] HW.Memory <Error> core\memory.cpp:Memory::MemorySystem::Write:528: unmapped Write8 0x00000000 @ 0x000008B5 at PC 0x010F3548
[   5.189626] HW.Memory <Error> core\memory.cpp:Memory::MemorySystem::Write:528: unmapped Write8 0x00000000 @ 0x000008B6 at PC 0x010F3548
[   5.189627] HW.Memory <Error> core\memory.cpp:Memory::MemorySystem::Write:528: unmapped Write8 0x00000000 @ 0x000008B7 at PC 0x010F3548
[   5.189627] HW.Memory <Error> core\memory.cpp:Memory::MemorySystem::Write:528: unmapped Write8 0x00000000 @ 0x000008B8 at PC 0x010F3548
[   5.189628] HW.Memory <Error> core\memory.cpp:Memory::MemorySystem::Write:528: unmapped Write8 0x00000000 @ 0x000008B9 at PC 0x010F3548
[   5.189628] HW.Memory <Error> core\memory.cpp:Memory::MemorySystem::Write:528: unmapped Write8 0x00000000 @ 0x000008BA at PC 0x010F3548
[   5.189629] HW.Memory <Error> core\memory.cpp:Memory::MemorySystem::Write:528: unmapped Write8 0x00000000 @ 0x000008BB at PC 0x010F3548
[   5.189629] HW.Memory <Error> core\memory.cpp:Memory::MemorySystem::Write:528: unmapped Write8 0x00000000 @ 0x000008BC at PC 0x010F3548
[   5.189630] HW.Memory <Error> core\memory.cpp:Memory::MemorySystem::Write:528: unmapped Write8 0x00000000 @ 0x000008BD at PC 0x010F3548
[   5.189630] HW.Memory <Error> core\memory.cpp:Memory::MemorySystem::Write:528: unmapped Write8 0x00000000 @ 0x000008BE at PC 0x010F3548
[   5.189631] HW.Memory <Error> core\memory.cpp:Memory::MemorySystem::Write:528: unmapped Write8 0x00000000 @ 0x000008BF at PC 0x010F3548
[   5.189631] HW.Memory <Error> core\memory.cpp:Memory::MemorySystem::Write:528: unmapped Write8 0x00000000 @ 0x000008C0 at PC 0x010F3548
[   5.189631] HW.Memory <Error> core\memory.cpp:Memory::MemorySystem::Write:528: unmapped Write8 0x00000000 @ 0x000008C1 at PC 0x010F3548
[   5.189632] HW.Memory <Error> core\memory.cpp:Memory::MemorySystem::Write:528: unmapped Write8 0x00000000 @ 0x000008C2 at PC 0x010F3548
[   5.189632] HW.Memory <Error> core\memory.cpp:Memory::MemorySystem::Write:528: unmapped Write8 0x00000000 @ 0x000008C3 at PC 0x010F3548
[   5.189633] HW.Memory <Error> core\memory.cpp:Memory::MemorySystem::Write:528: unmapped Write8 0x00000000 @ 0x000008C4 at PC 0x010F3548
[   5.189633] HW.Memory <Error> core\memory.cpp:Memory::MemorySystem::Write:528: unmapped Write8 0x00000000 @ 0x000008C5 at PC 0x010F3548
[   5.189634] HW.Memory <Error> core\memory.cpp:Memory::MemorySystem::Write:528: unmapped Write8 0x00000000 @ 0x000008C6 at PC 0x010F3548
[   5.189634] HW.Memory <Error> core\memory.cpp:Memory::MemorySystem::Write:528: unmapped Write8 0x00000000 @ 0x000008C7 at PC 0x010F3548
[   5.189635] HW.Memory <Error> core\memory.cpp:Memory::MemorySystem::Write:528: unmapped Write8 0x00000000 @ 0x000008C8 at PC 0x010F3548
[   5.189635] HW.Memory <Error> core\memory.cpp:Memory::MemorySystem::Write:528: unmapped Write8 0x00000000 @ 0x000008C9 at PC 0x010F3548
[   5.189636] HW.Memory <Error> core\memory.cpp:Memory::MemorySystem::Write:528: unmapped Write8 0x00000000 @ 0x000008CA at PC 0x010F3548
[   5.189636] HW.Memory <Error> core\memory.cpp:Memory::MemorySystem::Write:528: unmapped Write8 0x00000000 @ 0x000008CB at PC 0x010F3548
[   5.189637] HW.Memory <Error> core\memory.cpp:Memory::MemorySystem::Write:528: unmapped Write8 0x00000000 @ 0x000008CC at PC 0x010F3548
[   5.189637] HW.Memory <Error> core\memory.cpp:Memory::MemorySystem::Write:528: unmapped Write8 0x00000000 @ 0x000008CD at PC 0x010F3548
[   5.189638] HW.Memory <Error> core\memory.cpp:Memory::MemorySystem::Write:528: unmapped Write8 0x00000000 @ 0x000008CE at PC 0x010F3548
[   5.189638] HW.Memory <Error> core\memory.cpp:Memory::MemorySystem::Write:528: unmapped Write8 0x00000000 @ 0x000008CF at PC 0x010F3548
[   5.189639] HW.Memory <Error> core\memory.cpp:Memory::MemorySystem::Write:528: unmapped Write8 0x00000000 @ 0x000008D0 at PC 0x010F3548
[   5.189639] HW.Memory <Error> core\memory.cpp:Memory::MemorySystem::Write:528: unmapped Write8 0x00000000 @ 0x000008D1 at PC 0x010F3548
[   5.189640] HW.Memory <Error> core\memory.cpp:Memory::MemorySystem::Write:528: unmapped Write8 0x00000000 @ 0x000008D2 at PC 0x010F3548
[   5.189641] HW.Memory <Error> core\memory.cpp:Memory::MemorySystem::Write:528: unmapped Write8 0x00000000 @ 0x000008D3 at PC 0x010F3548
[   5.189641] HW.Memory <Error> core\memory.cpp:Memory::MemorySystem::Write:528: unmapped Write8 0x00000000 @ 0x000008D4 at PC 0x010F3548
[   5.189642] HW.Memory <Error> core\memory.cpp:Memory::MemorySystem::Write:528: unmapped Write8 0x00000000 @ 0x000008D5 at PC 0x010F3548
[   5.189642] HW.Memory <Error> core\memory.cpp:Memory::MemorySystem::Write:528: unmapped Write8 0x00000000 @ 0x000008D6 at PC 0x010F3548
[   5.189643] HW.Memory <Error> core\memory.cpp:Memory::MemorySystem::Write:528: unmapped Write8 0x00000000 @ 0x000008D7 at PC 0x010F3548
[   5.189643] HW.Memory <Error> core\memory.cpp:Memory::MemorySystem::Write:528: unmapped Write8 0x00000000 @ 0x000008D8 at PC 0x010F3548
[   5.189644] HW.Memory <Error> core\memory.cpp:Memory::MemorySystem::Write:528: unmapped Write8 0x00000000 @ 0x000008D9 at PC 0x010F3548
[   5.189644] HW.Memory <Error> core\memory.cpp:Memory::MemorySystem::Write:528: unmapped Write8 0x00000000 @ 0x000008DA at PC 0x010F3548
[   5.189645] HW.Memory <Error> core\memory.cpp:Memory::MemorySystem::Write:528: unmapped Write8 0x00000000 @ 0x000008DB at PC 0x010F3548
[   5.189645] HW.Memory <Error> core\memory.cpp:Memory::MemorySystem::Write:528: unmapped Write8 0x00000000 @ 0x000008DC at PC 0x010F3548
[   5.189646] HW.Memory <Error> core\memory.cpp:Memory::MemorySystem::Write:528: unmapped Write8 0x00000000 @ 0x000008DD at PC 0x010F3548
[   5.189646] HW.Memory <Error> core\memory.cpp:Memory::MemorySystem::Write:528: unmapped Write8 0x00000000 @ 0x000008DE at PC 0x010F3548
[   5.189647] HW.Memory <Error> core\memory.cpp:Memory::MemorySystem::Write:528: unmapped Write8 0x00000000 @ 0x000008DF at PC 0x010F3548
[   5.189647] HW.Memory <Error> core\memory.cpp:Memory::MemorySystem::Write:528: unmapped Write8 0x00000000 @ 0x000008E0 at PC 0x010F3548
[   5.189648] HW.Memory <Error> core\memory.cpp:Memory::MemorySystem::Write:528: unmapped Write8 0x00000000 @ 0x000008E1 at PC 0x010F3548
[   5.189648] HW.Memory <Error> core\memory.cpp:Memory::MemorySystem::Write:528: unmapped Write8 0x00000000 @ 0x000008E2 at PC 0x010F3548
[   5.189649] HW.Memory <Error> core\memory.cpp:Memory::MemorySystem::Write:528: unmapped Write8 0x00000000 @ 0x000008E3 at PC 0x010F3548
[   5.189650] HW.Memory <Error> core\memory.cpp:Memory::MemorySystem::Write:528: unmapped Write8 0x00000000 @ 0x000008E4 at PC 0x010F3548
[   5.189650] HW.Memory <Error> core\memory.cpp:Memory::MemorySystem::Write:528: unmapped Write8 0x00000000 @ 0x000008E5 at PC 0x010F3548
[   5.189651] HW.Memory <Error> core\memory.cpp:Memory::MemorySystem::Write:528: unmapped Write8 0x00000000 @ 0x000008E6 at PC 0x010F3548
[   5.189651] HW.Memory <Error> core\memory.cpp:Memory::MemorySystem::Write:528: unmapped Write8 0x00000000 @ 0x000008E7 at PC 0x010F3548
[   5.189652] HW.Memory <Error> core\memory.cpp:Memory::MemorySystem::Write:528: unmapped Write8 0x00000000 @ 0x000008E8 at PC 0x010F3548
[   5.189652] HW.Memory <Error> core\memory.cpp:Memory::MemorySystem::Write:528: unmapped Write8 0x00000000 @ 0x000008E9 at PC 0x010F3548
[   5.189652] HW.Memory <Error> core\memory.cpp:Memory::MemorySystem::Write:528: unmapped Write8 0x00000000 @ 0x000008EA at PC 0x010F3548
[   5.189653] HW.Memory <Error> core\memory.cpp:Memory::MemorySystem::Write:528: unmapped Write8 0x00000000 @ 0x000008EB at PC 0x010F3548
[   5.189653] HW.Memory <Error> core\memory.cpp:Memory::MemorySystem::Write:528: unmapped Write8 0x00000000 @ 0x000008EC at PC 0x010F3548
[   5.189654] HW.Memory <Error> core\memory.cpp:Memory::MemorySystem::Write:528: unmapped Write8 0x00000000 @ 0x000008ED at PC 0x010F3548
[   5.189655] HW.Memory <Error> core\memory.cpp:Memory::MemorySystem::Write:528: unmapped Write8 0x00000000 @ 0x000008EE at PC 0x010F3548
[   5.189655] HW.Memory <Error> core\memory.cpp:Memory::MemorySystem::Write:528: unmapped Write8 0x00000000 @ 0x000008EF at PC 0x010F3548
[   5.189655] HW.Memory <Error> core\memory.cpp:Memory::MemorySystem::Write:528: unmapped Write8 0x00000000 @ 0x000008F0 at PC 0x010F3548
[   5.189656] HW.Memory <Error> core\memory.cpp:Memory::MemorySystem::Write:528: unmapped Write8 0x00000000 @ 0x000008F1 at PC 0x010F3548
[   5.189657] HW.Memory <Error> core\memory.cpp:Memory::MemorySystem::Write:528: unmapped Write8 0x00000000 @ 0x000008F2 at PC 0x010F3548
[   5.189657] HW.Memory <Error> core\memory.cpp:Memory::MemorySystem::Write:528: unmapped Write8 0x00000000 @ 0x000008F3 at PC 0x010F3548
[   5.189658] HW.Memory <Error> core\memory.cpp:Memory::MemorySystem::Write:528: unmapped Write8 0x00000000 @ 0x000008F4 at PC 0x010F3548
[   5.189658] HW.Memory <Error> core\memory.cpp:Memory::MemorySystem::Write:528: unmapped Write8 0x00000000 @ 0x000008F5 at PC 0x010F3548
[   5.189658] HW.Memory <Error> core\memory.cpp:Memory::MemorySystem::Write:528: unmapped Write8 0x00000000 @ 0x000008F6 at PC 0x010F3548
[   5.189659] HW.Memory <Error> core\memory.cpp:Memory::MemorySystem::Write:528: unmapped Write8 0x00000000 @ 0x000008F7 at PC 0x010F3548
[   5.189659] HW.Memory <Error> core\memory.cpp:Memory::MemorySystem::Write:528: unmapped Write8 0x00000000 @ 0x000008F8 at PC 0x010F3548
[   5.189660] HW.Memory <Error> core\memory.cpp:Memory::MemorySystem::Write:528: unmapped Write8 0x00000000 @ 0x000008F9 at PC 0x010F3548
[   5.189660] HW.Memory <Error> core\memory.cpp:Memory::MemorySystem::Write:528: unmapped Write8 0x00000000 @ 0x000008FA at PC 0x010F3548
[   5.189661] HW.Memory <Error> core\memory.cpp:Memory::MemorySystem::Write:528: unmapped Write8 0x00000000 @ 0x000008FB at PC 0x010F3548
[   5.189661] HW.Memory <Error> core\memory.cpp:Memory::MemorySystem::Write:528: unmapped Write8 0x00000000 @ 0x000008FC at PC 0x010F3548
[   5.189662] HW.Memory <Error> core\memory.cpp:Memory::MemorySystem::Write:528: unmapped Write8 0x00000000 @ 0x000008FD at PC 0x010F3548
[   5.189662] HW.Memory <Error> core\memory.cpp:Memory::MemorySystem::Write:528: unmapped Write8 0x00000000 @ 0x000008FE at PC 0x010F3548
[   5.189662] HW.Memory <Error> core\memory.cpp:Memory::MemorySystem::Write:528: unmapped Write8 0x00000000 @ 0x000008FF at PC 0x010F3548
[   5.189663] HW.Memory <Error> core\memory.cpp:Memory::MemorySystem::Write:528: unmapped Write8 0x00000000 @ 0x00000900 at PC 0x010F3548
[   5.189663] HW.Memory <Error> core\memory.cpp:Memory::MemorySystem::Write:528: unmapped Write8 0x00000000 @ 0x00000901 at PC 0x010F3548
[   5.189664] HW.Memory <Error> core\memory.cpp:Memory::MemorySystem::Write:528: unmapped Write8 0x00000000 @ 0x00000902 at PC 0x010F3548
[   5.189664] HW.Memory <Error> core\memory.cpp:Memory::MemorySystem::Write:528: unmapped Write8 0x00000000 @ 0x00000903 at PC 0x010F3548
[   5.189664] HW.Memory <Error> core\memory.cpp:Memory::MemorySystem::Write:528: unmapped Write8 0x00000000 @ 0x00000904 at PC 0x010F3548
[   5.189665] HW.Memory <Error> core\memory.cpp:Memory::MemorySystem::Write:528: unmapped Write8 0x00000000 @ 0x00000905 at PC 0x010F3548
[   5.189666] HW.Memory <Error> core\memory.cpp:Memory::MemorySystem::Write:528: unmapped Write8 0x00000000 @ 0x00000906 at PC 0x010F3548
[   5.189666] HW.Memory <Error> core\memory.cpp:Memory::MemorySystem::Write:528: unmapped Write8 0x00000000 @ 0x00000907 at PC 0x010F3548
[   5.189667] HW.Memory <Error> core\memory.cpp:Memory::MemorySystem::Write:528: unmapped Write8 0x00000000 @ 0x00000908 at PC 0x010F3548
[   5.189667] HW.Memory <Error> core\memory.cpp:Memory::MemorySystem::Write:528: unmapped Write8 0x00000000 @ 0x00000909 at PC 0x010F3548
[   5.189668] HW.Memory <Error> core\memory.cpp:Memory::MemorySystem::Write:528: unmapped Write8 0x00000000 @ 0x0000090A at PC 0x010F3548
[   5.189668] HW.Memory <Error> core\memory.cpp:Memory::MemorySystem::Write:528: unmapped Write8 0x00000000 @ 0x0000090B at PC 0x010F3548
[   5.189669] HW.Memory <Error> core\memory.cpp:Memory::MemorySystem::Write:528: unmapped Write8 0x00000000 @ 0x0000090C at PC 0x010F3548
[   5.189669] HW.Memory <Error> core\memory.cpp:Memory::MemorySystem::Write:528: unmapped Write8 0x00000000 @ 0x0000090D at PC 0x010F3548
[   5.189670] HW.Memory <Error> core\memory.cpp:Memory::MemorySystem::Write:528: unmapped Write8 0x00000000 @ 0x0000090E at PC 0x010F3548
[   5.189670] HW.Memory <Error> core\memory.cpp:Memory::MemorySystem::Write:528: unmapped Write8 0x00000000 @ 0x0000090F at PC 0x010F3548
[   5.189671] HW.Memory <Error> core\memory.cpp:Memory::MemorySystem::Write:528: unmapped Write8 0x00000000 @ 0x00000910 at PC 0x010F3548
[   5.189671] HW.Memory <Error> core\memory.cpp:Memory::MemorySystem::Write:528: unmapped Write8 0x00000000 @ 0x00000911 at PC 0x010F3548
[   5.189674] HW.Memory <Error> core\memory.cpp:Memory::MemorySystem::Write:528: unmapped Write8 0x00000000 @ 0x00000912 at PC 0x010F3548
[   5.189676] HW.Memory <Error> core\memory.cpp:Memory::MemorySystem::Write:528: unmapped Write8 0x00000000 @ 0x00000913 at PC 0x010F3548
[   5.189676] HW.Memory <Error> core\memory.cpp:Memory::MemorySystem::Write:528: unmapped Write8 0x00000000 @ 0x00000914 at PC 0x010F3548
[   5.189677] HW.Memory <Error> core\memory.cpp:Memory::MemorySystem::Write:528: unmapped Write8 0x00000000 @ 0x00000915 at PC 0x010F3548
[   5.189677] HW.Memory <Error> core\memory.cpp:Memory::MemorySystem::Write:528: unmapped Write8 0x00000000 @ 0x00000916 at PC 0x010F3548
[   5.189678] HW.Memory <Error> core\memory.cpp:Memory::MemorySystem::Write:528: unmapped Write8 0x00000000 @ 0x00000917 at PC 0x010F3548
[   5.189678] HW.Memory <Error> core\memory.cpp:Memory::MemorySystem::Write:528: unmapped Write8 0x00000000 @ 0x00000918 at PC 0x010F3548
[   5.189679] HW.Memory <Error> core\memory.cpp:Memory::MemorySystem::Write:528: unmapped Write8 0x00000000 @ 0x00000919 at PC 0x010F3548
[   5.189679] HW.Memory <Error> core\memory.cpp:Memory::MemorySystem::Write:528: unmapped Write8 0x00000000 @ 0x0000091A at PC 0x010F3548
[   5.189680] HW.Memory <Error> core\memory.cpp:Memory::MemorySystem::Write:528: unmapped Write8 0x00000000 @ 0x0000091B at PC 0x010F3548
[   5.189680] HW.Memory <Error> core\memory.cpp:Memory::MemorySystem::Write:528: unmapped Write8 0x00000000 @ 0x0000091C at PC 0x010F3548
[   5.189681] HW.Memory <Error> core\memory.cpp:Memory::MemorySystem::Write:528: unmapped Write8 0x00000000 @ 0x0000091D at PC 0x010F3548
[   5.189681] HW.Memory <Error> core\memory.cpp:Memory::MemorySystem::Write:528: unmapped Write8 0x00000000 @ 0x0000091E at PC 0x010F3548
[   5.189682] HW.Memory <Error> core\memory.cpp:Memory::MemorySystem::Write:528: unmapped Write8 0x00000000 @ 0x0000091F at PC 0x010F3548
[   5.189713] HW.Memory <Error> core\memory.cpp:Memory::MemorySystem::Write:528: unmapped Write8 0x00000000 @ 0x00000920 at PC 0x010F3548
[   5.189714] HW.Memory <Error> core\memory.cpp:Memory::MemorySystem::Write:528: unmapped Write8 0x00000000 @ 0x00000921 at PC 0x010F3548
[   5.189714] HW.Memory <Error> core\memory.cpp:Memory::MemorySystem::Write:528: unmapped Write8 0x00000000 @ 0x00000922 at PC 0x010F3548
[   5.189715] HW.Memory <Error> core\memory.cpp:Memory::MemorySystem::Write:528: unmapped Write8 0x00000000 @ 0x00000923 at PC 0x010F3548
[   5.189715] HW.Memory <Error> core\memory.cpp:Memory::MemorySystem::Write:528: unmapped Write8 0x00000000 @ 0x00000924 at PC 0x010F3548
[   5.189716] HW.Memory <Error> core\memory.cpp:Memory::MemorySystem::Write:528: unmapped Write8 0x00000000 @ 0x00000925 at PC 0x010F3548
[   5.189716] HW.Memory <Error> core\memory.cpp:Memory::MemorySystem::Write:528: unmapped Write8 0x00000000 @ 0x00000926 at PC 0x010F3548
[   5.189716] HW.Memory <Error> core\memory.cpp:Memory::MemorySystem::Write:528: unmapped Write8 0x00000000 @ 0x00000927 at PC 0x010F3548
[   5.189717] HW.Memory <Error> core\memory.cpp:Memory::MemorySystem::Write:528: unmapped Write8 0x00000000 @ 0x00000928 at PC 0x010F3548
[   5.189717] HW.Memory <Error> core\memory.cpp:Memory::MemorySystem::Write:528: unmapped Write8 0x00000000 @ 0x00000929 at PC 0x010F3548
[   5.189718] HW.Memory <Error> core\memory.cpp:Memory::MemorySystem::Write:528: unmapped Write8 0x00000000 @ 0x0000092A at PC 0x010F3548
[   5.189718] HW.Memory <Error> core\memory.cpp:Memory::MemorySystem::Write:528: unmapped Write8 0x00000000 @ 0x0000092B at PC 0x010F3548
[   5.189719] HW.Memory <Error> core\memory.cpp:Memory::MemorySystem::Write:528: unmapped Write8 0x00000000 @ 0x0000092C at PC 0x010F3548
[   5.189719] HW.Memory <Error> core\memory.cpp:Memory::MemorySystem::Write:528: unmapped Write8 0x00000000 @ 0x0000092D at PC 0x010F3548
[   5.189720] HW.Memory <Error> core\memory.cpp:Memory::MemorySystem::Write:528: unmapped Write8 0x00000000 @ 0x0000092E at PC 0x010F3548
[   5.189720] HW.Memory <Error> core\memory.cpp:Memory::MemorySystem::Write:528: unmapped Write8 0x00000000 @ 0x0000092F at PC 0x010F3548
[   5.189720] HW.Memory <Error> core\memory.cpp:Memory::MemorySystem::Write:528: unmapped Write8 0x00000000 @ 0x00000930 at PC 0x010F3548
[   5.189721] HW.Memory <Error> core\memory.cpp:Memory::MemorySystem::Write:528: unmapped Write8 0x00000000 @ 0x00000931 at PC 0x010F3548
[   5.189721] HW.Memory <Error> core\memory.cpp:Memory::MemorySystem::Write:528: unmapped Write8 0x00000000 @ 0x00000932 at PC 0x010F3548
[   5.189722] HW.Memory <Error> core\memory.cpp:Memory::MemorySystem::Write:528: unmapped Write8 0x00000000 @ 0x00000933 at PC 0x010F3548
[   5.189722] HW.Memory <Error> core\memory.cpp:Memory::MemorySystem::Write:528: unmapped Write8 0x00000000 @ 0x00000934 at PC 0x010F3548
[   5.189723] HW.Memory <Error> core\memory.cpp:Memory::MemorySystem::Write:528: unmapped Write8 0x00000000 @ 0x00000935 at PC 0x010F3548
[   5.189723] HW.Memory <Error> core\memory.cpp:Memory::MemorySystem::Write:528: unmapped Write8 0x00000000 @ 0x00000936 at PC 0x010F3548
[   5.189723] HW.Memory <Error> core\memory.cpp:Memory::MemorySystem::Write:528: unmapped Write8 0x00000000 @ 0x00000937 at PC 0x010F3548
[   5.189724] HW.Memory <Error> core\memory.cpp:Memory::MemorySystem::Write:528: unmapped Write8 0x00000000 @ 0x00000938 at PC 0x010F3548
[   5.189725] HW.Memory <Error> core\memory.cpp:Memory::MemorySystem::Write:528: unmapped Write8 0x00000000 @ 0x00000939 at PC 0x010F3548
[   5.189725] HW.Memory <Error> core\memory.cpp:Memory::MemorySystem::Write:528: unmapped Write8 0x00000000 @ 0x0000093A at PC 0x010F3548
[   5.189725] HW.Memory <Error> core\memory.cpp:Memory::MemorySystem::Write:528: unmapped Write8 0x00000000 @ 0x0000093B at PC 0x010F3548
[   5.189726] HW.Memory <Error> core\memory.cpp:Memory::MemorySystem::Write:528: unmapped Write8 0x00000000 @ 0x0000093C at PC 0x010F3548
[   5.189726] HW.Memory <Error> core\memory.cpp:Memory::MemorySystem::Write:528: unmapped Write8 0x00000000 @ 0x0000093D at PC 0x010F3548
[   5.189727] HW.Memory <Error> core\memory.cpp:Memory::MemorySystem::Write:528: unmapped Write8 0x00000000 @ 0x0000093E at PC 0x010F3548
[   5.189727] HW.Memory <Error> core\memory.cpp:Memory::MemorySystem::Write:528: unmapped Write8 0x00000000 @ 0x0000093F at PC 0x010F3548
[   5.189727] HW.Memory <Error> core\memory.cpp:Memory::MemorySystem::Write:528: unmapped Write8 0x00000000 @ 0x00000940 at PC 0x010F3548
[   5.189728] HW.Memory <Error> core\memory.cpp:Memory::MemorySystem::Write:528: unmapped Write8 0x00000000 @ 0x00000941 at PC 0x010F3548
[   5.189728] HW.Memory <Error> core\memory.cpp:Memory::MemorySystem::Write:528: unmapped Write8 0x00000000 @ 0x00000942 at PC 0x010F3548
[   5.189729] HW.Memory <Error> core\memory.cpp:Memory::MemorySystem::Write:528: unmapped Write8 0x00000000 @ 0x00000943 at PC 0x010F3548
[   5.189729] HW.Memory <Error> core\memory.cpp:Memory::MemorySystem::Write:528: unmapped Write8 0x00000000 @ 0x00000944 at PC 0x010F3548
[   5.189729] HW.Memory <Error> core\memory.cpp:Memory::MemorySystem::Write:528: unmapped Write8 0x00000000 @ 0x00000945 at PC 0x010F3548
[   5.189730] HW.Memory <Error> core\memory.cpp:Memory::MemorySystem::Write:528: unmapped Write8 0x00000000 @ 0x00000946 at PC 0x010F3548
[   5.189730] HW.Memory <Error> core\memory.cpp:Memory::MemorySystem::Write:528: unmapped Write8 0x00000000 @ 0x00000947 at PC 0x010F3548
[   5.189731] HW.Memory <Error> core\memory.cpp:Memory::MemorySystem::Write:528: unmapped Write8 0x00000000 @ 0x00000948 at PC 0x010F3548
[   5.189731] HW.Memory <Error> core\memory.cpp:Memory::MemorySystem::Write:528: unmapped Write8 0x00000000 @ 0x00000949 at PC 0x010F3548
[   5.189732] HW.Memory <Error> core\memory.cpp:Memory::MemorySystem::Write:528: unmapped Write8 0x00000000 @ 0x0000094A at PC 0x010F3548
[   5.189732] HW.Memory <Error> core\memory.cpp:Memory::MemorySystem::Write:528: unmapped Write8 0x00000000 @ 0x0000094B at PC 0x010F3548
[   5.189733] HW.Memory <Error> core\memory.cpp:Memory::MemorySystem::Write:528: unmapped Write8 0x00000000 @ 0x0000094C at PC 0x010F3548
[   5.189734] HW.Memory <Error> core\memory.cpp:Memory::MemorySystem::Write:528: unmapped Write8 0x00000000 @ 0x0000094D at PC 0x010F3548
[   5.189734] HW.Memory <Error> core\memory.cpp:Memory::MemorySystem::Write:528: unmapped Write8 0x00000000 @ 0x0000094E at PC 0x010F3548
[   5.189735] HW.Memory <Error> core\memory.cpp:Memory::MemorySystem::Write:528: unmapped Write8 0x00000000 @ 0x0000094F at PC 0x010F3548
[   5.189735] HW.Memory <Error> core\memory.cpp:Memory::MemorySystem::Write:528: unmapped Write8 0x00000000 @ 0x00000950 at PC 0x010F3548
[   5.189736] HW.Memory <Error> core\memory.cpp:Memory::MemorySystem::Write:528: unmapped Write8 0x00000000 @ 0x00000951 at PC 0x010F3548
[   5.189736] HW.Memory <Error> core\memory.cpp:Memory::MemorySystem::Write:528: unmapped Write8 0x00000000 @ 0x00000952 at PC 0x010F3548
[   5.189737] HW.Memory <Error> core\memory.cpp:Memory::MemorySystem::Write:528: unmapped Write8 0x00000000 @ 0x00000953 at PC 0x010F3548
[   5.189737] HW.Memory <Error> core\memory.cpp:Memory::MemorySystem::Write:528: unmapped Write8 0x00000000 @ 0x00000954 at PC 0x010F3548
[   5.189738] HW.Memory <Error> core\memory.cpp:Memory::MemorySystem::Write:528: unmapped Write8 0x00000000 @ 0x00000955 at PC 0x010F3548
[   5.189738] HW.Memory <Error> core\memory.cpp:Memory::MemorySystem::Write:528: unmapped Write8 0x00000000 @ 0x00000956 at PC 0x010F3548
[   5.189739] HW.Memory <Error> core\memory.cpp:Memory::MemorySystem::Write:528: unmapped Write8 0x00000000 @ 0x00000957 at PC 0x010F3548
[   5.189739] HW.Memory <Error> core\memory.cpp:Memory::MemorySystem::Write:528: unmapped Write8 0x00000000 @ 0x00000958 at PC 0x010F3548
[   5.189740] HW.Memory <Error> core\memory.cpp:Memory::MemorySystem::Write:528: unmapped Write8 0x00000000 @ 0x00000959 at PC 0x010F3548
[   5.189740] HW.Memory <Error> core\memory.cpp:Memory::MemorySystem::Write:528: unmapped Write8 0x00000000 @ 0x0000095A at PC 0x010F3548
[   5.189741] HW.Memory <Error> core\memory.cpp:Memory::MemorySystem::Write:528: unmapped Write8 0x00000000 @ 0x0000095B at PC 0x010F3548
[   5.189741] HW.Memory <Error> core\memory.cpp:Memory::MemorySystem::Write:528: unmapped Write8 0x00000000 @ 0x0000095C at PC 0x010F3548
[   5.189742] HW.Memory <Error> core\memory.cpp:Memory::MemorySystem::Write:528: unmapped Write8 0x00000000 @ 0x0000095D at PC 0x010F3548
[   5.189742] HW.Memory <Error> core\memory.cpp:Memory::MemorySystem::Write:528: unmapped Write8 0x00000000 @ 0x0000095E at PC 0x010F3548
[   5.189743] HW.Memory <Error> core\memory.cpp:Memory::MemorySystem::Write:528: unmapped Write8 0x00000000 @ 0x0000095F at PC 0x010F3548
[   5.189743] HW.Memory <Error> core\memory.cpp:Memory::MemorySystem::Write:528: unmapped Write8 0x00000000 @ 0x00000960 at PC 0x010F3548
[   5.189744] HW.Memory <Error> core\memory.cpp:Memory::MemorySystem::Write:528: unmapped Write8 0x00000000 @ 0x00000961 at PC 0x010F3548
[   5.189744] HW.Memory <Error> core\memory.cpp:Memory::MemorySystem::Write:528: unmapped Write8 0x00000000 @ 0x00000962 at PC 0x010F3548
[   5.189745] HW.Memory <Error> core\memory.cpp:Memory::MemorySystem::Write:528: unmapped Write8 0x00000000 @ 0x00000963 at PC 0x010F3548
[   5.189745] HW.Memory <Error> core\memory.cpp:Memory::MemorySystem::Write:528: unmapped Write8 0x00000000 @ 0x00000964 at PC 0x010F3548
[   5.189745] HW.Memory <Error> core\memory.cpp:Memory::MemorySystem::Write:528: unmapped Write8 0x00000000 @ 0x00000965 at PC 0x010F3548
[   5.189746] HW.Memory <Error> core\memory.cpp:Memory::MemorySystem::Write:528: unmapped Write8 0x00000000 @ 0x00000966 at PC 0x010F3548
[   5.189746] HW.Memory <Error> core\memory.cpp:Memory::MemorySystem::Write:528: unmapped Write8 0x00000000 @ 0x00000967 at PC 0x010F3548
[   5.189747] HW.Memory <Error> core\memory.cpp:Memory::MemorySystem::Write:528: unmapped Write8 0x00000000 @ 0x00000968 at PC 0x010F3548
[   5.189747] HW.Memory <Error> core\memory.cpp:Memory::MemorySystem::Write:528: unmapped Write8 0x00000000 @ 0x00000969 at PC 0x010F3548
[   5.189748] HW.Memory <Error> core\memory.cpp:Memory::MemorySystem::Write:528: unmapped Write8 0x00000000 @ 0x0000096A at PC 0x010F3548
[   5.189748] HW.Memory <Error> core\memory.cpp:Memory::MemorySystem::Write:528: unmapped Write8 0x00000000 @ 0x0000096B at PC 0x010F3548
[   5.189748] HW.Memory <Error> core\memory.cpp:Memory::MemorySystem::Write:528: unmapped Write8 0x00000000 @ 0x0000096C at PC 0x010F3548
[   5.189749] HW.Memory <Error> core\memory.cpp:Memory::MemorySystem::Write:528: unmapped Write8 0x00000000 @ 0x0000096D at PC 0x010F3548
[   5.189749] HW.Memory <Error> core\memory.cpp:Memory::MemorySystem::Write:528: unmapped Write8 0x00000000 @ 0x0000096E at PC 0x010F3548
[   5.189750] HW.Memory <Error> core\memory.cpp:Memory::MemorySystem::Write:528: unmapped Write8 0x00000000 @ 0x0000096F at PC 0x010F3548
[   5.189750] HW.Memory <Error> core\memory.cpp:Memory::MemorySystem::Write:528: unmapped Write8 0x00000000 @ 0x00000970 at PC 0x010F3548
[   5.189751] HW.Memory <Error> core\memory.cpp:Memory::MemorySystem::Write:528: unmapped Write8 0x00000000 @ 0x00000971 at PC 0x010F3548
[   5.189751] HW.Memory <Error> core\memory.cpp:Memory::MemorySystem::Write:528: unmapped Write8 0x00000000 @ 0x00000972 at PC 0x010F3548
[   5.189751] HW.Memory <Error> core\memory.cpp:Memory::MemorySystem::Write:528: unmapped Write8 0x00000000 @ 0x00000973 at PC 0x010F3548
[   5.189752] HW.Memory <Error> core\memory.cpp:Memory::MemorySystem::Write:528: unmapped Write8 0x00000000 @ 0x00000974 at PC 0x010F3548
[   5.189752] HW.Memory <Error> core\memory.cpp:Memory::MemorySystem::Write:528: unmapped Write8 0x00000000 @ 0x00000975 at PC 0x010F3548
[   5.189753] HW.Memory <Error> core\memory.cpp:Memory::MemorySystem::Write:528: unmapped Write8 0x00000000 @ 0x00000976 at PC 0x010F3548
[   5.189753] HW.Memory <Error> core\memory.cpp:Memory::MemorySystem::Write:528: unmapped Write8 0x00000000 @ 0x00000977 at PC 0x010F3548
[   5.189754] HW.Memory <Error> core\memory.cpp:Memory::MemorySystem::Write:528: unmapped Write8 0x00000000 @ 0x00000978 at PC 0x010F3548
[   5.189754] HW.Memory <Error> core\memory.cpp:Memory::MemorySystem::Write:528: unmapped Write8 0x00000000 @ 0x00000979 at PC 0x010F3548
[   5.189754] HW.Memory <Error> core\memory.cpp:Memory::MemorySystem::Write:528: unmapped Write8 0x00000000 @ 0x0000097A at PC 0x010F3548
[   5.189755] HW.Memory <Error> core\memory.cpp:Memory::MemorySystem::Write:528: unmapped Write8 0x00000000 @ 0x0000097B at PC 0x010F3548
[   5.189755] HW.Memory <Error> core\memory.cpp:Memory::MemorySystem::Write:528: unmapped Write8 0x00000000 @ 0x0000097C at PC 0x010F3548
[   5.189756] HW.Memory <Error> core\memory.cpp:Memory::MemorySystem::Write:528: unmapped Write8 0x00000000 @ 0x0000097D at PC 0x010F3548
[   5.189756] HW.Memory <Error> core\memory.cpp:Memory::MemorySystem::Write:528: unmapped Write8 0x00000000 @ 0x0000097E at PC 0x010F3548
[   5.189757] HW.Memory <Error> core\memory.cpp:Memory::MemorySystem::Write:528: unmapped Write8 0x00000000 @ 0x0000097F at PC 0x010F3548
[   5.189757] HW.Memory <Error> core\memory.cpp:Memory::MemorySystem::Write:528: unmapped Write8 0x00000000 @ 0x00000980 at PC 0x010F3548
[   5.189757] HW.Memory <Error> core\memory.cpp:Memory::MemorySystem::Write:528: unmapped Write8 0x00000000 @ 0x00000981 at PC 0x010F3548
[   5.189758] HW.Memory <Error> core\memory.cpp:Memory::MemorySystem::Write:528: unmapped Write8 0x00000000 @ 0x00000982 at PC 0x010F3548
[   5.189758] HW.Memory <Error> core\memory.cpp:Memory::MemorySystem::Write:528: unmapped Write8 0x00000000 @ 0x00000983 at PC 0x010F3548
[   5.189759] HW.Memory <Error> core\memory.cpp:Memory::MemorySystem::Write:528: unmapped Write8 0x00000000 @ 0x00000984 at PC 0x010F3548
[   5.189759] HW.Memory <Error> core\memory.cpp:Memory::MemorySystem::Write:528: unmapped Write8 0x00000000 @ 0x00000985 at PC 0x010F3548
[   5.189760] HW.Memory <Error> core\memory.cpp:Memory::MemorySystem::Write:528: unmapped Write8 0x00000000 @ 0x00000986 at PC 0x010F3548
[   5.189760] HW.Memory <Error> core\memory.cpp:Memory::MemorySystem::Write:528: unmapped Write8 0x00000000 @ 0x00000987 at PC 0x010F3548
[   5.189761] HW.Memory <Error> core\memory.cpp:Memory::MemorySystem::Write:528: unmapped Write8 0x00000000 @ 0x00000988 at PC 0x010F3548
[   5.189761] HW.Memory <Error> core\memory.cpp:Memory::MemorySystem::Write:528: unmapped Write8 0x00000000 @ 0x00000989 at PC 0x010F3548
[   5.189762] HW.Memory <Error> core\memory.cpp:Memory::MemorySystem::Write:528: unmapped Write8 0x00000000 @ 0x0000098A at PC 0x010F3548
[   5.189762] HW.Memory <Error> core\memory.cpp:Memory::MemorySystem::Write:528: unmapped Write8 0x00000000 @ 0x0000098B at PC 0x010F3548
[   5.189763] HW.Memory <Error> core\memory.cpp:Memory::MemorySystem::Write:528: unmapped Write8 0x00000000 @ 0x0000098C at PC 0x010F3548
[   5.189764] HW.Memory <Error> core\memory.cpp:Memory::MemorySystem::Write:528: unmapped Write8 0x00000000 @ 0x0000098D at PC 0x010F3548
[   5.189764] HW.Memory <Error> core\memory.cpp:Memory::MemorySystem::Write:528: unmapped Write8 0x00000000 @ 0x0000098E at PC 0x010F3548
[   5.189764] HW.Memory <Error> core\memory.cpp:Memory::MemorySystem::Write:528: unmapped Write8 0x00000000 @ 0x0000098F at PC 0x010F3548
[   5.189765] HW.Memory <Error> core\memory.cpp:Memory::MemorySystem::Write:528: unmapped Write8 0x00000000 @ 0x00000990 at PC 0x010F3548
[   5.189765] HW.Memory <Error> core\memory.cpp:Memory::MemorySystem::Write:528: unmapped Write8 0x00000000 @ 0x00000991 at PC 0x010F3548
[   5.189766] HW.Memory <Error> core\memory.cpp:Memory::MemorySystem::Write:528: unmapped Write8 0x00000000 @ 0x00000992 at PC 0x010F3548
[   5.189766] HW.Memory <Error> core\memory.cpp:Memory::MemorySystem::Write:528: unmapped Write8 0x00000000 @ 0x00000993 at PC 0x010F3548
[   5.189767] HW.Memory <Error> core\memory.cpp:Memory::MemorySystem::Write:528: unmapped Write8 0x00000000 @ 0x00000994 at PC 0x010F3548
[   5.189767] HW.Memory <Error> core\memory.cpp:Memory::MemorySystem::Write:528: unmapped Write8 0x00000000 @ 0x00000995 at PC 0x010F3548
[   5.189768] HW.Memory <Error> core\memory.cpp:Memory::MemorySystem::Write:528: unmapped Write8 0x00000000 @ 0x00000996 at PC 0x010F3548
[   5.189768] HW.Memory <Error> core\memory.cpp:Memory::MemorySystem::Write:528: unmapped Write8 0x00000000 @ 0x00000997 at PC 0x010F3548
[   5.189769] HW.Memory <Error> core\memory.cpp:Memory::MemorySystem::Write:528: unmapped Write8 0x00000000 @ 0x00000998 at PC 0x010F3548
[   5.189769] HW.Memory <Error> core\memory.cpp:Memory::MemorySystem::Write:528: unmapped Write8 0x00000000 @ 0x00000999 at PC 0x010F3548
[   5.189770] HW.Memory <Error> core\memory.cpp:Memory::MemorySystem::Write:528: unmapped Write8 0x00000000 @ 0x0000099A at PC 0x010F3548
[   5.189770] HW.Memory <Error> core\memory.cpp:Memory::MemorySystem::Write:528: unmapped Write8 0x00000000 @ 0x0000099B at PC 0x010F3548
[   5.189771] HW.Memory <Error> core\memory.cpp:Memory::MemorySystem::Write:528: unmapped Write8 0x00000000 @ 0x0000099C at PC 0x010F3548
[   5.189771] HW.Memory <Error> core\memory.cpp:Memory::MemorySystem::Write:528: unmapped Write8 0x00000000 @ 0x0000099D at PC 0x010F3548
[   5.189772] HW.Memory <Error> core\memory.cpp:Memory::MemorySystem::Write:528: unmapped Write8 0x00000000 @ 0x0000099E at PC 0x010F3548
[   5.189772] HW.Memory <Error> core\memory.cpp:Memory::MemorySystem::Write:528: unmapped Write8 0x00000000 @ 0x0000099F at PC 0x010F3548
[   5.189773] HW.Memory <Error> core\memory.cpp:Memory::MemorySystem::Write:528: unmapped Write8 0x00000000 @ 0x000009A0 at PC 0x010F3548
[   5.189773] HW.Memory <Error> core\memory.cpp:Memory::MemorySystem::Write:528: unmapped Write8 0x00000000 @ 0x000009A1 at PC 0x010F3548
[   5.189774] HW.Memory <Error> core\memory.cpp:Memory::MemorySystem::Write:528: unmapped Write8 0x00000000 @ 0x000009A2 at PC 0x010F3548
[   5.189774] HW.Memory <Error> core\memory.cpp:Memory::MemorySystem::Write:528: unmapped Write8 0x00000000 @ 0x000009A3 at PC 0x010F3548
[   5.189775] HW.Memory <Error> core\memory.cpp:Memory::MemorySystem::Write:528: unmapped Write8 0x00000000 @ 0x000009A4 at PC 0x010F3548
[   5.189775] HW.Memory <Error> core\memory.cpp:Memory::MemorySystem::Write:528: unmapped Write8 0x00000000 @ 0x000009A5 at PC 0x010F3548
[   5.189776] HW.Memory <Error> core\memory.cpp:Memory::MemorySystem::Write:528: unmapped Write8 0x00000000 @ 0x000009A6 at PC 0x010F3548
[   5.189776] HW.Memory <Error> core\memory.cpp:Memory::MemorySystem::Write:528: unmapped Write8 0x00000000 @ 0x000009A7 at PC 0x010F3548
[   5.189777] HW.Memory <Error> core\memory.cpp:Memory::MemorySystem::Write:528: unmapped Write8 0x00000000 @ 0x000009A8 at PC 0x010F3548
[   5.189777] HW.Memory <Error> core\memory.cpp:Memory::MemorySystem::Write:528: unmapped Write8 0x00000000 @ 0x000009A9 at PC 0x010F3548
[   5.189778] HW.Memory <Error> core\memory.cpp:Memory::MemorySystem::Write:528: unmapped Write8 0x00000000 @ 0x000009AA at PC 0x010F3548
[   5.189778] HW.Memory <Error> core\memory.cpp:Memory::MemorySystem::Write:528: unmapped Write8 0x00000000 @ 0x000009AB at PC 0x010F3548
[   5.189779] HW.Memory <Error> core\memory.cpp:Memory::MemorySystem::Write:528: unmapped Write8 0x00000000 @ 0x000009AC at PC 0x010F3548
[   5.189779] HW.Memory <Error> core\memory.cpp:Memory::MemorySystem::Write:528: unmapped Write8 0x00000000 @ 0x000009AD at PC 0x010F3548
[   5.189780] HW.Memory <Error> core\memory.cpp:Memory::MemorySystem::Write:528: unmapped Write8 0x00000000 @ 0x000009AE at PC 0x010F3548
[   5.189780] HW.Memory <Error> core\memory.cpp:Memory::MemorySystem::Write:528: unmapped Write8 0x00000000 @ 0x000009AF at PC 0x010F3548
[   5.189780] HW.Memory <Error> core\memory.cpp:Memory::MemorySystem::Write:528: unmapped Write8 0x00000000 @ 0x000009B0 at PC 0x010F3548
[   5.189781] HW.Memory <Error> core\memory.cpp:Memory::MemorySystem::Write:528: unmapped Write8 0x00000000 @ 0x000009B1 at PC 0x010F3548
[   5.189781] HW.Memory <Error> core\memory.cpp:Memory::MemorySystem::Write:528: unmapped Write8 0x00000000 @ 0x000009B2 at PC 0x010F3548
[   5.189782] HW.Memory <Error> core\memory.cpp:Memory::MemorySystem::Write:528: unmapped Write8 0x00000000 @ 0x000009B3 at PC 0x010F3548
[   5.189782] HW.Memory <Error> core\memory.cpp:Memory::MemorySystem::Write:528: unmapped Write8 0x00000000 @ 0x000009B4 at PC 0x010F3548
[   5.189783] HW.Memory <Error> core\memory.cpp:Memory::MemorySystem::Write:528: unmapped Write8 0x00000000 @ 0x000009B5 at PC 0x010F3548
[   5.189783] HW.Memory <Error> core\memory.cpp:Memory::MemorySystem::Write:528: unmapped Write8 0x00000000 @ 0x000009B6 at PC 0x010F3548
[   5.189784] HW.Memory <Error> core\memory.cpp:Memory::MemorySystem::Write:528: unmapped Write8 0x00000000 @ 0x000009B7 at PC 0x010F3548
[   5.189784] HW.Memory <Error> core\memory.cpp:Memory::MemorySystem::Write:528: unmapped Write8 0x00000000 @ 0x000009B8 at PC 0x010F3548
[   5.189785] HW.Memory <Error> core\memory.cpp:Memory::MemorySystem::Write:528: unmapped Write8 0x00000000 @ 0x000009B9 at PC 0x010F3548
[   5.189785] HW.Memory <Error> core\memory.cpp:Memory::MemorySystem::Write:528: unmapped Write8 0x00000000 @ 0x000009BA at PC 0x010F3548
[   5.189785] HW.Memory <Error> core\memory.cpp:Memory::MemorySystem::Write:528: unmapped Write8 0x00000000 @ 0x000009BB at PC 0x010F3548
[   5.189786] HW.Memory <Error> core\memory.cpp:Memory::MemorySystem::Write:528: unmapped Write8 0x00000000 @ 0x000009BC at PC 0x010F3548
[   5.189786] HW.Memory <Error> core\memory.cpp:Memory::MemorySystem::Write:528: unmapped Write8 0x00000000 @ 0x000009BD at PC 0x010F3548
[   5.189787] HW.Memory <Error> core\memory.cpp:Memory::MemorySystem::Write:528: unmapped Write8 0x00000000 @ 0x000009BE at PC 0x010F3548
[   5.189787] HW.Memory <Error> core\memory.cpp:Memory::MemorySystem::Write:528: unmapped Write8 0x00000000 @ 0x000009BF at PC 0x010F3548
[   5.189788] HW.Memory <Error> core\memory.cpp:Memory::MemorySystem::Write:528: unmapped Write8 0x00000000 @ 0x000009C0 at PC 0x010F3548
[   5.189788] HW.Memory <Error> core\memory.cpp:Memory::MemorySystem::Write:528: unmapped Write8 0x00000000 @ 0x000009C1 at PC 0x010F3548
[   5.189789] HW.Memory <Error> core\memory.cpp:Memory::MemorySystem::Write:528: unmapped Write8 0x00000000 @ 0x000009C2 at PC 0x010F3548
[   5.189789] HW.Memory <Error> core\memory.cpp:Memory::MemorySystem::Write:528: unmapped Write8 0x00000000 @ 0x000009C3 at PC 0x010F3548
[   5.189790] HW.Memory <Error> core\memory.cpp:Memory::MemorySystem::Write:528: unmapped Write8 0x00000000 @ 0x000009C4 at PC 0x010F3548
[   5.189790] HW.Memory <Error> core\memory.cpp:Memory::MemorySystem::Write:528: unmapped Write8 0x00000000 @ 0x000009C5 at PC 0x010F3548
[   5.189790] HW.Memory <Error> core\memory.cpp:Memory::MemorySystem::Write:528: unmapped Write8 0x00000000 @ 0x000009C6 at PC 0x010F3548
[   5.189791] HW.Memory <Error> core\memory.cpp:Memory::MemorySystem::Write:528: unmapped Write8 0x00000000 @ 0x000009C7 at PC 0x010F3548
[   5.189792] HW.Memory <Error> core\memory.cpp:Memory::MemorySystem::Write:528: unmapped Write8 0x00000000 @ 0x000009C8 at PC 0x010F3548
[   5.189792] HW.Memory <Error> core\memory.cpp:Memory::MemorySystem::Write:528: unmapped Write8 0x00000000 @ 0x000009C9 at PC 0x010F3548
[   5.189793] HW.Memory <Error> core\memory.cpp:Memory::MemorySystem::Write:528: unmapped Write8 0x00000000 @ 0x000009CA at PC 0x010F3548
[   5.189793] HW.Memory <Error> core\memory.cpp:Memory::MemorySystem::Write:528: unmapped Write8 0x00000000 @ 0x000009CB at PC 0x010F3548
[   5.189794] HW.Memory <Error> core\memory.cpp:Memory::MemorySystem::Write:528: unmapped Write8 0x00000000 @ 0x000009CC at PC 0x010F3548
[   5.189794] HW.Memory <Error> core\memory.cpp:Memory::MemorySystem::Write:528: unmapped Write8 0x00000000 @ 0x000009CD at PC 0x010F3548
[   5.189795] HW.Memory <Error> core\memory.cpp:Memory::MemorySystem::Write:528: unmapped Write8 0x00000000 @ 0x000009CE at PC 0x010F3548
[   5.189795] HW.Memory <Error> core\memory.cpp:Memory::MemorySystem::Write:528: unmapped Write8 0x00000000 @ 0x000009CF at PC 0x010F3548
[   5.189796] HW.Memory <Error> core\memory.cpp:Memory::MemorySystem::Write:528: unmapped Write8 0x00000000 @ 0x000009D0 at PC 0x010F3548
[   5.189796] HW.Memory <Error> core\memory.cpp:Memory::MemorySystem::Write:528: unmapped Write8 0x00000000 @ 0x000009D1 at PC 0x010F3548
[   5.189797] HW.Memory <Error> core\memory.cpp:Memory::MemorySystem::Write:528: unmapped Write8 0x00000000 @ 0x000009D2 at PC 0x010F3548
[   5.189797] HW.Memory <Error> core\memory.cpp:Memory::MemorySystem::Write:528: unmapped Write8 0x00000000 @ 0x000009D3 at PC 0x010F3548
[   5.189797] HW.Memory <Error> core\memory.cpp:Memory::MemorySystem::Write:528: unmapped Write8 0x00000000 @ 0x000009D4 at PC 0x010F3548
[   5.189798] HW.Memory <Error> core\memory.cpp:Memory::MemorySystem::Write:528: unmapped Write8 0x00000000 @ 0x000009D5 at PC 0x010F3548
[   5.189798] HW.Memory <Error> core\memory.cpp:Memory::MemorySystem::Write:528: unmapped Write8 0x00000000 @ 0x000009D6 at PC 0x010F3548
[   5.189799] HW.Memory <Error> core\memory.cpp:Memory::MemorySystem::Write:528: unmapped Write8 0x00000000 @ 0x000009D7 at PC 0x010F3548
[   5.189799] HW.Memory <Error> core\memory.cpp:Memory::MemorySystem::Write:528: unmapped Write8 0x00000000 @ 0x000009D8 at PC 0x010F3548
[   5.189800] HW.Memory <Error> core\memory.cpp:Memory::MemorySystem::Write:528: unmapped Write8 0x00000000 @ 0x000009D9 at PC 0x010F3548
[   5.189800] HW.Memory <Error> core\memory.cpp:Memory::MemorySystem::Write:528: unmapped Write8 0x00000000 @ 0x000009DA at PC 0x010F3548
[   5.189800] HW.Memory <Error> core\memory.cpp:Memory::MemorySystem::Write:528: unmapped Write8 0x00000000 @ 0x000009DB at PC 0x010F3548
[   5.189801] HW.Memory <Error> core\memory.cpp:Memory::MemorySystem::Write:528: unmapped Write8 0x00000000 @ 0x000009DC at PC 0x010F3548
[   5.189801] HW.Memory <Error> core\memory.cpp:Memory::MemorySystem::Write:528: unmapped Write8 0x00000000 @ 0x000009DD at PC 0x010F3548
[   5.189802] HW.Memory <Error> core\memory.cpp:Memory::MemorySystem::Write:528: unmapped Write8 0x00000000 @ 0x000009DE at PC 0x010F3548
[   5.189802] HW.Memory <Error> core\memory.cpp:Memory::MemorySystem::Write:528: unmapped Write8 0x00000000 @ 0x000009DF at PC 0x010F3548
[   5.189803] HW.Memory <Error> core\memory.cpp:Memory::MemorySystem::Write:528: unmapped Write8 0x00000000 @ 0x000009E0 at PC 0x010F3548
[   5.189803] HW.Memory <Error> core\memory.cpp:Memory::MemorySystem::Write:528: unmapped Write8 0x00000000 @ 0x000009E1 at PC 0x010F3548
[   5.189804] HW.Memory <Error> core\memory.cpp:Memory::MemorySystem::Write:528: unmapped Write8 0x00000000 @ 0x000009E2 at PC 0x010F3548
[   5.189804] HW.Memory <Error> core\memory.cpp:Memory::MemorySystem::Write:528: unmapped Write8 0x00000000 @ 0x000009E3 at PC 0x010F3548
[   5.189805] HW.Memory <Error> core\memory.cpp:Memory::MemorySystem::Write:528: unmapped Write8 0x00000000 @ 0x000009E4 at PC 0x010F3548
[   5.189805] HW.Memory <Error> core\memory.cpp:Memory::MemorySystem::Write:528: unmapped Write8 0x00000000 @ 0x000009E5 at PC 0x010F3548
[   5.189806] HW.Memory <Error> core\memory.cpp:Memory::MemorySystem::Write:528: unmapped Write8 0x00000000 @ 0x000009E6 at PC 0x010F3548
[   5.189806] HW.Memory <Error> core\memory.cpp:Memory::MemorySystem::Write:528: unmapped Write8 0x00000000 @ 0x000009E7 at PC 0x010F3548
[   5.189807] HW.Memory <Error> core\memory.cpp:Memory::MemorySystem::Write:528: unmapped Write8 0x00000000 @ 0x000009E8 at PC 0x010F3548
[   5.189807] HW.Memory <Error> core\memory.cpp:Memory::MemorySystem::Write:528: unmapped Write8 0x00000000 @ 0x000009E9 at PC 0x010F3548
[   5.189808] HW.Memory <Error> core\memory.cpp:Memory::MemorySystem::Write:528: unmapped Write8 0x00000000 @ 0x000009EA at PC 0x010F3548
[   5.189808] HW.Memory <Error> core\memory.cpp:Memory::MemorySystem::Write:528: unmapped Write8 0x00000000 @ 0x000009EB at PC 0x010F3548
[   5.189808] HW.Memory <Error> core\memory.cpp:Memory::MemorySystem::Write:528: unmapped Write8 0x00000000 @ 0x000009EC at PC 0x010F3548
[   5.189809] HW.Memory <Error> core\memory.cpp:Memory::MemorySystem::Write:528: unmapped Write8 0x00000000 @ 0x000009ED at PC 0x010F3548
[   5.189809] HW.Memory <Error> core\memory.cpp:Memory::MemorySystem::Write:528: unmapped Write8 0x00000000 @ 0x000009EE at PC 0x010F3548
[   5.189810] HW.Memory <Error> core\memory.cpp:Memory::MemorySystem::Write:528: unmapped Write8 0x00000000 @ 0x000009EF at PC 0x010F3548
[   5.189810] HW.Memory <Error> core\memory.cpp:Memory::MemorySystem::Write:528: unmapped Write8 0x00000000 @ 0x000009F0 at PC 0x010F3548
[   5.189810] HW.Memory <Error> core\memory.cpp:Memory::MemorySystem::Write:528: unmapped Write8 0x00000000 @ 0x000009F1 at PC 0x010F3548
[   5.189811] HW.Memory <Error> core\memory.cpp:Memory::MemorySystem::Write:528: unmapped Write8 0x00000000 @ 0x000009F2 at PC 0x010F3548
[   5.189811] HW.Memory <Error> core\memory.cpp:Memory::MemorySystem::Write:528: unmapped Write8 0x00000000 @ 0x000009F3 at PC 0x010F3548
[   5.189812] HW.Memory <Error> core\memory.cpp:Memory::MemorySystem::Write:528: unmapped Write8 0x00000000 @ 0x000009F4 at PC 0x010F3548
[   5.189812] HW.Memory <Error> core\memory.cpp:Memory::MemorySystem::Write:528: unmapped Write8 0x00000000 @ 0x000009F5 at PC 0x010F3548
[   5.189812] HW.Memory <Error> core\memory.cpp:Memory::MemorySystem::Write:528: unmapped Write8 0x00000000 @ 0x000009F6 at PC 0x010F3548
[   5.189813] HW.Memory <Error> core\memory.cpp:Memory::MemorySystem::Write:528: unmapped Write8 0x00000000 @ 0x000009F7 at PC 0x010F3548
[   5.189813] HW.Memory <Error> core\memory.cpp:Memory::MemorySystem::Write:528: unmapped Write8 0x00000000 @ 0x000009F8 at PC 0x010F3548
[   5.189814] HW.Memory <Error> core\memory.cpp:Memory::MemorySystem::Write:528: unmapped Write8 0x00000000 @ 0x000009F9 at PC 0x010F3548
[   5.189814] HW.Memory <Error> core\memory.cpp:Memory::MemorySystem::Write:528: unmapped Write8 0x00000000 @ 0x000009FA at PC 0x010F3548
[   5.189815] HW.Memory <Error> core\memory.cpp:Memory::MemorySystem::Write:528: unmapped Write8 0x00000000 @ 0x000009FB at PC 0x010F3548
[   5.189815] HW.Memory <Error> core\memory.cpp:Memory::MemorySystem::Write:528: unmapped Write8 0x00000000 @ 0x000009FC at PC 0x010F3548
[   5.189815] HW.Memory <Error> core\memory.cpp:Memory::MemorySystem::Write:528: unmapped Write8 0x00000000 @ 0x000009FD at PC 0x010F3548
[   5.189816] HW.Memory <Error> core\memory.cpp:Memory::MemorySystem::Write:528: unmapped Write8 0x00000000 @ 0x000009FE at PC 0x010F3548
[   5.189816] HW.Memory <Error> core\memory.cpp:Memory::MemorySystem::Write:528: unmapped Write8 0x00000000 @ 0x000009FF at PC 0x010F3548
[   5.189817] HW.Memory <Error> core\memory.cpp:Memory::MemorySystem::Write:528: unmapped Write8 0x00000000 @ 0x00000A00 at PC 0x010F3548
[   5.189817] HW.Memory <Error> core\memory.cpp:Memory::MemorySystem::Write:528: unmapped Write8 0x00000000 @ 0x00000A01 at PC 0x010F3548
[   5.189817] HW.Memory <Error> core\memory.cpp:Memory::MemorySystem::Write:528: unmapped Write8 0x00000000 @ 0x00000A02 at PC 0x010F3548
[   5.189818] HW.Memory <Error> core\memory.cpp:Memory::MemorySystem::Write:528: unmapped Write8 0x00000000 @ 0x00000A03 at PC 0x010F3548
[   5.189818] HW.Memory <Error> core\memory.cpp:Memory::MemorySystem::Write:528: unmapped Write8 0x00000000 @ 0x00000A04 at PC 0x010F3548
[   5.189819] HW.Memory <Error> core\memory.cpp:Memory::MemorySystem::Write:528: unmapped Write8 0x00000000 @ 0x00000A05 at PC 0x010F3548
[   5.189819] HW.Memory <Error> core\memory.cpp:Memory::MemorySystem::Write:528: unmapped Write8 0x00000000 @ 0x00000A06 at PC 0x010F3548
[   5.189820] HW.Memory <Error> core\memory.cpp:Memory::MemorySystem::Write:528: unmapped Write8 0x00000000 @ 0x00000A07 at PC 0x010F3548
[   5.189820] HW.Memory <Error> core\memory.cpp:Memory::MemorySystem::Write:528: unmapped Write8 0x00000000 @ 0x00000A08 at PC 0x010F3548
[   5.189821] HW.Memory <Error> core\memory.cpp:Memory::MemorySystem::Write:528: unmapped Write8 0x00000000 @ 0x00000A09 at PC 0x010F3548
[   5.189822] HW.Memory <Error> core\memory.cpp:Memory::MemorySystem::Write:528: unmapped Write8 0x00000000 @ 0x00000A0A at PC 0x010F3548
[   5.189822] HW.Memory <Error> core\memory.cpp:Memory::MemorySystem::Write:528: unmapped Write8 0x00000000 @ 0x00000A0B at PC 0x010F3548
[   5.189822] HW.Memory <Error> core\memory.cpp:Memory::MemorySystem::Write:528: unmapped Write8 0x00000000 @ 0x00000A0C at PC 0x010F3548
[   5.189823] HW.Memory <Error> core\memory.cpp:Memory::MemorySystem::Write:528: unmapped Write8 0x00000000 @ 0x00000A0D at PC 0x010F3548
[   5.189823] HW.Memory <Error> core\memory.cpp:Memory::MemorySystem::Write:528: unmapped Write8 0x00000000 @ 0x00000A0E at PC 0x010F3548
[   5.189824] HW.Memory <Error> core\memory.cpp:Memory::MemorySystem::Write:528: unmapped Write8 0x00000000 @ 0x00000A0F at PC 0x010F3548
[   5.189824] HW.Memory <Error> core\memory.cpp:Memory::MemorySystem::Write:528: unmapped Write8 0x00000000 @ 0x00000A10 at PC 0x010F3548
[   5.189825] HW.Memory <Error> core\memory.cpp:Memory::MemorySystem::Write:528: unmapped Write8 0x00000000 @ 0x00000A11 at PC 0x010F3548
[   5.189825] HW.Memory <Error> core\memory.cpp:Memory::MemorySystem::Write:528: unmapped Write8 0x00000000 @ 0x00000A12 at PC 0x010F3548
[   5.189826] HW.Memory <Error> core\memory.cpp:Memory::MemorySystem::Write:528: unmapped Write8 0x00000000 @ 0x00000A13 at PC 0x010F3548
[   5.189826] HW.Memory <Error> core\memory.cpp:Memory::MemorySystem::Write:528: unmapped Write8 0x00000000 @ 0x00000A14 at PC 0x010F3548
[   5.189827] HW.Memory <Error> core\memory.cpp:Memory::MemorySystem::Write:528: unmapped Write8 0x00000000 @ 0x00000A15 at PC 0x010F3548
[   5.189827] HW.Memory <Error> core\memory.cpp:Memory::MemorySystem::Write:528: unmapped Write8 0x00000000 @ 0x00000A16 at PC 0x010F3548
[   5.189828] HW.Memory <Error> core\memory.cpp:Memory::MemorySystem::Write:528: unmapped Write8 0x00000000 @ 0x00000A17 at PC 0x010F3548
[   5.189828] HW.Memory <Error> core\memory.cpp:Memory::MemorySystem::Write:528: unmapped Write8 0x00000000 @ 0x00000A18 at PC 0x010F3548
[   5.189829] HW.Memory <Error> core\memory.cpp:Memory::MemorySystem::Write:528: unmapped Write8 0x00000000 @ 0x00000A19 at PC 0x010F3548
[   5.189829] HW.Memory <Error> core\memory.cpp:Memory::MemorySystem::Write:528: unmapped Write8 0x00000000 @ 0x00000A1A at PC 0x010F3548
[   5.189830] HW.Memory <Error> core\memory.cpp:Memory::MemorySystem::Write:528: unmapped Write8 0x00000000 @ 0x00000A1B at PC 0x010F3548
[   5.189830] HW.Memory <Error> core\memory.cpp:Memory::MemorySystem::Write:528: unmapped Write8 0x00000000 @ 0x00000A1C at PC 0x010F3548
[   5.189831] HW.Memory <Error> core\memory.cpp:Memory::MemorySystem::Write:528: unmapped Write8 0x00000000 @ 0x00000A1D at PC 0x010F3548
[   5.189831] HW.Memory <Error> core\memory.cpp:Memory::MemorySystem::Write:528: unmapped Write8 0x00000000 @ 0x00000A1E at PC 0x010F3548
[   5.189832] HW.Memory <Error> core\memory.cpp:Memory::MemorySystem::Write:528: unmapped Write8 0x00000000 @ 0x00000A1F at PC 0x010F3548
[   5.189832] HW.Memory <Error> core\memory.cpp:Memory::MemorySystem::Write:528: unmapped Write8 0x00000000 @ 0x00000A20 at PC 0x010F3548
[   5.189832] HW.Memory <Error> core\memory.cpp:Memory::MemorySystem::Write:528: unmapped Write8 0x00000000 @ 0x00000A21 at PC 0x010F3548
[   5.189833] HW.Memory <Error> core\memory.cpp:Memory::MemorySystem::Write:528: unmapped Write8 0x00000000 @ 0x00000A22 at PC 0x010F3548
[   5.189833] HW.Memory <Error> core\memory.cpp:Memory::MemorySystem::Write:528: unmapped Write8 0x00000000 @ 0x00000A23 at PC 0x010F3548
[   5.189834] HW.Memory <Error> core\memory.cpp:Memory::MemorySystem::Write:528: unmapped Write8 0x00000000 @ 0x00000A24 at PC 0x010F3548
[   5.189834] HW.Memory <Error> core\memory.cpp:Memory::MemorySystem::Write:528: unmapped Write8 0x00000000 @ 0x00000A25 at PC 0x010F3548
[   5.189835] HW.Memory <Error> core\memory.cpp:Memory::MemorySystem::Write:528: unmapped Write8 0x00000000 @ 0x00000A26 at PC 0x010F3548
[   5.189835] HW.Memory <Error> core\memory.cpp:Memory::MemorySystem::Write:528: unmapped Write8 0x00000000 @ 0x00000A27 at PC 0x010F3548
[   5.189836] HW.Memory <Error> core\memory.cpp:Memory::MemorySystem::Write:528: unmapped Write8 0x00000000 @ 0x00000A28 at PC 0x010F3548
[   5.189836] HW.Memory <Error> core\memory.cpp:Memory::MemorySystem::Write:528: unmapped Write8 0x00000000 @ 0x00000A29 at PC 0x010F3548
[   5.189836] HW.Memory <Error> core\memory.cpp:Memory::MemorySystem::Write:528: unmapped Write8 0x00000000 @ 0x00000A2A at PC 0x010F3548
[   5.189837] HW.Memory <Error> core\memory.cpp:Memory::MemorySystem::Write:528: unmapped Write8 0x00000000 @ 0x00000A2B at PC 0x010F3548
[   5.189838] HW.Memory <Error> core\memory.cpp:Memory::MemorySystem::Write:528: unmapped Write8 0x00000000 @ 0x00000A2C at PC 0x010F3548
[   5.189838] HW.Memory <Error> core\memory.cpp:Memory::MemorySystem::Write:528: unmapped Write8 0x00000000 @ 0x00000A2D at PC 0x010F3548
[   5.189838] HW.Memory <Error> core\memory.cpp:Memory::MemorySystem::Write:528: unmapped Write8 0x00000000 @ 0x00000A2E at PC 0x010F3548
[   5.189839] HW.Memory <Error> core\memory.cpp:Memory::MemorySystem::Write:528: unmapped Write8 0x00000000 @ 0x00000A2F at PC 0x010F3548
[   5.189839] HW.Memory <Error> core\memory.cpp:Memory::MemorySystem::Write:528: unmapped Write8 0x00000000 @ 0x00000A30 at PC 0x010F3548
[   5.189840] HW.Memory <Error> core\memory.cpp:Memory::MemorySystem::Write:528: unmapped Write8 0x00000000 @ 0x00000A31 at PC 0x010F3548
[   5.189840] HW.Memory <Error> core\memory.cpp:Memory::MemorySystem::Write:528: unmapped Write8 0x00000000 @ 0x00000A32 at PC 0x010F3548
[   5.189840] HW.Memory <Error> core\memory.cpp:Memory::MemorySystem::Write:528: unmapped Write8 0x00000000 @ 0x00000A33 at PC 0x010F3548
[   5.189841] HW.Memory <Error> core\memory.cpp:Memory::MemorySystem::Write:528: unmapped Write8 0x00000000 @ 0x00000A34 at PC 0x010F3548
[   5.189841] HW.Memory <Error> core\memory.cpp:Memory::MemorySystem::Write:528: unmapped Write8 0x00000000 @ 0x00000A35 at PC 0x010F3548
[   5.189842] HW.Memory <Error> core\memory.cpp:Memory::MemorySystem::Write:528: unmapped Write8 0x00000000 @ 0x00000A36 at PC 0x010F3548
[   5.189842] HW.Memory <Error> core\memory.cpp:Memory::MemorySystem::Write:528: unmapped Write8 0x00000000 @ 0x00000A37 at PC 0x010F3548
[   5.189843] HW.Memory <Error> core\memory.cpp:Memory::MemorySystem::Write:528: unmapped Write8 0x00000000 @ 0x00000A38 at PC 0x010F3548
[   5.189843] HW.Memory <Error> core\memory.cpp:Memory::MemorySystem::Write:528: unmapped Write8 0x00000000 @ 0x00000A39 at PC 0x010F3548
[   5.189844] HW.Memory <Error> core\memory.cpp:Memory::MemorySystem::Write:528: unmapped Write8 0x00000000 @ 0x00000A3A at PC 0x010F3548
[   5.189844] HW.Memory <Error> core\memory.cpp:Memory::MemorySystem::Write:528: unmapped Write8 0x00000000 @ 0x00000A3B at PC 0x010F3548
[   5.189845] HW.Memory <Error> core\memory.cpp:Memory::MemorySystem::Write:528: unmapped Write8 0x00000000 @ 0x00000A3C at PC 0x010F3548
[   5.189845] HW.Memory <Error> core\memory.cpp:Memory::MemorySystem::Write:528: unmapped Write8 0x00000000 @ 0x00000A3D at PC 0x010F3548
[   5.189845] HW.Memory <Error> core\memory.cpp:Memory::MemorySystem::Write:528: unmapped Write8 0x00000000 @ 0x00000A3E at PC 0x010F3548
[   5.189846] HW.Memory <Error> core\memory.cpp:Memory::MemorySystem::Write:528: unmapped Write8 0x00000000 @ 0x00000A3F at PC 0x010F3548
[   5.189846] HW.Memory <Error> core\memory.cpp:Memory::MemorySystem::Write:528: unmapped Write8 0x00000000 @ 0x00000A40 at PC 0x010F3548
[   5.189847] HW.Memory <Error> core\memory.cpp:Memory::MemorySystem::Write:528: unmapped Write8 0x00000000 @ 0x00000A41 at PC 0x010F3548
[   5.189847] HW.Memory <Error> core\memory.cpp:Memory::MemorySystem::Write:528: unmapped Write8 0x00000000 @ 0x00000A42 at PC 0x010F3548
[   5.189848] HW.Memory <Error> core\memory.cpp:Memory::MemorySystem::Write:528: unmapped Write8 0x00000000 @ 0x00000A43 at PC 0x010F3548
[   5.189848] HW.Memory <Error> core\memory.cpp:Memory::MemorySystem::Write:528: unmapped Write8 0x00000000 @ 0x00000A44 at PC 0x010F3548
[   5.189848] HW.Memory <Error> core\memory.cpp:Memory::MemorySystem::Write:528: unmapped Write8 0x00000000 @ 0x00000A45 at PC 0x010F3548
[   5.189849] HW.Memory <Error> core\memory.cpp:Memory::MemorySystem::Write:528: unmapped Write8 0x00000000 @ 0x00000A46 at PC 0x010F3548
[   5.189849] HW.Memory <Error> core\memory.cpp:Memory::MemorySystem::Write:528: unmapped Write8 0x00000000 @ 0x00000A47 at PC 0x010F3548
[   5.189850] HW.Memory <Error> core\memory.cpp:Memory::MemorySystem::Write:528: unmapped Write8 0x00000000 @ 0x00000A48 at PC 0x010F3548
[   5.189850] HW.Memory <Error> core\memory.cpp:Memory::MemorySystem::Write:528: unmapped Write8 0x00000000 @ 0x00000A49 at PC 0x010F3548
[   5.189851] HW.Memory <Error> core\memory.cpp:Memory::MemorySystem::Write:528: unmapped Write8 0x00000000 @ 0x00000A4A at PC 0x010F3548
[   5.189851] HW.Memory <Error> core\memory.cpp:Memory::MemorySystem::Write:528: unmapped Write8 0x00000000 @ 0x00000A4B at PC 0x010F3548
[   5.189852] HW.Memory <Error> core\memory.cpp:Memory::MemorySystem::Write:528: unmapped Write8 0x00000000 @ 0x00000A4C at PC 0x010F3548
[   5.189852] HW.Memory <Error> core\memory.cpp:Memory::MemorySystem::Write:528: unmapped Write8 0x00000000 @ 0x00000A4D at PC 0x010F3548
[   5.189852] HW.Memory <Error> core\memory.cpp:Memory::MemorySystem::Write:528: unmapped Write8 0x00000000 @ 0x00000A4E at PC 0x010F3548
[   5.189853] HW.Memory <Error> core\memory.cpp:Memory::MemorySystem::Write:528: unmapped Write8 0x00000000 @ 0x00000A4F at PC 0x010F3548
[   5.189853] HW.Memory <Error> core\memory.cpp:Memory::MemorySystem::Write:528: unmapped Write8 0x00000000 @ 0x00000A50 at PC 0x010F3548
[   5.189854] HW.Memory <Error> core\memory.cpp:Memory::MemorySystem::Write:528: unmapped Write8 0x00000000 @ 0x00000A51 at PC 0x010F3548
[   5.189854] HW.Memory <Error> core\memory.cpp:Memory::MemorySystem::Write:528: unmapped Write8 0x00000000 @ 0x00000A52 at PC 0x010F3548
[   5.189855] HW.Memory <Error> core\memory.cpp:Memory::MemorySystem::Write:528: unmapped Write8 0x00000000 @ 0x00000A53 at PC 0x010F3548
[   5.189855] HW.Memory <Error> core\memory.cpp:Memory::MemorySystem::Write:528: unmapped Write8 0x00000000 @ 0x00000A54 at PC 0x010F3548
[   5.189856] HW.Memory <Error> core\memory.cpp:Memory::MemorySystem::Write:528: unmapped Write8 0x00000000 @ 0x00000A55 at PC 0x010F3548
[   5.189856] HW.Memory <Error> core\memory.cpp:Memory::MemorySystem::Write:528: unmapped Write8 0x00000000 @ 0x00000A56 at PC 0x010F3548
[   5.189856] HW.Memory <Error> core\memory.cpp:Memory::MemorySystem::Write:528: unmapped Write8 0x00000000 @ 0x00000A57 at PC 0x010F3548
[   5.189857] HW.Memory <Error> core\memory.cpp:Memory::MemorySystem::Write:528: unmapped Write8 0x00000000 @ 0x00000A58 at PC 0x010F3548
[   5.189857] HW.Memory <Error> core\memory.cpp:Memory::MemorySystem::Write:528: unmapped Write8 0x00000000 @ 0x00000A59 at PC 0x010F3548
[   5.189858] HW.Memory <Error> core\memory.cpp:Memory::MemorySystem::Write:528: unmapped Write8 0x00000000 @ 0x00000A5A at PC 0x010F3548
[   5.189858] HW.Memory <Error> core\memory.cpp:Memory::MemorySystem::Write:528: unmapped Write8 0x00000000 @ 0x00000A5B at PC 0x010F3548
[   5.189858] HW.Memory <Error> core\memory.cpp:Memory::MemorySystem::Write:528: unmapped Write8 0x00000000 @ 0x00000A5C at PC 0x010F3548
[   5.189859] HW.Memory <Error> core\memory.cpp:Memory::MemorySystem::Write:528: unmapped Write8 0x00000000 @ 0x00000A5D at PC 0x010F3548
[   5.189859] HW.Memory <Error> core\memory.cpp:Memory::MemorySystem::Write:528: unmapped Write8 0x00000000 @ 0x00000A5E at PC 0x010F3548
[   5.189860] HW.Memory <Error> core\memory.cpp:Memory::MemorySystem::Write:528: unmapped Write8 0x00000000 @ 0x00000A5F at PC 0x010F3548
[   5.189860] HW.Memory <Error> core\memory.cpp:Memory::MemorySystem::Write:528: unmapped Write8 0x00000000 @ 0x00000A60 at PC 0x010F3548
[   5.189861] HW.Memory <Error> core\memory.cpp:Memory::MemorySystem::Write:528: unmapped Write8 0x00000000 @ 0x00000A61 at PC 0x010F3548
[   5.189861] HW.Memory <Error> core\memory.cpp:Memory::MemorySystem::Write:528: unmapped Write8 0x00000000 @ 0x00000A62 at PC 0x010F3548
[   5.189861] HW.Memory <Error> core\memory.cpp:Memory::MemorySystem::Write:528: unmapped Write8 0x00000000 @ 0x00000A63 at PC 0x010F3548
[   5.189862] HW.Memory <Error> core\memory.cpp:Memory::MemorySystem::Write:528: unmapped Write8 0x00000000 @ 0x00000A64 at PC 0x010F3548
[   5.189862] HW.Memory <Error> core\memory.cpp:Memory::MemorySystem::Write:528: unmapped Write8 0x00000000 @ 0x00000A65 at PC 0x010F3548
[   5.189863] HW.Memory <Error> core\memory.cpp:Memory::MemorySystem::Write:528: unmapped Write8 0x00000000 @ 0x00000A66 at PC 0x010F3548
[   5.189863] HW.Memory <Error> core\memory.cpp:Memory::MemorySystem::Write:528: unmapped Write8 0x00000000 @ 0x00000A67 at PC 0x010F3548
[   5.189864] HW.Memory <Error> core\memory.cpp:Memory::MemorySystem::Write:528: unmapped Write8 0x00000000 @ 0x00000A68 at PC 0x010F3548
[   5.189864] HW.Memory <Error> core\memory.cpp:Memory::MemorySystem::Write:528: unmapped Write8 0x00000000 @ 0x00000A69 at PC 0x010F3548
[   5.189864] HW.Memory <Error> core\memory.cpp:Memory::MemorySystem::Write:528: unmapped Write8 0x00000000 @ 0x00000A6A at PC 0x010F3548
[   5.189865] HW.Memory <Error> core\memory.cpp:Memory::MemorySystem::Write:528: unmapped Write8 0x00000000 @ 0x00000A6B at PC 0x010F3548
[   5.189865] HW.Memory <Error> core\memory.cpp:Memory::MemorySystem::Write:528: unmapped Write8 0x00000000 @ 0x00000A6C at PC 0x010F3548
[   5.189866] HW.Memory <Error> core\memory.cpp:Memory::MemorySystem::Write:528: unmapped Write8 0x00000000 @ 0x00000A6D at PC 0x010F3548
[   5.189866] HW.Memory <Error> core\memory.cpp:Memory::MemorySystem::Write:528: unmapped Write8 0x00000000 @ 0x00000A6E at PC 0x010F3548
[   5.189867] HW.Memory <Error> core\memory.cpp:Memory::MemorySystem::Write:528: unmapped Write8 0x00000000 @ 0x00000A6F at PC 0x010F3548
[   5.189867] HW.Memory <Error> core\memory.cpp:Memory::MemorySystem::Write:528: unmapped Write8 0x00000000 @ 0x00000A70 at PC 0x010F3548
[   5.189867] HW.Memory <Error> core\memory.cpp:Memory::MemorySystem::Write:528: unmapped Write8 0x00000000 @ 0x00000A71 at PC 0x010F3548
[   5.189868] HW.Memory <Error> core\memory.cpp:Memory::MemorySystem::Write:528: unmapped Write8 0x00000000 @ 0x00000A72 at PC 0x010F3548
[   5.189868] HW.Memory <Error> core\memory.cpp:Memory::MemorySystem::Write:528: unmapped Write8 0x00000000 @ 0x00000A73 at PC 0x010F3548
[   5.189869] HW.Memory <Error> core\memory.cpp:Memory::MemorySystem::Write:528: unmapped Write8 0x00000000 @ 0x00000A74 at PC 0x010F3548
[   5.189869] HW.Memory <Error> core\memory.cpp:Memory::MemorySystem::Write:528: unmapped Write8 0x00000000 @ 0x00000A75 at PC 0x010F3548
[   5.189870] HW.Memory <Error> core\memory.cpp:Memory::MemorySystem::Write:528: unmapped Write8 0x00000000 @ 0x00000A76 at PC 0x010F3548
[   5.189870] HW.Memory <Error> core\memory.cpp:Memory::MemorySystem::Write:528: unmapped Write8 0x00000000 @ 0x00000A77 at PC 0x010F3548
[   5.189870] HW.Memory <Error> core\memory.cpp:Memory::MemorySystem::Write:528: unmapped Write8 0x00000000 @ 0x00000A78 at PC 0x010F3548
[   5.189871] HW.Memory <Error> core\memory.cpp:Memory::MemorySystem::Write:528: unmapped Write8 0x00000000 @ 0x00000A79 at PC 0x010F3548
[   5.189871] HW.Memory <Error> core\memory.cpp:Memory::MemorySystem::Write:528: unmapped Write8 0x00000000 @ 0x00000A7A at PC 0x010F3548
[   5.189872] HW.Memory <Error> core\memory.cpp:Memory::MemorySystem::Write:528: unmapped Write8 0x00000000 @ 0x00000A7B at PC 0x010F3548
[   5.189872] HW.Memory <Error> core\memory.cpp:Memory::MemorySystem::Write:528: unmapped Write8 0x00000000 @ 0x00000A7C at PC 0x010F3548
[   5.189873] HW.Memory <Error> core\memory.cpp:Memory::MemorySystem::Write:528: unmapped Write8 0x00000000 @ 0x00000A7D at PC 0x010F3548
[   5.189873] HW.Memory <Error> core\memory.cpp:Memory::MemorySystem::Write:528: unmapped Write8 0x00000000 @ 0x00000A7E at PC 0x010F3548
[   5.189873] HW.Memory <Error> core\memory.cpp:Memory::MemorySystem::Write:528: unmapped Write8 0x00000000 @ 0x00000A7F at PC 0x010F3548
[   5.189874] HW.Memory <Error> core\memory.cpp:Memory::MemorySystem::Write:528: unmapped Write8 0x00000000 @ 0x00000A80 at PC 0x010F3548
[   5.189874] HW.Memory <Error> core\memory.cpp:Memory::MemorySystem::Write:528: unmapped Write8 0x00000000 @ 0x00000A81 at PC 0x010F3548
[   5.189875] HW.Memory <Error> core\memory.cpp:Memory::MemorySystem::Write:528: unmapped Write8 0x00000000 @ 0x00000A82 at PC 0x010F3548
[   5.189875] HW.Memory <Error> core\memory.cpp:Memory::MemorySystem::Write:528: unmapped Write8 0x00000000 @ 0x00000A83 at PC 0x010F3548
[   5.189875] HW.Memory <Error> core\memory.cpp:Memory::MemorySystem::Write:528: unmapped Write8 0x00000000 @ 0x00000A84 at PC 0x010F3548
[   5.189876] HW.Memory <Error> core\memory.cpp:Memory::MemorySystem::Write:528: unmapped Write8 0x00000000 @ 0x00000A85 at PC 0x010F3548
[   5.189876] HW.Memory <Error> core\memory.cpp:Memory::MemorySystem::Write:528: unmapped Write8 0x00000000 @ 0x00000A86 at PC 0x010F3548
[   5.189877] HW.Memory <Error> core\memory.cpp:Memory::MemorySystem::Write:528: unmapped Write8 0x00000000 @ 0x00000A87 at PC 0x010F3548
[   5.189877] HW.Memory <Error> core\memory.cpp:Memory::MemorySystem::Write:528: unmapped Write8 0x00000000 @ 0x00000A88 at PC 0x010F3548
[   5.189878] HW.Memory <Error> core\memory.cpp:Memory::MemorySystem::Write:528: unmapped Write8 0x00000000 @ 0x00000A89 at PC 0x010F3548
[   5.189878] HW.Memory <Error> core\memory.cpp:Memory::MemorySystem::Write:528: unmapped Write8 0x00000000 @ 0x00000A8A at PC 0x010F3548
[   5.189879] HW.Memory <Error> core\memory.cpp:Memory::MemorySystem::Write:528: unmapped Write8 0x00000000 @ 0x00000A8B at PC 0x010F3548
[   5.189879] HW.Memory <Error> core\memory.cpp:Memory::MemorySystem::Write:528: unmapped Write8 0x00000000 @ 0x00000A8C at PC 0x010F3548
[   5.189880] HW.Memory <Error> core\memory.cpp:Memory::MemorySystem::Write:528: unmapped Write8 0x00000000 @ 0x00000A8D at PC 0x010F3548
[   5.189880] HW.Memory <Error> core\memory.cpp:Memory::MemorySystem::Write:528: unmapped Write8 0x00000000 @ 0x00000A8E at PC 0x010F3548
[   5.189881] HW.Memory <Error> core\memory.cpp:Memory::MemorySystem::Write:528: unmapped Write8 0x00000000 @ 0x00000A8F at PC 0x010F3548
[   5.189881] HW.Memory <Error> core\memory.cpp:Memory::MemorySystem::Write:528: unmapped Write8 0x00000000 @ 0x00000A90 at PC 0x010F3548
[   5.189882] HW.Memory <Error> core\memory.cpp:Memory::MemorySystem::Write:528: unmapped Write8 0x00000000 @ 0x00000A91 at PC 0x010F3548
[   5.189883] HW.Memory <Error> core\memory.cpp:Memory::MemorySystem::Write:528: unmapped Write8 0x00000000 @ 0x00000A92 at PC 0x010F3548
[   5.189883] HW.Memory <Error> core\memory.cpp:Memory::MemorySystem::Write:528: unmapped Write8 0x00000000 @ 0x00000A93 at PC 0x010F3548
[   5.189883] HW.Memory <Error> core\memory.cpp:Memory::MemorySystem::Write:528: unmapped Write8 0x00000000 @ 0x00000A94 at PC 0x010F3548
[   5.189884] HW.Memory <Error> core\memory.cpp:Memory::MemorySystem::Write:528: unmapped Write8 0x00000000 @ 0x00000A95 at PC 0x010F3548
[   5.189884] HW.Memory <Error> core\memory.cpp:Memory::MemorySystem::Write:528: unmapped Write8 0x00000000 @ 0x00000A96 at PC 0x010F3548
[   5.189885] HW.Memory <Error> core\memory.cpp:Memory::MemorySystem::Write:528: unmapped Write8 0x00000000 @ 0x00000A97 at PC 0x010F3548
[   5.189885] HW.Memory <Error> core\memory.cpp:Memory::MemorySystem::Write:528: unmapped Write8 0x00000000 @ 0x00000A98 at PC 0x010F3548
[   5.189886] HW.Memory <Error> core\memory.cpp:Memory::MemorySystem::Write:528: unmapped Write8 0x00000000 @ 0x00000A99 at PC 0x010F3548
[   5.189886] HW.Memory <Error> core\memory.cpp:Memory::MemorySystem::Write:528: unmapped Write8 0x00000000 @ 0x00000A9A at PC 0x010F3548
[   5.189887] HW.Memory <Error> core\memory.cpp:Memory::MemorySystem::Write:528: unmapped Write8 0x00000000 @ 0x00000A9B at PC 0x010F3548
[   5.189887] HW.Memory <Error> core\memory.cpp:Memory::MemorySystem::Write:528: unmapped Write8 0x00000000 @ 0x00000A9C at PC 0x010F3548
[   5.189887] HW.Memory <Error> core\memory.cpp:Memory::MemorySystem::Write:528: unmapped Write8 0x00000000 @ 0x00000A9D at PC 0x010F3548
[   5.189888] HW.Memory <Error> core\memory.cpp:Memory::MemorySystem::Write:528: unmapped Write8 0x00000000 @ 0x00000A9E at PC 0x010F3548
[   5.189888] HW.Memory <Error> core\memory.cpp:Memory::MemorySystem::Write:528: unmapped Write8 0x00000000 @ 0x00000A9F at PC 0x010F3548
[   5.189889] HW.Memory <Error> core\memory.cpp:Memory::MemorySystem::Write:528: unmapped Write8 0x00000000 @ 0x00000AA0 at PC 0x010F3548
[   5.189889] HW.Memory <Error> core\memory.cpp:Memory::MemorySystem::Write:528: unmapped Write8 0x00000000 @ 0x00000AA1 at PC 0x010F3548
[   5.189890] HW.Memory <Error> core\memory.cpp:Memory::MemorySystem::Write:528: unmapped Write8 0x00000000 @ 0x00000AA2 at PC 0x010F3548
[   5.189890] HW.Memory <Error> core\memory.cpp:Memory::MemorySystem::Write:528: unmapped Write8 0x00000000 @ 0x00000AA3 at PC 0x010F3548
[   5.189890] HW.Memory <Error> core\memory.cpp:Memory::MemorySystem::Write:528: unmapped Write8 0x00000000 @ 0x00000AA4 at PC 0x010F3548
[   5.189891] HW.Memory <Error> core\memory.cpp:Memory::MemorySystem::Write:528: unmapped Write8 0x00000000 @ 0x00000AA5 at PC 0x010F3548
[   5.189891] HW.Memory <Error> core\memory.cpp:Memory::MemorySystem::Write:528: unmapped Write8 0x00000000 @ 0x00000AA6 at PC 0x010F3548
[   5.189892] HW.Memory <Error> core\memory.cpp:Memory::MemorySystem::Write:528: unmapped Write8 0x00000000 @ 0x00000AA7 at PC 0x010F3548
[   5.189892] HW.Memory <Error> core\memory.cpp:Memory::MemorySystem::Write:528: unmapped Write8 0x00000000 @ 0x00000AA8 at PC 0x010F3548
[   5.189892] HW.Memory <Error> core\memory.cpp:Memory::MemorySystem::Write:528: unmapped Write8 0x00000000 @ 0x00000AA9 at PC 0x010F3548
[   5.189893] HW.Memory <Error> core\memory.cpp:Memory::MemorySystem::Write:528: unmapped Write8 0x00000000 @ 0x00000AAA at PC 0x010F3548
[   5.189893] HW.Memory <Error> core\memory.cpp:Memory::MemorySystem::Write:528: unmapped Write8 0x00000000 @ 0x00000AAB at PC 0x010F3548
[   5.189894] HW.Memory <Error> core\memory.cpp:Memory::MemorySystem::Write:528: unmapped Write8 0x00000000 @ 0x00000AAC at PC 0x010F3548
[   5.189894] HW.Memory <Error> core\memory.cpp:Memory::MemorySystem::Write:528: unmapped Write8 0x00000000 @ 0x00000AAD at PC 0x010F3548
[   5.189894] HW.Memory <Error> core\memory.cpp:Memory::MemorySystem::Write:528: unmapped Write8 0x00000000 @ 0x00000AAE at PC 0x010F3548
[   5.189895] HW.Memory <Error> core\memory.cpp:Memory::MemorySystem::Write:528: unmapped Write8 0x00000000 @ 0x00000AAF at PC 0x010F3548
[   5.189895] HW.Memory <Error> core\memory.cpp:Memory::MemorySystem::Write:528: unmapped Write8 0x00000000 @ 0x00000AB0 at PC 0x010F3548
[   5.189896] HW.Memory <Error> core\memory.cpp:Memory::MemorySystem::Write:528: unmapped Write8 0x00000000 @ 0x00000AB1 at PC 0x010F3548
[   5.189896] HW.Memory <Error> core\memory.cpp:Memory::MemorySystem::Write:528: unmapped Write8 0x00000000 @ 0x00000AB2 at PC 0x010F3548
[   5.189896] HW.Memory <Error> core\memory.cpp:Memory::MemorySystem::Write:528: unmapped Write8 0x00000000 @ 0x00000AB3 at PC 0x010F3548
[   5.189897] HW.Memory <Error> core\memory.cpp:Memory::MemorySystem::Write:528: unmapped Write8 0x00000000 @ 0x00000AB4 at PC 0x010F3548
[   5.189897] HW.Memory <Error> core\memory.cpp:Memory::MemorySystem::Write:528: unmapped Write8 0x00000000 @ 0x00000AB5 at PC 0x010F3548
[   5.189898] HW.Memory <Error> core\memory.cpp:Memory::MemorySystem::Write:528: unmapped Write8 0x00000000 @ 0x00000AB6 at PC 0x010F3548
[   5.189898] HW.Memory <Error> core\memory.cpp:Memory::MemorySystem::Write:528: unmapped Write8 0x00000000 @ 0x00000AB7 at PC 0x010F3548
[   5.189899] HW.Memory <Error> core\memory.cpp:Memory::MemorySystem::Write:528: unmapped Write8 0x00000000 @ 0x00000AB8 at PC 0x010F3548
[   5.189899] HW.Memory <Error> core\memory.cpp:Memory::MemorySystem::Write:528: unmapped Write8 0x00000000 @ 0x00000AB9 at PC 0x010F3548
[   5.189899] HW.Memory <Error> core\memory.cpp:Memory::MemorySystem::Write:528: unmapped Write8 0x00000000 @ 0x00000ABA at PC 0x010F3548
[   5.189900] HW.Memory <Error> core\memory.cpp:Memory::MemorySystem::Write:528: unmapped Write8 0x00000000 @ 0x00000ABB at PC 0x010F3548
[   5.189900] HW.Memory <Error> core\memory.cpp:Memory::MemorySystem::Write:528: unmapped Write8 0x00000000 @ 0x00000ABC at PC 0x010F3548
[   5.189901] HW.Memory <Error> core\memory.cpp:Memory::MemorySystem::Write:528: unmapped Write8 0x00000000 @ 0x00000ABD at PC 0x010F3548
[   5.189901] HW.Memory <Error> core\memory.cpp:Memory::MemorySystem::Write:528: unmapped Write8 0x00000000 @ 0x00000ABE at PC 0x010F3548
[   5.189901] HW.Memory <Error> core\memory.cpp:Memory::MemorySystem::Write:528: unmapped Write8 0x00000000 @ 0x00000ABF at PC 0x010F3548
[   5.189902] HW.Memory <Error> core\memory.cpp:Memory::MemorySystem::Write:528: unmapped Write8 0x00000000 @ 0x00000AC0 at PC 0x010F3548
[   5.189902] HW.Memory <Error> core\memory.cpp:Memory::MemorySystem::Write:528: unmapped Write8 0x00000000 @ 0x00000AC1 at PC 0x010F3548
[   5.189903] HW.Memory <Error> core\memory.cpp:Memory::MemorySystem::Write:528: unmapped Write8 0x00000000 @ 0x00000AC2 at PC 0x010F3548
[   5.189903] HW.Memory <Error> core\memory.cpp:Memory::MemorySystem::Write:528: unmapped Write8 0x00000000 @ 0x00000AC3 at PC 0x010F3548
[   5.189904] HW.Memory <Error> core\memory.cpp:Memory::MemorySystem::Write:528: unmapped Write8 0x00000000 @ 0x00000AC4 at PC 0x010F3548
[   5.189904] HW.Memory <Error> core\memory.cpp:Memory::MemorySystem::Write:528: unmapped Write8 0x00000000 @ 0x00000AC5 at PC 0x010F3548
[   5.189904] HW.Memory <Error> core\memory.cpp:Memory::MemorySystem::Write:528: unmapped Write8 0x00000000 @ 0x00000AC6 at PC 0x010F3548
[   5.189905] HW.Memory <Error> core\memory.cpp:Memory::MemorySystem::Write:528: unmapped Write8 0x00000000 @ 0x00000AC7 at PC 0x010F3548
[   5.189905] HW.Memory <Error> core\memory.cpp:Memory::MemorySystem::Write:528: unmapped Write8 0x00000000 @ 0x00000AC8 at PC 0x010F3548
[   5.189906] HW.Memory <Error> core\memory.cpp:Memory::MemorySystem::Write:528: unmapped Write8 0x00000000 @ 0x00000AC9 at PC 0x010F3548
[   5.189906] HW.Memory <Error> core\memory.cpp:Memory::MemorySystem::Write:528: unmapped Write8 0x00000000 @ 0x00000ACA at PC 0x010F3548
[   5.189907] HW.Memory <Error> core\memory.cpp:Memory::MemorySystem::Write:528: unmapped Write8 0x00000000 @ 0x00000ACB at PC 0x010F3548
[   5.189907] HW.Memory <Error> core\memory.cpp:Memory::MemorySystem::Write:528: unmapped Write8 0x00000000 @ 0x00000ACC at PC 0x010F3548
[   5.189908] HW.Memory <Error> core\memory.cpp:Memory::MemorySystem::Write:528: unmapped Write8 0x00000000 @ 0x00000ACD at PC 0x010F3548
[   5.189908] HW.Memory <Error> core\memory.cpp:Memory::MemorySystem::Write:528: unmapped Write8 0x00000000 @ 0x00000ACE at PC 0x010F3548
[   5.189909] HW.Memory <Error> core\memory.cpp:Memory::MemorySystem::Write:528: unmapped Write8 0x00000000 @ 0x00000ACF at PC 0x010F3548
[   5.189909] HW.Memory <Error> core\memory.cpp:Memory::MemorySystem::Write:528: unmapped Write8 0x00000000 @ 0x00000AD0 at PC 0x010F3548
[   5.189909] HW.Memory <Error> core\memory.cpp:Memory::MemorySystem::Write:528: unmapped Write8 0x00000000 @ 0x00000AD1 at PC 0x010F3548
[   5.189910] HW.Memory <Error> core\memory.cpp:Memory::MemorySystem::Write:528: unmapped Write8 0x00000000 @ 0x00000AD2 at PC 0x010F3548
[   5.189910] HW.Memory <Error> core\memory.cpp:Memory::MemorySystem::Write:528: unmapped Write8 0x00000000 @ 0x00000AD3 at PC 0x010F3548
[   5.189911] HW.Memory <Error> core\memory.cpp:Memory::MemorySystem::Write:528: unmapped Write8 0x00000000 @ 0x00000AD4 at PC 0x010F3548
[   5.189911] HW.Memory <Error> core\memory.cpp:Memory::MemorySystem::Write:528: unmapped Write8 0x00000000 @ 0x00000AD5 at PC 0x010F3548
[   5.189912] HW.Memory <Error> core\memory.cpp:Memory::MemorySystem::Write:528: unmapped Write8 0x00000000 @ 0x00000AD6 at PC 0x010F3548
[   5.189912] HW.Memory <Error> core\memory.cpp:Memory::MemorySystem::Write:528: unmapped Write8 0x00000000 @ 0x00000AD7 at PC 0x010F3548
[   5.189913] HW.Memory <Error> core\memory.cpp:Memory::MemorySystem::Write:528: unmapped Write8 0x00000000 @ 0x00000AD8 at PC 0x010F3548
[   5.189913] HW.Memory <Error> core\memory.cpp:Memory::MemorySystem::Write:528: unmapped Write8 0x00000000 @ 0x00000AD9 at PC 0x010F3548
[   5.189914] HW.Memory <Error> core\memory.cpp:Memory::MemorySystem::Write:528: unmapped Write8 0x00000000 @ 0x00000ADA at PC 0x010F3548
[   5.189914] HW.Memory <Error> core\memory.cpp:Memory::MemorySystem::Write:528: unmapped Write8 0x00000000 @ 0x00000ADB at PC 0x010F3548
[   5.189915] HW.Memory <Error> core\memory.cpp:Memory::MemorySystem::Write:528: unmapped Write8 0x00000000 @ 0x00000ADC at PC 0x010F3548
[   5.189915] HW.Memory <Error> core\memory.cpp:Memory::MemorySystem::Write:528: unmapped Write8 0x00000000 @ 0x00000ADD at PC 0x010F3548
[   5.189916] HW.Memory <Error> core\memory.cpp:Memory::MemorySystem::Write:528: unmapped Write8 0x00000000 @ 0x00000ADE at PC 0x010F3548
[   5.189916] HW.Memory <Error> core\memory.cpp:Memory::MemorySystem::Write:528: unmapped Write8 0x00000000 @ 0x00000ADF at PC 0x010F3548
[   5.189916] HW.Memory <Error> core\memory.cpp:Memory::MemorySystem::Write:528: unmapped Write8 0x00000000 @ 0x00000AE0 at PC 0x010F3548
[   5.189917] HW.Memory <Error> core\memory.cpp:Memory::MemorySystem::Write:528: unmapped Write8 0x00000000 @ 0x00000AE1 at PC 0x010F3548
[   5.189917] HW.Memory <Error> core\memory.cpp:Memory::MemorySystem::Write:528: unmapped Write8 0x00000000 @ 0x00000AE2 at PC 0x010F3548
[   5.189918] HW.Memory <Error> core\memory.cpp:Memory::MemorySystem::Write:528: unmapped Write8 0x00000000 @ 0x00000AE3 at PC 0x010F3548
[   5.189918] HW.Memory <Error> core\memory.cpp:Memory::MemorySystem::Write:528: unmapped Write8 0x00000000 @ 0x00000AE4 at PC 0x010F3548
[   5.189919] HW.Memory <Error> core\memory.cpp:Memory::MemorySystem::Write:528: unmapped Write8 0x00000000 @ 0x00000AE5 at PC 0x010F3548
[   5.189919] HW.Memory <Error> core\memory.cpp:Memory::MemorySystem::Write:528: unmapped Write8 0x00000000 @ 0x00000AE6 at PC 0x010F3548
[   5.189919] HW.Memory <Error> core\memory.cpp:Memory::MemorySystem::Write:528: unmapped Write8 0x00000000 @ 0x00000AE7 at PC 0x010F3548
[   5.189920] HW.Memory <Error> core\memory.cpp:Memory::MemorySystem::Write:528: unmapped Write8 0x00000000 @ 0x00000AE8 at PC 0x010F3548
[   5.189920] HW.Memory <Error> core\memory.cpp:Memory::MemorySystem::Write:528: unmapped Write8 0x00000000 @ 0x00000AE9 at PC 0x010F3548
[   5.189921] HW.Memory <Error> core\memory.cpp:Memory::MemorySystem::Write:528: unmapped Write8 0x00000000 @ 0x00000AEA at PC 0x010F3548
[   5.189921] HW.Memory <Error> core\memory.cpp:Memory::MemorySystem::Write:528: unmapped Write8 0x00000000 @ 0x00000AEB at PC 0x010F3548
[   5.189921] HW.Memory <Error> core\memory.cpp:Memory::MemorySystem::Write:528: unmapped Write8 0x00000000 @ 0x00000AEC at PC 0x010F3548
[   5.189922] HW.Memory <Error> core\memory.cpp:Memory::MemorySystem::Write:528: unmapped Write8 0x00000000 @ 0x00000AED at PC 0x010F3548
[   5.189922] HW.Memory <Error> core\memory.cpp:Memory::MemorySystem::Write:528: unmapped Write8 0x00000000 @ 0x00000AEE at PC 0x010F3548
[   5.189923] HW.Memory <Error> core\memory.cpp:Memory::MemorySystem::Write:528: unmapped Write8 0x00000000 @ 0x00000AEF at PC 0x010F3548
[   5.189923] HW.Memory <Error> core\memory.cpp:Memory::MemorySystem::Write:528: unmapped Write8 0x00000000 @ 0x00000AF0 at PC 0x010F3548
[   5.189924] HW.Memory <Error> core\memory.cpp:Memory::MemorySystem::Write:528: unmapped Write8 0x00000000 @ 0x00000AF1 at PC 0x010F3548
[   5.189924] HW.Memory <Error> core\memory.cpp:Memory::MemorySystem::Write:528: unmapped Write8 0x00000000 @ 0x00000AF2 at PC 0x010F3548
[   5.189925] HW.Memory <Error> core\memory.cpp:Memory::MemorySystem::Write:528: unmapped Write8 0x00000000 @ 0x00000AF3 at PC 0x010F3548
[   5.189925] HW.Memory <Error> core\memory.cpp:Memory::MemorySystem::Write:528: unmapped Write8 0x00000000 @ 0x00000AF4 at PC 0x010F3548
[   5.189925] HW.Memory <Error> core\memory.cpp:Memory::MemorySystem::Write:528: unmapped Write8 0x00000000 @ 0x00000AF5 at PC 0x010F3548
[   5.189926] HW.Memory <Error> core\memory.cpp:Memory::MemorySystem::Write:528: unmapped Write8 0x00000000 @ 0x00000AF6 at PC 0x010F3548
[   5.189926] HW.Memory <Error> core\memory.cpp:Memory::MemorySystem::Write:528: unmapped Write8 0x00000000 @ 0x00000AF7 at PC 0x010F3548
[   5.189927] HW.Memory <Error> core\memory.cpp:Memory::MemorySystem::Write:528: unmapped Write8 0x00000000 @ 0x00000AF8 at PC 0x010F3548
[   5.189927] HW.Memory <Error> core\memory.cpp:Memory::MemorySystem::Write:528: unmapped Write8 0x00000000 @ 0x00000AF9 at PC 0x010F3548
[   5.189927] HW.Memory <Error> core\memory.cpp:Memory::MemorySystem::Write:528: unmapped Write8 0x00000000 @ 0x00000AFA at PC 0x010F3548
[   5.189928] HW.Memory <Error> core\memory.cpp:Memory::MemorySystem::Write:528: unmapped Write8 0x00000000 @ 0x00000AFB at PC 0x010F3548
[   5.189928] HW.Memory <Error> core\memory.cpp:Memory::MemorySystem::Write:528: unmapped Write8 0x00000000 @ 0x00000AFC at PC 0x010F3548
[   5.189929] HW.Memory <Error> core\memory.cpp:Memory::MemorySystem::Write:528: unmapped Write8 0x00000000 @ 0x00000AFD at PC 0x010F3548
[   5.189929] HW.Memory <Error> core\memory.cpp:Memory::MemorySystem::Write:528: unmapped Write8 0x00000000 @ 0x00000AFE at PC 0x010F3548
[   5.189930] HW.Memory <Error> core\memory.cpp:Memory::MemorySystem::Write:528: unmapped Write8 0x00000000 @ 0x00000AFF at PC 0x010F3548
[   5.189930] HW.Memory <Error> core\memory.cpp:Memory::MemorySystem::Write:528: unmapped Write8 0x00000000 @ 0x00000B00 at PC 0x010F3548
[   5.189930] HW.Memory <Error> core\memory.cpp:Memory::MemorySystem::Write:528: unmapped Write8 0x00000000 @ 0x00000B01 at PC 0x010F3548
[   5.189931] HW.Memory <Error> core\memory.cpp:Memory::MemorySystem::Write:528: unmapped Write8 0x00000000 @ 0x00000B02 at PC 0x010F3548
[   5.189931] HW.Memory <Error> core\memory.cpp:Memory::MemorySystem::Write:528: unmapped Write8 0x00000000 @ 0x00000B03 at PC 0x010F3548
[   5.189932] HW.Memory <Error> core\memory.cpp:Memory::MemorySystem::Write:528: unmapped Write8 0x00000000 @ 0x00000B04 at PC 0x010F3548
[   5.189932] HW.Memory <Error> core\memory.cpp:Memory::MemorySystem::Write:528: unmapped Write8 0x00000000 @ 0x00000B05 at PC 0x010F3548
[   5.189933] HW.Memory <Error> core\memory.cpp:Memory::MemorySystem::Write:528: unmapped Write8 0x00000000 @ 0x00000B06 at PC 0x010F3548
[   5.189933] HW.Memory <Error> core\memory.cpp:Memory::MemorySystem::Write:528: unmapped Write8 0x00000000 @ 0x00000B07 at PC 0x010F3548
[   5.189934] HW.Memory <Error> core\memory.cpp:Memory::MemorySystem::Write:528: unmapped Write8 0x00000000 @ 0x00000B08 at PC 0x010F3548
[   5.189934] HW.Memory <Error> core\memory.cpp:Memory::MemorySystem::Write:528: unmapped Write8 0x00000000 @ 0x00000B09 at PC 0x010F3548
[   5.189935] HW.Memory <Error> core\memory.cpp:Memory::MemorySystem::Write:528: unmapped Write8 0x00000000 @ 0x00000B0A at PC 0x010F3548
[   5.189935] HW.Memory <Error> core\memory.cpp:Memory::MemorySystem::Write:528: unmapped Write8 0x00000000 @ 0x00000B0B at PC 0x010F3548
[   5.189936] HW.Memory <Error> core\memory.cpp:Memory::MemorySystem::Write:528: unmapped Write8 0x00000000 @ 0x00000B0C at PC 0x010F3548
[   5.189936] HW.Memory <Error> core\memory.cpp:Memory::MemorySystem::Write:528: unmapped Write8 0x00000000 @ 0x00000B0D at PC 0x010F3548
[   5.189937] HW.Memory <Error> core\memory.cpp:Memory::MemorySystem::Write:528: unmapped Write8 0x00000000 @ 0x00000B0E at PC 0x010F3548
[   5.189937] HW.Memory <Error> core\memory.cpp:Memory::MemorySystem::Write:528: unmapped Write8 0x00000000 @ 0x00000B0F at PC 0x010F3548
[   5.189938] HW.Memory <Error> core\memory.cpp:Memory::MemorySystem::Write:528: unmapped Write8 0x00000000 @ 0x00000B10 at PC 0x010F3548
[   5.189938] HW.Memory <Error> core\memory.cpp:Memory::MemorySystem::Write:528: unmapped Write8 0x00000000 @ 0x00000B11 at PC 0x010F3548
[   5.189939] HW.Memory <Error> core\memory.cpp:Memory::MemorySystem::Write:528: unmapped Write8 0x00000000 @ 0x00000B12 at PC 0x010F3548
[   5.189939] HW.Memory <Error> core\memory.cpp:Memory::MemorySystem::Write:528: unmapped Write8 0x00000000 @ 0x00000B13 at PC 0x010F3548
[   5.189939] HW.Memory <Error> core\memory.cpp:Memory::MemorySystem::Write:528: unmapped Write8 0x00000000 @ 0x00000B14 at PC 0x010F3548
[   5.189940] HW.Memory <Error> core\memory.cpp:Memory::MemorySystem::Write:528: unmapped Write8 0x00000000 @ 0x00000B15 at PC 0x010F3548
[   5.189940] HW.Memory <Error> core\memory.cpp:Memory::MemorySystem::Write:528: unmapped Write8 0x00000000 @ 0x00000B16 at PC 0x010F3548
[   5.189941] HW.Memory <Error> core\memory.cpp:Memory::MemorySystem::Write:528: unmapped Write8 0x00000000 @ 0x00000B17 at PC 0x010F3548
[   5.189941] HW.Memory <Error> core\memory.cpp:Memory::MemorySystem::Write:528: unmapped Write8 0x00000000 @ 0x00000B18 at PC 0x010F3548
[   5.189942] HW.Memory <Error> core\memory.cpp:Memory::MemorySystem::Write:528: unmapped Write8 0x00000000 @ 0x00000B19 at PC 0x010F3548
[   5.189942] HW.Memory <Error> core\memory.cpp:Memory::MemorySystem::Write:528: unmapped Write8 0x00000000 @ 0x00000B1A at PC 0x010F3548
[   5.189942] HW.Memory <Error> core\memory.cpp:Memory::MemorySystem::Write:528: unmapped Write8 0x00000000 @ 0x00000B1B at PC 0x010F3548
[   5.189943] HW.Memory <Error> core\memory.cpp:Memory::MemorySystem::Write:528: unmapped Write8 0x00000000 @ 0x00000B1C at PC 0x010F3548
[   5.189943] HW.Memory <Error> core\memory.cpp:Memory::MemorySystem::Write:528: unmapped Write8 0x00000000 @ 0x00000B1D at PC 0x010F3548
[   5.189944] HW.Memory <Error> core\memory.cpp:Memory::MemorySystem::Write:528: unmapped Write8 0x00000000 @ 0x00000B1E at PC 0x010F3548
[   5.189944] HW.Memory <Error> core\memory.cpp:Memory::MemorySystem::Write:528: unmapped Write8 0x00000000 @ 0x00000B1F at PC 0x010F3548
[   5.189945] HW.Memory <Error> core\memory.cpp:Memory::MemorySystem::Write:528: unmapped Write8 0x00000000 @ 0x00000B20 at PC 0x010F3548
[   5.189945] HW.Memory <Error> core\memory.cpp:Memory::MemorySystem::Write:528: unmapped Write8 0x00000000 @ 0x00000B21 at PC 0x010F3548
[   5.189946] HW.Memory <Error> core\memory.cpp:Memory::MemorySystem::Write:528: unmapped Write8 0x00000000 @ 0x00000B22 at PC 0x010F3548
[   5.189946] HW.Memory <Error> core\memory.cpp:Memory::MemorySystem::Write:528: unmapped Write8 0x00000000 @ 0x00000B23 at PC 0x010F3548
[   5.189947] HW.Memory <Error> core\memory.cpp:Memory::MemorySystem::Write:528: unmapped Write8 0x00000000 @ 0x00000B24 at PC 0x010F3548
[   5.189947] HW.Memory <Error> core\memory.cpp:Memory::MemorySystem::Write:528: unmapped Write8 0x00000000 @ 0x00000B25 at PC 0x010F3548
[   5.189947] HW.Memory <Error> core\memory.cpp:Memory::MemorySystem::Write:528: unmapped Write8 0x00000000 @ 0x00000B26 at PC 0x010F3548
[   5.189948] HW.Memory <Error> core\memory.cpp:Memory::MemorySystem::Write:528: unmapped Write8 0x00000000 @ 0x00000B27 at PC 0x010F3548
[   5.189948] HW.Memory <Error> core\memory.cpp:Memory::MemorySystem::Write:528: unmapped Write8 0x00000000 @ 0x00000B28 at PC 0x010F3548
[   5.189949] HW.Memory <Error> core\memory.cpp:Memory::MemorySystem::Write:528: unmapped Write8 0x00000000 @ 0x00000B29 at PC 0x010F3548
[   5.189949] HW.Memory <Error> core\memory.cpp:Memory::MemorySystem::Write:528: unmapped Write8 0x00000000 @ 0x00000B2A at PC 0x010F3548
[   5.189949] HW.Memory <Error> core\memory.cpp:Memory::MemorySystem::Write:528: unmapped Write8 0x00000000 @ 0x00000B2B at PC 0x010F3548
[   5.189950] HW.Memory <Error> core\memory.cpp:Memory::MemorySystem::Write:528: unmapped Write8 0x00000000 @ 0x00000B2C at PC 0x010F3548
[   5.189950] HW.Memory <Error> core\memory.cpp:Memory::MemorySystem::Write:528: unmapped Write8 0x00000000 @ 0x00000B2D at PC 0x010F3548
[   5.189951] HW.Memory <Error> core\memory.cpp:Memory::MemorySystem::Write:528: unmapped Write8 0x00000000 @ 0x00000B2E at PC 0x010F3548
[   5.189951] HW.Memory <Error> core\memory.cpp:Memory::MemorySystem::Write:528: unmapped Write8 0x00000000 @ 0x00000B2F at PC 0x010F3548
[   5.189952] HW.Memory <Error> core\memory.cpp:Memory::MemorySystem::Write:528: unmapped Write8 0x00000000 @ 0x00000B30 at PC 0x010F3548
[   5.189952] HW.Memory <Error> core\memory.cpp:Memory::MemorySystem::Write:528: unmapped Write8 0x00000000 @ 0x00000B31 at PC 0x010F3548
[   5.189953] HW.Memory <Error> core\memory.cpp:Memory::MemorySystem::Write:528: unmapped Write8 0x00000000 @ 0x00000B32 at PC 0x010F3548
[   5.189953] HW.Memory <Error> core\memory.cpp:Memory::MemorySystem::Write:528: unmapped Write8 0x00000000 @ 0x00000B33 at PC 0x010F3548
[   5.189954] HW.Memory <Error> core\memory.cpp:Memory::MemorySystem::Write:528: unmapped Write8 0x00000000 @ 0x00000B34 at PC 0x010F3548
[   5.189954] HW.Memory <Error> core\memory.cpp:Memory::MemorySystem::Write:528: unmapped Write8 0x00000000 @ 0x00000B35 at PC 0x010F3548
[   5.189954] HW.Memory <Error> core\memory.cpp:Memory::MemorySystem::Write:528: unmapped Write8 0x00000000 @ 0x00000B36 at PC 0x010F3548
[   5.189955] HW.Memory <Error> core\memory.cpp:Memory::MemorySystem::Write:528: unmapped Write8 0x00000000 @ 0x00000B37 at PC 0x010F3548
[   5.189955] HW.Memory <Error> core\memory.cpp:Memory::MemorySystem::Write:528: unmapped Write8 0x00000000 @ 0x00000B38 at PC 0x010F3548
[   5.189956] HW.Memory <Error> core\memory.cpp:Memory::MemorySystem::Write:528: unmapped Write8 0x00000000 @ 0x00000B39 at PC 0x010F3548
[   5.189956] HW.Memory <Error> core\memory.cpp:Memory::MemorySystem::Write:528: unmapped Write8 0x00000000 @ 0x00000B3A at PC 0x010F3548
[   5.189957] HW.Memory <Error> core\memory.cpp:Memory::MemorySystem::Write:528: unmapped Write8 0x00000000 @ 0x00000B3B at PC 0x010F3548
[   5.189957] HW.Memory <Error> core\memory.cpp:Memory::MemorySystem::Write:528: unmapped Write8 0x00000000 @ 0x00000B3C at PC 0x010F3548
[   5.189958] HW.Memory <Error> core\memory.cpp:Memory::MemorySystem::Write:528: unmapped Write8 0x00000000 @ 0x00000B3D at PC 0x010F3548
[   5.189958] HW.Memory <Error> core\memory.cpp:Memory::MemorySystem::Write:528: unmapped Write8 0x00000000 @ 0x00000B3E at PC 0x010F3548
[   5.189959] HW.Memory <Error> core\memory.cpp:Memory::MemorySystem::Write:528: unmapped Write8 0x00000000 @ 0x00000B3F at PC 0x010F3548
[   5.189960] HW.Memory <Error> core\memory.cpp:Memory::MemorySystem::Write:528: unmapped Write8 0x00000000 @ 0x00000B40 at PC 0x010F3548
[   5.189960] HW.Memory <Error> core\memory.cpp:Memory::MemorySystem::Write:528: unmapped Write8 0x00000000 @ 0x00000B41 at PC 0x010F3548
[   5.189961] HW.Memory <Error> core\memory.cpp:Memory::MemorySystem::Write:528: unmapped Write8 0x00000000 @ 0x00000B42 at PC 0x010F3548
[   5.189961] HW.Memory <Error> core\memory.cpp:Memory::MemorySystem::Write:528: unmapped Write8 0x00000000 @ 0x00000B43 at PC 0x010F3548
[   5.189962] HW.Memory <Error> core\memory.cpp:Memory::MemorySystem::Write:528: unmapped Write8 0x00000000 @ 0x00000B44 at PC 0x010F3548
[   5.189962] HW.Memory <Error> core\memory.cpp:Memory::MemorySystem::Write:528: unmapped Write8 0x00000000 @ 0x00000B45 at PC 0x010F3548
[   5.189963] HW.Memory <Error> core\memory.cpp:Memory::MemorySystem::Write:528: unmapped Write8 0x00000000 @ 0x00000B46 at PC 0x010F3548
[   5.189963] HW.Memory <Error> core\memory.cpp:Memory::MemorySystem::Write:528: unmapped Write8 0x00000000 @ 0x00000B47 at PC 0x010F3548
[   5.189964] HW.Memory <Error> core\memory.cpp:Memory::MemorySystem::Write:528: unmapped Write8 0x00000000 @ 0x00000B48 at PC 0x010F3548
[   5.189964] HW.Memory <Error> core\memory.cpp:Memory::MemorySystem::Write:528: unmapped Write8 0x00000000 @ 0x00000B49 at PC 0x010F3548
[   5.189964] HW.Memory <Error> core\memory.cpp:Memory::MemorySystem::Write:528: unmapped Write8 0x00000000 @ 0x00000B4A at PC 0x010F3548
[   5.189965] HW.Memory <Error> core\memory.cpp:Memory::MemorySystem::Write:528: unmapped Write8 0x00000000 @ 0x00000B4B at PC 0x010F3548
[   5.189965] HW.Memory <Error> core\memory.cpp:Memory::MemorySystem::Write:528: unmapped Write8 0x00000000 @ 0x00000B4C at PC 0x010F3548
[   5.189966] HW.Memory <Error> core\memory.cpp:Memory::MemorySystem::Write:528: unmapped Write8 0x00000000 @ 0x00000B4D at PC 0x010F3548
[   5.189966] HW.Memory <Error> core\memory.cpp:Memory::MemorySystem::Write:528: unmapped Write8 0x00000000 @ 0x00000B4E at PC 0x010F3548
[   5.189967] HW.Memory <Error> core\memory.cpp:Memory::MemorySystem::Write:528: unmapped Write8 0x00000000 @ 0x00000B4F at PC 0x010F3548
[   5.189967] HW.Memory <Error> core\memory.cpp:Memory::MemorySystem::Write:528: unmapped Write8 0x00000000 @ 0x00000B50 at PC 0x010F3548
[   5.189968] HW.Memory <Error> core\memory.cpp:Memory::MemorySystem::Write:528: unmapped Write8 0x00000000 @ 0x00000B51 at PC 0x010F3548
[   5.189969] HW.Memory <Error> core\memory.cpp:Memory::MemorySystem::Write:528: unmapped Write8 0x00000000 @ 0x00000B52 at PC 0x010F3548
[   5.189969] HW.Memory <Error> core\memory.cpp:Memory::MemorySystem::Write:528: unmapped Write8 0x00000000 @ 0x00000B53 at PC 0x010F3548
[   5.189970] HW.Memory <Error> core\memory.cpp:Memory::MemorySystem::Write:528: unmapped Write8 0x00000000 @ 0x00000B54 at PC 0x010F3548
[   5.189970] HW.Memory <Error> core\memory.cpp:Memory::MemorySystem::Write:528: unmapped Write8 0x00000000 @ 0x00000B55 at PC 0x010F3548
[   5.189970] HW.Memory <Error> core\memory.cpp:Memory::MemorySystem::Write:528: unmapped Write8 0x00000000 @ 0x00000B56 at PC 0x010F3548
[   5.189971] HW.Memory <Error> core\memory.cpp:Memory::MemorySystem::Write:528: unmapped Write8 0x00000000 @ 0x00000B57 at PC 0x010F3548
[   5.189971] HW.Memory <Error> core\memory.cpp:Memory::MemorySystem::Write:528: unmapped Write8 0x00000000 @ 0x00000B58 at PC 0x010F3548
[   5.189972] HW.Memory <Error> core\memory.cpp:Memory::MemorySystem::Write:528: unmapped Write8 0x00000000 @ 0x00000B59 at PC 0x010F3548
[   5.189972] HW.Memory <Error> core\memory.cpp:Memory::MemorySystem::Write:528: unmapped Write8 0x00000000 @ 0x00000B5A at PC 0x010F3548
[   5.189973] HW.Memory <Error> core\memory.cpp:Memory::MemorySystem::Write:528: unmapped Write8 0x00000000 @ 0x00000B5B at PC 0x010F3548
[   5.189973] HW.Memory <Error> core\memory.cpp:Memory::MemorySystem::Write:528: unmapped Write8 0x00000000 @ 0x00000B5C at PC 0x010F3548
[   5.189973] HW.Memory <Error> core\memory.cpp:Memory::MemorySystem::Write:528: unmapped Write8 0x00000000 @ 0x00000B5D at PC 0x010F3548
[   5.189974] HW.Memory <Error> core\memory.cpp:Memory::MemorySystem::Write:528: unmapped Write8 0x00000000 @ 0x00000B5E at PC 0x010F3548
[   5.189974] HW.Memory <Error> core\memory.cpp:Memory::MemorySystem::Write:528: unmapped Write8 0x00000000 @ 0x00000B5F at PC 0x010F3548
[   5.189975] HW.Memory <Error> core\memory.cpp:Memory::MemorySystem::Write:528: unmapped Write8 0x00000000 @ 0x00000B60 at PC 0x010F3548
[   5.189975] HW.Memory <Error> core\memory.cpp:Memory::MemorySystem::Write:528: unmapped Write8 0x00000000 @ 0x00000B61 at PC 0x010F3548
[   5.189976] HW.Memory <Error> core\memory.cpp:Memory::MemorySystem::Write:528: unmapped Write8 0x00000000 @ 0x00000B62 at PC 0x010F3548
[   5.189976] HW.Memory <Error> core\memory.cpp:Memory::MemorySystem::Write:528: unmapped Write8 0x00000000 @ 0x00000B63 at PC 0x010F3548
[   5.189976] HW.Memory <Error> core\memory.cpp:Memory::MemorySystem::Write:528: unmapped Write8 0x00000000 @ 0x00000B64 at PC 0x010F3548
[   5.189977] HW.Memory <Error> core\memory.cpp:Memory::MemorySystem::Write:528: unmapped Write8 0x00000000 @ 0x00000B65 at PC 0x010F3548
[   5.189977] HW.Memory <Error> core\memory.cpp:Memory::MemorySystem::Write:528: unmapped Write8 0x00000000 @ 0x00000B66 at PC 0x010F3548
[   5.189978] HW.Memory <Error> core\memory.cpp:Memory::MemorySystem::Write:528: unmapped Write8 0x00000000 @ 0x00000B67 at PC 0x010F3548
[   5.189978] HW.Memory <Error> core\memory.cpp:Memory::MemorySystem::Write:528: unmapped Write8 0x00000000 @ 0x00000B68 at PC 0x010F3548
[   5.189979] HW.Memory <Error> core\memory.cpp:Memory::MemorySystem::Write:528: unmapped Write8 0x00000000 @ 0x00000B69 at PC 0x010F3548
[   5.189979] HW.Memory <Error> core\memory.cpp:Memory::MemorySystem::Write:528: unmapped Write8 0x00000000 @ 0x00000B6A at PC 0x010F3548
[   5.189979] HW.Memory <Error> core\memory.cpp:Memory::MemorySystem::Write:528: unmapped Write8 0x00000000 @ 0x00000B6B at PC 0x010F3548
[   5.189980] HW.Memory <Error> core\memory.cpp:Memory::MemorySystem::Write:528: unmapped Write8 0x00000000 @ 0x00000B6C at PC 0x010F3548
[   5.189981] HW.Memory <Error> core\memory.cpp:Memory::MemorySystem::Write:528: unmapped Write8 0x00000000 @ 0x00000B6D at PC 0x010F3548
[   5.189981] HW.Memory <Error> core\memory.cpp:Memory::MemorySystem::Write:528: unmapped Write8 0x00000000 @ 0x00000B6E at PC 0x010F3548
[   5.189982] HW.Memory <Error> core\memory.cpp:Memory::MemorySystem::Write:528: unmapped Write8 0x00000000 @ 0x00000B6F at PC 0x010F3548
[   5.189982] HW.Memory <Error> core\memory.cpp:Memory::MemorySystem::Write:528: unmapped Write8 0x00000000 @ 0x00000B70 at PC 0x010F3548
[   5.189983] HW.Memory <Error> core\memory.cpp:Memory::MemorySystem::Write:528: unmapped Write8 0x00000000 @ 0x00000B71 at PC 0x010F3548
[   5.189983] HW.Memory <Error> core\memory.cpp:Memory::MemorySystem::Write:528: unmapped Write8 0x00000000 @ 0x00000B72 at PC 0x010F3548
[   5.189983] HW.Memory <Error> core\memory.cpp:Memory::MemorySystem::Write:528: unmapped Write8 0x00000000 @ 0x00000B73 at PC 0x010F3548
[   5.189984] HW.Memory <Error> core\memory.cpp:Memory::MemorySystem::Write:528: unmapped Write8 0x00000000 @ 0x00000B74 at PC 0x010F3548
[   5.189985] HW.Memory <Error> core\memory.cpp:Memory::MemorySystem::Write:528: unmapped Write8 0x00000000 @ 0x00000B75 at PC 0x010F3548
[   5.189985] HW.Memory <Error> core\memory.cpp:Memory::MemorySystem::Write:528: unmapped Write8 0x00000000 @ 0x00000B76 at PC 0x010F3548
[   5.189985] HW.Memory <Error> core\memory.cpp:Memory::MemorySystem::Write:528: unmapped Write8 0x00000000 @ 0x00000B77 at PC 0x010F3548
[   5.189986] HW.Memory <Error> core\memory.cpp:Memory::MemorySystem::Write:528: unmapped Write8 0x00000000 @ 0x00000B78 at PC 0x010F3548
[   5.189986] HW.Memory <Error> core\memory.cpp:Memory::MemorySystem::Write:528: unmapped Write8 0x00000000 @ 0x00000B79 at PC 0x010F3548
[   5.189987] HW.Memory <Error> core\memory.cpp:Memory::MemorySystem::Write:528: unmapped Write8 0x00000000 @ 0x00000B7A at PC 0x010F3548
[   5.189987] HW.Memory <Error> core\memory.cpp:Memory::MemorySystem::Write:528: unmapped Write8 0x00000000 @ 0x00000B7B at PC 0x010F3548
[   5.189987] HW.Memory <Error> core\memory.cpp:Memory::MemorySystem::Write:528: unmapped Write8 0x00000000 @ 0x00000B7C at PC 0x010F3548
[   5.189988] HW.Memory <Error> core\memory.cpp:Memory::MemorySystem::Write:528: unmapped Write8 0x00000000 @ 0x00000B7D at PC 0x010F3548
[   5.189988] HW.Memory <Error> core\memory.cpp:Memory::MemorySystem::Write:528: unmapped Write8 0x00000000 @ 0x00000B7E at PC 0x010F3548
[   5.189989] HW.Memory <Error> core\memory.cpp:Memory::MemorySystem::Write:528: unmapped Write8 0x00000000 @ 0x00000B7F at PC 0x010F3548
[   5.189989] HW.Memory <Error> core\memory.cpp:Memory::MemorySystem::Write:528: unmapped Write8 0x00000000 @ 0x00000B80 at PC 0x010F3548
[   5.189990] HW.Memory <Error> core\memory.cpp:Memory::MemorySystem::Write:528: unmapped Write8 0x00000000 @ 0x00000B81 at PC 0x010F3548
[   5.189990] HW.Memory <Error> core\memory.cpp:Memory::MemorySystem::Write:528: unmapped Write8 0x00000000 @ 0x00000B82 at PC 0x010F3548
[   5.189990] HW.Memory <Error> core\memory.cpp:Memory::MemorySystem::Write:528: unmapped Write8 0x00000000 @ 0x00000B83 at PC 0x010F3548
[   5.189991] HW.Memory <Error> core\memory.cpp:Memory::MemorySystem::Write:528: unmapped Write8 0x00000000 @ 0x00000B84 at PC 0x010F3548
[   5.189991] HW.Memory <Error> core\memory.cpp:Memory::MemorySystem::Write:528: unmapped Write8 0x00000000 @ 0x00000B85 at PC 0x010F3548
[   5.189992] HW.Memory <Error> core\memory.cpp:Memory::MemorySystem::Write:528: unmapped Write8 0x00000000 @ 0x00000B86 at PC 0x010F3548
[   5.189992] HW.Memory <Error> core\memory.cpp:Memory::MemorySystem::Write:528: unmapped Write8 0x00000000 @ 0x00000B87 at PC 0x010F3548
[   5.189992] HW.Memory <Error> core\memory.cpp:Memory::MemorySystem::Write:528: unmapped Write8 0x00000000 @ 0x00000B88 at PC 0x010F3548
[   5.189993] HW.Memory <Error> core\memory.cpp:Memory::MemorySystem::Write:528: unmapped Write8 0x00000000 @ 0x00000B89 at PC 0x010F3548
[   5.189993] HW.Memory <Error> core\memory.cpp:Memory::MemorySystem::Write:528: unmapped Write8 0x00000000 @ 0x00000B8A at PC 0x010F3548
[   5.189994] HW.Memory <Error> core\memory.cpp:Memory::MemorySystem::Write:528: unmapped Write8 0x00000000 @ 0x00000B8B at PC 0x010F3548
[   5.189994] HW.Memory <Error> core\memory.cpp:Memory::MemorySystem::Write:528: unmapped Write8 0x00000000 @ 0x00000B8C at PC 0x010F3548
[   5.189994] HW.Memory <Error> core\memory.cpp:Memory::MemorySystem::Write:528: unmapped Write8 0x00000000 @ 0x00000B8D at PC 0x010F3548
[   5.189995] HW.Memory <Error> core\memory.cpp:Memory::MemorySystem::Write:528: unmapped Write8 0x00000000 @ 0x00000B8E at PC 0x010F3548
[   5.189995] HW.Memory <Error> core\memory.cpp:Memory::MemorySystem::Write:528: unmapped Write8 0x00000000 @ 0x00000B8F at PC 0x010F3548
[   5.189996] HW.Memory <Error> core\memory.cpp:Memory::MemorySystem::Write:528: unmapped Write8 0x00000000 @ 0x00000B90 at PC 0x010F3548
[   5.189996] HW.Memory <Error> core\memory.cpp:Memory::MemorySystem::Write:528: unmapped Write8 0x00000000 @ 0x00000B91 at PC 0x010F3548
[   5.189996] HW.Memory <Error> core\memory.cpp:Memory::MemorySystem::Write:528: unmapped Write8 0x00000000 @ 0x00000B92 at PC 0x010F3548
[   5.189997] HW.Memory <Error> core\memory.cpp:Memory::MemorySystem::Write:528: unmapped Write8 0x00000000 @ 0x00000B93 at PC 0x010F3548
[   5.189997] HW.Memory <Error> core\memory.cpp:Memory::MemorySystem::Write:528: unmapped Write8 0x00000000 @ 0x00000B94 at PC 0x010F3548
[   5.189998] HW.Memory <Error> core\memory.cpp:Memory::MemorySystem::Write:528: unmapped Write8 0x00000000 @ 0x00000B95 at PC 0x010F3548
[   5.189998] HW.Memory <Error> core\memory.cpp:Memory::MemorySystem::Write:528: unmapped Write8 0x00000000 @ 0x00000B96 at PC 0x010F3548
[   5.189998] HW.Memory <Error> core\memory.cpp:Memory::MemorySystem::Write:528: unmapped Write8 0x00000000 @ 0x00000B97 at PC 0x010F3548
[   5.189999] HW.Memory <Error> core\memory.cpp:Memory::MemorySystem::Write:528: unmapped Write8 0x00000000 @ 0x00000B98 at PC 0x010F3548
[   5.189999] HW.Memory <Error> core\memory.cpp:Memory::MemorySystem::Write:528: unmapped Write8 0x00000000 @ 0x00000B99 at PC 0x010F3548
[   5.190000] HW.Memory <Error> core\memory.cpp:Memory::MemorySystem::Write:528: unmapped Write8 0x00000000 @ 0x00000B9A at PC 0x010F3548
[   5.190000] HW.Memory <Error> core\memory.cpp:Memory::MemorySystem::Write:528: unmapped Write8 0x00000000 @ 0x00000B9B at PC 0x010F3548
[   5.190001] HW.Memory <Error> core\memory.cpp:Memory::MemorySystem::Write:528: unmapped Write8 0x00000000 @ 0x00000B9C at PC 0x010F3548
[   5.190001] HW.Memory <Error> core\memory.cpp:Memory::MemorySystem::Write:528: unmapped Write8 0x00000000 @ 0x00000B9D at PC 0x010F3548
[   5.190001] HW.Memory <Error> core\memory.cpp:Memory::MemorySystem::Write:528: unmapped Write8 0x00000000 @ 0x00000B9E at PC 0x010F3548
[   5.190002] HW.Memory <Error> core\memory.cpp:Memory::MemorySystem::Write:528: unmapped Write8 0x00000000 @ 0x00000B9F at PC 0x010F3548
[   5.190002] HW.Memory <Error> core\memory.cpp:Memory::MemorySystem::Write:528: unmapped Write8 0x00000000 @ 0x00000BA0 at PC 0x010F3548
[   5.190003] HW.Memory <Error> core\memory.cpp:Memory::MemorySystem::Write:528: unmapped Write8 0x00000000 @ 0x00000BA1 at PC 0x010F3548
[   5.190003] HW.Memory <Error> core\memory.cpp:Memory::MemorySystem::Write:528: unmapped Write8 0x00000000 @ 0x00000BA2 at PC 0x010F3548
[   5.190003] HW.Memory <Error> core\memory.cpp:Memory::MemorySystem::Write:528: unmapped Write8 0x00000000 @ 0x00000BA3 at PC 0x010F3548
[   5.190004] HW.Memory <Error> core\memory.cpp:Memory::MemorySystem::Write:528: unmapped Write8 0x00000000 @ 0x00000BA4 at PC 0x010F3548
[   5.190004] HW.Memory <Error> core\memory.cpp:Memory::MemorySystem::Write:528: unmapped Write8 0x00000000 @ 0x00000BA5 at PC 0x010F3548
[   5.190005] HW.Memory <Error> core\memory.cpp:Memory::MemorySystem::Write:528: unmapped Write8 0x00000000 @ 0x00000BA6 at PC 0x010F3548
[   5.190005] HW.Memory <Error> core\memory.cpp:Memory::MemorySystem::Write:528: unmapped Write8 0x00000000 @ 0x00000BA7 at PC 0x010F3548
[   5.190006] HW.Memory <Error> core\memory.cpp:Memory::MemorySystem::Write:528: unmapped Write8 0x00000000 @ 0x00000BA8 at PC 0x010F3548
[   5.190006] HW.Memory <Error> core\memory.cpp:Memory::MemorySystem::Write:528: unmapped Write8 0x00000000 @ 0x00000BA9 at PC 0x010F3548
[   5.190006] HW.Memory <Error> core\memory.cpp:Memory::MemorySystem::Write:528: unmapped Write8 0x00000000 @ 0x00000BAA at PC 0x010F3548
[   5.190007] HW.Memory <Error> core\memory.cpp:Memory::MemorySystem::Write:528: unmapped Write8 0x00000000 @ 0x00000BAB at PC 0x010F3548
[   5.190007] HW.Memory <Error> core\memory.cpp:Memory::MemorySystem::Write:528: unmapped Write8 0x00000000 @ 0x00000BAC at PC 0x010F3548
[   5.190008] HW.Memory <Error> core\memory.cpp:Memory::MemorySystem::Write:528: unmapped Write8 0x00000000 @ 0x00000BAD at PC 0x010F3548
[   5.190008] HW.Memory <Error> core\memory.cpp:Memory::MemorySystem::Write:528: unmapped Write8 0x00000000 @ 0x00000BAE at PC 0x010F3548
[   5.190009] HW.Memory <Error> core\memory.cpp:Memory::MemorySystem::Write:528: unmapped Write8 0x00000000 @ 0x00000BAF at PC 0x010F3548
[   5.190009] HW.Memory <Error> core\memory.cpp:Memory::MemorySystem::Write:528: unmapped Write8 0x00000000 @ 0x00000BB0 at PC 0x010F3548
[   5.190010] HW.Memory <Error> core\memory.cpp:Memory::MemorySystem::Write:528: unmapped Write8 0x00000000 @ 0x00000BB1 at PC 0x010F3548
[   5.190010] HW.Memory <Error> core\memory.cpp:Memory::MemorySystem::Write:528: unmapped Write8 0x00000000 @ 0x00000BB2 at PC 0x010F3548
[   5.190011] HW.Memory <Error> core\memory.cpp:Memory::MemorySystem::Write:528: unmapped Write8 0x00000000 @ 0x00000BB3 at PC 0x010F3548
[   5.190011] HW.Memory <Error> core\memory.cpp:Memory::MemorySystem::Write:528: unmapped Write8 0x00000000 @ 0x00000BB4 at PC 0x010F3548
[   5.190012] HW.Memory <Error> core\memory.cpp:Memory::MemorySystem::Write:528: unmapped Write8 0x00000000 @ 0x00000BB5 at PC 0x010F3548
[   5.190012] HW.Memory <Error> core\memory.cpp:Memory::MemorySystem::Write:528: unmapped Write8 0x00000000 @ 0x00000BB6 at PC 0x010F3548
[   5.190012] HW.Memory <Error> core\memory.cpp:Memory::MemorySystem::Write:528: unmapped Write8 0x00000000 @ 0x00000BB7 at PC 0x010F3548
[   5.190013] HW.Memory <Error> core\memory.cpp:Memory::MemorySystem::Write:528: unmapped Write8 0x00000000 @ 0x00000BB8 at PC 0x010F3548
[   5.190013] HW.Memory <Error> core\memory.cpp:Memory::MemorySystem::Write:528: unmapped Write8 0x00000000 @ 0x00000BB9 at PC 0x010F3548
[   5.190014] HW.Memory <Error> core\memory.cpp:Memory::MemorySystem::Write:528: unmapped Write8 0x00000000 @ 0x00000BBA at PC 0x010F3548
[   5.190014] HW.Memory <Error> core\memory.cpp:Memory::MemorySystem::Write:528: unmapped Write8 0x00000000 @ 0x00000BBB at PC 0x010F3548
[   5.190014] HW.Memory <Error> core\memory.cpp:Memory::MemorySystem::Write:528: unmapped Write8 0x00000000 @ 0x00000BBC at PC 0x010F3548
[   5.190015] HW.Memory <Error> core\memory.cpp:Memory::MemorySystem::Write:528: unmapped Write8 0x00000000 @ 0x00000BBD at PC 0x010F3548
[   5.190015] HW.Memory <Error> core\memory.cpp:Memory::MemorySystem::Write:528: unmapped Write8 0x00000000 @ 0x00000BBE at PC 0x010F3548
[   5.190016] HW.Memory <Error> core\memory.cpp:Memory::MemorySystem::Write:528: unmapped Write8 0x00000000 @ 0x00000BBF at PC 0x010F3548
[   5.190016] HW.Memory <Error> core\memory.cpp:Memory::MemorySystem::Write:528: unmapped Write8 0x00000000 @ 0x00000BC0 at PC 0x010F3548
[   5.190016] HW.Memory <Error> core\memory.cpp:Memory::MemorySystem::Write:528: unmapped Write8 0x00000000 @ 0x00000BC1 at PC 0x010F3548
[   5.190017] HW.Memory <Error> core\memory.cpp:Memory::MemorySystem::Write:528: unmapped Write8 0x00000000 @ 0x00000BC2 at PC 0x010F3548
[   5.190017] HW.Memory <Error> core\memory.cpp:Memory::MemorySystem::Write:528: unmapped Write8 0x00000000 @ 0x00000BC3 at PC 0x010F3548
[   5.190018] HW.Memory <Error> core\memory.cpp:Memory::MemorySystem::Write:528: unmapped Write8 0x00000000 @ 0x00000BC4 at PC 0x010F3548
[   5.190018] HW.Memory <Error> core\memory.cpp:Memory::MemorySystem::Write:528: unmapped Write8 0x00000000 @ 0x00000BC5 at PC 0x010F3548
[   5.190019] HW.Memory <Error> core\memory.cpp:Memory::MemorySystem::Write:528: unmapped Write8 0x00000000 @ 0x00000BC6 at PC 0x010F3548
[   5.190019] HW.Memory <Error> core\memory.cpp:Memory::MemorySystem::Write:528: unmapped Write8 0x00000000 @ 0x00000BC7 at PC 0x010F3548
[   5.190019] HW.Memory <Error> core\memory.cpp:Memory::MemorySystem::Write:528: unmapped Write8 0x00000000 @ 0x00000BC8 at PC 0x010F3548
[   5.190020] HW.Memory <Error> core\memory.cpp:Memory::MemorySystem::Write:528: unmapped Write8 0x00000000 @ 0x00000BC9 at PC 0x010F3548
[   5.190020] HW.Memory <Error> core\memory.cpp:Memory::MemorySystem::Write:528: unmapped Write8 0x00000000 @ 0x00000BCA at PC 0x010F3548
[   5.190021] HW.Memory <Error> core\memory.cpp:Memory::MemorySystem::Write:528: unmapped Write8 0x00000000 @ 0x00000BCB at PC 0x010F3548
[   5.190021] HW.Memory <Error> core\memory.cpp:Memory::MemorySystem::Write:528: unmapped Write8 0x00000000 @ 0x00000BCC at PC 0x010F3548
[   5.190021] HW.Memory <Error> core\memory.cpp:Memory::MemorySystem::Write:528: unmapped Write8 0x00000000 @ 0x00000BCD at PC 0x010F3548
[   5.190022] HW.Memory <Error> core\memory.cpp:Memory::MemorySystem::Write:528: unmapped Write8 0x00000000 @ 0x00000BCE at PC 0x010F3548
[   5.190022] HW.Memory <Error> core\memory.cpp:Memory::MemorySystem::Write:528: unmapped Write8 0x00000000 @ 0x00000BCF at PC 0x010F3548
[   5.190023] HW.Memory <Error> core\memory.cpp:Memory::MemorySystem::Write:528: unmapped Write8 0x00000000 @ 0x00000BD0 at PC 0x010F3548
[   5.190023] HW.Memory <Error> core\memory.cpp:Memory::MemorySystem::Write:528: unmapped Write8 0x00000000 @ 0x00000BD1 at PC 0x010F3548
[   5.190024] HW.Memory <Error> core\memory.cpp:Memory::MemorySystem::Write:528: unmapped Write8 0x00000000 @ 0x00000BD2 at PC 0x010F3548
[   5.190024] HW.Memory <Error> core\memory.cpp:Memory::MemorySystem::Write:528: unmapped Write8 0x00000000 @ 0x00000BD3 at PC 0x010F3548
[   5.190024] HW.Memory <Error> core\memory.cpp:Memory::MemorySystem::Write:528: unmapped Write8 0x00000000 @ 0x00000BD4 at PC 0x010F3548
[   5.190025] HW.Memory <Error> core\memory.cpp:Memory::MemorySystem::Write:528: unmapped Write8 0x00000000 @ 0x00000BD5 at PC 0x010F3548
[   5.190025] HW.Memory <Error> core\memory.cpp:Memory::MemorySystem::Write:528: unmapped Write8 0x00000000 @ 0x00000BD6 at PC 0x010F3548
[   5.190026] HW.Memory <Error> core\memory.cpp:Memory::MemorySystem::Write:528: unmapped Write8 0x00000000 @ 0x00000BD7 at PC 0x010F3548
[   5.190026] HW.Memory <Error> core\memory.cpp:Memory::MemorySystem::Write:528: unmapped Write8 0x00000000 @ 0x00000BD8 at PC 0x010F3548
[   5.190026] HW.Memory <Error> core\memory.cpp:Memory::MemorySystem::Write:528: unmapped Write8 0x00000000 @ 0x00000BD9 at PC 0x010F3548
[   5.190027] HW.Memory <Error> core\memory.cpp:Memory::MemorySystem::Write:528: unmapped Write8 0x00000000 @ 0x00000BDA at PC 0x010F3548
[   5.190027] HW.Memory <Error> core\memory.cpp:Memory::MemorySystem::Write:528: unmapped Write8 0x00000000 @ 0x00000BDB at PC 0x010F3548
[   5.190028] HW.Memory <Error> core\memory.cpp:Memory::MemorySystem::Write:528: unmapped Write8 0x00000000 @ 0x00000BDC at PC 0x010F3548
[   5.190028] HW.Memory <Error> core\memory.cpp:Memory::MemorySystem::Write:528: unmapped Write8 0x00000000 @ 0x00000BDD at PC 0x010F3548
[   5.190028] HW.Memory <Error> core\memory.cpp:Memory::MemorySystem::Write:528: unmapped Write8 0x00000000 @ 0x00000BDE at PC 0x010F3548
[   5.190029] HW.Memory <Error> core\memory.cpp:Memory::MemorySystem::Write:528: unmapped Write8 0x00000000 @ 0x00000BDF at PC 0x010F3548
[   5.190029] HW.Memory <Error> core\memory.cpp:Memory::MemorySystem::Write:528: unmapped Write8 0x00000000 @ 0x00000BE0 at PC 0x010F3548
[   5.190030] HW.Memory <Error> core\memory.cpp:Memory::MemorySystem::Write:528: unmapped Write8 0x00000000 @ 0x00000BE1 at PC 0x010F3548
[   5.190030] HW.Memory <Error> core\memory.cpp:Memory::MemorySystem::Write:528: unmapped Write8 0x00000000 @ 0x00000BE2 at PC 0x010F3548
[   5.190030] HW.Memory <Error> core\memory.cpp:Memory::MemorySystem::Write:528: unmapped Write8 0x00000000 @ 0x00000BE3 at PC 0x010F3548
[   5.190031] HW.Memory <Error> core\memory.cpp:Memory::MemorySystem::Write:528: unmapped Write8 0x00000000 @ 0x00000BE4 at PC 0x010F3548
[   5.190031] HW.Memory <Error> core\memory.cpp:Memory::MemorySystem::Write:528: unmapped Write8 0x00000000 @ 0x00000BE5 at PC 0x010F3548
[   5.190032] HW.Memory <Error> core\memory.cpp:Memory::MemorySystem::Write:528: unmapped Write8 0x00000000 @ 0x00000BE6 at PC 0x010F3548
[   5.190032] HW.Memory <Error> core\memory.cpp:Memory::MemorySystem::Write:528: unmapped Write8 0x00000000 @ 0x00000BE7 at PC 0x010F3548
[   5.190033] HW.Memory <Error> core\memory.cpp:Memory::MemorySystem::Write:528: unmapped Write8 0x00000000 @ 0x00000BE8 at PC 0x010F3548
[   5.190033] HW.Memory <Error> core\memory.cpp:Memory::MemorySystem::Write:528: unmapped Write8 0x00000000 @ 0x00000BE9 at PC 0x010F3548
[   5.190033] HW.Memory <Error> core\memory.cpp:Memory::MemorySystem::Write:528: unmapped Write8 0x00000000 @ 0x00000BEA at PC 0x010F3548
[   5.190034] HW.Memory <Error> core\memory.cpp:Memory::MemorySystem::Write:528: unmapped Write8 0x00000000 @ 0x00000BEB at PC 0x010F3548
[   5.190035] HW.Memory <Error> core\memory.cpp:Memory::MemorySystem::Write:528: unmapped Write8 0x00000000 @ 0x00000BEC at PC 0x010F3548
[   5.190035] HW.Memory <Error> core\memory.cpp:Memory::MemorySystem::Write:528: unmapped Write8 0x00000000 @ 0x00000BED at PC 0x010F3548
[   5.190036] HW.Memory <Error> core\memory.cpp:Memory::MemorySystem::Write:528: unmapped Write8 0x00000000 @ 0x00000BEE at PC 0x010F3548
[   5.190036] HW.Memory <Error> core\memory.cpp:Memory::MemorySystem::Write:528: unmapped Write8 0x00000000 @ 0x00000BEF at PC 0x010F3548
[   5.190036] HW.Memory <Error> core\memory.cpp:Memory::MemorySystem::Write:528: unmapped Write8 0x00000000 @ 0x00000BF0 at PC 0x010F3548
[   5.190037] HW.Memory <Error> core\memory.cpp:Memory::MemorySystem::Write:528: unmapped Write8 0x00000000 @ 0x00000BF1 at PC 0x010F3548
[   5.190037] HW.Memory <Error> core\memory.cpp:Memory::MemorySystem::Write:528: unmapped Write8 0x00000000 @ 0x00000BF2 at PC 0x010F3548
[   5.190055] HW.Memory <Error> core\memory.cpp:Memory::MemorySystem::Write:528: unmapped Write8 0x00000000 @ 0x00000BF3 at PC 0x010F3548
[   5.190056] HW.Memory <Error> core\memory.cpp:Memory::MemorySystem::Write:528: unmapped Write8 0x00000000 @ 0x00000BF4 at PC 0x010F3548
[   5.190056] HW.Memory <Error> core\memory.cpp:Memory::MemorySystem::Write:528: unmapped Write8 0x00000000 @ 0x00000BF5 at PC 0x010F3548
[   5.190057] HW.Memory <Error> core\memory.cpp:Memory::MemorySystem::Write:528: unmapped Write8 0x00000000 @ 0x00000BF6 at PC 0x010F3548
[   5.190057] HW.Memory <Error> core\memory.cpp:Memory::MemorySystem::Write:528: unmapped Write8 0x00000000 @ 0x00000BF7 at PC 0x010F3548
[   5.190058] HW.Memory <Error> core\memory.cpp:Memory::MemorySystem::Write:528: unmapped Write8 0x00000000 @ 0x00000BF8 at PC 0x010F3548
[   5.190058] HW.Memory <Error> core\memory.cpp:Memory::MemorySystem::Write:528: unmapped Write8 0x00000000 @ 0x00000BF9 at PC 0x010F3548
[   5.190058] HW.Memory <Error> core\memory.cpp:Memory::MemorySystem::Write:528: unmapped Write8 0x00000000 @ 0x00000BFA at PC 0x010F3548
[   5.190059] HW.Memory <Error> core\memory.cpp:Memory::MemorySystem::Write:528: unmapped Write8 0x00000000 @ 0x00000BFB at PC 0x010F3548
[   5.190059] HW.Memory <Error> core\memory.cpp:Memory::MemorySystem::Write:528: unmapped Write8 0x00000000 @ 0x00000BFC at PC 0x010F3548
[   5.190060] HW.Memory <Error> core\memory.cpp:Memory::MemorySystem::Write:528: unmapped Write8 0x00000000 @ 0x00000BFD at PC 0x010F3548
[   5.190060] HW.Memory <Error> core\memory.cpp:Memory::MemorySystem::Write:528: unmapped Write8 0x00000000 @ 0x00000BFE at PC 0x010F3548
[   5.190061] HW.Memory <Error> core\memory.cpp:Memory::MemorySystem::Write:528: unmapped Write8 0x00000000 @ 0x00000BFF at PC 0x010F3548
[   5.190061] HW.Memory <Error> core\memory.cpp:Memory::MemorySystem::Write:528: unmapped Write8 0x00000000 @ 0x00000C00 at PC 0x010F3548
[   5.190061] HW.Memory <Error> core\memory.cpp:Memory::MemorySystem::Write:528: unmapped Write8 0x00000000 @ 0x00000C01 at PC 0x010F3548
[   5.190062] HW.Memory <Error> core\memory.cpp:Memory::MemorySystem::Write:528: unmapped Write8 0x00000000 @ 0x00000C02 at PC 0x010F3548
[   5.190062] HW.Memory <Error> core\memory.cpp:Memory::MemorySystem::Write:528: unmapped Write8 0x00000000 @ 0x00000C03 at PC 0x010F3548
[   5.190063] HW.Memory <Error> core\memory.cpp:Memory::MemorySystem::Write:528: unmapped Write8 0x00000000 @ 0x00000C04 at PC 0x010F3548
[   5.190063] HW.Memory <Error> core\memory.cpp:Memory::MemorySystem::Write:528: unmapped Write8 0x00000000 @ 0x00000C05 at PC 0x010F3548
[   5.190064] HW.Memory <Error> core\memory.cpp:Memory::MemorySystem::Write:528: unmapped Write8 0x00000000 @ 0x00000C06 at PC 0x010F3548
[   5.190064] HW.Memory <Error> core\memory.cpp:Memory::MemorySystem::Write:528: unmapped Write8 0x00000000 @ 0x00000C07 at PC 0x010F3548
[   5.190064] HW.Memory <Error> core\memory.cpp:Memory::MemorySystem::Write:528: unmapped Write8 0x00000000 @ 0x00000C08 at PC 0x010F3548
[   5.190065] HW.Memory <Error> core\memory.cpp:Memory::MemorySystem::Write:528: unmapped Write8 0x00000000 @ 0x00000C09 at PC 0x010F3548
[   5.190065] HW.Memory <Error> core\memory.cpp:Memory::MemorySystem::Write:528: unmapped Write8 0x00000000 @ 0x00000C0A at PC 0x010F3548
[   5.190066] HW.Memory <Error> core\memory.cpp:Memory::MemorySystem::Write:528: unmapped Write8 0x00000000 @ 0x00000C0B at PC 0x010F3548
[   5.190066] HW.Memory <Error> core\memory.cpp:Memory::MemorySystem::Write:528: unmapped Write8 0x00000000 @ 0x00000C0C at PC 0x010F3548
[   5.190066] HW.Memory <Error> core\memory.cpp:Memory::MemorySystem::Write:528: unmapped Write8 0x00000000 @ 0x00000C0D at PC 0x010F3548
[   5.190067] HW.Memory <Error> core\memory.cpp:Memory::MemorySystem::Write:528: unmapped Write8 0x00000000 @ 0x00000C0E at PC 0x010F3548
[   5.190067] HW.Memory <Error> core\memory.cpp:Memory::MemorySystem::Write:528: unmapped Write8 0x00000000 @ 0x00000C0F at PC 0x010F3548
[   5.190068] HW.Memory <Error> core\memory.cpp:Memory::MemorySystem::Write:528: unmapped Write8 0x00000000 @ 0x00000C10 at PC 0x010F3548
[   5.190068] HW.Memory <Error> core\memory.cpp:Memory::MemorySystem::Write:528: unmapped Write8 0x00000000 @ 0x00000C11 at PC 0x010F3548
[   5.190068] HW.Memory <Error> core\memory.cpp:Memory::MemorySystem::Write:528: unmapped Write8 0x00000000 @ 0x00000C12 at PC 0x010F3548
[   5.190069] HW.Memory <Error> core\memory.cpp:Memory::MemorySystem::Write:528: unmapped Write8 0x00000000 @ 0x00000C13 at PC 0x010F3548
[   5.190069] HW.Memory <Error> core\memory.cpp:Memory::MemorySystem::Write:528: unmapped Write8 0x00000000 @ 0x00000C14 at PC 0x010F3548
[   5.190070] HW.Memory <Error> core\memory.cpp:Memory::MemorySystem::Write:528: unmapped Write8 0x00000000 @ 0x00000C15 at PC 0x010F3548
[   5.190070] HW.Memory <Error> core\memory.cpp:Memory::MemorySystem::Write:528: unmapped Write8 0x00000000 @ 0x00000C16 at PC 0x010F3548
[   5.190071] HW.Memory <Error> core\memory.cpp:Memory::MemorySystem::Write:528: unmapped Write8 0x00000000 @ 0x00000C17 at PC 0x010F3548
[   5.190071] HW.Memory <Error> core\memory.cpp:Memory::MemorySystem::Write:528: unmapped Write8 0x00000000 @ 0x00000C18 at PC 0x010F3548
[   5.190071] HW.Memory <Error> core\memory.cpp:Memory::MemorySystem::Write:528: unmapped Write8 0x00000000 @ 0x00000C19 at PC 0x010F3548
[   5.190072] HW.Memory <Error> core\memory.cpp:Memory::MemorySystem::Write:528: unmapped Write8 0x00000000 @ 0x00000C1A at PC 0x010F3548
[   5.190072] HW.Memory <Error> core\memory.cpp:Memory::MemorySystem::Write:528: unmapped Write8 0x00000000 @ 0x00000C1B at PC 0x010F3548
[   5.190073] HW.Memory <Error> core\memory.cpp:Memory::MemorySystem::Write:528: unmapped Write8 0x00000000 @ 0x00000C1C at PC 0x010F3548
[   5.190073] HW.Memory <Error> core\memory.cpp:Memory::MemorySystem::Write:528: unmapped Write8 0x00000000 @ 0x00000C1D at PC 0x010F3548
[   5.190073] HW.Memory <Error> core\memory.cpp:Memory::MemorySystem::Write:528: unmapped Write8 0x00000000 @ 0x00000C1E at PC 0x010F3548
[   5.190074] HW.Memory <Error> core\memory.cpp:Memory::MemorySystem::Write:528: unmapped Write8 0x00000000 @ 0x00000C1F at PC 0x010F3548
[   5.190074] HW.Memory <Error> core\memory.cpp:Memory::MemorySystem::Write:528: unmapped Write8 0x00000000 @ 0x00000C20 at PC 0x010F3548
[   5.190075] HW.Memory <Error> core\memory.cpp:Memory::MemorySystem::Write:528: unmapped Write8 0x00000000 @ 0x00000C21 at PC 0x010F3548
[   5.190075] HW.Memory <Error> core\memory.cpp:Memory::MemorySystem::Write:528: unmapped Write8 0x00000000 @ 0x00000C22 at PC 0x010F3548
[   5.190075] HW.Memory <Error> core\memory.cpp:Memory::MemorySystem::Write:528: unmapped Write8 0x00000000 @ 0x00000C23 at PC 0x010F3548
[   5.190076] HW.Memory <Error> core\memory.cpp:Memory::MemorySystem::Write:528: unmapped Write8 0x00000000 @ 0x00000C24 at PC 0x010F3548
[   5.190076] HW.Memory <Error> core\memory.cpp:Memory::MemorySystem::Write:528: unmapped Write8 0x00000000 @ 0x00000C25 at PC 0x010F3548
[   5.190077] HW.Memory <Error> core\memory.cpp:Memory::MemorySystem::Write:528: unmapped Write8 0x00000000 @ 0x00000C26 at PC 0x010F3548
[   5.190077] HW.Memory <Error> core\memory.cpp:Memory::MemorySystem::Write:528: unmapped Write8 0x00000000 @ 0x00000C27 at PC 0x010F3548
[   5.190078] HW.Memory <Error> core\memory.cpp:Memory::MemorySystem::Read:479: unmapped Read8 @ 0x00000C28 at PC 0x010F348C
[   5.190079] HW.Memory <Error> core\memory.cpp:Memory::MemorySystem::Read:479: unmapped Read8 @ 0x00000828 at PC 0x010F348C
[   5.190080] HW.Memory <Error> core\memory.cpp:Memory::MemorySystem::Write:528: unmapped Write16 0x00000000 @ 0x00000024 at PC 0x010F34D0
[   5.190364] HW.Memory <Error> core\memory.cpp:Memory::MemorySystem::Impl::ReadBlockImpl:178: unmapped ReadBlock @ 0x00000024 (start address = 0x00000024, size = 2) at PC 0x010F0A78
[   5.190376] Service.FS <Error> core\file_sys\archive_sdmc.cpp:FileSys::SDMCArchive::OpenFileBase:64: Invalid path [Wchar: ]
[   5.196407] HW.Memory <Error> core\memory.cpp:Memory::MemorySystem::Write:528: unmapped Write8 0x0000002F @ 0x00000828 at PC 0x010F3548
[   5.196408] HW.Memory <Error> core\memory.cpp:Memory::MemorySystem::Write:528: unmapped Write8 0x0000006F @ 0x00000829 at PC 0x010F3548
[   5.196409] HW.Memory <Error> core\memory.cpp:Memory::MemorySystem::Write:528: unmapped Write8 0x00000070 @ 0x0000082A at PC 0x010F3548
[   5.196409] HW.Memory <Error> core\memory.cpp:Memory::MemorySystem::Write:528: unmapped Write8 0x00000065 @ 0x0000082B at PC 0x010F3548
[   5.196410] HW.Memory <Error> core\memory.cpp:Memory::MemorySystem::Write:528: unmapped Write8 0x0000006E @ 0x0000082C at PC 0x010F3548
[   5.196411] HW.Memory <Error> core\memory.cpp:Memory::MemorySystem::Write:528: unmapped Write8 0x00000073 @ 0x0000082D at PC 0x010F3548
[   5.196411] HW.Memory <Error> core\memory.cpp:Memory::MemorySystem::Write:528: unmapped Write8 0x00000062 @ 0x0000082E at PC 0x010F3548
[   5.196412] HW.Memory <Error> core\memory.cpp:Memory::MemorySystem::Write:528: unmapped Write8 0x0000005F @ 0x0000082F at PC 0x010F3548
[   5.196412] HW.Memory <Error> core\memory.cpp:Memory::MemorySystem::Write:528: unmapped Write8 0x0000006D @ 0x00000830 at PC 0x010F3548
[   5.196413] HW.Memory <Error> core\memory.cpp:Memory::MemorySystem::Write:528: unmapped Write8 0x00000061 @ 0x00000831 at PC 0x010F3548
[   5.196413] HW.Memory <Error> core\memory.cpp:Memory::MemorySystem::Write:528: unmapped Write8 0x00000069 @ 0x00000832 at PC 0x010F3548
[   5.196414] HW.Memory <Error> core\memory.cpp:Memory::MemorySystem::Write:528: unmapped Write8 0x0000006E @ 0x00000833 at PC 0x010F3548
[   5.196414] HW.Memory <Error> core\memory.cpp:Memory::MemorySystem::Write:528: unmapped Write8 0x0000002E @ 0x00000834 at PC 0x010F3548
[   5.196415] HW.Memory <Error> core\memory.cpp:Memory::MemorySystem::Write:528: unmapped Write8 0x0000006C @ 0x00000835 at PC 0x010F3548
[   5.196415] HW.Memory <Error> core\memory.cpp:Memory::MemorySystem::Write:528: unmapped Write8 0x0000006F @ 0x00000836 at PC 0x010F3548
[   5.196416] HW.Memory <Error> core\memory.cpp:Memory::MemorySystem::Write:528: unmapped Write8 0x00000067 @ 0x00000837 at PC 0x010F3548
[   5.196416] HW.Memory <Error> core\memory.cpp:Memory::MemorySystem::Write:528: unmapped Write8 0x00000000 @ 0x00000838 at PC 0x010F3548
[   5.196417] HW.Memory <Error> core\memory.cpp:Memory::MemorySystem::Write:528: unmapped Write8 0x00000000 @ 0x00000839 at PC 0x010F3548
[   5.196417] HW.Memory <Error> core\memory.cpp:Memory::MemorySystem::Write:528: unmapped Write8 0x00000000 @ 0x0000083A at PC 0x010F3548
[   5.196418] HW.Memory <Error> core\memory.cpp:Memory::MemorySystem::Write:528: unmapped Write8 0x00000000 @ 0x0000083B at PC 0x010F3548
[   5.196418] HW.Memory <Error> core\memory.cpp:Memory::MemorySystem::Write:528: unmapped Write8 0x00000000 @ 0x0000083C at PC 0x010F3548
[   5.196419] HW.Memory <Error> core\memory.cpp:Memory::MemorySystem::Write:528: unmapped Write8 0x00000000 @ 0x0000083D at PC 0x010F3548
[   5.196419] HW.Memory <Error> core\memory.cpp:Memory::MemorySystem::Write:528: unmapped Write8 0x00000000 @ 0x0000083E at PC 0x010F3548
[   5.196420] HW.Memory <Error> core\memory.cpp:Memory::MemorySystem::Write:528: unmapped Write8 0x00000000 @ 0x0000083F at PC 0x010F3548
[   5.196420] HW.Memory <Error> core\memory.cpp:Memory::MemorySystem::Write:528: unmapped Write8 0x00000000 @ 0x00000840 at PC 0x010F3548
[   5.196421] HW.Memory <Error> core\memory.cpp:Memory::MemorySystem::Write:528: unmapped Write8 0x00000000 @ 0x00000841 at PC 0x010F3548
[   5.196421] HW.Memory <Error> core\memory.cpp:Memory::MemorySystem::Write:528: unmapped Write8 0x00000000 @ 0x00000842 at PC 0x010F3548
[   5.196421] HW.Memory <Error> core\memory.cpp:Memory::MemorySystem::Write:528: unmapped Write8 0x00000000 @ 0x00000843 at PC 0x010F3548
[   5.196422] HW.Memory <Error> core\memory.cpp:Memory::MemorySystem::Write:528: unmapped Write8 0x00000000 @ 0x00000844 at PC 0x010F3548
[   5.196423] HW.Memory <Error> core\memory.cpp:Memory::MemorySystem::Write:528: unmapped Write8 0x00000000 @ 0x00000845 at PC 0x010F3548
[   5.196423] HW.Memory <Error> core\memory.cpp:Memory::MemorySystem::Write:528: unmapped Write8 0x00000000 @ 0x00000846 at PC 0x010F3548
[   5.196424] HW.Memory <Error> core\memory.cpp:Memory::MemorySystem::Write:528: unmapped Write8 0x00000000 @ 0x00000847 at PC 0x010F3548
[   5.196424] HW.Memory <Error> core\memory.cpp:Memory::MemorySystem::Write:528: unmapped Write8 0x00000000 @ 0x00000848 at PC 0x010F3548
[   5.196425] HW.Memory <Error> core\memory.cpp:Memory::MemorySystem::Write:528: unmapped Write8 0x00000000 @ 0x00000849 at PC 0x010F3548
[   5.196425] HW.Memory <Error> core\memory.cpp:Memory::MemorySystem::Write:528: unmapped Write8 0x00000000 @ 0x0000084A at PC 0x010F3548
[   5.196426] HW.Memory <Error> core\memory.cpp:Memory::MemorySystem::Write:528: unmapped Write8 0x00000000 @ 0x0000084B at PC 0x010F3548
[   5.196426] HW.Memory <Error> core\memory.cpp:Memory::MemorySystem::Write:528: unmapped Write8 0x00000000 @ 0x0000084C at PC 0x010F3548
[   5.196427] HW.Memory <Error> core\memory.cpp:Memory::MemorySystem::Write:528: unmapped Write8 0x00000000 @ 0x0000084D at PC 0x010F3548
[   5.196427] HW.Memory <Error> core\memory.cpp:Memory::MemorySystem::Write:528: unmapped Write8 0x00000000 @ 0x0000084E at PC 0x010F3548
[   5.196428] HW.Memory <Error> core\memory.cpp:Memory::MemorySystem::Write:528: unmapped Write8 0x00000000 @ 0x0000084F at PC 0x010F3548
[   5.196428] HW.Memory <Error> core\memory.cpp:Memory::MemorySystem::Write:528: unmapped Write8 0x00000000 @ 0x00000850 at PC 0x010F3548
[   5.196428] HW.Memory <Error> core\memory.cpp:Memory::MemorySystem::Write:528: unmapped Write8 0x00000000 @ 0x00000851 at PC 0x010F3548
[   5.196429] HW.Memory <Error> core\memory.cpp:Memory::MemorySystem::Write:528: unmapped Write8 0x00000000 @ 0x00000852 at PC 0x010F3548
[   5.196429] HW.Memory <Error> core\memory.cpp:Memory::MemorySystem::Write:528: unmapped Write8 0x00000000 @ 0x00000853 at PC 0x010F3548
[   5.196430] HW.Memory <Error> core\memory.cpp:Memory::MemorySystem::Write:528: unmapped Write8 0x00000000 @ 0x00000854 at PC 0x010F3548
[   5.196430] HW.Memory <Error> core\memory.cpp:Memory::MemorySystem::Write:528: unmapped Write8 0x00000000 @ 0x00000855 at PC 0x010F3548
[   5.196431] HW.Memory <Error> core\memory.cpp:Memory::MemorySystem::Write:528: unmapped Write8 0x00000000 @ 0x00000856 at PC 0x010F3548
[   5.196431] HW.Memory <Error> core\memory.cpp:Memory::MemorySystem::Write:528: unmapped Write8 0x00000000 @ 0x00000857 at PC 0x010F3548
[   5.196431] HW.Memory <Error> core\memory.cpp:Memory::MemorySystem::Write:528: unmapped Write8 0x00000000 @ 0x00000858 at PC 0x010F3548
[   5.196432] HW.Memory <Error> core\memory.cpp:Memory::MemorySystem::Write:528: unmapped Write8 0x00000000 @ 0x00000859 at PC 0x010F3548
[   5.196432] HW.Memory <Error> core\memory.cpp:Memory::MemorySystem::Write:528: unmapped Write8 0x00000000 @ 0x0000085A at PC 0x010F3548
[   5.196433] HW.Memory <Error> core\memory.cpp:Memory::MemorySystem::Write:528: unmapped Write8 0x00000000 @ 0x0000085B at PC 0x010F3548
[   5.196433] HW.Memory <Error> core\memory.cpp:Memory::MemorySystem::Write:528: unmapped Write8 0x00000000 @ 0x0000085C at PC 0x010F3548
[   5.196434] HW.Memory <Error> core\memory.cpp:Memory::MemorySystem::Write:528: unmapped Write8 0x00000000 @ 0x0000085D at PC 0x010F3548
[   5.196434] HW.Memory <Error> core\memory.cpp:Memory::MemorySystem::Write:528: unmapped Write8 0x00000000 @ 0x0000085E at PC 0x010F3548
[   5.196435] HW.Memory <Error> core\memory.cpp:Memory::MemorySystem::Write:528: unmapped Write8 0x00000000 @ 0x0000085F at PC 0x010F3548
[   5.196435] HW.Memory <Error> core\memory.cpp:Memory::MemorySystem::Write:528: unmapped Write8 0x00000000 @ 0x00000860 at PC 0x010F3548
[   5.196435] HW.Memory <Error> core\memory.cpp:Memory::MemorySystem::Write:528: unmapped Write8 0x00000000 @ 0x00000861 at PC 0x010F3548
[   5.196436] HW.Memory <Error> core\memory.cpp:Memory::MemorySystem::Write:528: unmapped Write8 0x00000000 @ 0x00000862 at PC 0x010F3548
[   5.196436] HW.Memory <Error> core\memory.cpp:Memory::MemorySystem::Write:528: unmapped Write8 0x00000000 @ 0x00000863 at PC 0x010F3548
[   5.196437] HW.Memory <Error> core\memory.cpp:Memory::MemorySystem::Write:528: unmapped Write8 0x00000000 @ 0x00000864 at PC 0x010F3548
[   5.196437] HW.Memory <Error> core\memory.cpp:Memory::MemorySystem::Write:528: unmapped Write8 0x00000000 @ 0x00000865 at PC 0x010F3548
[   5.196438] HW.Memory <Error> core\memory.cpp:Memory::MemorySystem::Write:528: unmapped Write8 0x00000000 @ 0x00000866 at PC 0x010F3548
[   5.196438] HW.Memory <Error> core\memory.cpp:Memory::MemorySystem::Write:528: unmapped Write8 0x00000000 @ 0x00000867 at PC 0x010F3548
[   5.196439] HW.Memory <Error> core\memory.cpp:Memory::MemorySystem::Write:528: unmapped Write8 0x00000000 @ 0x00000868 at PC 0x010F3548
[   5.196439] HW.Memory <Error> core\memory.cpp:Memory::MemorySystem::Write:528: unmapped Write8 0x00000000 @ 0x00000869 at PC 0x010F3548
[   5.196440] HW.Memory <Error> core\memory.cpp:Memory::MemorySystem::Write:528: unmapped Write8 0x00000000 @ 0x0000086A at PC 0x010F3548
[   5.196440] HW.Memory <Error> core\memory.cpp:Memory::MemorySystem::Write:528: unmapped Write8 0x00000000 @ 0x0000086B at PC 0x010F3548
[   5.196441] HW.Memory <Error> core\memory.cpp:Memory::MemorySystem::Write:528: unmapped Write8 0x00000000 @ 0x0000086C at PC 0x010F3548
[   5.196441] HW.Memory <Error> core\memory.cpp:Memory::MemorySystem::Write:528: unmapped Write8 0x00000000 @ 0x0000086D at PC 0x010F3548
[   5.196442] HW.Memory <Error> core\memory.cpp:Memory::MemorySystem::Write:528: unmapped Write8 0x00000000 @ 0x0000086E at PC 0x010F3548
[   5.196443] HW.Memory <Error> core\memory.cpp:Memory::MemorySystem::Write:528: unmapped Write8 0x00000000 @ 0x0000086F at PC 0x010F3548
[   5.196443] HW.Memory <Error> core\memory.cpp:Memory::MemorySystem::Write:528: unmapped Write8 0x00000000 @ 0x00000870 at PC 0x010F3548
[   5.196444] HW.Memory <Error> core\memory.cpp:Memory::MemorySystem::Write:528: unmapped Write8 0x00000000 @ 0x00000871 at PC 0x010F3548
[   5.196445] HW.Memory <Error> core\memory.cpp:Memory::MemorySystem::Write:528: unmapped Write8 0x00000000 @ 0x00000872 at PC 0x010F3548
[   5.196445] HW.Memory <Error> core\memory.cpp:Memory::MemorySystem::Write:528: unmapped Write8 0x00000000 @ 0x00000873 at PC 0x010F3548
[   5.196446] HW.Memory <Error> core\memory.cpp:Memory::MemorySystem::Write:528: unmapped Write8 0x00000000 @ 0x00000874 at PC 0x010F3548
[   5.196447] HW.Memory <Error> core\memory.cpp:Memory::MemorySystem::Write:528: unmapped Write8 0x00000000 @ 0x00000875 at PC 0x010F3548
[   5.196447] HW.Memory <Error> core\memory.cpp:Memory::MemorySystem::Write:528: unmapped Write8 0x00000000 @ 0x00000876 at PC 0x010F3548
[   5.196448] HW.Memory <Error> core\memory.cpp:Memory::MemorySystem::Write:528: unmapped Write8 0x00000000 @ 0x00000877 at PC 0x010F3548
[   5.196448] HW.Memory <Error> core\memory.cpp:Memory::MemorySystem::Write:528: unmapped Write8 0x00000000 @ 0x00000878 at PC 0x010F3548
[   5.196449] HW.Memory <Error> core\memory.cpp:Memory::MemorySystem::Write:528: unmapped Write8 0x00000000 @ 0x00000879 at PC 0x010F3548
[   5.196449] HW.Memory <Error> core\memory.cpp:Memory::MemorySystem::Write:528: unmapped Write8 0x00000000 @ 0x0000087A at PC 0x010F3548
[   5.196450] HW.Memory <Error> core\memory.cpp:Memory::MemorySystem::Write:528: unmapped Write8 0x00000000 @ 0x0000087B at PC 0x010F3548
[   5.196451] HW.Memory <Error> core\memory.cpp:Memory::MemorySystem::Write:528: unmapped Write8 0x00000000 @ 0x0000087C at PC 0x010F3548
[   5.196451] HW.Memory <Error> core\memory.cpp:Memory::MemorySystem::Write:528: unmapped Write8 0x00000000 @ 0x0000087D at PC 0x010F3548
[   5.196452] HW.Memory <Error> core\memory.cpp:Memory::MemorySystem::Write:528: unmapped Write8 0x00000000 @ 0x0000087E at PC 0x010F3548
[   5.196452] HW.Memory <Error> core\memory.cpp:Memory::MemorySystem::Write:528: unmapped Write8 0x00000000 @ 0x0000087F at PC 0x010F3548
[   5.196453] HW.Memory <Error> core\memory.cpp:Memory::MemorySystem::Write:528: unmapped Write8 0x00000000 @ 0x00000880 at PC 0x010F3548
[   5.196453] HW.Memory <Error> core\memory.cpp:Memory::MemorySystem::Write:528: unmapped Write8 0x00000000 @ 0x00000881 at PC 0x010F3548
[   5.196454] HW.Memory <Error> core\memory.cpp:Memory::MemorySystem::Write:528: unmapped Write8 0x00000000 @ 0x00000882 at PC 0x010F3548
[   5.196454] HW.Memory <Error> core\memory.cpp:Memory::MemorySystem::Write:528: unmapped Write8 0x00000000 @ 0x00000883 at PC 0x010F3548
[   5.196455] HW.Memory <Error> core\memory.cpp:Memory::MemorySystem::Write:528: unmapped Write8 0x00000000 @ 0x00000884 at PC 0x010F3548
[   5.196456] HW.Memory <Error> core\memory.cpp:Memory::MemorySystem::Write:528: unmapped Write8 0x00000000 @ 0x00000885 at PC 0x010F3548
[   5.196456] HW.Memory <Error> core\memory.cpp:Memory::MemorySystem::Write:528: unmapped Write8 0x00000000 @ 0x00000886 at PC 0x010F3548
[   5.196457] HW.Memory <Error> core\memory.cpp:Memory::MemorySystem::Write:528: unmapped Write8 0x00000000 @ 0x00000887 at PC 0x010F3548
[   5.196457] HW.Memory <Error> core\memory.cpp:Memory::MemorySystem::Write:528: unmapped Write8 0x00000000 @ 0x00000888 at PC 0x010F3548
[   5.196457] HW.Memory <Error> core\memory.cpp:Memory::MemorySystem::Write:528: unmapped Write8 0x00000000 @ 0x00000889 at PC 0x010F3548
[   5.196458] HW.Memory <Error> core\memory.cpp:Memory::MemorySystem::Write:528: unmapped Write8 0x00000000 @ 0x0000088A at PC 0x010F3548
[   5.196459] HW.Memory <Error> core\memory.cpp:Memory::MemorySystem::Write:528: unmapped Write8 0x00000000 @ 0x0000088B at PC 0x010F3548
[   5.196459] HW.Memory <Error> core\memory.cpp:Memory::MemorySystem::Write:528: unmapped Write8 0x00000000 @ 0x0000088C at PC 0x010F3548
[   5.196459] HW.Memory <Error> core\memory.cpp:Memory::MemorySystem::Write:528: unmapped Write8 0x00000000 @ 0x0000088D at PC 0x010F3548
[   5.196460] HW.Memory <Error> core\memory.cpp:Memory::MemorySystem::Write:528: unmapped Write8 0x00000000 @ 0x0000088E at PC 0x010F3548
[   5.196460] HW.Memory <Error> core\memory.cpp:Memory::MemorySystem::Write:528: unmapped Write8 0x00000000 @ 0x0000088F at PC 0x010F3548
[   5.196461] HW.Memory <Error> core\memory.cpp:Memory::MemorySystem::Write:528: unmapped Write8 0x00000000 @ 0x00000890 at PC 0x010F3548
[   5.196462] HW.Memory <Error> core\memory.cpp:Memory::MemorySystem::Write:528: unmapped Write8 0x00000000 @ 0x00000891 at PC 0x010F3548
[   5.196462] HW.Memory <Error> core\memory.cpp:Memory::MemorySystem::Write:528: unmapped Write8 0x00000000 @ 0x00000892 at PC 0x010F3548
[   5.196462] HW.Memory <Error> core\memory.cpp:Memory::MemorySystem::Write:528: unmapped Write8 0x00000000 @ 0x00000893 at PC 0x010F3548
[   5.196463] HW.Memory <Error> core\memory.cpp:Memory::MemorySystem::Write:528: unmapped Write8 0x00000000 @ 0x00000894 at PC 0x010F3548
[   5.196463] HW.Memory <Error> core\memory.cpp:Memory::MemorySystem::Write:528: unmapped Write8 0x00000000 @ 0x00000895 at PC 0x010F3548
[   5.196464] HW.Memory <Error> core\memory.cpp:Memory::MemorySystem::Write:528: unmapped Write8 0x00000000 @ 0x00000896 at PC 0x010F3548
[   5.196464] HW.Memory <Error> core\memory.cpp:Memory::MemorySystem::Write:528: unmapped Write8 0x00000000 @ 0x00000897 at PC 0x010F3548
[   5.196465] HW.Memory <Error> core\memory.cpp:Memory::MemorySystem::Write:528: unmapped Write8 0x00000000 @ 0x00000898 at PC 0x010F3548
[   5.196465] HW.Memory <Error> core\memory.cpp:Memory::MemorySystem::Write:528: unmapped Write8 0x00000000 @ 0x00000899 at PC 0x010F3548
[   5.196466] HW.Memory <Error> core\memory.cpp:Memory::MemorySystem::Write:528: unmapped Write8 0x00000000 @ 0x0000089A at PC 0x010F3548
[   5.196466] HW.Memory <Error> core\memory.cpp:Memory::MemorySystem::Write:528: unmapped Write8 0x00000000 @ 0x0000089B at PC 0x010F3548
[   5.196466] HW.Memory <Error> core\memory.cpp:Memory::MemorySystem::Write:528: unmapped Write8 0x00000000 @ 0x0000089C at PC 0x010F3548
[   5.196467] HW.Memory <Error> core\memory.cpp:Memory::MemorySystem::Write:528: unmapped Write8 0x00000000 @ 0x0000089D at PC 0x010F3548
[   5.196467] HW.Memory <Error> core\memory.cpp:Memory::MemorySystem::Write:528: unmapped Write8 0x00000000 @ 0x0000089E at PC 0x010F3548
[   5.196468] HW.Memory <Error> core\memory.cpp:Memory::MemorySystem::Write:528: unmapped Write8 0x00000000 @ 0x0000089F at PC 0x010F3548
[   5.196468] HW.Memory <Error> core\memory.cpp:Memory::MemorySystem::Write:528: unmapped Write8 0x00000000 @ 0x000008A0 at PC 0x010F3548
[   5.196469] HW.Memory <Error> core\memory.cpp:Memory::MemorySystem::Write:528: unmapped Write8 0x00000000 @ 0x000008A1 at PC 0x010F3548
[   5.196469] HW.Memory <Error> core\memory.cpp:Memory::MemorySystem::Write:528: unmapped Write8 0x00000000 @ 0x000008A2 at PC 0x010F3548
[   5.196469] HW.Memory <Error> core\memory.cpp:Memory::MemorySystem::Write:528: unmapped Write8 0x00000000 @ 0x000008A3 at PC 0x010F3548
[   5.196470] HW.Memory <Error> core\memory.cpp:Memory::MemorySystem::Write:528: unmapped Write8 0x00000000 @ 0x000008A4 at PC 0x010F3548
[   5.196470] HW.Memory <Error> core\memory.cpp:Memory::MemorySystem::Write:528: unmapped Write8 0x00000000 @ 0x000008A5 at PC 0x010F3548
[   5.196471] HW.Memory <Error> core\memory.cpp:Memory::MemorySystem::Write:528: unmapped Write8 0x00000000 @ 0x000008A6 at PC 0x010F3548
[   5.196471] HW.Memory <Error> core\memory.cpp:Memory::MemorySystem::Write:528: unmapped Write8 0x00000000 @ 0x000008A7 at PC 0x010F3548
[   5.196472] HW.Memory <Error> core\memory.cpp:Memory::MemorySystem::Write:528: unmapped Write8 0x00000000 @ 0x000008A8 at PC 0x010F3548
[   5.196472] HW.Memory <Error> core\memory.cpp:Memory::MemorySystem::Write:528: unmapped Write8 0x00000000 @ 0x000008A9 at PC 0x010F3548
[   5.196473] HW.Memory <Error> core\memory.cpp:Memory::MemorySystem::Write:528: unmapped Write8 0x00000000 @ 0x000008AA at PC 0x010F3548
[   5.196473] HW.Memory <Error> core\memory.cpp:Memory::MemorySystem::Write:528: unmapped Write8 0x00000000 @ 0x000008AB at PC 0x010F3548
[   5.196474] HW.Memory <Error> core\memory.cpp:Memory::MemorySystem::Write:528: unmapped Write8 0x00000000 @ 0x000008AC at PC 0x010F3548
[   5.196474] HW.Memory <Error> core\memory.cpp:Memory::MemorySystem::Write:528: unmapped Write8 0x00000000 @ 0x000008AD at PC 0x010F3548
[   5.196475] HW.Memory <Error> core\memory.cpp:Memory::MemorySystem::Write:528: unmapped Write8 0x00000000 @ 0x000008AE at PC 0x010F3548
[   5.196475] HW.Memory <Error> core\memory.cpp:Memory::MemorySystem::Write:528: unmapped Write8 0x00000000 @ 0x000008AF at PC 0x010F3548
[   5.196476] HW.Memory <Error> core\memory.cpp:Memory::MemorySystem::Write:528: unmapped Write8 0x00000000 @ 0x000008B0 at PC 0x010F3548
[   5.196477] HW.Memory <Error> core\memory.cpp:Memory::MemorySystem::Write:528: unmapped Write8 0x00000000 @ 0x000008B1 at PC 0x010F3548
[   5.196477] HW.Memory <Error> core\memory.cpp:Memory::MemorySystem::Write:528: unmapped Write8 0x00000000 @ 0x000008B2 at PC 0x010F3548
[   5.196478] HW.Memory <Error> core\memory.cpp:Memory::MemorySystem::Write:528: unmapped Write8 0x00000000 @ 0x000008B3 at PC 0x010F3548
[   5.196478] HW.Memory <Error> core\memory.cpp:Memory::MemorySystem::Write:528: unmapped Write8 0x00000000 @ 0x000008B4 at PC 0x010F3548
[   5.196479] HW.Memory <Error> core\memory.cpp:Memory::MemorySystem::Write:528: unmapped Write8 0x00000000 @ 0x000008B5 at PC 0x010F3548
[   5.196479] HW.Memory <Error> core\memory.cpp:Memory::MemorySystem::Write:528: unmapped Write8 0x00000000 @ 0x000008B6 at PC 0x010F3548
[   5.196480] HW.Memory <Error> core\memory.cpp:Memory::MemorySystem::Write:528: unmapped Write8 0x00000000 @ 0x000008B7 at PC 0x010F3548
[   5.196480] HW.Memory <Error> core\memory.cpp:Memory::MemorySystem::Write:528: unmapped Write8 0x00000000 @ 0x000008B8 at PC 0x010F3548
[   5.196481] HW.Memory <Error> core\memory.cpp:Memory::MemorySystem::Write:528: unmapped Write8 0x00000000 @ 0x000008B9 at PC 0x010F3548
[   5.196481] HW.Memory <Error> core\memory.cpp:Memory::MemorySystem::Write:528: unmapped Write8 0x00000000 @ 0x000008BA at PC 0x010F3548
[   5.196482] HW.Memory <Error> core\memory.cpp:Memory::MemorySystem::Write:528: unmapped Write8 0x00000000 @ 0x000008BB at PC 0x010F3548
[   5.196483] HW.Memory <Error> core\memory.cpp:Memory::MemorySystem::Write:528: unmapped Write8 0x00000000 @ 0x000008BC at PC 0x010F3548
[   5.196483] HW.Memory <Error> core\memory.cpp:Memory::MemorySystem::Write:528: unmapped Write8 0x00000000 @ 0x000008BD at PC 0x010F3548
[   5.196484] HW.Memory <Error> core\memory.cpp:Memory::MemorySystem::Write:528: unmapped Write8 0x00000000 @ 0x000008BE at PC 0x010F3548
[   5.196484] HW.Memory <Error> core\memory.cpp:Memory::MemorySystem::Write:528: unmapped Write8 0x00000000 @ 0x000008BF at PC 0x010F3548
[   5.196485] HW.Memory <Error> core\memory.cpp:Memory::MemorySystem::Write:528: unmapped Write8 0x00000000 @ 0x000008C0 at PC 0x010F3548
[   5.196485] HW.Memory <Error> core\memory.cpp:Memory::MemorySystem::Write:528: unmapped Write8 0x00000000 @ 0x000008C1 at PC 0x010F3548
[   5.196486] HW.Memory <Error> core\memory.cpp:Memory::MemorySystem::Write:528: unmapped Write8 0x00000000 @ 0x000008C2 at PC 0x010F3548
[   5.196486] HW.Memory <Error> core\memory.cpp:Memory::MemorySystem::Write:528: unmapped Write8 0x00000000 @ 0x000008C3 at PC 0x010F3548
[   5.196487] HW.Memory <Error> core\memory.cpp:Memory::MemorySystem::Write:528: unmapped Write8 0x00000000 @ 0x000008C4 at PC 0x010F3548
[   5.196487] HW.Memory <Error> core\memory.cpp:Memory::MemorySystem::Write:528: unmapped Write8 0x00000000 @ 0x000008C5 at PC 0x010F3548
[   5.196488] HW.Memory <Error> core\memory.cpp:Memory::MemorySystem::Write:528: unmapped Write8 0x00000000 @ 0x000008C6 at PC 0x010F3548
[   5.196489] HW.Memory <Error> core\memory.cpp:Memory::MemorySystem::Write:528: unmapped Write8 0x00000000 @ 0x000008C7 at PC 0x010F3548
[   5.196489] HW.Memory <Error> core\memory.cpp:Memory::MemorySystem::Write:528: unmapped Write8 0x00000000 @ 0x000008C8 at PC 0x010F3548
[   5.196490] HW.Memory <Error> core\memory.cpp:Memory::MemorySystem::Write:528: unmapped Write8 0x00000000 @ 0x000008C9 at PC 0x010F3548
[   5.196490] HW.Memory <Error> core\memory.cpp:Memory::MemorySystem::Write:528: unmapped Write8 0x00000000 @ 0x000008CA at PC 0x010F3548
[   5.196491] HW.Memory <Error> core\memory.cpp:Memory::MemorySystem::Write:528: unmapped Write8 0x00000000 @ 0x000008CB at PC 0x010F3548
[   5.196491] HW.Memory <Error> core\memory.cpp:Memory::MemorySystem::Write:528: unmapped Write8 0x00000000 @ 0x000008CC at PC 0x010F3548
[   5.196491] HW.Memory <Error> core\memory.cpp:Memory::MemorySystem::Write:528: unmapped Write8 0x00000000 @ 0x000008CD at PC 0x010F3548
[   5.196492] HW.Memory <Error> core\memory.cpp:Memory::MemorySystem::Write:528: unmapped Write8 0x00000000 @ 0x000008CE at PC 0x010F3548
[   5.196492] HW.Memory <Error> core\memory.cpp:Memory::MemorySystem::Write:528: unmapped Write8 0x00000000 @ 0x000008CF at PC 0x010F3548
[   5.196493] HW.Memory <Error> core\memory.cpp:Memory::MemorySystem::Write:528: unmapped Write8 0x00000000 @ 0x000008D0 at PC 0x010F3548
[   5.196494] HW.Memory <Error> core\memory.cpp:Memory::MemorySystem::Write:528: unmapped Write8 0x00000000 @ 0x000008D1 at PC 0x010F3548
[   5.196494] HW.Memory <Error> core\memory.cpp:Memory::MemorySystem::Write:528: unmapped Write8 0x00000000 @ 0x000008D2 at PC 0x010F3548
[   5.196495] HW.Memory <Error> core\memory.cpp:Memory::MemorySystem::Write:528: unmapped Write8 0x00000000 @ 0x000008D3 at PC 0x010F3548
[   5.196495] HW.Memory <Error> core\memory.cpp:Memory::MemorySystem::Write:528: unmapped Write8 0x00000000 @ 0x000008D4 at PC 0x010F3548
[   5.196495] HW.Memory <Error> core\memory.cpp:Memory::MemorySystem::Write:528: unmapped Write8 0x00000000 @ 0x000008D5 at PC 0x010F3548
[   5.196496] HW.Memory <Error> core\memory.cpp:Memory::MemorySystem::Write:528: unmapped Write8 0x00000000 @ 0x000008D6 at PC 0x010F3548
[   5.196496] HW.Memory <Error> core\memory.cpp:Memory::MemorySystem::Write:528: unmapped Write8 0x00000000 @ 0x000008D7 at PC 0x010F3548
[   5.196497] HW.Memory <Error> core\memory.cpp:Memory::MemorySystem::Write:528: unmapped Write8 0x00000000 @ 0x000008D8 at PC 0x010F3548
[   5.196497] HW.Memory <Error> core\memory.cpp:Memory::MemorySystem::Write:528: unmapped Write8 0x00000000 @ 0x000008D9 at PC 0x010F3548
[   5.196498] HW.Memory <Error> core\memory.cpp:Memory::MemorySystem::Write:528: unmapped Write8 0x00000000 @ 0x000008DA at PC 0x010F3548
[   5.196498] HW.Memory <Error> core\memory.cpp:Memory::MemorySystem::Write:528: unmapped Write8 0x00000000 @ 0x000008DB at PC 0x010F3548
[   5.196499] HW.Memory <Error> core\memory.cpp:Memory::MemorySystem::Write:528: unmapped Write8 0x00000000 @ 0x000008DC at PC 0x010F3548
[   5.196499] HW.Memory <Error> core\memory.cpp:Memory::MemorySystem::Write:528: unmapped Write8 0x00000000 @ 0x000008DD at PC 0x010F3548
[   5.196499] HW.Memory <Error> core\memory.cpp:Memory::MemorySystem::Write:528: unmapped Write8 0x00000000 @ 0x000008DE at PC 0x010F3548
[   5.196500] HW.Memory <Error> core\memory.cpp:Memory::MemorySystem::Write:528: unmapped Write8 0x00000000 @ 0x000008DF at PC 0x010F3548
[   5.196500] HW.Memory <Error> core\memory.cpp:Memory::MemorySystem::Write:528: unmapped Write8 0x00000000 @ 0x000008E0 at PC 0x010F3548
[   5.196501] HW.Memory <Error> core\memory.cpp:Memory::MemorySystem::Write:528: unmapped Write8 0x00000000 @ 0x000008E1 at PC 0x010F3548
[   5.196501] HW.Memory <Error> core\memory.cpp:Memory::MemorySystem::Write:528: unmapped Write8 0x00000000 @ 0x000008E2 at PC 0x010F3548
[   5.196502] HW.Memory <Error> core\memory.cpp:Memory::MemorySystem::Write:528: unmapped Write8 0x00000000 @ 0x000008E3 at PC 0x010F3548
[   5.196502] HW.Memory <Error> core\memory.cpp:Memory::MemorySystem::Write:528: unmapped Write8 0x00000000 @ 0x000008E4 at PC 0x010F3548
[   5.196503] HW.Memory <Error> core\memory.cpp:Memory::MemorySystem::Write:528: unmapped Write8 0x00000000 @ 0x000008E5 at PC 0x010F3548
[   5.196503] HW.Memory <Error> core\memory.cpp:Memory::MemorySystem::Write:528: unmapped Write8 0x00000000 @ 0x000008E6 at PC 0x010F3548
[   5.196504] HW.Memory <Error> core\memory.cpp:Memory::MemorySystem::Write:528: unmapped Write8 0x00000000 @ 0x000008E7 at PC 0x010F3548
[   5.196504] HW.Memory <Error> core\memory.cpp:Memory::MemorySystem::Write:528: unmapped Write8 0x00000000 @ 0x000008E8 at PC 0x010F3548
[   5.196505] HW.Memory <Error> core\memory.cpp:Memory::MemorySystem::Write:528: unmapped Write8 0x00000000 @ 0x000008E9 at PC 0x010F3548
[   5.196505] HW.Memory <Error> core\memory.cpp:Memory::MemorySystem::Write:528: unmapped Write8 0x00000000 @ 0x000008EA at PC 0x010F3548
[   5.196506] HW.Memory <Error> core\memory.cpp:Memory::MemorySystem::Write:528: unmapped Write8 0x00000000 @ 0x000008EB at PC 0x010F3548
[   5.196506] HW.Memory <Error> core\memory.cpp:Memory::MemorySystem::Write:528: unmapped Write8 0x00000000 @ 0x000008EC at PC 0x010F3548
[   5.196507] HW.Memory <Error> core\memory.cpp:Memory::MemorySystem::Write:528: unmapped Write8 0x00000000 @ 0x000008ED at PC 0x010F3548
[   5.196507] HW.Memory <Error> core\memory.cpp:Memory::MemorySystem::Write:528: unmapped Write8 0x00000000 @ 0x000008EE at PC 0x010F3548
[   5.196508] HW.Memory <Error> core\memory.cpp:Memory::MemorySystem::Write:528: unmapped Write8 0x00000000 @ 0x000008EF at PC 0x010F3548
[   5.196508] HW.Memory <Error> core\memory.cpp:Memory::MemorySystem::Write:528: unmapped Write8 0x00000000 @ 0x000008F0 at PC 0x010F3548
[   5.196509] HW.Memory <Error> core\memory.cpp:Memory::MemorySystem::Write:528: unmapped Write8 0x00000000 @ 0x000008F1 at PC 0x010F3548
[   5.196509] HW.Memory <Error> core\memory.cpp:Memory::MemorySystem::Write:528: unmapped Write8 0x00000000 @ 0x000008F2 at PC 0x010F3548
[   5.196510] HW.Memory <Error> core\memory.cpp:Memory::MemorySystem::Write:528: unmapped Write8 0x00000000 @ 0x000008F3 at PC 0x010F3548
[   5.196511] HW.Memory <Error> core\memory.cpp:Memory::MemorySystem::Write:528: unmapped Write8 0x00000000 @ 0x000008F4 at PC 0x010F3548
[   5.196511] HW.Memory <Error> core\memory.cpp:Memory::MemorySystem::Write:528: unmapped Write8 0x00000000 @ 0x000008F5 at PC 0x010F3548
[   5.196512] HW.Memory <Error> core\memory.cpp:Memory::MemorySystem::Write:528: unmapped Write8 0x00000000 @ 0x000008F6 at PC 0x010F3548
[   5.196512] HW.Memory <Error> core\memory.cpp:Memory::MemorySystem::Write:528: unmapped Write8 0x00000000 @ 0x000008F7 at PC 0x010F3548
[   5.196513] HW.Memory <Error> core\memory.cpp:Memory::MemorySystem::Write:528: unmapped Write8 0x00000000 @ 0x000008F8 at PC 0x010F3548
[   5.196514] HW.Memory <Error> core\memory.cpp:Memory::MemorySystem::Write:528: unmapped Write8 0x00000000 @ 0x000008F9 at PC 0x010F3548
[   5.196514] HW.Memory <Error> core\memory.cpp:Memory::MemorySystem::Write:528: unmapped Write8 0x00000000 @ 0x000008FA at PC 0x010F3548
[   5.196515] HW.Memory <Error> core\memory.cpp:Memory::MemorySystem::Write:528: unmapped Write8 0x00000000 @ 0x000008FB at PC 0x010F3548
[   5.196515] HW.Memory <Error> core\memory.cpp:Memory::MemorySystem::Write:528: unmapped Write8 0x00000000 @ 0x000008FC at PC 0x010F3548
[   5.196516] HW.Memory <Error> core\memory.cpp:Memory::MemorySystem::Write:528: unmapped Write8 0x00000000 @ 0x000008FD at PC 0x010F3548
[   5.196516] HW.Memory <Error> core\memory.cpp:Memory::MemorySystem::Write:528: unmapped Write8 0x00000000 @ 0x000008FE at PC 0x010F3548
[   5.196517] HW.Memory <Error> core\memory.cpp:Memory::MemorySystem::Write:528: unmapped Write8 0x00000000 @ 0x000008FF at PC 0x010F3548
[   5.196517] HW.Memory <Error> core\memory.cpp:Memory::MemorySystem::Write:528: unmapped Write8 0x00000000 @ 0x00000900 at PC 0x010F3548
[   5.196518] HW.Memory <Error> core\memory.cpp:Memory::MemorySystem::Write:528: unmapped Write8 0x00000000 @ 0x00000901 at PC 0x010F3548
[   5.196518] HW.Memory <Error> core\memory.cpp:Memory::MemorySystem::Write:528: unmapped Write8 0x00000000 @ 0x00000902 at PC 0x010F3548
[   5.196518] HW.Memory <Error> core\memory.cpp:Memory::MemorySystem::Write:528: unmapped Write8 0x00000000 @ 0x00000903 at PC 0x010F3548
[   5.196519] HW.Memory <Error> core\memory.cpp:Memory::MemorySystem::Write:528: unmapped Write8 0x00000000 @ 0x00000904 at PC 0x010F3548
[   5.196519] HW.Memory <Error> core\memory.cpp:Memory::MemorySystem::Write:528: unmapped Write8 0x00000000 @ 0x00000905 at PC 0x010F3548
[   5.196520] HW.Memory <Error> core\memory.cpp:Memory::MemorySystem::Write:528: unmapped Write8 0x00000000 @ 0x00000906 at PC 0x010F3548
[   5.196520] HW.Memory <Error> core\memory.cpp:Memory::MemorySystem::Write:528: unmapped Write8 0x00000000 @ 0x00000907 at PC 0x010F3548
[   5.196521] HW.Memory <Error> core\memory.cpp:Memory::MemorySystem::Write:528: unmapped Write8 0x00000000 @ 0x00000908 at PC 0x010F3548
[   5.196521] HW.Memory <Error> core\memory.cpp:Memory::MemorySystem::Write:528: unmapped Write8 0x00000000 @ 0x00000909 at PC 0x010F3548
[   5.196521] HW.Memory <Error> core\memory.cpp:Memory::MemorySystem::Write:528: unmapped Write8 0x00000000 @ 0x0000090A at PC 0x010F3548
[   5.196522] HW.Memory <Error> core\memory.cpp:Memory::MemorySystem::Write:528: unmapped Write8 0x00000000 @ 0x0000090B at PC 0x010F3548
[   5.196522] HW.Memory <Error> core\memory.cpp:Memory::MemorySystem::Write:528: unmapped Write8 0x00000000 @ 0x0000090C at PC 0x010F3548
[   5.196527] HW.Memory <Error> core\memory.cpp:Memory::MemorySystem::Write:528: unmapped Write8 0x00000000 @ 0x0000090D at PC 0x010F3548
[   5.196527] HW.Memory <Error> core\memory.cpp:Memory::MemorySystem::Write:528: unmapped Write8 0x00000000 @ 0x0000090E at PC 0x010F3548
[   5.196528] HW.Memory <Error> core\memory.cpp:Memory::MemorySystem::Write:528: unmapped Write8 0x00000000 @ 0x0000090F at PC 0x010F3548
[   5.196528] HW.Memory <Error> core\memory.cpp:Memory::MemorySystem::Write:528: unmapped Write8 0x00000000 @ 0x00000910 at PC 0x010F3548
[   5.196528] HW.Memory <Error> core\memory.cpp:Memory::MemorySystem::Write:528: unmapped Write8 0x00000000 @ 0x00000911 at PC 0x010F3548
[   5.196529] HW.Memory <Error> core\memory.cpp:Memory::MemorySystem::Write:528: unmapped Write8 0x00000000 @ 0x00000912 at PC 0x010F3548
[   5.196529] HW.Memory <Error> core\memory.cpp:Memory::MemorySystem::Write:528: unmapped Write8 0x00000000 @ 0x00000913 at PC 0x010F3548
[   5.196530] HW.Memory <Error> core\memory.cpp:Memory::MemorySystem::Write:528: unmapped Write8 0x00000000 @ 0x00000914 at PC 0x010F3548
[   5.196530] HW.Memory <Error> core\memory.cpp:Memory::MemorySystem::Write:528: unmapped Write8 0x00000000 @ 0x00000915 at PC 0x010F3548
[   5.196531] HW.Memory <Error> core\memory.cpp:Memory::MemorySystem::Write:528: unmapped Write8 0x00000000 @ 0x00000916 at PC 0x010F3548
[   5.196531] HW.Memory <Error> core\memory.cpp:Memory::MemorySystem::Write:528: unmapped Write8 0x00000000 @ 0x00000917 at PC 0x010F3548
[   5.196532] HW.Memory <Error> core\memory.cpp:Memory::MemorySystem::Write:528: unmapped Write8 0x00000000 @ 0x00000918 at PC 0x010F3548
[   5.196532] HW.Memory <Error> core\memory.cpp:Memory::MemorySystem::Write:528: unmapped Write8 0x00000000 @ 0x00000919 at PC 0x010F3548
[   5.196533] HW.Memory <Error> core\memory.cpp:Memory::MemorySystem::Write:528: unmapped Write8 0x00000000 @ 0x0000091A at PC 0x010F3548
[   5.196533] HW.Memory <Error> core\memory.cpp:Memory::MemorySystem::Write:528: unmapped Write8 0x00000000 @ 0x0000091B at PC 0x010F3548
[   5.196534] HW.Memory <Error> core\memory.cpp:Memory::MemorySystem::Write:528: unmapped Write8 0x00000000 @ 0x0000091C at PC 0x010F3548
[   5.196534] HW.Memory <Error> core\memory.cpp:Memory::MemorySystem::Write:528: unmapped Write8 0x00000000 @ 0x0000091D at PC 0x010F3548
[   5.196535] HW.Memory <Error> core\memory.cpp:Memory::MemorySystem::Write:528: unmapped Write8 0x00000000 @ 0x0000091E at PC 0x010F3548
[   5.196535] HW.Memory <Error> core\memory.cpp:Memory::MemorySystem::Write:528: unmapped Write8 0x00000000 @ 0x0000091F at PC 0x010F3548
[   5.196536] HW.Memory <Error> core\memory.cpp:Memory::MemorySystem::Write:528: unmapped Write8 0x00000000 @ 0x00000920 at PC 0x010F3548
[   5.196536] HW.Memory <Error> core\memory.cpp:Memory::MemorySystem::Write:528: unmapped Write8 0x00000000 @ 0x00000921 at PC 0x010F3548
[   5.196537] HW.Memory <Error> core\memory.cpp:Memory::MemorySystem::Write:528: unmapped Write8 0x00000000 @ 0x00000922 at PC 0x010F3548
[   5.196537] HW.Memory <Error> core\memory.cpp:Memory::MemorySystem::Write:528: unmapped Write8 0x00000000 @ 0x00000923 at PC 0x010F3548
[   5.196537] HW.Memory <Error> core\memory.cpp:Memory::MemorySystem::Write:528: unmapped Write8 0x00000000 @ 0x00000924 at PC 0x010F3548
[   5.196538] HW.Memory <Error> core\memory.cpp:Memory::MemorySystem::Write:528: unmapped Write8 0x00000000 @ 0x00000925 at PC 0x010F3548
[   5.196538] HW.Memory <Error> core\memory.cpp:Memory::MemorySystem::Write:528: unmapped Write8 0x00000000 @ 0x00000926 at PC 0x010F3548
[   5.196539] HW.Memory <Error> core\memory.cpp:Memory::MemorySystem::Write:528: unmapped Write8 0x00000000 @ 0x00000927 at PC 0x010F3548
[   5.196539] HW.Memory <Error> core\memory.cpp:Memory::MemorySystem::Write:528: unmapped Write8 0x00000000 @ 0x00000928 at PC 0x010F3548
[   5.196539] HW.Memory <Error> core\memory.cpp:Memory::MemorySystem::Write:528: unmapped Write8 0x00000000 @ 0x00000929 at PC 0x010F3548
[   5.196540] HW.Memory <Error> core\memory.cpp:Memory::MemorySystem::Write:528: unmapped Write8 0x00000000 @ 0x0000092A at PC 0x010F3548
[   5.196540] HW.Memory <Error> core\memory.cpp:Memory::MemorySystem::Write:528: unmapped Write8 0x00000000 @ 0x0000092B at PC 0x010F3548
[   5.196541] HW.Memory <Error> core\memory.cpp:Memory::MemorySystem::Write:528: unmapped Write8 0x00000000 @ 0x0000092C at PC 0x010F3548
[   5.196541] HW.Memory <Error> core\memory.cpp:Memory::MemorySystem::Write:528: unmapped Write8 0x00000000 @ 0x0000092D at PC 0x010F3548
[   5.196542] HW.Memory <Error> core\memory.cpp:Memory::MemorySystem::Write:528: unmapped Write8 0x00000000 @ 0x0000092E at PC 0x010F3548
[   5.196542] HW.Memory <Error> core\memory.cpp:Memory::MemorySystem::Write:528: unmapped Write8 0x00000000 @ 0x0000092F at PC 0x010F3548
[   5.196543] HW.Memory <Error> core\memory.cpp:Memory::MemorySystem::Write:528: unmapped Write8 0x00000000 @ 0x00000930 at PC 0x010F3548
[   5.196543] HW.Memory <Error> core\memory.cpp:Memory::MemorySystem::Write:528: unmapped Write8 0x00000000 @ 0x00000931 at PC 0x010F3548
[   5.196544] HW.Memory <Error> core\memory.cpp:Memory::MemorySystem::Write:528: unmapped Write8 0x00000000 @ 0x00000932 at PC 0x010F3548
[   5.196544] HW.Memory <Error> core\memory.cpp:Memory::MemorySystem::Write:528: unmapped Write8 0x00000000 @ 0x00000933 at PC 0x010F3548
[   5.196544] HW.Memory <Error> core\memory.cpp:Memory::MemorySystem::Write:528: unmapped Write8 0x00000000 @ 0x00000934 at PC 0x010F3548
[   5.196545] HW.Memory <Error> core\memory.cpp:Memory::MemorySystem::Write:528: unmapped Write8 0x00000000 @ 0x00000935 at PC 0x010F3548
[   5.196545] HW.Memory <Error> core\memory.cpp:Memory::MemorySystem::Write:528: unmapped Write8 0x00000000 @ 0x00000936 at PC 0x010F3548
[   5.196546] HW.Memory <Error> core\memory.cpp:Memory::MemorySystem::Write:528: unmapped Write8 0x00000000 @ 0x00000937 at PC 0x010F3548
[   5.196546] HW.Memory <Error> core\memory.cpp:Memory::MemorySystem::Write:528: unmapped Write8 0x00000000 @ 0x00000938 at PC 0x010F3548
[   5.196547] HW.Memory <Error> core\memory.cpp:Memory::MemorySystem::Write:528: unmapped Write8 0x00000000 @ 0x00000939 at PC 0x010F3548
[   5.196547] HW.Memory <Error> core\memory.cpp:Memory::MemorySystem::Write:528: unmapped Write8 0x00000000 @ 0x0000093A at PC 0x010F3548
[   5.196548] HW.Memory <Error> core\memory.cpp:Memory::MemorySystem::Write:528: unmapped Write8 0x00000000 @ 0x0000093B at PC 0x010F3548
[   5.196548] HW.Memory <Error> core\memory.cpp:Memory::MemorySystem::Write:528: unmapped Write8 0x00000000 @ 0x0000093C at PC 0x010F3548
[   5.196548] HW.Memory <Error> core\memory.cpp:Memory::MemorySystem::Write:528: unmapped Write8 0x00000000 @ 0x0000093D at PC 0x010F3548
[   5.196549] HW.Memory <Error> core\memory.cpp:Memory::MemorySystem::Write:528: unmapped Write8 0x00000000 @ 0x0000093E at PC 0x010F3548
[   5.196549] HW.Memory <Error> core\memory.cpp:Memory::MemorySystem::Write:528: unmapped Write8 0x00000000 @ 0x0000093F at PC 0x010F3548
[   5.196550] HW.Memory <Error> core\memory.cpp:Memory::MemorySystem::Write:528: unmapped Write8 0x00000000 @ 0x00000940 at PC 0x010F3548
[   5.196550] HW.Memory <Error> core\memory.cpp:Memory::MemorySystem::Write:528: unmapped Write8 0x00000000 @ 0x00000941 at PC 0x010F3548
[   5.196551] HW.Memory <Error> core\memory.cpp:Memory::MemorySystem::Write:528: unmapped Write8 0x00000000 @ 0x00000942 at PC 0x010F3548
[   5.196551] HW.Memory <Error> core\memory.cpp:Memory::MemorySystem::Write:528: unmapped Write8 0x00000000 @ 0x00000943 at PC 0x010F3548
[   5.196552] HW.Memory <Error> core\memory.cpp:Memory::MemorySystem::Write:528: unmapped Write8 0x00000000 @ 0x00000944 at PC 0x010F3548
[   5.196552] HW.Memory <Error> core\memory.cpp:Memory::MemorySystem::Write:528: unmapped Write8 0x00000000 @ 0x00000945 at PC 0x010F3548
[   5.196553] HW.Memory <Error> core\memory.cpp:Memory::MemorySystem::Write:528: unmapped Write8 0x00000000 @ 0x00000946 at PC 0x010F3548
[   5.196553] HW.Memory <Error> core\memory.cpp:Memory::MemorySystem::Write:528: unmapped Write8 0x00000000 @ 0x00000947 at PC 0x010F3548
[   5.196554] HW.Memory <Error> core\memory.cpp:Memory::MemorySystem::Write:528: unmapped Write8 0x00000000 @ 0x00000948 at PC 0x010F3548
[   5.196554] HW.Memory <Error> core\memory.cpp:Memory::MemorySystem::Write:528: unmapped Write8 0x00000000 @ 0x00000949 at PC 0x010F3548
[   5.196555] HW.Memory <Error> core\memory.cpp:Memory::MemorySystem::Write:528: unmapped Write8 0x00000000 @ 0x0000094A at PC 0x010F3548
[   5.196555] HW.Memory <Error> core\memory.cpp:Memory::MemorySystem::Write:528: unmapped Write8 0x00000000 @ 0x0000094B at PC 0x010F3548
[   5.196556] HW.Memory <Error> core\memory.cpp:Memory::MemorySystem::Write:528: unmapped Write8 0x00000000 @ 0x0000094C at PC 0x010F3548
[   5.196556] HW.Memory <Error> core\memory.cpp:Memory::MemorySystem::Write:528: unmapped Write8 0x00000000 @ 0x0000094D at PC 0x010F3548
[   5.196557] HW.Memory <Error> core\memory.cpp:Memory::MemorySystem::Write:528: unmapped Write8 0x00000000 @ 0x0000094E at PC 0x010F3548
[   5.196557] HW.Memory <Error> core\memory.cpp:Memory::MemorySystem::Write:528: unmapped Write8 0x00000000 @ 0x0000094F at PC 0x010F3548
[   5.196558] HW.Memory <Error> core\memory.cpp:Memory::MemorySystem::Write:528: unmapped Write8 0x00000000 @ 0x00000950 at PC 0x010F3548
[   5.196558] HW.Memory <Error> core\memory.cpp:Memory::MemorySystem::Write:528: unmapped Write8 0x00000000 @ 0x00000951 at PC 0x010F3548
[   5.196558] HW.Memory <Error> core\memory.cpp:Memory::MemorySystem::Write:528: unmapped Write8 0x00000000 @ 0x00000952 at PC 0x010F3548
[   5.196559] HW.Memory <Error> core\memory.cpp:Memory::MemorySystem::Write:528: unmapped Write8 0x00000000 @ 0x00000953 at PC 0x010F3548
[   5.196559] HW.Memory <Error> core\memory.cpp:Memory::MemorySystem::Write:528: unmapped Write8 0x00000000 @ 0x00000954 at PC 0x010F3548
[   5.196560] HW.Memory <Error> core\memory.cpp:Memory::MemorySystem::Write:528: unmapped Write8 0x00000000 @ 0x00000955 at PC 0x010F3548
[   5.196560] HW.Memory <Error> core\memory.cpp:Memory::MemorySystem::Write:528: unmapped Write8 0x00000000 @ 0x00000956 at PC 0x010F3548
[   5.196561] HW.Memory <Error> core\memory.cpp:Memory::MemorySystem::Write:528: unmapped Write8 0x00000000 @ 0x00000957 at PC 0x010F3548
[   5.196561] HW.Memory <Error> core\memory.cpp:Memory::MemorySystem::Write:528: unmapped Write8 0x00000000 @ 0x00000958 at PC 0x010F3548
[   5.196562] HW.Memory <Error> core\memory.cpp:Memory::MemorySystem::Write:528: unmapped Write8 0x00000000 @ 0x00000959 at PC 0x010F3548
[   5.196562] HW.Memory <Error> core\memory.cpp:Memory::MemorySystem::Write:528: unmapped Write8 0x00000000 @ 0x0000095A at PC 0x010F3548
[   5.196563] HW.Memory <Error> core\memory.cpp:Memory::MemorySystem::Write:528: unmapped Write8 0x00000000 @ 0x0000095B at PC 0x010F3548
[   5.196563] HW.Memory <Error> core\memory.cpp:Memory::MemorySystem::Write:528: unmapped Write8 0x00000000 @ 0x0000095C at PC 0x010F3548
[   5.196564] HW.Memory <Error> core\memory.cpp:Memory::MemorySystem::Write:528: unmapped Write8 0x00000000 @ 0x0000095D at PC 0x010F3548
[   5.196564] HW.Memory <Error> core\memory.cpp:Memory::MemorySystem::Write:528: unmapped Write8 0x00000000 @ 0x0000095E at PC 0x010F3548
[   5.196565] HW.Memory <Error> core\memory.cpp:Memory::MemorySystem::Write:528: unmapped Write8 0x00000000 @ 0x0000095F at PC 0x010F3548
[   5.196565] HW.Memory <Error> core\memory.cpp:Memory::MemorySystem::Write:528: unmapped Write8 0x00000000 @ 0x00000960 at PC 0x010F3548
[   5.196566] HW.Memory <Error> core\memory.cpp:Memory::MemorySystem::Write:528: unmapped Write8 0x00000000 @ 0x00000961 at PC 0x010F3548
[   5.196566] HW.Memory <Error> core\memory.cpp:Memory::MemorySystem::Write:528: unmapped Write8 0x00000000 @ 0x00000962 at PC 0x010F3548
[   5.196567] HW.Memory <Error> core\memory.cpp:Memory::MemorySystem::Write:528: unmapped Write8 0x00000000 @ 0x00000963 at PC 0x010F3548
[   5.196567] HW.Memory <Error> core\memory.cpp:Memory::MemorySystem::Write:528: unmapped Write8 0x00000000 @ 0x00000964 at PC 0x010F3548
[   5.196568] HW.Memory <Error> core\memory.cpp:Memory::MemorySystem::Write:528: unmapped Write8 0x00000000 @ 0x00000965 at PC 0x010F3548
[   5.196568] HW.Memory <Error> core\memory.cpp:Memory::MemorySystem::Write:528: unmapped Write8 0x00000000 @ 0x00000966 at PC 0x010F3548
[   5.196569] HW.Memory <Error> core\memory.cpp:Memory::MemorySystem::Write:528: unmapped Write8 0x00000000 @ 0x00000967 at PC 0x010F3548
[   5.196569] HW.Memory <Error> core\memory.cpp:Memory::MemorySystem::Write:528: unmapped Write8 0x00000000 @ 0x00000968 at PC 0x010F3548
[   5.196569] HW.Memory <Error> core\memory.cpp:Memory::MemorySystem::Write:528: unmapped Write8 0x00000000 @ 0x00000969 at PC 0x010F3548
[   5.196570] HW.Memory <Error> core\memory.cpp:Memory::MemorySystem::Write:528: unmapped Write8 0x00000000 @ 0x0000096A at PC 0x010F3548
[   5.196571] HW.Memory <Error> core\memory.cpp:Memory::MemorySystem::Write:528: unmapped Write8 0x00000000 @ 0x0000096B at PC 0x010F3548
[   5.196571] HW.Memory <Error> core\memory.cpp:Memory::MemorySystem::Write:528: unmapped Write8 0x00000000 @ 0x0000096C at PC 0x010F3548
[   5.196572] HW.Memory <Error> core\memory.cpp:Memory::MemorySystem::Write:528: unmapped Write8 0x00000000 @ 0x0000096D at PC 0x010F3548
[   5.196572] HW.Memory <Error> core\memory.cpp:Memory::MemorySystem::Write:528: unmapped Write8 0x00000000 @ 0x0000096E at PC 0x010F3548
[   5.196573] HW.Memory <Error> core\memory.cpp:Memory::MemorySystem::Write:528: unmapped Write8 0x00000000 @ 0x0000096F at PC 0x010F3548
[   5.196573] HW.Memory <Error> core\memory.cpp:Memory::MemorySystem::Write:528: unmapped Write8 0x00000000 @ 0x00000970 at PC 0x010F3548
[   5.196574] HW.Memory <Error> core\memory.cpp:Memory::MemorySystem::Write:528: unmapped Write8 0x00000000 @ 0x00000971 at PC 0x010F3548
[   5.196574] HW.Memory <Error> core\memory.cpp:Memory::MemorySystem::Write:528: unmapped Write8 0x00000000 @ 0x00000972 at PC 0x010F3548
[   5.196574] HW.Memory <Error> core\memory.cpp:Memory::MemorySystem::Write:528: unmapped Write8 0x00000000 @ 0x00000973 at PC 0x010F3548
[   5.196575] HW.Memory <Error> core\memory.cpp:Memory::MemorySystem::Write:528: unmapped Write8 0x00000000 @ 0x00000974 at PC 0x010F3548
[   5.196575] HW.Memory <Error> core\memory.cpp:Memory::MemorySystem::Write:528: unmapped Write8 0x00000000 @ 0x00000975 at PC 0x010F3548
[   5.196576] HW.Memory <Error> core\memory.cpp:Memory::MemorySystem::Write:528: unmapped Write8 0x00000000 @ 0x00000976 at PC 0x010F3548
[   5.196576] HW.Memory <Error> core\memory.cpp:Memory::MemorySystem::Write:528: unmapped Write8 0x00000000 @ 0x00000977 at PC 0x010F3548
[   5.196577] HW.Memory <Error> core\memory.cpp:Memory::MemorySystem::Write:528: unmapped Write8 0x00000000 @ 0x00000978 at PC 0x010F3548
[   5.196577] HW.Memory <Error> core\memory.cpp:Memory::MemorySystem::Write:528: unmapped Write8 0x00000000 @ 0x00000979 at PC 0x010F3548
[   5.196578] HW.Memory <Error> core\memory.cpp:Memory::MemorySystem::Write:528: unmapped Write8 0x00000000 @ 0x0000097A at PC 0x010F3548
[   5.196578] HW.Memory <Error> core\memory.cpp:Memory::MemorySystem::Write:528: unmapped Write8 0x00000000 @ 0x0000097B at PC 0x010F3548
[   5.196579] HW.Memory <Error> core\memory.cpp:Memory::MemorySystem::Write:528: unmapped Write8 0x00000000 @ 0x0000097C at PC 0x010F3548
[   5.196579] HW.Memory <Error> core\memory.cpp:Memory::MemorySystem::Write:528: unmapped Write8 0x00000000 @ 0x0000097D at PC 0x010F3548
[   5.196580] HW.Memory <Error> core\memory.cpp:Memory::MemorySystem::Write:528: unmapped Write8 0x00000000 @ 0x0000097E at PC 0x010F3548
[   5.196580] HW.Memory <Error> core\memory.cpp:Memory::MemorySystem::Write:528: unmapped Write8 0x00000000 @ 0x0000097F at PC 0x010F3548
[   5.196581] HW.Memory <Error> core\memory.cpp:Memory::MemorySystem::Write:528: unmapped Write8 0x00000000 @ 0x00000980 at PC 0x010F3548
[   5.196581] HW.Memory <Error> core\memory.cpp:Memory::MemorySystem::Write:528: unmapped Write8 0x00000000 @ 0x00000981 at PC 0x010F3548
[   5.196581] HW.Memory <Error> core\memory.cpp:Memory::MemorySystem::Write:528: unmapped Write8 0x00000000 @ 0x00000982 at PC 0x010F3548
[   5.196582] HW.Memory <Error> core\memory.cpp:Memory::MemorySystem::Write:528: unmapped Write8 0x00000000 @ 0x00000983 at PC 0x010F3548
[   5.196582] HW.Memory <Error> core\memory.cpp:Memory::MemorySystem::Write:528: unmapped Write8 0x00000000 @ 0x00000984 at PC 0x010F3548
[   5.196583] HW.Memory <Error> core\memory.cpp:Memory::MemorySystem::Write:528: unmapped Write8 0x00000000 @ 0x00000985 at PC 0x010F3548
[   5.196583] HW.Memory <Error> core\memory.cpp:Memory::MemorySystem::Write:528: unmapped Write8 0x00000000 @ 0x00000986 at PC 0x010F3548
[   5.196584] HW.Memory <Error> core\memory.cpp:Memory::MemorySystem::Write:528: unmapped Write8 0x00000000 @ 0x00000987 at PC 0x010F3548
[   5.196584] HW.Memory <Error> core\memory.cpp:Memory::MemorySystem::Write:528: unmapped Write8 0x00000000 @ 0x00000988 at PC 0x010F3548
[   5.196585] HW.Memory <Error> core\memory.cpp:Memory::MemorySystem::Write:528: unmapped Write8 0x00000000 @ 0x00000989 at PC 0x010F3548
[   5.196585] HW.Memory <Error> core\memory.cpp:Memory::MemorySystem::Write:528: unmapped Write8 0x00000000 @ 0x0000098A at PC 0x010F3548
[   5.196585] HW.Memory <Error> core\memory.cpp:Memory::MemorySystem::Write:528: unmapped Write8 0x00000000 @ 0x0000098B at PC 0x010F3548
[   5.196586] HW.Memory <Error> core\memory.cpp:Memory::MemorySystem::Write:528: unmapped Write8 0x00000000 @ 0x0000098C at PC 0x010F3548
[   5.196586] HW.Memory <Error> core\memory.cpp:Memory::MemorySystem::Write:528: unmapped Write8 0x00000000 @ 0x0000098D at PC 0x010F3548
[   5.196587] HW.Memory <Error> core\memory.cpp:Memory::MemorySystem::Write:528: unmapped Write8 0x00000000 @ 0x0000098E at PC 0x010F3548
[   5.196587] HW.Memory <Error> core\memory.cpp:Memory::MemorySystem::Write:528: unmapped Write8 0x00000000 @ 0x0000098F at PC 0x010F3548
[   5.196587] HW.Memory <Error> core\memory.cpp:Memory::MemorySystem::Write:528: unmapped Write8 0x00000000 @ 0x00000990 at PC 0x010F3548
[   5.196588] HW.Memory <Error> core\memory.cpp:Memory::MemorySystem::Write:528: unmapped Write8 0x00000000 @ 0x00000991 at PC 0x010F3548
[   5.196588] HW.Memory <Error> core\memory.cpp:Memory::MemorySystem::Write:528: unmapped Write8 0x00000000 @ 0x00000992 at PC 0x010F3548
[   5.196589] HW.Memory <Error> core\memory.cpp:Memory::MemorySystem::Write:528: unmapped Write8 0x00000000 @ 0x00000993 at PC 0x010F3548
[   5.196589] HW.Memory <Error> core\memory.cpp:Memory::MemorySystem::Write:528: unmapped Write8 0x00000000 @ 0x00000994 at PC 0x010F3548
[   5.196590] HW.Memory <Error> core\memory.cpp:Memory::MemorySystem::Write:528: unmapped Write8 0x00000000 @ 0x00000995 at PC 0x010F3548
[   5.196590] HW.Memory <Error> core\memory.cpp:Memory::MemorySystem::Write:528: unmapped Write8 0x00000000 @ 0x00000996 at PC 0x010F3548
[   5.196590] HW.Memory <Error> core\memory.cpp:Memory::MemorySystem::Write:528: unmapped Write8 0x00000000 @ 0x00000997 at PC 0x010F3548
[   5.196591] HW.Memory <Error> core\memory.cpp:Memory::MemorySystem::Write:528: unmapped Write8 0x00000000 @ 0x00000998 at PC 0x010F3548
[   5.196591] HW.Memory <Error> core\memory.cpp:Memory::MemorySystem::Write:528: unmapped Write8 0x00000000 @ 0x00000999 at PC 0x010F3548
[   5.196592] HW.Memory <Error> core\memory.cpp:Memory::MemorySystem::Write:528: unmapped Write8 0x00000000 @ 0x0000099A at PC 0x010F3548
[   5.196592] HW.Memory <Error> core\memory.cpp:Memory::MemorySystem::Write:528: unmapped Write8 0x00000000 @ 0x0000099B at PC 0x010F3548
[   5.196593] HW.Memory <Error> core\memory.cpp:Memory::MemorySystem::Write:528: unmapped Write8 0x00000000 @ 0x0000099C at PC 0x010F3548
[   5.196593] HW.Memory <Error> core\memory.cpp:Memory::MemorySystem::Write:528: unmapped Write8 0x00000000 @ 0x0000099D at PC 0x010F3548
[   5.196594] HW.Memory <Error> core\memory.cpp:Memory::MemorySystem::Write:528: unmapped Write8 0x00000000 @ 0x0000099E at PC 0x010F3548
[   5.196594] HW.Memory <Error> core\memory.cpp:Memory::MemorySystem::Write:528: unmapped Write8 0x00000000 @ 0x0000099F at PC 0x010F3548
[   5.196594] HW.Memory <Error> core\memory.cpp:Memory::MemorySystem::Write:528: unmapped Write8 0x00000000 @ 0x000009A0 at PC 0x010F3548
[   5.196595] HW.Memory <Error> core\memory.cpp:Memory::MemorySystem::Write:528: unmapped Write8 0x00000000 @ 0x000009A1 at PC 0x010F3548
[   5.196595] HW.Memory <Error> core\memory.cpp:Memory::MemorySystem::Write:528: unmapped Write8 0x00000000 @ 0x000009A2 at PC 0x010F3548
[   5.196596] HW.Memory <Error> core\memory.cpp:Memory::MemorySystem::Write:528: unmapped Write8 0x00000000 @ 0x000009A3 at PC 0x010F3548
[   5.196596] HW.Memory <Error> core\memory.cpp:Memory::MemorySystem::Write:528: unmapped Write8 0x00000000 @ 0x000009A4 at PC 0x010F3548
[   5.196597] HW.Memory <Error> core\memory.cpp:Memory::MemorySystem::Write:528: unmapped Write8 0x00000000 @ 0x000009A5 at PC 0x010F3548
[   5.196597] HW.Memory <Error> core\memory.cpp:Memory::MemorySystem::Write:528: unmapped Write8 0x00000000 @ 0x000009A6 at PC 0x010F3548
[   5.196598] HW.Memory <Error> core\memory.cpp:Memory::MemorySystem::Write:528: unmapped Write8 0x00000000 @ 0x000009A7 at PC 0x010F3548
[   5.196598] HW.Memory <Error> core\memory.cpp:Memory::MemorySystem::Write:528: unmapped Write8 0x00000000 @ 0x000009A8 at PC 0x010F3548
[   5.196598] HW.Memory <Error> core\memory.cpp:Memory::MemorySystem::Write:528: unmapped Write8 0x00000000 @ 0x000009A9 at PC 0x010F3548
[   5.196599] HW.Memory <Error> core\memory.cpp:Memory::MemorySystem::Write:528: unmapped Write8 0x00000000 @ 0x000009AA at PC 0x010F3548
[   5.196599] HW.Memory <Error> core\memory.cpp:Memory::MemorySystem::Write:528: unmapped Write8 0x00000000 @ 0x000009AB at PC 0x010F3548
[   5.196600] HW.Memory <Error> core\memory.cpp:Memory::MemorySystem::Write:528: unmapped Write8 0x00000000 @ 0x000009AC at PC 0x010F3548
[   5.196600] HW.Memory <Error> core\memory.cpp:Memory::MemorySystem::Write:528: unmapped Write8 0x00000000 @ 0x000009AD at PC 0x010F3548
[   5.196601] HW.Memory <Error> core\memory.cpp:Memory::MemorySystem::Write:528: unmapped Write8 0x00000000 @ 0x000009AE at PC 0x010F3548
[   5.196601] HW.Memory <Error> core\memory.cpp:Memory::MemorySystem::Write:528: unmapped Write8 0x00000000 @ 0x000009AF at PC 0x010F3548
[   5.196601] HW.Memory <Error> core\memory.cpp:Memory::MemorySystem::Write:528: unmapped Write8 0x00000000 @ 0x000009B0 at PC 0x010F3548
[   5.196602] HW.Memory <Error> core\memory.cpp:Memory::MemorySystem::Write:528: unmapped Write8 0x00000000 @ 0x000009B1 at PC 0x010F3548
[   5.196602] HW.Memory <Error> core\memory.cpp:Memory::MemorySystem::Write:528: unmapped Write8 0x00000000 @ 0x000009B2 at PC 0x010F3548
[   5.196603] HW.Memory <Error> core\memory.cpp:Memory::MemorySystem::Write:528: unmapped Write8 0x00000000 @ 0x000009B3 at PC 0x010F3548
[   5.196603] HW.Memory <Error> core\memory.cpp:Memory::MemorySystem::Write:528: unmapped Write8 0x00000000 @ 0x000009B4 at PC 0x010F3548
[   5.196604] HW.Memory <Error> core\memory.cpp:Memory::MemorySystem::Write:528: unmapped Write8 0x00000000 @ 0x000009B5 at PC 0x010F3548
[   5.196604] HW.Memory <Error> core\memory.cpp:Memory::MemorySystem::Write:528: unmapped Write8 0x00000000 @ 0x000009B6 at PC 0x010F3548
[   5.196605] HW.Memory <Error> core\memory.cpp:Memory::MemorySystem::Write:528: unmapped Write8 0x00000000 @ 0x000009B7 at PC 0x010F3548
[   5.196605] HW.Memory <Error> core\memory.cpp:Memory::MemorySystem::Write:528: unmapped Write8 0x00000000 @ 0x000009B8 at PC 0x010F3548
[   5.196605] HW.Memory <Error> core\memory.cpp:Memory::MemorySystem::Write:528: unmapped Write8 0x00000000 @ 0x000009B9 at PC 0x010F3548
[   5.196606] HW.Memory <Error> core\memory.cpp:Memory::MemorySystem::Write:528: unmapped Write8 0x00000000 @ 0x000009BA at PC 0x010F3548
[   5.196606] HW.Memory <Error> core\memory.cpp:Memory::MemorySystem::Write:528: unmapped Write8 0x00000000 @ 0x000009BB at PC 0x010F3548
[   5.196607] HW.Memory <Error> core\memory.cpp:Memory::MemorySystem::Write:528: unmapped Write8 0x00000000 @ 0x000009BC at PC 0x010F3548
[   5.196607] HW.Memory <Error> core\memory.cpp:Memory::MemorySystem::Write:528: unmapped Write8 0x00000000 @ 0x000009BD at PC 0x010F3548
[   5.196607] HW.Memory <Error> core\memory.cpp:Memory::MemorySystem::Write:528: unmapped Write8 0x00000000 @ 0x000009BE at PC 0x010F3548
[   5.196608] HW.Memory <Error> core\memory.cpp:Memory::MemorySystem::Write:528: unmapped Write8 0x00000000 @ 0x000009BF at PC 0x010F3548
[   5.196608] HW.Memory <Error> core\memory.cpp:Memory::MemorySystem::Write:528: unmapped Write8 0x00000000 @ 0x000009C0 at PC 0x010F3548
[   5.196609] HW.Memory <Error> core\memory.cpp:Memory::MemorySystem::Write:528: unmapped Write8 0x00000000 @ 0x000009C1 at PC 0x010F3548
[   5.196609] HW.Memory <Error> core\memory.cpp:Memory::MemorySystem::Write:528: unmapped Write8 0x00000000 @ 0x000009C2 at PC 0x010F3548
[   5.196609] HW.Memory <Error> core\memory.cpp:Memory::MemorySystem::Write:528: unmapped Write8 0x00000000 @ 0x000009C3 at PC 0x010F3548
[   5.196610] HW.Memory <Error> core\memory.cpp:Memory::MemorySystem::Write:528: unmapped Write8 0x00000000 @ 0x000009C4 at PC 0x010F3548
[   5.196610] HW.Memory <Error> core\memory.cpp:Memory::MemorySystem::Write:528: unmapped Write8 0x00000000 @ 0x000009C5 at PC 0x010F3548
[   5.196611] HW.Memory <Error> core\memory.cpp:Memory::MemorySystem::Write:528: unmapped Write8 0x00000000 @ 0x000009C6 at PC 0x010F3548
[   5.196612] HW.Memory <Error> core\memory.cpp:Memory::MemorySystem::Write:528: unmapped Write8 0x00000000 @ 0x000009C7 at PC 0x010F3548
[   5.196612] HW.Memory <Error> core\memory.cpp:Memory::MemorySystem::Write:528: unmapped Write8 0x00000000 @ 0x000009C8 at PC 0x010F3548
[   5.196613] HW.Memory <Error> core\memory.cpp:Memory::MemorySystem::Write:528: unmapped Write8 0x00000000 @ 0x000009C9 at PC 0x010F3548
[   5.196613] HW.Memory <Error> core\memory.cpp:Memory::MemorySystem::Write:528: unmapped Write8 0x00000000 @ 0x000009CA at PC 0x010F3548
[   5.196613] HW.Memory <Error> core\memory.cpp:Memory::MemorySystem::Write:528: unmapped Write8 0x00000000 @ 0x000009CB at PC 0x010F3548
[   5.196614] HW.Memory <Error> core\memory.cpp:Memory::MemorySystem::Write:528: unmapped Write8 0x00000000 @ 0x000009CC at PC 0x010F3548
[   5.196615] HW.Memory <Error> core\memory.cpp:Memory::MemorySystem::Write:528: unmapped Write8 0x00000000 @ 0x000009CD at PC 0x010F3548
[   5.196615] HW.Memory <Error> core\memory.cpp:Memory::MemorySystem::Write:528: unmapped Write8 0x00000000 @ 0x000009CE at PC 0x010F3548
[   5.196615] HW.Memory <Error> core\memory.cpp:Memory::MemorySystem::Write:528: unmapped Write8 0x00000000 @ 0x000009CF at PC 0x010F3548
[   5.196616] HW.Memory <Error> core\memory.cpp:Memory::MemorySystem::Write:528: unmapped Write8 0x00000000 @ 0x000009D0 at PC 0x010F3548
[   5.196616] HW.Memory <Error> core\memory.cpp:Memory::MemorySystem::Write:528: unmapped Write8 0x00000000 @ 0x000009D1 at PC 0x010F3548
[   5.196617] HW.Memory <Error> core\memory.cpp:Memory::MemorySystem::Write:528: unmapped Write8 0x00000000 @ 0x000009D2 at PC 0x010F3548
[   5.196618] HW.Memory <Error> core\memory.cpp:Memory::MemorySystem::Write:528: unmapped Write8 0x00000000 @ 0x000009D3 at PC 0x010F3548
[   5.196618] HW.Memory <Error> core\memory.cpp:Memory::MemorySystem::Write:528: unmapped Write8 0x00000000 @ 0x000009D4 at PC 0x010F3548
[   5.196618] HW.Memory <Error> core\memory.cpp:Memory::MemorySystem::Write:528: unmapped Write8 0x00000000 @ 0x000009D5 at PC 0x010F3548
[   5.196619] HW.Memory <Error> core\memory.cpp:Memory::MemorySystem::Write:528: unmapped Write8 0x00000000 @ 0x000009D6 at PC 0x010F3548
[   5.196619] HW.Memory <Error> core\memory.cpp:Memory::MemorySystem::Write:528: unmapped Write8 0x00000000 @ 0x000009D7 at PC 0x010F3548
[   5.196620] HW.Memory <Error> core\memory.cpp:Memory::MemorySystem::Write:528: unmapped Write8 0x00000000 @ 0x000009D8 at PC 0x010F3548
[   5.196620] HW.Memory <Error> core\memory.cpp:Memory::MemorySystem::Write:528: unmapped Write8 0x00000000 @ 0x000009D9 at PC 0x010F3548
[   5.196621] HW.Memory <Error> core\memory.cpp:Memory::MemorySystem::Write:528: unmapped Write8 0x00000000 @ 0x000009DA at PC 0x010F3548
[   5.196621] HW.Memory <Error> core\memory.cpp:Memory::MemorySystem::Write:528: unmapped Write8 0x00000000 @ 0x000009DB at PC 0x010F3548
[   5.196622] HW.Memory <Error> core\memory.cpp:Memory::MemorySystem::Write:528: unmapped Write8 0x00000000 @ 0x000009DC at PC 0x010F3548
[   5.196622] HW.Memory <Error> core\memory.cpp:Memory::MemorySystem::Write:528: unmapped Write8 0x00000000 @ 0x000009DD at PC 0x010F3548
[   5.196649] HW.Memory <Error> core\memory.cpp:Memory::MemorySystem::Write:528: unmapped Write8 0x00000000 @ 0x000009DE at PC 0x010F3548
[   5.196649] HW.Memory <Error> core\memory.cpp:Memory::MemorySystem::Write:528: unmapped Write8 0x00000000 @ 0x000009DF at PC 0x010F3548
[   5.196650] HW.Memory <Error> core\memory.cpp:Memory::MemorySystem::Write:528: unmapped Write8 0x00000000 @ 0x000009E0 at PC 0x010F3548
[   5.196650] HW.Memory <Error> core\memory.cpp:Memory::MemorySystem::Write:528: unmapped Write8 0x00000000 @ 0x000009E1 at PC 0x010F3548
[   5.196651] HW.Memory <Error> core\memory.cpp:Memory::MemorySystem::Write:528: unmapped Write8 0x00000000 @ 0x000009E2 at PC 0x010F3548
[   5.196651] HW.Memory <Error> core\memory.cpp:Memory::MemorySystem::Write:528: unmapped Write8 0x00000000 @ 0x000009E3 at PC 0x010F3548
[   5.196651] HW.Memory <Error> core\memory.cpp:Memory::MemorySystem::Write:528: unmapped Write8 0x00000000 @ 0x000009E4 at PC 0x010F3548
[   5.196652] HW.Memory <Error> core\memory.cpp:Memory::MemorySystem::Write:528: unmapped Write8 0x00000000 @ 0x000009E5 at PC 0x010F3548
[   5.196652] HW.Memory <Error> core\memory.cpp:Memory::MemorySystem::Write:528: unmapped Write8 0x00000000 @ 0x000009E6 at PC 0x010F3548
[   5.196653] HW.Memory <Error> core\memory.cpp:Memory::MemorySystem::Write:528: unmapped Write8 0x00000000 @ 0x000009E7 at PC 0x010F3548
[   5.196690] HW.Memory <Error> core\memory.cpp:Memory::MemorySystem::Write:528: unmapped Write8 0x00000000 @ 0x000009E8 at PC 0x010F3548
[   5.196691] HW.Memory <Error> core\memory.cpp:Memory::MemorySystem::Write:528: unmapped Write8 0x00000000 @ 0x000009E9 at PC 0x010F3548
[   5.196691] HW.Memory <Error> core\memory.cpp:Memory::MemorySystem::Write:528: unmapped Write8 0x00000000 @ 0x000009EA at PC 0x010F3548
[   5.196692] HW.Memory <Error> core\memory.cpp:Memory::MemorySystem::Write:528: unmapped Write8 0x00000000 @ 0x000009EB at PC 0x010F3548
[   5.196692] HW.Memory <Error> core\memory.cpp:Memory::MemorySystem::Write:528: unmapped Write8 0x00000000 @ 0x000009EC at PC 0x010F3548
[   5.196693] HW.Memory <Error> core\memory.cpp:Memory::MemorySystem::Write:528: unmapped Write8 0x00000000 @ 0x000009ED at PC 0x010F3548
[   5.196693] HW.Memory <Error> core\memory.cpp:Memory::MemorySystem::Write:528: unmapped Write8 0x00000000 @ 0x000009EE at PC 0x010F3548
[   5.196693] HW.Memory <Error> core\memory.cpp:Memory::MemorySystem::Write:528: unmapped Write8 0x00000000 @ 0x000009EF at PC 0x010F3548
[   5.196694] HW.Memory <Error> core\memory.cpp:Memory::MemorySystem::Write:528: unmapped Write8 0x00000000 @ 0x000009F0 at PC 0x010F3548
[   5.196694] HW.Memory <Error> core\memory.cpp:Memory::MemorySystem::Write:528: unmapped Write8 0x00000000 @ 0x000009F1 at PC 0x010F3548
[   5.196695] HW.Memory <Error> core\memory.cpp:Memory::MemorySystem::Write:528: unmapped Write8 0x00000000 @ 0x000009F2 at PC 0x010F3548
[   5.196695] HW.Memory <Error> core\memory.cpp:Memory::MemorySystem::Write:528: unmapped Write8 0x00000000 @ 0x000009F3 at PC 0x010F3548
[   5.196695] HW.Memory <Error> core\memory.cpp:Memory::MemorySystem::Write:528: unmapped Write8 0x00000000 @ 0x000009F4 at PC 0x010F3548
[   5.196696] HW.Memory <Error> core\memory.cpp:Memory::MemorySystem::Write:528: unmapped Write8 0x00000000 @ 0x000009F5 at PC 0x010F3548
[   5.196696] HW.Memory <Error> core\memory.cpp:Memory::MemorySystem::Write:528: unmapped Write8 0x00000000 @ 0x000009F6 at PC 0x010F3548
[   5.196697] HW.Memory <Error> core\memory.cpp:Memory::MemorySystem::Write:528: unmapped Write8 0x00000000 @ 0x000009F7 at PC 0x010F3548
[   5.196697] HW.Memory <Error> core\memory.cpp:Memory::MemorySystem::Write:528: unmapped Write8 0x00000000 @ 0x000009F8 at PC 0x010F3548
[   5.196698] HW.Memory <Error> core\memory.cpp:Memory::MemorySystem::Write:528: unmapped Write8 0x00000000 @ 0x000009F9 at PC 0x010F3548
[   5.196698] HW.Memory <Error> core\memory.cpp:Memory::MemorySystem::Write:528: unmapped Write8 0x00000000 @ 0x000009FA at PC 0x010F3548
[   5.196698] HW.Memory <Error> core\memory.cpp:Memory::MemorySystem::Write:528: unmapped Write8 0x00000000 @ 0x000009FB at PC 0x010F3548
[   5.196699] HW.Memory <Error> core\memory.cpp:Memory::MemorySystem::Write:528: unmapped Write8 0x00000000 @ 0x000009FC at PC 0x010F3548
[   5.196699] HW.Memory <Error> core\memory.cpp:Memory::MemorySystem::Write:528: unmapped Write8 0x00000000 @ 0x000009FD at PC 0x010F3548
[   5.196700] HW.Memory <Error> core\memory.cpp:Memory::MemorySystem::Write:528: unmapped Write8 0x00000000 @ 0x000009FE at PC 0x010F3548
[   5.196700] HW.Memory <Error> core\memory.cpp:Memory::MemorySystem::Write:528: unmapped Write8 0x00000000 @ 0x000009FF at PC 0x010F3548
[   5.196701] HW.Memory <Error> core\memory.cpp:Memory::MemorySystem::Write:528: unmapped Write8 0x00000000 @ 0x00000A00 at PC 0x010F3548
[   5.196701] HW.Memory <Error> core\memory.cpp:Memory::MemorySystem::Write:528: unmapped Write8 0x00000000 @ 0x00000A01 at PC 0x010F3548
[   5.196701] HW.Memory <Error> core\memory.cpp:Memory::MemorySystem::Write:528: unmapped Write8 0x00000000 @ 0x00000A02 at PC 0x010F3548
[   5.196702] HW.Memory <Error> core\memory.cpp:Memory::MemorySystem::Write:528: unmapped Write8 0x00000000 @ 0x00000A03 at PC 0x010F3548
[   5.196702] HW.Memory <Error> core\memory.cpp:Memory::MemorySystem::Write:528: unmapped Write8 0x00000000 @ 0x00000A04 at PC 0x010F3548
[   5.196703] HW.Memory <Error> core\memory.cpp:Memory::MemorySystem::Write:528: unmapped Write8 0x00000000 @ 0x00000A05 at PC 0x010F3548
[   5.196703] HW.Memory <Error> core\memory.cpp:Memory::MemorySystem::Write:528: unmapped Write8 0x00000000 @ 0x00000A06 at PC 0x010F3548
[   5.196703] HW.Memory <Error> core\memory.cpp:Memory::MemorySystem::Write:528: unmapped Write8 0x00000000 @ 0x00000A07 at PC 0x010F3548
[   5.196704] HW.Memory <Error> core\memory.cpp:Memory::MemorySystem::Write:528: unmapped Write8 0x00000000 @ 0x00000A08 at PC 0x010F3548
[   5.196704] HW.Memory <Error> core\memory.cpp:Memory::MemorySystem::Write:528: unmapped Write8 0x00000000 @ 0x00000A09 at PC 0x010F3548
[   5.196705] HW.Memory <Error> core\memory.cpp:Memory::MemorySystem::Write:528: unmapped Write8 0x00000000 @ 0x00000A0A at PC 0x010F3548
[   5.196705] HW.Memory <Error> core\memory.cpp:Memory::MemorySystem::Write:528: unmapped Write8 0x00000000 @ 0x00000A0B at PC 0x010F3548
[   5.196705] HW.Memory <Error> core\memory.cpp:Memory::MemorySystem::Write:528: unmapped Write8 0x00000000 @ 0x00000A0C at PC 0x010F3548
[   5.196706] HW.Memory <Error> core\memory.cpp:Memory::MemorySystem::Write:528: unmapped Write8 0x00000000 @ 0x00000A0D at PC 0x010F3548
[   5.196706] HW.Memory <Error> core\memory.cpp:Memory::MemorySystem::Write:528: unmapped Write8 0x00000000 @ 0x00000A0E at PC 0x010F3548
[   5.196707] HW.Memory <Error> core\memory.cpp:Memory::MemorySystem::Write:528: unmapped Write8 0x00000000 @ 0x00000A0F at PC 0x010F3548
[   5.196707] HW.Memory <Error> core\memory.cpp:Memory::MemorySystem::Write:528: unmapped Write8 0x00000000 @ 0x00000A10 at PC 0x010F3548
[   5.196708] HW.Memory <Error> core\memory.cpp:Memory::MemorySystem::Write:528: unmapped Write8 0x00000000 @ 0x00000A11 at PC 0x010F3548
[   5.196708] HW.Memory <Error> core\memory.cpp:Memory::MemorySystem::Write:528: unmapped Write8 0x00000000 @ 0x00000A12 at PC 0x010F3548
[   5.196708] HW.Memory <Error> core\memory.cpp:Memory::MemorySystem::Write:528: unmapped Write8 0x00000000 @ 0x00000A13 at PC 0x010F3548
[   5.196709] HW.Memory <Error> core\memory.cpp:Memory::MemorySystem::Write:528: unmapped Write8 0x00000000 @ 0x00000A14 at PC 0x010F3548
[   5.196709] HW.Memory <Error> core\memory.cpp:Memory::MemorySystem::Write:528: unmapped Write8 0x00000000 @ 0x00000A15 at PC 0x010F3548
[   5.196710] HW.Memory <Error> core\memory.cpp:Memory::MemorySystem::Write:528: unmapped Write8 0x00000000 @ 0x00000A16 at PC 0x010F3548
[   5.196710] HW.Memory <Error> core\memory.cpp:Memory::MemorySystem::Write:528: unmapped Write8 0x00000000 @ 0x00000A17 at PC 0x010F3548
[   5.196710] HW.Memory <Error> core\memory.cpp:Memory::MemorySystem::Write:528: unmapped Write8 0x00000000 @ 0x00000A18 at PC 0x010F3548
[   5.196711] HW.Memory <Error> core\memory.cpp:Memory::MemorySystem::Write:528: unmapped Write8 0x00000000 @ 0x00000A19 at PC 0x010F3548
[   5.196711] HW.Memory <Error> core\memory.cpp:Memory::MemorySystem::Write:528: unmapped Write8 0x00000000 @ 0x00000A1A at PC 0x010F3548
[   5.196712] HW.Memory <Error> core\memory.cpp:Memory::MemorySystem::Write:528: unmapped Write8 0x00000000 @ 0x00000A1B at PC 0x010F3548
[   5.196712] HW.Memory <Error> core\memory.cpp:Memory::MemorySystem::Write:528: unmapped Write8 0x00000000 @ 0x00000A1C at PC 0x010F3548
[   5.196713] HW.Memory <Error> core\memory.cpp:Memory::MemorySystem::Write:528: unmapped Write8 0x00000000 @ 0x00000A1D at PC 0x010F3548
[   5.196713] HW.Memory <Error> core\memory.cpp:Memory::MemorySystem::Write:528: unmapped Write8 0x00000000 @ 0x00000A1E at PC 0x010F3548
[   5.196713] HW.Memory <Error> core\memory.cpp:Memory::MemorySystem::Write:528: unmapped Write8 0x00000000 @ 0x00000A1F at PC 0x010F3548
[   5.196714] HW.Memory <Error> core\memory.cpp:Memory::MemorySystem::Write:528: unmapped Write8 0x00000000 @ 0x00000A20 at PC 0x010F3548
[   5.196714] HW.Memory <Error> core\memory.cpp:Memory::MemorySystem::Write:528: unmapped Write8 0x00000000 @ 0x00000A21 at PC 0x010F3548
[   5.196715] HW.Memory <Error> core\memory.cpp:Memory::MemorySystem::Write:528: unmapped Write8 0x00000000 @ 0x00000A22 at PC 0x010F3548
[   5.196715] HW.Memory <Error> core\memory.cpp:Memory::MemorySystem::Write:528: unmapped Write8 0x00000000 @ 0x00000A23 at PC 0x010F3548
[   5.196715] HW.Memory <Error> core\memory.cpp:Memory::MemorySystem::Write:528: unmapped Write8 0x00000000 @ 0x00000A24 at PC 0x010F3548
[   5.196716] HW.Memory <Error> core\memory.cpp:Memory::MemorySystem::Write:528: unmapped Write8 0x00000000 @ 0x00000A25 at PC 0x010F3548
[   5.196716] HW.Memory <Error> core\memory.cpp:Memory::MemorySystem::Write:528: unmapped Write8 0x00000000 @ 0x00000A26 at PC 0x010F3548
[   5.196717] HW.Memory <Error> core\memory.cpp:Memory::MemorySystem::Write:528: unmapped Write8 0x00000000 @ 0x00000A27 at PC 0x010F3548
[   5.196717] HW.Memory <Error> core\memory.cpp:Memory::MemorySystem::Write:528: unmapped Write8 0x00000000 @ 0x00000A28 at PC 0x010F3548
[   5.196717] HW.Memory <Error> core\memory.cpp:Memory::MemorySystem::Write:528: unmapped Write8 0x00000000 @ 0x00000A29 at PC 0x010F3548
[   5.196718] HW.Memory <Error> core\memory.cpp:Memory::MemorySystem::Write:528: unmapped Write8 0x00000000 @ 0x00000A2A at PC 0x010F3548
[   5.196718] HW.Memory <Error> core\memory.cpp:Memory::MemorySystem::Write:528: unmapped Write8 0x00000000 @ 0x00000A2B at PC 0x010F3548
[   5.196719] HW.Memory <Error> core\memory.cpp:Memory::MemorySystem::Write:528: unmapped Write8 0x00000000 @ 0x00000A2C at PC 0x010F3548
[   5.196719] HW.Memory <Error> core\memory.cpp:Memory::MemorySystem::Write:528: unmapped Write8 0x00000000 @ 0x00000A2D at PC 0x010F3548
[   5.196720] HW.Memory <Error> core\memory.cpp:Memory::MemorySystem::Write:528: unmapped Write8 0x00000000 @ 0x00000A2E at PC 0x010F3548
[   5.196720] HW.Memory <Error> core\memory.cpp:Memory::MemorySystem::Write:528: unmapped Write8 0x00000000 @ 0x00000A2F at PC 0x010F3548
[   5.196720] HW.Memory <Error> core\memory.cpp:Memory::MemorySystem::Write:528: unmapped Write8 0x00000000 @ 0x00000A30 at PC 0x010F3548
[   5.196721] HW.Memory <Error> core\memory.cpp:Memory::MemorySystem::Write:528: unmapped Write8 0x00000000 @ 0x00000A31 at PC 0x010F3548
[   5.196721] HW.Memory <Error> core\memory.cpp:Memory::MemorySystem::Write:528: unmapped Write8 0x00000000 @ 0x00000A32 at PC 0x010F3548
[   5.196722] HW.Memory <Error> core\memory.cpp:Memory::MemorySystem::Write:528: unmapped Write8 0x00000000 @ 0x00000A33 at PC 0x010F3548
[   5.196722] HW.Memory <Error> core\memory.cpp:Memory::MemorySystem::Write:528: unmapped Write8 0x00000000 @ 0x00000A34 at PC 0x010F3548
[   5.196722] HW.Memory <Error> core\memory.cpp:Memory::MemorySystem::Write:528: unmapped Write8 0x00000000 @ 0x00000A35 at PC 0x010F3548
[   5.196723] HW.Memory <Error> core\memory.cpp:Memory::MemorySystem::Write:528: unmapped Write8 0x00000000 @ 0x00000A36 at PC 0x010F3548
[   5.196723] HW.Memory <Error> core\memory.cpp:Memory::MemorySystem::Write:528: unmapped Write8 0x00000000 @ 0x00000A37 at PC 0x010F3548
[   5.196724] HW.Memory <Error> core\memory.cpp:Memory::MemorySystem::Write:528: unmapped Write8 0x00000000 @ 0x00000A38 at PC 0x010F3548
[   5.196724] HW.Memory <Error> core\memory.cpp:Memory::MemorySystem::Write:528: unmapped Write8 0x00000000 @ 0x00000A39 at PC 0x010F3548
[   5.196724] HW.Memory <Error> core\memory.cpp:Memory::MemorySystem::Write:528: unmapped Write8 0x00000000 @ 0x00000A3A at PC 0x010F3548
[   5.196725] HW.Memory <Error> core\memory.cpp:Memory::MemorySystem::Write:528: unmapped Write8 0x00000000 @ 0x00000A3B at PC 0x010F3548
[   5.196725] HW.Memory <Error> core\memory.cpp:Memory::MemorySystem::Write:528: unmapped Write8 0x00000000 @ 0x00000A3C at PC 0x010F3548
[   5.196726] HW.Memory <Error> core\memory.cpp:Memory::MemorySystem::Write:528: unmapped Write8 0x00000000 @ 0x00000A3D at PC 0x010F3548
[   5.196726] HW.Memory <Error> core\memory.cpp:Memory::MemorySystem::Write:528: unmapped Write8 0x00000000 @ 0x00000A3E at PC 0x010F3548
[   5.196727] HW.Memory <Error> core\memory.cpp:Memory::MemorySystem::Write:528: unmapped Write8 0x00000000 @ 0x00000A3F at PC 0x010F3548
[   5.196727] HW.Memory <Error> core\memory.cpp:Memory::MemorySystem::Write:528: unmapped Write8 0x00000000 @ 0x00000A40 at PC 0x010F3548
[   5.196727] HW.Memory <Error> core\memory.cpp:Memory::MemorySystem::Write:528: unmapped Write8 0x00000000 @ 0x00000A41 at PC 0x010F3548
[   5.196728] HW.Memory <Error> core\memory.cpp:Memory::MemorySystem::Write:528: unmapped Write8 0x00000000 @ 0x00000A42 at PC 0x010F3548
[   5.196728] HW.Memory <Error> core\memory.cpp:Memory::MemorySystem::Write:528: unmapped Write8 0x00000000 @ 0x00000A43 at PC 0x010F3548
[   5.196729] HW.Memory <Error> core\memory.cpp:Memory::MemorySystem::Write:528: unmapped Write8 0x00000000 @ 0x00000A44 at PC 0x010F3548
[   5.196729] HW.Memory <Error> core\memory.cpp:Memory::MemorySystem::Write:528: unmapped Write8 0x00000000 @ 0x00000A45 at PC 0x010F3548
[   5.196730] HW.Memory <Error> core\memory.cpp:Memory::MemorySystem::Write:528: unmapped Write8 0x00000000 @ 0x00000A46 at PC 0x010F3548
[   5.196731] HW.Memory <Error> core\memory.cpp:Memory::MemorySystem::Write:528: unmapped Write8 0x00000000 @ 0x00000A47 at PC 0x010F3548
[   5.196732] HW.Memory <Error> core\memory.cpp:Memory::MemorySystem::Write:528: unmapped Write8 0x00000000 @ 0x00000A48 at PC 0x010F3548
[   5.196732] HW.Memory <Error> core\memory.cpp:Memory::MemorySystem::Write:528: unmapped Write8 0x00000000 @ 0x00000A49 at PC 0x010F3548
[   5.196733] HW.Memory <Error> core\memory.cpp:Memory::MemorySystem::Write:528: unmapped Write8 0x00000000 @ 0x00000A4A at PC 0x010F3548
[   5.196733] HW.Memory <Error> core\memory.cpp:Memory::MemorySystem::Write:528: unmapped Write8 0x00000000 @ 0x00000A4B at PC 0x010F3548
[   5.196733] HW.Memory <Error> core\memory.cpp:Memory::MemorySystem::Write:528: unmapped Write8 0x00000000 @ 0x00000A4C at PC 0x010F3548
[   5.196734] HW.Memory <Error> core\memory.cpp:Memory::MemorySystem::Write:528: unmapped Write8 0x00000000 @ 0x00000A4D at PC 0x010F3548
[   5.196734] HW.Memory <Error> core\memory.cpp:Memory::MemorySystem::Write:528: unmapped Write8 0x00000000 @ 0x00000A4E at PC 0x010F3548
[   5.196735] HW.Memory <Error> core\memory.cpp:Memory::MemorySystem::Write:528: unmapped Write8 0x00000000 @ 0x00000A4F at PC 0x010F3548
[   5.196735] HW.Memory <Error> core\memory.cpp:Memory::MemorySystem::Write:528: unmapped Write8 0x00000000 @ 0x00000A50 at PC 0x010F3548
[   5.196735] HW.Memory <Error> core\memory.cpp:Memory::MemorySystem::Write:528: unmapped Write8 0x00000000 @ 0x00000A51 at PC 0x010F3548
[   5.196736] HW.Memory <Error> core\memory.cpp:Memory::MemorySystem::Write:528: unmapped Write8 0x00000000 @ 0x00000A52 at PC 0x010F3548
[   5.196736] HW.Memory <Error> core\memory.cpp:Memory::MemorySystem::Write:528: unmapped Write8 0x00000000 @ 0x00000A53 at PC 0x010F3548
[   5.196737] HW.Memory <Error> core\memory.cpp:Memory::MemorySystem::Write:528: unmapped Write8 0x00000000 @ 0x00000A54 at PC 0x010F3548
[   5.196737] HW.Memory <Error> core\memory.cpp:Memory::MemorySystem::Write:528: unmapped Write8 0x00000000 @ 0x00000A55 at PC 0x010F3548
[   5.196737] HW.Memory <Error> core\memory.cpp:Memory::MemorySystem::Write:528: unmapped Write8 0x00000000 @ 0x00000A56 at PC 0x010F3548
[   5.196738] HW.Memory <Error> core\memory.cpp:Memory::MemorySystem::Write:528: unmapped Write8 0x00000000 @ 0x00000A57 at PC 0x010F3548
[   5.196738] HW.Memory <Error> core\memory.cpp:Memory::MemorySystem::Write:528: unmapped Write8 0x00000000 @ 0x00000A58 at PC 0x010F3548
[   5.196739] HW.Memory <Error> core\memory.cpp:Memory::MemorySystem::Write:528: unmapped Write8 0x00000000 @ 0x00000A59 at PC 0x010F3548
[   5.196739] HW.Memory <Error> core\memory.cpp:Memory::MemorySystem::Write:528: unmapped Write8 0x00000000 @ 0x00000A5A at PC 0x010F3548
[   5.196740] HW.Memory <Error> core\memory.cpp:Memory::MemorySystem::Write:528: unmapped Write8 0x00000000 @ 0x00000A5B at PC 0x010F3548
[   5.196740] HW.Memory <Error> core\memory.cpp:Memory::MemorySystem::Write:528: unmapped Write8 0x00000000 @ 0x00000A5C at PC 0x010F3548
[   5.196740] HW.Memory <Error> core\memory.cpp:Memory::MemorySystem::Write:528: unmapped Write8 0x00000000 @ 0x00000A5D at PC 0x010F3548
[   5.196741] HW.Memory <Error> core\memory.cpp:Memory::MemorySystem::Write:528: unmapped Write8 0x00000000 @ 0x00000A5E at PC 0x010F3548
[   5.196741] HW.Memory <Error> core\memory.cpp:Memory::MemorySystem::Write:528: unmapped Write8 0x00000000 @ 0x00000A5F at PC 0x010F3548
[   5.196742] HW.Memory <Error> core\memory.cpp:Memory::MemorySystem::Write:528: unmapped Write8 0x00000000 @ 0x00000A60 at PC 0x010F3548
[   5.196742] HW.Memory <Error> core\memory.cpp:Memory::MemorySystem::Write:528: unmapped Write8 0x00000000 @ 0x00000A61 at PC 0x010F3548
[   5.196742] HW.Memory <Error> core\memory.cpp:Memory::MemorySystem::Write:528: unmapped Write8 0x00000000 @ 0x00000A62 at PC 0x010F3548
[   5.196743] HW.Memory <Error> core\memory.cpp:Memory::MemorySystem::Write:528: unmapped Write8 0x00000000 @ 0x00000A63 at PC 0x010F3548
[   5.196743] HW.Memory <Error> core\memory.cpp:Memory::MemorySystem::Write:528: unmapped Write8 0x00000000 @ 0x00000A64 at PC 0x010F3548
[   5.196744] HW.Memory <Error> core\memory.cpp:Memory::MemorySystem::Write:528: unmapped Write8 0x00000000 @ 0x00000A65 at PC 0x010F3548
[   5.196744] HW.Memory <Error> core\memory.cpp:Memory::MemorySystem::Write:528: unmapped Write8 0x00000000 @ 0x00000A66 at PC 0x010F3548
[   5.196745] HW.Memory <Error> core\memory.cpp:Memory::MemorySystem::Write:528: unmapped Write8 0x00000000 @ 0x00000A67 at PC 0x010F3548
[   5.196745] HW.Memory <Error> core\memory.cpp:Memory::MemorySystem::Write:528: unmapped Write8 0x00000000 @ 0x00000A68 at PC 0x010F3548
[   5.196746] HW.Memory <Error> core\memory.cpp:Memory::MemorySystem::Write:528: unmapped Write8 0x00000000 @ 0x00000A69 at PC 0x010F3548
[   5.196746] HW.Memory <Error> core\memory.cpp:Memory::MemorySystem::Write:528: unmapped Write8 0x00000000 @ 0x00000A6A at PC 0x010F3548
[   5.196747] HW.Memory <Error> core\memory.cpp:Memory::MemorySystem::Write:528: unmapped Write8 0x00000000 @ 0x00000A6B at PC 0x010F3548
[   5.196747] HW.Memory <Error> core\memory.cpp:Memory::MemorySystem::Write:528: unmapped Write8 0x00000000 @ 0x00000A6C at PC 0x010F3548
[   5.196747] HW.Memory <Error> core\memory.cpp:Memory::MemorySystem::Write:528: unmapped Write8 0x00000000 @ 0x00000A6D at PC 0x010F3548
[   5.196748] HW.Memory <Error> core\memory.cpp:Memory::MemorySystem::Write:528: unmapped Write8 0x00000000 @ 0x00000A6E at PC 0x010F3548
[   5.196748] HW.Memory <Error> core\memory.cpp:Memory::MemorySystem::Write:528: unmapped Write8 0x00000000 @ 0x00000A6F at PC 0x010F3548
[   5.196749] HW.Memory <Error> core\memory.cpp:Memory::MemorySystem::Write:528: unmapped Write8 0x00000000 @ 0x00000A70 at PC 0x010F3548
[   5.196749] HW.Memory <Error> core\memory.cpp:Memory::MemorySystem::Write:528: unmapped Write8 0x00000000 @ 0x00000A71 at PC 0x010F3548
[   5.196749] HW.Memory <Error> core\memory.cpp:Memory::MemorySystem::Write:528: unmapped Write8 0x00000000 @ 0x00000A72 at PC 0x010F3548
[   5.196750] HW.Memory <Error> core\memory.cpp:Memory::MemorySystem::Write:528: unmapped Write8 0x00000000 @ 0x00000A73 at PC 0x010F3548
[   5.196750] HW.Memory <Error> core\memory.cpp:Memory::MemorySystem::Write:528: unmapped Write8 0x00000000 @ 0x00000A74 at PC 0x010F3548
[   5.196751] HW.Memory <Error> core\memory.cpp:Memory::MemorySystem::Write:528: unmapped Write8 0x00000000 @ 0x00000A75 at PC 0x010F3548
[   5.196751] HW.Memory <Error> core\memory.cpp:Memory::MemorySystem::Write:528: unmapped Write8 0x00000000 @ 0x00000A76 at PC 0x010F3548
[   5.196752] HW.Memory <Error> core\memory.cpp:Memory::MemorySystem::Write:528: unmapped Write8 0x00000000 @ 0x00000A77 at PC 0x010F3548
[   5.196752] HW.Memory <Error> core\memory.cpp:Memory::MemorySystem::Write:528: unmapped Write8 0x00000000 @ 0x00000A78 at PC 0x010F3548
[   5.196753] HW.Memory <Error> core\memory.cpp:Memory::MemorySystem::Write:528: unmapped Write8 0x00000000 @ 0x00000A79 at PC 0x010F3548
[   5.196753] HW.Memory <Error> core\memory.cpp:Memory::MemorySystem::Write:528: unmapped Write8 0x00000000 @ 0x00000A7A at PC 0x010F3548
[   5.196753] HW.Memory <Error> core\memory.cpp:Memory::MemorySystem::Write:528: unmapped Write8 0x00000000 @ 0x00000A7B at PC 0x010F3548
[   5.196754] HW.Memory <Error> core\memory.cpp:Memory::MemorySystem::Write:528: unmapped Write8 0x00000000 @ 0x00000A7C at PC 0x010F3548
[   5.196754] HW.Memory <Error> core\memory.cpp:Memory::MemorySystem::Write:528: unmapped Write8 0x00000000 @ 0x00000A7D at PC 0x010F3548
[   5.196755] HW.Memory <Error> core\memory.cpp:Memory::MemorySystem::Write:528: unmapped Write8 0x00000000 @ 0x00000A7E at PC 0x010F3548
[   5.196755] HW.Memory <Error> core\memory.cpp:Memory::MemorySystem::Write:528: unmapped Write8 0x00000000 @ 0x00000A7F at PC 0x010F3548
[   5.196756] HW.Memory <Error> core\memory.cpp:Memory::MemorySystem::Write:528: unmapped Write8 0x00000000 @ 0x00000A80 at PC 0x010F3548
[   5.196756] HW.Memory <Error> core\memory.cpp:Memory::MemorySystem::Write:528: unmapped Write8 0x00000000 @ 0x00000A81 at PC 0x010F3548
[   5.196756] HW.Memory <Error> core\memory.cpp:Memory::MemorySystem::Write:528: unmapped Write8 0x00000000 @ 0x00000A82 at PC 0x010F3548
[   5.196757] HW.Memory <Error> core\memory.cpp:Memory::MemorySystem::Write:528: unmapped Write8 0x00000000 @ 0x00000A83 at PC 0x010F3548
[   5.196757] HW.Memory <Error> core\memory.cpp:Memory::MemorySystem::Write:528: unmapped Write8 0x00000000 @ 0x00000A84 at PC 0x010F3548
[   5.196758] HW.Memory <Error> core\memory.cpp:Memory::MemorySystem::Write:528: unmapped Write8 0x00000000 @ 0x00000A85 at PC 0x010F3548
[   5.196758] HW.Memory <Error> core\memory.cpp:Memory::MemorySystem::Write:528: unmapped Write8 0x00000000 @ 0x00000A86 at PC 0x010F3548
[   5.196759] HW.Memory <Error> core\memory.cpp:Memory::MemorySystem::Write:528: unmapped Write8 0x00000000 @ 0x00000A87 at PC 0x010F3548
[   5.196759] HW.Memory <Error> core\memory.cpp:Memory::MemorySystem::Write:528: unmapped Write8 0x00000000 @ 0x00000A88 at PC 0x010F3548
[   5.196759] HW.Memory <Error> core\memory.cpp:Memory::MemorySystem::Write:528: unmapped Write8 0x00000000 @ 0x00000A89 at PC 0x010F3548
[   5.196760] HW.Memory <Error> core\memory.cpp:Memory::MemorySystem::Write:528: unmapped Write8 0x00000000 @ 0x00000A8A at PC 0x010F3548
[   5.196760] HW.Memory <Error> core\memory.cpp:Memory::MemorySystem::Write:528: unmapped Write8 0x00000000 @ 0x00000A8B at PC 0x010F3548
[   5.196761] HW.Memory <Error> core\memory.cpp:Memory::MemorySystem::Write:528: unmapped Write8 0x00000000 @ 0x00000A8C at PC 0x010F3548
[   5.196761] HW.Memory <Error> core\memory.cpp:Memory::MemorySystem::Write:528: unmapped Write8 0x00000000 @ 0x00000A8D at PC 0x010F3548
[   5.196761] HW.Memory <Error> core\memory.cpp:Memory::MemorySystem::Write:528: unmapped Write8 0x00000000 @ 0x00000A8E at PC 0x010F3548
[   5.196762] HW.Memory <Error> core\memory.cpp:Memory::MemorySystem::Write:528: unmapped Write8 0x00000000 @ 0x00000A8F at PC 0x010F3548
[   5.196762] HW.Memory <Error> core\memory.cpp:Memory::MemorySystem::Write:528: unmapped Write8 0x00000000 @ 0x00000A90 at PC 0x010F3548
[   5.196763] HW.Memory <Error> core\memory.cpp:Memory::MemorySystem::Write:528: unmapped Write8 0x00000000 @ 0x00000A91 at PC 0x010F3548
[   5.196763] HW.Memory <Error> core\memory.cpp:Memory::MemorySystem::Write:528: unmapped Write8 0x00000000 @ 0x00000A92 at PC 0x010F3548
[   5.196764] HW.Memory <Error> core\memory.cpp:Memory::MemorySystem::Write:528: unmapped Write8 0x00000000 @ 0x00000A93 at PC 0x010F3548
[   5.196764] HW.Memory <Error> core\memory.cpp:Memory::MemorySystem::Write:528: unmapped Write8 0x00000000 @ 0x00000A94 at PC 0x010F3548
[   5.196764] HW.Memory <Error> core\memory.cpp:Memory::MemorySystem::Write:528: unmapped Write8 0x00000000 @ 0x00000A95 at PC 0x010F3548
[   5.196765] HW.Memory <Error> core\memory.cpp:Memory::MemorySystem::Write:528: unmapped Write8 0x00000000 @ 0x00000A96 at PC 0x010F3548
[   5.196765] HW.Memory <Error> core\memory.cpp:Memory::MemorySystem::Write:528: unmapped Write8 0x00000000 @ 0x00000A97 at PC 0x010F3548
[   5.196766] HW.Memory <Error> core\memory.cpp:Memory::MemorySystem::Write:528: unmapped Write8 0x00000000 @ 0x00000A98 at PC 0x010F3548
[   5.196766] HW.Memory <Error> core\memory.cpp:Memory::MemorySystem::Write:528: unmapped Write8 0x00000000 @ 0x00000A99 at PC 0x010F3548
[   5.196766] HW.Memory <Error> core\memory.cpp:Memory::MemorySystem::Write:528: unmapped Write8 0x00000000 @ 0x00000A9A at PC 0x010F3548
[   5.196767] HW.Memory <Error> core\memory.cpp:Memory::MemorySystem::Write:528: unmapped Write8 0x00000000 @ 0x00000A9B at PC 0x010F3548
[   5.196767] HW.Memory <Error> core\memory.cpp:Memory::MemorySystem::Write:528: unmapped Write8 0x00000000 @ 0x00000A9C at PC 0x010F3548
[   5.196768] HW.Memory <Error> core\memory.cpp:Memory::MemorySystem::Write:528: unmapped Write8 0x00000000 @ 0x00000A9D at PC 0x010F3548
[   5.196768] HW.Memory <Error> core\memory.cpp:Memory::MemorySystem::Write:528: unmapped Write8 0x00000000 @ 0x00000A9E at PC 0x010F3548
[   5.196768] HW.Memory <Error> core\memory.cpp:Memory::MemorySystem::Write:528: unmapped Write8 0x00000000 @ 0x00000A9F at PC 0x010F3548
[   5.196769] HW.Memory <Error> core\memory.cpp:Memory::MemorySystem::Write:528: unmapped Write8 0x00000000 @ 0x00000AA0 at PC 0x010F3548
[   5.196769] HW.Memory <Error> core\memory.cpp:Memory::MemorySystem::Write:528: unmapped Write8 0x00000000 @ 0x00000AA1 at PC 0x010F3548
[   5.196770] HW.Memory <Error> core\memory.cpp:Memory::MemorySystem::Write:528: unmapped Write8 0x00000000 @ 0x00000AA2 at PC 0x010F3548
[   5.196770] HW.Memory <Error> core\memory.cpp:Memory::MemorySystem::Write:528: unmapped Write8 0x00000000 @ 0x00000AA3 at PC 0x010F3548
[   5.196771] HW.Memory <Error> core\memory.cpp:Memory::MemorySystem::Write:528: unmapped Write8 0x00000000 @ 0x00000AA4 at PC 0x010F3548
[   5.196771] HW.Memory <Error> core\memory.cpp:Memory::MemorySystem::Write:528: unmapped Write8 0x00000000 @ 0x00000AA5 at PC 0x010F3548
[   5.196771] HW.Memory <Error> core\memory.cpp:Memory::MemorySystem::Write:528: unmapped Write8 0x00000000 @ 0x00000AA6 at PC 0x010F3548
[   5.196772] HW.Memory <Error> core\memory.cpp:Memory::MemorySystem::Write:528: unmapped Write8 0x00000000 @ 0x00000AA7 at PC 0x010F3548
[   5.196772] HW.Memory <Error> core\memory.cpp:Memory::MemorySystem::Write:528: unmapped Write8 0x00000000 @ 0x00000AA8 at PC 0x010F3548
[   5.196773] HW.Memory <Error> core\memory.cpp:Memory::MemorySystem::Write:528: unmapped Write8 0x00000000 @ 0x00000AA9 at PC 0x010F3548
[   5.196773] HW.Memory <Error> core\memory.cpp:Memory::MemorySystem::Write:528: unmapped Write8 0x00000000 @ 0x00000AAA at PC 0x010F3548
[   5.196773] HW.Memory <Error> core\memory.cpp:Memory::MemorySystem::Write:528: unmapped Write8 0x00000000 @ 0x00000AAB at PC 0x010F3548
[   5.196774] HW.Memory <Error> core\memory.cpp:Memory::MemorySystem::Write:528: unmapped Write8 0x00000000 @ 0x00000AAC at PC 0x010F3548
[   5.196774] HW.Memory <Error> core\memory.cpp:Memory::MemorySystem::Write:528: unmapped Write8 0x00000000 @ 0x00000AAD at PC 0x010F3548
[   5.196775] HW.Memory <Error> core\memory.cpp:Memory::MemorySystem::Write:528: unmapped Write8 0x00000000 @ 0x00000AAE at PC 0x010F3548
[   5.196775] HW.Memory <Error> core\memory.cpp:Memory::MemorySystem::Write:528: unmapped Write8 0x00000000 @ 0x00000AAF at PC 0x010F3548
[   5.196776] HW.Memory <Error> core\memory.cpp:Memory::MemorySystem::Write:528: unmapped Write8 0x00000000 @ 0x00000AB0 at PC 0x010F3548
[   5.196776] HW.Memory <Error> core\memory.cpp:Memory::MemorySystem::Write:528: unmapped Write8 0x00000000 @ 0x00000AB1 at PC 0x010F3548
[   5.196776] HW.Memory <Error> core\memory.cpp:Memory::MemorySystem::Write:528: unmapped Write8 0x00000000 @ 0x00000AB2 at PC 0x010F3548
[   5.196777] HW.Memory <Error> core\memory.cpp:Memory::MemorySystem::Write:528: unmapped Write8 0x00000000 @ 0x00000AB3 at PC 0x010F3548
[   5.196777] HW.Memory <Error> core\memory.cpp:Memory::MemorySystem::Write:528: unmapped Write8 0x00000000 @ 0x00000AB4 at PC 0x010F3548
[   5.196778] HW.Memory <Error> core\memory.cpp:Memory::MemorySystem::Write:528: unmapped Write8 0x00000000 @ 0x00000AB5 at PC 0x010F3548
[   5.196778] HW.Memory <Error> core\memory.cpp:Memory::MemorySystem::Write:528: unmapped Write8 0x00000000 @ 0x00000AB6 at PC 0x010F3548
[   5.196778] HW.Memory <Error> core\memory.cpp:Memory::MemorySystem::Write:528: unmapped Write8 0x00000000 @ 0x00000AB7 at PC 0x010F3548
[   5.196779] HW.Memory <Error> core\memory.cpp:Memory::MemorySystem::Write:528: unmapped Write8 0x00000000 @ 0x00000AB8 at PC 0x010F3548
[   5.196779] HW.Memory <Error> core\memory.cpp:Memory::MemorySystem::Write:528: unmapped Write8 0x00000000 @ 0x00000AB9 at PC 0x010F3548
[   5.196780] HW.Memory <Error> core\memory.cpp:Memory::MemorySystem::Write:528: unmapped Write8 0x00000000 @ 0x00000ABA at PC 0x010F3548
[   5.196780] HW.Memory <Error> core\memory.cpp:Memory::MemorySystem::Write:528: unmapped Write8 0x00000000 @ 0x00000ABB at PC 0x010F3548
[   5.196781] HW.Memory <Error> core\memory.cpp:Memory::MemorySystem::Write:528: unmapped Write8 0x00000000 @ 0x00000ABC at PC 0x010F3548
[   5.196781] HW.Memory <Error> core\memory.cpp:Memory::MemorySystem::Write:528: unmapped Write8 0x00000000 @ 0x00000ABD at PC 0x010F3548
[   5.196781] HW.Memory <Error> core\memory.cpp:Memory::MemorySystem::Write:528: unmapped Write8 0x00000000 @ 0x00000ABE at PC 0x010F3548
[   5.196782] HW.Memory <Error> core\memory.cpp:Memory::MemorySystem::Write:528: unmapped Write8 0x00000000 @ 0x00000ABF at PC 0x010F3548
[   5.196782] HW.Memory <Error> core\memory.cpp:Memory::MemorySystem::Write:528: unmapped Write8 0x00000000 @ 0x00000AC0 at PC 0x010F3548
[   5.196783] HW.Memory <Error> core\memory.cpp:Memory::MemorySystem::Write:528: unmapped Write8 0x00000000 @ 0x00000AC1 at PC 0x010F3548
[   5.196783] HW.Memory <Error> core\memory.cpp:Memory::MemorySystem::Write:528: unmapped Write8 0x00000000 @ 0x00000AC2 at PC 0x010F3548
[   5.196783] HW.Memory <Error> core\memory.cpp:Memory::MemorySystem::Write:528: unmapped Write8 0x00000000 @ 0x00000AC3 at PC 0x010F3548
[   5.196784] HW.Memory <Error> core\memory.cpp:Memory::MemorySystem::Write:528: unmapped Write8 0x00000000 @ 0x00000AC4 at PC 0x010F3548
[   5.196784] HW.Memory <Error> core\memory.cpp:Memory::MemorySystem::Write:528: unmapped Write8 0x00000000 @ 0x00000AC5 at PC 0x010F3548
[   5.196785] HW.Memory <Error> core\memory.cpp:Memory::MemorySystem::Write:528: unmapped Write8 0x00000000 @ 0x00000AC6 at PC 0x010F3548
[   5.196785] HW.Memory <Error> core\memory.cpp:Memory::MemorySystem::Write:528: unmapped Write8 0x00000000 @ 0x00000AC7 at PC 0x010F3548
[   5.196786] HW.Memory <Error> core\memory.cpp:Memory::MemorySystem::Write:528: unmapped Write8 0x00000000 @ 0x00000AC8 at PC 0x010F3548
[   5.196786] HW.Memory <Error> core\memory.cpp:Memory::MemorySystem::Write:528: unmapped Write8 0x00000000 @ 0x00000AC9 at PC 0x010F3548
[   5.196786] HW.Memory <Error> core\memory.cpp:Memory::MemorySystem::Write:528: unmapped Write8 0x00000000 @ 0x00000ACA at PC 0x010F3548
[   5.196787] HW.Memory <Error> core\memory.cpp:Memory::MemorySystem::Write:528: unmapped Write8 0x00000000 @ 0x00000ACB at PC 0x010F3548
[   5.196787] HW.Memory <Error> core\memory.cpp:Memory::MemorySystem::Write:528: unmapped Write8 0x00000000 @ 0x00000ACC at PC 0x010F3548
[   5.196788] HW.Memory <Error> core\memory.cpp:Memory::MemorySystem::Write:528: unmapped Write8 0x00000000 @ 0x00000ACD at PC 0x010F3548
[   5.196788] HW.Memory <Error> core\memory.cpp:Memory::MemorySystem::Write:528: unmapped Write8 0x00000000 @ 0x00000ACE at PC 0x010F3548
[   5.196788] HW.Memory <Error> core\memory.cpp:Memory::MemorySystem::Write:528: unmapped Write8 0x00000000 @ 0x00000ACF at PC 0x010F3548
[   5.196789] HW.Memory <Error> core\memory.cpp:Memory::MemorySystem::Write:528: unmapped Write8 0x00000000 @ 0x00000AD0 at PC 0x010F3548
[   5.196789] HW.Memory <Error> core\memory.cpp:Memory::MemorySystem::Write:528: unmapped Write8 0x00000000 @ 0x00000AD1 at PC 0x010F3548
[   5.196790] HW.Memory <Error> core\memory.cpp:Memory::MemorySystem::Write:528: unmapped Write8 0x00000000 @ 0x00000AD2 at PC 0x010F3548
[   5.196790] HW.Memory <Error> core\memory.cpp:Memory::MemorySystem::Write:528: unmapped Write8 0x00000000 @ 0x00000AD3 at PC 0x010F3548
[   5.196790] HW.Memory <Error> core\memory.cpp:Memory::MemorySystem::Write:528: unmapped Write8 0x00000000 @ 0x00000AD4 at PC 0x010F3548
[   5.196791] HW.Memory <Error> core\memory.cpp:Memory::MemorySystem::Write:528: unmapped Write8 0x00000000 @ 0x00000AD5 at PC 0x010F3548
[   5.196791] HW.Memory <Error> core\memory.cpp:Memory::MemorySystem::Write:528: unmapped Write8 0x00000000 @ 0x00000AD6 at PC 0x010F3548
[   5.196792] HW.Memory <Error> core\memory.cpp:Memory::MemorySystem::Write:528: unmapped Write8 0x00000000 @ 0x00000AD7 at PC 0x010F3548
[   5.196792] HW.Memory <Error> core\memory.cpp:Memory::MemorySystem::Write:528: unmapped Write8 0x00000000 @ 0x00000AD8 at PC 0x010F3548
[   5.196793] HW.Memory <Error> core\memory.cpp:Memory::MemorySystem::Write:528: unmapped Write8 0x00000000 @ 0x00000AD9 at PC 0x010F3548
[   5.196793] HW.Memory <Error> core\memory.cpp:Memory::MemorySystem::Write:528: unmapped Write8 0x00000000 @ 0x00000ADA at PC 0x010F3548
[   5.196793] HW.Memory <Error> core\memory.cpp:Memory::MemorySystem::Write:528: unmapped Write8 0x00000000 @ 0x00000ADB at PC 0x010F3548
[   5.196794] HW.Memory <Error> core\memory.cpp:Memory::MemorySystem::Write:528: unmapped Write8 0x00000000 @ 0x00000ADC at PC 0x010F3548
[   5.196794] HW.Memory <Error> core\memory.cpp:Memory::MemorySystem::Write:528: unmapped Write8 0x00000000 @ 0x00000ADD at PC 0x010F3548
[   5.196795] HW.Memory <Error> core\memory.cpp:Memory::MemorySystem::Write:528: unmapped Write8 0x00000000 @ 0x00000ADE at PC 0x010F3548
[   5.196795] HW.Memory <Error> core\memory.cpp:Memory::MemorySystem::Write:528: unmapped Write8 0x00000000 @ 0x00000ADF at PC 0x010F3548
[   5.196795] HW.Memory <Error> core\memory.cpp:Memory::MemorySystem::Write:528: unmapped Write8 0x00000000 @ 0x00000AE0 at PC 0x010F3548
[   5.196796] HW.Memory <Error> core\memory.cpp:Memory::MemorySystem::Write:528: unmapped Write8 0x00000000 @ 0x00000AE1 at PC 0x010F3548
[   5.196796] HW.Memory <Error> core\memory.cpp:Memory::MemorySystem::Write:528: unmapped Write8 0x00000000 @ 0x00000AE2 at PC 0x010F3548
[   5.196797] HW.Memory <Error> core\memory.cpp:Memory::MemorySystem::Write:528: unmapped Write8 0x00000000 @ 0x00000AE3 at PC 0x010F3548
[   5.196797] HW.Memory <Error> core\memory.cpp:Memory::MemorySystem::Write:528: unmapped Write8 0x00000000 @ 0x00000AE4 at PC 0x010F3548
[   5.196798] HW.Memory <Error> core\memory.cpp:Memory::MemorySystem::Write:528: unmapped Write8 0x00000000 @ 0x00000AE5 at PC 0x010F3548
[   5.196798] HW.Memory <Error> core\memory.cpp:Memory::MemorySystem::Write:528: unmapped Write8 0x00000000 @ 0x00000AE6 at PC 0x010F3548
[   5.196798] HW.Memory <Error> core\memory.cpp:Memory::MemorySystem::Write:528: unmapped Write8 0x00000000 @ 0x00000AE7 at PC 0x010F3548
[   5.196799] HW.Memory <Error> core\memory.cpp:Memory::MemorySystem::Write:528: unmapped Write8 0x00000000 @ 0x00000AE8 at PC 0x010F3548
[   5.196799] HW.Memory <Error> core\memory.cpp:Memory::MemorySystem::Write:528: unmapped Write8 0x00000000 @ 0x00000AE9 at PC 0x010F3548
[   5.196800] HW.Memory <Error> core\memory.cpp:Memory::MemorySystem::Write:528: unmapped Write8 0x00000000 @ 0x00000AEA at PC 0x010F3548
[   5.196800] HW.Memory <Error> core\memory.cpp:Memory::MemorySystem::Write:528: unmapped Write8 0x00000000 @ 0x00000AEB at PC 0x010F3548
[   5.196800] HW.Memory <Error> core\memory.cpp:Memory::MemorySystem::Write:528: unmapped Write8 0x00000000 @ 0x00000AEC at PC 0x010F3548
[   5.196801] HW.Memory <Error> core\memory.cpp:Memory::MemorySystem::Write:528: unmapped Write8 0x00000000 @ 0x00000AED at PC 0x010F3548
[   5.196801] HW.Memory <Error> core\memory.cpp:Memory::MemorySystem::Write:528: unmapped Write8 0x00000000 @ 0x00000AEE at PC 0x010F3548
[   5.196802] HW.Memory <Error> core\memory.cpp:Memory::MemorySystem::Write:528: unmapped Write8 0x00000000 @ 0x00000AEF at PC 0x010F3548
[   5.196802] HW.Memory <Error> core\memory.cpp:Memory::MemorySystem::Write:528: unmapped Write8 0x00000000 @ 0x00000AF0 at PC 0x010F3548
[   5.196803] HW.Memory <Error> core\memory.cpp:Memory::MemorySystem::Write:528: unmapped Write8 0x00000000 @ 0x00000AF1 at PC 0x010F3548
[   5.196803] HW.Memory <Error> core\memory.cpp:Memory::MemorySystem::Write:528: unmapped Write8 0x00000000 @ 0x00000AF2 at PC 0x010F3548
[   5.196803] HW.Memory <Error> core\memory.cpp:Memory::MemorySystem::Write:528: unmapped Write8 0x00000000 @ 0x00000AF3 at PC 0x010F3548
[   5.196804] HW.Memory <Error> core\memory.cpp:Memory::MemorySystem::Write:528: unmapped Write8 0x00000000 @ 0x00000AF4 at PC 0x010F3548
[   5.196804] HW.Memory <Error> core\memory.cpp:Memory::MemorySystem::Write:528: unmapped Write8 0x00000000 @ 0x00000AF5 at PC 0x010F3548
[   5.196805] HW.Memory <Error> core\memory.cpp:Memory::MemorySystem::Write:528: unmapped Write8 0x00000000 @ 0x00000AF6 at PC 0x010F3548
[   5.196805] HW.Memory <Error> core\memory.cpp:Memory::MemorySystem::Write:528: unmapped Write8 0x00000000 @ 0x00000AF7 at PC 0x010F3548
[   5.196806] HW.Memory <Error> core\memory.cpp:Memory::MemorySystem::Write:528: unmapped Write8 0x00000000 @ 0x00000AF8 at PC 0x010F3548
[   5.196806] HW.Memory <Error> core\memory.cpp:Memory::MemorySystem::Write:528: unmapped Write8 0x00000000 @ 0x00000AF9 at PC 0x010F3548
[   5.196807] HW.Memory <Error> core\memory.cpp:Memory::MemorySystem::Write:528: unmapped Write8 0x00000000 @ 0x00000AFA at PC 0x010F3548
[   5.196807] HW.Memory <Error> core\memory.cpp:Memory::MemorySystem::Write:528: unmapped Write8 0x00000000 @ 0x00000AFB at PC 0x010F3548
[   5.196807] HW.Memory <Error> core\memory.cpp:Memory::MemorySystem::Write:528: unmapped Write8 0x00000000 @ 0x00000AFC at PC 0x010F3548
[   5.196808] HW.Memory <Error> core\memory.cpp:Memory::MemorySystem::Write:528: unmapped Write8 0x00000000 @ 0x00000AFD at PC 0x010F3548
[   5.196808] HW.Memory <Error> core\memory.cpp:Memory::MemorySystem::Write:528: unmapped Write8 0x00000000 @ 0x00000AFE at PC 0x010F3548
[   5.196809] HW.Memory <Error> core\memory.cpp:Memory::MemorySystem::Write:528: unmapped Write8 0x00000000 @ 0x00000AFF at PC 0x010F3548
[   5.196809] HW.Memory <Error> core\memory.cpp:Memory::MemorySystem::Write:528: unmapped Write8 0x00000000 @ 0x00000B00 at PC 0x010F3548
[   5.196809] HW.Memory <Error> core\memory.cpp:Memory::MemorySystem::Write:528: unmapped Write8 0x00000000 @ 0x00000B01 at PC 0x010F3548
[   5.196810] HW.Memory <Error> core\memory.cpp:Memory::MemorySystem::Write:528: unmapped Write8 0x00000000 @ 0x00000B02 at PC 0x010F3548
[   5.196810] HW.Memory <Error> core\memory.cpp:Memory::MemorySystem::Write:528: unmapped Write8 0x00000000 @ 0x00000B03 at PC 0x010F3548
[   5.196811] HW.Memory <Error> core\memory.cpp:Memory::MemorySystem::Write:528: unmapped Write8 0x00000000 @ 0x00000B04 at PC 0x010F3548
[   5.196811] HW.Memory <Error> core\memory.cpp:Memory::MemorySystem::Write:528: unmapped Write8 0x00000000 @ 0x00000B05 at PC 0x010F3548
[   5.196812] HW.Memory <Error> core\memory.cpp:Memory::MemorySystem::Write:528: unmapped Write8 0x00000000 @ 0x00000B06 at PC 0x010F3548
[   5.196812] HW.Memory <Error> core\memory.cpp:Memory::MemorySystem::Write:528: unmapped Write8 0x00000000 @ 0x00000B07 at PC 0x010F3548
[   5.196812] HW.Memory <Error> core\memory.cpp:Memory::MemorySystem::Write:528: unmapped Write8 0x00000000 @ 0x00000B08 at PC 0x010F3548
[   5.196813] HW.Memory <Error> core\memory.cpp:Memory::MemorySystem::Write:528: unmapped Write8 0x00000000 @ 0x00000B09 at PC 0x010F3548
[   5.196813] HW.Memory <Error> core\memory.cpp:Memory::MemorySystem::Write:528: unmapped Write8 0x00000000 @ 0x00000B0A at PC 0x010F3548
[   5.196814] HW.Memory <Error> core\memory.cpp:Memory::MemorySystem::Write:528: unmapped Write8 0x00000000 @ 0x00000B0B at PC 0x010F3548
[   5.196814] HW.Memory <Error> core\memory.cpp:Memory::MemorySystem::Write:528: unmapped Write8 0x00000000 @ 0x00000B0C at PC 0x010F3548
[   5.196814] HW.Memory <Error> core\memory.cpp:Memory::MemorySystem::Write:528: unmapped Write8 0x00000000 @ 0x00000B0D at PC 0x010F3548
[   5.196815] HW.Memory <Error> core\memory.cpp:Memory::MemorySystem::Write:528: unmapped Write8 0x00000000 @ 0x00000B0E at PC 0x010F3548
[   5.196815] HW.Memory <Error> core\memory.cpp:Memory::MemorySystem::Write:528: unmapped Write8 0x00000000 @ 0x00000B0F at PC 0x010F3548
[   5.196816] HW.Memory <Error> core\memory.cpp:Memory::MemorySystem::Write:528: unmapped Write8 0x00000000 @ 0x00000B10 at PC 0x010F3548
[   5.196816] HW.Memory <Error> core\memory.cpp:Memory::MemorySystem::Write:528: unmapped Write8 0x00000000 @ 0x00000B11 at PC 0x010F3548
[   5.196817] HW.Memory <Error> core\memory.cpp:Memory::MemorySystem::Write:528: unmapped Write8 0x00000000 @ 0x00000B12 at PC 0x010F3548
[   5.196817] HW.Memory <Error> core\memory.cpp:Memory::MemorySystem::Write:528: unmapped Write8 0x00000000 @ 0x00000B13 at PC 0x010F3548
[   5.196817] HW.Memory <Error> core\memory.cpp:Memory::MemorySystem::Write:528: unmapped Write8 0x00000000 @ 0x00000B14 at PC 0x010F3548
[   5.196818] HW.Memory <Error> core\memory.cpp:Memory::MemorySystem::Write:528: unmapped Write8 0x00000000 @ 0x00000B15 at PC 0x010F3548
[   5.196818] HW.Memory <Error> core\memory.cpp:Memory::MemorySystem::Write:528: unmapped Write8 0x00000000 @ 0x00000B16 at PC 0x010F3548
[   5.196819] HW.Memory <Error> core\memory.cpp:Memory::MemorySystem::Write:528: unmapped Write8 0x00000000 @ 0x00000B17 at PC 0x010F3548
[   5.196819] HW.Memory <Error> core\memory.cpp:Memory::MemorySystem::Write:528: unmapped Write8 0x00000000 @ 0x00000B18 at PC 0x010F3548
[   5.196819] HW.Memory <Error> core\memory.cpp:Memory::MemorySystem::Write:528: unmapped Write8 0x00000000 @ 0x00000B19 at PC 0x010F3548
[   5.196820] HW.Memory <Error> core\memory.cpp:Memory::MemorySystem::Write:528: unmapped Write8 0x00000000 @ 0x00000B1A at PC 0x010F3548
[   5.196820] HW.Memory <Error> core\memory.cpp:Memory::MemorySystem::Write:528: unmapped Write8 0x00000000 @ 0x00000B1B at PC 0x010F3548
[   5.196821] HW.Memory <Error> core\memory.cpp:Memory::MemorySystem::Write:528: unmapped Write8 0x00000000 @ 0x00000B1C at PC 0x010F3548
[   5.196821] HW.Memory <Error> core\memory.cpp:Memory::MemorySystem::Write:528: unmapped Write8 0x00000000 @ 0x00000B1D at PC 0x010F3548
[   5.196822] HW.Memory <Error> core\memory.cpp:Memory::MemorySystem::Write:528: unmapped Write8 0x00000000 @ 0x00000B1E at PC 0x010F3548
[   5.196822] HW.Memory <Error> core\memory.cpp:Memory::MemorySystem::Write:528: unmapped Write8 0x00000000 @ 0x00000B1F at PC 0x010F3548
[   5.196822] HW.Memory <Error> core\memory.cpp:Memory::MemorySystem::Write:528: unmapped Write8 0x00000000 @ 0x00000B20 at PC 0x010F3548
[   5.196823] HW.Memory <Error> core\memory.cpp:Memory::MemorySystem::Write:528: unmapped Write8 0x00000000 @ 0x00000B21 at PC 0x010F3548
[   5.196823] HW.Memory <Error> core\memory.cpp:Memory::MemorySystem::Write:528: unmapped Write8 0x00000000 @ 0x00000B22 at PC 0x010F3548
[   5.196824] HW.Memory <Error> core\memory.cpp:Memory::MemorySystem::Write:528: unmapped Write8 0x00000000 @ 0x00000B23 at PC 0x010F3548
[   5.196824] HW.Memory <Error> core\memory.cpp:Memory::MemorySystem::Write:528: unmapped Write8 0x00000000 @ 0x00000B24 at PC 0x010F3548
[   5.196824] HW.Memory <Error> core\memory.cpp:Memory::MemorySystem::Write:528: unmapped Write8 0x00000000 @ 0x00000B25 at PC 0x010F3548
[   5.196825] HW.Memory <Error> core\memory.cpp:Memory::MemorySystem::Write:528: unmapped Write8 0x00000000 @ 0x00000B26 at PC 0x010F3548
[   5.196825] HW.Memory <Error> core\memory.cpp:Memory::MemorySystem::Write:528: unmapped Write8 0x00000000 @ 0x00000B27 at PC 0x010F3548
[   5.196826] HW.Memory <Error> core\memory.cpp:Memory::MemorySystem::Write:528: unmapped Write8 0x00000000 @ 0x00000B28 at PC 0x010F3548
[   5.196826] HW.Memory <Error> core\memory.cpp:Memory::MemorySystem::Write:528: unmapped Write8 0x00000000 @ 0x00000B29 at PC 0x010F3548
[   5.196827] HW.Memory <Error> core\memory.cpp:Memory::MemorySystem::Write:528: unmapped Write8 0x00000000 @ 0x00000B2A at PC 0x010F3548
[   5.196827] HW.Memory <Error> core\memory.cpp:Memory::MemorySystem::Write:528: unmapped Write8 0x00000000 @ 0x00000B2B at PC 0x010F3548
[   5.196827] HW.Memory <Error> core\memory.cpp:Memory::MemorySystem::Write:528: unmapped Write8 0x00000000 @ 0x00000B2C at PC 0x010F3548
[   5.196828] HW.Memory <Error> core\memory.cpp:Memory::MemorySystem::Write:528: unmapped Write8 0x00000000 @ 0x00000B2D at PC 0x010F3548
[   5.196828] HW.Memory <Error> core\memory.cpp:Memory::MemorySystem::Write:528: unmapped Write8 0x00000000 @ 0x00000B2E at PC 0x010F3548
[   5.196829] HW.Memory <Error> core\memory.cpp:Memory::MemorySystem::Write:528: unmapped Write8 0x00000000 @ 0x00000B2F at PC 0x010F3548
[   5.196829] HW.Memory <Error> core\memory.cpp:Memory::MemorySystem::Write:528: unmapped Write8 0x00000000 @ 0x00000B30 at PC 0x010F3548
[   5.196830] HW.Memory <Error> core\memory.cpp:Memory::MemorySystem::Write:528: unmapped Write8 0x00000000 @ 0x00000B31 at PC 0x010F3548
[   5.196830] HW.Memory <Error> core\memory.cpp:Memory::MemorySystem::Write:528: unmapped Write8 0x00000000 @ 0x00000B32 at PC 0x010F3548
[   5.196830] HW.Memory <Error> core\memory.cpp:Memory::MemorySystem::Write:528: unmapped Write8 0x00000000 @ 0x00000B33 at PC 0x010F3548
[   5.196831] HW.Memory <Error> core\memory.cpp:Memory::MemorySystem::Write:528: unmapped Write8 0x00000000 @ 0x00000B34 at PC 0x010F3548
[   5.196831] HW.Memory <Error> core\memory.cpp:Memory::MemorySystem::Write:528: unmapped Write8 0x00000000 @ 0x00000B35 at PC 0x010F3548
[   5.196832] HW.Memory <Error> core\memory.cpp:Memory::MemorySystem::Write:528: unmapped Write8 0x00000000 @ 0x00000B36 at PC 0x010F3548
[   5.196832] HW.Memory <Error> core\memory.cpp:Memory::MemorySystem::Write:528: unmapped Write8 0x00000000 @ 0x00000B37 at PC 0x010F3548
[   5.196833] HW.Memory <Error> core\memory.cpp:Memory::MemorySystem::Write:528: unmapped Write8 0x00000000 @ 0x00000B38 at PC 0x010F3548
[   5.196833] HW.Memory <Error> core\memory.cpp:Memory::MemorySystem::Write:528: unmapped Write8 0x00000000 @ 0x00000B39 at PC 0x010F3548
[   5.196833] HW.Memory <Error> core\memory.cpp:Memory::MemorySystem::Write:528: unmapped Write8 0x00000000 @ 0x00000B3A at PC 0x010F3548
[   5.196834] HW.Memory <Error> core\memory.cpp:Memory::MemorySystem::Write:528: unmapped Write8 0x00000000 @ 0x00000B3B at PC 0x010F3548
[   5.196834] HW.Memory <Error> core\memory.cpp:Memory::MemorySystem::Write:528: unmapped Write8 0x00000000 @ 0x00000B3C at PC 0x010F3548
[   5.196835] HW.Memory <Error> core\memory.cpp:Memory::MemorySystem::Write:528: unmapped Write8 0x00000000 @ 0x00000B3D at PC 0x010F3548
[   5.196835] HW.Memory <Error> core\memory.cpp:Memory::MemorySystem::Write:528: unmapped Write8 0x00000000 @ 0x00000B3E at PC 0x010F3548
[   5.196835] HW.Memory <Error> core\memory.cpp:Memory::MemorySystem::Write:528: unmapped Write8 0x00000000 @ 0x00000B3F at PC 0x010F3548
[   5.196836] HW.Memory <Error> core\memory.cpp:Memory::MemorySystem::Write:528: unmapped Write8 0x00000000 @ 0x00000B40 at PC 0x010F3548
[   5.196836] HW.Memory <Error> core\memory.cpp:Memory::MemorySystem::Write:528: unmapped Write8 0x00000000 @ 0x00000B41 at PC 0x010F3548
[   5.196837] HW.Memory <Error> core\memory.cpp:Memory::MemorySystem::Write:528: unmapped Write8 0x00000000 @ 0x00000B42 at PC 0x010F3548
[   5.196837] HW.Memory <Error> core\memory.cpp:Memory::MemorySystem::Write:528: unmapped Write8 0x00000000 @ 0x00000B43 at PC 0x010F3548
[   5.196837] HW.Memory <Error> core\memory.cpp:Memory::MemorySystem::Write:528: unmapped Write8 0x00000000 @ 0x00000B44 at PC 0x010F3548
[   5.196838] HW.Memory <Error> core\memory.cpp:Memory::MemorySystem::Write:528: unmapped Write8 0x00000000 @ 0x00000B45 at PC 0x010F3548
[   5.196838] HW.Memory <Error> core\memory.cpp:Memory::MemorySystem::Write:528: unmapped Write8 0x00000000 @ 0x00000B46 at PC 0x010F3548
[   5.196839] HW.Memory <Error> core\memory.cpp:Memory::MemorySystem::Write:528: unmapped Write8 0x00000000 @ 0x00000B47 at PC 0x010F3548
[   5.196839] HW.Memory <Error> core\memory.cpp:Memory::MemorySystem::Write:528: unmapped Write8 0x00000000 @ 0x00000B48 at PC 0x010F3548
[   5.196840] HW.Memory <Error> core\memory.cpp:Memory::MemorySystem::Write:528: unmapped Write8 0x00000000 @ 0x00000B49 at PC 0x010F3548
[   5.196840] HW.Memory <Error> core\memory.cpp:Memory::MemorySystem::Write:528: unmapped Write8 0x00000000 @ 0x00000B4A at PC 0x010F3548
[   5.196840] HW.Memory <Error> core\memory.cpp:Memory::MemorySystem::Write:528: unmapped Write8 0x00000000 @ 0x00000B4B at PC 0x010F3548
[   5.196841] HW.Memory <Error> core\memory.cpp:Memory::MemorySystem::Write:528: unmapped Write8 0x00000000 @ 0x00000B4C at PC 0x010F3548
[   5.196841] HW.Memory <Error> core\memory.cpp:Memory::MemorySystem::Write:528: unmapped Write8 0x00000000 @ 0x00000B4D at PC 0x010F3548
[   5.196842] HW.Memory <Error> core\memory.cpp:Memory::MemorySystem::Write:528: unmapped Write8 0x00000000 @ 0x00000B4E at PC 0x010F3548
[   5.196842] HW.Memory <Error> core\memory.cpp:Memory::MemorySystem::Write:528: unmapped Write8 0x00000000 @ 0x00000B4F at PC 0x010F3548
[   5.196843] HW.Memory <Error> core\memory.cpp:Memory::MemorySystem::Write:528: unmapped Write8 0x00000000 @ 0x00000B50 at PC 0x010F3548
[   5.196843] HW.Memory <Error> core\memory.cpp:Memory::MemorySystem::Write:528: unmapped Write8 0x00000000 @ 0x00000B51 at PC 0x010F3548
[   5.196844] HW.Memory <Error> core\memory.cpp:Memory::MemorySystem::Write:528: unmapped Write8 0x00000000 @ 0x00000B52 at PC 0x010F3548
[   5.196844] HW.Memory <Error> core\memory.cpp:Memory::MemorySystem::Write:528: unmapped Write8 0x00000000 @ 0x00000B53 at PC 0x010F3548
[   5.196844] HW.Memory <Error> core\memory.cpp:Memory::MemorySystem::Write:528: unmapped Write8 0x00000000 @ 0x00000B54 at PC 0x010F3548
[   5.196845] HW.Memory <Error> core\memory.cpp:Memory::MemorySystem::Write:528: unmapped Write8 0x00000000 @ 0x00000B55 at PC 0x010F3548
[   5.196845] HW.Memory <Error> core\memory.cpp:Memory::MemorySystem::Write:528: unmapped Write8 0x00000000 @ 0x00000B56 at PC 0x010F3548
[   5.196846] HW.Memory <Error> core\memory.cpp:Memory::MemorySystem::Write:528: unmapped Write8 0x00000000 @ 0x00000B57 at PC 0x010F3548
[   5.196846] HW.Memory <Error> core\memory.cpp:Memory::MemorySystem::Write:528: unmapped Write8 0x00000000 @ 0x00000B58 at PC 0x010F3548
[   5.196847] HW.Memory <Error> core\memory.cpp:Memory::MemorySystem::Write:528: unmapped Write8 0x00000000 @ 0x00000B59 at PC 0x010F3548
[   5.196847] HW.Memory <Error> core\memory.cpp:Memory::MemorySystem::Write:528: unmapped Write8 0x00000000 @ 0x00000B5A at PC 0x010F3548
[   5.196847] HW.Memory <Error> core\memory.cpp:Memory::MemorySystem::Write:528: unmapped Write8 0x00000000 @ 0x00000B5B at PC 0x010F3548
[   5.196848] HW.Memory <Error> core\memory.cpp:Memory::MemorySystem::Write:528: unmapped Write8 0x00000000 @ 0x00000B5C at PC 0x010F3548
[   5.196848] HW.Memory <Error> core\memory.cpp:Memory::MemorySystem::Write:528: unmapped Write8 0x00000000 @ 0x00000B5D at PC 0x010F3548
[   5.196849] HW.Memory <Error> core\memory.cpp:Memory::MemorySystem::Write:528: unmapped Write8 0x00000000 @ 0x00000B5E at PC 0x010F3548
[   5.196849] HW.Memory <Error> core\memory.cpp:Memory::MemorySystem::Write:528: unmapped Write8 0x00000000 @ 0x00000B5F at PC 0x010F3548
[   5.196849] HW.Memory <Error> core\memory.cpp:Memory::MemorySystem::Write:528: unmapped Write8 0x00000000 @ 0x00000B60 at PC 0x010F3548
[   5.196850] HW.Memory <Error> core\memory.cpp:Memory::MemorySystem::Write:528: unmapped Write8 0x00000000 @ 0x00000B61 at PC 0x010F3548
[   5.196850] HW.Memory <Error> core\memory.cpp:Memory::MemorySystem::Write:528: unmapped Write8 0x00000000 @ 0x00000B62 at PC 0x010F3548
[   5.196851] HW.Memory <Error> core\memory.cpp:Memory::MemorySystem::Write:528: unmapped Write8 0x00000000 @ 0x00000B63 at PC 0x010F3548
[   5.196851] HW.Memory <Error> core\memory.cpp:Memory::MemorySystem::Write:528: unmapped Write8 0x00000000 @ 0x00000B64 at PC 0x010F3548
[   5.196851] HW.Memory <Error> core\memory.cpp:Memory::MemorySystem::Write:528: unmapped Write8 0x00000000 @ 0x00000B65 at PC 0x010F3548
[   5.196852] HW.Memory <Error> core\memory.cpp:Memory::MemorySystem::Write:528: unmapped Write8 0x00000000 @ 0x00000B66 at PC 0x010F3548
[   5.196852] HW.Memory <Error> core\memory.cpp:Memory::MemorySystem::Write:528: unmapped Write8 0x00000000 @ 0x00000B67 at PC 0x010F3548
[   5.196853] HW.Memory <Error> core\memory.cpp:Memory::MemorySystem::Write:528: unmapped Write8 0x00000000 @ 0x00000B68 at PC 0x010F3548
[   5.196853] HW.Memory <Error> core\memory.cpp:Memory::MemorySystem::Write:528: unmapped Write8 0x00000000 @ 0x00000B69 at PC 0x010F3548
[   5.196854] HW.Memory <Error> core\memory.cpp:Memory::MemorySystem::Write:528: unmapped Write8 0x00000000 @ 0x00000B6A at PC 0x010F3548
[   5.196854] HW.Memory <Error> core\memory.cpp:Memory::MemorySystem::Write:528: unmapped Write8 0x00000000 @ 0x00000B6B at PC 0x010F3548
[   5.196854] HW.Memory <Error> core\memory.cpp:Memory::MemorySystem::Write:528: unmapped Write8 0x00000000 @ 0x00000B6C at PC 0x010F3548
[   5.196855] HW.Memory <Error> core\memory.cpp:Memory::MemorySystem::Write:528: unmapped Write8 0x00000000 @ 0x00000B6D at PC 0x010F3548
[   5.196855] HW.Memory <Error> core\memory.cpp:Memory::MemorySystem::Write:528: unmapped Write8 0x00000000 @ 0x00000B6E at PC 0x010F3548
[   5.196856] HW.Memory <Error> core\memory.cpp:Memory::MemorySystem::Write:528: unmapped Write8 0x00000000 @ 0x00000B6F at PC 0x010F3548
[   5.196856] HW.Memory <Error> core\memory.cpp:Memory::MemorySystem::Write:528: unmapped Write8 0x00000000 @ 0x00000B70 at PC 0x010F3548
[   5.196857] HW.Memory <Error> core\memory.cpp:Memory::MemorySystem::Write:528: unmapped Write8 0x00000000 @ 0x00000B71 at PC 0x010F3548
[   5.196857] HW.Memory <Error> core\memory.cpp:Memory::MemorySystem::Write:528: unmapped Write8 0x00000000 @ 0x00000B72 at PC 0x010F3548
[   5.196857] HW.Memory <Error> core\memory.cpp:Memory::MemorySystem::Write:528: unmapped Write8 0x00000000 @ 0x00000B73 at PC 0x010F3548
[   5.196858] HW.Memory <Error> core\memory.cpp:Memory::MemorySystem::Write:528: unmapped Write8 0x00000000 @ 0x00000B74 at PC 0x010F3548
[   5.196858] HW.Memory <Error> core\memory.cpp:Memory::MemorySystem::Write:528: unmapped Write8 0x00000000 @ 0x00000B75 at PC 0x010F3548
[   5.196859] HW.Memory <Error> core\memory.cpp:Memory::MemorySystem::Write:528: unmapped Write8 0x00000000 @ 0x00000B76 at PC 0x010F3548
[   5.196859] HW.Memory <Error> core\memory.cpp:Memory::MemorySystem::Write:528: unmapped Write8 0x00000000 @ 0x00000B77 at PC 0x010F3548
[   5.196860] HW.Memory <Error> core\memory.cpp:Memory::MemorySystem::Write:528: unmapped Write8 0x00000000 @ 0x00000B78 at PC 0x010F3548
[   5.196860] HW.Memory <Error> core\memory.cpp:Memory::MemorySystem::Write:528: unmapped Write8 0x00000000 @ 0x00000B79 at PC 0x010F3548
[   5.196861] HW.Memory <Error> core\memory.cpp:Memory::MemorySystem::Write:528: unmapped Write8 0x00000000 @ 0x00000B7A at PC 0x010F3548
[   5.196861] HW.Memory <Error> core\memory.cpp:Memory::MemorySystem::Write:528: unmapped Write8 0x00000000 @ 0x00000B7B at PC 0x010F3548
[   5.196861] HW.Memory <Error> core\memory.cpp:Memory::MemorySystem::Write:528: unmapped Write8 0x00000000 @ 0x00000B7C at PC 0x010F3548
[   5.196862] HW.Memory <Error> core\memory.cpp:Memory::MemorySystem::Write:528: unmapped Write8 0x00000000 @ 0x00000B7D at PC 0x010F3548
[   5.196862] HW.Memory <Error> core\memory.cpp:Memory::MemorySystem::Write:528: unmapped Write8 0x00000000 @ 0x00000B7E at PC 0x010F3548
[   5.196863] HW.Memory <Error> core\memory.cpp:Memory::MemorySystem::Write:528: unmapped Write8 0x00000000 @ 0x00000B7F at PC 0x010F3548
[   5.196863] HW.Memory <Error> core\memory.cpp:Memory::MemorySystem::Write:528: unmapped Write8 0x00000000 @ 0x00000B80 at PC 0x010F3548
[   5.196863] HW.Memory <Error> core\memory.cpp:Memory::MemorySystem::Write:528: unmapped Write8 0x00000000 @ 0x00000B81 at PC 0x010F3548
[   5.196864] HW.Memory <Error> core\memory.cpp:Memory::MemorySystem::Write:528: unmapped Write8 0x00000000 @ 0x00000B82 at PC 0x010F3548
[   5.196864] HW.Memory <Error> core\memory.cpp:Memory::MemorySystem::Write:528: unmapped Write8 0x00000000 @ 0x00000B83 at PC 0x010F3548
[   5.196865] HW.Memory <Error> core\memory.cpp:Memory::MemorySystem::Write:528: unmapped Write8 0x00000000 @ 0x00000B84 at PC 0x010F3548
[   5.196865] HW.Memory <Error> core\memory.cpp:Memory::MemorySystem::Write:528: unmapped Write8 0x00000000 @ 0x00000B85 at PC 0x010F3548
[   5.196866] HW.Memory <Error> core\memory.cpp:Memory::MemorySystem::Write:528: unmapped Write8 0x00000000 @ 0x00000B86 at PC 0x010F3548
[   5.196866] HW.Memory <Error> core\memory.cpp:Memory::MemorySystem::Write:528: unmapped Write8 0x00000000 @ 0x00000B87 at PC 0x010F3548
[   5.196866] HW.Memory <Error> core\memory.cpp:Memory::MemorySystem::Write:528: unmapped Write8 0x00000000 @ 0x00000B88 at PC 0x010F3548
[   5.196867] HW.Memory <Error> core\memory.cpp:Memory::MemorySystem::Write:528: unmapped Write8 0x00000000 @ 0x00000B89 at PC 0x010F3548
[   5.196867] HW.Memory <Error> core\memory.cpp:Memory::MemorySystem::Write:528: unmapped Write8 0x00000000 @ 0x00000B8A at PC 0x010F3548
[   5.196868] HW.Memory <Error> core\memory.cpp:Memory::MemorySystem::Write:528: unmapped Write8 0x00000000 @ 0x00000B8B at PC 0x010F3548
[   5.196868] HW.Memory <Error> core\memory.cpp:Memory::MemorySystem::Write:528: unmapped Write8 0x00000000 @ 0x00000B8C at PC 0x010F3548
[   5.196868] HW.Memory <Error> core\memory.cpp:Memory::MemorySystem::Write:528: unmapped Write8 0x00000000 @ 0x00000B8D at PC 0x010F3548
[   5.196869] HW.Memory <Error> core\memory.cpp:Memory::MemorySystem::Write:528: unmapped Write8 0x00000000 @ 0x00000B8E at PC 0x010F3548
[   5.196869] HW.Memory <Error> core\memory.cpp:Memory::MemorySystem::Write:528: unmapped Write8 0x00000000 @ 0x00000B8F at PC 0x010F3548
[   5.196870] HW.Memory <Error> core\memory.cpp:Memory::MemorySystem::Write:528: unmapped Write8 0x00000000 @ 0x00000B90 at PC 0x010F3548
[   5.196870] HW.Memory <Error> core\memory.cpp:Memory::MemorySystem::Write:528: unmapped Write8 0x00000000 @ 0x00000B91 at PC 0x010F3548
[   5.196871] HW.Memory <Error> core\memory.cpp:Memory::MemorySystem::Write:528: unmapped Write8 0x00000000 @ 0x00000B92 at PC 0x010F3548
[   5.196871] HW.Memory <Error> core\memory.cpp:Memory::MemorySystem::Write:528: unmapped Write8 0x00000000 @ 0x00000B93 at PC 0x010F3548
[   5.196871] HW.Memory <Error> core\memory.cpp:Memory::MemorySystem::Write:528: unmapped Write8 0x00000000 @ 0x00000B94 at PC 0x010F3548
[   5.196872] HW.Memory <Error> core\memory.cpp:Memory::MemorySystem::Write:528: unmapped Write8 0x00000000 @ 0x00000B95 at PC 0x010F3548
[   5.196872] HW.Memory <Error> core\memory.cpp:Memory::MemorySystem::Write:528: unmapped Write8 0x00000000 @ 0x00000B96 at PC 0x010F3548
[   5.196873] HW.Memory <Error> core\memory.cpp:Memory::MemorySystem::Write:528: unmapped Write8 0x00000000 @ 0x00000B97 at PC 0x010F3548
[   5.196873] HW.Memory <Error> core\memory.cpp:Memory::MemorySystem::Write:528: unmapped Write8 0x00000000 @ 0x00000B98 at PC 0x010F3548
[   5.196873] HW.Memory <Error> core\memory.cpp:Memory::MemorySystem::Write:528: unmapped Write8 0x00000000 @ 0x00000B99 at PC 0x010F3548
[   5.196874] HW.Memory <Error> core\memory.cpp:Memory::MemorySystem::Write:528: unmapped Write8 0x00000000 @ 0x00000B9A at PC 0x010F3548
[   5.196874] HW.Memory <Error> core\memory.cpp:Memory::MemorySystem::Write:528: unmapped Write8 0x00000000 @ 0x00000B9B at PC 0x010F3548
[   5.196875] HW.Memory <Error> core\memory.cpp:Memory::MemorySystem::Write:528: unmapped Write8 0x00000000 @ 0x00000B9C at PC 0x010F3548
[   5.196875] HW.Memory <Error> core\memory.cpp:Memory::MemorySystem::Write:528: unmapped Write8 0x00000000 @ 0x00000B9D at PC 0x010F3548
[   5.196875] HW.Memory <Error> core\memory.cpp:Memory::MemorySystem::Write:528: unmapped Write8 0x00000000 @ 0x00000B9E at PC 0x010F3548
[   5.196876] HW.Memory <Error> core\memory.cpp:Memory::MemorySystem::Write:528: unmapped Write8 0x00000000 @ 0x00000B9F at PC 0x010F3548
[   5.196876] HW.Memory <Error> core\memory.cpp:Memory::MemorySystem::Write:528: unmapped Write8 0x00000000 @ 0x00000BA0 at PC 0x010F3548
[   5.196877] HW.Memory <Error> core\memory.cpp:Memory::MemorySystem::Write:528: unmapped Write8 0x00000000 @ 0x00000BA1 at PC 0x010F3548
[   5.196877] HW.Memory <Error> core\memory.cpp:Memory::MemorySystem::Write:528: unmapped Write8 0x00000000 @ 0x00000BA2 at PC 0x010F3548
[   5.196878] HW.Memory <Error> core\memory.cpp:Memory::MemorySystem::Write:528: unmapped Write8 0x00000000 @ 0x00000BA3 at PC 0x010F3548
[   5.196878] HW.Memory <Error> core\memory.cpp:Memory::MemorySystem::Write:528: unmapped Write8 0x00000000 @ 0x00000BA4 at PC 0x010F3548
[   5.196878] HW.Memory <Error> core\memory.cpp:Memory::MemorySystem::Write:528: unmapped Write8 0x00000000 @ 0x00000BA5 at PC 0x010F3548
[   5.196879] HW.Memory <Error> core\memory.cpp:Memory::MemorySystem::Write:528: unmapped Write8 0x00000000 @ 0x00000BA6 at PC 0x010F3548
[   5.196879] HW.Memory <Error> core\memory.cpp:Memory::MemorySystem::Write:528: unmapped Write8 0x00000000 @ 0x00000BA7 at PC 0x010F3548
[   5.196880] HW.Memory <Error> core\memory.cpp:Memory::MemorySystem::Write:528: unmapped Write8 0x00000000 @ 0x00000BA8 at PC 0x010F3548
[   5.196880] HW.Memory <Error> core\memory.cpp:Memory::MemorySystem::Write:528: unmapped Write8 0x00000000 @ 0x00000BA9 at PC 0x010F3548
[   5.196881] HW.Memory <Error> core\memory.cpp:Memory::MemorySystem::Write:528: unmapped Write8 0x00000000 @ 0x00000BAA at PC 0x010F3548
[   5.196881] HW.Memory <Error> core\memory.cpp:Memory::MemorySystem::Write:528: unmapped Write8 0x00000000 @ 0x00000BAB at PC 0x010F3548
[   5.196881] HW.Memory <Error> core\memory.cpp:Memory::MemorySystem::Write:528: unmapped Write8 0x00000000 @ 0x00000BAC at PC 0x010F3548
[   5.196882] HW.Memory <Error> core\memory.cpp:Memory::MemorySystem::Write:528: unmapped Write8 0x00000000 @ 0x00000BAD at PC 0x010F3548
[   5.196882] HW.Memory <Error> core\memory.cpp:Memory::MemorySystem::Write:528: unmapped Write8 0x00000000 @ 0x00000BAE at PC 0x010F3548
[   5.196883] HW.Memory <Error> core\memory.cpp:Memory::MemorySystem::Write:528: unmapped Write8 0x00000000 @ 0x00000BAF at PC 0x010F3548
[   5.196883] HW.Memory <Error> core\memory.cpp:Memory::MemorySystem::Write:528: unmapped Write8 0x00000000 @ 0x00000BB0 at PC 0x010F3548
[   5.196883] HW.Memory <Error> core\memory.cpp:Memory::MemorySystem::Write:528: unmapped Write8 0x00000000 @ 0x00000BB1 at PC 0x010F3548
[   5.196884] HW.Memory <Error> core\memory.cpp:Memory::MemorySystem::Write:528: unmapped Write8 0x00000000 @ 0x00000BB2 at PC 0x010F3548
[   5.196884] HW.Memory <Error> core\memory.cpp:Memory::MemorySystem::Write:528: unmapped Write8 0x00000000 @ 0x00000BB3 at PC 0x010F3548
[   5.196885] HW.Memory <Error> core\memory.cpp:Memory::MemorySystem::Write:528: unmapped Write8 0x00000000 @ 0x00000BB4 at PC 0x010F3548
[   5.196885] HW.Memory <Error> core\memory.cpp:Memory::MemorySystem::Write:528: unmapped Write8 0x00000000 @ 0x00000BB5 at PC 0x010F3548
[   5.196886] HW.Memory <Error> core\memory.cpp:Memory::MemorySystem::Write:528: unmapped Write8 0x00000000 @ 0x00000BB6 at PC 0x010F3548
[   5.196886] HW.Memory <Error> core\memory.cpp:Memory::MemorySystem::Write:528: unmapped Write8 0x00000000 @ 0x00000BB7 at PC 0x010F3548
[   5.196886] HW.Memory <Error> core\memory.cpp:Memory::MemorySystem::Write:528: unmapped Write8 0x00000000 @ 0x00000BB8 at PC 0x010F3548
[   5.196887] HW.Memory <Error> core\memory.cpp:Memory::MemorySystem::Write:528: unmapped Write8 0x00000000 @ 0x00000BB9 at PC 0x010F3548
[   5.196887] HW.Memory <Error> core\memory.cpp:Memory::MemorySystem::Write:528: unmapped Write8 0x00000000 @ 0x00000BBA at PC 0x010F3548
[   5.196888] HW.Memory <Error> core\memory.cpp:Memory::MemorySystem::Write:528: unmapped Write8 0x00000000 @ 0x00000BBB at PC 0x010F3548
[   5.196888] HW.Memory <Error> core\memory.cpp:Memory::MemorySystem::Write:528: unmapped Write8 0x00000000 @ 0x00000BBC at PC 0x010F3548
[   5.196889] HW.Memory <Error> core\memory.cpp:Memory::MemorySystem::Write:528: unmapped Write8 0x00000000 @ 0x00000BBD at PC 0x010F3548
[   5.196889] HW.Memory <Error> core\memory.cpp:Memory::MemorySystem::Write:528: unmapped Write8 0x00000000 @ 0x00000BBE at PC 0x010F3548
[   5.196889] HW.Memory <Error> core\memory.cpp:Memory::MemorySystem::Write:528: unmapped Write8 0x00000000 @ 0x00000BBF at PC 0x010F3548
[   5.196890] HW.Memory <Error> core\memory.cpp:Memory::MemorySystem::Write:528: unmapped Write8 0x00000000 @ 0x00000BC0 at PC 0x010F3548
[   5.196890] HW.Memory <Error> core\memory.cpp:Memory::MemorySystem::Write:528: unmapped Write8 0x00000000 @ 0x00000BC1 at PC 0x010F3548
[   5.196891] HW.Memory <Error> core\memory.cpp:Memory::MemorySystem::Write:528: unmapped Write8 0x00000000 @ 0x00000BC2 at PC 0x010F3548
[   5.196891] HW.Memory <Error> core\memory.cpp:Memory::MemorySystem::Write:528: unmapped Write8 0x00000000 @ 0x00000BC3 at PC 0x010F3548
[   5.196891] HW.Memory <Error> core\memory.cpp:Memory::MemorySystem::Write:528: unmapped Write8 0x00000000 @ 0x00000BC4 at PC 0x010F3548
[   5.196892] HW.Memory <Error> core\memory.cpp:Memory::MemorySystem::Write:528: unmapped Write8 0x00000000 @ 0x00000BC5 at PC 0x010F3548
[   5.196892] HW.Memory <Error> core\memory.cpp:Memory::MemorySystem::Write:528: unmapped Write8 0x00000000 @ 0x00000BC6 at PC 0x010F3548
[   5.196893] HW.Memory <Error> core\memory.cpp:Memory::MemorySystem::Write:528: unmapped Write8 0x00000000 @ 0x00000BC7 at PC 0x010F3548
[   5.196893] HW.Memory <Error> core\memory.cpp:Memory::MemorySystem::Write:528: unmapped Write8 0x00000000 @ 0x00000BC8 at PC 0x010F3548
[   5.196894] HW.Memory <Error> core\memory.cpp:Memory::MemorySystem::Write:528: unmapped Write8 0x00000000 @ 0x00000BC9 at PC 0x010F3548
[   5.196894] HW.Memory <Error> core\memory.cpp:Memory::MemorySystem::Write:528: unmapped Write8 0x00000000 @ 0x00000BCA at PC 0x010F3548
[   5.196895] HW.Memory <Error> core\memory.cpp:Memory::MemorySystem::Write:528: unmapped Write8 0x00000000 @ 0x00000BCB at PC 0x010F3548
[   5.196895] HW.Memory <Error> core\memory.cpp:Memory::MemorySystem::Write:528: unmapped Write8 0x00000000 @ 0x00000BCC at PC 0x010F3548
[   5.196896] HW.Memory <Error> core\memory.cpp:Memory::MemorySystem::Write:528: unmapped Write8 0x00000000 @ 0x00000BCD at PC 0x010F3548
[   5.196896] HW.Memory <Error> core\memory.cpp:Memory::MemorySystem::Write:528: unmapped Write8 0x00000000 @ 0x00000BCE at PC 0x010F3548
[   5.196896] HW.Memory <Error> core\memory.cpp:Memory::MemorySystem::Write:528: unmapped Write8 0x00000000 @ 0x00000BCF at PC 0x010F3548
[   5.196897] HW.Memory <Error> core\memory.cpp:Memory::MemorySystem::Write:528: unmapped Write8 0x00000000 @ 0x00000BD0 at PC 0x010F3548
[   5.196897] HW.Memory <Error> core\memory.cpp:Memory::MemorySystem::Write:528: unmapped Write8 0x00000000 @ 0x00000BD1 at PC 0x010F3548
[   5.196898] HW.Memory <Error> core\memory.cpp:Memory::MemorySystem::Write:528: unmapped Write8 0x00000000 @ 0x00000BD2 at PC 0x010F3548
[   5.196898] HW.Memory <Error> core\memory.cpp:Memory::MemorySystem::Write:528: unmapped Write8 0x00000000 @ 0x00000BD3 at PC 0x010F3548
[   5.196898] HW.Memory <Error> core\memory.cpp:Memory::MemorySystem::Write:528: unmapped Write8 0x00000000 @ 0x00000BD4 at PC 0x010F3548
[   5.196899] HW.Memory <Error> core\memory.cpp:Memory::MemorySystem::Write:528: unmapped Write8 0x00000000 @ 0x00000BD5 at PC 0x010F3548
[   5.196899] HW.Memory <Error> core\memory.cpp:Memory::MemorySystem::Write:528: unmapped Write8 0x00000000 @ 0x00000BD6 at PC 0x010F3548
[   5.196900] HW.Memory <Error> core\memory.cpp:Memory::MemorySystem::Write:528: unmapped Write8 0x00000000 @ 0x00000BD7 at PC 0x010F3548
[   5.196900] HW.Memory <Error> core\memory.cpp:Memory::MemorySystem::Write:528: unmapped Write8 0x00000000 @ 0x00000BD8 at PC 0x010F3548
[   5.196901] HW.Memory <Error> core\memory.cpp:Memory::MemorySystem::Write:528: unmapped Write8 0x00000000 @ 0x00000BD9 at PC 0x010F3548
[   5.196901] HW.Memory <Error> core\memory.cpp:Memory::MemorySystem::Write:528: unmapped Write8 0x00000000 @ 0x00000BDA at PC 0x010F3548
[   5.196901] HW.Memory <Error> core\memory.cpp:Memory::MemorySystem::Write:528: unmapped Write8 0x00000000 @ 0x00000BDB at PC 0x010F3548
[   5.196902] HW.Memory <Error> core\memory.cpp:Memory::MemorySystem::Write:528: unmapped Write8 0x00000000 @ 0x00000BDC at PC 0x010F3548
[   5.196902] HW.Memory <Error> core\memory.cpp:Memory::MemorySystem::Write:528: unmapped Write8 0x00000000 @ 0x00000BDD at PC 0x010F3548
[   5.196903] HW.Memory <Error> core\memory.cpp:Memory::MemorySystem::Write:528: unmapped Write8 0x00000000 @ 0x00000BDE at PC 0x010F3548
[   5.196903] HW.Memory <Error> core\memory.cpp:Memory::MemorySystem::Write:528: unmapped Write8 0x00000000 @ 0x00000BDF at PC 0x010F3548
[   5.196903] HW.Memory <Error> core\memory.cpp:Memory::MemorySystem::Write:528: unmapped Write8 0x00000000 @ 0x00000BE0 at PC 0x010F3548
[   5.196904] HW.Memory <Error> core\memory.cpp:Memory::MemorySystem::Write:528: unmapped Write8 0x00000000 @ 0x00000BE1 at PC 0x010F3548
[   5.196904] HW.Memory <Error> core\memory.cpp:Memory::MemorySystem::Write:528: unmapped Write8 0x00000000 @ 0x00000BE2 at PC 0x010F3548
[   5.196905] HW.Memory <Error> core\memory.cpp:Memory::MemorySystem::Write:528: unmapped Write8 0x00000000 @ 0x00000BE3 at PC 0x010F3548
[   5.196905] HW.Memory <Error> core\memory.cpp:Memory::MemorySystem::Write:528: unmapped Write8 0x00000000 @ 0x00000BE4 at PC 0x010F3548
[   5.196906] HW.Memory <Error> core\memory.cpp:Memory::MemorySystem::Write:528: unmapped Write8 0x00000000 @ 0x00000BE5 at PC 0x010F3548
[   5.196906] HW.Memory <Error> core\memory.cpp:Memory::MemorySystem::Write:528: unmapped Write8 0x00000000 @ 0x00000BE6 at PC 0x010F3548
[   5.196906] HW.Memory <Error> core\memory.cpp:Memory::MemorySystem::Write:528: unmapped Write8 0x00000000 @ 0x00000BE7 at PC 0x010F3548
[   5.196907] HW.Memory <Error> core\memory.cpp:Memory::MemorySystem::Write:528: unmapped Write8 0x00000000 @ 0x00000BE8 at PC 0x010F3548
[   5.196907] HW.Memory <Error> core\memory.cpp:Memory::MemorySystem::Write:528: unmapped Write8 0x00000000 @ 0x00000BE9 at PC 0x010F3548
[   5.196908] HW.Memory <Error> core\memory.cpp:Memory::MemorySystem::Write:528: unmapped Write8 0x00000000 @ 0x00000BEA at PC 0x010F3548
[   5.196908] HW.Memory <Error> core\memory.cpp:Memory::MemorySystem::Write:528: unmapped Write8 0x00000000 @ 0x00000BEB at PC 0x010F3548
[   5.196908] HW.Memory <Error> core\memory.cpp:Memory::MemorySystem::Write:528: unmapped Write8 0x00000000 @ 0x00000BEC at PC 0x010F3548
[   5.196909] HW.Memory <Error> core\memory.cpp:Memory::MemorySystem::Write:528: unmapped Write8 0x00000000 @ 0x00000BED at PC 0x010F3548
[   5.196909] HW.Memory <Error> core\memory.cpp:Memory::MemorySystem::Write:528: unmapped Write8 0x00000000 @ 0x00000BEE at PC 0x010F3548
[   5.196910] HW.Memory <Error> core\memory.cpp:Memory::MemorySystem::Write:528: unmapped Write8 0x00000000 @ 0x00000BEF at PC 0x010F3548
[   5.196910] HW.Memory <Error> core\memory.cpp:Memory::MemorySystem::Write:528: unmapped Write8 0x00000000 @ 0x00000BF0 at PC 0x010F3548
[   5.196911] HW.Memory <Error> core\memory.cpp:Memory::MemorySystem::Write:528: unmapped Write8 0x00000000 @ 0x00000BF1 at PC 0x010F3548
[   5.196911] HW.Memory <Error> core\memory.cpp:Memory::MemorySystem::Write:528: unmapped Write8 0x00000000 @ 0x00000BF2 at PC 0x010F3548
[   5.196911] HW.Memory <Error> core\memory.cpp:Memory::MemorySystem::Write:528: unmapped Write8 0x00000000 @ 0x00000BF3 at PC 0x010F3548
[   5.196912] HW.Memory <Error> core\memory.cpp:Memory::MemorySystem::Write:528: unmapped Write8 0x00000000 @ 0x00000BF4 at PC 0x010F3548
[   5.196912] HW.Memory <Error> core\memory.cpp:Memory::MemorySystem::Write:528: unmapped Write8 0x00000000 @ 0x00000BF5 at PC 0x010F3548
[   5.196913] HW.Memory <Error> core\memory.cpp:Memory::MemorySystem::Write:528: unmapped Write8 0x00000000 @ 0x00000BF6 at PC 0x010F3548
[   5.196913] HW.Memory <Error> core\memory.cpp:Memory::MemorySystem::Write:528: unmapped Write8 0x00000000 @ 0x00000BF7 at PC 0x010F3548
[   5.196913] HW.Memory <Error> core\memory.cpp:Memory::MemorySystem::Write:528: unmapped Write8 0x00000000 @ 0x00000BF8 at PC 0x010F3548
[   5.196914] HW.Memory <Error> core\memory.cpp:Memory::MemorySystem::Write:528: unmapped Write8 0x00000000 @ 0x00000BF9 at PC 0x010F3548
[   5.196914] HW.Memory <Error> core\memory.cpp:Memory::MemorySystem::Write:528: unmapped Write8 0x00000000 @ 0x00000BFA at PC 0x010F3548
[   5.196915] HW.Memory <Error> core\memory.cpp:Memory::MemorySystem::Write:528: unmapped Write8 0x00000000 @ 0x00000BFB at PC 0x010F3548
[   5.196915] HW.Memory <Error> core\memory.cpp:Memory::MemorySystem::Write:528: unmapped Write8 0x00000000 @ 0x00000BFC at PC 0x010F3548
[   5.196916] HW.Memory <Error> core\memory.cpp:Memory::MemorySystem::Write:528: unmapped Write8 0x00000000 @ 0x00000BFD at PC 0x010F3548
[   5.196916] HW.Memory <Error> core\memory.cpp:Memory::MemorySystem::Write:528: unmapped Write8 0x00000000 @ 0x00000BFE at PC 0x010F3548
[   5.196916] HW.Memory <Error> core\memory.cpp:Memory::MemorySystem::Write:528: unmapped Write8 0x00000000 @ 0x00000BFF at PC 0x010F3548
[   5.196917] HW.Memory <Error> core\memory.cpp:Memory::MemorySystem::Write:528: unmapped Write8 0x00000000 @ 0x00000C00 at PC 0x010F3548
[   5.196917] HW.Memory <Error> core\memory.cpp:Memory::MemorySystem::Write:528: unmapped Write8 0x00000000 @ 0x00000C01 at PC 0x010F3548
[   5.196918] HW.Memory <Error> core\memory.cpp:Memory::MemorySystem::Write:528: unmapped Write8 0x00000000 @ 0x00000C02 at PC 0x010F3548
[   5.196918] HW.Memory <Error> core\memory.cpp:Memory::MemorySystem::Write:528: unmapped Write8 0x00000000 @ 0x00000C03 at PC 0x010F3548
[   5.196918] HW.Memory <Error> core\memory.cpp:Memory::MemorySystem::Write:528: unmapped Write8 0x00000000 @ 0x00000C04 at PC 0x010F3548
[   5.196919] HW.Memory <Error> core\memory.cpp:Memory::MemorySystem::Write:528: unmapped Write8 0x00000000 @ 0x00000C05 at PC 0x010F3548
[   5.196919] HW.Memory <Error> core\memory.cpp:Memory::MemorySystem::Write:528: unmapped Write8 0x00000000 @ 0x00000C06 at PC 0x010F3548
[   5.196920] HW.Memory <Error> core\memory.cpp:Memory::MemorySystem::Write:528: unmapped Write8 0x00000000 @ 0x00000C07 at PC 0x010F3548
[   5.196920] HW.Memory <Error> core\memory.cpp:Memory::MemorySystem::Write:528: unmapped Write8 0x00000000 @ 0x00000C08 at PC 0x010F3548
[   5.196921] HW.Memory <Error> core\memory.cpp:Memory::MemorySystem::Write:528: unmapped Write8 0x00000000 @ 0x00000C09 at PC 0x010F3548
[   5.196921] HW.Memory <Error> core\memory.cpp:Memory::MemorySystem::Write:528: unmapped Write8 0x00000000 @ 0x00000C0A at PC 0x010F3548
[   5.196921] HW.Memory <Error> core\memory.cpp:Memory::MemorySystem::Write:528: unmapped Write8 0x00000000 @ 0x00000C0B at PC 0x010F3548
[   5.196922] HW.Memory <Error> core\memory.cpp:Memory::MemorySystem::Write:528: unmapped Write8 0x00000000 @ 0x00000C0C at PC 0x010F3548
[   5.196922] HW.Memory <Error> core\memory.cpp:Memory::MemorySystem::Write:528: unmapped Write8 0x00000000 @ 0x00000C0D at PC 0x010F3548
[   5.196923] HW.Memory <Error> core\memory.cpp:Memory::MemorySystem::Write:528: unmapped Write8 0x00000000 @ 0x00000C0E at PC 0x010F3548
[   5.196923] HW.Memory <Error> core\memory.cpp:Memory::MemorySystem::Write:528: unmapped Write8 0x00000000 @ 0x00000C0F at PC 0x010F3548
[   5.196923] HW.Memory <Error> core\memory.cpp:Memory::MemorySystem::Write:528: unmapped Write8 0x00000000 @ 0x00000C10 at PC 0x010F3548
[   5.196924] HW.Memory <Error> core\memory.cpp:Memory::MemorySystem::Write:528: unmapped Write8 0x00000000 @ 0x00000C11 at PC 0x010F3548
[   5.196924] HW.Memory <Error> core\memory.cpp:Memory::MemorySystem::Write:528: unmapped Write8 0x00000000 @ 0x00000C12 at PC 0x010F3548
[   5.196925] HW.Memory <Error> core\memory.cpp:Memory::MemorySystem::Write:528: unmapped Write8 0x00000000 @ 0x00000C13 at PC 0x010F3548
[   5.196925] HW.Memory <Error> core\memory.cpp:Memory::MemorySystem::Write:528: unmapped Write8 0x00000000 @ 0x00000C14 at PC 0x010F3548
[   5.196925] HW.Memory <Error> core\memory.cpp:Memory::MemorySystem::Write:528: unmapped Write8 0x00000000 @ 0x00000C15 at PC 0x010F3548
[   5.196926] HW.Memory <Error> core\memory.cpp:Memory::MemorySystem::Write:528: unmapped Write8 0x00000000 @ 0x00000C16 at PC 0x010F3548
[   5.196926] HW.Memory <Error> core\memory.cpp:Memory::MemorySystem::Write:528: unmapped Write8 0x00000000 @ 0x00000C17 at PC 0x010F3548
[   5.196927] HW.Memory <Error> core\memory.cpp:Memory::MemorySystem::Write:528: unmapped Write8 0x00000000 @ 0x00000C18 at PC 0x010F3548
[   5.196927] HW.Memory <Error> core\memory.cpp:Memory::MemorySystem::Write:528: unmapped Write8 0x00000000 @ 0x00000C19 at PC 0x010F3548
[   5.196928] HW.Memory <Error> core\memory.cpp:Memory::MemorySystem::Write:528: unmapped Write8 0x00000000 @ 0x00000C1A at PC 0x010F3548
[   5.196928] HW.Memory <Error> core\memory.cpp:Memory::MemorySystem::Write:528: unmapped Write8 0x00000000 @ 0x00000C1B at PC 0x010F3548
[   5.196928] HW.Memory <Error> core\memory.cpp:Memory::MemorySystem::Write:528: unmapped Write8 0x00000000 @ 0x00000C1C at PC 0x010F3548
[   5.196929] HW.Memory <Error> core\memory.cpp:Memory::MemorySystem::Write:528: unmapped Write8 0x00000000 @ 0x00000C1D at PC 0x010F3548
[   5.196929] HW.Memory <Error> core\memory.cpp:Memory::MemorySystem::Write:528: unmapped Write8 0x00000000 @ 0x00000C1E at PC 0x010F3548
[   5.196930] HW.Memory <Error> core\memory.cpp:Memory::MemorySystem::Write:528: unmapped Write8 0x00000000 @ 0x00000C1F at PC 0x010F3548
[   5.196930] HW.Memory <Error> core\memory.cpp:Memory::MemorySystem::Write:528: unmapped Write8 0x00000000 @ 0x00000C20 at PC 0x010F3548
[   5.196930] HW.Memory <Error> core\memory.cpp:Memory::MemorySystem::Write:528: unmapped Write8 0x00000000 @ 0x00000C21 at PC 0x010F3548
[   5.196931] HW.Memory <Error> core\memory.cpp:Memory::MemorySystem::Write:528: unmapped Write8 0x00000000 @ 0x00000C22 at PC 0x010F3548
[   5.196931] HW.Memory <Error> core\memory.cpp:Memory::MemorySystem::Write:528: unmapped Write8 0x00000000 @ 0x00000C23 at PC 0x010F3548
[   5.196932] HW.Memory <Error> core\memory.cpp:Memory::MemorySystem::Write:528: unmapped Write8 0x00000000 @ 0x00000C24 at PC 0x010F3548
[   5.196932] HW.Memory <Error> core\memory.cpp:Memory::MemorySystem::Write:528: unmapped Write8 0x00000000 @ 0x00000C25 at PC 0x010F3548
[   5.196932] HW.Memory <Error> core\memory.cpp:Memory::MemorySystem::Write:528: unmapped Write8 0x00000000 @ 0x00000C26 at PC 0x010F3548
[   5.196933] HW.Memory <Error> core\memory.cpp:Memory::MemorySystem::Write:528: unmapped Write8 0x00000000 @ 0x00000C27 at PC 0x010F3548
[   5.196934] HW.Memory <Error> core\memory.cpp:Memory::MemorySystem::Read:479: unmapped Read8 @ 0x00000C28 at PC 0x010F348C
[   5.196935] HW.Memory <Error> core\memory.cpp:Memory::MemorySystem::Read:479: unmapped Read8 @ 0x00000828 at PC 0x010F348C
[   5.196936] HW.Memory <Error> core\memory.cpp:Memory::MemorySystem::Write:528: unmapped Write16 0x00000000 @ 0x00000024 at PC 0x010F34D0
[   5.196942] HW.Memory <Error> core\memory.cpp:Memory::MemorySystem::Impl::ReadBlockImpl:178: unmapped ReadBlock @ 0x00000024 (start address = 0x00000024, size = 2) at PC 0x010F0A78
[   5.196947] Service.FS <Error> core\file_sys\archive_sdmc.cpp:FileSys::SDMCArchive::OpenFileBase:64: Invalid path [Wchar: ]
[   5.288966] RPC_Server <Info> core\rpc\server.cpp:Core::RPC::Server::NewRequestCallback:36: Received end packet
[   5.289501] Audio.DSP <Info> audio_core\hle\aac_decoder.cpp:AudioCore::HLE::AACDecoder::~AACDecoder:35: Destroyed FAAD2 AAC decoder.
[   5.290338] Audio.Sink <Info> audio_core\cubeb_sink.cpp:AudioCore::CubebSink::Impl::StateCallback:138: Cubeb Audio Stream Stopped
[   5.303934] Kernel <Info> core\hle\kernel\process.cpp:Kernel::Process::~Process:634: Cleaning up process 11
[   5.303934] Kernel <Info> core\hle\kernel\process.cpp:Kernel::Process::~Process:634: Cleaning up process 11
