[   0.000379] Config <Info> citra\config.cpp:Config::LoadINI:46: Successfully loaded C:\Users\weyst\AppData\Roaming/Citra/config/sdl2-config.ini
[   0.334154] Input <Info> input_common\udp\client.cpp:InputCommon::CemuhookUDP::Client::StartCommunication:206: Starting communication with UDP input server on 127.0.0.1:26760
[   1.200879] Frontend <Info> citra\citra.cpp:main:404: Citra Version: Nightly 2104 | HEAD-0ff3440
[   1.200888] Config <Info> common\settings.cpp:Settings::LogSettings:83: Citra Configuration:
[   1.200891] Config <Info> common\settings.cpp:Settings::LogSettings::<lambda_1>::operator ():80: Core_UseCpuJit: true
[   1.200891] Config <Info> common\settings.cpp:Settings::LogSettings::<lambda_1>::operator ():80: Core_CPUClockPercentage: 100
[   1.200892] Config <Info> common\settings.cpp:Settings::LogSettings::<lambda_1>::operator ():80: Renderer_UseGLES: false
[   1.200893] Config <Info> common\settings.cpp:Settings::LogSettings::<lambda_1>::operator ():80: Renderer_GraphicsAPI: OpenGL
[   1.200894] Config <Info> common\settings.cpp:Settings::LogSettings::<lambda_1>::operator ():80: Renderer_AsyncShaders: false
[   1.200894] Config <Info> common\settings.cpp:Settings::LogSettings::<lambda_1>::operator ():80: Renderer_AsyncPresentation: true
[   1.200895] Config <Info> common\settings.cpp:Settings::LogSettings::<lambda_1>::operator ():80: Renderer_SpirvShaderGen: true
[   1.200895] Config <Info> common\settings.cpp:Settings::LogSettings::<lambda_1>::operator ():80: Renderer_Debug: false
[   1.200897] Config <Info> common\settings.cpp:Settings::LogSettings::<lambda_1>::operator ():80: Renderer_UseHwShader: true
[   1.200898] Config <Info> common\settings.cpp:Settings::LogSettings::<lambda_1>::operator ():80: Renderer_ShadersAccurateMul: true
[   1.200898] Config <Info> common\settings.cpp:Settings::LogSettings::<lambda_1>::operator ():80: Renderer_UseShaderJit: true
[   1.200900] Config <Info> common\settings.cpp:Settings::LogSettings::<lambda_1>::operator ():80: Renderer_UseResolutionFactor: 1
[   1.200901] Config <Info> common\settings.cpp:Settings::LogSettings::<lambda_1>::operator ():80: Renderer_FrameLimit: 100
[   1.200902] Config <Info> common\settings.cpp:Settings::LogSettings::<lambda_1>::operator ():80: Renderer_VSyncNew: true
[   1.200903] Config <Info> common\settings.cpp:Settings::LogSettings::<lambda_1>::operator ():80: Renderer_PostProcessingShader: none (builtin)
[   1.200904] Config <Info> common\settings.cpp:Settings::LogSettings::<lambda_1>::operator ():80: Renderer_FilterMode: true
[   1.200904] Config <Info> common\settings.cpp:Settings::LogSettings::<lambda_1>::operator ():80: Renderer_TextureFilter: None
[   1.200905] Config <Info> common\settings.cpp:Settings::LogSettings::<lambda_1>::operator ():80: Renderer_TextureSampling: GameControlled
[   1.200907] Config <Info> common\settings.cpp:Settings::LogSettings::<lambda_1>::operator ():80: Stereoscopy_Render3d: 0
[   1.200908] Config <Info> common\settings.cpp:Settings::LogSettings::<lambda_1>::operator ():80: Stereoscopy_Factor3d: 0
[   1.200909] Config <Info> common\settings.cpp:Settings::LogSettings::<lambda_1>::operator ():80: Stereoscopy_MonoRenderOption: 0
[   1.200909] Config <Info> common\settings.cpp:Settings::LogSettings::<lambda_1>::operator ():80: Layout_LayoutOption: 0
[   1.200909] Config <Info> common\settings.cpp:Settings::LogSettings::<lambda_1>::operator ():80: Layout_SwapScreen: false
[   1.200910] Config <Info> common\settings.cpp:Settings::LogSettings::<lambda_1>::operator ():80: Layout_UprightScreen: false
[   1.200921] Config <Info> common\settings.cpp:Settings::LogSettings::<lambda_1>::operator ():80: Layout_LargeScreenProportion: 4
[   1.200921] Config <Info> common\settings.cpp:Settings::LogSettings::<lambda_1>::operator ():80: Utility_DumpTextures: false
[   1.200922] Config <Info> common\settings.cpp:Settings::LogSettings::<lambda_1>::operator ():80: Utility_CustomTextures: false
[   1.200923] Config <Info> common\settings.cpp:Settings::LogSettings::<lambda_1>::operator ():80: Utility_PreloadTextures: false
[   1.200924] Config <Info> common\settings.cpp:Settings::LogSettings::<lambda_1>::operator ():80: Utility_AsyncCustomLoading: true
[   1.200924] Config <Info> common\settings.cpp:Settings::LogSettings::<lambda_1>::operator ():80: Utility_UseDiskShaderCache: true
[   1.200925] Config <Info> common\settings.cpp:Settings::LogSettings::<lambda_1>::operator ():80: Audio_Emulation: HLE
[   1.200926] Config <Info> common\settings.cpp:Settings::LogSettings::<lambda_1>::operator ():80: Audio_OutputType: 0
[   1.200926] Config <Info> common\settings.cpp:Settings::LogSettings::<lambda_1>::operator ():80: Audio_OutputDevice: auto
[   1.200927] Config <Info> common\settings.cpp:Settings::LogSettings::<lambda_1>::operator ():80: Audio_InputType: 0
[   1.200927] Config <Info> common\settings.cpp:Settings::LogSettings::<lambda_1>::operator ():80: Audio_InputDevice: auto
[   1.200928] Config <Info> common\settings.cpp:Settings::LogSettings::<lambda_1>::operator ():80: Audio_EnableAudioStretching: true
[   1.200928] Config <Info> common\settings.cpp:Settings::LogSettings::<lambda_1>::operator ():80: Camera_OuterRightName: blank
[   1.200929] Config <Info> common\settings.cpp:Settings::LogSettings::<lambda_1>::operator ():80: Camera_OuterRightConfig: 
[   1.200931] Config <Info> common\settings.cpp:Settings::LogSettings::<lambda_1>::operator ():80: Camera_OuterRightFlip: 0
[   1.200931] Config <Info> common\settings.cpp:Settings::LogSettings::<lambda_1>::operator ():80: Camera_InnerName: blank
[   1.200932] Config <Info> common\settings.cpp:Settings::LogSettings::<lambda_1>::operator ():80: Camera_InnerConfig: 
[   1.200932] Config <Info> common\settings.cpp:Settings::LogSettings::<lambda_1>::operator ():80: Camera_InnerFlip: 0
[   1.200933] Config <Info> common\settings.cpp:Settings::LogSettings::<lambda_1>::operator ():80: Camera_OuterLeftName: blank
[   1.200933] Config <Info> common\settings.cpp:Settings::LogSettings::<lambda_1>::operator ():80: Camera_OuterLeftConfig: 
[   1.200933] Config <Info> common\settings.cpp:Settings::LogSettings::<lambda_1>::operator ():80: Camera_OuterLeftFlip: 0
[   1.200934] Config <Info> common\settings.cpp:Settings::LogSettings::<lambda_1>::operator ():80: DataStorage_UseVirtualSd: true
[   1.200935] Config <Info> common\settings.cpp:Settings::LogSettings::<lambda_1>::operator ():80: DataStorage_UseCustomStorage: false
[   1.200935] Config <Info> common\settings.cpp:Settings::LogSettings::<lambda_1>::operator ():80: System_IsNew3ds: true
[   1.200936] Config <Info> common\settings.cpp:Settings::LogSettings::<lambda_1>::operator ():80: System_LLEApplets: false
[   1.200936] Config <Info> common\settings.cpp:Settings::LogSettings::<lambda_1>::operator ():80: System_RegionValue: -1
[   1.200937] Config <Info> common\settings.cpp:Settings::LogSettings::<lambda_1>::operator ():80: System_PluginLoader: false
[   1.200937] Config <Info> common\settings.cpp:Settings::LogSettings::<lambda_1>::operator ():80: System_PluginLoaderAllowed: true
[   1.200938] Config <Info> common\settings.cpp:Settings::LogSettings::<lambda_1>::operator ():80: Debugging_DelayStartForLLEModules: true
[   1.200938] Config <Info> common\settings.cpp:Settings::LogSettings::<lambda_1>::operator ():80: Debugging_UseGdbstub: false
[   1.200939] Config <Info> common\settings.cpp:Settings::LogSettings::<lambda_1>::operator ():80: Debugging_GdbstubPort: 24689
[   1.263641] Audio.DSP <Info> audio_core\hle\aac_decoder.cpp:AudioCore::HLE::AACDecoder::AACDecoder:27: Created FAAD2 AAC decoder.
[   1.307929] Audio.Sink <Info> audio_core\cubeb_sink.cpp:AudioCore::CubebSink::Impl::StateCallback:135: Cubeb Audio Stream Started
[   1.307949] RPC_Server <Info> core\rpc\rpc_server.cpp:Core::RPC::RPCServer::RPCServer:14: Starting RPC server.
[   1.308134] RPC_Server <Info> core\rpc\rpc_server.cpp:Core::RPC::RPCServer::HandleRequestsLoop:104: Request handler started.
[   1.309768] Service.HTTP <Error> core\hle\service\http\http_c.cpp:Service::HTTP::HTTP_C::DecryptClCertA:1974: ClCertA file missing
[   1.309840] Render.OpenGL <Info> video_core\renderer_opengl\gl_driver.cpp:OpenGL::Driver::ReportDriverInfo:135: GL_VERSION: 4.3.0 NVIDIA 591.74
[   1.309841] Render.OpenGL <Info> video_core\renderer_opengl\gl_driver.cpp:OpenGL::Driver::ReportDriverInfo:136: GL_VENDOR: NVIDIA Corporation
[   1.309842] Render.OpenGL <Info> video_core\renderer_opengl\gl_driver.cpp:OpenGL::Driver::ReportDriverInfo:137: GL_RENDERER: NVIDIA GeForce RTX 4050 Laptop GPU/PCIe/SSE2
[   1.414192] Loader <Info> core\loader\ncch.cpp:Loader::AppLoader_NCCH::Load:268: Program ID: 0004000000F0A100
[   1.414270] Service.FS <Warning> core\file_sys\ncch_container.cpp:FileSys::NCCHContainer::OpenFile:126: Failed to open C:\Users\weyst\AppData\Roaming/Citra/sdmc/Nintendo 3DS/00000000000000000000000000000000/00000000000000000000000000000000/title/0004000e/00f0a100/content/00000000.app
[   1.472832] Loader <Info> core\hle\kernel\process.cpp:Kernel::Process::ParseKernelCaps:196: ExHeader kernel version: 2.33
[   1.481577] Render.OpenGL <Info> video_core\renderer_opengl\gl_shader_disk_cache.cpp:OpenGL::ShaderDiskCache::LoadTransferable:175: Found a transferable disk cache with 0 entries
[   1.481589] Render.OpenGL <Info> video_core\renderer_opengl\gl_shader_disk_cache.cpp:OpenGL::ShaderDiskCache::LoadPrecompiled:186: No precompiled shader cache found for game with title id=0004000000F0A100
[   4.445655] Service.SRV <Warning> core\hle\service\sm\srv.cpp:Service::SM::SRV::RegisterClient:63: (STUBBED) called. Caller PID=11
[   4.470877] Service.APT <Warning> core\hle\service\apt\apt.cpp:Service::APT::Module::APTInterface::NotifyToWait:343: (STUBBED) app_id=768
[   4.471667] Service <Error> core\hle\service\service.cpp:Service::ServiceFrameworkBase::ReportUnimplementedFunction:168: unknown / unimplemented function 'ConfigureNew3DSCPU': port='ptm:sysm' cmd_buf={[0]=0x8180040 (0x0818, 1, 0), [1]=0x0}
[   4.471849] Service.APT <Warning> core\hle\service\apt\apt.cpp:Service::APT::Module::APTInterface::AppletUtility:694: (STUBBED) called command=0X00000007, input_size=0X00000004, output_size=0X00000001
[   4.471976] Service.APT <Warning> core\hle\service\apt\apt.cpp:Service::APT::Module::APTInterface::AppletUtility:694: (STUBBED) called command=0X00000004, input_size=0X00000001, output_size=0X00000001
[   4.691845] Service.FS <Error> core/file_sys/archive_backend.h:FileSys::ArchiveBackend::GetOpenDelayNs:194: Delay generator was not initalized. Using default
[   4.707393] HW.Memory <Error> core\memory.cpp:Memory::MemorySystem::Write:528: unmapped Write8 0x0000002F @ 0x00000828 at PC 0x010F3548
[   4.707400] HW.Memory <Error> core\memory.cpp:Memory::MemorySystem::Write:528: unmapped Write8 0x0000006F @ 0x00000829 at PC 0x010F3548
[   4.707401] HW.Memory <Error> core\memory.cpp:Memory::MemorySystem::Write:528: unmapped Write8 0x00000070 @ 0x0000082A at PC 0x010F3548
[   4.707401] HW.Memory <Error> core\memory.cpp:Memory::MemorySystem::Write:528: unmapped Write8 0x00000065 @ 0x0000082B at PC 0x010F3548
[   4.707402] HW.Memory <Error> core\memory.cpp:Memory::MemorySystem::Write:528: unmapped Write8 0x0000006E @ 0x0000082C at PC 0x010F3548
[   4.707403] HW.Memory <Error> core\memory.cpp:Memory::MemorySystem::Write:528: unmapped Write8 0x00000073 @ 0x0000082D at PC 0x010F3548
[   4.707403] HW.Memory <Error> core\memory.cpp:Memory::MemorySystem::Write:528: unmapped Write8 0x00000062 @ 0x0000082E at PC 0x010F3548
[   4.707403] HW.Memory <Error> core\memory.cpp:Memory::MemorySystem::Write:528: unmapped Write8 0x0000005F @ 0x0000082F at PC 0x010F3548
[   4.707404] HW.Memory <Error> core\memory.cpp:Memory::MemorySystem::Write:528: unmapped Write8 0x0000006D @ 0x00000830 at PC 0x010F3548
[   4.707404] HW.Memory <Error> core\memory.cpp:Memory::MemorySystem::Write:528: unmapped Write8 0x00000061 @ 0x00000831 at PC 0x010F3548
[   4.707405] HW.Memory <Error> core\memory.cpp:Memory::MemorySystem::Write:528: unmapped Write8 0x00000069 @ 0x00000832 at PC 0x010F3548
[   4.707405] HW.Memory <Error> core\memory.cpp:Memory::MemorySystem::Write:528: unmapped Write8 0x0000006E @ 0x00000833 at PC 0x010F3548
[   4.707406] HW.Memory <Error> core\memory.cpp:Memory::MemorySystem::Write:528: unmapped Write8 0x0000002E @ 0x00000834 at PC 0x010F3548
[   4.707406] HW.Memory <Error> core\memory.cpp:Memory::MemorySystem::Write:528: unmapped Write8 0x0000006C @ 0x00000835 at PC 0x010F3548
[   4.707407] HW.Memory <Error> core\memory.cpp:Memory::MemorySystem::Write:528: unmapped Write8 0x0000006F @ 0x00000836 at PC 0x010F3548
[   4.707407] HW.Memory <Error> core\memory.cpp:Memory::MemorySystem::Write:528: unmapped Write8 0x00000067 @ 0x00000837 at PC 0x010F3548
[   4.707407] HW.Memory <Error> core\memory.cpp:Memory::MemorySystem::Write:528: unmapped Write8 0x00000000 @ 0x00000838 at PC 0x010F3548
[   4.707408] HW.Memory <Error> core\memory.cpp:Memory::MemorySystem::Write:528: unmapped Write8 0x00000000 @ 0x00000839 at PC 0x010F3548
[   4.707409] HW.Memory <Error> core\memory.cpp:Memory::MemorySystem::Write:528: unmapped Write8 0x00000000 @ 0x0000083A at PC 0x010F3548
[   4.707410] HW.Memory <Error> core\memory.cpp:Memory::MemorySystem::Write:528: unmapped Write8 0x00000000 @ 0x0000083B at PC 0x010F3548
[   4.707410] HW.Memory <Error> core\memory.cpp:Memory::MemorySystem::Write:528: unmapped Write8 0x00000000 @ 0x0000083C at PC 0x010F3548
[   4.707411] HW.Memory <Error> core\memory.cpp:Memory::MemorySystem::Write:528: unmapped Write8 0x00000000 @ 0x0000083D at PC 0x010F3548
[   4.707412] HW.Memory <Error> core\memory.cpp:Memory::MemorySystem::Write:528: unmapped Write8 0x00000000 @ 0x0000083E at PC 0x010F3548
[   4.707412] HW.Memory <Error> core\memory.cpp:Memory::MemorySystem::Write:528: unmapped Write8 0x00000000 @ 0x0000083F at PC 0x010F3548
[   4.707413] HW.Memory <Error> core\memory.cpp:Memory::MemorySystem::Write:528: unmapped Write8 0x00000000 @ 0x00000840 at PC 0x010F3548
[   4.707413] HW.Memory <Error> core\memory.cpp:Memory::MemorySystem::Write:528: unmapped Write8 0x00000000 @ 0x00000841 at PC 0x010F3548
[   4.707414] HW.Memory <Error> core\memory.cpp:Memory::MemorySystem::Write:528: unmapped Write8 0x00000000 @ 0x00000842 at PC 0x010F3548
[   4.707414] HW.Memory <Error> core\memory.cpp:Memory::MemorySystem::Write:528: unmapped Write8 0x00000000 @ 0x00000843 at PC 0x010F3548
[   4.707414] HW.Memory <Error> core\memory.cpp:Memory::MemorySystem::Write:528: unmapped Write8 0x00000000 @ 0x00000844 at PC 0x010F3548
[   4.707415] HW.Memory <Error> core\memory.cpp:Memory::MemorySystem::Write:528: unmapped Write8 0x00000000 @ 0x00000845 at PC 0x010F3548
[   4.707415] HW.Memory <Error> core\memory.cpp:Memory::MemorySystem::Write:528: unmapped Write8 0x00000000 @ 0x00000846 at PC 0x010F3548
[   4.707416] HW.Memory <Error> core\memory.cpp:Memory::MemorySystem::Write:528: unmapped Write8 0x00000000 @ 0x00000847 at PC 0x010F3548
[   4.707416] HW.Memory <Error> core\memory.cpp:Memory::MemorySystem::Write:528: unmapped Write8 0x00000000 @ 0x00000848 at PC 0x010F3548
[   4.707416] HW.Memory <Error> core\memory.cpp:Memory::MemorySystem::Write:528: unmapped Write8 0x00000000 @ 0x00000849 at PC 0x010F3548
[   4.707417] HW.Memory <Error> core\memory.cpp:Memory::MemorySystem::Write:528: unmapped Write8 0x00000000 @ 0x0000084A at PC 0x010F3548
[   4.707417] HW.Memory <Error> core\memory.cpp:Memory::MemorySystem::Write:528: unmapped Write8 0x00000000 @ 0x0000084B at PC 0x010F3548
[   4.707418] HW.Memory <Error> core\memory.cpp:Memory::MemorySystem::Write:528: unmapped Write8 0x00000000 @ 0x0000084C at PC 0x010F3548
[   4.707418] HW.Memory <Error> core\memory.cpp:Memory::MemorySystem::Write:528: unmapped Write8 0x00000000 @ 0x0000084D at PC 0x010F3548
[   4.707418] HW.Memory <Error> core\memory.cpp:Memory::MemorySystem::Write:528: unmapped Write8 0x00000000 @ 0x0000084E at PC 0x010F3548
[   4.707419] HW.Memory <Error> core\memory.cpp:Memory::MemorySystem::Write:528: unmapped Write8 0x00000000 @ 0x0000084F at PC 0x010F3548
[   4.707419] HW.Memory <Error> core\memory.cpp:Memory::MemorySystem::Write:528: unmapped Write8 0x00000000 @ 0x00000850 at PC 0x010F3548
[   4.707420] HW.Memory <Error> core\memory.cpp:Memory::MemorySystem::Write:528: unmapped Write8 0x00000000 @ 0x00000851 at PC 0x010F3548
[   4.707420] HW.Memory <Error> core\memory.cpp:Memory::MemorySystem::Write:528: unmapped Write8 0x00000000 @ 0x00000852 at PC 0x010F3548
[   4.707420] HW.Memory <Error> core\memory.cpp:Memory::MemorySystem::Write:528: unmapped Write8 0x00000000 @ 0x00000853 at PC 0x010F3548
[   4.707421] HW.Memory <Error> core\memory.cpp:Memory::MemorySystem::Write:528: unmapped Write8 0x00000000 @ 0x00000854 at PC 0x010F3548
[   4.707421] HW.Memory <Error> core\memory.cpp:Memory::MemorySystem::Write:528: unmapped Write8 0x00000000 @ 0x00000855 at PC 0x010F3548
[   4.707422] HW.Memory <Error> core\memory.cpp:Memory::MemorySystem::Write:528: unmapped Write8 0x00000000 @ 0x00000856 at PC 0x010F3548
[   4.707422] HW.Memory <Error> core\memory.cpp:Memory::MemorySystem::Write:528: unmapped Write8 0x00000000 @ 0x00000857 at PC 0x010F3548
[   4.707422] HW.Memory <Error> core\memory.cpp:Memory::MemorySystem::Write:528: unmapped Write8 0x00000000 @ 0x00000858 at PC 0x010F3548
[   4.707423] HW.Memory <Error> core\memory.cpp:Memory::MemorySystem::Write:528: unmapped Write8 0x00000000 @ 0x00000859 at PC 0x010F3548
[   4.707423] HW.Memory <Error> core\memory.cpp:Memory::MemorySystem::Write:528: unmapped Write8 0x00000000 @ 0x0000085A at PC 0x010F3548
[   4.707424] HW.Memory <Error> core\memory.cpp:Memory::MemorySystem::Write:528: unmapped Write8 0x00000000 @ 0x0000085B at PC 0x010F3548
[   4.707424] HW.Memory <Error> core\memory.cpp:Memory::MemorySystem::Write:528: unmapped Write8 0x00000000 @ 0x0000085C at PC 0x010F3548
[   4.707424] HW.Memory <Error> core\memory.cpp:Memory::MemorySystem::Write:528: unmapped Write8 0x00000000 @ 0x0000085D at PC 0x010F3548
[   4.707425] HW.Memory <Error> core\memory.cpp:Memory::MemorySystem::Write:528: unmapped Write8 0x00000000 @ 0x0000085E at PC 0x010F3548
[   4.707425] HW.Memory <Error> core\memory.cpp:Memory::MemorySystem::Write:528: unmapped Write8 0x00000000 @ 0x0000085F at PC 0x010F3548
[   4.707426] HW.Memory <Error> core\memory.cpp:Memory::MemorySystem::Write:528: unmapped Write8 0x00000000 @ 0x00000860 at PC 0x010F3548
[   4.707426] HW.Memory <Error> core\memory.cpp:Memory::MemorySystem::Write:528: unmapped Write8 0x00000000 @ 0x00000861 at PC 0x010F3548
[   4.707427] HW.Memory <Error> core\memory.cpp:Memory::MemorySystem::Write:528: unmapped Write8 0x00000000 @ 0x00000862 at PC 0x010F3548
[   4.707428] HW.Memory <Error> core\memory.cpp:Memory::MemorySystem::Write:528: unmapped Write8 0x00000000 @ 0x00000863 at PC 0x010F3548
[   4.707428] HW.Memory <Error> core\memory.cpp:Memory::MemorySystem::Write:528: unmapped Write8 0x00000000 @ 0x00000864 at PC 0x010F3548
[   4.707429] HW.Memory <Error> core\memory.cpp:Memory::MemorySystem::Write:528: unmapped Write8 0x00000000 @ 0x00000865 at PC 0x010F3548
[   4.707430] HW.Memory <Error> core\memory.cpp:Memory::MemorySystem::Write:528: unmapped Write8 0x00000000 @ 0x00000866 at PC 0x010F3548
[   4.707430] HW.Memory <Error> core\memory.cpp:Memory::MemorySystem::Write:528: unmapped Write8 0x00000000 @ 0x00000867 at PC 0x010F3548
[   4.707431] HW.Memory <Error> core\memory.cpp:Memory::MemorySystem::Write:528: unmapped Write8 0x00000000 @ 0x00000868 at PC 0x010F3548
[   4.707431] HW.Memory <Error> core\memory.cpp:Memory::MemorySystem::Write:528: unmapped Write8 0x00000000 @ 0x00000869 at PC 0x010F3548
[   4.707432] HW.Memory <Error> core\memory.cpp:Memory::MemorySystem::Write:528: unmapped Write8 0x00000000 @ 0x0000086A at PC 0x010F3548
[   4.707432] HW.Memory <Error> core\memory.cpp:Memory::MemorySystem::Write:528: unmapped Write8 0x00000000 @ 0x0000086B at PC 0x010F3548
[   4.707433] HW.Memory <Error> core\memory.cpp:Memory::MemorySystem::Write:528: unmapped Write8 0x00000000 @ 0x0000086C at PC 0x010F3548
[   4.707433] HW.Memory <Error> core\memory.cpp:Memory::MemorySystem::Write:528: unmapped Write8 0x00000000 @ 0x0000086D at PC 0x010F3548
[   4.707434] HW.Memory <Error> core\memory.cpp:Memory::MemorySystem::Write:528: unmapped Write8 0x00000000 @ 0x0000086E at PC 0x010F3548
[   4.707434] HW.Memory <Error> core\memory.cpp:Memory::MemorySystem::Write:528: unmapped Write8 0x00000000 @ 0x0000086F at PC 0x010F3548
[   4.707435] HW.Memory <Error> core\memory.cpp:Memory::MemorySystem::Write:528: unmapped Write8 0x00000000 @ 0x00000870 at PC 0x010F3548
[   4.707435] HW.Memory <Error> core\memory.cpp:Memory::MemorySystem::Write:528: unmapped Write8 0x00000000 @ 0x00000871 at PC 0x010F3548
[   4.707436] HW.Memory <Error> core\memory.cpp:Memory::MemorySystem::Write:528: unmapped Write8 0x00000000 @ 0x00000872 at PC 0x010F3548
[   4.707436] HW.Memory <Error> core\memory.cpp:Memory::MemorySystem::Write:528: unmapped Write8 0x00000000 @ 0x00000873 at PC 0x010F3548
[   4.707437] HW.Memory <Error> core\memory.cpp:Memory::MemorySystem::Write:528: unmapped Write8 0x00000000 @ 0x00000874 at PC 0x010F3548
[   4.707437] HW.Memory <Error> core\memory.cpp:Memory::MemorySystem::Write:528: unmapped Write8 0x00000000 @ 0x00000875 at PC 0x010F3548
[   4.707438] HW.Memory <Error> core\memory.cpp:Memory::MemorySystem::Write:528: unmapped Write8 0x00000000 @ 0x00000876 at PC 0x010F3548
[   4.707438] HW.Memory <Error> core\memory.cpp:Memory::MemorySystem::Write:528: unmapped Write8 0x00000000 @ 0x00000877 at PC 0x010F3548
[   4.707439] HW.Memory <Error> core\memory.cpp:Memory::MemorySystem::Write:528: unmapped Write8 0x00000000 @ 0x00000878 at PC 0x010F3548
[   4.707439] HW.Memory <Error> core\memory.cpp:Memory::MemorySystem::Write:528: unmapped Write8 0x00000000 @ 0x00000879 at PC 0x010F3548
[   4.707439] HW.Memory <Error> core\memory.cpp:Memory::MemorySystem::Write:528: unmapped Write8 0x00000000 @ 0x0000087A at PC 0x010F3548
[   4.707440] HW.Memory <Error> core\memory.cpp:Memory::MemorySystem::Write:528: unmapped Write8 0x00000000 @ 0x0000087B at PC 0x010F3548
[   4.707440] HW.Memory <Error> core\memory.cpp:Memory::MemorySystem::Write:528: unmapped Write8 0x00000000 @ 0x0000087C at PC 0x010F3548
[   4.707441] HW.Memory <Error> core\memory.cpp:Memory::MemorySystem::Write:528: unmapped Write8 0x00000000 @ 0x0000087D at PC 0x010F3548
[   4.707441] HW.Memory <Error> core\memory.cpp:Memory::MemorySystem::Write:528: unmapped Write8 0x00000000 @ 0x0000087E at PC 0x010F3548
[   4.707441] HW.Memory <Error> core\memory.cpp:Memory::MemorySystem::Write:528: unmapped Write8 0x00000000 @ 0x0000087F at PC 0x010F3548
[   4.707442] HW.Memory <Error> core\memory.cpp:Memory::MemorySystem::Write:528: unmapped Write8 0x00000000 @ 0x00000880 at PC 0x010F3548
[   4.707442] HW.Memory <Error> core\memory.cpp:Memory::MemorySystem::Write:528: unmapped Write8 0x00000000 @ 0x00000881 at PC 0x010F3548
[   4.707443] HW.Memory <Error> core\memory.cpp:Memory::MemorySystem::Write:528: unmapped Write8 0x00000000 @ 0x00000882 at PC 0x010F3548
[   4.707443] HW.Memory <Error> core\memory.cpp:Memory::MemorySystem::Write:528: unmapped Write8 0x00000000 @ 0x00000883 at PC 0x010F3548
[   4.707444] HW.Memory <Error> core\memory.cpp:Memory::MemorySystem::Write:528: unmapped Write8 0x00000000 @ 0x00000884 at PC 0x010F3548
[   4.707444] HW.Memory <Error> core\memory.cpp:Memory::MemorySystem::Write:528: unmapped Write8 0x00000000 @ 0x00000885 at PC 0x010F3548
[   4.707444] HW.Memory <Error> core\memory.cpp:Memory::MemorySystem::Write:528: unmapped Write8 0x00000000 @ 0x00000886 at PC 0x010F3548
[   4.707445] HW.Memory <Error> core\memory.cpp:Memory::MemorySystem::Write:528: unmapped Write8 0x00000000 @ 0x00000887 at PC 0x010F3548
[   4.707445] HW.Memory <Error> core\memory.cpp:Memory::MemorySystem::Write:528: unmapped Write8 0x00000000 @ 0x00000888 at PC 0x010F3548
[   4.707446] HW.Memory <Error> core\memory.cpp:Memory::MemorySystem::Write:528: unmapped Write8 0x00000000 @ 0x00000889 at PC 0x010F3548
[   4.707446] HW.Memory <Error> core\memory.cpp:Memory::MemorySystem::Write:528: unmapped Write8 0x00000000 @ 0x0000088A at PC 0x010F3548
[   4.707447] HW.Memory <Error> core\memory.cpp:Memory::MemorySystem::Write:528: unmapped Write8 0x00000000 @ 0x0000088B at PC 0x010F3548
[   4.707447] HW.Memory <Error> core\memory.cpp:Memory::MemorySystem::Write:528: unmapped Write8 0x00000000 @ 0x0000088C at PC 0x010F3548
[   4.707448] HW.Memory <Error> core\memory.cpp:Memory::MemorySystem::Write:528: unmapped Write8 0x00000000 @ 0x0000088D at PC 0x010F3548
[   4.707448] HW.Memory <Error> core\memory.cpp:Memory::MemorySystem::Write:528: unmapped Write8 0x00000000 @ 0x0000088E at PC 0x010F3548
[   4.707449] HW.Memory <Error> core\memory.cpp:Memory::MemorySystem::Write:528: unmapped Write8 0x00000000 @ 0x0000088F at PC 0x010F3548
[   4.707450] HW.Memory <Error> core\memory.cpp:Memory::MemorySystem::Write:528: unmapped Write8 0x00000000 @ 0x00000890 at PC 0x010F3548
[   4.707450] HW.Memory <Error> core\memory.cpp:Memory::MemorySystem::Write:528: unmapped Write8 0x00000000 @ 0x00000891 at PC 0x010F3548
[   4.707451] HW.Memory <Error> core\memory.cpp:Memory::MemorySystem::Write:528: unmapped Write8 0x00000000 @ 0x00000892 at PC 0x010F3548
[   4.707451] HW.Memory <Error> core\memory.cpp:Memory::MemorySystem::Write:528: unmapped Write8 0x00000000 @ 0x00000893 at PC 0x010F3548
[   4.707452] HW.Memory <Error> core\memory.cpp:Memory::MemorySystem::Write:528: unmapped Write8 0x00000000 @ 0x00000894 at PC 0x010F3548
[   4.707453] HW.Memory <Error> core\memory.cpp:Memory::MemorySystem::Write:528: unmapped Write8 0x00000000 @ 0x00000895 at PC 0x010F3548
[   4.707454] HW.Memory <Error> core\memory.cpp:Memory::MemorySystem::Write:528: unmapped Write8 0x00000000 @ 0x00000896 at PC 0x010F3548
[   4.707454] HW.Memory <Error> core\memory.cpp:Memory::MemorySystem::Write:528: unmapped Write8 0x00000000 @ 0x00000897 at PC 0x010F3548
[   4.707455] HW.Memory <Error> core\memory.cpp:Memory::MemorySystem::Write:528: unmapped Write8 0x00000000 @ 0x00000898 at PC 0x010F3548
[   4.707456] HW.Memory <Error> core\memory.cpp:Memory::MemorySystem::Write:528: unmapped Write8 0x00000000 @ 0x00000899 at PC 0x010F3548
[   4.707456] HW.Memory <Error> core\memory.cpp:Memory::MemorySystem::Write:528: unmapped Write8 0x00000000 @ 0x0000089A at PC 0x010F3548
[   4.707457] HW.Memory <Error> core\memory.cpp:Memory::MemorySystem::Write:528: unmapped Write8 0x00000000 @ 0x0000089B at PC 0x010F3548
[   4.707457] HW.Memory <Error> core\memory.cpp:Memory::MemorySystem::Write:528: unmapped Write8 0x00000000 @ 0x0000089C at PC 0x010F3548
[   4.707458] HW.Memory <Error> core\memory.cpp:Memory::MemorySystem::Write:528: unmapped Write8 0x00000000 @ 0x0000089D at PC 0x010F3548
[   4.707459] HW.Memory <Error> core\memory.cpp:Memory::MemorySystem::Write:528: unmapped Write8 0x00000000 @ 0x0000089E at PC 0x010F3548
[   4.707460] HW.Memory <Error> core\memory.cpp:Memory::MemorySystem::Write:528: unmapped Write8 0x00000000 @ 0x0000089F at PC 0x010F3548
[   4.707460] HW.Memory <Error> core\memory.cpp:Memory::MemorySystem::Write:528: unmapped Write8 0x00000000 @ 0x000008A0 at PC 0x010F3548
[   4.707461] HW.Memory <Error> core\memory.cpp:Memory::MemorySystem::Write:528: unmapped Write8 0x00000000 @ 0x000008A1 at PC 0x010F3548
[   4.707462] HW.Memory <Error> core\memory.cpp:Memory::MemorySystem::Write:528: unmapped Write8 0x00000000 @ 0x000008A2 at PC 0x010F3548
[   4.707462] HW.Memory <Error> core\memory.cpp:Memory::MemorySystem::Write:528: unmapped Write8 0x00000000 @ 0x000008A3 at PC 0x010F3548
[   4.707463] HW.Memory <Error> core\memory.cpp:Memory::MemorySystem::Write:528: unmapped Write8 0x00000000 @ 0x000008A4 at PC 0x010F3548
[   4.707464] HW.Memory <Error> core\memory.cpp:Memory::MemorySystem::Write:528: unmapped Write8 0x00000000 @ 0x000008A5 at PC 0x010F3548
[   4.707465] HW.Memory <Error> core\memory.cpp:Memory::MemorySystem::Write:528: unmapped Write8 0x00000000 @ 0x000008A6 at PC 0x010F3548
[   4.707465] HW.Memory <Error> core\memory.cpp:Memory::MemorySystem::Write:528: unmapped Write8 0x00000000 @ 0x000008A7 at PC 0x010F3548
[   4.707466] HW.Memory <Error> core\memory.cpp:Memory::MemorySystem::Write:528: unmapped Write8 0x00000000 @ 0x000008A8 at PC 0x010F3548
[   4.707467] HW.Memory <Error> core\memory.cpp:Memory::MemorySystem::Write:528: unmapped Write8 0x00000000 @ 0x000008A9 at PC 0x010F3548
[   4.707467] HW.Memory <Error> core\memory.cpp:Memory::MemorySystem::Write:528: unmapped Write8 0x00000000 @ 0x000008AA at PC 0x010F3548
[   4.707468] HW.Memory <Error> core\memory.cpp:Memory::MemorySystem::Write:528: unmapped Write8 0x00000000 @ 0x000008AB at PC 0x010F3548
[   4.707468] HW.Memory <Error> core\memory.cpp:Memory::MemorySystem::Write:528: unmapped Write8 0x00000000 @ 0x000008AC at PC 0x010F3548
[   4.707469] HW.Memory <Error> core\memory.cpp:Memory::MemorySystem::Write:528: unmapped Write8 0x00000000 @ 0x000008AD at PC 0x010F3548
[   4.707469] HW.Memory <Error> core\memory.cpp:Memory::MemorySystem::Write:528: unmapped Write8 0x00000000 @ 0x000008AE at PC 0x010F3548
[   4.707470] HW.Memory <Error> core\memory.cpp:Memory::MemorySystem::Write:528: unmapped Write8 0x00000000 @ 0x000008AF at PC 0x010F3548
[   4.707470] HW.Memory <Error> core\memory.cpp:Memory::MemorySystem::Write:528: unmapped Write8 0x00000000 @ 0x000008B0 at PC 0x010F3548
[   4.707471] HW.Memory <Error> core\memory.cpp:Memory::MemorySystem::Write:528: unmapped Write8 0x00000000 @ 0x000008B1 at PC 0x010F3548
[   4.707471] HW.Memory <Error> core\memory.cpp:Memory::MemorySystem::Write:528: unmapped Write8 0x00000000 @ 0x000008B2 at PC 0x010F3548
[   4.707472] HW.Memory <Error> core\memory.cpp:Memory::MemorySystem::Write:528: unmapped Write8 0x00000000 @ 0x000008B3 at PC 0x010F3548
[   4.707472] HW.Memory <Error> core\memory.cpp:Memory::MemorySystem::Write:528: unmapped Write8 0x00000000 @ 0x000008B4 at PC 0x010F3548
[   4.707473] HW.Memory <Error> core\memory.cpp:Memory::MemorySystem::Write:528: unmapped Write8 0x00000000 @ 0x000008B5 at PC 0x010F3548
[   4.707473] HW.Memory <Error> core\memory.cpp:Memory::MemorySystem::Write:528: unmapped Write8 0x00000000 @ 0x000008B6 at PC 0x010F3548
[   4.707474] HW.Memory <Error> core\memory.cpp:Memory::MemorySystem::Write:528: unmapped Write8 0x00000000 @ 0x000008B7 at PC 0x010F3548
[   4.707474] HW.Memory <Error> core\memory.cpp:Memory::MemorySystem::Write:528: unmapped Write8 0x00000000 @ 0x000008B8 at PC 0x010F3548
[   4.707474] HW.Memory <Error> core\memory.cpp:Memory::MemorySystem::Write:528: unmapped Write8 0x00000000 @ 0x000008B9 at PC 0x010F3548
[   4.707475] HW.Memory <Error> core\memory.cpp:Memory::MemorySystem::Write:528: unmapped Write8 0x00000000 @ 0x000008BA at PC 0x010F3548
[   4.707475] HW.Memory <Error> core\memory.cpp:Memory::MemorySystem::Write:528: unmapped Write8 0x00000000 @ 0x000008BB at PC 0x010F3548
[   4.707476] HW.Memory <Error> core\memory.cpp:Memory::MemorySystem::Write:528: unmapped Write8 0x00000000 @ 0x000008BC at PC 0x010F3548
[   4.707476] HW.Memory <Error> core\memory.cpp:Memory::MemorySystem::Write:528: unmapped Write8 0x00000000 @ 0x000008BD at PC 0x010F3548
[   4.707477] HW.Memory <Error> core\memory.cpp:Memory::MemorySystem::Write:528: unmapped Write8 0x00000000 @ 0x000008BE at PC 0x010F3548
[   4.707477] HW.Memory <Error> core\memory.cpp:Memory::MemorySystem::Write:528: unmapped Write8 0x00000000 @ 0x000008BF at PC 0x010F3548
[   4.707477] HW.Memory <Error> core\memory.cpp:Memory::MemorySystem::Write:528: unmapped Write8 0x00000000 @ 0x000008C0 at PC 0x010F3548
[   4.707478] HW.Memory <Error> core\memory.cpp:Memory::MemorySystem::Write:528: unmapped Write8 0x00000000 @ 0x000008C1 at PC 0x010F3548
[   4.707478] HW.Memory <Error> core\memory.cpp:Memory::MemorySystem::Write:528: unmapped Write8 0x00000000 @ 0x000008C2 at PC 0x010F3548
[   4.707479] HW.Memory <Error> core\memory.cpp:Memory::MemorySystem::Write:528: unmapped Write8 0x00000000 @ 0x000008C3 at PC 0x010F3548
[   4.707479] HW.Memory <Error> core\memory.cpp:Memory::MemorySystem::Write:528: unmapped Write8 0x00000000 @ 0x000008C4 at PC 0x010F3548
[   4.707480] HW.Memory <Error> core\memory.cpp:Memory::MemorySystem::Write:528: unmapped Write8 0x00000000 @ 0x000008C5 at PC 0x010F3548
[   4.707480] HW.Memory <Error> core\memory.cpp:Memory::MemorySystem::Write:528: unmapped Write8 0x00000000 @ 0x000008C6 at PC 0x010F3548
[   4.707480] HW.Memory <Error> core\memory.cpp:Memory::MemorySystem::Write:528: unmapped Write8 0x00000000 @ 0x000008C7 at PC 0x010F3548
[   4.707481] HW.Memory <Error> core\memory.cpp:Memory::MemorySystem::Write:528: unmapped Write8 0x00000000 @ 0x000008C8 at PC 0x010F3548
[   4.707482] HW.Memory <Error> core\memory.cpp:Memory::MemorySystem::Write:528: unmapped Write8 0x00000000 @ 0x000008C9 at PC 0x010F3548
[   4.707482] HW.Memory <Error> core\memory.cpp:Memory::MemorySystem::Write:528: unmapped Write8 0x00000000 @ 0x000008CA at PC 0x010F3548
[   4.707482] HW.Memory <Error> core\memory.cpp:Memory::MemorySystem::Write:528: unmapped Write8 0x00000000 @ 0x000008CB at PC 0x010F3548
[   4.707483] HW.Memory <Error> core\memory.cpp:Memory::MemorySystem::Write:528: unmapped Write8 0x00000000 @ 0x000008CC at PC 0x010F3548
[   4.707483] HW.Memory <Error> core\memory.cpp:Memory::MemorySystem::Write:528: unmapped Write8 0x00000000 @ 0x000008CD at PC 0x010F3548
[   4.707484] HW.Memory <Error> core\memory.cpp:Memory::MemorySystem::Write:528: unmapped Write8 0x00000000 @ 0x000008CE at PC 0x010F3548
[   4.707484] HW.Memory <Error> core\memory.cpp:Memory::MemorySystem::Write:528: unmapped Write8 0x00000000 @ 0x000008CF at PC 0x010F3548
[   4.707484] HW.Memory <Error> core\memory.cpp:Memory::MemorySystem::Write:528: unmapped Write8 0x00000000 @ 0x000008D0 at PC 0x010F3548
[   4.707485] HW.Memory <Error> core\memory.cpp:Memory::MemorySystem::Write:528: unmapped Write8 0x00000000 @ 0x000008D1 at PC 0x010F3548
[   4.707485] HW.Memory <Error> core\memory.cpp:Memory::MemorySystem::Write:528: unmapped Write8 0x00000000 @ 0x000008D2 at PC 0x010F3548
[   4.707485] HW.Memory <Error> core\memory.cpp:Memory::MemorySystem::Write:528: unmapped Write8 0x00000000 @ 0x000008D3 at PC 0x010F3548
[   4.707486] HW.Memory <Error> core\memory.cpp:Memory::MemorySystem::Write:528: unmapped Write8 0x00000000 @ 0x000008D4 at PC 0x010F3548
[   4.707486] HW.Memory <Error> core\memory.cpp:Memory::MemorySystem::Write:528: unmapped Write8 0x00000000 @ 0x000008D5 at PC 0x010F3548
[   4.707487] HW.Memory <Error> core\memory.cpp:Memory::MemorySystem::Write:528: unmapped Write8 0x00000000 @ 0x000008D6 at PC 0x010F3548
[   4.707487] HW.Memory <Error> core\memory.cpp:Memory::MemorySystem::Write:528: unmapped Write8 0x00000000 @ 0x000008D7 at PC 0x010F3548
[   4.707487] HW.Memory <Error> core\memory.cpp:Memory::MemorySystem::Write:528: unmapped Write8 0x00000000 @ 0x000008D8 at PC 0x010F3548
[   4.707488] HW.Memory <Error> core\memory.cpp:Memory::MemorySystem::Write:528: unmapped Write8 0x00000000 @ 0x000008D9 at PC 0x010F3548
[   4.707488] HW.Memory <Error> core\memory.cpp:Memory::MemorySystem::Write:528: unmapped Write8 0x00000000 @ 0x000008DA at PC 0x010F3548
[   4.707488] HW.Memory <Error> core\memory.cpp:Memory::MemorySystem::Write:528: unmapped Write8 0x00000000 @ 0x000008DB at PC 0x010F3548
[   4.707489] HW.Memory <Error> core\memory.cpp:Memory::MemorySystem::Write:528: unmapped Write8 0x00000000 @ 0x000008DC at PC 0x010F3548
[   4.707489] HW.Memory <Error> core\memory.cpp:Memory::MemorySystem::Write:528: unmapped Write8 0x00000000 @ 0x000008DD at PC 0x010F3548
[   4.707490] HW.Memory <Error> core\memory.cpp:Memory::MemorySystem::Write:528: unmapped Write8 0x00000000 @ 0x000008DE at PC 0x010F3548
[   4.707490] HW.Memory <Error> core\memory.cpp:Memory::MemorySystem::Write:528: unmapped Write8 0x00000000 @ 0x000008DF at PC 0x010F3548
[   4.707491] HW.Memory <Error> core\memory.cpp:Memory::MemorySystem::Write:528: unmapped Write8 0x00000000 @ 0x000008E0 at PC 0x010F3548
[   4.707492] HW.Memory <Error> core\memory.cpp:Memory::MemorySystem::Write:528: unmapped Write8 0x00000000 @ 0x000008E1 at PC 0x010F3548
[   4.707492] HW.Memory <Error> core\memory.cpp:Memory::MemorySystem::Write:528: unmapped Write8 0x00000000 @ 0x000008E2 at PC 0x010F3548
[   4.707493] HW.Memory <Error> core\memory.cpp:Memory::MemorySystem::Write:528: unmapped Write8 0x00000000 @ 0x000008E3 at PC 0x010F3548
[   4.707493] HW.Memory <Error> core\memory.cpp:Memory::MemorySystem::Write:528: unmapped Write8 0x00000000 @ 0x000008E4 at PC 0x010F3548
[   4.707494] HW.Memory <Error> core\memory.cpp:Memory::MemorySystem::Write:528: unmapped Write8 0x00000000 @ 0x000008E5 at PC 0x010F3548
[   4.707494] HW.Memory <Error> core\memory.cpp:Memory::MemorySystem::Write:528: unmapped Write8 0x00000000 @ 0x000008E6 at PC 0x010F3548
[   4.707495] HW.Memory <Error> core\memory.cpp:Memory::MemorySystem::Write:528: unmapped Write8 0x00000000 @ 0x000008E7 at PC 0x010F3548
[   4.707495] HW.Memory <Error> core\memory.cpp:Memory::MemorySystem::Write:528: unmapped Write8 0x00000000 @ 0x000008E8 at PC 0x010F3548
[   4.707496] HW.Memory <Error> core\memory.cpp:Memory::MemorySystem::Write:528: unmapped Write8 0x00000000 @ 0x000008E9 at PC 0x010F3548
[   4.707496] HW.Memory <Error> core\memory.cpp:Memory::MemorySystem::Write:528: unmapped Write8 0x00000000 @ 0x000008EA at PC 0x010F3548
[   4.707497] HW.Memory <Error> core\memory.cpp:Memory::MemorySystem::Write:528: unmapped Write8 0x00000000 @ 0x000008EB at PC 0x010F3548
[   4.707497] HW.Memory <Error> core\memory.cpp:Memory::MemorySystem::Write:528: unmapped Write8 0x00000000 @ 0x000008EC at PC 0x010F3548
[   4.707498] HW.Memory <Error> core\memory.cpp:Memory::MemorySystem::Write:528: unmapped Write8 0x00000000 @ 0x000008ED at PC 0x010F3548
[   4.707498] HW.Memory <Error> core\memory.cpp:Memory::MemorySystem::Write:528: unmapped Write8 0x00000000 @ 0x000008EE at PC 0x010F3548
[   4.707499] HW.Memory <Error> core\memory.cpp:Memory::MemorySystem::Write:528: unmapped Write8 0x00000000 @ 0x000008EF at PC 0x010F3548
[   4.707500] HW.Memory <Error> core\memory.cpp:Memory::MemorySystem::Write:528: unmapped Write8 0x00000000 @ 0x000008F0 at PC 0x010F3548
[   4.707500] HW.Memory <Error> core\memory.cpp:Memory::MemorySystem::Write:528: unmapped Write8 0x00000000 @ 0x000008F1 at PC 0x010F3548
[   4.707501] HW.Memory <Error> core\memory.cpp:Memory::MemorySystem::Write:528: unmapped Write8 0x00000000 @ 0x000008F2 at PC 0x010F3548
[   4.707501] HW.Memory <Error> core\memory.cpp:Memory::MemorySystem::Write:528: unmapped Write8 0x00000000 @ 0x000008F3 at PC 0x010F3548
[   4.707501] HW.Memory <Error> core\memory.cpp:Memory::MemorySystem::Write:528: unmapped Write8 0x00000000 @ 0x000008F4 at PC 0x010F3548
[   4.707502] HW.Memory <Error> core\memory.cpp:Memory::MemorySystem::Write:528: unmapped Write8 0x00000000 @ 0x000008F5 at PC 0x010F3548
[   4.707503] HW.Memory <Error> core\memory.cpp:Memory::MemorySystem::Write:528: unmapped Write8 0x00000000 @ 0x000008F6 at PC 0x010F3548
[   4.707503] HW.Memory <Error> core\memory.cpp:Memory::MemorySystem::Write:528: unmapped Write8 0x00000000 @ 0x000008F7 at PC 0x010F3548
[   4.707504] HW.Memory <Error> core\memory.cpp:Memory::MemorySystem::Write:528: unmapped Write8 0x00000000 @ 0x000008F8 at PC 0x010F3548
[   4.707504] HW.Memory <Error> core\memory.cpp:Memory::MemorySystem::Write:528: unmapped Write8 0x00000000 @ 0x000008F9 at PC 0x010F3548
[   4.707505] HW.Memory <Error> core\memory.cpp:Memory::MemorySystem::Write:528: unmapped Write8 0x00000000 @ 0x000008FA at PC 0x010F3548
[   4.707505] HW.Memory <Error> core\memory.cpp:Memory::MemorySystem::Write:528: unmapped Write8 0x00000000 @ 0x000008FB at PC 0x010F3548
[   4.707506] HW.Memory <Error> core\memory.cpp:Memory::MemorySystem::Write:528: unmapped Write8 0x00000000 @ 0x000008FC at PC 0x010F3548
[   4.707506] HW.Memory <Error> core\memory.cpp:Memory::MemorySystem::Write:528: unmapped Write8 0x00000000 @ 0x000008FD at PC 0x010F3548
[   4.707507] HW.Memory <Error> core\memory.cpp:Memory::MemorySystem::Write:528: unmapped Write8 0x00000000 @ 0x000008FE at PC 0x010F3548
[   4.707507] HW.Memory <Error> core\memory.cpp:Memory::MemorySystem::Write:528: unmapped Write8 0x00000000 @ 0x000008FF at PC 0x010F3548
[   4.707508] HW.Memory <Error> core\memory.cpp:Memory::MemorySystem::Write:528: unmapped Write8 0x00000000 @ 0x00000900 at PC 0x010F3548
[   4.707508] HW.Memory <Error> core\memory.cpp:Memory::MemorySystem::Write:528: unmapped Write8 0x00000000 @ 0x00000901 at PC 0x010F3548
[   4.707508] HW.Memory <Error> core\memory.cpp:Memory::MemorySystem::Write:528: unmapped Write8 0x00000000 @ 0x00000902 at PC 0x010F3548
[   4.707509] HW.Memory <Error> core\memory.cpp:Memory::MemorySystem::Write:528: unmapped Write8 0x00000000 @ 0x00000903 at PC 0x010F3548
[   4.707509] HW.Memory <Error> core\memory.cpp:Memory::MemorySystem::Write:528: unmapped Write8 0x00000000 @ 0x00000904 at PC 0x010F3548
[   4.707510] HW.Memory <Error> core\memory.cpp:Memory::MemorySystem::Write:528: unmapped Write8 0x00000000 @ 0x00000905 at PC 0x010F3548
[   4.707510] HW.Memory <Error> core\memory.cpp:Memory::MemorySystem::Write:528: unmapped Write8 0x00000000 @ 0x00000906 at PC 0x010F3548
[   4.707511] HW.Memory <Error> core\memory.cpp:Memory::MemorySystem::Write:528: unmapped Write8 0x00000000 @ 0x00000907 at PC 0x010F3548
[   4.707511] HW.Memory <Error> core\memory.cpp:Memory::MemorySystem::Write:528: unmapped Write8 0x00000000 @ 0x00000908 at PC 0x010F3548
[   4.707511] HW.Memory <Error> core\memory.cpp:Memory::MemorySystem::Write:528: unmapped Write8 0x00000000 @ 0x00000909 at PC 0x010F3548
[   4.707512] HW.Memory <Error> core\memory.cpp:Memory::MemorySystem::Write:528: unmapped Write8 0x00000000 @ 0x0000090A at PC 0x010F3548
[   4.707512] HW.Memory <Error> core\memory.cpp:Memory::MemorySystem::Write:528: unmapped Write8 0x00000000 @ 0x0000090B at PC 0x010F3548
[   4.707513] HW.Memory <Error> core\memory.cpp:Memory::MemorySystem::Write:528: unmapped Write8 0x00000000 @ 0x0000090C at PC 0x010F3548
[   4.707513] HW.Memory <Error> core\memory.cpp:Memory::MemorySystem::Write:528: unmapped Write8 0x00000000 @ 0x0000090D at PC 0x010F3548
[   4.707514] HW.Memory <Error> core\memory.cpp:Memory::MemorySystem::Write:528: unmapped Write8 0x00000000 @ 0x0000090E at PC 0x010F3548
[   4.707514] HW.Memory <Error> core\memory.cpp:Memory::MemorySystem::Write:528: unmapped Write8 0x00000000 @ 0x0000090F at PC 0x010F3548
[   4.707514] HW.Memory <Error> core\memory.cpp:Memory::MemorySystem::Write:528: unmapped Write8 0x00000000 @ 0x00000910 at PC 0x010F3548
[   4.707515] HW.Memory <Error> core\memory.cpp:Memory::MemorySystem::Write:528: unmapped Write8 0x00000000 @ 0x00000911 at PC 0x010F3548
[   4.707515] HW.Memory <Error> core\memory.cpp:Memory::MemorySystem::Write:528: unmapped Write8 0x00000000 @ 0x00000912 at PC 0x010F3548
[   4.707516] HW.Memory <Error> core\memory.cpp:Memory::MemorySystem::Write:528: unmapped Write8 0x00000000 @ 0x00000913 at PC 0x010F3548
[   4.707516] HW.Memory <Error> core\memory.cpp:Memory::MemorySystem::Write:528: unmapped Write8 0x00000000 @ 0x00000914 at PC 0x010F3548
[   4.707517] HW.Memory <Error> core\memory.cpp:Memory::MemorySystem::Write:528: unmapped Write8 0x00000000 @ 0x00000915 at PC 0x010F3548
[   4.707517] HW.Memory <Error> core\memory.cpp:Memory::MemorySystem::Write:528: unmapped Write8 0x00000000 @ 0x00000916 at PC 0x010F3548
[   4.707518] HW.Memory <Error> core\memory.cpp:Memory::MemorySystem::Write:528: unmapped Write8 0x00000000 @ 0x00000917 at PC 0x010F3548
[   4.707518] HW.Memory <Error> core\memory.cpp:Memory::MemorySystem::Write:528: unmapped Write8 0x00000000 @ 0x00000918 at PC 0x010F3548
[   4.707519] HW.Memory <Error> core\memory.cpp:Memory::MemorySystem::Write:528: unmapped Write8 0x00000000 @ 0x00000919 at PC 0x010F3548
[   4.707519] HW.Memory <Error> core\memory.cpp:Memory::MemorySystem::Write:528: unmapped Write8 0x00000000 @ 0x0000091A at PC 0x010F3548
[   4.707520] HW.Memory <Error> core\memory.cpp:Memory::MemorySystem::Write:528: unmapped Write8 0x00000000 @ 0x0000091B at PC 0x010F3548
[   4.707520] HW.Memory <Error> core\memory.cpp:Memory::MemorySystem::Write:528: unmapped Write8 0x00000000 @ 0x0000091C at PC 0x010F3548
[   4.707520] HW.Memory <Error> core\memory.cpp:Memory::MemorySystem::Write:528: unmapped Write8 0x00000000 @ 0x0000091D at PC 0x010F3548
[   4.707521] HW.Memory <Error> core\memory.cpp:Memory::MemorySystem::Write:528: unmapped Write8 0x00000000 @ 0x0000091E at PC 0x010F3548
[   4.707522] HW.Memory <Error> core\memory.cpp:Memory::MemorySystem::Write:528: unmapped Write8 0x00000000 @ 0x0000091F at PC 0x010F3548
[   4.707522] HW.Memory <Error> core\memory.cpp:Memory::MemorySystem::Write:528: unmapped Write8 0x00000000 @ 0x00000920 at PC 0x010F3548
[   4.707523] HW.Memory <Error> core\memory.cpp:Memory::MemorySystem::Write:528: unmapped Write8 0x00000000 @ 0x00000921 at PC 0x010F3548
[   4.707523] HW.Memory <Error> core\memory.cpp:Memory::MemorySystem::Write:528: unmapped Write8 0x00000000 @ 0x00000922 at PC 0x010F3548
[   4.707524] HW.Memory <Error> core\memory.cpp:Memory::MemorySystem::Write:528: unmapped Write8 0x00000000 @ 0x00000923 at PC 0x010F3548
[   4.707524] HW.Memory <Error> core\memory.cpp:Memory::MemorySystem::Write:528: unmapped Write8 0x00000000 @ 0x00000924 at PC 0x010F3548
[   4.707525] HW.Memory <Error> core\memory.cpp:Memory::MemorySystem::Write:528: unmapped Write8 0x00000000 @ 0x00000925 at PC 0x010F3548
[   4.707525] HW.Memory <Error> core\memory.cpp:Memory::MemorySystem::Write:528: unmapped Write8 0x00000000 @ 0x00000926 at PC 0x010F3548
[   4.707526] HW.Memory <Error> core\memory.cpp:Memory::MemorySystem::Write:528: unmapped Write8 0x00000000 @ 0x00000927 at PC 0x010F3548
[   4.707526] HW.Memory <Error> core\memory.cpp:Memory::MemorySystem::Write:528: unmapped Write8 0x00000000 @ 0x00000928 at PC 0x010F3548
[   4.707527] HW.Memory <Error> core\memory.cpp:Memory::MemorySystem::Write:528: unmapped Write8 0x00000000 @ 0x00000929 at PC 0x010F3548
[   4.707527] HW.Memory <Error> core\memory.cpp:Memory::MemorySystem::Write:528: unmapped Write8 0x00000000 @ 0x0000092A at PC 0x010F3548
[   4.707528] HW.Memory <Error> core\memory.cpp:Memory::MemorySystem::Write:528: unmapped Write8 0x00000000 @ 0x0000092B at PC 0x010F3548
[   4.707528] HW.Memory <Error> core\memory.cpp:Memory::MemorySystem::Write:528: unmapped Write8 0x00000000 @ 0x0000092C at PC 0x010F3548
[   4.707529] HW.Memory <Error> core\memory.cpp:Memory::MemorySystem::Write:528: unmapped Write8 0x00000000 @ 0x0000092D at PC 0x010F3548
[   4.707529] HW.Memory <Error> core\memory.cpp:Memory::MemorySystem::Write:528: unmapped Write8 0x00000000 @ 0x0000092E at PC 0x010F3548
[   4.707530] HW.Memory <Error> core\memory.cpp:Memory::MemorySystem::Write:528: unmapped Write8 0x00000000 @ 0x0000092F at PC 0x010F3548
[   4.707530] HW.Memory <Error> core\memory.cpp:Memory::MemorySystem::Write:528: unmapped Write8 0x00000000 @ 0x00000930 at PC 0x010F3548
[   4.707531] HW.Memory <Error> core\memory.cpp:Memory::MemorySystem::Write:528: unmapped Write8 0x00000000 @ 0x00000931 at PC 0x010F3548
[   4.707531] HW.Memory <Error> core\memory.cpp:Memory::MemorySystem::Write:528: unmapped Write8 0x00000000 @ 0x00000932 at PC 0x010F3548
[   4.707532] HW.Memory <Error> core\memory.cpp:Memory::MemorySystem::Write:528: unmapped Write8 0x00000000 @ 0x00000933 at PC 0x010F3548
[   4.707532] HW.Memory <Error> core\memory.cpp:Memory::MemorySystem::Write:528: unmapped Write8 0x00000000 @ 0x00000934 at PC 0x010F3548
[   4.707533] HW.Memory <Error> core\memory.cpp:Memory::MemorySystem::Write:528: unmapped Write8 0x00000000 @ 0x00000935 at PC 0x010F3548
[   4.707534] HW.Memory <Error> core\memory.cpp:Memory::MemorySystem::Write:528: unmapped Write8 0x00000000 @ 0x00000936 at PC 0x010F3548
[   4.707534] HW.Memory <Error> core\memory.cpp:Memory::MemorySystem::Write:528: unmapped Write8 0x00000000 @ 0x00000937 at PC 0x010F3548
[   4.707535] HW.Memory <Error> core\memory.cpp:Memory::MemorySystem::Write:528: unmapped Write8 0x00000000 @ 0x00000938 at PC 0x010F3548
[   4.707535] HW.Memory <Error> core\memory.cpp:Memory::MemorySystem::Write:528: unmapped Write8 0x00000000 @ 0x00000939 at PC 0x010F3548
[   4.707535] HW.Memory <Error> core\memory.cpp:Memory::MemorySystem::Write:528: unmapped Write8 0x00000000 @ 0x0000093A at PC 0x010F3548
[   4.707536] HW.Memory <Error> core\memory.cpp:Memory::MemorySystem::Write:528: unmapped Write8 0x00000000 @ 0x0000093B at PC 0x010F3548
[   4.707536] HW.Memory <Error> core\memory.cpp:Memory::MemorySystem::Write:528: unmapped Write8 0x00000000 @ 0x0000093C at PC 0x010F3548
[   4.707537] HW.Memory <Error> core\memory.cpp:Memory::MemorySystem::Write:528: unmapped Write8 0x00000000 @ 0x0000093D at PC 0x010F3548
[   4.707537] HW.Memory <Error> core\memory.cpp:Memory::MemorySystem::Write:528: unmapped Write8 0x00000000 @ 0x0000093E at PC 0x010F3548
[   4.707538] HW.Memory <Error> core\memory.cpp:Memory::MemorySystem::Write:528: unmapped Write8 0x00000000 @ 0x0000093F at PC 0x010F3548
[   4.707538] HW.Memory <Error> core\memory.cpp:Memory::MemorySystem::Write:528: unmapped Write8 0x00000000 @ 0x00000940 at PC 0x010F3548
[   4.707538] HW.Memory <Error> core\memory.cpp:Memory::MemorySystem::Write:528: unmapped Write8 0x00000000 @ 0x00000941 at PC 0x010F3548
[   4.707539] HW.Memory <Error> core\memory.cpp:Memory::MemorySystem::Write:528: unmapped Write8 0x00000000 @ 0x00000942 at PC 0x010F3548
[   4.707539] HW.Memory <Error> core\memory.cpp:Memory::MemorySystem::Write:528: unmapped Write8 0x00000000 @ 0x00000943 at PC 0x010F3548
[   4.707540] HW.Memory <Error> core\memory.cpp:Memory::MemorySystem::Write:528: unmapped Write8 0x00000000 @ 0x00000944 at PC 0x010F3548
[   4.707540] HW.Memory <Error> core\memory.cpp:Memory::MemorySystem::Write:528: unmapped Write8 0x00000000 @ 0x00000945 at PC 0x010F3548
[   4.707540] HW.Memory <Error> core\memory.cpp:Memory::MemorySystem::Write:528: unmapped Write8 0x00000000 @ 0x00000946 at PC 0x010F3548
[   4.707541] HW.Memory <Error> core\memory.cpp:Memory::MemorySystem::Write:528: unmapped Write8 0x00000000 @ 0x00000947 at PC 0x010F3548
[   4.707541] HW.Memory <Error> core\memory.cpp:Memory::MemorySystem::Write:528: unmapped Write8 0x00000000 @ 0x00000948 at PC 0x010F3548
[   4.707542] HW.Memory <Error> core\memory.cpp:Memory::MemorySystem::Write:528: unmapped Write8 0x00000000 @ 0x00000949 at PC 0x010F3548
[   4.707542] HW.Memory <Error> core\memory.cpp:Memory::MemorySystem::Write:528: unmapped Write8 0x00000000 @ 0x0000094A at PC 0x010F3548
[   4.707542] HW.Memory <Error> core\memory.cpp:Memory::MemorySystem::Write:528: unmapped Write8 0x00000000 @ 0x0000094B at PC 0x010F3548
[   4.707543] HW.Memory <Error> core\memory.cpp:Memory::MemorySystem::Write:528: unmapped Write8 0x00000000 @ 0x0000094C at PC 0x010F3548
[   4.707543] HW.Memory <Error> core\memory.cpp:Memory::MemorySystem::Write:528: unmapped Write8 0x00000000 @ 0x0000094D at PC 0x010F3548
[   4.707543] HW.Memory <Error> core\memory.cpp:Memory::MemorySystem::Write:528: unmapped Write8 0x00000000 @ 0x0000094E at PC 0x010F3548
[   4.707544] HW.Memory <Error> core\memory.cpp:Memory::MemorySystem::Write:528: unmapped Write8 0x00000000 @ 0x0000094F at PC 0x010F3548
[   4.707544] HW.Memory <Error> core\memory.cpp:Memory::MemorySystem::Write:528: unmapped Write8 0x00000000 @ 0x00000950 at PC 0x010F3548
[   4.707545] HW.Memory <Error> core\memory.cpp:Memory::MemorySystem::Write:528: unmapped Write8 0x00000000 @ 0x00000951 at PC 0x010F3548
[   4.707545] HW.Memory <Error> core\memory.cpp:Memory::MemorySystem::Write:528: unmapped Write8 0x00000000 @ 0x00000952 at PC 0x010F3548
[   4.707546] HW.Memory <Error> core\memory.cpp:Memory::MemorySystem::Write:528: unmapped Write8 0x00000000 @ 0x00000953 at PC 0x010F3548
[   4.707546] HW.Memory <Error> core\memory.cpp:Memory::MemorySystem::Write:528: unmapped Write8 0x00000000 @ 0x00000954 at PC 0x010F3548
[   4.707547] HW.Memory <Error> core\memory.cpp:Memory::MemorySystem::Write:528: unmapped Write8 0x00000000 @ 0x00000955 at PC 0x010F3548
[   4.707547] HW.Memory <Error> core\memory.cpp:Memory::MemorySystem::Write:528: unmapped Write8 0x00000000 @ 0x00000956 at PC 0x010F3548
[   4.707547] HW.Memory <Error> core\memory.cpp:Memory::MemorySystem::Write:528: unmapped Write8 0x00000000 @ 0x00000957 at PC 0x010F3548
[   4.707548] HW.Memory <Error> core\memory.cpp:Memory::MemorySystem::Write:528: unmapped Write8 0x00000000 @ 0x00000958 at PC 0x010F3548
[   4.707548] HW.Memory <Error> core\memory.cpp:Memory::MemorySystem::Write:528: unmapped Write8 0x00000000 @ 0x00000959 at PC 0x010F3548
[   4.707549] HW.Memory <Error> core\memory.cpp:Memory::MemorySystem::Write:528: unmapped Write8 0x00000000 @ 0x0000095A at PC 0x010F3548
[   4.707549] HW.Memory <Error> core\memory.cpp:Memory::MemorySystem::Write:528: unmapped Write8 0x00000000 @ 0x0000095B at PC 0x010F3548
[   4.707549] HW.Memory <Error> core\memory.cpp:Memory::MemorySystem::Write:528: unmapped Write8 0x00000000 @ 0x0000095C at PC 0x010F3548
[   4.707550] HW.Memory <Error> core\memory.cpp:Memory::MemorySystem::Write:528: unmapped Write8 0x00000000 @ 0x0000095D at PC 0x010F3548
[   4.707550] HW.Memory <Error> core\memory.cpp:Memory::MemorySystem::Write:528: unmapped Write8 0x00000000 @ 0x0000095E at PC 0x010F3548
[   4.707551] HW.Memory <Error> core\memory.cpp:Memory::MemorySystem::Write:528: unmapped Write8 0x00000000 @ 0x0000095F at PC 0x010F3548
[   4.707551] HW.Memory <Error> core\memory.cpp:Memory::MemorySystem::Write:528: unmapped Write8 0x00000000 @ 0x00000960 at PC 0x010F3548
[   4.707552] HW.Memory <Error> core\memory.cpp:Memory::MemorySystem::Write:528: unmapped Write8 0x00000000 @ 0x00000961 at PC 0x010F3548
[   4.707552] HW.Memory <Error> core\memory.cpp:Memory::MemorySystem::Write:528: unmapped Write8 0x00000000 @ 0x00000962 at PC 0x010F3548
[   4.707553] HW.Memory <Error> core\memory.cpp:Memory::MemorySystem::Write:528: unmapped Write8 0x00000000 @ 0x00000963 at PC 0x010F3548
[   4.707554] HW.Memory <Error> core\memory.cpp:Memory::MemorySystem::Write:528: unmapped Write8 0x00000000 @ 0x00000964 at PC 0x010F3548
[   4.707554] HW.Memory <Error> core\memory.cpp:Memory::MemorySystem::Write:528: unmapped Write8 0x00000000 @ 0x00000965 at PC 0x010F3548
[   4.707555] HW.Memory <Error> core\memory.cpp:Memory::MemorySystem::Write:528: unmapped Write8 0x00000000 @ 0x00000966 at PC 0x010F3548
[   4.707555] HW.Memory <Error> core\memory.cpp:Memory::MemorySystem::Write:528: unmapped Write8 0x00000000 @ 0x00000967 at PC 0x010F3548
[   4.707556] HW.Memory <Error> core\memory.cpp:Memory::MemorySystem::Write:528: unmapped Write8 0x00000000 @ 0x00000968 at PC 0x010F3548
[   4.707556] HW.Memory <Error> core\memory.cpp:Memory::MemorySystem::Write:528: unmapped Write8 0x00000000 @ 0x00000969 at PC 0x010F3548
[   4.707557] HW.Memory <Error> core\memory.cpp:Memory::MemorySystem::Write:528: unmapped Write8 0x00000000 @ 0x0000096A at PC 0x010F3548
[   4.707557] HW.Memory <Error> core\memory.cpp:Memory::MemorySystem::Write:528: unmapped Write8 0x00000000 @ 0x0000096B at PC 0x010F3548
[   4.707558] HW.Memory <Error> core\memory.cpp:Memory::MemorySystem::Write:528: unmapped Write8 0x00000000 @ 0x0000096C at PC 0x010F3548
[   4.707558] HW.Memory <Error> core\memory.cpp:Memory::MemorySystem::Write:528: unmapped Write8 0x00000000 @ 0x0000096D at PC 0x010F3548
[   4.707559] HW.Memory <Error> core\memory.cpp:Memory::MemorySystem::Write:528: unmapped Write8 0x00000000 @ 0x0000096E at PC 0x010F3548
[   4.707559] HW.Memory <Error> core\memory.cpp:Memory::MemorySystem::Write:528: unmapped Write8 0x00000000 @ 0x0000096F at PC 0x010F3548
[   4.707560] HW.Memory <Error> core\memory.cpp:Memory::MemorySystem::Write:528: unmapped Write8 0x00000000 @ 0x00000970 at PC 0x010F3548
[   4.707560] HW.Memory <Error> core\memory.cpp:Memory::MemorySystem::Write:528: unmapped Write8 0x00000000 @ 0x00000971 at PC 0x010F3548
[   4.707561] HW.Memory <Error> core\memory.cpp:Memory::MemorySystem::Write:528: unmapped Write8 0x00000000 @ 0x00000972 at PC 0x010F3548
[   4.707561] HW.Memory <Error> core\memory.cpp:Memory::MemorySystem::Write:528: unmapped Write8 0x00000000 @ 0x00000973 at PC 0x010F3548
[   4.707561] HW.Memory <Error> core\memory.cpp:Memory::MemorySystem::Write:528: unmapped Write8 0x00000000 @ 0x00000974 at PC 0x010F3548
[   4.707562] HW.Memory <Error> core\memory.cpp:Memory::MemorySystem::Write:528: unmapped Write8 0x00000000 @ 0x00000975 at PC 0x010F3548
[   4.707562] HW.Memory <Error> core\memory.cpp:Memory::MemorySystem::Write:528: unmapped Write8 0x00000000 @ 0x00000976 at PC 0x010F3548
[   4.707563] HW.Memory <Error> core\memory.cpp:Memory::MemorySystem::Write:528: unmapped Write8 0x00000000 @ 0x00000977 at PC 0x010F3548
[   4.707563] HW.Memory <Error> core\memory.cpp:Memory::MemorySystem::Write:528: unmapped Write8 0x00000000 @ 0x00000978 at PC 0x010F3548
[   4.707564] HW.Memory <Error> core\memory.cpp:Memory::MemorySystem::Write:528: unmapped Write8 0x00000000 @ 0x00000979 at PC 0x010F3548
[   4.707564] HW.Memory <Error> core\memory.cpp:Memory::MemorySystem::Write:528: unmapped Write8 0x00000000 @ 0x0000097A at PC 0x010F3548
[   4.707564] HW.Memory <Error> core\memory.cpp:Memory::MemorySystem::Write:528: unmapped Write8 0x00000000 @ 0x0000097B at PC 0x010F3548
[   4.707565] HW.Memory <Error> core\memory.cpp:Memory::MemorySystem::Write:528: unmapped Write8 0x00000000 @ 0x0000097C at PC 0x010F3548
[   4.707565] HW.Memory <Error> core\memory.cpp:Memory::MemorySystem::Write:528: unmapped Write8 0x00000000 @ 0x0000097D at PC 0x010F3548
[   4.707566] HW.Memory <Error> core\memory.cpp:Memory::MemorySystem::Write:528: unmapped Write8 0x00000000 @ 0x0000097E at PC 0x010F3548
[   4.707566] HW.Memory <Error> core\memory.cpp:Memory::MemorySystem::Write:528: unmapped Write8 0x00000000 @ 0x0000097F at PC 0x010F3548
[   4.707567] HW.Memory <Error> core\memory.cpp:Memory::MemorySystem::Write:528: unmapped Write8 0x00000000 @ 0x00000980 at PC 0x010F3548
[   4.707567] HW.Memory <Error> core\memory.cpp:Memory::MemorySystem::Write:528: unmapped Write8 0x00000000 @ 0x00000981 at PC 0x010F3548
[   4.707568] HW.Memory <Error> core\memory.cpp:Memory::MemorySystem::Write:528: unmapped Write8 0x00000000 @ 0x00000982 at PC 0x010F3548
[   4.707568] HW.Memory <Error> core\memory.cpp:Memory::MemorySystem::Write:528: unmapped Write8 0x00000000 @ 0x00000983 at PC 0x010F3548
[   4.707568] HW.Memory <Error> core\memory.cpp:Memory::MemorySystem::Write:528: unmapped Write8 0x00000000 @ 0x00000984 at PC 0x010F3548
[   4.707569] HW.Memory <Error> core\memory.cpp:Memory::MemorySystem::Write:528: unmapped Write8 0x00000000 @ 0x00000985 at PC 0x010F3548
[   4.707569] HW.Memory <Error> core\memory.cpp:Memory::MemorySystem::Write:528: unmapped Write8 0x00000000 @ 0x00000986 at PC 0x010F3548
[   4.707570] HW.Memory <Error> core\memory.cpp:Memory::MemorySystem::Write:528: unmapped Write8 0x00000000 @ 0x00000987 at PC 0x010F3548
[   4.707570] HW.Memory <Error> core\memory.cpp:Memory::MemorySystem::Write:528: unmapped Write8 0x00000000 @ 0x00000988 at PC 0x010F3548
[   4.707570] HW.Memory <Error> core\memory.cpp:Memory::MemorySystem::Write:528: unmapped Write8 0x00000000 @ 0x00000989 at PC 0x010F3548
[   4.707571] HW.Memory <Error> core\memory.cpp:Memory::MemorySystem::Write:528: unmapped Write8 0x00000000 @ 0x0000098A at PC 0x010F3548
[   4.707571] HW.Memory <Error> core\memory.cpp:Memory::MemorySystem::Write:528: unmapped Write8 0x00000000 @ 0x0000098B at PC 0x010F3548
[   4.707571] HW.Memory <Error> core\memory.cpp:Memory::MemorySystem::Write:528: unmapped Write8 0x00000000 @ 0x0000098C at PC 0x010F3548
[   4.707572] HW.Memory <Error> core\memory.cpp:Memory::MemorySystem::Write:528: unmapped Write8 0x00000000 @ 0x0000098D at PC 0x010F3548
[   4.707572] HW.Memory <Error> core\memory.cpp:Memory::MemorySystem::Write:528: unmapped Write8 0x00000000 @ 0x0000098E at PC 0x010F3548
[   4.707573] HW.Memory <Error> core\memory.cpp:Memory::MemorySystem::Write:528: unmapped Write8 0x00000000 @ 0x0000098F at PC 0x010F3548
[   4.707573] HW.Memory <Error> core\memory.cpp:Memory::MemorySystem::Write:528: unmapped Write8 0x00000000 @ 0x00000990 at PC 0x010F3548
[   4.707573] HW.Memory <Error> core\memory.cpp:Memory::MemorySystem::Write:528: unmapped Write8 0x00000000 @ 0x00000991 at PC 0x010F3548
[   4.707574] HW.Memory <Error> core\memory.cpp:Memory::MemorySystem::Write:528: unmapped Write8 0x00000000 @ 0x00000992 at PC 0x010F3548
[   4.707574] HW.Memory <Error> core\memory.cpp:Memory::MemorySystem::Write:528: unmapped Write8 0x00000000 @ 0x00000993 at PC 0x010F3548
[   4.707575] HW.Memory <Error> core\memory.cpp:Memory::MemorySystem::Write:528: unmapped Write8 0x00000000 @ 0x00000994 at PC 0x010F3548
[   4.707575] HW.Memory <Error> core\memory.cpp:Memory::MemorySystem::Write:528: unmapped Write8 0x00000000 @ 0x00000995 at PC 0x010F3548
[   4.707576] HW.Memory <Error> core\memory.cpp:Memory::MemorySystem::Write:528: unmapped Write8 0x00000000 @ 0x00000996 at PC 0x010F3548
[   4.707576] HW.Memory <Error> core\memory.cpp:Memory::MemorySystem::Write:528: unmapped Write8 0x00000000 @ 0x00000997 at PC 0x010F3548
[   4.707576] HW.Memory <Error> core\memory.cpp:Memory::MemorySystem::Write:528: unmapped Write8 0x00000000 @ 0x00000998 at PC 0x010F3548
[   4.707577] HW.Memory <Error> core\memory.cpp:Memory::MemorySystem::Write:528: unmapped Write8 0x00000000 @ 0x00000999 at PC 0x010F3548
[   4.707577] HW.Memory <Error> core\memory.cpp:Memory::MemorySystem::Write:528: unmapped Write8 0x00000000 @ 0x0000099A at PC 0x010F3548
[   4.707577] HW.Memory <Error> core\memory.cpp:Memory::MemorySystem::Write:528: unmapped Write8 0x00000000 @ 0x0000099B at PC 0x010F3548
[   4.707578] HW.Memory <Error> core\memory.cpp:Memory::MemorySystem::Write:528: unmapped Write8 0x00000000 @ 0x0000099C at PC 0x010F3548
[   4.707578] HW.Memory <Error> core\memory.cpp:Memory::MemorySystem::Write:528: unmapped Write8 0x00000000 @ 0x0000099D at PC 0x010F3548
[   4.707579] HW.Memory <Error> core\memory.cpp:Memory::MemorySystem::Write:528: unmapped Write8 0x00000000 @ 0x0000099E at PC 0x010F3548
[   4.707579] HW.Memory <Error> core\memory.cpp:Memory::MemorySystem::Write:528: unmapped Write8 0x00000000 @ 0x0000099F at PC 0x010F3548
[   4.707580] HW.Memory <Error> core\memory.cpp:Memory::MemorySystem::Write:528: unmapped Write8 0x00000000 @ 0x000009A0 at PC 0x010F3548
[   4.707581] HW.Memory <Error> core\memory.cpp:Memory::MemorySystem::Write:528: unmapped Write8 0x00000000 @ 0x000009A1 at PC 0x010F3548
[   4.707581] HW.Memory <Error> core\memory.cpp:Memory::MemorySystem::Write:528: unmapped Write8 0x00000000 @ 0x000009A2 at PC 0x010F3548
[   4.707582] HW.Memory <Error> core\memory.cpp:Memory::MemorySystem::Write:528: unmapped Write8 0x00000000 @ 0x000009A3 at PC 0x010F3548
[   4.707582] HW.Memory <Error> core\memory.cpp:Memory::MemorySystem::Write:528: unmapped Write8 0x00000000 @ 0x000009A4 at PC 0x010F3548
[   4.707583] HW.Memory <Error> core\memory.cpp:Memory::MemorySystem::Write:528: unmapped Write8 0x00000000 @ 0x000009A5 at PC 0x010F3548
[   4.707583] HW.Memory <Error> core\memory.cpp:Memory::MemorySystem::Write:528: unmapped Write8 0x00000000 @ 0x000009A6 at PC 0x010F3548
[   4.707584] HW.Memory <Error> core\memory.cpp:Memory::MemorySystem::Write:528: unmapped Write8 0x00000000 @ 0x000009A7 at PC 0x010F3548
[   4.707584] HW.Memory <Error> core\memory.cpp:Memory::MemorySystem::Write:528: unmapped Write8 0x00000000 @ 0x000009A8 at PC 0x010F3548
[   4.707585] HW.Memory <Error> core\memory.cpp:Memory::MemorySystem::Write:528: unmapped Write8 0x00000000 @ 0x000009A9 at PC 0x010F3548
[   4.707585] HW.Memory <Error> core\memory.cpp:Memory::MemorySystem::Write:528: unmapped Write8 0x00000000 @ 0x000009AA at PC 0x010F3548
[   4.707586] HW.Memory <Error> core\memory.cpp:Memory::MemorySystem::Write:528: unmapped Write8 0x00000000 @ 0x000009AB at PC 0x010F3548
[   4.707586] HW.Memory <Error> core\memory.cpp:Memory::MemorySystem::Write:528: unmapped Write8 0x00000000 @ 0x000009AC at PC 0x010F3548
[   4.707587] HW.Memory <Error> core\memory.cpp:Memory::MemorySystem::Write:528: unmapped Write8 0x00000000 @ 0x000009AD at PC 0x010F3548
[   4.707587] HW.Memory <Error> core\memory.cpp:Memory::MemorySystem::Write:528: unmapped Write8 0x00000000 @ 0x000009AE at PC 0x010F3548
[   4.707588] HW.Memory <Error> core\memory.cpp:Memory::MemorySystem::Write:528: unmapped Write8 0x00000000 @ 0x000009AF at PC 0x010F3548
[   4.707588] HW.Memory <Error> core\memory.cpp:Memory::MemorySystem::Write:528: unmapped Write8 0x00000000 @ 0x000009B0 at PC 0x010F3548
[   4.707589] HW.Memory <Error> core\memory.cpp:Memory::MemorySystem::Write:528: unmapped Write8 0x00000000 @ 0x000009B1 at PC 0x010F3548
[   4.707589] HW.Memory <Error> core\memory.cpp:Memory::MemorySystem::Write:528: unmapped Write8 0x00000000 @ 0x000009B2 at PC 0x010F3548
[   4.707590] HW.Memory <Error> core\memory.cpp:Memory::MemorySystem::Write:528: unmapped Write8 0x00000000 @ 0x000009B3 at PC 0x010F3548
[   4.707590] HW.Memory <Error> core\memory.cpp:Memory::MemorySystem::Write:528: unmapped Write8 0x00000000 @ 0x000009B4 at PC 0x010F3548
[   4.707591] HW.Memory <Error> core\memory.cpp:Memory::MemorySystem::Write:528: unmapped Write8 0x00000000 @ 0x000009B5 at PC 0x010F3548
[   4.707591] HW.Memory <Error> core\memory.cpp:Memory::MemorySystem::Write:528: unmapped Write8 0x00000000 @ 0x000009B6 at PC 0x010F3548
[   4.707591] HW.Memory <Error> core\memory.cpp:Memory::MemorySystem::Write:528: unmapped Write8 0x00000000 @ 0x000009B7 at PC 0x010F3548
[   4.707592] HW.Memory <Error> core\memory.cpp:Memory::MemorySystem::Write:528: unmapped Write8 0x00000000 @ 0x000009B8 at PC 0x010F3548
[   4.707593] HW.Memory <Error> core\memory.cpp:Memory::MemorySystem::Write:528: unmapped Write8 0x00000000 @ 0x000009B9 at PC 0x010F3548
[   4.707593] HW.Memory <Error> core\memory.cpp:Memory::MemorySystem::Write:528: unmapped Write8 0x00000000 @ 0x000009BA at PC 0x010F3548
[   4.707594] HW.Memory <Error> core\memory.cpp:Memory::MemorySystem::Write:528: unmapped Write8 0x00000000 @ 0x000009BB at PC 0x010F3548
[   4.707594] HW.Memory <Error> core\memory.cpp:Memory::MemorySystem::Write:528: unmapped Write8 0x00000000 @ 0x000009BC at PC 0x010F3548
[   4.707594] HW.Memory <Error> core\memory.cpp:Memory::MemorySystem::Write:528: unmapped Write8 0x00000000 @ 0x000009BD at PC 0x010F3548
[   4.707595] HW.Memory <Error> core\memory.cpp:Memory::MemorySystem::Write:528: unmapped Write8 0x00000000 @ 0x000009BE at PC 0x010F3548
[   4.707595] HW.Memory <Error> core\memory.cpp:Memory::MemorySystem::Write:528: unmapped Write8 0x00000000 @ 0x000009BF at PC 0x010F3548
[   4.707596] HW.Memory <Error> core\memory.cpp:Memory::MemorySystem::Write:528: unmapped Write8 0x00000000 @ 0x000009C0 at PC 0x010F3548
[   4.707596] HW.Memory <Error> core\memory.cpp:Memory::MemorySystem::Write:528: unmapped Write8 0x00000000 @ 0x000009C1 at PC 0x010F3548
[   4.707597] HW.Memory <Error> core\memory.cpp:Memory::MemorySystem::Write:528: unmapped Write8 0x00000000 @ 0x000009C2 at PC 0x010F3548
[   4.707597] HW.Memory <Error> core\memory.cpp:Memory::MemorySystem::Write:528: unmapped Write8 0x00000000 @ 0x000009C3 at PC 0x010F3548
[   4.707598] HW.Memory <Error> core\memory.cpp:Memory::MemorySystem::Write:528: unmapped Write8 0x00000000 @ 0x000009C4 at PC 0x010F3548
[   4.707598] HW.Memory <Error> core\memory.cpp:Memory::MemorySystem::Write:528: unmapped Write8 0x00000000 @ 0x000009C5 at PC 0x010F3548
[   4.707599] HW.Memory <Error> core\memory.cpp:Memory::MemorySystem::Write:528: unmapped Write8 0x00000000 @ 0x000009C6 at PC 0x010F3548
[   4.707599] HW.Memory <Error> core\memory.cpp:Memory::MemorySystem::Write:528: unmapped Write8 0x00000000 @ 0x000009C7 at PC 0x010F3548
[   4.707599] HW.Memory <Error> core\memory.cpp:Memory::MemorySystem::Write:528: unmapped Write8 0x00000000 @ 0x000009C8 at PC 0x010F3548
[   4.707600] HW.Memory <Error> core\memory.cpp:Memory::MemorySystem::Write:528: unmapped Write8 0x00000000 @ 0x000009C9 at PC 0x010F3548
[   4.707600] HW.Memory <Error> core\memory.cpp:Memory::MemorySystem::Write:528: unmapped Write8 0x00000000 @ 0x000009CA at PC 0x010F3548
[   4.707601] HW.Memory <Error> core\memory.cpp:Memory::MemorySystem::Write:528: unmapped Write8 0x00000000 @ 0x000009CB at PC 0x010F3548
[   4.707601] HW.Memory <Error> core\memory.cpp:Memory::MemorySystem::Write:528: unmapped Write8 0x00000000 @ 0x000009CC at PC 0x010F3548
[   4.707602] HW.Memory <Error> core\memory.cpp:Memory::MemorySystem::Write:528: unmapped Write8 0x00000000 @ 0x000009CD at PC 0x010F3548
[   4.707602] HW.Memory <Error> core\memory.cpp:Memory::MemorySystem::Write:528: unmapped Write8 0x00000000 @ 0x000009CE at PC 0x010F3548
[   4.707603] HW.Memory <Error> core\memory.cpp:Memory::MemorySystem::Write:528: unmapped Write8 0x00000000 @ 0x000009CF at PC 0x010F3548
[   4.707603] HW.Memory <Error> core\memory.cpp:Memory::MemorySystem::Write:528: unmapped Write8 0x00000000 @ 0x000009D0 at PC 0x010F3548
[   4.707603] HW.Memory <Error> core\memory.cpp:Memory::MemorySystem::Write:528: unmapped Write8 0x00000000 @ 0x000009D1 at PC 0x010F3548
[   4.707604] HW.Memory <Error> core\memory.cpp:Memory::MemorySystem::Write:528: unmapped Write8 0x00000000 @ 0x000009D2 at PC 0x010F3548
[   4.707604] HW.Memory <Error> core\memory.cpp:Memory::MemorySystem::Write:528: unmapped Write8 0x00000000 @ 0x000009D3 at PC 0x010F3548
[   4.707605] HW.Memory <Error> core\memory.cpp:Memory::MemorySystem::Write:528: unmapped Write8 0x00000000 @ 0x000009D4 at PC 0x010F3548
[   4.707605] HW.Memory <Error> core\memory.cpp:Memory::MemorySystem::Write:528: unmapped Write8 0x00000000 @ 0x000009D5 at PC 0x010F3548
[   4.707605] HW.Memory <Error> core\memory.cpp:Memory::MemorySystem::Write:528: unmapped Write8 0x00000000 @ 0x000009D6 at PC 0x010F3548
[   4.707606] HW.Memory <Error> core\memory.cpp:Memory::MemorySystem::Write:528: unmapped Write8 0x00000000 @ 0x000009D7 at PC 0x010F3548
[   4.707606] HW.Memory <Error> core\memory.cpp:Memory::MemorySystem::Write:528: unmapped Write8 0x00000000 @ 0x000009D8 at PC 0x010F3548
[   4.707607] HW.Memory <Error> core\memory.cpp:Memory::MemorySystem::Write:528: unmapped Write8 0x00000000 @ 0x000009D9 at PC 0x010F3548
[   4.707607] HW.Memory <Error> core\memory.cpp:Memory::MemorySystem::Write:528: unmapped Write8 0x00000000 @ 0x000009DA at PC 0x010F3548
[   4.707607] HW.Memory <Error> core\memory.cpp:Memory::MemorySystem::Write:528: unmapped Write8 0x00000000 @ 0x000009DB at PC 0x010F3548
[   4.707608] HW.Memory <Error> core\memory.cpp:Memory::MemorySystem::Write:528: unmapped Write8 0x00000000 @ 0x000009DC at PC 0x010F3548
[   4.707608] HW.Memory <Error> core\memory.cpp:Memory::MemorySystem::Write:528: unmapped Write8 0x00000000 @ 0x000009DD at PC 0x010F3548
[   4.707609] HW.Memory <Error> core\memory.cpp:Memory::MemorySystem::Write:528: unmapped Write8 0x00000000 @ 0x000009DE at PC 0x010F3548
[   4.707609] HW.Memory <Error> core\memory.cpp:Memory::MemorySystem::Write:528: unmapped Write8 0x00000000 @ 0x000009DF at PC 0x010F3548
[   4.707610] HW.Memory <Error> core\memory.cpp:Memory::MemorySystem::Write:528: unmapped Write8 0x00000000 @ 0x000009E0 at PC 0x010F3548
[   4.707610] HW.Memory <Error> core\memory.cpp:Memory::MemorySystem::Write:528: unmapped Write8 0x00000000 @ 0x000009E1 at PC 0x010F3548
[   4.707611] HW.Memory <Error> core\memory.cpp:Memory::MemorySystem::Write:528: unmapped Write8 0x00000000 @ 0x000009E2 at PC 0x010F3548
[   4.707611] HW.Memory <Error> core\memory.cpp:Memory::MemorySystem::Write:528: unmapped Write8 0x00000000 @ 0x000009E3 at PC 0x010F3548
[   4.707612] HW.Memory <Error> core\memory.cpp:Memory::MemorySystem::Write:528: unmapped Write8 0x00000000 @ 0x000009E4 at PC 0x010F3548
[   4.707612] HW.Memory <Error> core\memory.cpp:Memory::MemorySystem::Write:528: unmapped Write8 0x00000000 @ 0x000009E5 at PC 0x010F3548
[   4.707613] HW.Memory <Error> core\memory.cpp:Memory::MemorySystem::Write:528: unmapped Write8 0x00000000 @ 0x000009E6 at PC 0x010F3548
[   4.707614] HW.Memory <Error> core\memory.cpp:Memory::MemorySystem::Write:528: unmapped Write8 0x00000000 @ 0x000009E7 at PC 0x010F3548
[   4.707614] HW.Memory <Error> core\memory.cpp:Memory::MemorySystem::Write:528: unmapped Write8 0x00000000 @ 0x000009E8 at PC 0x010F3548
[   4.707615] HW.Memory <Error> core\memory.cpp:Memory::MemorySystem::Write:528: unmapped Write8 0x00000000 @ 0x000009E9 at PC 0x010F3548
[   4.707615] HW.Memory <Error> core\memory.cpp:Memory::MemorySystem::Write:528: unmapped Write8 0x00000000 @ 0x000009EA at PC 0x010F3548
[   4.707616] HW.Memory <Error> core\memory.cpp:Memory::MemorySystem::Write:528: unmapped Write8 0x00000000 @ 0x000009EB at PC 0x010F3548
[   4.707616] HW.Memory <Error> core\memory.cpp:Memory::MemorySystem::Write:528: unmapped Write8 0x00000000 @ 0x000009EC at PC 0x010F3548
[   4.707617] HW.Memory <Error> core\memory.cpp:Memory::MemorySystem::Write:528: unmapped Write8 0x00000000 @ 0x000009ED at PC 0x010F3548
[   4.707618] HW.Memory <Error> core\memory.cpp:Memory::MemorySystem::Write:528: unmapped Write8 0x00000000 @ 0x000009EE at PC 0x010F3548
[   4.707618] HW.Memory <Error> core\memory.cpp:Memory::MemorySystem::Write:528: unmapped Write8 0x00000000 @ 0x000009EF at PC 0x010F3548
[   4.707619] HW.Memory <Error> core\memory.cpp:Memory::MemorySystem::Write:528: unmapped Write8 0x00000000 @ 0x000009F0 at PC 0x010F3548
[   4.707619] HW.Memory <Error> core\memory.cpp:Memory::MemorySystem::Write:528: unmapped Write8 0x00000000 @ 0x000009F1 at PC 0x010F3548
[   4.707620] HW.Memory <Error> core\memory.cpp:Memory::MemorySystem::Write:528: unmapped Write8 0x00000000 @ 0x000009F2 at PC 0x010F3548
[   4.707620] HW.Memory <Error> core\memory.cpp:Memory::MemorySystem::Write:528: unmapped Write8 0x00000000 @ 0x000009F3 at PC 0x010F3548
[   4.707621] HW.Memory <Error> core\memory.cpp:Memory::MemorySystem::Write:528: unmapped Write8 0x00000000 @ 0x000009F4 at PC 0x010F3548
[   4.707621] HW.Memory <Error> core\memory.cpp:Memory::MemorySystem::Write:528: unmapped Write8 0x00000000 @ 0x000009F5 at PC 0x010F3548
[   4.707622] HW.Memory <Error> core\memory.cpp:Memory::MemorySystem::Write:528: unmapped Write8 0x00000000 @ 0x000009F6 at PC 0x010F3548
[   4.707622] HW.Memory <Error> core\memory.cpp:Memory::MemorySystem::Write:528: unmapped Write8 0x00000000 @ 0x000009F7 at PC 0x010F3548
[   4.707622] HW.Memory <Error> core\memory.cpp:Memory::MemorySystem::Write:528: unmapped Write8 0x00000000 @ 0x000009F8 at PC 0x010F3548
[   4.707623] HW.Memory <Error> core\memory.cpp:Memory::MemorySystem::Write:528: unmapped Write8 0x00000000 @ 0x000009F9 at PC 0x010F3548
[   4.707623] HW.Memory <Error> core\memory.cpp:Memory::MemorySystem::Write:528: unmapped Write8 0x00000000 @ 0x000009FA at PC 0x010F3548
[   4.707624] HW.Memory <Error> core\memory.cpp:Memory::MemorySystem::Write:528: unmapped Write8 0x00000000 @ 0x000009FB at PC 0x010F3548
[   4.707624] HW.Memory <Error> core\memory.cpp:Memory::MemorySystem::Write:528: unmapped Write8 0x00000000 @ 0x000009FC at PC 0x010F3548
[   4.707625] HW.Memory <Error> core\memory.cpp:Memory::MemorySystem::Write:528: unmapped Write8 0x00000000 @ 0x000009FD at PC 0x010F3548
[   4.707625] HW.Memory <Error> core\memory.cpp:Memory::MemorySystem::Write:528: unmapped Write8 0x00000000 @ 0x000009FE at PC 0x010F3548
[   4.707626] HW.Memory <Error> core\memory.cpp:Memory::MemorySystem::Write:528: unmapped Write8 0x00000000 @ 0x000009FF at PC 0x010F3548
[   4.707626] HW.Memory <Error> core\memory.cpp:Memory::MemorySystem::Write:528: unmapped Write8 0x00000000 @ 0x00000A00 at PC 0x010F3548
[   4.707627] HW.Memory <Error> core\memory.cpp:Memory::MemorySystem::Write:528: unmapped Write8 0x00000000 @ 0x00000A01 at PC 0x010F3548
[   4.707627] HW.Memory <Error> core\memory.cpp:Memory::MemorySystem::Write:528: unmapped Write8 0x00000000 @ 0x00000A02 at PC 0x010F3548
[   4.707628] HW.Memory <Error> core\memory.cpp:Memory::MemorySystem::Write:528: unmapped Write8 0x00000000 @ 0x00000A03 at PC 0x010F3548
[   4.707628] HW.Memory <Error> core\memory.cpp:Memory::MemorySystem::Write:528: unmapped Write8 0x00000000 @ 0x00000A04 at PC 0x010F3548
[   4.707628] HW.Memory <Error> core\memory.cpp:Memory::MemorySystem::Write:528: unmapped Write8 0x00000000 @ 0x00000A05 at PC 0x010F3548
[   4.707629] HW.Memory <Error> core\memory.cpp:Memory::MemorySystem::Write:528: unmapped Write8 0x00000000 @ 0x00000A06 at PC 0x010F3548
[   4.707629] HW.Memory <Error> core\memory.cpp:Memory::MemorySystem::Write:528: unmapped Write8 0x00000000 @ 0x00000A07 at PC 0x010F3548
[   4.707630] HW.Memory <Error> core\memory.cpp:Memory::MemorySystem::Write:528: unmapped Write8 0x00000000 @ 0x00000A08 at PC 0x010F3548
[   4.707630] HW.Memory <Error> core\memory.cpp:Memory::MemorySystem::Write:528: unmapped Write8 0x00000000 @ 0x00000A09 at PC 0x010F3548
[   4.707630] HW.Memory <Error> core\memory.cpp:Memory::MemorySystem::Write:528: unmapped Write8 0x00000000 @ 0x00000A0A at PC 0x010F3548
[   4.707631] HW.Memory <Error> core\memory.cpp:Memory::MemorySystem::Write:528: unmapped Write8 0x00000000 @ 0x00000A0B at PC 0x010F3548
[   4.707631] HW.Memory <Error> core\memory.cpp:Memory::MemorySystem::Write:528: unmapped Write8 0x00000000 @ 0x00000A0C at PC 0x010F3548
[   4.707631] HW.Memory <Error> core\memory.cpp:Memory::MemorySystem::Write:528: unmapped Write8 0x00000000 @ 0x00000A0D at PC 0x010F3548
[   4.707632] HW.Memory <Error> core\memory.cpp:Memory::MemorySystem::Write:528: unmapped Write8 0x00000000 @ 0x00000A0E at PC 0x010F3548
[   4.707632] HW.Memory <Error> core\memory.cpp:Memory::MemorySystem::Write:528: unmapped Write8 0x00000000 @ 0x00000A0F at PC 0x010F3548
[   4.707633] HW.Memory <Error> core\memory.cpp:Memory::MemorySystem::Write:528: unmapped Write8 0x00000000 @ 0x00000A10 at PC 0x010F3548
[   4.707633] HW.Memory <Error> core\memory.cpp:Memory::MemorySystem::Write:528: unmapped Write8 0x00000000 @ 0x00000A11 at PC 0x010F3548
[   4.707633] HW.Memory <Error> core\memory.cpp:Memory::MemorySystem::Write:528: unmapped Write8 0x00000000 @ 0x00000A12 at PC 0x010F3548
[   4.707634] HW.Memory <Error> core\memory.cpp:Memory::MemorySystem::Write:528: unmapped Write8 0x00000000 @ 0x00000A13 at PC 0x010F3548
[   4.707634] HW.Memory <Error> core\memory.cpp:Memory::MemorySystem::Write:528: unmapped Write8 0x00000000 @ 0x00000A14 at PC 0x010F3548
[   4.707635] HW.Memory <Error> core\memory.cpp:Memory::MemorySystem::Write:528: unmapped Write8 0x00000000 @ 0x00000A15 at PC 0x010F3548
[   4.707635] HW.Memory <Error> core\memory.cpp:Memory::MemorySystem::Write:528: unmapped Write8 0x00000000 @ 0x00000A16 at PC 0x010F3548
[   4.707636] HW.Memory <Error> core\memory.cpp:Memory::MemorySystem::Write:528: unmapped Write8 0x00000000 @ 0x00000A17 at PC 0x010F3548
[   4.707636] HW.Memory <Error> core\memory.cpp:Memory::MemorySystem::Write:528: unmapped Write8 0x00000000 @ 0x00000A18 at PC 0x010F3548
[   4.707636] HW.Memory <Error> core\memory.cpp:Memory::MemorySystem::Write:528: unmapped Write8 0x00000000 @ 0x00000A19 at PC 0x010F3548
[   4.707637] HW.Memory <Error> core\memory.cpp:Memory::MemorySystem::Write:528: unmapped Write8 0x00000000 @ 0x00000A1A at PC 0x010F3548
[   4.707637] HW.Memory <Error> core\memory.cpp:Memory::MemorySystem::Write:528: unmapped Write8 0x00000000 @ 0x00000A1B at PC 0x010F3548
[   4.707637] HW.Memory <Error> core\memory.cpp:Memory::MemorySystem::Write:528: unmapped Write8 0x00000000 @ 0x00000A1C at PC 0x010F3548
[   4.707638] HW.Memory <Error> core\memory.cpp:Memory::MemorySystem::Write:528: unmapped Write8 0x00000000 @ 0x00000A1D at PC 0x010F3548
[   4.707638] HW.Memory <Error> core\memory.cpp:Memory::MemorySystem::Write:528: unmapped Write8 0x00000000 @ 0x00000A1E at PC 0x010F3548
[   4.707639] HW.Memory <Error> core\memory.cpp:Memory::MemorySystem::Write:528: unmapped Write8 0x00000000 @ 0x00000A1F at PC 0x010F3548
[   4.707639] HW.Memory <Error> core\memory.cpp:Memory::MemorySystem::Write:528: unmapped Write8 0x00000000 @ 0x00000A20 at PC 0x010F3548
[   4.707640] HW.Memory <Error> core\memory.cpp:Memory::MemorySystem::Write:528: unmapped Write8 0x00000000 @ 0x00000A21 at PC 0x010F3548
[   4.707641] HW.Memory <Error> core\memory.cpp:Memory::MemorySystem::Write:528: unmapped Write8 0x00000000 @ 0x00000A22 at PC 0x010F3548
[   4.707641] HW.Memory <Error> core\memory.cpp:Memory::MemorySystem::Write:528: unmapped Write8 0x00000000 @ 0x00000A23 at PC 0x010F3548
[   4.707642] HW.Memory <Error> core\memory.cpp:Memory::MemorySystem::Write:528: unmapped Write8 0x00000000 @ 0x00000A24 at PC 0x010F3548
[   4.707642] HW.Memory <Error> core\memory.cpp:Memory::MemorySystem::Write:528: unmapped Write8 0x00000000 @ 0x00000A25 at PC 0x010F3548
[   4.707643] HW.Memory <Error> core\memory.cpp:Memory::MemorySystem::Write:528: unmapped Write8 0x00000000 @ 0x00000A26 at PC 0x010F3548
[   4.707643] HW.Memory <Error> core\memory.cpp:Memory::MemorySystem::Write:528: unmapped Write8 0x00000000 @ 0x00000A27 at PC 0x010F3548
[   4.707644] HW.Memory <Error> core\memory.cpp:Memory::MemorySystem::Write:528: unmapped Write8 0x00000000 @ 0x00000A28 at PC 0x010F3548
[   4.707644] HW.Memory <Error> core\memory.cpp:Memory::MemorySystem::Write:528: unmapped Write8 0x00000000 @ 0x00000A29 at PC 0x010F3548
[   4.707645] HW.Memory <Error> core\memory.cpp:Memory::MemorySystem::Write:528: unmapped Write8 0x00000000 @ 0x00000A2A at PC 0x010F3548
[   4.707646] HW.Memory <Error> core\memory.cpp:Memory::MemorySystem::Write:528: unmapped Write8 0x00000000 @ 0x00000A2B at PC 0x010F3548
[   4.707646] HW.Memory <Error> core\memory.cpp:Memory::MemorySystem::Write:528: unmapped Write8 0x00000000 @ 0x00000A2C at PC 0x010F3548
[   4.707647] HW.Memory <Error> core\memory.cpp:Memory::MemorySystem::Write:528: unmapped Write8 0x00000000 @ 0x00000A2D at PC 0x010F3548
[   4.707647] HW.Memory <Error> core\memory.cpp:Memory::MemorySystem::Write:528: unmapped Write8 0x00000000 @ 0x00000A2E at PC 0x010F3548
[   4.707648] HW.Memory <Error> core\memory.cpp:Memory::MemorySystem::Write:528: unmapped Write8 0x00000000 @ 0x00000A2F at PC 0x010F3548
[   4.707648] HW.Memory <Error> core\memory.cpp:Memory::MemorySystem::Write:528: unmapped Write8 0x00000000 @ 0x00000A30 at PC 0x010F3548
[   4.707649] HW.Memory <Error> core\memory.cpp:Memory::MemorySystem::Write:528: unmapped Write8 0x00000000 @ 0x00000A31 at PC 0x010F3548
[   4.707649] HW.Memory <Error> core\memory.cpp:Memory::MemorySystem::Write:528: unmapped Write8 0x00000000 @ 0x00000A32 at PC 0x010F3548
[   4.707650] HW.Memory <Error> core\memory.cpp:Memory::MemorySystem::Write:528: unmapped Write8 0x00000000 @ 0x00000A33 at PC 0x010F3548
[   4.707650] HW.Memory <Error> core\memory.cpp:Memory::MemorySystem::Write:528: unmapped Write8 0x00000000 @ 0x00000A34 at PC 0x010F3548
[   4.707651] HW.Memory <Error> core\memory.cpp:Memory::MemorySystem::Write:528: unmapped Write8 0x00000000 @ 0x00000A35 at PC 0x010F3548
[   4.707651] HW.Memory <Error> core\memory.cpp:Memory::MemorySystem::Write:528: unmapped Write8 0x00000000 @ 0x00000A36 at PC 0x010F3548
[   4.707651] HW.Memory <Error> core\memory.cpp:Memory::MemorySystem::Write:528: unmapped Write8 0x00000000 @ 0x00000A37 at PC 0x010F3548
[   4.707652] HW.Memory <Error> core\memory.cpp:Memory::MemorySystem::Write:528: unmapped Write8 0x00000000 @ 0x00000A38 at PC 0x010F3548
[   4.707652] HW.Memory <Error> core\memory.cpp:Memory::MemorySystem::Write:528: unmapped Write8 0x00000000 @ 0x00000A39 at PC 0x010F3548
[   4.707653] HW.Memory <Error> core\memory.cpp:Memory::MemorySystem::Write:528: unmapped Write8 0x00000000 @ 0x00000A3A at PC 0x010F3548
[   4.707653] HW.Memory <Error> core\memory.cpp:Memory::MemorySystem::Write:528: unmapped Write8 0x00000000 @ 0x00000A3B at PC 0x010F3548
[   4.707654] HW.Memory <Error> core\memory.cpp:Memory::MemorySystem::Write:528: unmapped Write8 0x00000000 @ 0x00000A3C at PC 0x010F3548
[   4.707654] HW.Memory <Error> core\memory.cpp:Memory::MemorySystem::Write:528: unmapped Write8 0x00000000 @ 0x00000A3D at PC 0x010F3548
[   4.707655] HW.Memory <Error> core\memory.cpp:Memory::MemorySystem::Write:528: unmapped Write8 0x00000000 @ 0x00000A3E at PC 0x010F3548
[   4.707655] HW.Memory <Error> core\memory.cpp:Memory::MemorySystem::Write:528: unmapped Write8 0x00000000 @ 0x00000A3F at PC 0x010F3548
[   4.707656] HW.Memory <Error> core\memory.cpp:Memory::MemorySystem::Write:528: unmapped Write8 0x00000000 @ 0x00000A40 at PC 0x010F3548
[   4.707656] HW.Memory <Error> core\memory.cpp:Memory::MemorySystem::Write:528: unmapped Write8 0x00000000 @ 0x00000A41 at PC 0x010F3548
[   4.707657] HW.Memory <Error> core\memory.cpp:Memory::MemorySystem::Write:528: unmapped Write8 0x00000000 @ 0x00000A42 at PC 0x010F3548
[   4.707657] HW.Memory <Error> core\memory.cpp:Memory::MemorySystem::Write:528: unmapped Write8 0x00000000 @ 0x00000A43 at PC 0x010F3548
[   4.707657] HW.Memory <Error> core\memory.cpp:Memory::MemorySystem::Write:528: unmapped Write8 0x00000000 @ 0x00000A44 at PC 0x010F3548
[   4.707658] HW.Memory <Error> core\memory.cpp:Memory::MemorySystem::Write:528: unmapped Write8 0x00000000 @ 0x00000A45 at PC 0x010F3548
[   4.707658] HW.Memory <Error> core\memory.cpp:Memory::MemorySystem::Write:528: unmapped Write8 0x00000000 @ 0x00000A46 at PC 0x010F3548
[   4.707659] HW.Memory <Error> core\memory.cpp:Memory::MemorySystem::Write:528: unmapped Write8 0x00000000 @ 0x00000A47 at PC 0x010F3548
[   4.707659] HW.Memory <Error> core\memory.cpp:Memory::MemorySystem::Write:528: unmapped Write8 0x00000000 @ 0x00000A48 at PC 0x010F3548
[   4.707659] HW.Memory <Error> core\memory.cpp:Memory::MemorySystem::Write:528: unmapped Write8 0x00000000 @ 0x00000A49 at PC 0x010F3548
[   4.707660] HW.Memory <Error> core\memory.cpp:Memory::MemorySystem::Write:528: unmapped Write8 0x00000000 @ 0x00000A4A at PC 0x010F3548
[   4.707660] HW.Memory <Error> core\memory.cpp:Memory::MemorySystem::Write:528: unmapped Write8 0x00000000 @ 0x00000A4B at PC 0x010F3548
[   4.707661] HW.Memory <Error> core\memory.cpp:Memory::MemorySystem::Write:528: unmapped Write8 0x00000000 @ 0x00000A4C at PC 0x010F3548
[   4.707661] HW.Memory <Error> core\memory.cpp:Memory::MemorySystem::Write:528: unmapped Write8 0x00000000 @ 0x00000A4D at PC 0x010F3548
[   4.707661] HW.Memory <Error> core\memory.cpp:Memory::MemorySystem::Write:528: unmapped Write8 0x00000000 @ 0x00000A4E at PC 0x010F3548
[   4.707662] HW.Memory <Error> core\memory.cpp:Memory::MemorySystem::Write:528: unmapped Write8 0x00000000 @ 0x00000A4F at PC 0x010F3548
[   4.707662] HW.Memory <Error> core\memory.cpp:Memory::MemorySystem::Write:528: unmapped Write8 0x00000000 @ 0x00000A50 at PC 0x010F3548
[   4.707663] HW.Memory <Error> core\memory.cpp:Memory::MemorySystem::Write:528: unmapped Write8 0x00000000 @ 0x00000A51 at PC 0x010F3548
[   4.707663] HW.Memory <Error> core\memory.cpp:Memory::MemorySystem::Write:528: unmapped Write8 0x00000000 @ 0x00000A52 at PC 0x010F3548
[   4.707663] HW.Memory <Error> core\memory.cpp:Memory::MemorySystem::Write:528: unmapped Write8 0x00000000 @ 0x00000A53 at PC 0x010F3548
[   4.707664] HW.Memory <Error> core\memory.cpp:Memory::MemorySystem::Write:528: unmapped Write8 0x00000000 @ 0x00000A54 at PC 0x010F3548
[   4.707664] HW.Memory <Error> core\memory.cpp:Memory::MemorySystem::Write:528: unmapped Write8 0x00000000 @ 0x00000A55 at PC 0x010F3548
[   4.707665] HW.Memory <Error> core\memory.cpp:Memory::MemorySystem::Write:528: unmapped Write8 0x00000000 @ 0x00000A56 at PC 0x010F3548
[   4.707665] HW.Memory <Error> core\memory.cpp:Memory::MemorySystem::Write:528: unmapped Write8 0x00000000 @ 0x00000A57 at PC 0x010F3548
[   4.707666] HW.Memory <Error> core\memory.cpp:Memory::MemorySystem::Write:528: unmapped Write8 0x00000000 @ 0x00000A58 at PC 0x010F3548
[   4.707666] HW.Memory <Error> core\memory.cpp:Memory::MemorySystem::Write:528: unmapped Write8 0x00000000 @ 0x00000A59 at PC 0x010F3548
[   4.707666] HW.Memory <Error> core\memory.cpp:Memory::MemorySystem::Write:528: unmapped Write8 0x00000000 @ 0x00000A5A at PC 0x010F3548
[   4.707667] HW.Memory <Error> core\memory.cpp:Memory::MemorySystem::Write:528: unmapped Write8 0x00000000 @ 0x00000A5B at PC 0x010F3548
[   4.707667] HW.Memory <Error> core\memory.cpp:Memory::MemorySystem::Write:528: unmapped Write8 0x00000000 @ 0x00000A5C at PC 0x010F3548
[   4.707668] HW.Memory <Error> core\memory.cpp:Memory::MemorySystem::Write:528: unmapped Write8 0x00000000 @ 0x00000A5D at PC 0x010F3548
[   4.707668] HW.Memory <Error> core\memory.cpp:Memory::MemorySystem::Write:528: unmapped Write8 0x00000000 @ 0x00000A5E at PC 0x010F3548
[   4.707668] HW.Memory <Error> core\memory.cpp:Memory::MemorySystem::Write:528: unmapped Write8 0x00000000 @ 0x00000A5F at PC 0x010F3548
[   4.707669] HW.Memory <Error> core\memory.cpp:Memory::MemorySystem::Write:528: unmapped Write8 0x00000000 @ 0x00000A60 at PC 0x010F3548
[   4.707669] HW.Memory <Error> core\memory.cpp:Memory::MemorySystem::Write:528: unmapped Write8 0x00000000 @ 0x00000A61 at PC 0x010F3548
[   4.707670] HW.Memory <Error> core\memory.cpp:Memory::MemorySystem::Write:528: unmapped Write8 0x00000000 @ 0x00000A62 at PC 0x010F3548
[   4.707670] HW.Memory <Error> core\memory.cpp:Memory::MemorySystem::Write:528: unmapped Write8 0x00000000 @ 0x00000A63 at PC 0x010F3548
[   4.707671] HW.Memory <Error> core\memory.cpp:Memory::MemorySystem::Write:528: unmapped Write8 0x00000000 @ 0x00000A64 at PC 0x010F3548
[   4.707672] HW.Memory <Error> core\memory.cpp:Memory::MemorySystem::Write:528: unmapped Write8 0x00000000 @ 0x00000A65 at PC 0x010F3548
[   4.707672] HW.Memory <Error> core\memory.cpp:Memory::MemorySystem::Write:528: unmapped Write8 0x00000000 @ 0x00000A66 at PC 0x010F3548
[   4.707672] HW.Memory <Error> core\memory.cpp:Memory::MemorySystem::Write:528: unmapped Write8 0x00000000 @ 0x00000A67 at PC 0x010F3548
[   4.707673] HW.Memory <Error> core\memory.cpp:Memory::MemorySystem::Write:528: unmapped Write8 0x00000000 @ 0x00000A68 at PC 0x010F3548
[   4.707674] HW.Memory <Error> core\memory.cpp:Memory::MemorySystem::Write:528: unmapped Write8 0x00000000 @ 0x00000A69 at PC 0x010F3548
[   4.707674] HW.Memory <Error> core\memory.cpp:Memory::MemorySystem::Write:528: unmapped Write8 0x00000000 @ 0x00000A6A at PC 0x010F3548
[   4.707674] HW.Memory <Error> core\memory.cpp:Memory::MemorySystem::Write:528: unmapped Write8 0x00000000 @ 0x00000A6B at PC 0x010F3548
[   4.707675] HW.Memory <Error> core\memory.cpp:Memory::MemorySystem::Write:528: unmapped Write8 0x00000000 @ 0x00000A6C at PC 0x010F3548
[   4.707675] HW.Memory <Error> core\memory.cpp:Memory::MemorySystem::Write:528: unmapped Write8 0x00000000 @ 0x00000A6D at PC 0x010F3548
[   4.707676] HW.Memory <Error> core\memory.cpp:Memory::MemorySystem::Write:528: unmapped Write8 0x00000000 @ 0x00000A6E at PC 0x010F3548
[   4.707676] HW.Memory <Error> core\memory.cpp:Memory::MemorySystem::Write:528: unmapped Write8 0x00000000 @ 0x00000A6F at PC 0x010F3548
[   4.707677] HW.Memory <Error> core\memory.cpp:Memory::MemorySystem::Write:528: unmapped Write8 0x00000000 @ 0x00000A70 at PC 0x010F3548
[   4.707677] HW.Memory <Error> core\memory.cpp:Memory::MemorySystem::Write:528: unmapped Write8 0x00000000 @ 0x00000A71 at PC 0x010F3548
[   4.707678] HW.Memory <Error> core\memory.cpp:Memory::MemorySystem::Write:528: unmapped Write8 0x00000000 @ 0x00000A72 at PC 0x010F3548
[   4.707678] HW.Memory <Error> core\memory.cpp:Memory::MemorySystem::Write:528: unmapped Write8 0x00000000 @ 0x00000A73 at PC 0x010F3548
[   4.707678] HW.Memory <Error> core\memory.cpp:Memory::MemorySystem::Write:528: unmapped Write8 0x00000000 @ 0x00000A74 at PC 0x010F3548
[   4.707679] HW.Memory <Error> core\memory.cpp:Memory::MemorySystem::Write:528: unmapped Write8 0x00000000 @ 0x00000A75 at PC 0x010F3548
[   4.707679] HW.Memory <Error> core\memory.cpp:Memory::MemorySystem::Write:528: unmapped Write8 0x00000000 @ 0x00000A76 at PC 0x010F3548
[   4.707680] HW.Memory <Error> core\memory.cpp:Memory::MemorySystem::Write:528: unmapped Write8 0x00000000 @ 0x00000A77 at PC 0x010F3548
[   4.707680] HW.Memory <Error> core\memory.cpp:Memory::MemorySystem::Write:528: unmapped Write8 0x00000000 @ 0x00000A78 at PC 0x010F3548
[   4.707681] HW.Memory <Error> core\memory.cpp:Memory::MemorySystem::Write:528: unmapped Write8 0x00000000 @ 0x00000A79 at PC 0x010F3548
[   4.707681] HW.Memory <Error> core\memory.cpp:Memory::MemorySystem::Write:528: unmapped Write8 0x00000000 @ 0x00000A7A at PC 0x010F3548
[   4.707682] HW.Memory <Error> core\memory.cpp:Memory::MemorySystem::Write:528: unmapped Write8 0x00000000 @ 0x00000A7B at PC 0x010F3548
[   4.707682] HW.Memory <Error> core\memory.cpp:Memory::MemorySystem::Write:528: unmapped Write8 0x00000000 @ 0x00000A7C at PC 0x010F3548
[   4.707683] HW.Memory <Error> core\memory.cpp:Memory::MemorySystem::Write:528: unmapped Write8 0x00000000 @ 0x00000A7D at PC 0x010F3548
[   4.707683] HW.Memory <Error> core\memory.cpp:Memory::MemorySystem::Write:528: unmapped Write8 0x00000000 @ 0x00000A7E at PC 0x010F3548
[   4.707683] HW.Memory <Error> core\memory.cpp:Memory::MemorySystem::Write:528: unmapped Write8 0x00000000 @ 0x00000A7F at PC 0x010F3548
[   4.707684] HW.Memory <Error> core\memory.cpp:Memory::MemorySystem::Write:528: unmapped Write8 0x00000000 @ 0x00000A80 at PC 0x010F3548
[   4.707684] HW.Memory <Error> core\memory.cpp:Memory::MemorySystem::Write:528: unmapped Write8 0x00000000 @ 0x00000A81 at PC 0x010F3548
[   4.707685] HW.Memory <Error> core\memory.cpp:Memory::MemorySystem::Write:528: unmapped Write8 0x00000000 @ 0x00000A82 at PC 0x010F3548
[   4.707685] HW.Memory <Error> core\memory.cpp:Memory::MemorySystem::Write:528: unmapped Write8 0x00000000 @ 0x00000A83 at PC 0x010F3548
[   4.707686] HW.Memory <Error> core\memory.cpp:Memory::MemorySystem::Write:528: unmapped Write8 0x00000000 @ 0x00000A84 at PC 0x010F3548
[   4.707686] HW.Memory <Error> core\memory.cpp:Memory::MemorySystem::Write:528: unmapped Write8 0x00000000 @ 0x00000A85 at PC 0x010F3548
[   4.707687] HW.Memory <Error> core\memory.cpp:Memory::MemorySystem::Write:528: unmapped Write8 0x00000000 @ 0x00000A86 at PC 0x010F3548
[   4.707687] HW.Memory <Error> core\memory.cpp:Memory::MemorySystem::Write:528: unmapped Write8 0x00000000 @ 0x00000A87 at PC 0x010F3548
[   4.707687] HW.Memory <Error> core\memory.cpp:Memory::MemorySystem::Write:528: unmapped Write8 0x00000000 @ 0x00000A88 at PC 0x010F3548
[   4.707688] HW.Memory <Error> core\memory.cpp:Memory::MemorySystem::Write:528: unmapped Write8 0x00000000 @ 0x00000A89 at PC 0x010F3548
[   4.707688] HW.Memory <Error> core\memory.cpp:Memory::MemorySystem::Write:528: unmapped Write8 0x00000000 @ 0x00000A8A at PC 0x010F3548
[   4.707689] HW.Memory <Error> core\memory.cpp:Memory::MemorySystem::Write:528: unmapped Write8 0x00000000 @ 0x00000A8B at PC 0x010F3548
[   4.707689] HW.Memory <Error> core\memory.cpp:Memory::MemorySystem::Write:528: unmapped Write8 0x00000000 @ 0x00000A8C at PC 0x010F3548
[   4.707690] HW.Memory <Error> core\memory.cpp:Memory::MemorySystem::Write:528: unmapped Write8 0x00000000 @ 0x00000A8D at PC 0x010F3548
[   4.707690] HW.Memory <Error> core\memory.cpp:Memory::MemorySystem::Write:528: unmapped Write8 0x00000000 @ 0x00000A8E at PC 0x010F3548
[   4.707691] HW.Memory <Error> core\memory.cpp:Memory::MemorySystem::Write:528: unmapped Write8 0x00000000 @ 0x00000A8F at PC 0x010F3548
[   4.707692] HW.Memory <Error> core\memory.cpp:Memory::MemorySystem::Write:528: unmapped Write8 0x00000000 @ 0x00000A90 at PC 0x010F3548
[   4.707692] HW.Memory <Error> core\memory.cpp:Memory::MemorySystem::Write:528: unmapped Write8 0x00000000 @ 0x00000A91 at PC 0x010F3548
[   4.707693] HW.Memory <Error> core\memory.cpp:Memory::MemorySystem::Write:528: unmapped Write8 0x00000000 @ 0x00000A92 at PC 0x010F3548
[   4.707693] HW.Memory <Error> core\memory.cpp:Memory::MemorySystem::Write:528: unmapped Write8 0x00000000 @ 0x00000A93 at PC 0x010F3548
[   4.707694] HW.Memory <Error> core\memory.cpp:Memory::MemorySystem::Write:528: unmapped Write8 0x00000000 @ 0x00000A94 at PC 0x010F3548
[   4.707694] HW.Memory <Error> core\memory.cpp:Memory::MemorySystem::Write:528: unmapped Write8 0x00000000 @ 0x00000A95 at PC 0x010F3548
[   4.707695] HW.Memory <Error> core\memory.cpp:Memory::MemorySystem::Write:528: unmapped Write8 0x00000000 @ 0x00000A96 at PC 0x010F3548
[   4.707696] HW.Memory <Error> core\memory.cpp:Memory::MemorySystem::Write:528: unmapped Write8 0x00000000 @ 0x00000A97 at PC 0x010F3548
[   4.707696] HW.Memory <Error> core\memory.cpp:Memory::MemorySystem::Write:528: unmapped Write8 0x00000000 @ 0x00000A98 at PC 0x010F3548
[   4.707697] HW.Memory <Error> core\memory.cpp:Memory::MemorySystem::Write:528: unmapped Write8 0x00000000 @ 0x00000A99 at PC 0x010F3548
[   4.707697] HW.Memory <Error> core\memory.cpp:Memory::MemorySystem::Write:528: unmapped Write8 0x00000000 @ 0x00000A9A at PC 0x010F3548
[   4.707698] HW.Memory <Error> core\memory.cpp:Memory::MemorySystem::Write:528: unmapped Write8 0x00000000 @ 0x00000A9B at PC 0x010F3548
[   4.707699] HW.Memory <Error> core\memory.cpp:Memory::MemorySystem::Write:528: unmapped Write8 0x00000000 @ 0x00000A9C at PC 0x010F3548
[   4.707700] HW.Memory <Error> core\memory.cpp:Memory::MemorySystem::Write:528: unmapped Write8 0x00000000 @ 0x00000A9D at PC 0x010F3548
[   4.707701] HW.Memory <Error> core\memory.cpp:Memory::MemorySystem::Write:528: unmapped Write8 0x00000000 @ 0x00000A9E at PC 0x010F3548
[   4.707701] HW.Memory <Error> core\memory.cpp:Memory::MemorySystem::Write:528: unmapped Write8 0x00000000 @ 0x00000A9F at PC 0x010F3548
[   4.707703] HW.Memory <Error> core\memory.cpp:Memory::MemorySystem::Write:528: unmapped Write8 0x00000000 @ 0x00000AA0 at PC 0x010F3548
[   4.707703] HW.Memory <Error> core\memory.cpp:Memory::MemorySystem::Write:528: unmapped Write8 0x00000000 @ 0x00000AA1 at PC 0x010F3548
[   4.707704] HW.Memory <Error> core\memory.cpp:Memory::MemorySystem::Write:528: unmapped Write8 0x00000000 @ 0x00000AA2 at PC 0x010F3548
[   4.707705] HW.Memory <Error> core\memory.cpp:Memory::MemorySystem::Write:528: unmapped Write8 0x00000000 @ 0x00000AA3 at PC 0x010F3548
[   4.707706] HW.Memory <Error> core\memory.cpp:Memory::MemorySystem::Write:528: unmapped Write8 0x00000000 @ 0x00000AA4 at PC 0x010F3548
[   4.707707] HW.Memory <Error> core\memory.cpp:Memory::MemorySystem::Write:528: unmapped Write8 0x00000000 @ 0x00000AA5 at PC 0x010F3548
[   4.707708] HW.Memory <Error> core\memory.cpp:Memory::MemorySystem::Write:528: unmapped Write8 0x00000000 @ 0x00000AA6 at PC 0x010F3548
[   4.707708] HW.Memory <Error> core\memory.cpp:Memory::MemorySystem::Write:528: unmapped Write8 0x00000000 @ 0x00000AA7 at PC 0x010F3548
[   4.707709] HW.Memory <Error> core\memory.cpp:Memory::MemorySystem::Write:528: unmapped Write8 0x00000000 @ 0x00000AA8 at PC 0x010F3548
[   4.707710] HW.Memory <Error> core\memory.cpp:Memory::MemorySystem::Write:528: unmapped Write8 0x00000000 @ 0x00000AA9 at PC 0x010F3548
[   4.707711] HW.Memory <Error> core\memory.cpp:Memory::MemorySystem::Write:528: unmapped Write8 0x00000000 @ 0x00000AAA at PC 0x010F3548
[   4.707712] HW.Memory <Error> core\memory.cpp:Memory::MemorySystem::Write:528: unmapped Write8 0x00000000 @ 0x00000AAB at PC 0x010F3548
[   4.707712] HW.Memory <Error> core\memory.cpp:Memory::MemorySystem::Write:528: unmapped Write8 0x00000000 @ 0x00000AAC at PC 0x010F3548
[   4.707735] HW.Memory <Error> core\memory.cpp:Memory::MemorySystem::Write:528: unmapped Write8 0x00000000 @ 0x00000AAD at PC 0x010F3548
[   4.707736] HW.Memory <Error> core\memory.cpp:Memory::MemorySystem::Write:528: unmapped Write8 0x00000000 @ 0x00000AAE at PC 0x010F3548
[   4.707736] HW.Memory <Error> core\memory.cpp:Memory::MemorySystem::Write:528: unmapped Write8 0x00000000 @ 0x00000AAF at PC 0x010F3548
[   4.707737] HW.Memory <Error> core\memory.cpp:Memory::MemorySystem::Write:528: unmapped Write8 0x00000000 @ 0x00000AB0 at PC 0x010F3548
[   4.707737] HW.Memory <Error> core\memory.cpp:Memory::MemorySystem::Write:528: unmapped Write8 0x00000000 @ 0x00000AB1 at PC 0x010F3548
[   4.707738] HW.Memory <Error> core\memory.cpp:Memory::MemorySystem::Write:528: unmapped Write8 0x00000000 @ 0x00000AB2 at PC 0x010F3548
[   4.707738] HW.Memory <Error> core\memory.cpp:Memory::MemorySystem::Write:528: unmapped Write8 0x00000000 @ 0x00000AB3 at PC 0x010F3548
[   4.707738] HW.Memory <Error> core\memory.cpp:Memory::MemorySystem::Write:528: unmapped Write8 0x00000000 @ 0x00000AB4 at PC 0x010F3548
[   4.707739] HW.Memory <Error> core\memory.cpp:Memory::MemorySystem::Write:528: unmapped Write8 0x00000000 @ 0x00000AB5 at PC 0x010F3548
[   4.707739] HW.Memory <Error> core\memory.cpp:Memory::MemorySystem::Write:528: unmapped Write8 0x00000000 @ 0x00000AB6 at PC 0x010F3548
[   4.707740] HW.Memory <Error> core\memory.cpp:Memory::MemorySystem::Write:528: unmapped Write8 0x00000000 @ 0x00000AB7 at PC 0x010F3548
[   4.707740] HW.Memory <Error> core\memory.cpp:Memory::MemorySystem::Write:528: unmapped Write8 0x00000000 @ 0x00000AB8 at PC 0x010F3548
[   4.707741] HW.Memory <Error> core\memory.cpp:Memory::MemorySystem::Write:528: unmapped Write8 0x00000000 @ 0x00000AB9 at PC 0x010F3548
[   4.707741] HW.Memory <Error> core\memory.cpp:Memory::MemorySystem::Write:528: unmapped Write8 0x00000000 @ 0x00000ABA at PC 0x010F3548
[   4.707742] HW.Memory <Error> core\memory.cpp:Memory::MemorySystem::Write:528: unmapped Write8 0x00000000 @ 0x00000ABB at PC 0x010F3548
[   4.707742] HW.Memory <Error> core\memory.cpp:Memory::MemorySystem::Write:528: unmapped Write8 0x00000000 @ 0x00000ABC at PC 0x010F3548
[   4.707743] HW.Memory <Error> core\memory.cpp:Memory::MemorySystem::Write:528: unmapped Write8 0x00000000 @ 0x00000ABD at PC 0x010F3548
[   4.707743] HW.Memory <Error> core\memory.cpp:Memory::MemorySystem::Write:528: unmapped Write8 0x00000000 @ 0x00000ABE at PC 0x010F3548
[   4.707743] HW.Memory <Error> core\memory.cpp:Memory::MemorySystem::Write:528: unmapped Write8 0x00000000 @ 0x00000ABF at PC 0x010F3548
[   4.707744] HW.Memory <Error> core\memory.cpp:Memory::MemorySystem::Write:528: unmapped Write8 0x00000000 @ 0x00000AC0 at PC 0x010F3548
[   4.707744] HW.Memory <Error> core\memory.cpp:Memory::MemorySystem::Write:528: unmapped Write8 0x00000000 @ 0x00000AC1 at PC 0x010F3548
[   4.707744] HW.Memory <Error> core\memory.cpp:Memory::MemorySystem::Write:528: unmapped Write8 0x00000000 @ 0x00000AC2 at PC 0x010F3548
[   4.707745] HW.Memory <Error> core\memory.cpp:Memory::MemorySystem::Write:528: unmapped Write8 0x00000000 @ 0x00000AC3 at PC 0x010F3548
[   4.707745] HW.Memory <Error> core\memory.cpp:Memory::MemorySystem::Write:528: unmapped Write8 0x00000000 @ 0x00000AC4 at PC 0x010F3548
[   4.707746] HW.Memory <Error> core\memory.cpp:Memory::MemorySystem::Write:528: unmapped Write8 0x00000000 @ 0x00000AC5 at PC 0x010F3548
[   4.707746] HW.Memory <Error> core\memory.cpp:Memory::MemorySystem::Write:528: unmapped Write8 0x00000000 @ 0x00000AC6 at PC 0x010F3548
[   4.707746] HW.Memory <Error> core\memory.cpp:Memory::MemorySystem::Write:528: unmapped Write8 0x00000000 @ 0x00000AC7 at PC 0x010F3548
[   4.707747] HW.Memory <Error> core\memory.cpp:Memory::MemorySystem::Write:528: unmapped Write8 0x00000000 @ 0x00000AC8 at PC 0x010F3548
[   4.707747] HW.Memory <Error> core\memory.cpp:Memory::MemorySystem::Write:528: unmapped Write8 0x00000000 @ 0x00000AC9 at PC 0x010F3548
[   4.707748] HW.Memory <Error> core\memory.cpp:Memory::MemorySystem::Write:528: unmapped Write8 0x00000000 @ 0x00000ACA at PC 0x010F3548
[   4.707748] HW.Memory <Error> core\memory.cpp:Memory::MemorySystem::Write:528: unmapped Write8 0x00000000 @ 0x00000ACB at PC 0x010F3548
[   4.707748] HW.Memory <Error> core\memory.cpp:Memory::MemorySystem::Write:528: unmapped Write8 0x00000000 @ 0x00000ACC at PC 0x010F3548
[   4.707749] HW.Memory <Error> core\memory.cpp:Memory::MemorySystem::Write:528: unmapped Write8 0x00000000 @ 0x00000ACD at PC 0x010F3548
[   4.707749] HW.Memory <Error> core\memory.cpp:Memory::MemorySystem::Write:528: unmapped Write8 0x00000000 @ 0x00000ACE at PC 0x010F3548
[   4.707750] HW.Memory <Error> core\memory.cpp:Memory::MemorySystem::Write:528: unmapped Write8 0x00000000 @ 0x00000ACF at PC 0x010F3548
[   4.707750] HW.Memory <Error> core\memory.cpp:Memory::MemorySystem::Write:528: unmapped Write8 0x00000000 @ 0x00000AD0 at PC 0x010F3548
[   4.707750] HW.Memory <Error> core\memory.cpp:Memory::MemorySystem::Write:528: unmapped Write8 0x00000000 @ 0x00000AD1 at PC 0x010F3548
[   4.707751] HW.Memory <Error> core\memory.cpp:Memory::MemorySystem::Write:528: unmapped Write8 0x00000000 @ 0x00000AD2 at PC 0x010F3548
[   4.707751] HW.Memory <Error> core\memory.cpp:Memory::MemorySystem::Write:528: unmapped Write8 0x00000000 @ 0x00000AD3 at PC 0x010F3548
[   4.707751] HW.Memory <Error> core\memory.cpp:Memory::MemorySystem::Write:528: unmapped Write8 0x00000000 @ 0x00000AD4 at PC 0x010F3548
[   4.707752] HW.Memory <Error> core\memory.cpp:Memory::MemorySystem::Write:528: unmapped Write8 0x00000000 @ 0x00000AD5 at PC 0x010F3548
[   4.707752] HW.Memory <Error> core\memory.cpp:Memory::MemorySystem::Write:528: unmapped Write8 0x00000000 @ 0x00000AD6 at PC 0x010F3548
[   4.707752] HW.Memory <Error> core\memory.cpp:Memory::MemorySystem::Write:528: unmapped Write8 0x00000000 @ 0x00000AD7 at PC 0x010F3548
[   4.707753] HW.Memory <Error> core\memory.cpp:Memory::MemorySystem::Write:528: unmapped Write8 0x00000000 @ 0x00000AD8 at PC 0x010F3548
[   4.707753] HW.Memory <Error> core\memory.cpp:Memory::MemorySystem::Write:528: unmapped Write8 0x00000000 @ 0x00000AD9 at PC 0x010F3548
[   4.707754] HW.Memory <Error> core\memory.cpp:Memory::MemorySystem::Write:528: unmapped Write8 0x00000000 @ 0x00000ADA at PC 0x010F3548
[   4.707754] HW.Memory <Error> core\memory.cpp:Memory::MemorySystem::Write:528: unmapped Write8 0x00000000 @ 0x00000ADB at PC 0x010F3548
[   4.707755] HW.Memory <Error> core\memory.cpp:Memory::MemorySystem::Write:528: unmapped Write8 0x00000000 @ 0x00000ADC at PC 0x010F3548
[   4.707755] HW.Memory <Error> core\memory.cpp:Memory::MemorySystem::Write:528: unmapped Write8 0x00000000 @ 0x00000ADD at PC 0x010F3548
[   4.707755] HW.Memory <Error> core\memory.cpp:Memory::MemorySystem::Write:528: unmapped Write8 0x00000000 @ 0x00000ADE at PC 0x010F3548
[   4.707756] HW.Memory <Error> core\memory.cpp:Memory::MemorySystem::Write:528: unmapped Write8 0x00000000 @ 0x00000ADF at PC 0x010F3548
[   4.707756] HW.Memory <Error> core\memory.cpp:Memory::MemorySystem::Write:528: unmapped Write8 0x00000000 @ 0x00000AE0 at PC 0x010F3548
[   4.707757] HW.Memory <Error> core\memory.cpp:Memory::MemorySystem::Write:528: unmapped Write8 0x00000000 @ 0x00000AE1 at PC 0x010F3548
[   4.707757] HW.Memory <Error> core\memory.cpp:Memory::MemorySystem::Write:528: unmapped Write8 0x00000000 @ 0x00000AE2 at PC 0x010F3548
[   4.707758] HW.Memory <Error> core\memory.cpp:Memory::MemorySystem::Write:528: unmapped Write8 0x00000000 @ 0x00000AE3 at PC 0x010F3548
[   4.707758] HW.Memory <Error> core\memory.cpp:Memory::MemorySystem::Write:528: unmapped Write8 0x00000000 @ 0x00000AE4 at PC 0x010F3548
[   4.707759] HW.Memory <Error> core\memory.cpp:Memory::MemorySystem::Write:528: unmapped Write8 0x00000000 @ 0x00000AE5 at PC 0x010F3548
[   4.707759] HW.Memory <Error> core\memory.cpp:Memory::MemorySystem::Write:528: unmapped Write8 0x00000000 @ 0x00000AE6 at PC 0x010F3548
[   4.707760] HW.Memory <Error> core\memory.cpp:Memory::MemorySystem::Write:528: unmapped Write8 0x00000000 @ 0x00000AE7 at PC 0x010F3548
[   4.707760] HW.Memory <Error> core\memory.cpp:Memory::MemorySystem::Write:528: unmapped Write8 0x00000000 @ 0x00000AE8 at PC 0x010F3548
[   4.707761] HW.Memory <Error> core\memory.cpp:Memory::MemorySystem::Write:528: unmapped Write8 0x00000000 @ 0x00000AE9 at PC 0x010F3548
[   4.707761] HW.Memory <Error> core\memory.cpp:Memory::MemorySystem::Write:528: unmapped Write8 0x00000000 @ 0x00000AEA at PC 0x010F3548
[   4.707761] HW.Memory <Error> core\memory.cpp:Memory::MemorySystem::Write:528: unmapped Write8 0x00000000 @ 0x00000AEB at PC 0x010F3548
[   4.707762] HW.Memory <Error> core\memory.cpp:Memory::MemorySystem::Write:528: unmapped Write8 0x00000000 @ 0x00000AEC at PC 0x010F3548
[   4.707762] HW.Memory <Error> core\memory.cpp:Memory::MemorySystem::Write:528: unmapped Write8 0x00000000 @ 0x00000AED at PC 0x010F3548
[   4.707763] HW.Memory <Error> core\memory.cpp:Memory::MemorySystem::Write:528: unmapped Write8 0x00000000 @ 0x00000AEE at PC 0x010F3548
[   4.707763] HW.Memory <Error> core\memory.cpp:Memory::MemorySystem::Write:528: unmapped Write8 0x00000000 @ 0x00000AEF at PC 0x010F3548
[   4.707764] HW.Memory <Error> core\memory.cpp:Memory::MemorySystem::Write:528: unmapped Write8 0x00000000 @ 0x00000AF0 at PC 0x010F3548
[   4.707764] HW.Memory <Error> core\memory.cpp:Memory::MemorySystem::Write:528: unmapped Write8 0x00000000 @ 0x00000AF1 at PC 0x010F3548
[   4.707765] HW.Memory <Error> core\memory.cpp:Memory::MemorySystem::Write:528: unmapped Write8 0x00000000 @ 0x00000AF2 at PC 0x010F3548
[   4.707765] HW.Memory <Error> core\memory.cpp:Memory::MemorySystem::Write:528: unmapped Write8 0x00000000 @ 0x00000AF3 at PC 0x010F3548
[   4.707766] HW.Memory <Error> core\memory.cpp:Memory::MemorySystem::Write:528: unmapped Write8 0x00000000 @ 0x00000AF4 at PC 0x010F3548
[   4.707766] HW.Memory <Error> core\memory.cpp:Memory::MemorySystem::Write:528: unmapped Write8 0x00000000 @ 0x00000AF5 at PC 0x010F3548
[   4.707767] HW.Memory <Error> core\memory.cpp:Memory::MemorySystem::Write:528: unmapped Write8 0x00000000 @ 0x00000AF6 at PC 0x010F3548
[   4.707767] HW.Memory <Error> core\memory.cpp:Memory::MemorySystem::Write:528: unmapped Write8 0x00000000 @ 0x00000AF7 at PC 0x010F3548
[   4.707768] HW.Memory <Error> core\memory.cpp:Memory::MemorySystem::Write:528: unmapped Write8 0x00000000 @ 0x00000AF8 at PC 0x010F3548
[   4.707768] HW.Memory <Error> core\memory.cpp:Memory::MemorySystem::Write:528: unmapped Write8 0x00000000 @ 0x00000AF9 at PC 0x010F3548
[   4.707768] HW.Memory <Error> core\memory.cpp:Memory::MemorySystem::Write:528: unmapped Write8 0x00000000 @ 0x00000AFA at PC 0x010F3548
[   4.707769] HW.Memory <Error> core\memory.cpp:Memory::MemorySystem::Write:528: unmapped Write8 0x00000000 @ 0x00000AFB at PC 0x010F3548
[   4.707770] HW.Memory <Error> core\memory.cpp:Memory::MemorySystem::Write:528: unmapped Write8 0x00000000 @ 0x00000AFC at PC 0x010F3548
[   4.707770] HW.Memory <Error> core\memory.cpp:Memory::MemorySystem::Write:528: unmapped Write8 0x00000000 @ 0x00000AFD at PC 0x010F3548
[   4.707770] HW.Memory <Error> core\memory.cpp:Memory::MemorySystem::Write:528: unmapped Write8 0x00000000 @ 0x00000AFE at PC 0x010F3548
[   4.707771] HW.Memory <Error> core\memory.cpp:Memory::MemorySystem::Write:528: unmapped Write8 0x00000000 @ 0x00000AFF at PC 0x010F3548
[   4.707771] HW.Memory <Error> core\memory.cpp:Memory::MemorySystem::Write:528: unmapped Write8 0x00000000 @ 0x00000B00 at PC 0x010F3548
[   4.707772] HW.Memory <Error> core\memory.cpp:Memory::MemorySystem::Write:528: unmapped Write8 0x00000000 @ 0x00000B01 at PC 0x010F3548
[   4.707772] HW.Memory <Error> core\memory.cpp:Memory::MemorySystem::Write:528: unmapped Write8 0x00000000 @ 0x00000B02 at PC 0x010F3548
[   4.707773] HW.Memory <Error> core\memory.cpp:Memory::MemorySystem::Write:528: unmapped Write8 0x00000000 @ 0x00000B03 at PC 0x010F3548
[   4.707773] HW.Memory <Error> core\memory.cpp:Memory::MemorySystem::Write:528: unmapped Write8 0x00000000 @ 0x00000B04 at PC 0x010F3548
[   4.707774] HW.Memory <Error> core\memory.cpp:Memory::MemorySystem::Write:528: unmapped Write8 0x00000000 @ 0x00000B05 at PC 0x010F3548
[   4.707774] HW.Memory <Error> core\memory.cpp:Memory::MemorySystem::Write:528: unmapped Write8 0x00000000 @ 0x00000B06 at PC 0x010F3548
[   4.707774] HW.Memory <Error> core\memory.cpp:Memory::MemorySystem::Write:528: unmapped Write8 0x00000000 @ 0x00000B07 at PC 0x010F3548
[   4.707775] HW.Memory <Error> core\memory.cpp:Memory::MemorySystem::Write:528: unmapped Write8 0x00000000 @ 0x00000B08 at PC 0x010F3548
[   4.707775] HW.Memory <Error> core\memory.cpp:Memory::MemorySystem::Write:528: unmapped Write8 0x00000000 @ 0x00000B09 at PC 0x010F3548
[   4.707776] HW.Memory <Error> core\memory.cpp:Memory::MemorySystem::Write:528: unmapped Write8 0x00000000 @ 0x00000B0A at PC 0x010F3548
[   4.707776] HW.Memory <Error> core\memory.cpp:Memory::MemorySystem::Write:528: unmapped Write8 0x00000000 @ 0x00000B0B at PC 0x010F3548
[   4.707776] HW.Memory <Error> core\memory.cpp:Memory::MemorySystem::Write:528: unmapped Write8 0x00000000 @ 0x00000B0C at PC 0x010F3548
[   4.707777] HW.Memory <Error> core\memory.cpp:Memory::MemorySystem::Write:528: unmapped Write8 0x00000000 @ 0x00000B0D at PC 0x010F3548
[   4.707777] HW.Memory <Error> core\memory.cpp:Memory::MemorySystem::Write:528: unmapped Write8 0x00000000 @ 0x00000B0E at PC 0x010F3548
[   4.707778] HW.Memory <Error> core\memory.cpp:Memory::MemorySystem::Write:528: unmapped Write8 0x00000000 @ 0x00000B0F at PC 0x010F3548
[   4.707778] HW.Memory <Error> core\memory.cpp:Memory::MemorySystem::Write:528: unmapped Write8 0x00000000 @ 0x00000B10 at PC 0x010F3548
[   4.707778] HW.Memory <Error> core\memory.cpp:Memory::MemorySystem::Write:528: unmapped Write8 0x00000000 @ 0x00000B11 at PC 0x010F3548
[   4.707779] HW.Memory <Error> core\memory.cpp:Memory::MemorySystem::Write:528: unmapped Write8 0x00000000 @ 0x00000B12 at PC 0x010F3548
[   4.707779] HW.Memory <Error> core\memory.cpp:Memory::MemorySystem::Write:528: unmapped Write8 0x00000000 @ 0x00000B13 at PC 0x010F3548
[   4.707780] HW.Memory <Error> core\memory.cpp:Memory::MemorySystem::Write:528: unmapped Write8 0x00000000 @ 0x00000B14 at PC 0x010F3548
[   4.707780] HW.Memory <Error> core\memory.cpp:Memory::MemorySystem::Write:528: unmapped Write8 0x00000000 @ 0x00000B15 at PC 0x010F3548
[   4.707781] HW.Memory <Error> core\memory.cpp:Memory::MemorySystem::Write:528: unmapped Write8 0x00000000 @ 0x00000B16 at PC 0x010F3548
[   4.707781] HW.Memory <Error> core\memory.cpp:Memory::MemorySystem::Write:528: unmapped Write8 0x00000000 @ 0x00000B17 at PC 0x010F3548
[   4.707781] HW.Memory <Error> core\memory.cpp:Memory::MemorySystem::Write:528: unmapped Write8 0x00000000 @ 0x00000B18 at PC 0x010F3548
[   4.707782] HW.Memory <Error> core\memory.cpp:Memory::MemorySystem::Write:528: unmapped Write8 0x00000000 @ 0x00000B19 at PC 0x010F3548
[   4.707782] HW.Memory <Error> core\memory.cpp:Memory::MemorySystem::Write:528: unmapped Write8 0x00000000 @ 0x00000B1A at PC 0x010F3548
[   4.707783] HW.Memory <Error> core\memory.cpp:Memory::MemorySystem::Write:528: unmapped Write8 0x00000000 @ 0x00000B1B at PC 0x010F3548
[   4.707783] HW.Memory <Error> core\memory.cpp:Memory::MemorySystem::Write:528: unmapped Write8 0x00000000 @ 0x00000B1C at PC 0x010F3548
[   4.707783] HW.Memory <Error> core\memory.cpp:Memory::MemorySystem::Write:528: unmapped Write8 0x00000000 @ 0x00000B1D at PC 0x010F3548
[   4.707784] HW.Memory <Error> core\memory.cpp:Memory::MemorySystem::Write:528: unmapped Write8 0x00000000 @ 0x00000B1E at PC 0x010F3548
[   4.707784] HW.Memory <Error> core\memory.cpp:Memory::MemorySystem::Write:528: unmapped Write8 0x00000000 @ 0x00000B1F at PC 0x010F3548
[   4.707785] HW.Memory <Error> core\memory.cpp:Memory::MemorySystem::Write:528: unmapped Write8 0x00000000 @ 0x00000B20 at PC 0x010F3548
[   4.707785] HW.Memory <Error> core\memory.cpp:Memory::MemorySystem::Write:528: unmapped Write8 0x00000000 @ 0x00000B21 at PC 0x010F3548
[   4.707786] HW.Memory <Error> core\memory.cpp:Memory::MemorySystem::Write:528: unmapped Write8 0x00000000 @ 0x00000B22 at PC 0x010F3548
[   4.707786] HW.Memory <Error> core\memory.cpp:Memory::MemorySystem::Write:528: unmapped Write8 0x00000000 @ 0x00000B23 at PC 0x010F3548
[   4.707786] HW.Memory <Error> core\memory.cpp:Memory::MemorySystem::Write:528: unmapped Write8 0x00000000 @ 0x00000B24 at PC 0x010F3548
[   4.707787] HW.Memory <Error> core\memory.cpp:Memory::MemorySystem::Write:528: unmapped Write8 0x00000000 @ 0x00000B25 at PC 0x010F3548
[   4.707787] HW.Memory <Error> core\memory.cpp:Memory::MemorySystem::Write:528: unmapped Write8 0x00000000 @ 0x00000B26 at PC 0x010F3548
[   4.707788] HW.Memory <Error> core\memory.cpp:Memory::MemorySystem::Write:528: unmapped Write8 0x00000000 @ 0x00000B27 at PC 0x010F3548
[   4.707788] HW.Memory <Error> core\memory.cpp:Memory::MemorySystem::Write:528: unmapped Write8 0x00000000 @ 0x00000B28 at PC 0x010F3548
[   4.707789] HW.Memory <Error> core\memory.cpp:Memory::MemorySystem::Write:528: unmapped Write8 0x00000000 @ 0x00000B29 at PC 0x010F3548
[   4.707789] HW.Memory <Error> core\memory.cpp:Memory::MemorySystem::Write:528: unmapped Write8 0x00000000 @ 0x00000B2A at PC 0x010F3548
[   4.707790] HW.Memory <Error> core\memory.cpp:Memory::MemorySystem::Write:528: unmapped Write8 0x00000000 @ 0x00000B2B at PC 0x010F3548
[   4.707790] HW.Memory <Error> core\memory.cpp:Memory::MemorySystem::Write:528: unmapped Write8 0x00000000 @ 0x00000B2C at PC 0x010F3548
[   4.707791] HW.Memory <Error> core\memory.cpp:Memory::MemorySystem::Write:528: unmapped Write8 0x00000000 @ 0x00000B2D at PC 0x010F3548
[   4.707791] HW.Memory <Error> core\memory.cpp:Memory::MemorySystem::Write:528: unmapped Write8 0x00000000 @ 0x00000B2E at PC 0x010F3548
[   4.707791] HW.Memory <Error> core\memory.cpp:Memory::MemorySystem::Write:528: unmapped Write8 0x00000000 @ 0x00000B2F at PC 0x010F3548
[   4.707792] HW.Memory <Error> core\memory.cpp:Memory::MemorySystem::Write:528: unmapped Write8 0x00000000 @ 0x00000B30 at PC 0x010F3548
[   4.707792] HW.Memory <Error> core\memory.cpp:Memory::MemorySystem::Write:528: unmapped Write8 0x00000000 @ 0x00000B31 at PC 0x010F3548
[   4.707793] HW.Memory <Error> core\memory.cpp:Memory::MemorySystem::Write:528: unmapped Write8 0x00000000 @ 0x00000B32 at PC 0x010F3548
[   4.707793] HW.Memory <Error> core\memory.cpp:Memory::MemorySystem::Write:528: unmapped Write8 0x00000000 @ 0x00000B33 at PC 0x010F3548
[   4.707793] HW.Memory <Error> core\memory.cpp:Memory::MemorySystem::Write:528: unmapped Write8 0x00000000 @ 0x00000B34 at PC 0x010F3548
[   4.707794] HW.Memory <Error> core\memory.cpp:Memory::MemorySystem::Write:528: unmapped Write8 0x00000000 @ 0x00000B35 at PC 0x010F3548
[   4.707794] HW.Memory <Error> core\memory.cpp:Memory::MemorySystem::Write:528: unmapped Write8 0x00000000 @ 0x00000B36 at PC 0x010F3548
[   4.707795] HW.Memory <Error> core\memory.cpp:Memory::MemorySystem::Write:528: unmapped Write8 0x00000000 @ 0x00000B37 at PC 0x010F3548
[   4.707795] HW.Memory <Error> core\memory.cpp:Memory::MemorySystem::Write:528: unmapped Write8 0x00000000 @ 0x00000B38 at PC 0x010F3548
[   4.707796] HW.Memory <Error> core\memory.cpp:Memory::MemorySystem::Write:528: unmapped Write8 0x00000000 @ 0x00000B39 at PC 0x010F3548
[   4.707796] HW.Memory <Error> core\memory.cpp:Memory::MemorySystem::Write:528: unmapped Write8 0x00000000 @ 0x00000B3A at PC 0x010F3548
[   4.707797] HW.Memory <Error> core\memory.cpp:Memory::MemorySystem::Write:528: unmapped Write8 0x00000000 @ 0x00000B3B at PC 0x010F3548
[   4.707797] HW.Memory <Error> core\memory.cpp:Memory::MemorySystem::Write:528: unmapped Write8 0x00000000 @ 0x00000B3C at PC 0x010F3548
[   4.707798] HW.Memory <Error> core\memory.cpp:Memory::MemorySystem::Write:528: unmapped Write8 0x00000000 @ 0x00000B3D at PC 0x010F3548
[   4.707798] HW.Memory <Error> core\memory.cpp:Memory::MemorySystem::Write:528: unmapped Write8 0x00000000 @ 0x00000B3E at PC 0x010F3548
[   4.707798] HW.Memory <Error> core\memory.cpp:Memory::MemorySystem::Write:528: unmapped Write8 0x00000000 @ 0x00000B3F at PC 0x010F3548
[   4.707799] HW.Memory <Error> core\memory.cpp:Memory::MemorySystem::Write:528: unmapped Write8 0x00000000 @ 0x00000B40 at PC 0x010F3548
[   4.707799] HW.Memory <Error> core\memory.cpp:Memory::MemorySystem::Write:528: unmapped Write8 0x00000000 @ 0x00000B41 at PC 0x010F3548
[   4.707800] HW.Memory <Error> core\memory.cpp:Memory::MemorySystem::Write:528: unmapped Write8 0x00000000 @ 0x00000B42 at PC 0x010F3548
[   4.707800] HW.Memory <Error> core\memory.cpp:Memory::MemorySystem::Write:528: unmapped Write8 0x00000000 @ 0x00000B43 at PC 0x010F3548
[   4.707801] HW.Memory <Error> core\memory.cpp:Memory::MemorySystem::Write:528: unmapped Write8 0x00000000 @ 0x00000B44 at PC 0x010F3548
[   4.707801] HW.Memory <Error> core\memory.cpp:Memory::MemorySystem::Write:528: unmapped Write8 0x00000000 @ 0x00000B45 at PC 0x010F3548
[   4.707801] HW.Memory <Error> core\memory.cpp:Memory::MemorySystem::Write:528: unmapped Write8 0x00000000 @ 0x00000B46 at PC 0x010F3548
[   4.707802] HW.Memory <Error> core\memory.cpp:Memory::MemorySystem::Write:528: unmapped Write8 0x00000000 @ 0x00000B47 at PC 0x010F3548
[   4.707802] HW.Memory <Error> core\memory.cpp:Memory::MemorySystem::Write:528: unmapped Write8 0x00000000 @ 0x00000B48 at PC 0x010F3548
[   4.707803] HW.Memory <Error> core\memory.cpp:Memory::MemorySystem::Write:528: unmapped Write8 0x00000000 @ 0x00000B49 at PC 0x010F3548
[   4.707803] HW.Memory <Error> core\memory.cpp:Memory::MemorySystem::Write:528: unmapped Write8 0x00000000 @ 0x00000B4A at PC 0x010F3548
[   4.707803] HW.Memory <Error> core\memory.cpp:Memory::MemorySystem::Write:528: unmapped Write8 0x00000000 @ 0x00000B4B at PC 0x010F3548
[   4.707804] HW.Memory <Error> core\memory.cpp:Memory::MemorySystem::Write:528: unmapped Write8 0x00000000 @ 0x00000B4C at PC 0x010F3548
[   4.707804] HW.Memory <Error> core\memory.cpp:Memory::MemorySystem::Write:528: unmapped Write8 0x00000000 @ 0x00000B4D at PC 0x010F3548
[   4.707805] HW.Memory <Error> core\memory.cpp:Memory::MemorySystem::Write:528: unmapped Write8 0x00000000 @ 0x00000B4E at PC 0x010F3548
[   4.707805] HW.Memory <Error> core\memory.cpp:Memory::MemorySystem::Write:528: unmapped Write8 0x00000000 @ 0x00000B4F at PC 0x010F3548
[   4.707805] HW.Memory <Error> core\memory.cpp:Memory::MemorySystem::Write:528: unmapped Write8 0x00000000 @ 0x00000B50 at PC 0x010F3548
[   4.707806] HW.Memory <Error> core\memory.cpp:Memory::MemorySystem::Write:528: unmapped Write8 0x00000000 @ 0x00000B51 at PC 0x010F3548
[   4.707806] HW.Memory <Error> core\memory.cpp:Memory::MemorySystem::Write:528: unmapped Write8 0x00000000 @ 0x00000B52 at PC 0x010F3548
[   4.707807] HW.Memory <Error> core\memory.cpp:Memory::MemorySystem::Write:528: unmapped Write8 0x00000000 @ 0x00000B53 at PC 0x010F3548
[   4.707807] HW.Memory <Error> core\memory.cpp:Memory::MemorySystem::Write:528: unmapped Write8 0x00000000 @ 0x00000B54 at PC 0x010F3548
[   4.707807] HW.Memory <Error> core\memory.cpp:Memory::MemorySystem::Write:528: unmapped Write8 0x00000000 @ 0x00000B55 at PC 0x010F3548
[   4.707808] HW.Memory <Error> core\memory.cpp:Memory::MemorySystem::Write:528: unmapped Write8 0x00000000 @ 0x00000B56 at PC 0x010F3548
[   4.707808] HW.Memory <Error> core\memory.cpp:Memory::MemorySystem::Write:528: unmapped Write8 0x00000000 @ 0x00000B57 at PC 0x010F3548
[   4.707809] HW.Memory <Error> core\memory.cpp:Memory::MemorySystem::Write:528: unmapped Write8 0x00000000 @ 0x00000B58 at PC 0x010F3548
[   4.707809] HW.Memory <Error> core\memory.cpp:Memory::MemorySystem::Write:528: unmapped Write8 0x00000000 @ 0x00000B59 at PC 0x010F3548
[   4.707809] HW.Memory <Error> core\memory.cpp:Memory::MemorySystem::Write:528: unmapped Write8 0x00000000 @ 0x00000B5A at PC 0x010F3548
[   4.707810] HW.Memory <Error> core\memory.cpp:Memory::MemorySystem::Write:528: unmapped Write8 0x00000000 @ 0x00000B5B at PC 0x010F3548
[   4.707810] HW.Memory <Error> core\memory.cpp:Memory::MemorySystem::Write:528: unmapped Write8 0x00000000 @ 0x00000B5C at PC 0x010F3548
[   4.707811] HW.Memory <Error> core\memory.cpp:Memory::MemorySystem::Write:528: unmapped Write8 0x00000000 @ 0x00000B5D at PC 0x010F3548
[   4.707811] HW.Memory <Error> core\memory.cpp:Memory::MemorySystem::Write:528: unmapped Write8 0x00000000 @ 0x00000B5E at PC 0x010F3548
[   4.707812] HW.Memory <Error> core\memory.cpp:Memory::MemorySystem::Write:528: unmapped Write8 0x00000000 @ 0x00000B5F at PC 0x010F3548
[   4.707812] HW.Memory <Error> core\memory.cpp:Memory::MemorySystem::Write:528: unmapped Write8 0x00000000 @ 0x00000B60 at PC 0x010F3548
[   4.707813] HW.Memory <Error> core\memory.cpp:Memory::MemorySystem::Write:528: unmapped Write8 0x00000000 @ 0x00000B61 at PC 0x010F3548
[   4.707813] HW.Memory <Error> core\memory.cpp:Memory::MemorySystem::Write:528: unmapped Write8 0x00000000 @ 0x00000B62 at PC 0x010F3548
[   4.707814] HW.Memory <Error> core\memory.cpp:Memory::MemorySystem::Write:528: unmapped Write8 0x00000000 @ 0x00000B63 at PC 0x010F3548
[   4.707814] HW.Memory <Error> core\memory.cpp:Memory::MemorySystem::Write:528: unmapped Write8 0x00000000 @ 0x00000B64 at PC 0x010F3548
[   4.707815] HW.Memory <Error> core\memory.cpp:Memory::MemorySystem::Write:528: unmapped Write8 0x00000000 @ 0x00000B65 at PC 0x010F3548
[   4.707815] HW.Memory <Error> core\memory.cpp:Memory::MemorySystem::Write:528: unmapped Write8 0x00000000 @ 0x00000B66 at PC 0x010F3548
[   4.707816] HW.Memory <Error> core\memory.cpp:Memory::MemorySystem::Write:528: unmapped Write8 0x00000000 @ 0x00000B67 at PC 0x010F3548
[   4.707816] HW.Memory <Error> core\memory.cpp:Memory::MemorySystem::Write:528: unmapped Write8 0x00000000 @ 0x00000B68 at PC 0x010F3548
[   4.707817] HW.Memory <Error> core\memory.cpp:Memory::MemorySystem::Write:528: unmapped Write8 0x00000000 @ 0x00000B69 at PC 0x010F3548
[   4.707817] HW.Memory <Error> core\memory.cpp:Memory::MemorySystem::Write:528: unmapped Write8 0x00000000 @ 0x00000B6A at PC 0x010F3548
[   4.707818] HW.Memory <Error> core\memory.cpp:Memory::MemorySystem::Write:528: unmapped Write8 0x00000000 @ 0x00000B6B at PC 0x010F3548
[   4.707818] HW.Memory <Error> core\memory.cpp:Memory::MemorySystem::Write:528: unmapped Write8 0x00000000 @ 0x00000B6C at PC 0x010F3548
[   4.707818] HW.Memory <Error> core\memory.cpp:Memory::MemorySystem::Write:528: unmapped Write8 0x00000000 @ 0x00000B6D at PC 0x010F3548
[   4.707819] HW.Memory <Error> core\memory.cpp:Memory::MemorySystem::Write:528: unmapped Write8 0x00000000 @ 0x00000B6E at PC 0x010F3548
[   4.707819] HW.Memory <Error> core\memory.cpp:Memory::MemorySystem::Write:528: unmapped Write8 0x00000000 @ 0x00000B6F at PC 0x010F3548
[   4.707820] HW.Memory <Error> core\memory.cpp:Memory::MemorySystem::Write:528: unmapped Write8 0x00000000 @ 0x00000B70 at PC 0x010F3548
[   4.707820] HW.Memory <Error> core\memory.cpp:Memory::MemorySystem::Write:528: unmapped Write8 0x00000000 @ 0x00000B71 at PC 0x010F3548
[   4.707821] HW.Memory <Error> core\memory.cpp:Memory::MemorySystem::Write:528: unmapped Write8 0x00000000 @ 0x00000B72 at PC 0x010F3548
[   4.707821] HW.Memory <Error> core\memory.cpp:Memory::MemorySystem::Write:528: unmapped Write8 0x00000000 @ 0x00000B73 at PC 0x010F3548
[   4.707822] HW.Memory <Error> core\memory.cpp:Memory::MemorySystem::Write:528: unmapped Write8 0x00000000 @ 0x00000B74 at PC 0x010F3548
[   4.707822] HW.Memory <Error> core\memory.cpp:Memory::MemorySystem::Write:528: unmapped Write8 0x00000000 @ 0x00000B75 at PC 0x010F3548
[   4.707823] HW.Memory <Error> core\memory.cpp:Memory::MemorySystem::Write:528: unmapped Write8 0x00000000 @ 0x00000B76 at PC 0x010F3548
[   4.707823] HW.Memory <Error> core\memory.cpp:Memory::MemorySystem::Write:528: unmapped Write8 0x00000000 @ 0x00000B77 at PC 0x010F3548
[   4.707824] HW.Memory <Error> core\memory.cpp:Memory::MemorySystem::Write:528: unmapped Write8 0x00000000 @ 0x00000B78 at PC 0x010F3548
[   4.707824] HW.Memory <Error> core\memory.cpp:Memory::MemorySystem::Write:528: unmapped Write8 0x00000000 @ 0x00000B79 at PC 0x010F3548
[   4.707824] HW.Memory <Error> core\memory.cpp:Memory::MemorySystem::Write:528: unmapped Write8 0x00000000 @ 0x00000B7A at PC 0x010F3548
[   4.707825] HW.Memory <Error> core\memory.cpp:Memory::MemorySystem::Write:528: unmapped Write8 0x00000000 @ 0x00000B7B at PC 0x010F3548
[   4.707825] HW.Memory <Error> core\memory.cpp:Memory::MemorySystem::Write:528: unmapped Write8 0x00000000 @ 0x00000B7C at PC 0x010F3548
[   4.707825] HW.Memory <Error> core\memory.cpp:Memory::MemorySystem::Write:528: unmapped Write8 0x00000000 @ 0x00000B7D at PC 0x010F3548
[   4.707826] HW.Memory <Error> core\memory.cpp:Memory::MemorySystem::Write:528: unmapped Write8 0x00000000 @ 0x00000B7E at PC 0x010F3548
[   4.707826] HW.Memory <Error> core\memory.cpp:Memory::MemorySystem::Write:528: unmapped Write8 0x00000000 @ 0x00000B7F at PC 0x010F3548
[   4.707827] HW.Memory <Error> core\memory.cpp:Memory::MemorySystem::Write:528: unmapped Write8 0x00000000 @ 0x00000B80 at PC 0x010F3548
[   4.707827] HW.Memory <Error> core\memory.cpp:Memory::MemorySystem::Write:528: unmapped Write8 0x00000000 @ 0x00000B81 at PC 0x010F3548
[   4.707827] HW.Memory <Error> core\memory.cpp:Memory::MemorySystem::Write:528: unmapped Write8 0x00000000 @ 0x00000B82 at PC 0x010F3548
[   4.707828] HW.Memory <Error> core\memory.cpp:Memory::MemorySystem::Write:528: unmapped Write8 0x00000000 @ 0x00000B83 at PC 0x010F3548
[   4.707828] HW.Memory <Error> core\memory.cpp:Memory::MemorySystem::Write:528: unmapped Write8 0x00000000 @ 0x00000B84 at PC 0x010F3548
[   4.707829] HW.Memory <Error> core\memory.cpp:Memory::MemorySystem::Write:528: unmapped Write8 0x00000000 @ 0x00000B85 at PC 0x010F3548
[   4.707829] HW.Memory <Error> core\memory.cpp:Memory::MemorySystem::Write:528: unmapped Write8 0x00000000 @ 0x00000B86 at PC 0x010F3548
[   4.707830] HW.Memory <Error> core\memory.cpp:Memory::MemorySystem::Write:528: unmapped Write8 0x00000000 @ 0x00000B87 at PC 0x010F3548
[   4.707830] HW.Memory <Error> core\memory.cpp:Memory::MemorySystem::Write:528: unmapped Write8 0x00000000 @ 0x00000B88 at PC 0x010F3548
[   4.707830] HW.Memory <Error> core\memory.cpp:Memory::MemorySystem::Write:528: unmapped Write8 0x00000000 @ 0x00000B89 at PC 0x010F3548
[   4.707831] HW.Memory <Error> core\memory.cpp:Memory::MemorySystem::Write:528: unmapped Write8 0x00000000 @ 0x00000B8A at PC 0x010F3548
[   4.707831] HW.Memory <Error> core\memory.cpp:Memory::MemorySystem::Write:528: unmapped Write8 0x00000000 @ 0x00000B8B at PC 0x010F3548
[   4.707832] HW.Memory <Error> core\memory.cpp:Memory::MemorySystem::Write:528: unmapped Write8 0x00000000 @ 0x00000B8C at PC 0x010F3548
[   4.707832] HW.Memory <Error> core\memory.cpp:Memory::MemorySystem::Write:528: unmapped Write8 0x00000000 @ 0x00000B8D at PC 0x010F3548
[   4.707832] HW.Memory <Error> core\memory.cpp:Memory::MemorySystem::Write:528: unmapped Write8 0x00000000 @ 0x00000B8E at PC 0x010F3548
[   4.707833] HW.Memory <Error> core\memory.cpp:Memory::MemorySystem::Write:528: unmapped Write8 0x00000000 @ 0x00000B8F at PC 0x010F3548
[   4.707833] HW.Memory <Error> core\memory.cpp:Memory::MemorySystem::Write:528: unmapped Write8 0x00000000 @ 0x00000B90 at PC 0x010F3548
[   4.707834] HW.Memory <Error> core\memory.cpp:Memory::MemorySystem::Write:528: unmapped Write8 0x00000000 @ 0x00000B91 at PC 0x010F3548
[   4.707834] HW.Memory <Error> core\memory.cpp:Memory::MemorySystem::Write:528: unmapped Write8 0x00000000 @ 0x00000B92 at PC 0x010F3548
[   4.707834] HW.Memory <Error> core\memory.cpp:Memory::MemorySystem::Write:528: unmapped Write8 0x00000000 @ 0x00000B93 at PC 0x010F3548
[   4.707835] HW.Memory <Error> core\memory.cpp:Memory::MemorySystem::Write:528: unmapped Write8 0x00000000 @ 0x00000B94 at PC 0x010F3548
[   4.707835] HW.Memory <Error> core\memory.cpp:Memory::MemorySystem::Write:528: unmapped Write8 0x00000000 @ 0x00000B95 at PC 0x010F3548
[   4.707836] HW.Memory <Error> core\memory.cpp:Memory::MemorySystem::Write:528: unmapped Write8 0x00000000 @ 0x00000B96 at PC 0x010F3548
[   4.707836] HW.Memory <Error> core\memory.cpp:Memory::MemorySystem::Write:528: unmapped Write8 0x00000000 @ 0x00000B97 at PC 0x010F3548
[   4.707836] HW.Memory <Error> core\memory.cpp:Memory::MemorySystem::Write:528: unmapped Write8 0x00000000 @ 0x00000B98 at PC 0x010F3548
[   4.707837] HW.Memory <Error> core\memory.cpp:Memory::MemorySystem::Write:528: unmapped Write8 0x00000000 @ 0x00000B99 at PC 0x010F3548
[   4.707837] HW.Memory <Error> core\memory.cpp:Memory::MemorySystem::Write:528: unmapped Write8 0x00000000 @ 0x00000B9A at PC 0x010F3548
[   4.707837] HW.Memory <Error> core\memory.cpp:Memory::MemorySystem::Write:528: unmapped Write8 0x00000000 @ 0x00000B9B at PC 0x010F3548
[   4.707838] HW.Memory <Error> core\memory.cpp:Memory::MemorySystem::Write:528: unmapped Write8 0x00000000 @ 0x00000B9C at PC 0x010F3548
[   4.707838] HW.Memory <Error> core\memory.cpp:Memory::MemorySystem::Write:528: unmapped Write8 0x00000000 @ 0x00000B9D at PC 0x010F3548
[   4.707839] HW.Memory <Error> core\memory.cpp:Memory::MemorySystem::Write:528: unmapped Write8 0x00000000 @ 0x00000B9E at PC 0x010F3548
[   4.707839] HW.Memory <Error> core\memory.cpp:Memory::MemorySystem::Write:528: unmapped Write8 0x00000000 @ 0x00000B9F at PC 0x010F3548
[   4.707839] HW.Memory <Error> core\memory.cpp:Memory::MemorySystem::Write:528: unmapped Write8 0x00000000 @ 0x00000BA0 at PC 0x010F3548
[   4.707840] HW.Memory <Error> core\memory.cpp:Memory::MemorySystem::Write:528: unmapped Write8 0x00000000 @ 0x00000BA1 at PC 0x010F3548
[   4.707840] HW.Memory <Error> core\memory.cpp:Memory::MemorySystem::Write:528: unmapped Write8 0x00000000 @ 0x00000BA2 at PC 0x010F3548
[   4.707841] HW.Memory <Error> core\memory.cpp:Memory::MemorySystem::Write:528: unmapped Write8 0x00000000 @ 0x00000BA3 at PC 0x010F3548
[   4.707841] HW.Memory <Error> core\memory.cpp:Memory::MemorySystem::Write:528: unmapped Write8 0x00000000 @ 0x00000BA4 at PC 0x010F3548
[   4.707842] HW.Memory <Error> core\memory.cpp:Memory::MemorySystem::Write:528: unmapped Write8 0x00000000 @ 0x00000BA5 at PC 0x010F3548
[   4.707842] HW.Memory <Error> core\memory.cpp:Memory::MemorySystem::Write:528: unmapped Write8 0x00000000 @ 0x00000BA6 at PC 0x010F3548
[   4.707843] HW.Memory <Error> core\memory.cpp:Memory::MemorySystem::Write:528: unmapped Write8 0x00000000 @ 0x00000BA7 at PC 0x010F3548
[   4.707843] HW.Memory <Error> core\memory.cpp:Memory::MemorySystem::Write:528: unmapped Write8 0x00000000 @ 0x00000BA8 at PC 0x010F3548
[   4.707844] HW.Memory <Error> core\memory.cpp:Memory::MemorySystem::Write:528: unmapped Write8 0x00000000 @ 0x00000BA9 at PC 0x010F3548
[   4.707844] HW.Memory <Error> core\memory.cpp:Memory::MemorySystem::Write:528: unmapped Write8 0x00000000 @ 0x00000BAA at PC 0x010F3548
[   4.707845] HW.Memory <Error> core\memory.cpp:Memory::MemorySystem::Write:528: unmapped Write8 0x00000000 @ 0x00000BAB at PC 0x010F3548
[   4.707845] HW.Memory <Error> core\memory.cpp:Memory::MemorySystem::Write:528: unmapped Write8 0x00000000 @ 0x00000BAC at PC 0x010F3548
[   4.707846] HW.Memory <Error> core\memory.cpp:Memory::MemorySystem::Write:528: unmapped Write8 0x00000000 @ 0x00000BAD at PC 0x010F3548
[   4.707846] HW.Memory <Error> core\memory.cpp:Memory::MemorySystem::Write:528: unmapped Write8 0x00000000 @ 0x00000BAE at PC 0x010F3548
[   4.707847] HW.Memory <Error> core\memory.cpp:Memory::MemorySystem::Write:528: unmapped Write8 0x00000000 @ 0x00000BAF at PC 0x010F3548
[   4.707847] HW.Memory <Error> core\memory.cpp:Memory::MemorySystem::Write:528: unmapped Write8 0x00000000 @ 0x00000BB0 at PC 0x010F3548
[   4.707848] HW.Memory <Error> core\memory.cpp:Memory::MemorySystem::Write:528: unmapped Write8 0x00000000 @ 0x00000BB1 at PC 0x010F3548
[   4.707848] HW.Memory <Error> core\memory.cpp:Memory::MemorySystem::Write:528: unmapped Write8 0x00000000 @ 0x00000BB2 at PC 0x010F3548
[   4.707849] HW.Memory <Error> core\memory.cpp:Memory::MemorySystem::Write:528: unmapped Write8 0x00000000 @ 0x00000BB3 at PC 0x010F3548
[   4.707849] HW.Memory <Error> core\memory.cpp:Memory::MemorySystem::Write:528: unmapped Write8 0x00000000 @ 0x00000BB4 at PC 0x010F3548
[   4.707849] HW.Memory <Error> core\memory.cpp:Memory::MemorySystem::Write:528: unmapped Write8 0x00000000 @ 0x00000BB5 at PC 0x010F3548
[   4.707850] HW.Memory <Error> core\memory.cpp:Memory::MemorySystem::Write:528: unmapped Write8 0x00000000 @ 0x00000BB6 at PC 0x010F3548
[   4.707850] HW.Memory <Error> core\memory.cpp:Memory::MemorySystem::Write:528: unmapped Write8 0x00000000 @ 0x00000BB7 at PC 0x010F3548
[   4.707851] HW.Memory <Error> core\memory.cpp:Memory::MemorySystem::Write:528: unmapped Write8 0x00000000 @ 0x00000BB8 at PC 0x010F3548
[   4.707851] HW.Memory <Error> core\memory.cpp:Memory::MemorySystem::Write:528: unmapped Write8 0x00000000 @ 0x00000BB9 at PC 0x010F3548
[   4.707852] HW.Memory <Error> core\memory.cpp:Memory::MemorySystem::Write:528: unmapped Write8 0x00000000 @ 0x00000BBA at PC 0x010F3548
[   4.707852] HW.Memory <Error> core\memory.cpp:Memory::MemorySystem::Write:528: unmapped Write8 0x00000000 @ 0x00000BBB at PC 0x010F3548
[   4.707853] HW.Memory <Error> core\memory.cpp:Memory::MemorySystem::Write:528: unmapped Write8 0x00000000 @ 0x00000BBC at PC 0x010F3548
[   4.707853] HW.Memory <Error> core\memory.cpp:Memory::MemorySystem::Write:528: unmapped Write8 0x00000000 @ 0x00000BBD at PC 0x010F3548
[   4.707853] HW.Memory <Error> core\memory.cpp:Memory::MemorySystem::Write:528: unmapped Write8 0x00000000 @ 0x00000BBE at PC 0x010F3548
[   4.707854] HW.Memory <Error> core\memory.cpp:Memory::MemorySystem::Write:528: unmapped Write8 0x00000000 @ 0x00000BBF at PC 0x010F3548
[   4.707854] HW.Memory <Error> core\memory.cpp:Memory::MemorySystem::Write:528: unmapped Write8 0x00000000 @ 0x00000BC0 at PC 0x010F3548
[   4.707855] HW.Memory <Error> core\memory.cpp:Memory::MemorySystem::Write:528: unmapped Write8 0x00000000 @ 0x00000BC1 at PC 0x010F3548
[   4.707855] HW.Memory <Error> core\memory.cpp:Memory::MemorySystem::Write:528: unmapped Write8 0x00000000 @ 0x00000BC2 at PC 0x010F3548
[   4.707856] HW.Memory <Error> core\memory.cpp:Memory::MemorySystem::Write:528: unmapped Write8 0x00000000 @ 0x00000BC3 at PC 0x010F3548
[   4.707856] HW.Memory <Error> core\memory.cpp:Memory::MemorySystem::Write:528: unmapped Write8 0x00000000 @ 0x00000BC4 at PC 0x010F3548
[   4.707857] HW.Memory <Error> core\memory.cpp:Memory::MemorySystem::Write:528: unmapped Write8 0x00000000 @ 0x00000BC5 at PC 0x010F3548
[   4.707857] HW.Memory <Error> core\memory.cpp:Memory::MemorySystem::Write:528: unmapped Write8 0x00000000 @ 0x00000BC6 at PC 0x010F3548
[   4.707858] HW.Memory <Error> core\memory.cpp:Memory::MemorySystem::Write:528: unmapped Write8 0x00000000 @ 0x00000BC7 at PC 0x010F3548
[   4.707858] HW.Memory <Error> core\memory.cpp:Memory::MemorySystem::Write:528: unmapped Write8 0x00000000 @ 0x00000BC8 at PC 0x010F3548
[   4.707859] HW.Memory <Error> core\memory.cpp:Memory::MemorySystem::Write:528: unmapped Write8 0x00000000 @ 0x00000BC9 at PC 0x010F3548
[   4.707859] HW.Memory <Error> core\memory.cpp:Memory::MemorySystem::Write:528: unmapped Write8 0x00000000 @ 0x00000BCA at PC 0x010F3548
[   4.707859] HW.Memory <Error> core\memory.cpp:Memory::MemorySystem::Write:528: unmapped Write8 0x00000000 @ 0x00000BCB at PC 0x010F3548
[   4.707860] HW.Memory <Error> core\memory.cpp:Memory::MemorySystem::Write:528: unmapped Write8 0x00000000 @ 0x00000BCC at PC 0x010F3548
[   4.707860] HW.Memory <Error> core\memory.cpp:Memory::MemorySystem::Write:528: unmapped Write8 0x00000000 @ 0x00000BCD at PC 0x010F3548
[   4.707861] HW.Memory <Error> core\memory.cpp:Memory::MemorySystem::Write:528: unmapped Write8 0x00000000 @ 0x00000BCE at PC 0x010F3548
[   4.707861] HW.Memory <Error> core\memory.cpp:Memory::MemorySystem::Write:528: unmapped Write8 0x00000000 @ 0x00000BCF at PC 0x010F3548
[   4.707861] HW.Memory <Error> core\memory.cpp:Memory::MemorySystem::Write:528: unmapped Write8 0x00000000 @ 0x00000BD0 at PC 0x010F3548
[   4.707862] HW.Memory <Error> core\memory.cpp:Memory::MemorySystem::Write:528: unmapped Write8 0x00000000 @ 0x00000BD1 at PC 0x010F3548
[   4.707862] HW.Memory <Error> core\memory.cpp:Memory::MemorySystem::Write:528: unmapped Write8 0x00000000 @ 0x00000BD2 at PC 0x010F3548
[   4.707863] HW.Memory <Error> core\memory.cpp:Memory::MemorySystem::Write:528: unmapped Write8 0x00000000 @ 0x00000BD3 at PC 0x010F3548
[   4.707863] HW.Memory <Error> core\memory.cpp:Memory::MemorySystem::Write:528: unmapped Write8 0x00000000 @ 0x00000BD4 at PC 0x010F3548
[   4.707863] HW.Memory <Error> core\memory.cpp:Memory::MemorySystem::Write:528: unmapped Write8 0x00000000 @ 0x00000BD5 at PC 0x010F3548
[   4.707864] HW.Memory <Error> core\memory.cpp:Memory::MemorySystem::Write:528: unmapped Write8 0x00000000 @ 0x00000BD6 at PC 0x010F3548
[   4.707864] HW.Memory <Error> core\memory.cpp:Memory::MemorySystem::Write:528: unmapped Write8 0x00000000 @ 0x00000BD7 at PC 0x010F3548
[   4.707865] HW.Memory <Error> core\memory.cpp:Memory::MemorySystem::Write:528: unmapped Write8 0x00000000 @ 0x00000BD8 at PC 0x010F3548
[   4.707865] HW.Memory <Error> core\memory.cpp:Memory::MemorySystem::Write:528: unmapped Write8 0x00000000 @ 0x00000BD9 at PC 0x010F3548
[   4.707865] HW.Memory <Error> core\memory.cpp:Memory::MemorySystem::Write:528: unmapped Write8 0x00000000 @ 0x00000BDA at PC 0x010F3548
[   4.707866] HW.Memory <Error> core\memory.cpp:Memory::MemorySystem::Write:528: unmapped Write8 0x00000000 @ 0x00000BDB at PC 0x010F3548
[   4.707866] HW.Memory <Error> core\memory.cpp:Memory::MemorySystem::Write:528: unmapped Write8 0x00000000 @ 0x00000BDC at PC 0x010F3548
[   4.707867] HW.Memory <Error> core\memory.cpp:Memory::MemorySystem::Write:528: unmapped Write8 0x00000000 @ 0x00000BDD at PC 0x010F3548
[   4.707867] HW.Memory <Error> core\memory.cpp:Memory::MemorySystem::Write:528: unmapped Write8 0x00000000 @ 0x00000BDE at PC 0x010F3548
[   4.707868] HW.Memory <Error> core\memory.cpp:Memory::MemorySystem::Write:528: unmapped Write8 0x00000000 @ 0x00000BDF at PC 0x010F3548
[   4.707868] HW.Memory <Error> core\memory.cpp:Memory::MemorySystem::Write:528: unmapped Write8 0x00000000 @ 0x00000BE0 at PC 0x010F3548
[   4.707869] HW.Memory <Error> core\memory.cpp:Memory::MemorySystem::Write:528: unmapped Write8 0x00000000 @ 0x00000BE1 at PC 0x010F3548
[   4.707869] HW.Memory <Error> core\memory.cpp:Memory::MemorySystem::Write:528: unmapped Write8 0x00000000 @ 0x00000BE2 at PC 0x010F3548
[   4.707870] HW.Memory <Error> core\memory.cpp:Memory::MemorySystem::Write:528: unmapped Write8 0x00000000 @ 0x00000BE3 at PC 0x010F3548
[   4.707870] HW.Memory <Error> core\memory.cpp:Memory::MemorySystem::Write:528: unmapped Write8 0x00000000 @ 0x00000BE4 at PC 0x010F3548
[   4.707871] HW.Memory <Error> core\memory.cpp:Memory::MemorySystem::Write:528: unmapped Write8 0x00000000 @ 0x00000BE5 at PC 0x010F3548
[   4.707871] HW.Memory <Error> core\memory.cpp:Memory::MemorySystem::Write:528: unmapped Write8 0x00000000 @ 0x00000BE6 at PC 0x010F3548
[   4.707872] HW.Memory <Error> core\memory.cpp:Memory::MemorySystem::Write:528: unmapped Write8 0x00000000 @ 0x00000BE7 at PC 0x010F3548
[   4.707872] HW.Memory <Error> core\memory.cpp:Memory::MemorySystem::Write:528: unmapped Write8 0x00000000 @ 0x00000BE8 at PC 0x010F3548
[   4.707873] HW.Memory <Error> core\memory.cpp:Memory::MemorySystem::Write:528: unmapped Write8 0x00000000 @ 0x00000BE9 at PC 0x010F3548
[   4.707873] HW.Memory <Error> core\memory.cpp:Memory::MemorySystem::Write:528: unmapped Write8 0x00000000 @ 0x00000BEA at PC 0x010F3548
[   4.707874] HW.Memory <Error> core\memory.cpp:Memory::MemorySystem::Write:528: unmapped Write8 0x00000000 @ 0x00000BEB at PC 0x010F3548
[   4.707874] HW.Memory <Error> core\memory.cpp:Memory::MemorySystem::Write:528: unmapped Write8 0x00000000 @ 0x00000BEC at PC 0x010F3548
[   4.707875] HW.Memory <Error> core\memory.cpp:Memory::MemorySystem::Write:528: unmapped Write8 0x00000000 @ 0x00000BED at PC 0x010F3548
[   4.707875] HW.Memory <Error> core\memory.cpp:Memory::MemorySystem::Write:528: unmapped Write8 0x00000000 @ 0x00000BEE at PC 0x010F3548
[   4.707875] HW.Memory <Error> core\memory.cpp:Memory::MemorySystem::Write:528: unmapped Write8 0x00000000 @ 0x00000BEF at PC 0x010F3548
[   4.707876] HW.Memory <Error> core\memory.cpp:Memory::MemorySystem::Write:528: unmapped Write8 0x00000000 @ 0x00000BF0 at PC 0x010F3548
[   4.707876] HW.Memory <Error> core\memory.cpp:Memory::MemorySystem::Write:528: unmapped Write8 0x00000000 @ 0x00000BF1 at PC 0x010F3548
[   4.707877] HW.Memory <Error> core\memory.cpp:Memory::MemorySystem::Write:528: unmapped Write8 0x00000000 @ 0x00000BF2 at PC 0x010F3548
[   4.707877] HW.Memory <Error> core\memory.cpp:Memory::MemorySystem::Write:528: unmapped Write8 0x00000000 @ 0x00000BF3 at PC 0x010F3548
[   4.707878] HW.Memory <Error> core\memory.cpp:Memory::MemorySystem::Write:528: unmapped Write8 0x00000000 @ 0x00000BF4 at PC 0x010F3548
[   4.707878] HW.Memory <Error> core\memory.cpp:Memory::MemorySystem::Write:528: unmapped Write8 0x00000000 @ 0x00000BF5 at PC 0x010F3548
[   4.707878] HW.Memory <Error> core\memory.cpp:Memory::MemorySystem::Write:528: unmapped Write8 0x00000000 @ 0x00000BF6 at PC 0x010F3548
[   4.707879] HW.Memory <Error> core\memory.cpp:Memory::MemorySystem::Write:528: unmapped Write8 0x00000000 @ 0x00000BF7 at PC 0x010F3548
[   4.707880] HW.Memory <Error> core\memory.cpp:Memory::MemorySystem::Write:528: unmapped Write8 0x00000000 @ 0x00000BF8 at PC 0x010F3548
[   4.707880] HW.Memory <Error> core\memory.cpp:Memory::MemorySystem::Write:528: unmapped Write8 0x00000000 @ 0x00000BF9 at PC 0x010F3548
[   4.707880] HW.Memory <Error> core\memory.cpp:Memory::MemorySystem::Write:528: unmapped Write8 0x00000000 @ 0x00000BFA at PC 0x010F3548
[   4.707881] HW.Memory <Error> core\memory.cpp:Memory::MemorySystem::Write:528: unmapped Write8 0x00000000 @ 0x00000BFB at PC 0x010F3548
[   4.707881] HW.Memory <Error> core\memory.cpp:Memory::MemorySystem::Write:528: unmapped Write8 0x00000000 @ 0x00000BFC at PC 0x010F3548
[   4.707882] HW.Memory <Error> core\memory.cpp:Memory::MemorySystem::Write:528: unmapped Write8 0x00000000 @ 0x00000BFD at PC 0x010F3548
[   4.707882] HW.Memory <Error> core\memory.cpp:Memory::MemorySystem::Write:528: unmapped Write8 0x00000000 @ 0x00000BFE at PC 0x010F3548
[   4.707883] HW.Memory <Error> core\memory.cpp:Memory::MemorySystem::Write:528: unmapped Write8 0x00000000 @ 0x00000BFF at PC 0x010F3548
[   4.707883] HW.Memory <Error> core\memory.cpp:Memory::MemorySystem::Write:528: unmapped Write8 0x00000000 @ 0x00000C00 at PC 0x010F3548
[   4.707884] HW.Memory <Error> core\memory.cpp:Memory::MemorySystem::Write:528: unmapped Write8 0x00000000 @ 0x00000C01 at PC 0x010F3548
[   4.707884] HW.Memory <Error> core\memory.cpp:Memory::MemorySystem::Write:528: unmapped Write8 0x00000000 @ 0x00000C02 at PC 0x010F3548
[   4.707884] HW.Memory <Error> core\memory.cpp:Memory::MemorySystem::Write:528: unmapped Write8 0x00000000 @ 0x00000C03 at PC 0x010F3548
[   4.707885] HW.Memory <Error> core\memory.cpp:Memory::MemorySystem::Write:528: unmapped Write8 0x00000000 @ 0x00000C04 at PC 0x010F3548
[   4.707885] HW.Memory <Error> core\memory.cpp:Memory::MemorySystem::Write:528: unmapped Write8 0x00000000 @ 0x00000C05 at PC 0x010F3548
[   4.707886] HW.Memory <Error> core\memory.cpp:Memory::MemorySystem::Write:528: unmapped Write8 0x00000000 @ 0x00000C06 at PC 0x010F3548
[   4.707886] HW.Memory <Error> core\memory.cpp:Memory::MemorySystem::Write:528: unmapped Write8 0x00000000 @ 0x00000C07 at PC 0x010F3548
[   4.707887] HW.Memory <Error> core\memory.cpp:Memory::MemorySystem::Write:528: unmapped Write8 0x00000000 @ 0x00000C08 at PC 0x010F3548
[   4.707887] HW.Memory <Error> core\memory.cpp:Memory::MemorySystem::Write:528: unmapped Write8 0x00000000 @ 0x00000C09 at PC 0x010F3548
[   4.707887] HW.Memory <Error> core\memory.cpp:Memory::MemorySystem::Write:528: unmapped Write8 0x00000000 @ 0x00000C0A at PC 0x010F3548
[   4.707888] HW.Memory <Error> core\memory.cpp:Memory::MemorySystem::Write:528: unmapped Write8 0x00000000 @ 0x00000C0B at PC 0x010F3548
[   4.707888] HW.Memory <Error> core\memory.cpp:Memory::MemorySystem::Write:528: unmapped Write8 0x00000000 @ 0x00000C0C at PC 0x010F3548
[   4.707888] HW.Memory <Error> core\memory.cpp:Memory::MemorySystem::Write:528: unmapped Write8 0x00000000 @ 0x00000C0D at PC 0x010F3548
[   4.707889] HW.Memory <Error> core\memory.cpp:Memory::MemorySystem::Write:528: unmapped Write8 0x00000000 @ 0x00000C0E at PC 0x010F3548
[   4.707889] HW.Memory <Error> core\memory.cpp:Memory::MemorySystem::Write:528: unmapped Write8 0x00000000 @ 0x00000C0F at PC 0x010F3548
[   4.707890] HW.Memory <Error> core\memory.cpp:Memory::MemorySystem::Write:528: unmapped Write8 0x00000000 @ 0x00000C10 at PC 0x010F3548
[   4.707890] HW.Memory <Error> core\memory.cpp:Memory::MemorySystem::Write:528: unmapped Write8 0x00000000 @ 0x00000C11 at PC 0x010F3548
[   4.707891] HW.Memory <Error> core\memory.cpp:Memory::MemorySystem::Write:528: unmapped Write8 0x00000000 @ 0x00000C12 at PC 0x010F3548
[   4.707891] HW.Memory <Error> core\memory.cpp:Memory::MemorySystem::Write:528: unmapped Write8 0x00000000 @ 0x00000C13 at PC 0x010F3548
[   4.707891] HW.Memory <Error> core\memory.cpp:Memory::MemorySystem::Write:528: unmapped Write8 0x00000000 @ 0x00000C14 at PC 0x010F3548
[   4.707892] HW.Memory <Error> core\memory.cpp:Memory::MemorySystem::Write:528: unmapped Write8 0x00000000 @ 0x00000C15 at PC 0x010F3548
[   4.707892] HW.Memory <Error> core\memory.cpp:Memory::MemorySystem::Write:528: unmapped Write8 0x00000000 @ 0x00000C16 at PC 0x010F3548
[   4.707893] HW.Memory <Error> core\memory.cpp:Memory::MemorySystem::Write:528: unmapped Write8 0x00000000 @ 0x00000C17 at PC 0x010F3548
[   4.707893] HW.Memory <Error> core\memory.cpp:Memory::MemorySystem::Write:528: unmapped Write8 0x00000000 @ 0x00000C18 at PC 0x010F3548
[   4.707893] HW.Memory <Error> core\memory.cpp:Memory::MemorySystem::Write:528: unmapped Write8 0x00000000 @ 0x00000C19 at PC 0x010F3548
[   4.707894] HW.Memory <Error> core\memory.cpp:Memory::MemorySystem::Write:528: unmapped Write8 0x00000000 @ 0x00000C1A at PC 0x010F3548
[   4.707894] HW.Memory <Error> core\memory.cpp:Memory::MemorySystem::Write:528: unmapped Write8 0x00000000 @ 0x00000C1B at PC 0x010F3548
[   4.707895] HW.Memory <Error> core\memory.cpp:Memory::MemorySystem::Write:528: unmapped Write8 0x00000000 @ 0x00000C1C at PC 0x010F3548
[   4.707895] HW.Memory <Error> core\memory.cpp:Memory::MemorySystem::Write:528: unmapped Write8 0x00000000 @ 0x00000C1D at PC 0x010F3548
[   4.707895] HW.Memory <Error> core\memory.cpp:Memory::MemorySystem::Write:528: unmapped Write8 0x00000000 @ 0x00000C1E at PC 0x010F3548
[   4.707896] HW.Memory <Error> core\memory.cpp:Memory::MemorySystem::Write:528: unmapped Write8 0x00000000 @ 0x00000C1F at PC 0x010F3548
[   4.707896] HW.Memory <Error> core\memory.cpp:Memory::MemorySystem::Write:528: unmapped Write8 0x00000000 @ 0x00000C20 at PC 0x010F3548
[   4.707897] HW.Memory <Error> core\memory.cpp:Memory::MemorySystem::Write:528: unmapped Write8 0x00000000 @ 0x00000C21 at PC 0x010F3548
[   4.707897] HW.Memory <Error> core\memory.cpp:Memory::MemorySystem::Write:528: unmapped Write8 0x00000000 @ 0x00000C22 at PC 0x010F3548
[   4.707898] HW.Memory <Error> core\memory.cpp:Memory::MemorySystem::Write:528: unmapped Write8 0x00000000 @ 0x00000C23 at PC 0x010F3548
[   4.707898] HW.Memory <Error> core\memory.cpp:Memory::MemorySystem::Write:528: unmapped Write8 0x00000000 @ 0x00000C24 at PC 0x010F3548
[   4.707899] HW.Memory <Error> core\memory.cpp:Memory::MemorySystem::Write:528: unmapped Write8 0x00000000 @ 0x00000C25 at PC 0x010F3548
[   4.707899] HW.Memory <Error> core\memory.cpp:Memory::MemorySystem::Write:528: unmapped Write8 0x00000000 @ 0x00000C26 at PC 0x010F3548
[   4.707900] HW.Memory <Error> core\memory.cpp:Memory::MemorySystem::Write:528: unmapped Write8 0x00000000 @ 0x00000C27 at PC 0x010F3548
[   4.707953] HW.Memory <Error> core\memory.cpp:Memory::MemorySystem::Read:479: unmapped Read8 @ 0x00000C28 at PC 0x010F348C
[   4.708025] HW.Memory <Error> core\memory.cpp:Memory::MemorySystem::Read:479: unmapped Read8 @ 0x00000828 at PC 0x010F04C8
[   4.708129] HW.Memory <Error> core\memory.cpp:Memory::MemorySystem::Write:528: unmapped Write16 0x00000000 @ 0x00000024 at PC 0x010F34E8
[   4.708338] HW.Memory <Error> core\memory.cpp:Memory::MemorySystem::Impl::ReadBlockImpl:178: unmapped ReadBlock @ 0x00000024 (start address = 0x00000024, size = 2) at PC 0x010F0A78
[   4.708353] Service.FS <Error> core\file_sys\archive_sdmc.cpp:FileSys::SDMCArchive::DeleteFile:119: Invalid path [Wchar: ]
[   4.708842] HW.Memory <Error> core\memory.cpp:Memory::MemorySystem::Write:528: unmapped Write8 0x0000002F @ 0x00000828 at PC 0x010F3548
[   4.708842] HW.Memory <Error> core\memory.cpp:Memory::MemorySystem::Write:528: unmapped Write8 0x0000006F @ 0x00000829 at PC 0x010F3548
[   4.708843] HW.Memory <Error> core\memory.cpp:Memory::MemorySystem::Write:528: unmapped Write8 0x00000070 @ 0x0000082A at PC 0x010F3548
[   4.708843] HW.Memory <Error> core\memory.cpp:Memory::MemorySystem::Write:528: unmapped Write8 0x00000065 @ 0x0000082B at PC 0x010F3548
[   4.708844] HW.Memory <Error> core\memory.cpp:Memory::MemorySystem::Write:528: unmapped Write8 0x0000006E @ 0x0000082C at PC 0x010F3548
[   4.708844] HW.Memory <Error> core\memory.cpp:Memory::MemorySystem::Write:528: unmapped Write8 0x00000073 @ 0x0000082D at PC 0x010F3548
[   4.708844] HW.Memory <Error> core\memory.cpp:Memory::MemorySystem::Write:528: unmapped Write8 0x00000062 @ 0x0000082E at PC 0x010F3548
[   4.708845] HW.Memory <Error> core\memory.cpp:Memory::MemorySystem::Write:528: unmapped Write8 0x0000005F @ 0x0000082F at PC 0x010F3548
[   4.708845] HW.Memory <Error> core\memory.cpp:Memory::MemorySystem::Write:528: unmapped Write8 0x0000006D @ 0x00000830 at PC 0x010F3548
[   4.708845] HW.Memory <Error> core\memory.cpp:Memory::MemorySystem::Write:528: unmapped Write8 0x00000061 @ 0x00000831 at PC 0x010F3548
[   4.708846] HW.Memory <Error> core\memory.cpp:Memory::MemorySystem::Write:528: unmapped Write8 0x00000069 @ 0x00000832 at PC 0x010F3548
[   4.708846] HW.Memory <Error> core\memory.cpp:Memory::MemorySystem::Write:528: unmapped Write8 0x0000006E @ 0x00000833 at PC 0x010F3548
[   4.708846] HW.Memory <Error> core\memory.cpp:Memory::MemorySystem::Write:528: unmapped Write8 0x0000002E @ 0x00000834 at PC 0x010F3548
[   4.708847] HW.Memory <Error> core\memory.cpp:Memory::MemorySystem::Write:528: unmapped Write8 0x0000006C @ 0x00000835 at PC 0x010F3548
[   4.708847] HW.Memory <Error> core\memory.cpp:Memory::MemorySystem::Write:528: unmapped Write8 0x0000006F @ 0x00000836 at PC 0x010F3548
[   4.708848] HW.Memory <Error> core\memory.cpp:Memory::MemorySystem::Write:528: unmapped Write8 0x00000067 @ 0x00000837 at PC 0x010F3548
[   4.708848] HW.Memory <Error> core\memory.cpp:Memory::MemorySystem::Write:528: unmapped Write8 0x00000000 @ 0x00000838 at PC 0x010F3548
[   4.708848] HW.Memory <Error> core\memory.cpp:Memory::MemorySystem::Write:528: unmapped Write8 0x00000000 @ 0x00000839 at PC 0x010F3548
[   4.708849] HW.Memory <Error> core\memory.cpp:Memory::MemorySystem::Write:528: unmapped Write8 0x00000000 @ 0x0000083A at PC 0x010F3548
[   4.708849] HW.Memory <Error> core\memory.cpp:Memory::MemorySystem::Write:528: unmapped Write8 0x00000000 @ 0x0000083B at PC 0x010F3548
[   4.708849] HW.Memory <Error> core\memory.cpp:Memory::MemorySystem::Write:528: unmapped Write8 0x00000000 @ 0x0000083C at PC 0x010F3548
[   4.708850] HW.Memory <Error> core\memory.cpp:Memory::MemorySystem::Write:528: unmapped Write8 0x00000000 @ 0x0000083D at PC 0x010F3548
[   4.708851] HW.Memory <Error> core\memory.cpp:Memory::MemorySystem::Write:528: unmapped Write8 0x00000000 @ 0x0000083E at PC 0x010F3548
[   4.708851] HW.Memory <Error> core\memory.cpp:Memory::MemorySystem::Write:528: unmapped Write8 0x00000000 @ 0x0000083F at PC 0x010F3548
[   4.708851] HW.Memory <Error> core\memory.cpp:Memory::MemorySystem::Write:528: unmapped Write8 0x00000000 @ 0x00000840 at PC 0x010F3548
[   4.708852] HW.Memory <Error> core\memory.cpp:Memory::MemorySystem::Write:528: unmapped Write8 0x00000000 @ 0x00000841 at PC 0x010F3548
[   4.708852] HW.Memory <Error> core\memory.cpp:Memory::MemorySystem::Write:528: unmapped Write8 0x00000000 @ 0x00000842 at PC 0x010F3548
[   4.708853] HW.Memory <Error> core\memory.cpp:Memory::MemorySystem::Write:528: unmapped Write8 0x00000000 @ 0x00000843 at PC 0x010F3548
[   4.708853] HW.Memory <Error> core\memory.cpp:Memory::MemorySystem::Write:528: unmapped Write8 0x00000000 @ 0x00000844 at PC 0x010F3548
[   4.708853] HW.Memory <Error> core\memory.cpp:Memory::MemorySystem::Write:528: unmapped Write8 0x00000000 @ 0x00000845 at PC 0x010F3548
[   4.708854] HW.Memory <Error> core\memory.cpp:Memory::MemorySystem::Write:528: unmapped Write8 0x00000000 @ 0x00000846 at PC 0x010F3548
[   4.708854] HW.Memory <Error> core\memory.cpp:Memory::MemorySystem::Write:528: unmapped Write8 0x00000000 @ 0x00000847 at PC 0x010F3548
[   4.708854] HW.Memory <Error> core\memory.cpp:Memory::MemorySystem::Write:528: unmapped Write8 0x00000000 @ 0x00000848 at PC 0x010F3548
[   4.708855] HW.Memory <Error> core\memory.cpp:Memory::MemorySystem::Write:528: unmapped Write8 0x00000000 @ 0x00000849 at PC 0x010F3548
[   4.708855] HW.Memory <Error> core\memory.cpp:Memory::MemorySystem::Write:528: unmapped Write8 0x00000000 @ 0x0000084A at PC 0x010F3548
[   4.708855] HW.Memory <Error> core\memory.cpp:Memory::MemorySystem::Write:528: unmapped Write8 0x00000000 @ 0x0000084B at PC 0x010F3548
[   4.708856] HW.Memory <Error> core\memory.cpp:Memory::MemorySystem::Write:528: unmapped Write8 0x00000000 @ 0x0000084C at PC 0x010F3548
[   4.708856] HW.Memory <Error> core\memory.cpp:Memory::MemorySystem::Write:528: unmapped Write8 0x00000000 @ 0x0000084D at PC 0x010F3548
[   4.708857] HW.Memory <Error> core\memory.cpp:Memory::MemorySystem::Write:528: unmapped Write8 0x00000000 @ 0x0000084E at PC 0x010F3548
[   4.708857] HW.Memory <Error> core\memory.cpp:Memory::MemorySystem::Write:528: unmapped Write8 0x00000000 @ 0x0000084F at PC 0x010F3548
[   4.708857] HW.Memory <Error> core\memory.cpp:Memory::MemorySystem::Write:528: unmapped Write8 0x00000000 @ 0x00000850 at PC 0x010F3548
[   4.708858] HW.Memory <Error> core\memory.cpp:Memory::MemorySystem::Write:528: unmapped Write8 0x00000000 @ 0x00000851 at PC 0x010F3548
[   4.708858] HW.Memory <Error> core\memory.cpp:Memory::MemorySystem::Write:528: unmapped Write8 0x00000000 @ 0x00000852 at PC 0x010F3548
[   4.708859] HW.Memory <Error> core\memory.cpp:Memory::MemorySystem::Write:528: unmapped Write8 0x00000000 @ 0x00000853 at PC 0x010F3548
[   4.708859] HW.Memory <Error> core\memory.cpp:Memory::MemorySystem::Write:528: unmapped Write8 0x00000000 @ 0x00000854 at PC 0x010F3548
[   4.708859] HW.Memory <Error> core\memory.cpp:Memory::MemorySystem::Write:528: unmapped Write8 0x00000000 @ 0x00000855 at PC 0x010F3548
[   4.708860] HW.Memory <Error> core\memory.cpp:Memory::MemorySystem::Write:528: unmapped Write8 0x00000000 @ 0x00000856 at PC 0x010F3548
[   4.708860] HW.Memory <Error> core\memory.cpp:Memory::MemorySystem::Write:528: unmapped Write8 0x00000000 @ 0x00000857 at PC 0x010F3548
[   4.708860] HW.Memory <Error> core\memory.cpp:Memory::MemorySystem::Write:528: unmapped Write8 0x00000000 @ 0x00000858 at PC 0x010F3548
[   4.708861] HW.Memory <Error> core\memory.cpp:Memory::MemorySystem::Write:528: unmapped Write8 0x00000000 @ 0x00000859 at PC 0x010F3548
[   4.708861] HW.Memory <Error> core\memory.cpp:Memory::MemorySystem::Write:528: unmapped Write8 0x00000000 @ 0x0000085A at PC 0x010F3548
[   4.708861] HW.Memory <Error> core\memory.cpp:Memory::MemorySystem::Write:528: unmapped Write8 0x00000000 @ 0x0000085B at PC 0x010F3548
[   4.708862] HW.Memory <Error> core\memory.cpp:Memory::MemorySystem::Write:528: unmapped Write8 0x00000000 @ 0x0000085C at PC 0x010F3548
[   4.708862] HW.Memory <Error> core\memory.cpp:Memory::MemorySystem::Write:528: unmapped Write8 0x00000000 @ 0x0000085D at PC 0x010F3548
[   4.708863] HW.Memory <Error> core\memory.cpp:Memory::MemorySystem::Write:528: unmapped Write8 0x00000000 @ 0x0000085E at PC 0x010F3548
[   4.708863] HW.Memory <Error> core\memory.cpp:Memory::MemorySystem::Write:528: unmapped Write8 0x00000000 @ 0x0000085F at PC 0x010F3548
[   4.708863] HW.Memory <Error> core\memory.cpp:Memory::MemorySystem::Write:528: unmapped Write8 0x00000000 @ 0x00000860 at PC 0x010F3548
[   4.708864] HW.Memory <Error> core\memory.cpp:Memory::MemorySystem::Write:528: unmapped Write8 0x00000000 @ 0x00000861 at PC 0x010F3548
[   4.708864] HW.Memory <Error> core\memory.cpp:Memory::MemorySystem::Write:528: unmapped Write8 0x00000000 @ 0x00000862 at PC 0x010F3548
[   4.708865] HW.Memory <Error> core\memory.cpp:Memory::MemorySystem::Write:528: unmapped Write8 0x00000000 @ 0x00000863 at PC 0x010F3548
[   4.708865] HW.Memory <Error> core\memory.cpp:Memory::MemorySystem::Write:528: unmapped Write8 0x00000000 @ 0x00000864 at PC 0x010F3548
[   4.708866] HW.Memory <Error> core\memory.cpp:Memory::MemorySystem::Write:528: unmapped Write8 0x00000000 @ 0x00000865 at PC 0x010F3548
[   4.708867] HW.Memory <Error> core\memory.cpp:Memory::MemorySystem::Write:528: unmapped Write8 0x00000000 @ 0x00000866 at PC 0x010F3548
[   4.708867] HW.Memory <Error> core\memory.cpp:Memory::MemorySystem::Write:528: unmapped Write8 0x00000000 @ 0x00000867 at PC 0x010F3548
[   4.708868] HW.Memory <Error> core\memory.cpp:Memory::MemorySystem::Write:528: unmapped Write8 0x00000000 @ 0x00000868 at PC 0x010F3548
[   4.708868] HW.Memory <Error> core\memory.cpp:Memory::MemorySystem::Write:528: unmapped Write8 0x00000000 @ 0x00000869 at PC 0x010F3548
[   4.708869] HW.Memory <Error> core\memory.cpp:Memory::MemorySystem::Write:528: unmapped Write8 0x00000000 @ 0x0000086A at PC 0x010F3548
[   4.708869] HW.Memory <Error> core\memory.cpp:Memory::MemorySystem::Write:528: unmapped Write8 0x00000000 @ 0x0000086B at PC 0x010F3548
[   4.708870] HW.Memory <Error> core\memory.cpp:Memory::MemorySystem::Write:528: unmapped Write8 0x00000000 @ 0x0000086C at PC 0x010F3548
[   4.708870] HW.Memory <Error> core\memory.cpp:Memory::MemorySystem::Write:528: unmapped Write8 0x00000000 @ 0x0000086D at PC 0x010F3548
[   4.708871] HW.Memory <Error> core\memory.cpp:Memory::MemorySystem::Write:528: unmapped Write8 0x00000000 @ 0x0000086E at PC 0x010F3548
[   4.708871] HW.Memory <Error> core\memory.cpp:Memory::MemorySystem::Write:528: unmapped Write8 0x00000000 @ 0x0000086F at PC 0x010F3548
[   4.708872] HW.Memory <Error> core\memory.cpp:Memory::MemorySystem::Write:528: unmapped Write8 0x00000000 @ 0x00000870 at PC 0x010F3548
[   4.708872] HW.Memory <Error> core\memory.cpp:Memory::MemorySystem::Write:528: unmapped Write8 0x00000000 @ 0x00000871 at PC 0x010F3548
[   4.708873] HW.Memory <Error> core\memory.cpp:Memory::MemorySystem::Write:528: unmapped Write8 0x00000000 @ 0x00000872 at PC 0x010F3548
[   4.708873] HW.Memory <Error> core\memory.cpp:Memory::MemorySystem::Write:528: unmapped Write8 0x00000000 @ 0x00000873 at PC 0x010F3548
[   4.708874] HW.Memory <Error> core\memory.cpp:Memory::MemorySystem::Write:528: unmapped Write8 0x00000000 @ 0x00000874 at PC 0x010F3548
[   4.708874] HW.Memory <Error> core\memory.cpp:Memory::MemorySystem::Write:528: unmapped Write8 0x00000000 @ 0x00000875 at PC 0x010F3548
[   4.708875] HW.Memory <Error> core\memory.cpp:Memory::MemorySystem::Write:528: unmapped Write8 0x00000000 @ 0x00000876 at PC 0x010F3548
[   4.708875] HW.Memory <Error> core\memory.cpp:Memory::MemorySystem::Write:528: unmapped Write8 0x00000000 @ 0x00000877 at PC 0x010F3548
[   4.708876] HW.Memory <Error> core\memory.cpp:Memory::MemorySystem::Write:528: unmapped Write8 0x00000000 @ 0x00000878 at PC 0x010F3548
[   4.708876] HW.Memory <Error> core\memory.cpp:Memory::MemorySystem::Write:528: unmapped Write8 0x00000000 @ 0x00000879 at PC 0x010F3548
[   4.708877] HW.Memory <Error> core\memory.cpp:Memory::MemorySystem::Write:528: unmapped Write8 0x00000000 @ 0x0000087A at PC 0x010F3548
[   4.708877] HW.Memory <Error> core\memory.cpp:Memory::MemorySystem::Write:528: unmapped Write8 0x00000000 @ 0x0000087B at PC 0x010F3548
[   4.708878] HW.Memory <Error> core\memory.cpp:Memory::MemorySystem::Write:528: unmapped Write8 0x00000000 @ 0x0000087C at PC 0x010F3548
[   4.708878] HW.Memory <Error> core\memory.cpp:Memory::MemorySystem::Write:528: unmapped Write8 0x00000000 @ 0x0000087D at PC 0x010F3548
[   4.708879] HW.Memory <Error> core\memory.cpp:Memory::MemorySystem::Write:528: unmapped Write8 0x00000000 @ 0x0000087E at PC 0x010F3548
[   4.708879] HW.Memory <Error> core\memory.cpp:Memory::MemorySystem::Write:528: unmapped Write8 0x00000000 @ 0x0000087F at PC 0x010F3548
[   4.708880] HW.Memory <Error> core\memory.cpp:Memory::MemorySystem::Write:528: unmapped Write8 0x00000000 @ 0x00000880 at PC 0x010F3548
[   4.708880] HW.Memory <Error> core\memory.cpp:Memory::MemorySystem::Write:528: unmapped Write8 0x00000000 @ 0x00000881 at PC 0x010F3548
[   4.708881] HW.Memory <Error> core\memory.cpp:Memory::MemorySystem::Write:528: unmapped Write8 0x00000000 @ 0x00000882 at PC 0x010F3548
[   4.708881] HW.Memory <Error> core\memory.cpp:Memory::MemorySystem::Write:528: unmapped Write8 0x00000000 @ 0x00000883 at PC 0x010F3548
[   4.708881] HW.Memory <Error> core\memory.cpp:Memory::MemorySystem::Write:528: unmapped Write8 0x00000000 @ 0x00000884 at PC 0x010F3548
[   4.708882] HW.Memory <Error> core\memory.cpp:Memory::MemorySystem::Write:528: unmapped Write8 0x00000000 @ 0x00000885 at PC 0x010F3548
[   4.708882] HW.Memory <Error> core\memory.cpp:Memory::MemorySystem::Write:528: unmapped Write8 0x00000000 @ 0x00000886 at PC 0x010F3548
[   4.708883] HW.Memory <Error> core\memory.cpp:Memory::MemorySystem::Write:528: unmapped Write8 0x00000000 @ 0x00000887 at PC 0x010F3548
[   4.708883] HW.Memory <Error> core\memory.cpp:Memory::MemorySystem::Write:528: unmapped Write8 0x00000000 @ 0x00000888 at PC 0x010F3548
[   4.708884] HW.Memory <Error> core\memory.cpp:Memory::MemorySystem::Write:528: unmapped Write8 0x00000000 @ 0x00000889 at PC 0x010F3548
[   4.708884] HW.Memory <Error> core\memory.cpp:Memory::MemorySystem::Write:528: unmapped Write8 0x00000000 @ 0x0000088A at PC 0x010F3548
[   4.708884] HW.Memory <Error> core\memory.cpp:Memory::MemorySystem::Write:528: unmapped Write8 0x00000000 @ 0x0000088B at PC 0x010F3548
[   4.708885] HW.Memory <Error> core\memory.cpp:Memory::MemorySystem::Write:528: unmapped Write8 0x00000000 @ 0x0000088C at PC 0x010F3548
[   4.708885] HW.Memory <Error> core\memory.cpp:Memory::MemorySystem::Write:528: unmapped Write8 0x00000000 @ 0x0000088D at PC 0x010F3548
[   4.708886] HW.Memory <Error> core\memory.cpp:Memory::MemorySystem::Write:528: unmapped Write8 0x00000000 @ 0x0000088E at PC 0x010F3548
[   4.708886] HW.Memory <Error> core\memory.cpp:Memory::MemorySystem::Write:528: unmapped Write8 0x00000000 @ 0x0000088F at PC 0x010F3548
[   4.708887] HW.Memory <Error> core\memory.cpp:Memory::MemorySystem::Write:528: unmapped Write8 0x00000000 @ 0x00000890 at PC 0x010F3548
[   4.708887] HW.Memory <Error> core\memory.cpp:Memory::MemorySystem::Write:528: unmapped Write8 0x00000000 @ 0x00000891 at PC 0x010F3548
[   4.708888] HW.Memory <Error> core\memory.cpp:Memory::MemorySystem::Write:528: unmapped Write8 0x00000000 @ 0x00000892 at PC 0x010F3548
[   4.708888] HW.Memory <Error> core\memory.cpp:Memory::MemorySystem::Write:528: unmapped Write8 0x00000000 @ 0x00000893 at PC 0x010F3548
[   4.708889] HW.Memory <Error> core\memory.cpp:Memory::MemorySystem::Write:528: unmapped Write8 0x00000000 @ 0x00000894 at PC 0x010F3548
[   4.708889] HW.Memory <Error> core\memory.cpp:Memory::MemorySystem::Write:528: unmapped Write8 0x00000000 @ 0x00000895 at PC 0x010F3548
[   4.708889] HW.Memory <Error> core\memory.cpp:Memory::MemorySystem::Write:528: unmapped Write8 0x00000000 @ 0x00000896 at PC 0x010F3548
[   4.708890] HW.Memory <Error> core\memory.cpp:Memory::MemorySystem::Write:528: unmapped Write8 0x00000000 @ 0x00000897 at PC 0x010F3548
[   4.708890] HW.Memory <Error> core\memory.cpp:Memory::MemorySystem::Write:528: unmapped Write8 0x00000000 @ 0x00000898 at PC 0x010F3548
[   4.708891] HW.Memory <Error> core\memory.cpp:Memory::MemorySystem::Write:528: unmapped Write8 0x00000000 @ 0x00000899 at PC 0x010F3548
[   4.708891] HW.Memory <Error> core\memory.cpp:Memory::MemorySystem::Write:528: unmapped Write8 0x00000000 @ 0x0000089A at PC 0x010F3548
[   4.708892] HW.Memory <Error> core\memory.cpp:Memory::MemorySystem::Write:528: unmapped Write8 0x00000000 @ 0x0000089B at PC 0x010F3548
[   4.708892] HW.Memory <Error> core\memory.cpp:Memory::MemorySystem::Write:528: unmapped Write8 0x00000000 @ 0x0000089C at PC 0x010F3548
[   4.708892] HW.Memory <Error> core\memory.cpp:Memory::MemorySystem::Write:528: unmapped Write8 0x00000000 @ 0x0000089D at PC 0x010F3548
[   4.708893] HW.Memory <Error> core\memory.cpp:Memory::MemorySystem::Write:528: unmapped Write8 0x00000000 @ 0x0000089E at PC 0x010F3548
[   4.708893] HW.Memory <Error> core\memory.cpp:Memory::MemorySystem::Write:528: unmapped Write8 0x00000000 @ 0x0000089F at PC 0x010F3548
[   4.708894] HW.Memory <Error> core\memory.cpp:Memory::MemorySystem::Write:528: unmapped Write8 0x00000000 @ 0x000008A0 at PC 0x010F3548
[   4.708894] HW.Memory <Error> core\memory.cpp:Memory::MemorySystem::Write:528: unmapped Write8 0x00000000 @ 0x000008A1 at PC 0x010F3548
[   4.708895] HW.Memory <Error> core\memory.cpp:Memory::MemorySystem::Write:528: unmapped Write8 0x00000000 @ 0x000008A2 at PC 0x010F3548
[   4.708896] HW.Memory <Error> core\memory.cpp:Memory::MemorySystem::Write:528: unmapped Write8 0x00000000 @ 0x000008A3 at PC 0x010F3548
[   4.708897] HW.Memory <Error> core\memory.cpp:Memory::MemorySystem::Write:528: unmapped Write8 0x00000000 @ 0x000008A4 at PC 0x010F3548
[   4.708897] HW.Memory <Error> core\memory.cpp:Memory::MemorySystem::Write:528: unmapped Write8 0x00000000 @ 0x000008A5 at PC 0x010F3548
[   4.708898] HW.Memory <Error> core\memory.cpp:Memory::MemorySystem::Write:528: unmapped Write8 0x00000000 @ 0x000008A6 at PC 0x010F3548
[   4.708898] HW.Memory <Error> core\memory.cpp:Memory::MemorySystem::Write:528: unmapped Write8 0x00000000 @ 0x000008A7 at PC 0x010F3548
[   4.708899] HW.Memory <Error> core\memory.cpp:Memory::MemorySystem::Write:528: unmapped Write8 0x00000000 @ 0x000008A8 at PC 0x010F3548
[   4.708899] HW.Memory <Error> core\memory.cpp:Memory::MemorySystem::Write:528: unmapped Write8 0x00000000 @ 0x000008A9 at PC 0x010F3548
[   4.708899] HW.Memory <Error> core\memory.cpp:Memory::MemorySystem::Write:528: unmapped Write8 0x00000000 @ 0x000008AA at PC 0x010F3548
[   4.708900] HW.Memory <Error> core\memory.cpp:Memory::MemorySystem::Write:528: unmapped Write8 0x00000000 @ 0x000008AB at PC 0x010F3548
[   4.708900] HW.Memory <Error> core\memory.cpp:Memory::MemorySystem::Write:528: unmapped Write8 0x00000000 @ 0x000008AC at PC 0x010F3548
[   4.708901] HW.Memory <Error> core\memory.cpp:Memory::MemorySystem::Write:528: unmapped Write8 0x00000000 @ 0x000008AD at PC 0x010F3548
[   4.708902] HW.Memory <Error> core\memory.cpp:Memory::MemorySystem::Write:528: unmapped Write8 0x00000000 @ 0x000008AE at PC 0x010F3548
[   4.708937] HW.Memory <Error> core\memory.cpp:Memory::MemorySystem::Write:528: unmapped Write8 0x00000000 @ 0x000008AF at PC 0x010F3548
[   4.708938] HW.Memory <Error> core\memory.cpp:Memory::MemorySystem::Write:528: unmapped Write8 0x00000000 @ 0x000008B0 at PC 0x010F3548
[   4.708938] HW.Memory <Error> core\memory.cpp:Memory::MemorySystem::Write:528: unmapped Write8 0x00000000 @ 0x000008B1 at PC 0x010F3548
[   4.708939] HW.Memory <Error> core\memory.cpp:Memory::MemorySystem::Write:528: unmapped Write8 0x00000000 @ 0x000008B2 at PC 0x010F3548
[   4.708939] HW.Memory <Error> core\memory.cpp:Memory::MemorySystem::Write:528: unmapped Write8 0x00000000 @ 0x000008B3 at PC 0x010F3548
[   4.708940] HW.Memory <Error> core\memory.cpp:Memory::MemorySystem::Write:528: unmapped Write8 0x00000000 @ 0x000008B4 at PC 0x010F3548
[   4.708940] HW.Memory <Error> core\memory.cpp:Memory::MemorySystem::Write:528: unmapped Write8 0x00000000 @ 0x000008B5 at PC 0x010F3548
[   4.708940] HW.Memory <Error> core\memory.cpp:Memory::MemorySystem::Write:528: unmapped Write8 0x00000000 @ 0x000008B6 at PC 0x010F3548
[   4.708941] HW.Memory <Error> core\memory.cpp:Memory::MemorySystem::Write:528: unmapped Write8 0x00000000 @ 0x000008B7 at PC 0x010F3548
[   4.708941] HW.Memory <Error> core\memory.cpp:Memory::MemorySystem::Write:528: unmapped Write8 0x00000000 @ 0x000008B8 at PC 0x010F3548
[   4.708942] HW.Memory <Error> core\memory.cpp:Memory::MemorySystem::Write:528: unmapped Write8 0x00000000 @ 0x000008B9 at PC 0x010F3548
[   4.708942] HW.Memory <Error> core\memory.cpp:Memory::MemorySystem::Write:528: unmapped Write8 0x00000000 @ 0x000008BA at PC 0x010F3548
[   4.708942] HW.Memory <Error> core\memory.cpp:Memory::MemorySystem::Write:528: unmapped Write8 0x00000000 @ 0x000008BB at PC 0x010F3548
[   4.708943] HW.Memory <Error> core\memory.cpp:Memory::MemorySystem::Write:528: unmapped Write8 0x00000000 @ 0x000008BC at PC 0x010F3548
[   4.708943] HW.Memory <Error> core\memory.cpp:Memory::MemorySystem::Write:528: unmapped Write8 0x00000000 @ 0x000008BD at PC 0x010F3548
[   4.708943] HW.Memory <Error> core\memory.cpp:Memory::MemorySystem::Write:528: unmapped Write8 0x00000000 @ 0x000008BE at PC 0x010F3548
[   4.708944] HW.Memory <Error> core\memory.cpp:Memory::MemorySystem::Write:528: unmapped Write8 0x00000000 @ 0x000008BF at PC 0x010F3548
[   4.708944] HW.Memory <Error> core\memory.cpp:Memory::MemorySystem::Write:528: unmapped Write8 0x00000000 @ 0x000008C0 at PC 0x010F3548
[   4.708944] HW.Memory <Error> core\memory.cpp:Memory::MemorySystem::Write:528: unmapped Write8 0x00000000 @ 0x000008C1 at PC 0x010F3548
[   4.708945] HW.Memory <Error> core\memory.cpp:Memory::MemorySystem::Write:528: unmapped Write8 0x00000000 @ 0x000008C2 at PC 0x010F3548
[   4.708945] HW.Memory <Error> core\memory.cpp:Memory::MemorySystem::Write:528: unmapped Write8 0x00000000 @ 0x000008C3 at PC 0x010F3548
[   4.708946] HW.Memory <Error> core\memory.cpp:Memory::MemorySystem::Write:528: unmapped Write8 0x00000000 @ 0x000008C4 at PC 0x010F3548
[   4.708946] HW.Memory <Error> core\memory.cpp:Memory::MemorySystem::Write:528: unmapped Write8 0x00000000 @ 0x000008C5 at PC 0x010F3548
[   4.708946] HW.Memory <Error> core\memory.cpp:Memory::MemorySystem::Write:528: unmapped Write8 0x00000000 @ 0x000008C6 at PC 0x010F3548
[   4.708947] HW.Memory <Error> core\memory.cpp:Memory::MemorySystem::Write:528: unmapped Write8 0x00000000 @ 0x000008C7 at PC 0x010F3548
[   4.708947] HW.Memory <Error> core\memory.cpp:Memory::MemorySystem::Write:528: unmapped Write8 0x00000000 @ 0x000008C8 at PC 0x010F3548
[   4.708947] HW.Memory <Error> core\memory.cpp:Memory::MemorySystem::Write:528: unmapped Write8 0x00000000 @ 0x000008C9 at PC 0x010F3548
[   4.708948] HW.Memory <Error> core\memory.cpp:Memory::MemorySystem::Write:528: unmapped Write8 0x00000000 @ 0x000008CA at PC 0x010F3548
[   4.708948] HW.Memory <Error> core\memory.cpp:Memory::MemorySystem::Write:528: unmapped Write8 0x00000000 @ 0x000008CB at PC 0x010F3548
[   4.708948] HW.Memory <Error> core\memory.cpp:Memory::MemorySystem::Write:528: unmapped Write8 0x00000000 @ 0x000008CC at PC 0x010F3548
[   4.708949] HW.Memory <Error> core\memory.cpp:Memory::MemorySystem::Write:528: unmapped Write8 0x00000000 @ 0x000008CD at PC 0x010F3548
[   4.708949] HW.Memory <Error> core\memory.cpp:Memory::MemorySystem::Write:528: unmapped Write8 0x00000000 @ 0x000008CE at PC 0x010F3548
[   4.708949] HW.Memory <Error> core\memory.cpp:Memory::MemorySystem::Write:528: unmapped Write8 0x00000000 @ 0x000008CF at PC 0x010F3548
[   4.708950] HW.Memory <Error> core\memory.cpp:Memory::MemorySystem::Write:528: unmapped Write8 0x00000000 @ 0x000008D0 at PC 0x010F3548
[   4.708950] HW.Memory <Error> core\memory.cpp:Memory::MemorySystem::Write:528: unmapped Write8 0x00000000 @ 0x000008D1 at PC 0x010F3548
[   4.708951] HW.Memory <Error> core\memory.cpp:Memory::MemorySystem::Write:528: unmapped Write8 0x00000000 @ 0x000008D2 at PC 0x010F3548
[   4.708951] HW.Memory <Error> core\memory.cpp:Memory::MemorySystem::Write:528: unmapped Write8 0x00000000 @ 0x000008D3 at PC 0x010F3548
[   4.708951] HW.Memory <Error> core\memory.cpp:Memory::MemorySystem::Write:528: unmapped Write8 0x00000000 @ 0x000008D4 at PC 0x010F3548
[   4.708952] HW.Memory <Error> core\memory.cpp:Memory::MemorySystem::Write:528: unmapped Write8 0x00000000 @ 0x000008D5 at PC 0x010F3548
[   4.708952] HW.Memory <Error> core\memory.cpp:Memory::MemorySystem::Write:528: unmapped Write8 0x00000000 @ 0x000008D6 at PC 0x010F3548
[   4.708954] HW.Memory <Error> core\memory.cpp:Memory::MemorySystem::Write:528: unmapped Write8 0x00000000 @ 0x000008D7 at PC 0x010F3548
[   4.708954] HW.Memory <Error> core\memory.cpp:Memory::MemorySystem::Write:528: unmapped Write8 0x00000000 @ 0x000008D8 at PC 0x010F3548
[   4.708955] HW.Memory <Error> core\memory.cpp:Memory::MemorySystem::Write:528: unmapped Write8 0x00000000 @ 0x000008D9 at PC 0x010F3548
[   4.708955] HW.Memory <Error> core\memory.cpp:Memory::MemorySystem::Write:528: unmapped Write8 0x00000000 @ 0x000008DA at PC 0x010F3548
[   4.708955] HW.Memory <Error> core\memory.cpp:Memory::MemorySystem::Write:528: unmapped Write8 0x00000000 @ 0x000008DB at PC 0x010F3548
[   4.708956] HW.Memory <Error> core\memory.cpp:Memory::MemorySystem::Write:528: unmapped Write8 0x00000000 @ 0x000008DC at PC 0x010F3548
[   4.708956] HW.Memory <Error> core\memory.cpp:Memory::MemorySystem::Write:528: unmapped Write8 0x00000000 @ 0x000008DD at PC 0x010F3548
[   4.708956] HW.Memory <Error> core\memory.cpp:Memory::MemorySystem::Write:528: unmapped Write8 0x00000000 @ 0x000008DE at PC 0x010F3548
[   4.708957] HW.Memory <Error> core\memory.cpp:Memory::MemorySystem::Write:528: unmapped Write8 0x00000000 @ 0x000008DF at PC 0x010F3548
[   4.708957] HW.Memory <Error> core\memory.cpp:Memory::MemorySystem::Write:528: unmapped Write8 0x00000000 @ 0x000008E0 at PC 0x010F3548
[   4.708958] HW.Memory <Error> core\memory.cpp:Memory::MemorySystem::Write:528: unmapped Write8 0x00000000 @ 0x000008E1 at PC 0x010F3548
[   4.708959] HW.Memory <Error> core\memory.cpp:Memory::MemorySystem::Write:528: unmapped Write8 0x00000000 @ 0x000008E2 at PC 0x010F3548
[   4.708960] HW.Memory <Error> core\memory.cpp:Memory::MemorySystem::Write:528: unmapped Write8 0x00000000 @ 0x000008E3 at PC 0x010F3548
[   4.708960] HW.Memory <Error> core\memory.cpp:Memory::MemorySystem::Write:528: unmapped Write8 0x00000000 @ 0x000008E4 at PC 0x010F3548
[   4.708960] HW.Memory <Error> core\memory.cpp:Memory::MemorySystem::Write:528: unmapped Write8 0x00000000 @ 0x000008E5 at PC 0x010F3548
[   4.708961] HW.Memory <Error> core\memory.cpp:Memory::MemorySystem::Write:528: unmapped Write8 0x00000000 @ 0x000008E6 at PC 0x010F3548
[   4.708961] HW.Memory <Error> core\memory.cpp:Memory::MemorySystem::Write:528: unmapped Write8 0x00000000 @ 0x000008E7 at PC 0x010F3548
[   4.708962] HW.Memory <Error> core\memory.cpp:Memory::MemorySystem::Write:528: unmapped Write8 0x00000000 @ 0x000008E8 at PC 0x010F3548
[   4.708962] HW.Memory <Error> core\memory.cpp:Memory::MemorySystem::Write:528: unmapped Write8 0x00000000 @ 0x000008E9 at PC 0x010F3548
[   4.708962] HW.Memory <Error> core\memory.cpp:Memory::MemorySystem::Write:528: unmapped Write8 0x00000000 @ 0x000008EA at PC 0x010F3548
[   4.708963] HW.Memory <Error> core\memory.cpp:Memory::MemorySystem::Write:528: unmapped Write8 0x00000000 @ 0x000008EB at PC 0x010F3548
[   4.708963] HW.Memory <Error> core\memory.cpp:Memory::MemorySystem::Write:528: unmapped Write8 0x00000000 @ 0x000008EC at PC 0x010F3548
[   4.708963] HW.Memory <Error> core\memory.cpp:Memory::MemorySystem::Write:528: unmapped Write8 0x00000000 @ 0x000008ED at PC 0x010F3548
[   4.708964] HW.Memory <Error> core\memory.cpp:Memory::MemorySystem::Write:528: unmapped Write8 0x00000000 @ 0x000008EE at PC 0x010F3548
[   4.708964] HW.Memory <Error> core\memory.cpp:Memory::MemorySystem::Write:528: unmapped Write8 0x00000000 @ 0x000008EF at PC 0x010F3548
[   4.708964] HW.Memory <Error> core\memory.cpp:Memory::MemorySystem::Write:528: unmapped Write8 0x00000000 @ 0x000008F0 at PC 0x010F3548
[   4.708965] HW.Memory <Error> core\memory.cpp:Memory::MemorySystem::Write:528: unmapped Write8 0x00000000 @ 0x000008F1 at PC 0x010F3548
[   4.708965] HW.Memory <Error> core\memory.cpp:Memory::MemorySystem::Write:528: unmapped Write8 0x00000000 @ 0x000008F2 at PC 0x010F3548
[   4.708965] HW.Memory <Error> core\memory.cpp:Memory::MemorySystem::Write:528: unmapped Write8 0x00000000 @ 0x000008F3 at PC 0x010F3548
[   4.708966] HW.Memory <Error> core\memory.cpp:Memory::MemorySystem::Write:528: unmapped Write8 0x00000000 @ 0x000008F4 at PC 0x010F3548
[   4.708966] HW.Memory <Error> core\memory.cpp:Memory::MemorySystem::Write:528: unmapped Write8 0x00000000 @ 0x000008F5 at PC 0x010F3548
[   4.708967] HW.Memory <Error> core\memory.cpp:Memory::MemorySystem::Write:528: unmapped Write8 0x00000000 @ 0x000008F6 at PC 0x010F3548
[   4.708967] HW.Memory <Error> core\memory.cpp:Memory::MemorySystem::Write:528: unmapped Write8 0x00000000 @ 0x000008F7 at PC 0x010F3548
[   4.708967] HW.Memory <Error> core\memory.cpp:Memory::MemorySystem::Write:528: unmapped Write8 0x00000000 @ 0x000008F8 at PC 0x010F3548
[   4.708968] HW.Memory <Error> core\memory.cpp:Memory::MemorySystem::Write:528: unmapped Write8 0x00000000 @ 0x000008F9 at PC 0x010F3548
[   4.708968] HW.Memory <Error> core\memory.cpp:Memory::MemorySystem::Write:528: unmapped Write8 0x00000000 @ 0x000008FA at PC 0x010F3548
[   4.708968] HW.Memory <Error> core\memory.cpp:Memory::MemorySystem::Write:528: unmapped Write8 0x00000000 @ 0x000008FB at PC 0x010F3548
[   4.708969] HW.Memory <Error> core\memory.cpp:Memory::MemorySystem::Write:528: unmapped Write8 0x00000000 @ 0x000008FC at PC 0x010F3548
[   4.708969] HW.Memory <Error> core\memory.cpp:Memory::MemorySystem::Write:528: unmapped Write8 0x00000000 @ 0x000008FD at PC 0x010F3548
[   4.708969] HW.Memory <Error> core\memory.cpp:Memory::MemorySystem::Write:528: unmapped Write8 0x00000000 @ 0x000008FE at PC 0x010F3548
[   4.708970] HW.Memory <Error> core\memory.cpp:Memory::MemorySystem::Write:528: unmapped Write8 0x00000000 @ 0x000008FF at PC 0x010F3548
[   4.708970] HW.Memory <Error> core\memory.cpp:Memory::MemorySystem::Write:528: unmapped Write8 0x00000000 @ 0x00000900 at PC 0x010F3548
[   4.708971] HW.Memory <Error> core\memory.cpp:Memory::MemorySystem::Write:528: unmapped Write8 0x00000000 @ 0x00000901 at PC 0x010F3548
[   4.708971] HW.Memory <Error> core\memory.cpp:Memory::MemorySystem::Write:528: unmapped Write8 0x00000000 @ 0x00000902 at PC 0x010F3548
[   4.708971] HW.Memory <Error> core\memory.cpp:Memory::MemorySystem::Write:528: unmapped Write8 0x00000000 @ 0x00000903 at PC 0x010F3548
[   4.708972] HW.Memory <Error> core\memory.cpp:Memory::MemorySystem::Write:528: unmapped Write8 0x00000000 @ 0x00000904 at PC 0x010F3548
[   4.708972] HW.Memory <Error> core\memory.cpp:Memory::MemorySystem::Write:528: unmapped Write8 0x00000000 @ 0x00000905 at PC 0x010F3548
[   4.708972] HW.Memory <Error> core\memory.cpp:Memory::MemorySystem::Write:528: unmapped Write8 0x00000000 @ 0x00000906 at PC 0x010F3548
[   4.708973] HW.Memory <Error> core\memory.cpp:Memory::MemorySystem::Write:528: unmapped Write8 0x00000000 @ 0x00000907 at PC 0x010F3548
[   4.708973] HW.Memory <Error> core\memory.cpp:Memory::MemorySystem::Write:528: unmapped Write8 0x00000000 @ 0x00000908 at PC 0x010F3548
[   4.708974] HW.Memory <Error> core\memory.cpp:Memory::MemorySystem::Write:528: unmapped Write8 0x00000000 @ 0x00000909 at PC 0x010F3548
[   4.708974] HW.Memory <Error> core\memory.cpp:Memory::MemorySystem::Write:528: unmapped Write8 0x00000000 @ 0x0000090A at PC 0x010F3548
[   4.708974] HW.Memory <Error> core\memory.cpp:Memory::MemorySystem::Write:528: unmapped Write8 0x00000000 @ 0x0000090B at PC 0x010F3548
[   4.708975] HW.Memory <Error> core\memory.cpp:Memory::MemorySystem::Write:528: unmapped Write8 0x00000000 @ 0x0000090C at PC 0x010F3548
[   4.708975] HW.Memory <Error> core\memory.cpp:Memory::MemorySystem::Write:528: unmapped Write8 0x00000000 @ 0x0000090D at PC 0x010F3548
[   4.708975] HW.Memory <Error> core\memory.cpp:Memory::MemorySystem::Write:528: unmapped Write8 0x00000000 @ 0x0000090E at PC 0x010F3548
[   4.708976] HW.Memory <Error> core\memory.cpp:Memory::MemorySystem::Write:528: unmapped Write8 0x00000000 @ 0x0000090F at PC 0x010F3548
[   4.708976] HW.Memory <Error> core\memory.cpp:Memory::MemorySystem::Write:528: unmapped Write8 0x00000000 @ 0x00000910 at PC 0x010F3548
[   4.708977] HW.Memory <Error> core\memory.cpp:Memory::MemorySystem::Write:528: unmapped Write8 0x00000000 @ 0x00000911 at PC 0x010F3548
[   4.708977] HW.Memory <Error> core\memory.cpp:Memory::MemorySystem::Write:528: unmapped Write8 0x00000000 @ 0x00000912 at PC 0x010F3548
[   4.708977] HW.Memory <Error> core\memory.cpp:Memory::MemorySystem::Write:528: unmapped Write8 0x00000000 @ 0x00000913 at PC 0x010F3548
[   4.708978] HW.Memory <Error> core\memory.cpp:Memory::MemorySystem::Write:528: unmapped Write8 0x00000000 @ 0x00000914 at PC 0x010F3548
[   4.708978] HW.Memory <Error> core\memory.cpp:Memory::MemorySystem::Write:528: unmapped Write8 0x00000000 @ 0x00000915 at PC 0x010F3548
[   4.708978] HW.Memory <Error> core\memory.cpp:Memory::MemorySystem::Write:528: unmapped Write8 0x00000000 @ 0x00000916 at PC 0x010F3548
[   4.708979] HW.Memory <Error> core\memory.cpp:Memory::MemorySystem::Write:528: unmapped Write8 0x00000000 @ 0x00000917 at PC 0x010F3548
[   4.708979] HW.Memory <Error> core\memory.cpp:Memory::MemorySystem::Write:528: unmapped Write8 0x00000000 @ 0x00000918 at PC 0x010F3548
[   4.708979] HW.Memory <Error> core\memory.cpp:Memory::MemorySystem::Write:528: unmapped Write8 0x00000000 @ 0x00000919 at PC 0x010F3548
[   4.708980] HW.Memory <Error> core\memory.cpp:Memory::MemorySystem::Write:528: unmapped Write8 0x00000000 @ 0x0000091A at PC 0x010F3548
[   4.708980] HW.Memory <Error> core\memory.cpp:Memory::MemorySystem::Write:528: unmapped Write8 0x00000000 @ 0x0000091B at PC 0x010F3548
[   4.708981] HW.Memory <Error> core\memory.cpp:Memory::MemorySystem::Write:528: unmapped Write8 0x00000000 @ 0x0000091C at PC 0x010F3548
[   4.708981] HW.Memory <Error> core\memory.cpp:Memory::MemorySystem::Write:528: unmapped Write8 0x00000000 @ 0x0000091D at PC 0x010F3548
[   4.708981] HW.Memory <Error> core\memory.cpp:Memory::MemorySystem::Write:528: unmapped Write8 0x00000000 @ 0x0000091E at PC 0x010F3548
[   4.708982] HW.Memory <Error> core\memory.cpp:Memory::MemorySystem::Write:528: unmapped Write8 0x00000000 @ 0x0000091F at PC 0x010F3548
[   4.708982] HW.Memory <Error> core\memory.cpp:Memory::MemorySystem::Write:528: unmapped Write8 0x00000000 @ 0x00000920 at PC 0x010F3548
[   4.708982] HW.Memory <Error> core\memory.cpp:Memory::MemorySystem::Write:528: unmapped Write8 0x00000000 @ 0x00000921 at PC 0x010F3548
[   4.708983] HW.Memory <Error> core\memory.cpp:Memory::MemorySystem::Write:528: unmapped Write8 0x00000000 @ 0x00000922 at PC 0x010F3548
[   4.708983] HW.Memory <Error> core\memory.cpp:Memory::MemorySystem::Write:528: unmapped Write8 0x00000000 @ 0x00000923 at PC 0x010F3548
[   4.708984] HW.Memory <Error> core\memory.cpp:Memory::MemorySystem::Write:528: unmapped Write8 0x00000000 @ 0x00000924 at PC 0x010F3548
[   4.708984] HW.Memory <Error> core\memory.cpp:Memory::MemorySystem::Write:528: unmapped Write8 0x00000000 @ 0x00000925 at PC 0x010F3548
[   4.708984] HW.Memory <Error> core\memory.cpp:Memory::MemorySystem::Write:528: unmapped Write8 0x00000000 @ 0x00000926 at PC 0x010F3548
[   4.708985] HW.Memory <Error> core\memory.cpp:Memory::MemorySystem::Write:528: unmapped Write8 0x00000000 @ 0x00000927 at PC 0x010F3548
[   4.708985] HW.Memory <Error> core\memory.cpp:Memory::MemorySystem::Write:528: unmapped Write8 0x00000000 @ 0x00000928 at PC 0x010F3548
[   4.708985] HW.Memory <Error> core\memory.cpp:Memory::MemorySystem::Write:528: unmapped Write8 0x00000000 @ 0x00000929 at PC 0x010F3548
[   4.708986] HW.Memory <Error> core\memory.cpp:Memory::MemorySystem::Write:528: unmapped Write8 0x00000000 @ 0x0000092A at PC 0x010F3548
[   4.708986] HW.Memory <Error> core\memory.cpp:Memory::MemorySystem::Write:528: unmapped Write8 0x00000000 @ 0x0000092B at PC 0x010F3548
[   4.708987] HW.Memory <Error> core\memory.cpp:Memory::MemorySystem::Write:528: unmapped Write8 0x00000000 @ 0x0000092C at PC 0x010F3548
[   4.708987] HW.Memory <Error> core\memory.cpp:Memory::MemorySystem::Write:528: unmapped Write8 0x00000000 @ 0x0000092D at PC 0x010F3548
[   4.708987] HW.Memory <Error> core\memory.cpp:Memory::MemorySystem::Write:528: unmapped Write8 0x00000000 @ 0x0000092E at PC 0x010F3548
[   4.708988] HW.Memory <Error> core\memory.cpp:Memory::MemorySystem::Write:528: unmapped Write8 0x00000000 @ 0x0000092F at PC 0x010F3548
[   4.708988] HW.Memory <Error> core\memory.cpp:Memory::MemorySystem::Write:528: unmapped Write8 0x00000000 @ 0x00000930 at PC 0x010F3548
[   4.708988] HW.Memory <Error> core\memory.cpp:Memory::MemorySystem::Write:528: unmapped Write8 0x00000000 @ 0x00000931 at PC 0x010F3548
[   4.708989] HW.Memory <Error> core\memory.cpp:Memory::MemorySystem::Write:528: unmapped Write8 0x00000000 @ 0x00000932 at PC 0x010F3548
[   4.708989] HW.Memory <Error> core\memory.cpp:Memory::MemorySystem::Write:528: unmapped Write8 0x00000000 @ 0x00000933 at PC 0x010F3548
[   4.708990] HW.Memory <Error> core\memory.cpp:Memory::MemorySystem::Write:528: unmapped Write8 0x00000000 @ 0x00000934 at PC 0x010F3548
[   4.708990] HW.Memory <Error> core\memory.cpp:Memory::MemorySystem::Write:528: unmapped Write8 0x00000000 @ 0x00000935 at PC 0x010F3548
[   4.708990] HW.Memory <Error> core\memory.cpp:Memory::MemorySystem::Write:528: unmapped Write8 0x00000000 @ 0x00000936 at PC 0x010F3548
[   4.708991] HW.Memory <Error> core\memory.cpp:Memory::MemorySystem::Write:528: unmapped Write8 0x00000000 @ 0x00000937 at PC 0x010F3548
[   4.708991] HW.Memory <Error> core\memory.cpp:Memory::MemorySystem::Write:528: unmapped Write8 0x00000000 @ 0x00000938 at PC 0x010F3548
[   4.708991] HW.Memory <Error> core\memory.cpp:Memory::MemorySystem::Write:528: unmapped Write8 0x00000000 @ 0x00000939 at PC 0x010F3548
[   4.708992] HW.Memory <Error> core\memory.cpp:Memory::MemorySystem::Write:528: unmapped Write8 0x00000000 @ 0x0000093A at PC 0x010F3548
[   4.708992] HW.Memory <Error> core\memory.cpp:Memory::MemorySystem::Write:528: unmapped Write8 0x00000000 @ 0x0000093B at PC 0x010F3548
[   4.708992] HW.Memory <Error> core\memory.cpp:Memory::MemorySystem::Write:528: unmapped Write8 0x00000000 @ 0x0000093C at PC 0x010F3548
[   4.708993] HW.Memory <Error> core\memory.cpp:Memory::MemorySystem::Write:528: unmapped Write8 0x00000000 @ 0x0000093D at PC 0x010F3548
[   4.708993] HW.Memory <Error> core\memory.cpp:Memory::MemorySystem::Write:528: unmapped Write8 0x00000000 @ 0x0000093E at PC 0x010F3548
[   4.708994] HW.Memory <Error> core\memory.cpp:Memory::MemorySystem::Write:528: unmapped Write8 0x00000000 @ 0x0000093F at PC 0x010F3548
[   4.708994] HW.Memory <Error> core\memory.cpp:Memory::MemorySystem::Write:528: unmapped Write8 0x00000000 @ 0x00000940 at PC 0x010F3548
[   4.708994] HW.Memory <Error> core\memory.cpp:Memory::MemorySystem::Write:528: unmapped Write8 0x00000000 @ 0x00000941 at PC 0x010F3548
[   4.708995] HW.Memory <Error> core\memory.cpp:Memory::MemorySystem::Write:528: unmapped Write8 0x00000000 @ 0x00000942 at PC 0x010F3548
[   4.708995] HW.Memory <Error> core\memory.cpp:Memory::MemorySystem::Write:528: unmapped Write8 0x00000000 @ 0x00000943 at PC 0x010F3548
[   4.708995] HW.Memory <Error> core\memory.cpp:Memory::MemorySystem::Write:528: unmapped Write8 0x00000000 @ 0x00000944 at PC 0x010F3548
[   4.708996] HW.Memory <Error> core\memory.cpp:Memory::MemorySystem::Write:528: unmapped Write8 0x00000000 @ 0x00000945 at PC 0x010F3548
[   4.708996] HW.Memory <Error> core\memory.cpp:Memory::MemorySystem::Write:528: unmapped Write8 0x00000000 @ 0x00000946 at PC 0x010F3548
[   4.708996] HW.Memory <Error> core\memory.cpp:Memory::MemorySystem::Write:528: unmapped Write8 0x00000000 @ 0x00000947 at PC 0x010F3548
[   4.708997] HW.Memory <Error> core\memory.cpp:Memory::MemorySystem::Write:528: unmapped Write8 0x00000000 @ 0x00000948 at PC 0x010F3548
[   4.708997] HW.Memory <Error> core\memory.cpp:Memory::MemorySystem::Write:528: unmapped Write8 0x00000000 @ 0x00000949 at PC 0x010F3548
[   4.708998] HW.Memory <Error> core\memory.cpp:Memory::MemorySystem::Write:528: unmapped Write8 0x00000000 @ 0x0000094A at PC 0x010F3548
[   4.708998] HW.Memory <Error> core\memory.cpp:Memory::MemorySystem::Write:528: unmapped Write8 0x00000000 @ 0x0000094B at PC 0x010F3548
[   4.708998] HW.Memory <Error> core\memory.cpp:Memory::MemorySystem::Write:528: unmapped Write8 0x00000000 @ 0x0000094C at PC 0x010F3548
[   4.708999] HW.Memory <Error> core\memory.cpp:Memory::MemorySystem::Write:528: unmapped Write8 0x00000000 @ 0x0000094D at PC 0x010F3548
[   4.708999] HW.Memory <Error> core\memory.cpp:Memory::MemorySystem::Write:528: unmapped Write8 0x00000000 @ 0x0000094E at PC 0x010F3548
[   4.708999] HW.Memory <Error> core\memory.cpp:Memory::MemorySystem::Write:528: unmapped Write8 0x00000000 @ 0x0000094F at PC 0x010F3548
[   4.709000] HW.Memory <Error> core\memory.cpp:Memory::MemorySystem::Write:528: unmapped Write8 0x00000000 @ 0x00000950 at PC 0x010F3548
[   4.709000] HW.Memory <Error> core\memory.cpp:Memory::MemorySystem::Write:528: unmapped Write8 0x00000000 @ 0x00000951 at PC 0x010F3548
[   4.709001] HW.Memory <Error> core\memory.cpp:Memory::MemorySystem::Write:528: unmapped Write8 0x00000000 @ 0x00000952 at PC 0x010F3548
[   4.709001] HW.Memory <Error> core\memory.cpp:Memory::MemorySystem::Write:528: unmapped Write8 0x00000000 @ 0x00000953 at PC 0x010F3548
[   4.709001] HW.Memory <Error> core\memory.cpp:Memory::MemorySystem::Write:528: unmapped Write8 0x00000000 @ 0x00000954 at PC 0x010F3548
[   4.709002] HW.Memory <Error> core\memory.cpp:Memory::MemorySystem::Write:528: unmapped Write8 0x00000000 @ 0x00000955 at PC 0x010F3548
[   4.709002] HW.Memory <Error> core\memory.cpp:Memory::MemorySystem::Write:528: unmapped Write8 0x00000000 @ 0x00000956 at PC 0x010F3548
[   4.709002] HW.Memory <Error> core\memory.cpp:Memory::MemorySystem::Write:528: unmapped Write8 0x00000000 @ 0x00000957 at PC 0x010F3548
[   4.709003] HW.Memory <Error> core\memory.cpp:Memory::MemorySystem::Write:528: unmapped Write8 0x00000000 @ 0x00000958 at PC 0x010F3548
[   4.709003] HW.Memory <Error> core\memory.cpp:Memory::MemorySystem::Write:528: unmapped Write8 0x00000000 @ 0x00000959 at PC 0x010F3548
[   4.709004] HW.Memory <Error> core\memory.cpp:Memory::MemorySystem::Write:528: unmapped Write8 0x00000000 @ 0x0000095A at PC 0x010F3548
[   4.709004] HW.Memory <Error> core\memory.cpp:Memory::MemorySystem::Write:528: unmapped Write8 0x00000000 @ 0x0000095B at PC 0x010F3548
[   4.709004] HW.Memory <Error> core\memory.cpp:Memory::MemorySystem::Write:528: unmapped Write8 0x00000000 @ 0x0000095C at PC 0x010F3548
[   4.709005] HW.Memory <Error> core\memory.cpp:Memory::MemorySystem::Write:528: unmapped Write8 0x00000000 @ 0x0000095D at PC 0x010F3548
[   4.709005] HW.Memory <Error> core\memory.cpp:Memory::MemorySystem::Write:528: unmapped Write8 0x00000000 @ 0x0000095E at PC 0x010F3548
[   4.709006] HW.Memory <Error> core\memory.cpp:Memory::MemorySystem::Write:528: unmapped Write8 0x00000000 @ 0x0000095F at PC 0x010F3548
[   4.709006] HW.Memory <Error> core\memory.cpp:Memory::MemorySystem::Write:528: unmapped Write8 0x00000000 @ 0x00000960 at PC 0x010F3548
[   4.709007] HW.Memory <Error> core\memory.cpp:Memory::MemorySystem::Write:528: unmapped Write8 0x00000000 @ 0x00000961 at PC 0x010F3548
[   4.709007] HW.Memory <Error> core\memory.cpp:Memory::MemorySystem::Write:528: unmapped Write8 0x00000000 @ 0x00000962 at PC 0x010F3548
[   4.709008] HW.Memory <Error> core\memory.cpp:Memory::MemorySystem::Write:528: unmapped Write8 0x00000000 @ 0x00000963 at PC 0x010F3548
[   4.709008] HW.Memory <Error> core\memory.cpp:Memory::MemorySystem::Write:528: unmapped Write8 0x00000000 @ 0x00000964 at PC 0x010F3548
[   4.709008] HW.Memory <Error> core\memory.cpp:Memory::MemorySystem::Write:528: unmapped Write8 0x00000000 @ 0x00000965 at PC 0x010F3548
[   4.709009] HW.Memory <Error> core\memory.cpp:Memory::MemorySystem::Write:528: unmapped Write8 0x00000000 @ 0x00000966 at PC 0x010F3548
[   4.709009] HW.Memory <Error> core\memory.cpp:Memory::MemorySystem::Write:528: unmapped Write8 0x00000000 @ 0x00000967 at PC 0x010F3548
[   4.709009] HW.Memory <Error> core\memory.cpp:Memory::MemorySystem::Write:528: unmapped Write8 0x00000000 @ 0x00000968 at PC 0x010F3548
[   4.709010] HW.Memory <Error> core\memory.cpp:Memory::MemorySystem::Write:528: unmapped Write8 0x00000000 @ 0x00000969 at PC 0x010F3548
[   4.709010] HW.Memory <Error> core\memory.cpp:Memory::MemorySystem::Write:528: unmapped Write8 0x00000000 @ 0x0000096A at PC 0x010F3548
[   4.709011] HW.Memory <Error> core\memory.cpp:Memory::MemorySystem::Write:528: unmapped Write8 0x00000000 @ 0x0000096B at PC 0x010F3548
[   4.709011] HW.Memory <Error> core\memory.cpp:Memory::MemorySystem::Write:528: unmapped Write8 0x00000000 @ 0x0000096C at PC 0x010F3548
[   4.709011] HW.Memory <Error> core\memory.cpp:Memory::MemorySystem::Write:528: unmapped Write8 0x00000000 @ 0x0000096D at PC 0x010F3548
[   4.709012] HW.Memory <Error> core\memory.cpp:Memory::MemorySystem::Write:528: unmapped Write8 0x00000000 @ 0x0000096E at PC 0x010F3548
[   4.709012] HW.Memory <Error> core\memory.cpp:Memory::MemorySystem::Write:528: unmapped Write8 0x00000000 @ 0x0000096F at PC 0x010F3548
[   4.709013] HW.Memory <Error> core\memory.cpp:Memory::MemorySystem::Write:528: unmapped Write8 0x00000000 @ 0x00000970 at PC 0x010F3548
[   4.709013] HW.Memory <Error> core\memory.cpp:Memory::MemorySystem::Write:528: unmapped Write8 0x00000000 @ 0x00000971 at PC 0x010F3548
[   4.709013] HW.Memory <Error> core\memory.cpp:Memory::MemorySystem::Write:528: unmapped Write8 0x00000000 @ 0x00000972 at PC 0x010F3548
[   4.709014] HW.Memory <Error> core\memory.cpp:Memory::MemorySystem::Write:528: unmapped Write8 0x00000000 @ 0x00000973 at PC 0x010F3548
[   4.709014] HW.Memory <Error> core\memory.cpp:Memory::MemorySystem::Write:528: unmapped Write8 0x00000000 @ 0x00000974 at PC 0x010F3548
[   4.709014] HW.Memory <Error> core\memory.cpp:Memory::MemorySystem::Write:528: unmapped Write8 0x00000000 @ 0x00000975 at PC 0x010F3548
[   4.709015] HW.Memory <Error> core\memory.cpp:Memory::MemorySystem::Write:528: unmapped Write8 0x00000000 @ 0x00000976 at PC 0x010F3548
[   4.709015] HW.Memory <Error> core\memory.cpp:Memory::MemorySystem::Write:528: unmapped Write8 0x00000000 @ 0x00000977 at PC 0x010F3548
[   4.709015] HW.Memory <Error> core\memory.cpp:Memory::MemorySystem::Write:528: unmapped Write8 0x00000000 @ 0x00000978 at PC 0x010F3548
[   4.709016] HW.Memory <Error> core\memory.cpp:Memory::MemorySystem::Write:528: unmapped Write8 0x00000000 @ 0x00000979 at PC 0x010F3548
[   4.709016] HW.Memory <Error> core\memory.cpp:Memory::MemorySystem::Write:528: unmapped Write8 0x00000000 @ 0x0000097A at PC 0x010F3548
[   4.709017] HW.Memory <Error> core\memory.cpp:Memory::MemorySystem::Write:528: unmapped Write8 0x00000000 @ 0x0000097B at PC 0x010F3548
[   4.709017] HW.Memory <Error> core\memory.cpp:Memory::MemorySystem::Write:528: unmapped Write8 0x00000000 @ 0x0000097C at PC 0x010F3548
[   4.709017] HW.Memory <Error> core\memory.cpp:Memory::MemorySystem::Write:528: unmapped Write8 0x00000000 @ 0x0000097D at PC 0x010F3548
[   4.709018] HW.Memory <Error> core\memory.cpp:Memory::MemorySystem::Write:528: unmapped Write8 0x00000000 @ 0x0000097E at PC 0x010F3548
[   4.709018] HW.Memory <Error> core\memory.cpp:Memory::MemorySystem::Write:528: unmapped Write8 0x00000000 @ 0x0000097F at PC 0x010F3548
[   4.709019] HW.Memory <Error> core\memory.cpp:Memory::MemorySystem::Write:528: unmapped Write8 0x00000000 @ 0x00000980 at PC 0x010F3548
[   4.709019] HW.Memory <Error> core\memory.cpp:Memory::MemorySystem::Write:528: unmapped Write8 0x00000000 @ 0x00000981 at PC 0x010F3548
[   4.709019] HW.Memory <Error> core\memory.cpp:Memory::MemorySystem::Write:528: unmapped Write8 0x00000000 @ 0x00000982 at PC 0x010F3548
[   4.709020] HW.Memory <Error> core\memory.cpp:Memory::MemorySystem::Write:528: unmapped Write8 0x00000000 @ 0x00000983 at PC 0x010F3548
[   4.709020] HW.Memory <Error> core\memory.cpp:Memory::MemorySystem::Write:528: unmapped Write8 0x00000000 @ 0x00000984 at PC 0x010F3548
[   4.709020] HW.Memory <Error> core\memory.cpp:Memory::MemorySystem::Write:528: unmapped Write8 0x00000000 @ 0x00000985 at PC 0x010F3548
[   4.709021] HW.Memory <Error> core\memory.cpp:Memory::MemorySystem::Write:528: unmapped Write8 0x00000000 @ 0x00000986 at PC 0x010F3548
[   4.709021] HW.Memory <Error> core\memory.cpp:Memory::MemorySystem::Write:528: unmapped Write8 0x00000000 @ 0x00000987 at PC 0x010F3548
[   4.709022] HW.Memory <Error> core\memory.cpp:Memory::MemorySystem::Write:528: unmapped Write8 0x00000000 @ 0x00000988 at PC 0x010F3548
[   4.709022] HW.Memory <Error> core\memory.cpp:Memory::MemorySystem::Write:528: unmapped Write8 0x00000000 @ 0x00000989 at PC 0x010F3548
[   4.709024] HW.Memory <Error> core\memory.cpp:Memory::MemorySystem::Write:528: unmapped Write8 0x00000000 @ 0x0000098A at PC 0x010F3548
[   4.709024] HW.Memory <Error> core\memory.cpp:Memory::MemorySystem::Write:528: unmapped Write8 0x00000000 @ 0x0000098B at PC 0x010F3548
[   4.709024] HW.Memory <Error> core\memory.cpp:Memory::MemorySystem::Write:528: unmapped Write8 0x00000000 @ 0x0000098C at PC 0x010F3548
[   4.709025] HW.Memory <Error> core\memory.cpp:Memory::MemorySystem::Write:528: unmapped Write8 0x00000000 @ 0x0000098D at PC 0x010F3548
[   4.709025] HW.Memory <Error> core\memory.cpp:Memory::MemorySystem::Write:528: unmapped Write8 0x00000000 @ 0x0000098E at PC 0x010F3548
[   4.709026] HW.Memory <Error> core\memory.cpp:Memory::MemorySystem::Write:528: unmapped Write8 0x00000000 @ 0x0000098F at PC 0x010F3548
[   4.709026] HW.Memory <Error> core\memory.cpp:Memory::MemorySystem::Write:528: unmapped Write8 0x00000000 @ 0x00000990 at PC 0x010F3548
[   4.709026] HW.Memory <Error> core\memory.cpp:Memory::MemorySystem::Write:528: unmapped Write8 0x00000000 @ 0x00000991 at PC 0x010F3548
[   4.709027] HW.Memory <Error> core\memory.cpp:Memory::MemorySystem::Write:528: unmapped Write8 0x00000000 @ 0x00000992 at PC 0x010F3548
[   4.709027] HW.Memory <Error> core\memory.cpp:Memory::MemorySystem::Write:528: unmapped Write8 0x00000000 @ 0x00000993 at PC 0x010F3548
[   4.709027] HW.Memory <Error> core\memory.cpp:Memory::MemorySystem::Write:528: unmapped Write8 0x00000000 @ 0x00000994 at PC 0x010F3548
[   4.709028] HW.Memory <Error> core\memory.cpp:Memory::MemorySystem::Write:528: unmapped Write8 0x00000000 @ 0x00000995 at PC 0x010F3548
[   4.709028] HW.Memory <Error> core\memory.cpp:Memory::MemorySystem::Write:528: unmapped Write8 0x00000000 @ 0x00000996 at PC 0x010F3548
[   4.709029] HW.Memory <Error> core\memory.cpp:Memory::MemorySystem::Write:528: unmapped Write8 0x00000000 @ 0x00000997 at PC 0x010F3548
[   4.709029] HW.Memory <Error> core\memory.cpp:Memory::MemorySystem::Write:528: unmapped Write8 0x00000000 @ 0x00000998 at PC 0x010F3548
[   4.709029] HW.Memory <Error> core\memory.cpp:Memory::MemorySystem::Write:528: unmapped Write8 0x00000000 @ 0x00000999 at PC 0x010F3548
[   4.709030] HW.Memory <Error> core\memory.cpp:Memory::MemorySystem::Write:528: unmapped Write8 0x00000000 @ 0x0000099A at PC 0x010F3548
[   4.709030] HW.Memory <Error> core\memory.cpp:Memory::MemorySystem::Write:528: unmapped Write8 0x00000000 @ 0x0000099B at PC 0x010F3548
[   4.709031] HW.Memory <Error> core\memory.cpp:Memory::MemorySystem::Write:528: unmapped Write8 0x00000000 @ 0x0000099C at PC 0x010F3548
[   4.709031] HW.Memory <Error> core\memory.cpp:Memory::MemorySystem::Write:528: unmapped Write8 0x00000000 @ 0x0000099D at PC 0x010F3548
[   4.709031] HW.Memory <Error> core\memory.cpp:Memory::MemorySystem::Write:528: unmapped Write8 0x00000000 @ 0x0000099E at PC 0x010F3548
[   4.709032] HW.Memory <Error> core\memory.cpp:Memory::MemorySystem::Write:528: unmapped Write8 0x00000000 @ 0x0000099F at PC 0x010F3548
[   4.709032] HW.Memory <Error> core\memory.cpp:Memory::MemorySystem::Write:528: unmapped Write8 0x00000000 @ 0x000009A0 at PC 0x010F3548
[   4.709032] HW.Memory <Error> core\memory.cpp:Memory::MemorySystem::Write:528: unmapped Write8 0x00000000 @ 0x000009A1 at PC 0x010F3548
[   4.709033] HW.Memory <Error> core\memory.cpp:Memory::MemorySystem::Write:528: unmapped Write8 0x00000000 @ 0x000009A2 at PC 0x010F3548
[   4.709033] HW.Memory <Error> core\memory.cpp:Memory::MemorySystem::Write:528: unmapped Write8 0x00000000 @ 0x000009A3 at PC 0x010F3548
[   4.709034] HW.Memory <Error> core\memory.cpp:Memory::MemorySystem::Write:528: unmapped Write8 0x00000000 @ 0x000009A4 at PC 0x010F3548
[   4.709034] HW.Memory <Error> core\memory.cpp:Memory::MemorySystem::Write:528: unmapped Write8 0x00000000 @ 0x000009A5 at PC 0x010F3548
[   4.709034] HW.Memory <Error> core\memory.cpp:Memory::MemorySystem::Write:528: unmapped Write8 0x00000000 @ 0x000009A6 at PC 0x010F3548
[   4.709035] HW.Memory <Error> core\memory.cpp:Memory::MemorySystem::Write:528: unmapped Write8 0x00000000 @ 0x000009A7 at PC 0x010F3548
[   4.709035] HW.Memory <Error> core\memory.cpp:Memory::MemorySystem::Write:528: unmapped Write8 0x00000000 @ 0x000009A8 at PC 0x010F3548
[   4.709036] HW.Memory <Error> core\memory.cpp:Memory::MemorySystem::Write:528: unmapped Write8 0x00000000 @ 0x000009A9 at PC 0x010F3548
[   4.709036] HW.Memory <Error> core\memory.cpp:Memory::MemorySystem::Write:528: unmapped Write8 0x00000000 @ 0x000009AA at PC 0x010F3548
[   4.709036] HW.Memory <Error> core\memory.cpp:Memory::MemorySystem::Write:528: unmapped Write8 0x00000000 @ 0x000009AB at PC 0x010F3548
[   4.709037] HW.Memory <Error> core\memory.cpp:Memory::MemorySystem::Write:528: unmapped Write8 0x00000000 @ 0x000009AC at PC 0x010F3548
[   4.709037] HW.Memory <Error> core\memory.cpp:Memory::MemorySystem::Write:528: unmapped Write8 0x00000000 @ 0x000009AD at PC 0x010F3548
[   4.709037] HW.Memory <Error> core\memory.cpp:Memory::MemorySystem::Write:528: unmapped Write8 0x00000000 @ 0x000009AE at PC 0x010F3548
[   4.709038] HW.Memory <Error> core\memory.cpp:Memory::MemorySystem::Write:528: unmapped Write8 0x00000000 @ 0x000009AF at PC 0x010F3548
[   4.709038] HW.Memory <Error> core\memory.cpp:Memory::MemorySystem::Write:528: unmapped Write8 0x00000000 @ 0x000009B0 at PC 0x010F3548
[   4.709039] HW.Memory <Error> core\memory.cpp:Memory::MemorySystem::Write:528: unmapped Write8 0x00000000 @ 0x000009B1 at PC 0x010F3548
[   4.709039] HW.Memory <Error> core\memory.cpp:Memory::MemorySystem::Write:528: unmapped Write8 0x00000000 @ 0x000009B2 at PC 0x010F3548
[   4.709039] HW.Memory <Error> core\memory.cpp:Memory::MemorySystem::Write:528: unmapped Write8 0x00000000 @ 0x000009B3 at PC 0x010F3548
[   4.709040] HW.Memory <Error> core\memory.cpp:Memory::MemorySystem::Write:528: unmapped Write8 0x00000000 @ 0x000009B4 at PC 0x010F3548
[   4.709040] HW.Memory <Error> core\memory.cpp:Memory::MemorySystem::Write:528: unmapped Write8 0x00000000 @ 0x000009B5 at PC 0x010F3548
[   4.709040] HW.Memory <Error> core\memory.cpp:Memory::MemorySystem::Write:528: unmapped Write8 0x00000000 @ 0x000009B6 at PC 0x010F3548
[   4.709041] HW.Memory <Error> core\memory.cpp:Memory::MemorySystem::Write:528: unmapped Write8 0x00000000 @ 0x000009B7 at PC 0x010F3548
[   4.709041] HW.Memory <Error> core\memory.cpp:Memory::MemorySystem::Write:528: unmapped Write8 0x00000000 @ 0x000009B8 at PC 0x010F3548
[   4.709041] HW.Memory <Error> core\memory.cpp:Memory::MemorySystem::Write:528: unmapped Write8 0x00000000 @ 0x000009B9 at PC 0x010F3548
[   4.709042] HW.Memory <Error> core\memory.cpp:Memory::MemorySystem::Write:528: unmapped Write8 0x00000000 @ 0x000009BA at PC 0x010F3548
[   4.709042] HW.Memory <Error> core\memory.cpp:Memory::MemorySystem::Write:528: unmapped Write8 0x00000000 @ 0x000009BB at PC 0x010F3548
[   4.709043] HW.Memory <Error> core\memory.cpp:Memory::MemorySystem::Write:528: unmapped Write8 0x00000000 @ 0x000009BC at PC 0x010F3548
[   4.709043] HW.Memory <Error> core\memory.cpp:Memory::MemorySystem::Write:528: unmapped Write8 0x00000000 @ 0x000009BD at PC 0x010F3548
[   4.709043] HW.Memory <Error> core\memory.cpp:Memory::MemorySystem::Write:528: unmapped Write8 0x00000000 @ 0x000009BE at PC 0x010F3548
[   4.709044] HW.Memory <Error> core\memory.cpp:Memory::MemorySystem::Write:528: unmapped Write8 0x00000000 @ 0x000009BF at PC 0x010F3548
[   4.709044] HW.Memory <Error> core\memory.cpp:Memory::MemorySystem::Write:528: unmapped Write8 0x00000000 @ 0x000009C0 at PC 0x010F3548
[   4.709044] HW.Memory <Error> core\memory.cpp:Memory::MemorySystem::Write:528: unmapped Write8 0x00000000 @ 0x000009C1 at PC 0x010F3548
[   4.709045] HW.Memory <Error> core\memory.cpp:Memory::MemorySystem::Write:528: unmapped Write8 0x00000000 @ 0x000009C2 at PC 0x010F3548
[   4.709045] HW.Memory <Error> core\memory.cpp:Memory::MemorySystem::Write:528: unmapped Write8 0x00000000 @ 0x000009C3 at PC 0x010F3548
[   4.709045] HW.Memory <Error> core\memory.cpp:Memory::MemorySystem::Write:528: unmapped Write8 0x00000000 @ 0x000009C4 at PC 0x010F3548
[   4.709046] HW.Memory <Error> core\memory.cpp:Memory::MemorySystem::Write:528: unmapped Write8 0x00000000 @ 0x000009C5 at PC 0x010F3548
[   4.709046] HW.Memory <Error> core\memory.cpp:Memory::MemorySystem::Write:528: unmapped Write8 0x00000000 @ 0x000009C6 at PC 0x010F3548
[   4.709047] HW.Memory <Error> core\memory.cpp:Memory::MemorySystem::Write:528: unmapped Write8 0x00000000 @ 0x000009C7 at PC 0x010F3548
[   4.709047] HW.Memory <Error> core\memory.cpp:Memory::MemorySystem::Write:528: unmapped Write8 0x00000000 @ 0x000009C8 at PC 0x010F3548
[   4.709047] HW.Memory <Error> core\memory.cpp:Memory::MemorySystem::Write:528: unmapped Write8 0x00000000 @ 0x000009C9 at PC 0x010F3548
[   4.709048] HW.Memory <Error> core\memory.cpp:Memory::MemorySystem::Write:528: unmapped Write8 0x00000000 @ 0x000009CA at PC 0x010F3548
[   4.709048] HW.Memory <Error> core\memory.cpp:Memory::MemorySystem::Write:528: unmapped Write8 0x00000000 @ 0x000009CB at PC 0x010F3548
[   4.709049] HW.Memory <Error> core\memory.cpp:Memory::MemorySystem::Write:528: unmapped Write8 0x00000000 @ 0x000009CC at PC 0x010F3548
[   4.709049] HW.Memory <Error> core\memory.cpp:Memory::MemorySystem::Write:528: unmapped Write8 0x00000000 @ 0x000009CD at PC 0x010F3548
[   4.709049] HW.Memory <Error> core\memory.cpp:Memory::MemorySystem::Write:528: unmapped Write8 0x00000000 @ 0x000009CE at PC 0x010F3548
[   4.709050] HW.Memory <Error> core\memory.cpp:Memory::MemorySystem::Write:528: unmapped Write8 0x00000000 @ 0x000009CF at PC 0x010F3548
[   4.709050] HW.Memory <Error> core\memory.cpp:Memory::MemorySystem::Write:528: unmapped Write8 0x00000000 @ 0x000009D0 at PC 0x010F3548
[   4.709050] HW.Memory <Error> core\memory.cpp:Memory::MemorySystem::Write:528: unmapped Write8 0x00000000 @ 0x000009D1 at PC 0x010F3548
[   4.709051] HW.Memory <Error> core\memory.cpp:Memory::MemorySystem::Write:528: unmapped Write8 0x00000000 @ 0x000009D2 at PC 0x010F3548
[   4.709051] HW.Memory <Error> core\memory.cpp:Memory::MemorySystem::Write:528: unmapped Write8 0x00000000 @ 0x000009D3 at PC 0x010F3548
[   4.709051] HW.Memory <Error> core\memory.cpp:Memory::MemorySystem::Write:528: unmapped Write8 0x00000000 @ 0x000009D4 at PC 0x010F3548
[   4.709052] HW.Memory <Error> core\memory.cpp:Memory::MemorySystem::Write:528: unmapped Write8 0x00000000 @ 0x000009D5 at PC 0x010F3548
[   4.709052] HW.Memory <Error> core\memory.cpp:Memory::MemorySystem::Write:528: unmapped Write8 0x00000000 @ 0x000009D6 at PC 0x010F3548
[   4.709052] HW.Memory <Error> core\memory.cpp:Memory::MemorySystem::Write:528: unmapped Write8 0x00000000 @ 0x000009D7 at PC 0x010F3548
[   4.709053] HW.Memory <Error> core\memory.cpp:Memory::MemorySystem::Write:528: unmapped Write8 0x00000000 @ 0x000009D8 at PC 0x010F3548
[   4.709053] HW.Memory <Error> core\memory.cpp:Memory::MemorySystem::Write:528: unmapped Write8 0x00000000 @ 0x000009D9 at PC 0x010F3548
[   4.709054] HW.Memory <Error> core\memory.cpp:Memory::MemorySystem::Write:528: unmapped Write8 0x00000000 @ 0x000009DA at PC 0x010F3548
[   4.709054] HW.Memory <Error> core\memory.cpp:Memory::MemorySystem::Write:528: unmapped Write8 0x00000000 @ 0x000009DB at PC 0x010F3548
[   4.709054] HW.Memory <Error> core\memory.cpp:Memory::MemorySystem::Write:528: unmapped Write8 0x00000000 @ 0x000009DC at PC 0x010F3548
[   4.709055] HW.Memory <Error> core\memory.cpp:Memory::MemorySystem::Write:528: unmapped Write8 0x00000000 @ 0x000009DD at PC 0x010F3548
[   4.709055] HW.Memory <Error> core\memory.cpp:Memory::MemorySystem::Write:528: unmapped Write8 0x00000000 @ 0x000009DE at PC 0x010F3548
[   4.709056] HW.Memory <Error> core\memory.cpp:Memory::MemorySystem::Write:528: unmapped Write8 0x00000000 @ 0x000009DF at PC 0x010F3548
[   4.709056] HW.Memory <Error> core\memory.cpp:Memory::MemorySystem::Write:528: unmapped Write8 0x00000000 @ 0x000009E0 at PC 0x010F3548
[   4.709057] HW.Memory <Error> core\memory.cpp:Memory::MemorySystem::Write:528: unmapped Write8 0x00000000 @ 0x000009E1 at PC 0x010F3548
[   4.709057] HW.Memory <Error> core\memory.cpp:Memory::MemorySystem::Write:528: unmapped Write8 0x00000000 @ 0x000009E2 at PC 0x010F3548
[   4.709058] HW.Memory <Error> core\memory.cpp:Memory::MemorySystem::Write:528: unmapped Write8 0x00000000 @ 0x000009E3 at PC 0x010F3548
[   4.709058] HW.Memory <Error> core\memory.cpp:Memory::MemorySystem::Write:528: unmapped Write8 0x00000000 @ 0x000009E4 at PC 0x010F3548
[   4.709058] HW.Memory <Error> core\memory.cpp:Memory::MemorySystem::Write:528: unmapped Write8 0x00000000 @ 0x000009E5 at PC 0x010F3548
[   4.709059] HW.Memory <Error> core\memory.cpp:Memory::MemorySystem::Write:528: unmapped Write8 0x00000000 @ 0x000009E6 at PC 0x010F3548
[   4.709059] HW.Memory <Error> core\memory.cpp:Memory::MemorySystem::Write:528: unmapped Write8 0x00000000 @ 0x000009E7 at PC 0x010F3548
[   4.709060] HW.Memory <Error> core\memory.cpp:Memory::MemorySystem::Write:528: unmapped Write8 0x00000000 @ 0x000009E8 at PC 0x010F3548
[   4.709060] HW.Memory <Error> core\memory.cpp:Memory::MemorySystem::Write:528: unmapped Write8 0x00000000 @ 0x000009E9 at PC 0x010F3548
[   4.709060] HW.Memory <Error> core\memory.cpp:Memory::MemorySystem::Write:528: unmapped Write8 0x00000000 @ 0x000009EA at PC 0x010F3548
[   4.709061] HW.Memory <Error> core\memory.cpp:Memory::MemorySystem::Write:528: unmapped Write8 0x00000000 @ 0x000009EB at PC 0x010F3548
[   4.709061] HW.Memory <Error> core\memory.cpp:Memory::MemorySystem::Write:528: unmapped Write8 0x00000000 @ 0x000009EC at PC 0x010F3548
[   4.709061] HW.Memory <Error> core\memory.cpp:Memory::MemorySystem::Write:528: unmapped Write8 0x00000000 @ 0x000009ED at PC 0x010F3548
[   4.709062] HW.Memory <Error> core\memory.cpp:Memory::MemorySystem::Write:528: unmapped Write8 0x00000000 @ 0x000009EE at PC 0x010F3548
[   4.709062] HW.Memory <Error> core\memory.cpp:Memory::MemorySystem::Write:528: unmapped Write8 0x00000000 @ 0x000009EF at PC 0x010F3548
[   4.709062] HW.Memory <Error> core\memory.cpp:Memory::MemorySystem::Write:528: unmapped Write8 0x00000000 @ 0x000009F0 at PC 0x010F3548
[   4.709063] HW.Memory <Error> core\memory.cpp:Memory::MemorySystem::Write:528: unmapped Write8 0x00000000 @ 0x000009F1 at PC 0x010F3548
[   4.709063] HW.Memory <Error> core\memory.cpp:Memory::MemorySystem::Write:528: unmapped Write8 0x00000000 @ 0x000009F2 at PC 0x010F3548
[   4.709064] HW.Memory <Error> core\memory.cpp:Memory::MemorySystem::Write:528: unmapped Write8 0x00000000 @ 0x000009F3 at PC 0x010F3548
[   4.709064] HW.Memory <Error> core\memory.cpp:Memory::MemorySystem::Write:528: unmapped Write8 0x00000000 @ 0x000009F4 at PC 0x010F3548
[   4.709064] HW.Memory <Error> core\memory.cpp:Memory::MemorySystem::Write:528: unmapped Write8 0x00000000 @ 0x000009F5 at PC 0x010F3548
[   4.709065] HW.Memory <Error> core\memory.cpp:Memory::MemorySystem::Write:528: unmapped Write8 0x00000000 @ 0x000009F6 at PC 0x010F3548
[   4.709065] HW.Memory <Error> core\memory.cpp:Memory::MemorySystem::Write:528: unmapped Write8 0x00000000 @ 0x000009F7 at PC 0x010F3548
[   4.709065] HW.Memory <Error> core\memory.cpp:Memory::MemorySystem::Write:528: unmapped Write8 0x00000000 @ 0x000009F8 at PC 0x010F3548
[   4.709066] HW.Memory <Error> core\memory.cpp:Memory::MemorySystem::Write:528: unmapped Write8 0x00000000 @ 0x000009F9 at PC 0x010F3548
[   4.709066] HW.Memory <Error> core\memory.cpp:Memory::MemorySystem::Write:528: unmapped Write8 0x00000000 @ 0x000009FA at PC 0x010F3548
[   4.709066] HW.Memory <Error> core\memory.cpp:Memory::MemorySystem::Write:528: unmapped Write8 0x00000000 @ 0x000009FB at PC 0x010F3548
[   4.709067] HW.Memory <Error> core\memory.cpp:Memory::MemorySystem::Write:528: unmapped Write8 0x00000000 @ 0x000009FC at PC 0x010F3548
[   4.709067] HW.Memory <Error> core\memory.cpp:Memory::MemorySystem::Write:528: unmapped Write8 0x00000000 @ 0x000009FD at PC 0x010F3548
[   4.709067] HW.Memory <Error> core\memory.cpp:Memory::MemorySystem::Write:528: unmapped Write8 0x00000000 @ 0x000009FE at PC 0x010F3548
[   4.709068] HW.Memory <Error> core\memory.cpp:Memory::MemorySystem::Write:528: unmapped Write8 0x00000000 @ 0x000009FF at PC 0x010F3548
[   4.709068] HW.Memory <Error> core\memory.cpp:Memory::MemorySystem::Write:528: unmapped Write8 0x00000000 @ 0x00000A00 at PC 0x010F3548
[   4.709069] HW.Memory <Error> core\memory.cpp:Memory::MemorySystem::Write:528: unmapped Write8 0x00000000 @ 0x00000A01 at PC 0x010F3548
[   4.709069] HW.Memory <Error> core\memory.cpp:Memory::MemorySystem::Write:528: unmapped Write8 0x00000000 @ 0x00000A02 at PC 0x010F3548
[   4.709069] HW.Memory <Error> core\memory.cpp:Memory::MemorySystem::Write:528: unmapped Write8 0x00000000 @ 0x00000A03 at PC 0x010F3548
[   4.709070] HW.Memory <Error> core\memory.cpp:Memory::MemorySystem::Write:528: unmapped Write8 0x00000000 @ 0x00000A04 at PC 0x010F3548
[   4.709070] HW.Memory <Error> core\memory.cpp:Memory::MemorySystem::Write:528: unmapped Write8 0x00000000 @ 0x00000A05 at PC 0x010F3548
[   4.709070] HW.Memory <Error> core\memory.cpp:Memory::MemorySystem::Write:528: unmapped Write8 0x00000000 @ 0x00000A06 at PC 0x010F3548
[   4.709071] HW.Memory <Error> core\memory.cpp:Memory::MemorySystem::Write:528: unmapped Write8 0x00000000 @ 0x00000A07 at PC 0x010F3548
[   4.709071] HW.Memory <Error> core\memory.cpp:Memory::MemorySystem::Write:528: unmapped Write8 0x00000000 @ 0x00000A08 at PC 0x010F3548
[   4.709072] HW.Memory <Error> core\memory.cpp:Memory::MemorySystem::Write:528: unmapped Write8 0x00000000 @ 0x00000A09 at PC 0x010F3548
[   4.709072] HW.Memory <Error> core\memory.cpp:Memory::MemorySystem::Write:528: unmapped Write8 0x00000000 @ 0x00000A0A at PC 0x010F3548
[   4.709072] HW.Memory <Error> core\memory.cpp:Memory::MemorySystem::Write:528: unmapped Write8 0x00000000 @ 0x00000A0B at PC 0x010F3548
[   4.709073] HW.Memory <Error> core\memory.cpp:Memory::MemorySystem::Write:528: unmapped Write8 0x00000000 @ 0x00000A0C at PC 0x010F3548
[   4.709073] HW.Memory <Error> core\memory.cpp:Memory::MemorySystem::Write:528: unmapped Write8 0x00000000 @ 0x00000A0D at PC 0x010F3548
[   4.709074] HW.Memory <Error> core\memory.cpp:Memory::MemorySystem::Write:528: unmapped Write8 0x00000000 @ 0x00000A0E at PC 0x010F3548
[   4.709074] HW.Memory <Error> core\memory.cpp:Memory::MemorySystem::Write:528: unmapped Write8 0x00000000 @ 0x00000A0F at PC 0x010F3548
[   4.709074] HW.Memory <Error> core\memory.cpp:Memory::MemorySystem::Write:528: unmapped Write8 0x00000000 @ 0x00000A10 at PC 0x010F3548
[   4.709075] HW.Memory <Error> core\memory.cpp:Memory::MemorySystem::Write:528: unmapped Write8 0x00000000 @ 0x00000A11 at PC 0x010F3548
[   4.709075] HW.Memory <Error> core\memory.cpp:Memory::MemorySystem::Write:528: unmapped Write8 0x00000000 @ 0x00000A12 at PC 0x010F3548
[   4.709075] HW.Memory <Error> core\memory.cpp:Memory::MemorySystem::Write:528: unmapped Write8 0x00000000 @ 0x00000A13 at PC 0x010F3548
[   4.709076] HW.Memory <Error> core\memory.cpp:Memory::MemorySystem::Write:528: unmapped Write8 0x00000000 @ 0x00000A14 at PC 0x010F3548
[   4.709076] HW.Memory <Error> core\memory.cpp:Memory::MemorySystem::Write:528: unmapped Write8 0x00000000 @ 0x00000A15 at PC 0x010F3548
[   4.709077] HW.Memory <Error> core\memory.cpp:Memory::MemorySystem::Write:528: unmapped Write8 0x00000000 @ 0x00000A16 at PC 0x010F3548
[   4.709077] HW.Memory <Error> core\memory.cpp:Memory::MemorySystem::Write:528: unmapped Write8 0x00000000 @ 0x00000A17 at PC 0x010F3548
[   4.709077] HW.Memory <Error> core\memory.cpp:Memory::MemorySystem::Write:528: unmapped Write8 0x00000000 @ 0x00000A18 at PC 0x010F3548
[   4.709078] HW.Memory <Error> core\memory.cpp:Memory::MemorySystem::Write:528: unmapped Write8 0x00000000 @ 0x00000A19 at PC 0x010F3548
[   4.709078] HW.Memory <Error> core\memory.cpp:Memory::MemorySystem::Write:528: unmapped Write8 0x00000000 @ 0x00000A1A at PC 0x010F3548
[   4.709078] HW.Memory <Error> core\memory.cpp:Memory::MemorySystem::Write:528: unmapped Write8 0x00000000 @ 0x00000A1B at PC 0x010F3548
[   4.709079] HW.Memory <Error> core\memory.cpp:Memory::MemorySystem::Write:528: unmapped Write8 0x00000000 @ 0x00000A1C at PC 0x010F3548
[   4.709079] HW.Memory <Error> core\memory.cpp:Memory::MemorySystem::Write:528: unmapped Write8 0x00000000 @ 0x00000A1D at PC 0x010F3548
[   4.709080] HW.Memory <Error> core\memory.cpp:Memory::MemorySystem::Write:528: unmapped Write8 0x00000000 @ 0x00000A1E at PC 0x010F3548
[   4.709080] HW.Memory <Error> core\memory.cpp:Memory::MemorySystem::Write:528: unmapped Write8 0x00000000 @ 0x00000A1F at PC 0x010F3548
[   4.709080] HW.Memory <Error> core\memory.cpp:Memory::MemorySystem::Write:528: unmapped Write8 0x00000000 @ 0x00000A20 at PC 0x010F3548
[   4.709081] HW.Memory <Error> core\memory.cpp:Memory::MemorySystem::Write:528: unmapped Write8 0x00000000 @ 0x00000A21 at PC 0x010F3548
[   4.709081] HW.Memory <Error> core\memory.cpp:Memory::MemorySystem::Write:528: unmapped Write8 0x00000000 @ 0x00000A22 at PC 0x010F3548
[   4.709081] HW.Memory <Error> core\memory.cpp:Memory::MemorySystem::Write:528: unmapped Write8 0x00000000 @ 0x00000A23 at PC 0x010F3548
[   4.709082] HW.Memory <Error> core\memory.cpp:Memory::MemorySystem::Write:528: unmapped Write8 0x00000000 @ 0x00000A24 at PC 0x010F3548
[   4.709082] HW.Memory <Error> core\memory.cpp:Memory::MemorySystem::Write:528: unmapped Write8 0x00000000 @ 0x00000A25 at PC 0x010F3548
[   4.709082] HW.Memory <Error> core\memory.cpp:Memory::MemorySystem::Write:528: unmapped Write8 0x00000000 @ 0x00000A26 at PC 0x010F3548
[   4.709083] HW.Memory <Error> core\memory.cpp:Memory::MemorySystem::Write:528: unmapped Write8 0x00000000 @ 0x00000A27 at PC 0x010F3548
[   4.709083] HW.Memory <Error> core\memory.cpp:Memory::MemorySystem::Write:528: unmapped Write8 0x00000000 @ 0x00000A28 at PC 0x010F3548
[   4.709083] HW.Memory <Error> core\memory.cpp:Memory::MemorySystem::Write:528: unmapped Write8 0x00000000 @ 0x00000A29 at PC 0x010F3548
[   4.709084] HW.Memory <Error> core\memory.cpp:Memory::MemorySystem::Write:528: unmapped Write8 0x00000000 @ 0x00000A2A at PC 0x010F3548
[   4.709084] HW.Memory <Error> core\memory.cpp:Memory::MemorySystem::Write:528: unmapped Write8 0x00000000 @ 0x00000A2B at PC 0x010F3548
[   4.709085] HW.Memory <Error> core\memory.cpp:Memory::MemorySystem::Write:528: unmapped Write8 0x00000000 @ 0x00000A2C at PC 0x010F3548
[   4.709085] HW.Memory <Error> core\memory.cpp:Memory::MemorySystem::Write:528: unmapped Write8 0x00000000 @ 0x00000A2D at PC 0x010F3548
[   4.709085] HW.Memory <Error> core\memory.cpp:Memory::MemorySystem::Write:528: unmapped Write8 0x00000000 @ 0x00000A2E at PC 0x010F3548
[   4.709086] HW.Memory <Error> core\memory.cpp:Memory::MemorySystem::Write:528: unmapped Write8 0x00000000 @ 0x00000A2F at PC 0x010F3548
[   4.709086] HW.Memory <Error> core\memory.cpp:Memory::MemorySystem::Write:528: unmapped Write8 0x00000000 @ 0x00000A30 at PC 0x010F3548
[   4.709086] HW.Memory <Error> core\memory.cpp:Memory::MemorySystem::Write:528: unmapped Write8 0x00000000 @ 0x00000A31 at PC 0x010F3548
[   4.709087] HW.Memory <Error> core\memory.cpp:Memory::MemorySystem::Write:528: unmapped Write8 0x00000000 @ 0x00000A32 at PC 0x010F3548
[   4.709087] HW.Memory <Error> core\memory.cpp:Memory::MemorySystem::Write:528: unmapped Write8 0x00000000 @ 0x00000A33 at PC 0x010F3548
[   4.709087] HW.Memory <Error> core\memory.cpp:Memory::MemorySystem::Write:528: unmapped Write8 0x00000000 @ 0x00000A34 at PC 0x010F3548
[   4.709088] HW.Memory <Error> core\memory.cpp:Memory::MemorySystem::Write:528: unmapped Write8 0x00000000 @ 0x00000A35 at PC 0x010F3548
[   4.709088] HW.Memory <Error> core\memory.cpp:Memory::MemorySystem::Write:528: unmapped Write8 0x00000000 @ 0x00000A36 at PC 0x010F3548
[   4.709089] HW.Memory <Error> core\memory.cpp:Memory::MemorySystem::Write:528: unmapped Write8 0x00000000 @ 0x00000A37 at PC 0x010F3548
[   4.709089] HW.Memory <Error> core\memory.cpp:Memory::MemorySystem::Write:528: unmapped Write8 0x00000000 @ 0x00000A38 at PC 0x010F3548
[   4.709089] HW.Memory <Error> core\memory.cpp:Memory::MemorySystem::Write:528: unmapped Write8 0x00000000 @ 0x00000A39 at PC 0x010F3548
[   4.709090] HW.Memory <Error> core\memory.cpp:Memory::MemorySystem::Write:528: unmapped Write8 0x00000000 @ 0x00000A3A at PC 0x010F3548
[   4.709090] HW.Memory <Error> core\memory.cpp:Memory::MemorySystem::Write:528: unmapped Write8 0x00000000 @ 0x00000A3B at PC 0x010F3548
[   4.709090] HW.Memory <Error> core\memory.cpp:Memory::MemorySystem::Write:528: unmapped Write8 0x00000000 @ 0x00000A3C at PC 0x010F3548
[   4.709091] HW.Memory <Error> core\memory.cpp:Memory::MemorySystem::Write:528: unmapped Write8 0x00000000 @ 0x00000A3D at PC 0x010F3548
[   4.709091] HW.Memory <Error> core\memory.cpp:Memory::MemorySystem::Write:528: unmapped Write8 0x00000000 @ 0x00000A3E at PC 0x010F3548
[   4.709091] HW.Memory <Error> core\memory.cpp:Memory::MemorySystem::Write:528: unmapped Write8 0x00000000 @ 0x00000A3F at PC 0x010F3548
[   4.709092] HW.Memory <Error> core\memory.cpp:Memory::MemorySystem::Write:528: unmapped Write8 0x00000000 @ 0x00000A40 at PC 0x010F3548
[   4.709092] HW.Memory <Error> core\memory.cpp:Memory::MemorySystem::Write:528: unmapped Write8 0x00000000 @ 0x00000A41 at PC 0x010F3548
[   4.709092] HW.Memory <Error> core\memory.cpp:Memory::MemorySystem::Write:528: unmapped Write8 0x00000000 @ 0x00000A42 at PC 0x010F3548
[   4.709093] HW.Memory <Error> core\memory.cpp:Memory::MemorySystem::Write:528: unmapped Write8 0x00000000 @ 0x00000A43 at PC 0x010F3548
[   4.709093] HW.Memory <Error> core\memory.cpp:Memory::MemorySystem::Write:528: unmapped Write8 0x00000000 @ 0x00000A44 at PC 0x010F3548
[   4.709094] HW.Memory <Error> core\memory.cpp:Memory::MemorySystem::Write:528: unmapped Write8 0x00000000 @ 0x00000A45 at PC 0x010F3548
[   4.709094] HW.Memory <Error> core\memory.cpp:Memory::MemorySystem::Write:528: unmapped Write8 0x00000000 @ 0x00000A46 at PC 0x010F3548
[   4.709094] HW.Memory <Error> core\memory.cpp:Memory::MemorySystem::Write:528: unmapped Write8 0x00000000 @ 0x00000A47 at PC 0x010F3548
[   4.709095] HW.Memory <Error> core\memory.cpp:Memory::MemorySystem::Write:528: unmapped Write8 0x00000000 @ 0x00000A48 at PC 0x010F3548
[   4.709095] HW.Memory <Error> core\memory.cpp:Memory::MemorySystem::Write:528: unmapped Write8 0x00000000 @ 0x00000A49 at PC 0x010F3548
[   4.709095] HW.Memory <Error> core\memory.cpp:Memory::MemorySystem::Write:528: unmapped Write8 0x00000000 @ 0x00000A4A at PC 0x010F3548
[   4.709096] HW.Memory <Error> core\memory.cpp:Memory::MemorySystem::Write:528: unmapped Write8 0x00000000 @ 0x00000A4B at PC 0x010F3548
[   4.709096] HW.Memory <Error> core\memory.cpp:Memory::MemorySystem::Write:528: unmapped Write8 0x00000000 @ 0x00000A4C at PC 0x010F3548
[   4.709096] HW.Memory <Error> core\memory.cpp:Memory::MemorySystem::Write:528: unmapped Write8 0x00000000 @ 0x00000A4D at PC 0x010F3548
[   4.709097] HW.Memory <Error> core\memory.cpp:Memory::MemorySystem::Write:528: unmapped Write8 0x00000000 @ 0x00000A4E at PC 0x010F3548
[   4.709097] HW.Memory <Error> core\memory.cpp:Memory::MemorySystem::Write:528: unmapped Write8 0x00000000 @ 0x00000A4F at PC 0x010F3548
[   4.709098] HW.Memory <Error> core\memory.cpp:Memory::MemorySystem::Write:528: unmapped Write8 0x00000000 @ 0x00000A50 at PC 0x010F3548
[   4.709098] HW.Memory <Error> core\memory.cpp:Memory::MemorySystem::Write:528: unmapped Write8 0x00000000 @ 0x00000A51 at PC 0x010F3548
[   4.709098] HW.Memory <Error> core\memory.cpp:Memory::MemorySystem::Write:528: unmapped Write8 0x00000000 @ 0x00000A52 at PC 0x010F3548
[   4.709099] HW.Memory <Error> core\memory.cpp:Memory::MemorySystem::Write:528: unmapped Write8 0x00000000 @ 0x00000A53 at PC 0x010F3548
[   4.709099] HW.Memory <Error> core\memory.cpp:Memory::MemorySystem::Write:528: unmapped Write8 0x00000000 @ 0x00000A54 at PC 0x010F3548
[   4.709099] HW.Memory <Error> core\memory.cpp:Memory::MemorySystem::Write:528: unmapped Write8 0x00000000 @ 0x00000A55 at PC 0x010F3548
[   4.709100] HW.Memory <Error> core\memory.cpp:Memory::MemorySystem::Write:528: unmapped Write8 0x00000000 @ 0x00000A56 at PC 0x010F3548
[   4.709100] HW.Memory <Error> core\memory.cpp:Memory::MemorySystem::Write:528: unmapped Write8 0x00000000 @ 0x00000A57 at PC 0x010F3548
[   4.709100] HW.Memory <Error> core\memory.cpp:Memory::MemorySystem::Write:528: unmapped Write8 0x00000000 @ 0x00000A58 at PC 0x010F3548
[   4.709101] HW.Memory <Error> core\memory.cpp:Memory::MemorySystem::Write:528: unmapped Write8 0x00000000 @ 0x00000A59 at PC 0x010F3548
[   4.709101] HW.Memory <Error> core\memory.cpp:Memory::MemorySystem::Write:528: unmapped Write8 0x00000000 @ 0x00000A5A at PC 0x010F3548
[   4.709102] HW.Memory <Error> core\memory.cpp:Memory::MemorySystem::Write:528: unmapped Write8 0x00000000 @ 0x00000A5B at PC 0x010F3548
[   4.709102] HW.Memory <Error> core\memory.cpp:Memory::MemorySystem::Write:528: unmapped Write8 0x00000000 @ 0x00000A5C at PC 0x010F3548
[   4.709102] HW.Memory <Error> core\memory.cpp:Memory::MemorySystem::Write:528: unmapped Write8 0x00000000 @ 0x00000A5D at PC 0x010F3548
[   4.709103] HW.Memory <Error> core\memory.cpp:Memory::MemorySystem::Write:528: unmapped Write8 0x00000000 @ 0x00000A5E at PC 0x010F3548
[   4.709103] HW.Memory <Error> core\memory.cpp:Memory::MemorySystem::Write:528: unmapped Write8 0x00000000 @ 0x00000A5F at PC 0x010F3548
[   4.709104] HW.Memory <Error> core\memory.cpp:Memory::MemorySystem::Write:528: unmapped Write8 0x00000000 @ 0x00000A60 at PC 0x010F3548
[   4.709104] HW.Memory <Error> core\memory.cpp:Memory::MemorySystem::Write:528: unmapped Write8 0x00000000 @ 0x00000A61 at PC 0x010F3548
[   4.709105] HW.Memory <Error> core\memory.cpp:Memory::MemorySystem::Write:528: unmapped Write8 0x00000000 @ 0x00000A62 at PC 0x010F3548
[   4.709105] HW.Memory <Error> core\memory.cpp:Memory::MemorySystem::Write:528: unmapped Write8 0x00000000 @ 0x00000A63 at PC 0x010F3548
[   4.709105] HW.Memory <Error> core\memory.cpp:Memory::MemorySystem::Write:528: unmapped Write8 0x00000000 @ 0x00000A64 at PC 0x010F3548
[   4.709106] HW.Memory <Error> core\memory.cpp:Memory::MemorySystem::Write:528: unmapped Write8 0x00000000 @ 0x00000A65 at PC 0x010F3548
[   4.709106] HW.Memory <Error> core\memory.cpp:Memory::MemorySystem::Write:528: unmapped Write8 0x00000000 @ 0x00000A66 at PC 0x010F3548
[   4.709106] HW.Memory <Error> core\memory.cpp:Memory::MemorySystem::Write:528: unmapped Write8 0x00000000 @ 0x00000A67 at PC 0x010F3548
[   4.709107] HW.Memory <Error> core\memory.cpp:Memory::MemorySystem::Write:528: unmapped Write8 0x00000000 @ 0x00000A68 at PC 0x010F3548
[   4.709107] HW.Memory <Error> core\memory.cpp:Memory::MemorySystem::Write:528: unmapped Write8 0x00000000 @ 0x00000A69 at PC 0x010F3548
[   4.709107] HW.Memory <Error> core\memory.cpp:Memory::MemorySystem::Write:528: unmapped Write8 0x00000000 @ 0x00000A6A at PC 0x010F3548
[   4.709108] HW.Memory <Error> core\memory.cpp:Memory::MemorySystem::Write:528: unmapped Write8 0x00000000 @ 0x00000A6B at PC 0x010F3548
[   4.709108] HW.Memory <Error> core\memory.cpp:Memory::MemorySystem::Write:528: unmapped Write8 0x00000000 @ 0x00000A6C at PC 0x010F3548
[   4.709109] HW.Memory <Error> core\memory.cpp:Memory::MemorySystem::Write:528: unmapped Write8 0x00000000 @ 0x00000A6D at PC 0x010F3548
[   4.709109] HW.Memory <Error> core\memory.cpp:Memory::MemorySystem::Write:528: unmapped Write8 0x00000000 @ 0x00000A6E at PC 0x010F3548
[   4.709109] HW.Memory <Error> core\memory.cpp:Memory::MemorySystem::Write:528: unmapped Write8 0x00000000 @ 0x00000A6F at PC 0x010F3548
[   4.709110] HW.Memory <Error> core\memory.cpp:Memory::MemorySystem::Write:528: unmapped Write8 0x00000000 @ 0x00000A70 at PC 0x010F3548
[   4.709110] HW.Memory <Error> core\memory.cpp:Memory::MemorySystem::Write:528: unmapped Write8 0x00000000 @ 0x00000A71 at PC 0x010F3548
[   4.709110] HW.Memory <Error> core\memory.cpp:Memory::MemorySystem::Write:528: unmapped Write8 0x00000000 @ 0x00000A72 at PC 0x010F3548
[   4.709111] HW.Memory <Error> core\memory.cpp:Memory::MemorySystem::Write:528: unmapped Write8 0x00000000 @ 0x00000A73 at PC 0x010F3548
[   4.709111] HW.Memory <Error> core\memory.cpp:Memory::MemorySystem::Write:528: unmapped Write8 0x00000000 @ 0x00000A74 at PC 0x010F3548
[   4.709111] HW.Memory <Error> core\memory.cpp:Memory::MemorySystem::Write:528: unmapped Write8 0x00000000 @ 0x00000A75 at PC 0x010F3548
[   4.709112] HW.Memory <Error> core\memory.cpp:Memory::MemorySystem::Write:528: unmapped Write8 0x00000000 @ 0x00000A76 at PC 0x010F3548
[   4.709112] HW.Memory <Error> core\memory.cpp:Memory::MemorySystem::Write:528: unmapped Write8 0x00000000 @ 0x00000A77 at PC 0x010F3548
[   4.709112] HW.Memory <Error> core\memory.cpp:Memory::MemorySystem::Write:528: unmapped Write8 0x00000000 @ 0x00000A78 at PC 0x010F3548
[   4.709113] HW.Memory <Error> core\memory.cpp:Memory::MemorySystem::Write:528: unmapped Write8 0x00000000 @ 0x00000A79 at PC 0x010F3548
[   4.709113] HW.Memory <Error> core\memory.cpp:Memory::MemorySystem::Write:528: unmapped Write8 0x00000000 @ 0x00000A7A at PC 0x010F3548
[   4.709114] HW.Memory <Error> core\memory.cpp:Memory::MemorySystem::Write:528: unmapped Write8 0x00000000 @ 0x00000A7B at PC 0x010F3548
[   4.709114] HW.Memory <Error> core\memory.cpp:Memory::MemorySystem::Write:528: unmapped Write8 0x00000000 @ 0x00000A7C at PC 0x010F3548
[   4.709114] HW.Memory <Error> core\memory.cpp:Memory::MemorySystem::Write:528: unmapped Write8 0x00000000 @ 0x00000A7D at PC 0x010F3548
[   4.709115] HW.Memory <Error> core\memory.cpp:Memory::MemorySystem::Write:528: unmapped Write8 0x00000000 @ 0x00000A7E at PC 0x010F3548
[   4.709115] HW.Memory <Error> core\memory.cpp:Memory::MemorySystem::Write:528: unmapped Write8 0x00000000 @ 0x00000A7F at PC 0x010F3548
[   4.709115] HW.Memory <Error> core\memory.cpp:Memory::MemorySystem::Write:528: unmapped Write8 0x00000000 @ 0x00000A80 at PC 0x010F3548
[   4.709116] HW.Memory <Error> core\memory.cpp:Memory::MemorySystem::Write:528: unmapped Write8 0x00000000 @ 0x00000A81 at PC 0x010F3548
[   4.709116] HW.Memory <Error> core\memory.cpp:Memory::MemorySystem::Write:528: unmapped Write8 0x00000000 @ 0x00000A82 at PC 0x010F3548
[   4.709116] HW.Memory <Error> core\memory.cpp:Memory::MemorySystem::Write:528: unmapped Write8 0x00000000 @ 0x00000A83 at PC 0x010F3548
[   4.709117] HW.Memory <Error> core\memory.cpp:Memory::MemorySystem::Write:528: unmapped Write8 0x00000000 @ 0x00000A84 at PC 0x010F3548
[   4.709117] HW.Memory <Error> core\memory.cpp:Memory::MemorySystem::Write:528: unmapped Write8 0x00000000 @ 0x00000A85 at PC 0x010F3548
[   4.709117] HW.Memory <Error> core\memory.cpp:Memory::MemorySystem::Write:528: unmapped Write8 0x00000000 @ 0x00000A86 at PC 0x010F3548
[   4.709118] HW.Memory <Error> core\memory.cpp:Memory::MemorySystem::Write:528: unmapped Write8 0x00000000 @ 0x00000A87 at PC 0x010F3548
[   4.709118] HW.Memory <Error> core\memory.cpp:Memory::MemorySystem::Write:528: unmapped Write8 0x00000000 @ 0x00000A88 at PC 0x010F3548
[   4.709119] HW.Memory <Error> core\memory.cpp:Memory::MemorySystem::Write:528: unmapped Write8 0x00000000 @ 0x00000A89 at PC 0x010F3548
[   4.709121] HW.Memory <Error> core\memory.cpp:Memory::MemorySystem::Write:528: unmapped Write8 0x00000000 @ 0x00000A8A at PC 0x010F3548
[   4.709121] HW.Memory <Error> core\memory.cpp:Memory::MemorySystem::Write:528: unmapped Write8 0x00000000 @ 0x00000A8B at PC 0x010F3548
[   4.709121] HW.Memory <Error> core\memory.cpp:Memory::MemorySystem::Write:528: unmapped Write8 0x00000000 @ 0x00000A8C at PC 0x010F3548
[   4.709122] HW.Memory <Error> core\memory.cpp:Memory::MemorySystem::Write:528: unmapped Write8 0x00000000 @ 0x00000A8D at PC 0x010F3548
[   4.709122] HW.Memory <Error> core\memory.cpp:Memory::MemorySystem::Write:528: unmapped Write8 0x00000000 @ 0x00000A8E at PC 0x010F3548
[   4.709123] HW.Memory <Error> core\memory.cpp:Memory::MemorySystem::Write:528: unmapped Write8 0x00000000 @ 0x00000A8F at PC 0x010F3548
[   4.709123] HW.Memory <Error> core\memory.cpp:Memory::MemorySystem::Write:528: unmapped Write8 0x00000000 @ 0x00000A90 at PC 0x010F3548
[   4.709123] HW.Memory <Error> core\memory.cpp:Memory::MemorySystem::Write:528: unmapped Write8 0x00000000 @ 0x00000A91 at PC 0x010F3548
[   4.709125] HW.Memory <Error> core\memory.cpp:Memory::MemorySystem::Write:528: unmapped Write8 0x00000000 @ 0x00000A92 at PC 0x010F3548
[   4.709125] HW.Memory <Error> core\memory.cpp:Memory::MemorySystem::Write:528: unmapped Write8 0x00000000 @ 0x00000A93 at PC 0x010F3548
[   4.709126] HW.Memory <Error> core\memory.cpp:Memory::MemorySystem::Write:528: unmapped Write8 0x00000000 @ 0x00000A94 at PC 0x010F3548
[   4.709126] HW.Memory <Error> core\memory.cpp:Memory::MemorySystem::Write:528: unmapped Write8 0x00000000 @ 0x00000A95 at PC 0x010F3548
[   4.709126] HW.Memory <Error> core\memory.cpp:Memory::MemorySystem::Write:528: unmapped Write8 0x00000000 @ 0x00000A96 at PC 0x010F3548
[   4.709127] HW.Memory <Error> core\memory.cpp:Memory::MemorySystem::Write:528: unmapped Write8 0x00000000 @ 0x00000A97 at PC 0x010F3548
[   4.709127] HW.Memory <Error> core\memory.cpp:Memory::MemorySystem::Write:528: unmapped Write8 0x00000000 @ 0x00000A98 at PC 0x010F3548
[   4.709129] HW.Memory <Error> core\memory.cpp:Memory::MemorySystem::Write:528: unmapped Write8 0x00000000 @ 0x00000A99 at PC 0x010F3548
[   4.709129] HW.Memory <Error> core\memory.cpp:Memory::MemorySystem::Write:528: unmapped Write8 0x00000000 @ 0x00000A9A at PC 0x010F3548
[   4.709129] HW.Memory <Error> core\memory.cpp:Memory::MemorySystem::Write:528: unmapped Write8 0x00000000 @ 0x00000A9B at PC 0x010F3548
[   4.709130] HW.Memory <Error> core\memory.cpp:Memory::MemorySystem::Write:528: unmapped Write8 0x00000000 @ 0x00000A9C at PC 0x010F3548
[   4.709130] HW.Memory <Error> core\memory.cpp:Memory::MemorySystem::Write:528: unmapped Write8 0x00000000 @ 0x00000A9D at PC 0x010F3548
[   4.709131] HW.Memory <Error> core\memory.cpp:Memory::MemorySystem::Write:528: unmapped Write8 0x00000000 @ 0x00000A9E at PC 0x010F3548
[   4.709131] HW.Memory <Error> core\memory.cpp:Memory::MemorySystem::Write:528: unmapped Write8 0x00000000 @ 0x00000A9F at PC 0x010F3548
[   4.709133] HW.Memory <Error> core\memory.cpp:Memory::MemorySystem::Write:528: unmapped Write8 0x00000000 @ 0x00000AA0 at PC 0x010F3548
[   4.709133] HW.Memory <Error> core\memory.cpp:Memory::MemorySystem::Write:528: unmapped Write8 0x00000000 @ 0x00000AA1 at PC 0x010F3548
[   4.709133] HW.Memory <Error> core\memory.cpp:Memory::MemorySystem::Write:528: unmapped Write8 0x00000000 @ 0x00000AA2 at PC 0x010F3548
[   4.709134] HW.Memory <Error> core\memory.cpp:Memory::MemorySystem::Write:528: unmapped Write8 0x00000000 @ 0x00000AA3 at PC 0x010F3548
[   4.709134] HW.Memory <Error> core\memory.cpp:Memory::MemorySystem::Write:528: unmapped Write8 0x00000000 @ 0x00000AA4 at PC 0x010F3548
[   4.709135] HW.Memory <Error> core\memory.cpp:Memory::MemorySystem::Write:528: unmapped Write8 0x00000000 @ 0x00000AA5 at PC 0x010F3548
[   4.709136] HW.Memory <Error> core\memory.cpp:Memory::MemorySystem::Write:528: unmapped Write8 0x00000000 @ 0x00000AA6 at PC 0x010F3548
[   4.709137] HW.Memory <Error> core\memory.cpp:Memory::MemorySystem::Write:528: unmapped Write8 0x00000000 @ 0x00000AA7 at PC 0x010F3548
[   4.709137] HW.Memory <Error> core\memory.cpp:Memory::MemorySystem::Write:528: unmapped Write8 0x00000000 @ 0x00000AA8 at PC 0x010F3548
[   4.709137] HW.Memory <Error> core\memory.cpp:Memory::MemorySystem::Write:528: unmapped Write8 0x00000000 @ 0x00000AA9 at PC 0x010F3548
[   4.709138] HW.Memory <Error> core\memory.cpp:Memory::MemorySystem::Write:528: unmapped Write8 0x00000000 @ 0x00000AAA at PC 0x010F3548
[   4.709138] HW.Memory <Error> core\memory.cpp:Memory::MemorySystem::Write:528: unmapped Write8 0x00000000 @ 0x00000AAB at PC 0x010F3548
[   4.709139] HW.Memory <Error> core\memory.cpp:Memory::MemorySystem::Write:528: unmapped Write8 0x00000000 @ 0x00000AAC at PC 0x010F3548
[   4.709140] HW.Memory <Error> core\memory.cpp:Memory::MemorySystem::Write:528: unmapped Write8 0x00000000 @ 0x00000AAD at PC 0x010F3548
[   4.709140] HW.Memory <Error> core\memory.cpp:Memory::MemorySystem::Write:528: unmapped Write8 0x00000000 @ 0x00000AAE at PC 0x010F3548
[   4.709141] HW.Memory <Error> core\memory.cpp:Memory::MemorySystem::Write:528: unmapped Write8 0x00000000 @ 0x00000AAF at PC 0x010F3548
[   4.709141] HW.Memory <Error> core\memory.cpp:Memory::MemorySystem::Write:528: unmapped Write8 0x00000000 @ 0x00000AB0 at PC 0x010F3548
[   4.709142] HW.Memory <Error> core\memory.cpp:Memory::MemorySystem::Write:528: unmapped Write8 0x00000000 @ 0x00000AB1 at PC 0x010F3548
[   4.709142] HW.Memory <Error> core\memory.cpp:Memory::MemorySystem::Write:528: unmapped Write8 0x00000000 @ 0x00000AB2 at PC 0x010F3548
[   4.709142] HW.Memory <Error> core\memory.cpp:Memory::MemorySystem::Write:528: unmapped Write8 0x00000000 @ 0x00000AB3 at PC 0x010F3548
[   4.709144] HW.Memory <Error> core\memory.cpp:Memory::MemorySystem::Write:528: unmapped Write8 0x00000000 @ 0x00000AB4 at PC 0x010F3548
[   4.709144] HW.Memory <Error> core\memory.cpp:Memory::MemorySystem::Write:528: unmapped Write8 0x00000000 @ 0x00000AB5 at PC 0x010F3548
[   4.709145] HW.Memory <Error> core\memory.cpp:Memory::MemorySystem::Write:528: unmapped Write8 0x00000000 @ 0x00000AB6 at PC 0x010F3548
[   4.709145] HW.Memory <Error> core\memory.cpp:Memory::MemorySystem::Write:528: unmapped Write8 0x00000000 @ 0x00000AB7 at PC 0x010F3548
[   4.709146] HW.Memory <Error> core\memory.cpp:Memory::MemorySystem::Write:528: unmapped Write8 0x00000000 @ 0x00000AB8 at PC 0x010F3548
[   4.709146] HW.Memory <Error> core\memory.cpp:Memory::MemorySystem::Write:528: unmapped Write8 0x00000000 @ 0x00000AB9 at PC 0x010F3548
[   4.709146] HW.Memory <Error> core\memory.cpp:Memory::MemorySystem::Write:528: unmapped Write8 0x00000000 @ 0x00000ABA at PC 0x010F3548
[   4.709147] HW.Memory <Error> core\memory.cpp:Memory::MemorySystem::Write:528: unmapped Write8 0x00000000 @ 0x00000ABB at PC 0x010F3548
[   4.709147] HW.Memory <Error> core\memory.cpp:Memory::MemorySystem::Write:528: unmapped Write8 0x00000000 @ 0x00000ABC at PC 0x010F3548
[   4.709148] HW.Memory <Error> core\memory.cpp:Memory::MemorySystem::Write:528: unmapped Write8 0x00000000 @ 0x00000ABD at PC 0x010F3548
[   4.709148] HW.Memory <Error> core\memory.cpp:Memory::MemorySystem::Write:528: unmapped Write8 0x00000000 @ 0x00000ABE at PC 0x010F3548
[   4.709148] HW.Memory <Error> core\memory.cpp:Memory::MemorySystem::Write:528: unmapped Write8 0x00000000 @ 0x00000ABF at PC 0x010F3548
[   4.709149] HW.Memory <Error> core\memory.cpp:Memory::MemorySystem::Write:528: unmapped Write8 0x00000000 @ 0x00000AC0 at PC 0x010F3548
[   4.709149] HW.Memory <Error> core\memory.cpp:Memory::MemorySystem::Write:528: unmapped Write8 0x00000000 @ 0x00000AC1 at PC 0x010F3548
[   4.709149] HW.Memory <Error> core\memory.cpp:Memory::MemorySystem::Write:528: unmapped Write8 0x00000000 @ 0x00000AC2 at PC 0x010F3548
[   4.709150] HW.Memory <Error> core\memory.cpp:Memory::MemorySystem::Write:528: unmapped Write8 0x00000000 @ 0x00000AC3 at PC 0x010F3548
[   4.709150] HW.Memory <Error> core\memory.cpp:Memory::MemorySystem::Write:528: unmapped Write8 0x00000000 @ 0x00000AC4 at PC 0x010F3548
[   4.709151] HW.Memory <Error> core\memory.cpp:Memory::MemorySystem::Write:528: unmapped Write8 0x00000000 @ 0x00000AC5 at PC 0x010F3548
[   4.709151] HW.Memory <Error> core\memory.cpp:Memory::MemorySystem::Write:528: unmapped Write8 0x00000000 @ 0x00000AC6 at PC 0x010F3548
[   4.709151] HW.Memory <Error> core\memory.cpp:Memory::MemorySystem::Write:528: unmapped Write8 0x00000000 @ 0x00000AC7 at PC 0x010F3548
[   4.709152] HW.Memory <Error> core\memory.cpp:Memory::MemorySystem::Write:528: unmapped Write8 0x00000000 @ 0x00000AC8 at PC 0x010F3548
[   4.709152] HW.Memory <Error> core\memory.cpp:Memory::MemorySystem::Write:528: unmapped Write8 0x00000000 @ 0x00000AC9 at PC 0x010F3548
[   4.709152] HW.Memory <Error> core\memory.cpp:Memory::MemorySystem::Write:528: unmapped Write8 0x00000000 @ 0x00000ACA at PC 0x010F3548
[   4.709153] HW.Memory <Error> core\memory.cpp:Memory::MemorySystem::Write:528: unmapped Write8 0x00000000 @ 0x00000ACB at PC 0x010F3548
[   4.709153] HW.Memory <Error> core\memory.cpp:Memory::MemorySystem::Write:528: unmapped Write8 0x00000000 @ 0x00000ACC at PC 0x010F3548
[   4.709153] HW.Memory <Error> core\memory.cpp:Memory::MemorySystem::Write:528: unmapped Write8 0x00000000 @ 0x00000ACD at PC 0x010F3548
[   4.709154] HW.Memory <Error> core\memory.cpp:Memory::MemorySystem::Write:528: unmapped Write8 0x00000000 @ 0x00000ACE at PC 0x010F3548
[   4.709154] HW.Memory <Error> core\memory.cpp:Memory::MemorySystem::Write:528: unmapped Write8 0x00000000 @ 0x00000ACF at PC 0x010F3548
[   4.709155] HW.Memory <Error> core\memory.cpp:Memory::MemorySystem::Write:528: unmapped Write8 0x00000000 @ 0x00000AD0 at PC 0x010F3548
[   4.709155] HW.Memory <Error> core\memory.cpp:Memory::MemorySystem::Write:528: unmapped Write8 0x00000000 @ 0x00000AD1 at PC 0x010F3548
[   4.709155] HW.Memory <Error> core\memory.cpp:Memory::MemorySystem::Write:528: unmapped Write8 0x00000000 @ 0x00000AD2 at PC 0x010F3548
[   4.709156] HW.Memory <Error> core\memory.cpp:Memory::MemorySystem::Write:528: unmapped Write8 0x00000000 @ 0x00000AD3 at PC 0x010F3548
[   4.709156] HW.Memory <Error> core\memory.cpp:Memory::MemorySystem::Write:528: unmapped Write8 0x00000000 @ 0x00000AD4 at PC 0x010F3548
[   4.709156] HW.Memory <Error> core\memory.cpp:Memory::MemorySystem::Write:528: unmapped Write8 0x00000000 @ 0x00000AD5 at PC 0x010F3548
[   4.709157] HW.Memory <Error> core\memory.cpp:Memory::MemorySystem::Write:528: unmapped Write8 0x00000000 @ 0x00000AD6 at PC 0x010F3548
[   4.709157] HW.Memory <Error> core\memory.cpp:Memory::MemorySystem::Write:528: unmapped Write8 0x00000000 @ 0x00000AD7 at PC 0x010F3548
[   4.709157] HW.Memory <Error> core\memory.cpp:Memory::MemorySystem::Write:528: unmapped Write8 0x00000000 @ 0x00000AD8 at PC 0x010F3548
[   4.709158] HW.Memory <Error> core\memory.cpp:Memory::MemorySystem::Write:528: unmapped Write8 0x00000000 @ 0x00000AD9 at PC 0x010F3548
[   4.709158] HW.Memory <Error> core\memory.cpp:Memory::MemorySystem::Write:528: unmapped Write8 0x00000000 @ 0x00000ADA at PC 0x010F3548
[   4.709158] HW.Memory <Error> core\memory.cpp:Memory::MemorySystem::Write:528: unmapped Write8 0x00000000 @ 0x00000ADB at PC 0x010F3548
[   4.709159] HW.Memory <Error> core\memory.cpp:Memory::MemorySystem::Write:528: unmapped Write8 0x00000000 @ 0x00000ADC at PC 0x010F3548
[   4.709159] HW.Memory <Error> core\memory.cpp:Memory::MemorySystem::Write:528: unmapped Write8 0x00000000 @ 0x00000ADD at PC 0x010F3548
[   4.709160] HW.Memory <Error> core\memory.cpp:Memory::MemorySystem::Write:528: unmapped Write8 0x00000000 @ 0x00000ADE at PC 0x010F3548
[   4.709160] HW.Memory <Error> core\memory.cpp:Memory::MemorySystem::Write:528: unmapped Write8 0x00000000 @ 0x00000ADF at PC 0x010F3548
[   4.709160] HW.Memory <Error> core\memory.cpp:Memory::MemorySystem::Write:528: unmapped Write8 0x00000000 @ 0x00000AE0 at PC 0x010F3548
[   4.709161] HW.Memory <Error> core\memory.cpp:Memory::MemorySystem::Write:528: unmapped Write8 0x00000000 @ 0x00000AE1 at PC 0x010F3548
[   4.709161] HW.Memory <Error> core\memory.cpp:Memory::MemorySystem::Write:528: unmapped Write8 0x00000000 @ 0x00000AE2 at PC 0x010F3548
[   4.709161] HW.Memory <Error> core\memory.cpp:Memory::MemorySystem::Write:528: unmapped Write8 0x00000000 @ 0x00000AE3 at PC 0x010F3548
[   4.709162] HW.Memory <Error> core\memory.cpp:Memory::MemorySystem::Write:528: unmapped Write8 0x00000000 @ 0x00000AE4 at PC 0x010F3548
[   4.709162] HW.Memory <Error> core\memory.cpp:Memory::MemorySystem::Write:528: unmapped Write8 0x00000000 @ 0x00000AE5 at PC 0x010F3548
[   4.709162] HW.Memory <Error> core\memory.cpp:Memory::MemorySystem::Write:528: unmapped Write8 0x00000000 @ 0x00000AE6 at PC 0x010F3548
[   4.709163] HW.Memory <Error> core\memory.cpp:Memory::MemorySystem::Write:528: unmapped Write8 0x00000000 @ 0x00000AE7 at PC 0x010F3548
[   4.709163] HW.Memory <Error> core\memory.cpp:Memory::MemorySystem::Write:528: unmapped Write8 0x00000000 @ 0x00000AE8 at PC 0x010F3548
[   4.709163] HW.Memory <Error> core\memory.cpp:Memory::MemorySystem::Write:528: unmapped Write8 0x00000000 @ 0x00000AE9 at PC 0x010F3548
[   4.709164] HW.Memory <Error> core\memory.cpp:Memory::MemorySystem::Write:528: unmapped Write8 0x00000000 @ 0x00000AEA at PC 0x010F3548
[   4.709164] HW.Memory <Error> core\memory.cpp:Memory::MemorySystem::Write:528: unmapped Write8 0x00000000 @ 0x00000AEB at PC 0x010F3548
[   4.709165] HW.Memory <Error> core\memory.cpp:Memory::MemorySystem::Write:528: unmapped Write8 0x00000000 @ 0x00000AEC at PC 0x010F3548
[   4.709165] HW.Memory <Error> core\memory.cpp:Memory::MemorySystem::Write:528: unmapped Write8 0x00000000 @ 0x00000AED at PC 0x010F3548
[   4.709165] HW.Memory <Error> core\memory.cpp:Memory::MemorySystem::Write:528: unmapped Write8 0x00000000 @ 0x00000AEE at PC 0x010F3548
[   4.709166] HW.Memory <Error> core\memory.cpp:Memory::MemorySystem::Write:528: unmapped Write8 0x00000000 @ 0x00000AEF at PC 0x010F3548
[   4.709166] HW.Memory <Error> core\memory.cpp:Memory::MemorySystem::Write:528: unmapped Write8 0x00000000 @ 0x00000AF0 at PC 0x010F3548
[   4.709166] HW.Memory <Error> core\memory.cpp:Memory::MemorySystem::Write:528: unmapped Write8 0x00000000 @ 0x00000AF1 at PC 0x010F3548
[   4.709167] HW.Memory <Error> core\memory.cpp:Memory::MemorySystem::Write:528: unmapped Write8 0x00000000 @ 0x00000AF2 at PC 0x010F3548
[   4.709167] HW.Memory <Error> core\memory.cpp:Memory::MemorySystem::Write:528: unmapped Write8 0x00000000 @ 0x00000AF3 at PC 0x010F3548
[   4.709167] HW.Memory <Error> core\memory.cpp:Memory::MemorySystem::Write:528: unmapped Write8 0x00000000 @ 0x00000AF4 at PC 0x010F3548
[   4.709168] HW.Memory <Error> core\memory.cpp:Memory::MemorySystem::Write:528: unmapped Write8 0x00000000 @ 0x00000AF5 at PC 0x010F3548
[   4.709168] HW.Memory <Error> core\memory.cpp:Memory::MemorySystem::Write:528: unmapped Write8 0x00000000 @ 0x00000AF6 at PC 0x010F3548
[   4.709169] HW.Memory <Error> core\memory.cpp:Memory::MemorySystem::Write:528: unmapped Write8 0x00000000 @ 0x00000AF7 at PC 0x010F3548
[   4.709169] HW.Memory <Error> core\memory.cpp:Memory::MemorySystem::Write:528: unmapped Write8 0x00000000 @ 0x00000AF8 at PC 0x010F3548
[   4.709169] HW.Memory <Error> core\memory.cpp:Memory::MemorySystem::Write:528: unmapped Write8 0x00000000 @ 0x00000AF9 at PC 0x010F3548
[   4.709170] HW.Memory <Error> core\memory.cpp:Memory::MemorySystem::Write:528: unmapped Write8 0x00000000 @ 0x00000AFA at PC 0x010F3548
[   4.709170] HW.Memory <Error> core\memory.cpp:Memory::MemorySystem::Write:528: unmapped Write8 0x00000000 @ 0x00000AFB at PC 0x010F3548
[   4.709170] HW.Memory <Error> core\memory.cpp:Memory::MemorySystem::Write:528: unmapped Write8 0x00000000 @ 0x00000AFC at PC 0x010F3548
[   4.709171] HW.Memory <Error> core\memory.cpp:Memory::MemorySystem::Write:528: unmapped Write8 0x00000000 @ 0x00000AFD at PC 0x010F3548
[   4.709171] HW.Memory <Error> core\memory.cpp:Memory::MemorySystem::Write:528: unmapped Write8 0x00000000 @ 0x00000AFE at PC 0x010F3548
[   4.709172] HW.Memory <Error> core\memory.cpp:Memory::MemorySystem::Write:528: unmapped Write8 0x00000000 @ 0x00000AFF at PC 0x010F3548
[   4.709172] HW.Memory <Error> core\memory.cpp:Memory::MemorySystem::Write:528: unmapped Write8 0x00000000 @ 0x00000B00 at PC 0x010F3548
[   4.709172] HW.Memory <Error> core\memory.cpp:Memory::MemorySystem::Write:528: unmapped Write8 0x00000000 @ 0x00000B01 at PC 0x010F3548
[   4.709173] HW.Memory <Error> core\memory.cpp:Memory::MemorySystem::Write:528: unmapped Write8 0x00000000 @ 0x00000B02 at PC 0x010F3548
[   4.709173] HW.Memory <Error> core\memory.cpp:Memory::MemorySystem::Write:528: unmapped Write8 0x00000000 @ 0x00000B03 at PC 0x010F3548
[   4.709173] HW.Memory <Error> core\memory.cpp:Memory::MemorySystem::Write:528: unmapped Write8 0x00000000 @ 0x00000B04 at PC 0x010F3548
[   4.709174] HW.Memory <Error> core\memory.cpp:Memory::MemorySystem::Write:528: unmapped Write8 0x00000000 @ 0x00000B05 at PC 0x010F3548
[   4.709174] HW.Memory <Error> core\memory.cpp:Memory::MemorySystem::Write:528: unmapped Write8 0x00000000 @ 0x00000B06 at PC 0x010F3548
[   4.709175] HW.Memory <Error> core\memory.cpp:Memory::MemorySystem::Write:528: unmapped Write8 0x00000000 @ 0x00000B07 at PC 0x010F3548
[   4.709175] HW.Memory <Error> core\memory.cpp:Memory::MemorySystem::Write:528: unmapped Write8 0x00000000 @ 0x00000B08 at PC 0x010F3548
[   4.709175] HW.Memory <Error> core\memory.cpp:Memory::MemorySystem::Write:528: unmapped Write8 0x00000000 @ 0x00000B09 at PC 0x010F3548
[   4.709176] HW.Memory <Error> core\memory.cpp:Memory::MemorySystem::Write:528: unmapped Write8 0x00000000 @ 0x00000B0A at PC 0x010F3548
[   4.709176] HW.Memory <Error> core\memory.cpp:Memory::MemorySystem::Write:528: unmapped Write8 0x00000000 @ 0x00000B0B at PC 0x010F3548
[   4.709176] HW.Memory <Error> core\memory.cpp:Memory::MemorySystem::Write:528: unmapped Write8 0x00000000 @ 0x00000B0C at PC 0x010F3548
[   4.709177] HW.Memory <Error> core\memory.cpp:Memory::MemorySystem::Write:528: unmapped Write8 0x00000000 @ 0x00000B0D at PC 0x010F3548
[   4.709177] HW.Memory <Error> core\memory.cpp:Memory::MemorySystem::Write:528: unmapped Write8 0x00000000 @ 0x00000B0E at PC 0x010F3548
[   4.709178] HW.Memory <Error> core\memory.cpp:Memory::MemorySystem::Write:528: unmapped Write8 0x00000000 @ 0x00000B0F at PC 0x010F3548
[   4.709178] HW.Memory <Error> core\memory.cpp:Memory::MemorySystem::Write:528: unmapped Write8 0x00000000 @ 0x00000B10 at PC 0x010F3548
[   4.709178] HW.Memory <Error> core\memory.cpp:Memory::MemorySystem::Write:528: unmapped Write8 0x00000000 @ 0x00000B11 at PC 0x010F3548
[   4.709179] HW.Memory <Error> core\memory.cpp:Memory::MemorySystem::Write:528: unmapped Write8 0x00000000 @ 0x00000B12 at PC 0x010F3548
[   4.709179] HW.Memory <Error> core\memory.cpp:Memory::MemorySystem::Write:528: unmapped Write8 0x00000000 @ 0x00000B13 at PC 0x010F3548
[   4.709179] HW.Memory <Error> core\memory.cpp:Memory::MemorySystem::Write:528: unmapped Write8 0x00000000 @ 0x00000B14 at PC 0x010F3548
[   4.709180] HW.Memory <Error> core\memory.cpp:Memory::MemorySystem::Write:528: unmapped Write8 0x00000000 @ 0x00000B15 at PC 0x010F3548
[   4.709180] HW.Memory <Error> core\memory.cpp:Memory::MemorySystem::Write:528: unmapped Write8 0x00000000 @ 0x00000B16 at PC 0x010F3548
[   4.709181] HW.Memory <Error> core\memory.cpp:Memory::MemorySystem::Write:528: unmapped Write8 0x00000000 @ 0x00000B17 at PC 0x010F3548
[   4.709181] HW.Memory <Error> core\memory.cpp:Memory::MemorySystem::Write:528: unmapped Write8 0x00000000 @ 0x00000B18 at PC 0x010F3548
[   4.709181] HW.Memory <Error> core\memory.cpp:Memory::MemorySystem::Write:528: unmapped Write8 0x00000000 @ 0x00000B19 at PC 0x010F3548
[   4.709182] HW.Memory <Error> core\memory.cpp:Memory::MemorySystem::Write:528: unmapped Write8 0x00000000 @ 0x00000B1A at PC 0x010F3548
[   4.709182] HW.Memory <Error> core\memory.cpp:Memory::MemorySystem::Write:528: unmapped Write8 0x00000000 @ 0x00000B1B at PC 0x010F3548
[   4.709182] HW.Memory <Error> core\memory.cpp:Memory::MemorySystem::Write:528: unmapped Write8 0x00000000 @ 0x00000B1C at PC 0x010F3548
[   4.709183] HW.Memory <Error> core\memory.cpp:Memory::MemorySystem::Write:528: unmapped Write8 0x00000000 @ 0x00000B1D at PC 0x010F3548
[   4.709183] HW.Memory <Error> core\memory.cpp:Memory::MemorySystem::Write:528: unmapped Write8 0x00000000 @ 0x00000B1E at PC 0x010F3548
[   4.709184] HW.Memory <Error> core\memory.cpp:Memory::MemorySystem::Write:528: unmapped Write8 0x00000000 @ 0x00000B1F at PC 0x010F3548
[   4.709184] HW.Memory <Error> core\memory.cpp:Memory::MemorySystem::Write:528: unmapped Write8 0x00000000 @ 0x00000B20 at PC 0x010F3548
[   4.709184] HW.Memory <Error> core\memory.cpp:Memory::MemorySystem::Write:528: unmapped Write8 0x00000000 @ 0x00000B21 at PC 0x010F3548
[   4.709185] HW.Memory <Error> core\memory.cpp:Memory::MemorySystem::Write:528: unmapped Write8 0x00000000 @ 0x00000B22 at PC 0x010F3548
[   4.709185] HW.Memory <Error> core\memory.cpp:Memory::MemorySystem::Write:528: unmapped Write8 0x00000000 @ 0x00000B23 at PC 0x010F3548
[   4.709185] HW.Memory <Error> core\memory.cpp:Memory::MemorySystem::Write:528: unmapped Write8 0x00000000 @ 0x00000B24 at PC 0x010F3548
[   4.709186] HW.Memory <Error> core\memory.cpp:Memory::MemorySystem::Write:528: unmapped Write8 0x00000000 @ 0x00000B25 at PC 0x010F3548
[   4.709186] HW.Memory <Error> core\memory.cpp:Memory::MemorySystem::Write:528: unmapped Write8 0x00000000 @ 0x00000B26 at PC 0x010F3548
[   4.709186] HW.Memory <Error> core\memory.cpp:Memory::MemorySystem::Write:528: unmapped Write8 0x00000000 @ 0x00000B27 at PC 0x010F3548
[   4.709187] HW.Memory <Error> core\memory.cpp:Memory::MemorySystem::Write:528: unmapped Write8 0x00000000 @ 0x00000B28 at PC 0x010F3548
[   4.709187] HW.Memory <Error> core\memory.cpp:Memory::MemorySystem::Write:528: unmapped Write8 0x00000000 @ 0x00000B29 at PC 0x010F3548
[   4.709187] HW.Memory <Error> core\memory.cpp:Memory::MemorySystem::Write:528: unmapped Write8 0x00000000 @ 0x00000B2A at PC 0x010F3548
[   4.709188] HW.Memory <Error> core\memory.cpp:Memory::MemorySystem::Write:528: unmapped Write8 0x00000000 @ 0x00000B2B at PC 0x010F3548
[   4.709188] HW.Memory <Error> core\memory.cpp:Memory::MemorySystem::Write:528: unmapped Write8 0x00000000 @ 0x00000B2C at PC 0x010F3548
[   4.709189] HW.Memory <Error> core\memory.cpp:Memory::MemorySystem::Write:528: unmapped Write8 0x00000000 @ 0x00000B2D at PC 0x010F3548
[   4.709189] HW.Memory <Error> core\memory.cpp:Memory::MemorySystem::Write:528: unmapped Write8 0x00000000 @ 0x00000B2E at PC 0x010F3548
[   4.709189] HW.Memory <Error> core\memory.cpp:Memory::MemorySystem::Write:528: unmapped Write8 0x00000000 @ 0x00000B2F at PC 0x010F3548
[   4.709190] HW.Memory <Error> core\memory.cpp:Memory::MemorySystem::Write:528: unmapped Write8 0x00000000 @ 0x00000B30 at PC 0x010F3548
[   4.709190] HW.Memory <Error> core\memory.cpp:Memory::MemorySystem::Write:528: unmapped Write8 0x00000000 @ 0x00000B31 at PC 0x010F3548
[   4.709190] HW.Memory <Error> core\memory.cpp:Memory::MemorySystem::Write:528: unmapped Write8 0x00000000 @ 0x00000B32 at PC 0x010F3548
[   4.709191] HW.Memory <Error> core\memory.cpp:Memory::MemorySystem::Write:528: unmapped Write8 0x00000000 @ 0x00000B33 at PC 0x010F3548
[   4.709191] HW.Memory <Error> core\memory.cpp:Memory::MemorySystem::Write:528: unmapped Write8 0x00000000 @ 0x00000B34 at PC 0x010F3548
[   4.709191] HW.Memory <Error> core\memory.cpp:Memory::MemorySystem::Write:528: unmapped Write8 0x00000000 @ 0x00000B35 at PC 0x010F3548
[   4.709192] HW.Memory <Error> core\memory.cpp:Memory::MemorySystem::Write:528: unmapped Write8 0x00000000 @ 0x00000B36 at PC 0x010F3548
[   4.709192] HW.Memory <Error> core\memory.cpp:Memory::MemorySystem::Write:528: unmapped Write8 0x00000000 @ 0x00000B37 at PC 0x010F3548
[   4.709193] HW.Memory <Error> core\memory.cpp:Memory::MemorySystem::Write:528: unmapped Write8 0x00000000 @ 0x00000B38 at PC 0x010F3548
[   4.709193] HW.Memory <Error> core\memory.cpp:Memory::MemorySystem::Write:528: unmapped Write8 0x00000000 @ 0x00000B39 at PC 0x010F3548
[   4.709193] HW.Memory <Error> core\memory.cpp:Memory::MemorySystem::Write:528: unmapped Write8 0x00000000 @ 0x00000B3A at PC 0x010F3548
[   4.709194] HW.Memory <Error> core\memory.cpp:Memory::MemorySystem::Write:528: unmapped Write8 0x00000000 @ 0x00000B3B at PC 0x010F3548
[   4.709194] HW.Memory <Error> core\memory.cpp:Memory::MemorySystem::Write:528: unmapped Write8 0x00000000 @ 0x00000B3C at PC 0x010F3548
[   4.709195] HW.Memory <Error> core\memory.cpp:Memory::MemorySystem::Write:528: unmapped Write8 0x00000000 @ 0x00000B3D at PC 0x010F3548
[   4.709195] HW.Memory <Error> core\memory.cpp:Memory::MemorySystem::Write:528: unmapped Write8 0x00000000 @ 0x00000B3E at PC 0x010F3548
[   4.709195] HW.Memory <Error> core\memory.cpp:Memory::MemorySystem::Write:528: unmapped Write8 0x00000000 @ 0x00000B3F at PC 0x010F3548
[   4.709196] HW.Memory <Error> core\memory.cpp:Memory::MemorySystem::Write:528: unmapped Write8 0x00000000 @ 0x00000B40 at PC 0x010F3548
[   4.709196] HW.Memory <Error> core\memory.cpp:Memory::MemorySystem::Write:528: unmapped Write8 0x00000000 @ 0x00000B41 at PC 0x010F3548
[   4.709196] HW.Memory <Error> core\memory.cpp:Memory::MemorySystem::Write:528: unmapped Write8 0x00000000 @ 0x00000B42 at PC 0x010F3548
[   4.709197] HW.Memory <Error> core\memory.cpp:Memory::MemorySystem::Write:528: unmapped Write8 0x00000000 @ 0x00000B43 at PC 0x010F3548
[   4.709197] HW.Memory <Error> core\memory.cpp:Memory::MemorySystem::Write:528: unmapped Write8 0x00000000 @ 0x00000B44 at PC 0x010F3548
[   4.709198] HW.Memory <Error> core\memory.cpp:Memory::MemorySystem::Write:528: unmapped Write8 0x00000000 @ 0x00000B45 at PC 0x010F3548
[   4.709198] HW.Memory <Error> core\memory.cpp:Memory::MemorySystem::Write:528: unmapped Write8 0x00000000 @ 0x00000B46 at PC 0x010F3548
[   4.709198] HW.Memory <Error> core\memory.cpp:Memory::MemorySystem::Write:528: unmapped Write8 0x00000000 @ 0x00000B47 at PC 0x010F3548
[   4.709199] HW.Memory <Error> core\memory.cpp:Memory::MemorySystem::Write:528: unmapped Write8 0x00000000 @ 0x00000B48 at PC 0x010F3548
[   4.709199] HW.Memory <Error> core\memory.cpp:Memory::MemorySystem::Write:528: unmapped Write8 0x00000000 @ 0x00000B49 at PC 0x010F3548
[   4.709199] HW.Memory <Error> core\memory.cpp:Memory::MemorySystem::Write:528: unmapped Write8 0x00000000 @ 0x00000B4A at PC 0x010F3548
[   4.709200] HW.Memory <Error> core\memory.cpp:Memory::MemorySystem::Write:528: unmapped Write8 0x00000000 @ 0x00000B4B at PC 0x010F3548
[   4.709200] HW.Memory <Error> core\memory.cpp:Memory::MemorySystem::Write:528: unmapped Write8 0x00000000 @ 0x00000B4C at PC 0x010F3548
[   4.709200] HW.Memory <Error> core\memory.cpp:Memory::MemorySystem::Write:528: unmapped Write8 0x00000000 @ 0x00000B4D at PC 0x010F3548
[   4.709201] HW.Memory <Error> core\memory.cpp:Memory::MemorySystem::Write:528: unmapped Write8 0x00000000 @ 0x00000B4E at PC 0x010F3548
[   4.709201] HW.Memory <Error> core\memory.cpp:Memory::MemorySystem::Write:528: unmapped Write8 0x00000000 @ 0x00000B4F at PC 0x010F3548
[   4.709202] HW.Memory <Error> core\memory.cpp:Memory::MemorySystem::Write:528: unmapped Write8 0x00000000 @ 0x00000B50 at PC 0x010F3548
[   4.709202] HW.Memory <Error> core\memory.cpp:Memory::MemorySystem::Write:528: unmapped Write8 0x00000000 @ 0x00000B51 at PC 0x010F3548
[   4.709202] HW.Memory <Error> core\memory.cpp:Memory::MemorySystem::Write:528: unmapped Write8 0x00000000 @ 0x00000B52 at PC 0x010F3548
[   4.709203] HW.Memory <Error> core\memory.cpp:Memory::MemorySystem::Write:528: unmapped Write8 0x00000000 @ 0x00000B53 at PC 0x010F3548
[   4.709203] HW.Memory <Error> core\memory.cpp:Memory::MemorySystem::Write:528: unmapped Write8 0x00000000 @ 0x00000B54 at PC 0x010F3548
[   4.709203] HW.Memory <Error> core\memory.cpp:Memory::MemorySystem::Write:528: unmapped Write8 0x00000000 @ 0x00000B55 at PC 0x010F3548
[   4.709204] HW.Memory <Error> core\memory.cpp:Memory::MemorySystem::Write:528: unmapped Write8 0x00000000 @ 0x00000B56 at PC 0x010F3548
[   4.709204] HW.Memory <Error> core\memory.cpp:Memory::MemorySystem::Write:528: unmapped Write8 0x00000000 @ 0x00000B57 at PC 0x010F3548
[   4.709204] HW.Memory <Error> core\memory.cpp:Memory::MemorySystem::Write:528: unmapped Write8 0x00000000 @ 0x00000B58 at PC 0x010F3548
[   4.709205] HW.Memory <Error> core\memory.cpp:Memory::MemorySystem::Write:528: unmapped Write8 0x00000000 @ 0x00000B59 at PC 0x010F3548
[   4.709205] HW.Memory <Error> core\memory.cpp:Memory::MemorySystem::Write:528: unmapped Write8 0x00000000 @ 0x00000B5A at PC 0x010F3548
[   4.709205] HW.Memory <Error> core\memory.cpp:Memory::MemorySystem::Write:528: unmapped Write8 0x00000000 @ 0x00000B5B at PC 0x010F3548
[   4.709206] HW.Memory <Error> core\memory.cpp:Memory::MemorySystem::Write:528: unmapped Write8 0x00000000 @ 0x00000B5C at PC 0x010F3548
[   4.709206] HW.Memory <Error> core\memory.cpp:Memory::MemorySystem::Write:528: unmapped Write8 0x00000000 @ 0x00000B5D at PC 0x010F3548
[   4.709207] HW.Memory <Error> core\memory.cpp:Memory::MemorySystem::Write:528: unmapped Write8 0x00000000 @ 0x00000B5E at PC 0x010F3548
[   4.709207] HW.Memory <Error> core\memory.cpp:Memory::MemorySystem::Write:528: unmapped Write8 0x00000000 @ 0x00000B5F at PC 0x010F3548
[   4.709207] HW.Memory <Error> core\memory.cpp:Memory::MemorySystem::Write:528: unmapped Write8 0x00000000 @ 0x00000B60 at PC 0x010F3548
[   4.709208] HW.Memory <Error> core\memory.cpp:Memory::MemorySystem::Write:528: unmapped Write8 0x00000000 @ 0x00000B61 at PC 0x010F3548
[   4.709208] HW.Memory <Error> core\memory.cpp:Memory::MemorySystem::Write:528: unmapped Write8 0x00000000 @ 0x00000B62 at PC 0x010F3548
[   4.709208] HW.Memory <Error> core\memory.cpp:Memory::MemorySystem::Write:528: unmapped Write8 0x00000000 @ 0x00000B63 at PC 0x010F3548
[   4.709209] HW.Memory <Error> core\memory.cpp:Memory::MemorySystem::Write:528: unmapped Write8 0x00000000 @ 0x00000B64 at PC 0x010F3548
[   4.709209] HW.Memory <Error> core\memory.cpp:Memory::MemorySystem::Write:528: unmapped Write8 0x00000000 @ 0x00000B65 at PC 0x010F3548
[   4.709209] HW.Memory <Error> core\memory.cpp:Memory::MemorySystem::Write:528: unmapped Write8 0x00000000 @ 0x00000B66 at PC 0x010F3548
[   4.709210] HW.Memory <Error> core\memory.cpp:Memory::MemorySystem::Write:528: unmapped Write8 0x00000000 @ 0x00000B67 at PC 0x010F3548
[   4.709210] HW.Memory <Error> core\memory.cpp:Memory::MemorySystem::Write:528: unmapped Write8 0x00000000 @ 0x00000B68 at PC 0x010F3548
[   4.709210] HW.Memory <Error> core\memory.cpp:Memory::MemorySystem::Write:528: unmapped Write8 0x00000000 @ 0x00000B69 at PC 0x010F3548
[   4.709211] HW.Memory <Error> core\memory.cpp:Memory::MemorySystem::Write:528: unmapped Write8 0x00000000 @ 0x00000B6A at PC 0x010F3548
[   4.709211] HW.Memory <Error> core\memory.cpp:Memory::MemorySystem::Write:528: unmapped Write8 0x00000000 @ 0x00000B6B at PC 0x010F3548
[   4.709212] HW.Memory <Error> core\memory.cpp:Memory::MemorySystem::Write:528: unmapped Write8 0x00000000 @ 0x00000B6C at PC 0x010F3548
[   4.709212] HW.Memory <Error> core\memory.cpp:Memory::MemorySystem::Write:528: unmapped Write8 0x00000000 @ 0x00000B6D at PC 0x010F3548
[   4.709212] HW.Memory <Error> core\memory.cpp:Memory::MemorySystem::Write:528: unmapped Write8 0x00000000 @ 0x00000B6E at PC 0x010F3548
[   4.709213] HW.Memory <Error> core\memory.cpp:Memory::MemorySystem::Write:528: unmapped Write8 0x00000000 @ 0x00000B6F at PC 0x010F3548
[   4.709213] HW.Memory <Error> core\memory.cpp:Memory::MemorySystem::Write:528: unmapped Write8 0x00000000 @ 0x00000B70 at PC 0x010F3548
[   4.709213] HW.Memory <Error> core\memory.cpp:Memory::MemorySystem::Write:528: unmapped Write8 0x00000000 @ 0x00000B71 at PC 0x010F3548
[   4.709214] HW.Memory <Error> core\memory.cpp:Memory::MemorySystem::Write:528: unmapped Write8 0x00000000 @ 0x00000B72 at PC 0x010F3548
[   4.709214] HW.Memory <Error> core\memory.cpp:Memory::MemorySystem::Write:528: unmapped Write8 0x00000000 @ 0x00000B73 at PC 0x010F3548
[   4.709214] HW.Memory <Error> core\memory.cpp:Memory::MemorySystem::Write:528: unmapped Write8 0x00000000 @ 0x00000B74 at PC 0x010F3548
[   4.709215] HW.Memory <Error> core\memory.cpp:Memory::MemorySystem::Write:528: unmapped Write8 0x00000000 @ 0x00000B75 at PC 0x010F3548
[   4.709215] HW.Memory <Error> core\memory.cpp:Memory::MemorySystem::Write:528: unmapped Write8 0x00000000 @ 0x00000B76 at PC 0x010F3548
[   4.709215] HW.Memory <Error> core\memory.cpp:Memory::MemorySystem::Write:528: unmapped Write8 0x00000000 @ 0x00000B77 at PC 0x010F3548
[   4.709216] HW.Memory <Error> core\memory.cpp:Memory::MemorySystem::Write:528: unmapped Write8 0x00000000 @ 0x00000B78 at PC 0x010F3548
[   4.709216] HW.Memory <Error> core\memory.cpp:Memory::MemorySystem::Write:528: unmapped Write8 0x00000000 @ 0x00000B79 at PC 0x010F3548
[   4.709217] HW.Memory <Error> core\memory.cpp:Memory::MemorySystem::Write:528: unmapped Write8 0x00000000 @ 0x00000B7A at PC 0x010F3548
[   4.709217] HW.Memory <Error> core\memory.cpp:Memory::MemorySystem::Write:528: unmapped Write8 0x00000000 @ 0x00000B7B at PC 0x010F3548
[   4.709217] HW.Memory <Error> core\memory.cpp:Memory::MemorySystem::Write:528: unmapped Write8 0x00000000 @ 0x00000B7C at PC 0x010F3548
[   4.709218] HW.Memory <Error> core\memory.cpp:Memory::MemorySystem::Write:528: unmapped Write8 0x00000000 @ 0x00000B7D at PC 0x010F3548
[   4.709218] HW.Memory <Error> core\memory.cpp:Memory::MemorySystem::Write:528: unmapped Write8 0x00000000 @ 0x00000B7E at PC 0x010F3548
[   4.709219] HW.Memory <Error> core\memory.cpp:Memory::MemorySystem::Write:528: unmapped Write8 0x00000000 @ 0x00000B7F at PC 0x010F3548
[   4.709219] HW.Memory <Error> core\memory.cpp:Memory::MemorySystem::Write:528: unmapped Write8 0x00000000 @ 0x00000B80 at PC 0x010F3548
[   4.709219] HW.Memory <Error> core\memory.cpp:Memory::MemorySystem::Write:528: unmapped Write8 0x00000000 @ 0x00000B81 at PC 0x010F3548
[   4.709220] HW.Memory <Error> core\memory.cpp:Memory::MemorySystem::Write:528: unmapped Write8 0x00000000 @ 0x00000B82 at PC 0x010F3548
[   4.709220] HW.Memory <Error> core\memory.cpp:Memory::MemorySystem::Write:528: unmapped Write8 0x00000000 @ 0x00000B83 at PC 0x010F3548
[   4.709220] HW.Memory <Error> core\memory.cpp:Memory::MemorySystem::Write:528: unmapped Write8 0x00000000 @ 0x00000B84 at PC 0x010F3548
[   4.709221] HW.Memory <Error> core\memory.cpp:Memory::MemorySystem::Write:528: unmapped Write8 0x00000000 @ 0x00000B85 at PC 0x010F3548
[   4.709221] HW.Memory <Error> core\memory.cpp:Memory::MemorySystem::Write:528: unmapped Write8 0x00000000 @ 0x00000B86 at PC 0x010F3548
[   4.709221] HW.Memory <Error> core\memory.cpp:Memory::MemorySystem::Write:528: unmapped Write8 0x00000000 @ 0x00000B87 at PC 0x010F3548
[   4.709222] HW.Memory <Error> core\memory.cpp:Memory::MemorySystem::Write:528: unmapped Write8 0x00000000 @ 0x00000B88 at PC 0x010F3548
[   4.709222] HW.Memory <Error> core\memory.cpp:Memory::MemorySystem::Write:528: unmapped Write8 0x00000000 @ 0x00000B89 at PC 0x010F3548
[   4.709223] HW.Memory <Error> core\memory.cpp:Memory::MemorySystem::Write:528: unmapped Write8 0x00000000 @ 0x00000B8A at PC 0x010F3548
[   4.709223] HW.Memory <Error> core\memory.cpp:Memory::MemorySystem::Write:528: unmapped Write8 0x00000000 @ 0x00000B8B at PC 0x010F3548
[   4.709223] HW.Memory <Error> core\memory.cpp:Memory::MemorySystem::Write:528: unmapped Write8 0x00000000 @ 0x00000B8C at PC 0x010F3548
[   4.709224] HW.Memory <Error> core\memory.cpp:Memory::MemorySystem::Write:528: unmapped Write8 0x00000000 @ 0x00000B8D at PC 0x010F3548
[   4.709224] HW.Memory <Error> core\memory.cpp:Memory::MemorySystem::Write:528: unmapped Write8 0x00000000 @ 0x00000B8E at PC 0x010F3548
[   4.709224] HW.Memory <Error> core\memory.cpp:Memory::MemorySystem::Write:528: unmapped Write8 0x00000000 @ 0x00000B8F at PC 0x010F3548
[   4.709225] HW.Memory <Error> core\memory.cpp:Memory::MemorySystem::Write:528: unmapped Write8 0x00000000 @ 0x00000B90 at PC 0x010F3548
[   4.709245] HW.Memory <Error> core\memory.cpp:Memory::MemorySystem::Write:528: unmapped Write8 0x00000000 @ 0x00000B91 at PC 0x010F3548
[   4.709246] HW.Memory <Error> core\memory.cpp:Memory::MemorySystem::Write:528: unmapped Write8 0x00000000 @ 0x00000B92 at PC 0x010F3548
[   4.709246] HW.Memory <Error> core\memory.cpp:Memory::MemorySystem::Write:528: unmapped Write8 0x00000000 @ 0x00000B93 at PC 0x010F3548
[   4.709246] HW.Memory <Error> core\memory.cpp:Memory::MemorySystem::Write:528: unmapped Write8 0x00000000 @ 0x00000B94 at PC 0x010F3548
[   4.709247] HW.Memory <Error> core\memory.cpp:Memory::MemorySystem::Write:528: unmapped Write8 0x00000000 @ 0x00000B95 at PC 0x010F3548
[   4.709247] HW.Memory <Error> core\memory.cpp:Memory::MemorySystem::Write:528: unmapped Write8 0x00000000 @ 0x00000B96 at PC 0x010F3548
[   4.709247] HW.Memory <Error> core\memory.cpp:Memory::MemorySystem::Write:528: unmapped Write8 0x00000000 @ 0x00000B97 at PC 0x010F3548
[   4.709248] HW.Memory <Error> core\memory.cpp:Memory::MemorySystem::Write:528: unmapped Write8 0x00000000 @ 0x00000B98 at PC 0x010F3548
[   4.709248] HW.Memory <Error> core\memory.cpp:Memory::MemorySystem::Write:528: unmapped Write8 0x00000000 @ 0x00000B99 at PC 0x010F3548
[   4.709249] HW.Memory <Error> core\memory.cpp:Memory::MemorySystem::Write:528: unmapped Write8 0x00000000 @ 0x00000B9A at PC 0x010F3548
[   4.709249] HW.Memory <Error> core\memory.cpp:Memory::MemorySystem::Write:528: unmapped Write8 0x00000000 @ 0x00000B9B at PC 0x010F3548
[   4.709249] HW.Memory <Error> core\memory.cpp:Memory::MemorySystem::Write:528: unmapped Write8 0x00000000 @ 0x00000B9C at PC 0x010F3548
[   4.709250] HW.Memory <Error> core\memory.cpp:Memory::MemorySystem::Write:528: unmapped Write8 0x00000000 @ 0x00000B9D at PC 0x010F3548
[   4.709250] HW.Memory <Error> core\memory.cpp:Memory::MemorySystem::Write:528: unmapped Write8 0x00000000 @ 0x00000B9E at PC 0x010F3548
[   4.709250] HW.Memory <Error> core\memory.cpp:Memory::MemorySystem::Write:528: unmapped Write8 0x00000000 @ 0x00000B9F at PC 0x010F3548
[   4.709251] HW.Memory <Error> core\memory.cpp:Memory::MemorySystem::Write:528: unmapped Write8 0x00000000 @ 0x00000BA0 at PC 0x010F3548
[   4.709251] HW.Memory <Error> core\memory.cpp:Memory::MemorySystem::Write:528: unmapped Write8 0x00000000 @ 0x00000BA1 at PC 0x010F3548
[   4.709251] HW.Memory <Error> core\memory.cpp:Memory::MemorySystem::Write:528: unmapped Write8 0x00000000 @ 0x00000BA2 at PC 0x010F3548
[   4.709252] HW.Memory <Error> core\memory.cpp:Memory::MemorySystem::Write:528: unmapped Write8 0x00000000 @ 0x00000BA3 at PC 0x010F3548
[   4.709252] HW.Memory <Error> core\memory.cpp:Memory::MemorySystem::Write:528: unmapped Write8 0x00000000 @ 0x00000BA4 at PC 0x010F3548
[   4.709252] HW.Memory <Error> core\memory.cpp:Memory::MemorySystem::Write:528: unmapped Write8 0x00000000 @ 0x00000BA5 at PC 0x010F3548
[   4.709253] HW.Memory <Error> core\memory.cpp:Memory::MemorySystem::Write:528: unmapped Write8 0x00000000 @ 0x00000BA6 at PC 0x010F3548
[   4.709253] HW.Memory <Error> core\memory.cpp:Memory::MemorySystem::Write:528: unmapped Write8 0x00000000 @ 0x00000BA7 at PC 0x010F3548
[   4.709253] HW.Memory <Error> core\memory.cpp:Memory::MemorySystem::Write:528: unmapped Write8 0x00000000 @ 0x00000BA8 at PC 0x010F3548
[   4.709254] HW.Memory <Error> core\memory.cpp:Memory::MemorySystem::Write:528: unmapped Write8 0x00000000 @ 0x00000BA9 at PC 0x010F3548
[   4.709254] HW.Memory <Error> core\memory.cpp:Memory::MemorySystem::Write:528: unmapped Write8 0x00000000 @ 0x00000BAA at PC 0x010F3548
[   4.709255] HW.Memory <Error> core\memory.cpp:Memory::MemorySystem::Write:528: unmapped Write8 0x00000000 @ 0x00000BAB at PC 0x010F3548
[   4.709255] HW.Memory <Error> core\memory.cpp:Memory::MemorySystem::Write:528: unmapped Write8 0x00000000 @ 0x00000BAC at PC 0x010F3548
[   4.709255] HW.Memory <Error> core\memory.cpp:Memory::MemorySystem::Write:528: unmapped Write8 0x00000000 @ 0x00000BAD at PC 0x010F3548
[   4.709256] HW.Memory <Error> core\memory.cpp:Memory::MemorySystem::Write:528: unmapped Write8 0x00000000 @ 0x00000BAE at PC 0x010F3548
[   4.709256] HW.Memory <Error> core\memory.cpp:Memory::MemorySystem::Write:528: unmapped Write8 0x00000000 @ 0x00000BAF at PC 0x010F3548
[   4.709256] HW.Memory <Error> core\memory.cpp:Memory::MemorySystem::Write:528: unmapped Write8 0x00000000 @ 0x00000BB0 at PC 0x010F3548
[   4.709257] HW.Memory <Error> core\memory.cpp:Memory::MemorySystem::Write:528: unmapped Write8 0x00000000 @ 0x00000BB1 at PC 0x010F3548
[   4.709257] HW.Memory <Error> core\memory.cpp:Memory::MemorySystem::Write:528: unmapped Write8 0x00000000 @ 0x00000BB2 at PC 0x010F3548
[   4.709257] HW.Memory <Error> core\memory.cpp:Memory::MemorySystem::Write:528: unmapped Write8 0x00000000 @ 0x00000BB3 at PC 0x010F3548
[   4.709258] HW.Memory <Error> core\memory.cpp:Memory::MemorySystem::Write:528: unmapped Write8 0x00000000 @ 0x00000BB4 at PC 0x010F3548
[   4.709258] HW.Memory <Error> core\memory.cpp:Memory::MemorySystem::Write:528: unmapped Write8 0x00000000 @ 0x00000BB5 at PC 0x010F3548
[   4.709258] HW.Memory <Error> core\memory.cpp:Memory::MemorySystem::Write:528: unmapped Write8 0x00000000 @ 0x00000BB6 at PC 0x010F3548
[   4.709259] HW.Memory <Error> core\memory.cpp:Memory::MemorySystem::Write:528: unmapped Write8 0x00000000 @ 0x00000BB7 at PC 0x010F3548
[   4.709259] HW.Memory <Error> core\memory.cpp:Memory::MemorySystem::Write:528: unmapped Write8 0x00000000 @ 0x00000BB8 at PC 0x010F3548
[   4.709260] HW.Memory <Error> core\memory.cpp:Memory::MemorySystem::Write:528: unmapped Write8 0x00000000 @ 0x00000BB9 at PC 0x010F3548
[   4.709260] HW.Memory <Error> core\memory.cpp:Memory::MemorySystem::Write:528: unmapped Write8 0x00000000 @ 0x00000BBA at PC 0x010F3548
[   4.709260] HW.Memory <Error> core\memory.cpp:Memory::MemorySystem::Write:528: unmapped Write8 0x00000000 @ 0x00000BBB at PC 0x010F3548
[   4.709261] HW.Memory <Error> core\memory.cpp:Memory::MemorySystem::Write:528: unmapped Write8 0x00000000 @ 0x00000BBC at PC 0x010F3548
[   4.709261] HW.Memory <Error> core\memory.cpp:Memory::MemorySystem::Write:528: unmapped Write8 0x00000000 @ 0x00000BBD at PC 0x010F3548
[   4.709262] HW.Memory <Error> core\memory.cpp:Memory::MemorySystem::Write:528: unmapped Write8 0x00000000 @ 0x00000BBE at PC 0x010F3548
[   4.709262] HW.Memory <Error> core\memory.cpp:Memory::MemorySystem::Write:528: unmapped Write8 0x00000000 @ 0x00000BBF at PC 0x010F3548
[   4.709262] HW.Memory <Error> core\memory.cpp:Memory::MemorySystem::Write:528: unmapped Write8 0x00000000 @ 0x00000BC0 at PC 0x010F3548
[   4.709263] HW.Memory <Error> core\memory.cpp:Memory::MemorySystem::Write:528: unmapped Write8 0x00000000 @ 0x00000BC1 at PC 0x010F3548
[   4.709263] HW.Memory <Error> core\memory.cpp:Memory::MemorySystem::Write:528: unmapped Write8 0x00000000 @ 0x00000BC2 at PC 0x010F3548
[   4.709263] HW.Memory <Error> core\memory.cpp:Memory::MemorySystem::Write:528: unmapped Write8 0x00000000 @ 0x00000BC3 at PC 0x010F3548
[   4.709264] HW.Memory <Error> core\memory.cpp:Memory::MemorySystem::Write:528: unmapped Write8 0x00000000 @ 0x00000BC4 at PC 0x010F3548
[   4.709264] HW.Memory <Error> core\memory.cpp:Memory::MemorySystem::Write:528: unmapped Write8 0x00000000 @ 0x00000BC5 at PC 0x010F3548
[   4.709265] HW.Memory <Error> core\memory.cpp:Memory::MemorySystem::Write:528: unmapped Write8 0x00000000 @ 0x00000BC6 at PC 0x010F3548
[   4.709265] HW.Memory <Error> core\memory.cpp:Memory::MemorySystem::Write:528: unmapped Write8 0x00000000 @ 0x00000BC7 at PC 0x010F3548
[   4.709265] HW.Memory <Error> core\memory.cpp:Memory::MemorySystem::Write:528: unmapped Write8 0x00000000 @ 0x00000BC8 at PC 0x010F3548
[   4.709266] HW.Memory <Error> core\memory.cpp:Memory::MemorySystem::Write:528: unmapped Write8 0x00000000 @ 0x00000BC9 at PC 0x010F3548
[   4.709266] HW.Memory <Error> core\memory.cpp:Memory::MemorySystem::Write:528: unmapped Write8 0x00000000 @ 0x00000BCA at PC 0x010F3548
[   4.709266] HW.Memory <Error> core\memory.cpp:Memory::MemorySystem::Write:528: unmapped Write8 0x00000000 @ 0x00000BCB at PC 0x010F3548
[   4.709267] HW.Memory <Error> core\memory.cpp:Memory::MemorySystem::Write:528: unmapped Write8 0x00000000 @ 0x00000BCC at PC 0x010F3548
[   4.709267] HW.Memory <Error> core\memory.cpp:Memory::MemorySystem::Write:528: unmapped Write8 0x00000000 @ 0x00000BCD at PC 0x010F3548
[   4.709267] HW.Memory <Error> core\memory.cpp:Memory::MemorySystem::Write:528: unmapped Write8 0x00000000 @ 0x00000BCE at PC 0x010F3548
[   4.709268] HW.Memory <Error> core\memory.cpp:Memory::MemorySystem::Write:528: unmapped Write8 0x00000000 @ 0x00000BCF at PC 0x010F3548
[   4.709268] HW.Memory <Error> core\memory.cpp:Memory::MemorySystem::Write:528: unmapped Write8 0x00000000 @ 0x00000BD0 at PC 0x010F3548
[   4.709269] HW.Memory <Error> core\memory.cpp:Memory::MemorySystem::Write:528: unmapped Write8 0x00000000 @ 0x00000BD1 at PC 0x010F3548
[   4.709269] HW.Memory <Error> core\memory.cpp:Memory::MemorySystem::Write:528: unmapped Write8 0x00000000 @ 0x00000BD2 at PC 0x010F3548
[   4.709270] HW.Memory <Error> core\memory.cpp:Memory::MemorySystem::Write:528: unmapped Write8 0x00000000 @ 0x00000BD3 at PC 0x010F3548
[   4.709270] HW.Memory <Error> core\memory.cpp:Memory::MemorySystem::Write:528: unmapped Write8 0x00000000 @ 0x00000BD4 at PC 0x010F3548
[   4.709270] HW.Memory <Error> core\memory.cpp:Memory::MemorySystem::Write:528: unmapped Write8 0x00000000 @ 0x00000BD5 at PC 0x010F3548
[   4.709271] HW.Memory <Error> core\memory.cpp:Memory::MemorySystem::Write:528: unmapped Write8 0x00000000 @ 0x00000BD6 at PC 0x010F3548
[   4.709271] HW.Memory <Error> core\memory.cpp:Memory::MemorySystem::Write:528: unmapped Write8 0x00000000 @ 0x00000BD7 at PC 0x010F3548
[   4.709271] HW.Memory <Error> core\memory.cpp:Memory::MemorySystem::Write:528: unmapped Write8 0x00000000 @ 0x00000BD8 at PC 0x010F3548
[   4.709272] HW.Memory <Error> core\memory.cpp:Memory::MemorySystem::Write:528: unmapped Write8 0x00000000 @ 0x00000BD9 at PC 0x010F3548
[   4.709272] HW.Memory <Error> core\memory.cpp:Memory::MemorySystem::Write:528: unmapped Write8 0x00000000 @ 0x00000BDA at PC 0x010F3548
[   4.709273] HW.Memory <Error> core\memory.cpp:Memory::MemorySystem::Write:528: unmapped Write8 0x00000000 @ 0x00000BDB at PC 0x010F3548
[   4.709273] HW.Memory <Error> core\memory.cpp:Memory::MemorySystem::Write:528: unmapped Write8 0x00000000 @ 0x00000BDC at PC 0x010F3548
[   4.709273] HW.Memory <Error> core\memory.cpp:Memory::MemorySystem::Write:528: unmapped Write8 0x00000000 @ 0x00000BDD at PC 0x010F3548
[   4.709274] HW.Memory <Error> core\memory.cpp:Memory::MemorySystem::Write:528: unmapped Write8 0x00000000 @ 0x00000BDE at PC 0x010F3548
[   4.709274] HW.Memory <Error> core\memory.cpp:Memory::MemorySystem::Write:528: unmapped Write8 0x00000000 @ 0x00000BDF at PC 0x010F3548
[   4.709274] HW.Memory <Error> core\memory.cpp:Memory::MemorySystem::Write:528: unmapped Write8 0x00000000 @ 0x00000BE0 at PC 0x010F3548
[   4.709275] HW.Memory <Error> core\memory.cpp:Memory::MemorySystem::Write:528: unmapped Write8 0x00000000 @ 0x00000BE1 at PC 0x010F3548
[   4.709275] HW.Memory <Error> core\memory.cpp:Memory::MemorySystem::Write:528: unmapped Write8 0x00000000 @ 0x00000BE2 at PC 0x010F3548
[   4.709275] HW.Memory <Error> core\memory.cpp:Memory::MemorySystem::Write:528: unmapped Write8 0x00000000 @ 0x00000BE3 at PC 0x010F3548
[   4.709276] HW.Memory <Error> core\memory.cpp:Memory::MemorySystem::Write:528: unmapped Write8 0x00000000 @ 0x00000BE4 at PC 0x010F3548
[   4.709276] HW.Memory <Error> core\memory.cpp:Memory::MemorySystem::Write:528: unmapped Write8 0x00000000 @ 0x00000BE5 at PC 0x010F3548
[   4.709277] HW.Memory <Error> core\memory.cpp:Memory::MemorySystem::Write:528: unmapped Write8 0x00000000 @ 0x00000BE6 at PC 0x010F3548
[   4.709277] HW.Memory <Error> core\memory.cpp:Memory::MemorySystem::Write:528: unmapped Write8 0x00000000 @ 0x00000BE7 at PC 0x010F3548
[   4.709277] HW.Memory <Error> core\memory.cpp:Memory::MemorySystem::Write:528: unmapped Write8 0x00000000 @ 0x00000BE8 at PC 0x010F3548
[   4.709278] HW.Memory <Error> core\memory.cpp:Memory::MemorySystem::Write:528: unmapped Write8 0x00000000 @ 0x00000BE9 at PC 0x010F3548
[   4.709278] HW.Memory <Error> core\memory.cpp:Memory::MemorySystem::Write:528: unmapped Write8 0x00000000 @ 0x00000BEA at PC 0x010F3548
[   4.709278] HW.Memory <Error> core\memory.cpp:Memory::MemorySystem::Write:528: unmapped Write8 0x00000000 @ 0x00000BEB at PC 0x010F3548
[   4.709279] HW.Memory <Error> core\memory.cpp:Memory::MemorySystem::Write:528: unmapped Write8 0x00000000 @ 0x00000BEC at PC 0x010F3548
[   4.709279] HW.Memory <Error> core\memory.cpp:Memory::MemorySystem::Write:528: unmapped Write8 0x00000000 @ 0x00000BED at PC 0x010F3548
[   4.709279] HW.Memory <Error> core\memory.cpp:Memory::MemorySystem::Write:528: unmapped Write8 0x00000000 @ 0x00000BEE at PC 0x010F3548
[   4.709280] HW.Memory <Error> core\memory.cpp:Memory::MemorySystem::Write:528: unmapped Write8 0x00000000 @ 0x00000BEF at PC 0x010F3548
[   4.709280] HW.Memory <Error> core\memory.cpp:Memory::MemorySystem::Write:528: unmapped Write8 0x00000000 @ 0x00000BF0 at PC 0x010F3548
[   4.709280] HW.Memory <Error> core\memory.cpp:Memory::MemorySystem::Write:528: unmapped Write8 0x00000000 @ 0x00000BF1 at PC 0x010F3548
[   4.709281] HW.Memory <Error> core\memory.cpp:Memory::MemorySystem::Write:528: unmapped Write8 0x00000000 @ 0x00000BF2 at PC 0x010F3548
[   4.709281] HW.Memory <Error> core\memory.cpp:Memory::MemorySystem::Write:528: unmapped Write8 0x00000000 @ 0x00000BF3 at PC 0x010F3548
[   4.709282] HW.Memory <Error> core\memory.cpp:Memory::MemorySystem::Write:528: unmapped Write8 0x00000000 @ 0x00000BF4 at PC 0x010F3548
[   4.709282] HW.Memory <Error> core\memory.cpp:Memory::MemorySystem::Write:528: unmapped Write8 0x00000000 @ 0x00000BF5 at PC 0x010F3548
[   4.709282] HW.Memory <Error> core\memory.cpp:Memory::MemorySystem::Write:528: unmapped Write8 0x00000000 @ 0x00000BF6 at PC 0x010F3548
[   4.709283] HW.Memory <Error> core\memory.cpp:Memory::MemorySystem::Write:528: unmapped Write8 0x00000000 @ 0x00000BF7 at PC 0x010F3548
[   4.709283] HW.Memory <Error> core\memory.cpp:Memory::MemorySystem::Write:528: unmapped Write8 0x00000000 @ 0x00000BF8 at PC 0x010F3548
[   4.709283] HW.Memory <Error> core\memory.cpp:Memory::MemorySystem::Write:528: unmapped Write8 0x00000000 @ 0x00000BF9 at PC 0x010F3548
[   4.709284] HW.Memory <Error> core\memory.cpp:Memory::MemorySystem::Write:528: unmapped Write8 0x00000000 @ 0x00000BFA at PC 0x010F3548
[   4.709284] HW.Memory <Error> core\memory.cpp:Memory::MemorySystem::Write:528: unmapped Write8 0x00000000 @ 0x00000BFB at PC 0x010F3548
[   4.709285] HW.Memory <Error> core\memory.cpp:Memory::MemorySystem::Write:528: unmapped Write8 0x00000000 @ 0x00000BFC at PC 0x010F3548
[   4.709285] HW.Memory <Error> core\memory.cpp:Memory::MemorySystem::Write:528: unmapped Write8 0x00000000 @ 0x00000BFD at PC 0x010F3548
[   4.709285] HW.Memory <Error> core\memory.cpp:Memory::MemorySystem::Write:528: unmapped Write8 0x00000000 @ 0x00000BFE at PC 0x010F3548
[   4.709286] HW.Memory <Error> core\memory.cpp:Memory::MemorySystem::Write:528: unmapped Write8 0x00000000 @ 0x00000BFF at PC 0x010F3548
[   4.709286] HW.Memory <Error> core\memory.cpp:Memory::MemorySystem::Write:528: unmapped Write8 0x00000000 @ 0x00000C00 at PC 0x010F3548
[   4.709286] HW.Memory <Error> core\memory.cpp:Memory::MemorySystem::Write:528: unmapped Write8 0x00000000 @ 0x00000C01 at PC 0x010F3548
[   4.709287] HW.Memory <Error> core\memory.cpp:Memory::MemorySystem::Write:528: unmapped Write8 0x00000000 @ 0x00000C02 at PC 0x010F3548
[   4.709287] HW.Memory <Error> core\memory.cpp:Memory::MemorySystem::Write:528: unmapped Write8 0x00000000 @ 0x00000C03 at PC 0x010F3548
[   4.709287] HW.Memory <Error> core\memory.cpp:Memory::MemorySystem::Write:528: unmapped Write8 0x00000000 @ 0x00000C04 at PC 0x010F3548
[   4.709288] HW.Memory <Error> core\memory.cpp:Memory::MemorySystem::Write:528: unmapped Write8 0x00000000 @ 0x00000C05 at PC 0x010F3548
[   4.709288] HW.Memory <Error> core\memory.cpp:Memory::MemorySystem::Write:528: unmapped Write8 0x00000000 @ 0x00000C06 at PC 0x010F3548
[   4.709289] HW.Memory <Error> core\memory.cpp:Memory::MemorySystem::Write:528: unmapped Write8 0x00000000 @ 0x00000C07 at PC 0x010F3548
[   4.709289] HW.Memory <Error> core\memory.cpp:Memory::MemorySystem::Write:528: unmapped Write8 0x00000000 @ 0x00000C08 at PC 0x010F3548
[   4.709289] HW.Memory <Error> core\memory.cpp:Memory::MemorySystem::Write:528: unmapped Write8 0x00000000 @ 0x00000C09 at PC 0x010F3548
[   4.709290] HW.Memory <Error> core\memory.cpp:Memory::MemorySystem::Write:528: unmapped Write8 0x00000000 @ 0x00000C0A at PC 0x010F3548
[   4.709290] HW.Memory <Error> core\memory.cpp:Memory::MemorySystem::Write:528: unmapped Write8 0x00000000 @ 0x00000C0B at PC 0x010F3548
[   4.709290] HW.Memory <Error> core\memory.cpp:Memory::MemorySystem::Write:528: unmapped Write8 0x00000000 @ 0x00000C0C at PC 0x010F3548
[   4.709291] HW.Memory <Error> core\memory.cpp:Memory::MemorySystem::Write:528: unmapped Write8 0x00000000 @ 0x00000C0D at PC 0x010F3548
[   4.709291] HW.Memory <Error> core\memory.cpp:Memory::MemorySystem::Write:528: unmapped Write8 0x00000000 @ 0x00000C0E at PC 0x010F3548
[   4.709291] HW.Memory <Error> core\memory.cpp:Memory::MemorySystem::Write:528: unmapped Write8 0x00000000 @ 0x00000C0F at PC 0x010F3548
[   4.709292] HW.Memory <Error> core\memory.cpp:Memory::MemorySystem::Write:528: unmapped Write8 0x00000000 @ 0x00000C10 at PC 0x010F3548
[   4.709292] HW.Memory <Error> core\memory.cpp:Memory::MemorySystem::Write:528: unmapped Write8 0x00000000 @ 0x00000C11 at PC 0x010F3548
[   4.709293] HW.Memory <Error> core\memory.cpp:Memory::MemorySystem::Write:528: unmapped Write8 0x00000000 @ 0x00000C12 at PC 0x010F3548
[   4.709293] HW.Memory <Error> core\memory.cpp:Memory::MemorySystem::Write:528: unmapped Write8 0x00000000 @ 0x00000C13 at PC 0x010F3548
[   4.709293] HW.Memory <Error> core\memory.cpp:Memory::MemorySystem::Write:528: unmapped Write8 0x00000000 @ 0x00000C14 at PC 0x010F3548
[   4.709294] HW.Memory <Error> core\memory.cpp:Memory::MemorySystem::Write:528: unmapped Write8 0x00000000 @ 0x00000C15 at PC 0x010F3548
[   4.709294] HW.Memory <Error> core\memory.cpp:Memory::MemorySystem::Write:528: unmapped Write8 0x00000000 @ 0x00000C16 at PC 0x010F3548
[   4.709294] HW.Memory <Error> core\memory.cpp:Memory::MemorySystem::Write:528: unmapped Write8 0x00000000 @ 0x00000C17 at PC 0x010F3548
[   4.709295] HW.Memory <Error> core\memory.cpp:Memory::MemorySystem::Write:528: unmapped Write8 0x00000000 @ 0x00000C18 at PC 0x010F3548
[   4.709295] HW.Memory <Error> core\memory.cpp:Memory::MemorySystem::Write:528: unmapped Write8 0x00000000 @ 0x00000C19 at PC 0x010F3548
[   4.709295] HW.Memory <Error> core\memory.cpp:Memory::MemorySystem::Write:528: unmapped Write8 0x00000000 @ 0x00000C1A at PC 0x010F3548
[   4.709296] HW.Memory <Error> core\memory.cpp:Memory::MemorySystem::Write:528: unmapped Write8 0x00000000 @ 0x00000C1B at PC 0x010F3548
[   4.709296] HW.Memory <Error> core\memory.cpp:Memory::MemorySystem::Write:528: unmapped Write8 0x00000000 @ 0x00000C1C at PC 0x010F3548
[   4.709296] HW.Memory <Error> core\memory.cpp:Memory::MemorySystem::Write:528: unmapped Write8 0x00000000 @ 0x00000C1D at PC 0x010F3548
[   4.709297] HW.Memory <Error> core\memory.cpp:Memory::MemorySystem::Write:528: unmapped Write8 0x00000000 @ 0x00000C1E at PC 0x010F3548
[   4.709297] HW.Memory <Error> core\memory.cpp:Memory::MemorySystem::Write:528: unmapped Write8 0x00000000 @ 0x00000C1F at PC 0x010F3548
[   4.709297] HW.Memory <Error> core\memory.cpp:Memory::MemorySystem::Write:528: unmapped Write8 0x00000000 @ 0x00000C20 at PC 0x010F3548
[   4.709298] HW.Memory <Error> core\memory.cpp:Memory::MemorySystem::Write:528: unmapped Write8 0x00000000 @ 0x00000C21 at PC 0x010F3548
[   4.709298] HW.Memory <Error> core\memory.cpp:Memory::MemorySystem::Write:528: unmapped Write8 0x00000000 @ 0x00000C22 at PC 0x010F3548
[   4.709299] HW.Memory <Error> core\memory.cpp:Memory::MemorySystem::Write:528: unmapped Write8 0x00000000 @ 0x00000C23 at PC 0x010F3548
[   4.709299] HW.Memory <Error> core\memory.cpp:Memory::MemorySystem::Write:528: unmapped Write8 0x00000000 @ 0x00000C24 at PC 0x010F3548
[   4.709299] HW.Memory <Error> core\memory.cpp:Memory::MemorySystem::Write:528: unmapped Write8 0x00000000 @ 0x00000C25 at PC 0x010F3548
[   4.709300] HW.Memory <Error> core\memory.cpp:Memory::MemorySystem::Write:528: unmapped Write8 0x00000000 @ 0x00000C26 at PC 0x010F3548
[   4.709300] HW.Memory <Error> core\memory.cpp:Memory::MemorySystem::Write:528: unmapped Write8 0x00000000 @ 0x00000C27 at PC 0x010F3548
[   4.709301] HW.Memory <Error> core\memory.cpp:Memory::MemorySystem::Read:479: unmapped Read8 @ 0x00000C28 at PC 0x010F348C
[   4.709302] HW.Memory <Error> core\memory.cpp:Memory::MemorySystem::Read:479: unmapped Read8 @ 0x00000828 at PC 0x010F348C
[   4.709303] HW.Memory <Error> core\memory.cpp:Memory::MemorySystem::Write:528: unmapped Write16 0x00000000 @ 0x00000024 at PC 0x010F34D0
[   4.709441] HW.Memory <Error> core\memory.cpp:Memory::MemorySystem::Impl::ReadBlockImpl:178: unmapped ReadBlock @ 0x00000024 (start address = 0x00000024, size = 2) at PC 0x010F0A78
[   4.709444] Service.FS <Error> core\file_sys\archive_sdmc.cpp:FileSys::DeleteDirectoryHelper:183: Invalid path [Wchar: ]
[   4.710590] HW.Memory <Error> core\memory.cpp:Memory::MemorySystem::Write:528: unmapped Write8 0x0000002F @ 0x00000828 at PC 0x010F3548
[   4.710590] HW.Memory <Error> core\memory.cpp:Memory::MemorySystem::Write:528: unmapped Write8 0x0000006F @ 0x00000829 at PC 0x010F3548
[   4.710591] HW.Memory <Error> core\memory.cpp:Memory::MemorySystem::Write:528: unmapped Write8 0x00000070 @ 0x0000082A at PC 0x010F3548
[   4.710591] HW.Memory <Error> core\memory.cpp:Memory::MemorySystem::Write:528: unmapped Write8 0x00000065 @ 0x0000082B at PC 0x010F3548
[   4.710592] HW.Memory <Error> core\memory.cpp:Memory::MemorySystem::Write:528: unmapped Write8 0x0000006E @ 0x0000082C at PC 0x010F3548
[   4.710592] HW.Memory <Error> core\memory.cpp:Memory::MemorySystem::Write:528: unmapped Write8 0x00000073 @ 0x0000082D at PC 0x010F3548
[   4.710592] HW.Memory <Error> core\memory.cpp:Memory::MemorySystem::Write:528: unmapped Write8 0x00000062 @ 0x0000082E at PC 0x010F3548
[   4.710593] HW.Memory <Error> core\memory.cpp:Memory::MemorySystem::Write:528: unmapped Write8 0x0000005F @ 0x0000082F at PC 0x010F3548
[   4.710593] HW.Memory <Error> core\memory.cpp:Memory::MemorySystem::Write:528: unmapped Write8 0x0000006D @ 0x00000830 at PC 0x010F3548
[   4.710593] HW.Memory <Error> core\memory.cpp:Memory::MemorySystem::Write:528: unmapped Write8 0x00000061 @ 0x00000831 at PC 0x010F3548
[   4.710594] HW.Memory <Error> core\memory.cpp:Memory::MemorySystem::Write:528: unmapped Write8 0x00000069 @ 0x00000832 at PC 0x010F3548
[   4.710594] HW.Memory <Error> core\memory.cpp:Memory::MemorySystem::Write:528: unmapped Write8 0x0000006E @ 0x00000833 at PC 0x010F3548
[   4.710595] HW.Memory <Error> core\memory.cpp:Memory::MemorySystem::Write:528: unmapped Write8 0x0000002E @ 0x00000834 at PC 0x010F3548
[   4.710595] HW.Memory <Error> core\memory.cpp:Memory::MemorySystem::Write:528: unmapped Write8 0x0000006C @ 0x00000835 at PC 0x010F3548
[   4.710595] HW.Memory <Error> core\memory.cpp:Memory::MemorySystem::Write:528: unmapped Write8 0x0000006F @ 0x00000836 at PC 0x010F3548
[   4.710596] HW.Memory <Error> core\memory.cpp:Memory::MemorySystem::Write:528: unmapped Write8 0x00000067 @ 0x00000837 at PC 0x010F3548
[   4.710596] HW.Memory <Error> core\memory.cpp:Memory::MemorySystem::Write:528: unmapped Write8 0x00000000 @ 0x00000838 at PC 0x010F3548
[   4.710597] HW.Memory <Error> core\memory.cpp:Memory::MemorySystem::Write:528: unmapped Write8 0x00000000 @ 0x00000839 at PC 0x010F3548
[   4.710597] HW.Memory <Error> core\memory.cpp:Memory::MemorySystem::Write:528: unmapped Write8 0x00000000 @ 0x0000083A at PC 0x010F3548
[   4.710597] HW.Memory <Error> core\memory.cpp:Memory::MemorySystem::Write:528: unmapped Write8 0x00000000 @ 0x0000083B at PC 0x010F3548
[   4.710598] HW.Memory <Error> core\memory.cpp:Memory::MemorySystem::Write:528: unmapped Write8 0x00000000 @ 0x0000083C at PC 0x010F3548
[   4.710598] HW.Memory <Error> core\memory.cpp:Memory::MemorySystem::Write:528: unmapped Write8 0x00000000 @ 0x0000083D at PC 0x010F3548
[   4.710598] HW.Memory <Error> core\memory.cpp:Memory::MemorySystem::Write:528: unmapped Write8 0x00000000 @ 0x0000083E at PC 0x010F3548
[   4.710599] HW.Memory <Error> core\memory.cpp:Memory::MemorySystem::Write:528: unmapped Write8 0x00000000 @ 0x0000083F at PC 0x010F3548
[   4.710599] HW.Memory <Error> core\memory.cpp:Memory::MemorySystem::Write:528: unmapped Write8 0x00000000 @ 0x00000840 at PC 0x010F3548
[   4.710599] HW.Memory <Error> core\memory.cpp:Memory::MemorySystem::Write:528: unmapped Write8 0x00000000 @ 0x00000841 at PC 0x010F3548
[   4.710600] HW.Memory <Error> core\memory.cpp:Memory::MemorySystem::Write:528: unmapped Write8 0x00000000 @ 0x00000842 at PC 0x010F3548
[   4.710600] HW.Memory <Error> core\memory.cpp:Memory::MemorySystem::Write:528: unmapped Write8 0x00000000 @ 0x00000843 at PC 0x010F3548
[   4.710601] HW.Memory <Error> core\memory.cpp:Memory::MemorySystem::Write:528: unmapped Write8 0x00000000 @ 0x00000844 at PC 0x010F3548
[   4.710601] HW.Memory <Error> core\memory.cpp:Memory::MemorySystem::Write:528: unmapped Write8 0x00000000 @ 0x00000845 at PC 0x010F3548
[   4.710601] HW.Memory <Error> core\memory.cpp:Memory::MemorySystem::Write:528: unmapped Write8 0x00000000 @ 0x00000846 at PC 0x010F3548
[   4.710602] HW.Memory <Error> core\memory.cpp:Memory::MemorySystem::Write:528: unmapped Write8 0x00000000 @ 0x00000847 at PC 0x010F3548
[   4.710602] HW.Memory <Error> core\memory.cpp:Memory::MemorySystem::Write:528: unmapped Write8 0x00000000 @ 0x00000848 at PC 0x010F3548
[   4.710602] HW.Memory <Error> core\memory.cpp:Memory::MemorySystem::Write:528: unmapped Write8 0x00000000 @ 0x00000849 at PC 0x010F3548
[   4.710603] HW.Memory <Error> core\memory.cpp:Memory::MemorySystem::Write:528: unmapped Write8 0x00000000 @ 0x0000084A at PC 0x010F3548
[   4.710603] HW.Memory <Error> core\memory.cpp:Memory::MemorySystem::Write:528: unmapped Write8 0x00000000 @ 0x0000084B at PC 0x010F3548
[   4.710604] HW.Memory <Error> core\memory.cpp:Memory::MemorySystem::Write:528: unmapped Write8 0x00000000 @ 0x0000084C at PC 0x010F3548
[   4.710604] HW.Memory <Error> core\memory.cpp:Memory::MemorySystem::Write:528: unmapped Write8 0x00000000 @ 0x0000084D at PC 0x010F3548
[   4.710605] HW.Memory <Error> core\memory.cpp:Memory::MemorySystem::Write:528: unmapped Write8 0x00000000 @ 0x0000084E at PC 0x010F3548
[   4.710605] HW.Memory <Error> core\memory.cpp:Memory::MemorySystem::Write:528: unmapped Write8 0x00000000 @ 0x0000084F at PC 0x010F3548
[   4.710606] HW.Memory <Error> core\memory.cpp:Memory::MemorySystem::Write:528: unmapped Write8 0x00000000 @ 0x00000850 at PC 0x010F3548
[   4.710606] HW.Memory <Error> core\memory.cpp:Memory::MemorySystem::Write:528: unmapped Write8 0x00000000 @ 0x00000851 at PC 0x010F3548
[   4.710606] HW.Memory <Error> core\memory.cpp:Memory::MemorySystem::Write:528: unmapped Write8 0x00000000 @ 0x00000852 at PC 0x010F3548
[   4.710607] HW.Memory <Error> core\memory.cpp:Memory::MemorySystem::Write:528: unmapped Write8 0x00000000 @ 0x00000853 at PC 0x010F3548
[   4.710607] HW.Memory <Error> core\memory.cpp:Memory::MemorySystem::Write:528: unmapped Write8 0x00000000 @ 0x00000854 at PC 0x010F3548
[   4.710608] HW.Memory <Error> core\memory.cpp:Memory::MemorySystem::Write:528: unmapped Write8 0x00000000 @ 0x00000855 at PC 0x010F3548
[   4.710608] HW.Memory <Error> core\memory.cpp:Memory::MemorySystem::Write:528: unmapped Write8 0x00000000 @ 0x00000856 at PC 0x010F3548
[   4.710608] HW.Memory <Error> core\memory.cpp:Memory::MemorySystem::Write:528: unmapped Write8 0x00000000 @ 0x00000857 at PC 0x010F3548
[   4.710609] HW.Memory <Error> core\memory.cpp:Memory::MemorySystem::Write:528: unmapped Write8 0x00000000 @ 0x00000858 at PC 0x010F3548
[   4.710609] HW.Memory <Error> core\memory.cpp:Memory::MemorySystem::Write:528: unmapped Write8 0x00000000 @ 0x00000859 at PC 0x010F3548
[   4.710609] HW.Memory <Error> core\memory.cpp:Memory::MemorySystem::Write:528: unmapped Write8 0x00000000 @ 0x0000085A at PC 0x010F3548
[   4.710610] HW.Memory <Error> core\memory.cpp:Memory::MemorySystem::Write:528: unmapped Write8 0x00000000 @ 0x0000085B at PC 0x010F3548
[   4.710610] HW.Memory <Error> core\memory.cpp:Memory::MemorySystem::Write:528: unmapped Write8 0x00000000 @ 0x0000085C at PC 0x010F3548
[   4.710611] HW.Memory <Error> core\memory.cpp:Memory::MemorySystem::Write:528: unmapped Write8 0x00000000 @ 0x0000085D at PC 0x010F3548
[   4.710611] HW.Memory <Error> core\memory.cpp:Memory::MemorySystem::Write:528: unmapped Write8 0x00000000 @ 0x0000085E at PC 0x010F3548
[   4.710612] HW.Memory <Error> core\memory.cpp:Memory::MemorySystem::Write:528: unmapped Write8 0x00000000 @ 0x0000085F at PC 0x010F3548
[   4.710612] HW.Memory <Error> core\memory.cpp:Memory::MemorySystem::Write:528: unmapped Write8 0x00000000 @ 0x00000860 at PC 0x010F3548
[   4.710612] HW.Memory <Error> core\memory.cpp:Memory::MemorySystem::Write:528: unmapped Write8 0x00000000 @ 0x00000861 at PC 0x010F3548
[   4.710613] HW.Memory <Error> core\memory.cpp:Memory::MemorySystem::Write:528: unmapped Write8 0x00000000 @ 0x00000862 at PC 0x010F3548
[   4.710613] HW.Memory <Error> core\memory.cpp:Memory::MemorySystem::Write:528: unmapped Write8 0x00000000 @ 0x00000863 at PC 0x010F3548
[   4.710613] HW.Memory <Error> core\memory.cpp:Memory::MemorySystem::Write:528: unmapped Write8 0x00000000 @ 0x00000864 at PC 0x010F3548
[   4.710614] HW.Memory <Error> core\memory.cpp:Memory::MemorySystem::Write:528: unmapped Write8 0x00000000 @ 0x00000865 at PC 0x010F3548
[   4.710614] HW.Memory <Error> core\memory.cpp:Memory::MemorySystem::Write:528: unmapped Write8 0x00000000 @ 0x00000866 at PC 0x010F3548
[   4.710615] HW.Memory <Error> core\memory.cpp:Memory::MemorySystem::Write:528: unmapped Write8 0x00000000 @ 0x00000867 at PC 0x010F3548
[   4.710615] HW.Memory <Error> core\memory.cpp:Memory::MemorySystem::Write:528: unmapped Write8 0x00000000 @ 0x00000868 at PC 0x010F3548
[   4.710615] HW.Memory <Error> core\memory.cpp:Memory::MemorySystem::Write:528: unmapped Write8 0x00000000 @ 0x00000869 at PC 0x010F3548
[   4.710616] HW.Memory <Error> core\memory.cpp:Memory::MemorySystem::Write:528: unmapped Write8 0x00000000 @ 0x0000086A at PC 0x010F3548
[   4.710616] HW.Memory <Error> core\memory.cpp:Memory::MemorySystem::Write:528: unmapped Write8 0x00000000 @ 0x0000086B at PC 0x010F3548
[   4.710617] HW.Memory <Error> core\memory.cpp:Memory::MemorySystem::Write:528: unmapped Write8 0x00000000 @ 0x0000086C at PC 0x010F3548
[   4.710617] HW.Memory <Error> core\memory.cpp:Memory::MemorySystem::Write:528: unmapped Write8 0x00000000 @ 0x0000086D at PC 0x010F3548
[   4.710617] HW.Memory <Error> core\memory.cpp:Memory::MemorySystem::Write:528: unmapped Write8 0x00000000 @ 0x0000086E at PC 0x010F3548
[   4.710618] HW.Memory <Error> core\memory.cpp:Memory::MemorySystem::Write:528: unmapped Write8 0x00000000 @ 0x0000086F at PC 0x010F3548
[   4.710618] HW.Memory <Error> core\memory.cpp:Memory::MemorySystem::Write:528: unmapped Write8 0x00000000 @ 0x00000870 at PC 0x010F3548
[   4.710619] HW.Memory <Error> core\memory.cpp:Memory::MemorySystem::Write:528: unmapped Write8 0x00000000 @ 0x00000871 at PC 0x010F3548
[   4.710619] HW.Memory <Error> core\memory.cpp:Memory::MemorySystem::Write:528: unmapped Write8 0x00000000 @ 0x00000872 at PC 0x010F3548
[   4.710619] HW.Memory <Error> core\memory.cpp:Memory::MemorySystem::Write:528: unmapped Write8 0x00000000 @ 0x00000873 at PC 0x010F3548
[   4.710620] HW.Memory <Error> core\memory.cpp:Memory::MemorySystem::Write:528: unmapped Write8 0x00000000 @ 0x00000874 at PC 0x010F3548
[   4.710620] HW.Memory <Error> core\memory.cpp:Memory::MemorySystem::Write:528: unmapped Write8 0x00000000 @ 0x00000875 at PC 0x010F3548
[   4.710620] HW.Memory <Error> core\memory.cpp:Memory::MemorySystem::Write:528: unmapped Write8 0x00000000 @ 0x00000876 at PC 0x010F3548
[   4.710621] HW.Memory <Error> core\memory.cpp:Memory::MemorySystem::Write:528: unmapped Write8 0x00000000 @ 0x00000877 at PC 0x010F3548
[   4.710621] HW.Memory <Error> core\memory.cpp:Memory::MemorySystem::Write:528: unmapped Write8 0x00000000 @ 0x00000878 at PC 0x010F3548
[   4.710622] HW.Memory <Error> core\memory.cpp:Memory::MemorySystem::Write:528: unmapped Write8 0x00000000 @ 0x00000879 at PC 0x010F3548
[   4.710622] HW.Memory <Error> core\memory.cpp:Memory::MemorySystem::Write:528: unmapped Write8 0x00000000 @ 0x0000087A at PC 0x010F3548
[   4.710622] HW.Memory <Error> core\memory.cpp:Memory::MemorySystem::Write:528: unmapped Write8 0x00000000 @ 0x0000087B at PC 0x010F3548
[   4.710623] HW.Memory <Error> core\memory.cpp:Memory::MemorySystem::Write:528: unmapped Write8 0x00000000 @ 0x0000087C at PC 0x010F3548
[   4.710623] HW.Memory <Error> core\memory.cpp:Memory::MemorySystem::Write:528: unmapped Write8 0x00000000 @ 0x0000087D at PC 0x010F3548
[   4.710624] HW.Memory <Error> core\memory.cpp:Memory::MemorySystem::Write:528: unmapped Write8 0x00000000 @ 0x0000087E at PC 0x010F3548
[   4.710624] HW.Memory <Error> core\memory.cpp:Memory::MemorySystem::Write:528: unmapped Write8 0x00000000 @ 0x0000087F at PC 0x010F3548
[   4.710624] HW.Memory <Error> core\memory.cpp:Memory::MemorySystem::Write:528: unmapped Write8 0x00000000 @ 0x00000880 at PC 0x010F3548
[   4.710625] HW.Memory <Error> core\memory.cpp:Memory::MemorySystem::Write:528: unmapped Write8 0x00000000 @ 0x00000881 at PC 0x010F3548
[   4.710625] HW.Memory <Error> core\memory.cpp:Memory::MemorySystem::Write:528: unmapped Write8 0x00000000 @ 0x00000882 at PC 0x010F3548
[   4.710626] HW.Memory <Error> core\memory.cpp:Memory::MemorySystem::Write:528: unmapped Write8 0x00000000 @ 0x00000883 at PC 0x010F3548
[   4.710626] HW.Memory <Error> core\memory.cpp:Memory::MemorySystem::Write:528: unmapped Write8 0x00000000 @ 0x00000884 at PC 0x010F3548
[   4.710626] HW.Memory <Error> core\memory.cpp:Memory::MemorySystem::Write:528: unmapped Write8 0x00000000 @ 0x00000885 at PC 0x010F3548
[   4.710627] HW.Memory <Error> core\memory.cpp:Memory::MemorySystem::Write:528: unmapped Write8 0x00000000 @ 0x00000886 at PC 0x010F3548
[   4.710627] HW.Memory <Error> core\memory.cpp:Memory::MemorySystem::Write:528: unmapped Write8 0x00000000 @ 0x00000887 at PC 0x010F3548
[   4.710628] HW.Memory <Error> core\memory.cpp:Memory::MemorySystem::Write:528: unmapped Write8 0x00000000 @ 0x00000888 at PC 0x010F3548
[   4.710628] HW.Memory <Error> core\memory.cpp:Memory::MemorySystem::Write:528: unmapped Write8 0x00000000 @ 0x00000889 at PC 0x010F3548
[   4.710628] HW.Memory <Error> core\memory.cpp:Memory::MemorySystem::Write:528: unmapped Write8 0x00000000 @ 0x0000088A at PC 0x010F3548
[   4.710629] HW.Memory <Error> core\memory.cpp:Memory::MemorySystem::Write:528: unmapped Write8 0x00000000 @ 0x0000088B at PC 0x010F3548
[   4.710629] HW.Memory <Error> core\memory.cpp:Memory::MemorySystem::Write:528: unmapped Write8 0x00000000 @ 0x0000088C at PC 0x010F3548
[   4.710630] HW.Memory <Error> core\memory.cpp:Memory::MemorySystem::Write:528: unmapped Write8 0x00000000 @ 0x0000088D at PC 0x010F3548
[   4.710630] HW.Memory <Error> core\memory.cpp:Memory::MemorySystem::Write:528: unmapped Write8 0x00000000 @ 0x0000088E at PC 0x010F3548
[   4.710631] HW.Memory <Error> core\memory.cpp:Memory::MemorySystem::Write:528: unmapped Write8 0x00000000 @ 0x0000088F at PC 0x010F3548
[   4.710631] HW.Memory <Error> core\memory.cpp:Memory::MemorySystem::Write:528: unmapped Write8 0x00000000 @ 0x00000890 at PC 0x010F3548
[   4.710632] HW.Memory <Error> core\memory.cpp:Memory::MemorySystem::Write:528: unmapped Write8 0x00000000 @ 0x00000891 at PC 0x010F3548
[   4.710632] HW.Memory <Error> core\memory.cpp:Memory::MemorySystem::Write:528: unmapped Write8 0x00000000 @ 0x00000892 at PC 0x010F3548
[   4.710632] HW.Memory <Error> core\memory.cpp:Memory::MemorySystem::Write:528: unmapped Write8 0x00000000 @ 0x00000893 at PC 0x010F3548
[   4.710633] HW.Memory <Error> core\memory.cpp:Memory::MemorySystem::Write:528: unmapped Write8 0x00000000 @ 0x00000894 at PC 0x010F3548
[   4.710633] HW.Memory <Error> core\memory.cpp:Memory::MemorySystem::Write:528: unmapped Write8 0x00000000 @ 0x00000895 at PC 0x010F3548
[   4.710634] HW.Memory <Error> core\memory.cpp:Memory::MemorySystem::Write:528: unmapped Write8 0x00000000 @ 0x00000896 at PC 0x010F3548
[   4.710634] HW.Memory <Error> core\memory.cpp:Memory::MemorySystem::Write:528: unmapped Write8 0x00000000 @ 0x00000897 at PC 0x010F3548
[   4.710634] HW.Memory <Error> core\memory.cpp:Memory::MemorySystem::Write:528: unmapped Write8 0x00000000 @ 0x00000898 at PC 0x010F3548
[   4.710635] HW.Memory <Error> core\memory.cpp:Memory::MemorySystem::Write:528: unmapped Write8 0x00000000 @ 0x00000899 at PC 0x010F3548
[   4.710635] HW.Memory <Error> core\memory.cpp:Memory::MemorySystem::Write:528: unmapped Write8 0x00000000 @ 0x0000089A at PC 0x010F3548
[   4.710635] HW.Memory <Error> core\memory.cpp:Memory::MemorySystem::Write:528: unmapped Write8 0x00000000 @ 0x0000089B at PC 0x010F3548
[   4.710636] HW.Memory <Error> core\memory.cpp:Memory::MemorySystem::Write:528: unmapped Write8 0x00000000 @ 0x0000089C at PC 0x010F3548
[   4.710636] HW.Memory <Error> core\memory.cpp:Memory::MemorySystem::Write:528: unmapped Write8 0x00000000 @ 0x0000089D at PC 0x010F3548
[   4.710637] HW.Memory <Error> core\memory.cpp:Memory::MemorySystem::Write:528: unmapped Write8 0x00000000 @ 0x0000089E at PC 0x010F3548
[   4.710637] HW.Memory <Error> core\memory.cpp:Memory::MemorySystem::Write:528: unmapped Write8 0x00000000 @ 0x0000089F at PC 0x010F3548
[   4.710637] HW.Memory <Error> core\memory.cpp:Memory::MemorySystem::Write:528: unmapped Write8 0x00000000 @ 0x000008A0 at PC 0x010F3548
[   4.710638] HW.Memory <Error> core\memory.cpp:Memory::MemorySystem::Write:528: unmapped Write8 0x00000000 @ 0x000008A1 at PC 0x010F3548
[   4.710638] HW.Memory <Error> core\memory.cpp:Memory::MemorySystem::Write:528: unmapped Write8 0x00000000 @ 0x000008A2 at PC 0x010F3548
[   4.710639] HW.Memory <Error> core\memory.cpp:Memory::MemorySystem::Write:528: unmapped Write8 0x00000000 @ 0x000008A3 at PC 0x010F3548
[   4.710639] HW.Memory <Error> core\memory.cpp:Memory::MemorySystem::Write:528: unmapped Write8 0x00000000 @ 0x000008A4 at PC 0x010F3548
[   4.710640] HW.Memory <Error> core\memory.cpp:Memory::MemorySystem::Write:528: unmapped Write8 0x00000000 @ 0x000008A5 at PC 0x010F3548
[   4.710640] HW.Memory <Error> core\memory.cpp:Memory::MemorySystem::Write:528: unmapped Write8 0x00000000 @ 0x000008A6 at PC 0x010F3548
[   4.710640] HW.Memory <Error> core\memory.cpp:Memory::MemorySystem::Write:528: unmapped Write8 0x00000000 @ 0x000008A7 at PC 0x010F3548
[   4.710641] HW.Memory <Error> core\memory.cpp:Memory::MemorySystem::Write:528: unmapped Write8 0x00000000 @ 0x000008A8 at PC 0x010F3548
[   4.710641] HW.Memory <Error> core\memory.cpp:Memory::MemorySystem::Write:528: unmapped Write8 0x00000000 @ 0x000008A9 at PC 0x010F3548
[   4.710642] HW.Memory <Error> core\memory.cpp:Memory::MemorySystem::Write:528: unmapped Write8 0x00000000 @ 0x000008AA at PC 0x010F3548
[   4.710642] HW.Memory <Error> core\memory.cpp:Memory::MemorySystem::Write:528: unmapped Write8 0x00000000 @ 0x000008AB at PC 0x010F3548
[   4.710642] HW.Memory <Error> core\memory.cpp:Memory::MemorySystem::Write:528: unmapped Write8 0x00000000 @ 0x000008AC at PC 0x010F3548
[   4.710643] HW.Memory <Error> core\memory.cpp:Memory::MemorySystem::Write:528: unmapped Write8 0x00000000 @ 0x000008AD at PC 0x010F3548
[   4.710643] HW.Memory <Error> core\memory.cpp:Memory::MemorySystem::Write:528: unmapped Write8 0x00000000 @ 0x000008AE at PC 0x010F3548
[   4.710644] HW.Memory <Error> core\memory.cpp:Memory::MemorySystem::Write:528: unmapped Write8 0x00000000 @ 0x000008AF at PC 0x010F3548
[   4.710644] HW.Memory <Error> core\memory.cpp:Memory::MemorySystem::Write:528: unmapped Write8 0x00000000 @ 0x000008B0 at PC 0x010F3548
[   4.710645] HW.Memory <Error> core\memory.cpp:Memory::MemorySystem::Write:528: unmapped Write8 0x00000000 @ 0x000008B1 at PC 0x010F3548
[   4.710645] HW.Memory <Error> core\memory.cpp:Memory::MemorySystem::Write:528: unmapped Write8 0x00000000 @ 0x000008B2 at PC 0x010F3548
[   4.710646] HW.Memory <Error> core\memory.cpp:Memory::MemorySystem::Write:528: unmapped Write8 0x00000000 @ 0x000008B3 at PC 0x010F3548
[   4.710646] HW.Memory <Error> core\memory.cpp:Memory::MemorySystem::Write:528: unmapped Write8 0x00000000 @ 0x000008B4 at PC 0x010F3548
[   4.710646] HW.Memory <Error> core\memory.cpp:Memory::MemorySystem::Write:528: unmapped Write8 0x00000000 @ 0x000008B5 at PC 0x010F3548
[   4.710647] HW.Memory <Error> core\memory.cpp:Memory::MemorySystem::Write:528: unmapped Write8 0x00000000 @ 0x000008B6 at PC 0x010F3548
[   4.710647] HW.Memory <Error> core\memory.cpp:Memory::MemorySystem::Write:528: unmapped Write8 0x00000000 @ 0x000008B7 at PC 0x010F3548
[   4.710648] HW.Memory <Error> core\memory.cpp:Memory::MemorySystem::Write:528: unmapped Write8 0x00000000 @ 0x000008B8 at PC 0x010F3548
[   4.710648] HW.Memory <Error> core\memory.cpp:Memory::MemorySystem::Write:528: unmapped Write8 0x00000000 @ 0x000008B9 at PC 0x010F3548
[   4.710648] HW.Memory <Error> core\memory.cpp:Memory::MemorySystem::Write:528: unmapped Write8 0x00000000 @ 0x000008BA at PC 0x010F3548
[   4.710649] HW.Memory <Error> core\memory.cpp:Memory::MemorySystem::Write:528: unmapped Write8 0x00000000 @ 0x000008BB at PC 0x010F3548
[   4.710649] HW.Memory <Error> core\memory.cpp:Memory::MemorySystem::Write:528: unmapped Write8 0x00000000 @ 0x000008BC at PC 0x010F3548
[   4.710649] HW.Memory <Error> core\memory.cpp:Memory::MemorySystem::Write:528: unmapped Write8 0x00000000 @ 0x000008BD at PC 0x010F3548
[   4.710650] HW.Memory <Error> core\memory.cpp:Memory::MemorySystem::Write:528: unmapped Write8 0x00000000 @ 0x000008BE at PC 0x010F3548
[   4.710650] HW.Memory <Error> core\memory.cpp:Memory::MemorySystem::Write:528: unmapped Write8 0x00000000 @ 0x000008BF at PC 0x010F3548
[   4.710651] HW.Memory <Error> core\memory.cpp:Memory::MemorySystem::Write:528: unmapped Write8 0x00000000 @ 0x000008C0 at PC 0x010F3548
[   4.710651] HW.Memory <Error> core\memory.cpp:Memory::MemorySystem::Write:528: unmapped Write8 0x00000000 @ 0x000008C1 at PC 0x010F3548
[   4.710651] HW.Memory <Error> core\memory.cpp:Memory::MemorySystem::Write:528: unmapped Write8 0x00000000 @ 0x000008C2 at PC 0x010F3548
[   4.710652] HW.Memory <Error> core\memory.cpp:Memory::MemorySystem::Write:528: unmapped Write8 0x00000000 @ 0x000008C3 at PC 0x010F3548
[   4.710652] HW.Memory <Error> core\memory.cpp:Memory::MemorySystem::Write:528: unmapped Write8 0x00000000 @ 0x000008C4 at PC 0x010F3548
[   4.710653] HW.Memory <Error> core\memory.cpp:Memory::MemorySystem::Write:528: unmapped Write8 0x00000000 @ 0x000008C5 at PC 0x010F3548
[   4.710653] HW.Memory <Error> core\memory.cpp:Memory::MemorySystem::Write:528: unmapped Write8 0x00000000 @ 0x000008C6 at PC 0x010F3548
[   4.710653] HW.Memory <Error> core\memory.cpp:Memory::MemorySystem::Write:528: unmapped Write8 0x00000000 @ 0x000008C7 at PC 0x010F3548
[   4.710654] HW.Memory <Error> core\memory.cpp:Memory::MemorySystem::Write:528: unmapped Write8 0x00000000 @ 0x000008C8 at PC 0x010F3548
[   4.710654] HW.Memory <Error> core\memory.cpp:Memory::MemorySystem::Write:528: unmapped Write8 0x00000000 @ 0x000008C9 at PC 0x010F3548
[   4.710655] HW.Memory <Error> core\memory.cpp:Memory::MemorySystem::Write:528: unmapped Write8 0x00000000 @ 0x000008CA at PC 0x010F3548
[   4.710655] HW.Memory <Error> core\memory.cpp:Memory::MemorySystem::Write:528: unmapped Write8 0x00000000 @ 0x000008CB at PC 0x010F3548
[   4.710656] HW.Memory <Error> core\memory.cpp:Memory::MemorySystem::Write:528: unmapped Write8 0x00000000 @ 0x000008CC at PC 0x010F3548
[   4.710656] HW.Memory <Error> core\memory.cpp:Memory::MemorySystem::Write:528: unmapped Write8 0x00000000 @ 0x000008CD at PC 0x010F3548
[   4.710657] HW.Memory <Error> core\memory.cpp:Memory::MemorySystem::Write:528: unmapped Write8 0x00000000 @ 0x000008CE at PC 0x010F3548
[   4.710657] HW.Memory <Error> core\memory.cpp:Memory::MemorySystem::Write:528: unmapped Write8 0x00000000 @ 0x000008CF at PC 0x010F3548
[   4.710657] HW.Memory <Error> core\memory.cpp:Memory::MemorySystem::Write:528: unmapped Write8 0x00000000 @ 0x000008D0 at PC 0x010F3548
[   4.710658] HW.Memory <Error> core\memory.cpp:Memory::MemorySystem::Write:528: unmapped Write8 0x00000000 @ 0x000008D1 at PC 0x010F3548
[   4.710658] HW.Memory <Error> core\memory.cpp:Memory::MemorySystem::Write:528: unmapped Write8 0x00000000 @ 0x000008D2 at PC 0x010F3548
[   4.710659] HW.Memory <Error> core\memory.cpp:Memory::MemorySystem::Write:528: unmapped Write8 0x00000000 @ 0x000008D3 at PC 0x010F3548
[   4.710659] HW.Memory <Error> core\memory.cpp:Memory::MemorySystem::Write:528: unmapped Write8 0x00000000 @ 0x000008D4 at PC 0x010F3548
[   4.710659] HW.Memory <Error> core\memory.cpp:Memory::MemorySystem::Write:528: unmapped Write8 0x00000000 @ 0x000008D5 at PC 0x010F3548
[   4.710660] HW.Memory <Error> core\memory.cpp:Memory::MemorySystem::Write:528: unmapped Write8 0x00000000 @ 0x000008D6 at PC 0x010F3548
[   4.710660] HW.Memory <Error> core\memory.cpp:Memory::MemorySystem::Write:528: unmapped Write8 0x00000000 @ 0x000008D7 at PC 0x010F3548
[   4.710660] HW.Memory <Error> core\memory.cpp:Memory::MemorySystem::Write:528: unmapped Write8 0x00000000 @ 0x000008D8 at PC 0x010F3548
[   4.710661] HW.Memory <Error> core\memory.cpp:Memory::MemorySystem::Write:528: unmapped Write8 0x00000000 @ 0x000008D9 at PC 0x010F3548
[   4.710661] HW.Memory <Error> core\memory.cpp:Memory::MemorySystem::Write:528: unmapped Write8 0x00000000 @ 0x000008DA at PC 0x010F3548
[   4.710662] HW.Memory <Error> core\memory.cpp:Memory::MemorySystem::Write:528: unmapped Write8 0x00000000 @ 0x000008DB at PC 0x010F3548
[   4.710662] HW.Memory <Error> core\memory.cpp:Memory::MemorySystem::Write:528: unmapped Write8 0x00000000 @ 0x000008DC at PC 0x010F3548
[   4.710662] HW.Memory <Error> core\memory.cpp:Memory::MemorySystem::Write:528: unmapped Write8 0x00000000 @ 0x000008DD at PC 0x010F3548
[   4.710663] HW.Memory <Error> core\memory.cpp:Memory::MemorySystem::Write:528: unmapped Write8 0x00000000 @ 0x000008DE at PC 0x010F3548
[   4.710663] HW.Memory <Error> core\memory.cpp:Memory::MemorySystem::Write:528: unmapped Write8 0x00000000 @ 0x000008DF at PC 0x010F3548
[   4.710664] HW.Memory <Error> core\memory.cpp:Memory::MemorySystem::Write:528: unmapped Write8 0x00000000 @ 0x000008E0 at PC 0x010F3548
[   4.710664] HW.Memory <Error> core\memory.cpp:Memory::MemorySystem::Write:528: unmapped Write8 0x00000000 @ 0x000008E1 at PC 0x010F3548
[   4.710664] HW.Memory <Error> core\memory.cpp:Memory::MemorySystem::Write:528: unmapped Write8 0x00000000 @ 0x000008E2 at PC 0x010F3548
[   4.710665] HW.Memory <Error> core\memory.cpp:Memory::MemorySystem::Write:528: unmapped Write8 0x00000000 @ 0x000008E3 at PC 0x010F3548
[   4.710665] HW.Memory <Error> core\memory.cpp:Memory::MemorySystem::Write:528: unmapped Write8 0x00000000 @ 0x000008E4 at PC 0x010F3548
[   4.710666] HW.Memory <Error> core\memory.cpp:Memory::MemorySystem::Write:528: unmapped Write8 0x00000000 @ 0x000008E5 at PC 0x010F3548
[   4.710666] HW.Memory <Error> core\memory.cpp:Memory::MemorySystem::Write:528: unmapped Write8 0x00000000 @ 0x000008E6 at PC 0x010F3548
[   4.710666] HW.Memory <Error> core\memory.cpp:Memory::MemorySystem::Write:528: unmapped Write8 0x00000000 @ 0x000008E7 at PC 0x010F3548
[   4.710667] HW.Memory <Error> core\memory.cpp:Memory::MemorySystem::Write:528: unmapped Write8 0x00000000 @ 0x000008E8 at PC 0x010F3548
[   4.710667] HW.Memory <Error> core\memory.cpp:Memory::MemorySystem::Write:528: unmapped Write8 0x00000000 @ 0x000008E9 at PC 0x010F3548
[   4.710667] HW.Memory <Error> core\memory.cpp:Memory::MemorySystem::Write:528: unmapped Write8 0x00000000 @ 0x000008EA at PC 0x010F3548
[   4.710668] HW.Memory <Error> core\memory.cpp:Memory::MemorySystem::Write:528: unmapped Write8 0x00000000 @ 0x000008EB at PC 0x010F3548
[   4.710668] HW.Memory <Error> core\memory.cpp:Memory::MemorySystem::Write:528: unmapped Write8 0x00000000 @ 0x000008EC at PC 0x010F3548
[   4.710669] HW.Memory <Error> core\memory.cpp:Memory::MemorySystem::Write:528: unmapped Write8 0x00000000 @ 0x000008ED at PC 0x010F3548
[   4.710669] HW.Memory <Error> core\memory.cpp:Memory::MemorySystem::Write:528: unmapped Write8 0x00000000 @ 0x000008EE at PC 0x010F3548
[   4.710669] HW.Memory <Error> core\memory.cpp:Memory::MemorySystem::Write:528: unmapped Write8 0x00000000 @ 0x000008EF at PC 0x010F3548
[   4.710670] HW.Memory <Error> core\memory.cpp:Memory::MemorySystem::Write:528: unmapped Write8 0x00000000 @ 0x000008F0 at PC 0x010F3548
[   4.710670] HW.Memory <Error> core\memory.cpp:Memory::MemorySystem::Write:528: unmapped Write8 0x00000000 @ 0x000008F1 at PC 0x010F3548
[   4.710670] HW.Memory <Error> core\memory.cpp:Memory::MemorySystem::Write:528: unmapped Write8 0x00000000 @ 0x000008F2 at PC 0x010F3548
[   4.710671] HW.Memory <Error> core\memory.cpp:Memory::MemorySystem::Write:528: unmapped Write8 0x00000000 @ 0x000008F3 at PC 0x010F3548
[   4.710671] HW.Memory <Error> core\memory.cpp:Memory::MemorySystem::Write:528: unmapped Write8 0x00000000 @ 0x000008F4 at PC 0x010F3548
[   4.710672] HW.Memory <Error> core\memory.cpp:Memory::MemorySystem::Write:528: unmapped Write8 0x00000000 @ 0x000008F5 at PC 0x010F3548
[   4.710672] HW.Memory <Error> core\memory.cpp:Memory::MemorySystem::Write:528: unmapped Write8 0x00000000 @ 0x000008F6 at PC 0x010F3548
[   4.710672] HW.Memory <Error> core\memory.cpp:Memory::MemorySystem::Write:528: unmapped Write8 0x00000000 @ 0x000008F7 at PC 0x010F3548
[   4.710673] HW.Memory <Error> core\memory.cpp:Memory::MemorySystem::Write:528: unmapped Write8 0x00000000 @ 0x000008F8 at PC 0x010F3548
[   4.710673] HW.Memory <Error> core\memory.cpp:Memory::MemorySystem::Write:528: unmapped Write8 0x00000000 @ 0x000008F9 at PC 0x010F3548
[   4.710674] HW.Memory <Error> core\memory.cpp:Memory::MemorySystem::Write:528: unmapped Write8 0x00000000 @ 0x000008FA at PC 0x010F3548
[   4.710674] HW.Memory <Error> core\memory.cpp:Memory::MemorySystem::Write:528: unmapped Write8 0x00000000 @ 0x000008FB at PC 0x010F3548
[   4.710674] HW.Memory <Error> core\memory.cpp:Memory::MemorySystem::Write:528: unmapped Write8 0x00000000 @ 0x000008FC at PC 0x010F3548
[   4.710675] HW.Memory <Error> core\memory.cpp:Memory::MemorySystem::Write:528: unmapped Write8 0x00000000 @ 0x000008FD at PC 0x010F3548
[   4.710675] HW.Memory <Error> core\memory.cpp:Memory::MemorySystem::Write:528: unmapped Write8 0x00000000 @ 0x000008FE at PC 0x010F3548
[   4.710675] HW.Memory <Error> core\memory.cpp:Memory::MemorySystem::Write:528: unmapped Write8 0x00000000 @ 0x000008FF at PC 0x010F3548
[   4.710676] HW.Memory <Error> core\memory.cpp:Memory::MemorySystem::Write:528: unmapped Write8 0x00000000 @ 0x00000900 at PC 0x010F3548
[   4.710676] HW.Memory <Error> core\memory.cpp:Memory::MemorySystem::Write:528: unmapped Write8 0x00000000 @ 0x00000901 at PC 0x010F3548
[   4.710677] HW.Memory <Error> core\memory.cpp:Memory::MemorySystem::Write:528: unmapped Write8 0x00000000 @ 0x00000902 at PC 0x010F3548
[   4.710677] HW.Memory <Error> core\memory.cpp:Memory::MemorySystem::Write:528: unmapped Write8 0x00000000 @ 0x00000903 at PC 0x010F3548
[   4.710677] HW.Memory <Error> core\memory.cpp:Memory::MemorySystem::Write:528: unmapped Write8 0x00000000 @ 0x00000904 at PC 0x010F3548
[   4.710678] HW.Memory <Error> core\memory.cpp:Memory::MemorySystem::Write:528: unmapped Write8 0x00000000 @ 0x00000905 at PC 0x010F3548
[   4.710678] HW.Memory <Error> core\memory.cpp:Memory::MemorySystem::Write:528: unmapped Write8 0x00000000 @ 0x00000906 at PC 0x010F3548
[   4.710679] HW.Memory <Error> core\memory.cpp:Memory::MemorySystem::Write:528: unmapped Write8 0x00000000 @ 0x00000907 at PC 0x010F3548
[   4.710679] HW.Memory <Error> core\memory.cpp:Memory::MemorySystem::Write:528: unmapped Write8 0x00000000 @ 0x00000908 at PC 0x010F3548
[   4.710679] HW.Memory <Error> core\memory.cpp:Memory::MemorySystem::Write:528: unmapped Write8 0x00000000 @ 0x00000909 at PC 0x010F3548
[   4.710680] HW.Memory <Error> core\memory.cpp:Memory::MemorySystem::Write:528: unmapped Write8 0x00000000 @ 0x0000090A at PC 0x010F3548
[   4.710680] HW.Memory <Error> core\memory.cpp:Memory::MemorySystem::Write:528: unmapped Write8 0x00000000 @ 0x0000090B at PC 0x010F3548
[   4.710680] HW.Memory <Error> core\memory.cpp:Memory::MemorySystem::Write:528: unmapped Write8 0x00000000 @ 0x0000090C at PC 0x010F3548
[   4.710681] HW.Memory <Error> core\memory.cpp:Memory::MemorySystem::Write:528: unmapped Write8 0x00000000 @ 0x0000090D at PC 0x010F3548
[   4.710681] HW.Memory <Error> core\memory.cpp:Memory::MemorySystem::Write:528: unmapped Write8 0x00000000 @ 0x0000090E at PC 0x010F3548
[   4.710682] HW.Memory <Error> core\memory.cpp:Memory::MemorySystem::Write:528: unmapped Write8 0x00000000 @ 0x0000090F at PC 0x010F3548
[   4.710682] HW.Memory <Error> core\memory.cpp:Memory::MemorySystem::Write:528: unmapped Write8 0x00000000 @ 0x00000910 at PC 0x010F3548
[   4.710683] HW.Memory <Error> core\memory.cpp:Memory::MemorySystem::Write:528: unmapped Write8 0x00000000 @ 0x00000911 at PC 0x010F3548
[   4.710683] HW.Memory <Error> core\memory.cpp:Memory::MemorySystem::Write:528: unmapped Write8 0x00000000 @ 0x00000912 at PC 0x010F3548
[   4.710683] HW.Memory <Error> core\memory.cpp:Memory::MemorySystem::Write:528: unmapped Write8 0x00000000 @ 0x00000913 at PC 0x010F3548
[   4.710684] HW.Memory <Error> core\memory.cpp:Memory::MemorySystem::Write:528: unmapped Write8 0x00000000 @ 0x00000914 at PC 0x010F3548
[   4.710684] HW.Memory <Error> core\memory.cpp:Memory::MemorySystem::Write:528: unmapped Write8 0x00000000 @ 0x00000915 at PC 0x010F3548
[   4.710684] HW.Memory <Error> core\memory.cpp:Memory::MemorySystem::Write:528: unmapped Write8 0x00000000 @ 0x00000916 at PC 0x010F3548
[   4.710685] HW.Memory <Error> core\memory.cpp:Memory::MemorySystem::Write:528: unmapped Write8 0x00000000 @ 0x00000917 at PC 0x010F3548
[   4.710685] HW.Memory <Error> core\memory.cpp:Memory::MemorySystem::Write:528: unmapped Write8 0x00000000 @ 0x00000918 at PC 0x010F3548
[   4.710686] HW.Memory <Error> core\memory.cpp:Memory::MemorySystem::Write:528: unmapped Write8 0x00000000 @ 0x00000919 at PC 0x010F3548
[   4.710686] HW.Memory <Error> core\memory.cpp:Memory::MemorySystem::Write:528: unmapped Write8 0x00000000 @ 0x0000091A at PC 0x010F3548
[   4.710686] HW.Memory <Error> core\memory.cpp:Memory::MemorySystem::Write:528: unmapped Write8 0x00000000 @ 0x0000091B at PC 0x010F3548
[   4.710687] HW.Memory <Error> core\memory.cpp:Memory::MemorySystem::Write:528: unmapped Write8 0x00000000 @ 0x0000091C at PC 0x010F3548
[   4.710687] HW.Memory <Error> core\memory.cpp:Memory::MemorySystem::Write:528: unmapped Write8 0x00000000 @ 0x0000091D at PC 0x010F3548
[   4.710688] HW.Memory <Error> core\memory.cpp:Memory::MemorySystem::Write:528: unmapped Write8 0x00000000 @ 0x0000091E at PC 0x010F3548
[   4.710688] HW.Memory <Error> core\memory.cpp:Memory::MemorySystem::Write:528: unmapped Write8 0x00000000 @ 0x0000091F at PC 0x010F3548
[   4.710688] HW.Memory <Error> core\memory.cpp:Memory::MemorySystem::Write:528: unmapped Write8 0x00000000 @ 0x00000920 at PC 0x010F3548
[   4.710689] HW.Memory <Error> core\memory.cpp:Memory::MemorySystem::Write:528: unmapped Write8 0x00000000 @ 0x00000921 at PC 0x010F3548
[   4.710689] HW.Memory <Error> core\memory.cpp:Memory::MemorySystem::Write:528: unmapped Write8 0x00000000 @ 0x00000922 at PC 0x010F3548
[   4.710689] HW.Memory <Error> core\memory.cpp:Memory::MemorySystem::Write:528: unmapped Write8 0x00000000 @ 0x00000923 at PC 0x010F3548
[   4.710690] HW.Memory <Error> core\memory.cpp:Memory::MemorySystem::Write:528: unmapped Write8 0x00000000 @ 0x00000924 at PC 0x010F3548
[   4.710690] HW.Memory <Error> core\memory.cpp:Memory::MemorySystem::Write:528: unmapped Write8 0x00000000 @ 0x00000925 at PC 0x010F3548
[   4.710691] HW.Memory <Error> core\memory.cpp:Memory::MemorySystem::Write:528: unmapped Write8 0x00000000 @ 0x00000926 at PC 0x010F3548
[   4.710691] HW.Memory <Error> core\memory.cpp:Memory::MemorySystem::Write:528: unmapped Write8 0x00000000 @ 0x00000927 at PC 0x010F3548
[   4.710691] HW.Memory <Error> core\memory.cpp:Memory::MemorySystem::Write:528: unmapped Write8 0x00000000 @ 0x00000928 at PC 0x010F3548
[   4.710692] HW.Memory <Error> core\memory.cpp:Memory::MemorySystem::Write:528: unmapped Write8 0x00000000 @ 0x00000929 at PC 0x010F3548
[   4.710692] HW.Memory <Error> core\memory.cpp:Memory::MemorySystem::Write:528: unmapped Write8 0x00000000 @ 0x0000092A at PC 0x010F3548
[   4.710692] HW.Memory <Error> core\memory.cpp:Memory::MemorySystem::Write:528: unmapped Write8 0x00000000 @ 0x0000092B at PC 0x010F3548
[   4.710693] HW.Memory <Error> core\memory.cpp:Memory::MemorySystem::Write:528: unmapped Write8 0x00000000 @ 0x0000092C at PC 0x010F3548
[   4.710693] HW.Memory <Error> core\memory.cpp:Memory::MemorySystem::Write:528: unmapped Write8 0x00000000 @ 0x0000092D at PC 0x010F3548
[   4.710693] HW.Memory <Error> core\memory.cpp:Memory::MemorySystem::Write:528: unmapped Write8 0x00000000 @ 0x0000092E at PC 0x010F3548
[   4.710694] HW.Memory <Error> core\memory.cpp:Memory::MemorySystem::Write:528: unmapped Write8 0x00000000 @ 0x0000092F at PC 0x010F3548
[   4.710694] HW.Memory <Error> core\memory.cpp:Memory::MemorySystem::Write:528: unmapped Write8 0x00000000 @ 0x00000930 at PC 0x010F3548
[   4.710695] HW.Memory <Error> core\memory.cpp:Memory::MemorySystem::Write:528: unmapped Write8 0x00000000 @ 0x00000931 at PC 0x010F3548
[   4.710695] HW.Memory <Error> core\memory.cpp:Memory::MemorySystem::Write:528: unmapped Write8 0x00000000 @ 0x00000932 at PC 0x010F3548
[   4.710695] HW.Memory <Error> core\memory.cpp:Memory::MemorySystem::Write:528: unmapped Write8 0x00000000 @ 0x00000933 at PC 0x010F3548
[   4.710696] HW.Memory <Error> core\memory.cpp:Memory::MemorySystem::Write:528: unmapped Write8 0x00000000 @ 0x00000934 at PC 0x010F3548
[   4.710696] HW.Memory <Error> core\memory.cpp:Memory::MemorySystem::Write:528: unmapped Write8 0x00000000 @ 0x00000935 at PC 0x010F3548
[   4.710696] HW.Memory <Error> core\memory.cpp:Memory::MemorySystem::Write:528: unmapped Write8 0x00000000 @ 0x00000936 at PC 0x010F3548
[   4.710697] HW.Memory <Error> core\memory.cpp:Memory::MemorySystem::Write:528: unmapped Write8 0x00000000 @ 0x00000937 at PC 0x010F3548
[   4.710697] HW.Memory <Error> core\memory.cpp:Memory::MemorySystem::Write:528: unmapped Write8 0x00000000 @ 0x00000938 at PC 0x010F3548
[   4.710697] HW.Memory <Error> core\memory.cpp:Memory::MemorySystem::Write:528: unmapped Write8 0x00000000 @ 0x00000939 at PC 0x010F3548
[   4.710698] HW.Memory <Error> core\memory.cpp:Memory::MemorySystem::Write:528: unmapped Write8 0x00000000 @ 0x0000093A at PC 0x010F3548
[   4.710698] HW.Memory <Error> core\memory.cpp:Memory::MemorySystem::Write:528: unmapped Write8 0x00000000 @ 0x0000093B at PC 0x010F3548
[   4.710699] HW.Memory <Error> core\memory.cpp:Memory::MemorySystem::Write:528: unmapped Write8 0x00000000 @ 0x0000093C at PC 0x010F3548
[   4.710699] HW.Memory <Error> core\memory.cpp:Memory::MemorySystem::Write:528: unmapped Write8 0x00000000 @ 0x0000093D at PC 0x010F3548
[   4.710700] HW.Memory <Error> core\memory.cpp:Memory::MemorySystem::Write:528: unmapped Write8 0x00000000 @ 0x0000093E at PC 0x010F3548
[   4.710700] HW.Memory <Error> core\memory.cpp:Memory::MemorySystem::Write:528: unmapped Write8 0x00000000 @ 0x0000093F at PC 0x010F3548
[   4.710701] HW.Memory <Error> core\memory.cpp:Memory::MemorySystem::Write:528: unmapped Write8 0x00000000 @ 0x00000940 at PC 0x010F3548
[   4.710701] HW.Memory <Error> core\memory.cpp:Memory::MemorySystem::Write:528: unmapped Write8 0x00000000 @ 0x00000941 at PC 0x010F3548
[   4.710701] HW.Memory <Error> core\memory.cpp:Memory::MemorySystem::Write:528: unmapped Write8 0x00000000 @ 0x00000942 at PC 0x010F3548
[   4.710702] HW.Memory <Error> core\memory.cpp:Memory::MemorySystem::Write:528: unmapped Write8 0x00000000 @ 0x00000943 at PC 0x010F3548
[   4.710702] HW.Memory <Error> core\memory.cpp:Memory::MemorySystem::Write:528: unmapped Write8 0x00000000 @ 0x00000944 at PC 0x010F3548
[   4.710703] HW.Memory <Error> core\memory.cpp:Memory::MemorySystem::Write:528: unmapped Write8 0x00000000 @ 0x00000945 at PC 0x010F3548
[   4.710703] HW.Memory <Error> core\memory.cpp:Memory::MemorySystem::Write:528: unmapped Write8 0x00000000 @ 0x00000946 at PC 0x010F3548
[   4.710703] HW.Memory <Error> core\memory.cpp:Memory::MemorySystem::Write:528: unmapped Write8 0x00000000 @ 0x00000947 at PC 0x010F3548
[   4.710704] HW.Memory <Error> core\memory.cpp:Memory::MemorySystem::Write:528: unmapped Write8 0x00000000 @ 0x00000948 at PC 0x010F3548
[   4.710704] HW.Memory <Error> core\memory.cpp:Memory::MemorySystem::Write:528: unmapped Write8 0x00000000 @ 0x00000949 at PC 0x010F3548
[   4.710705] HW.Memory <Error> core\memory.cpp:Memory::MemorySystem::Write:528: unmapped Write8 0x00000000 @ 0x0000094A at PC 0x010F3548
[   4.710705] HW.Memory <Error> core\memory.cpp:Memory::MemorySystem::Write:528: unmapped Write8 0x00000000 @ 0x0000094B at PC 0x010F3548
[   4.710705] HW.Memory <Error> core\memory.cpp:Memory::MemorySystem::Write:528: unmapped Write8 0x00000000 @ 0x0000094C at PC 0x010F3548
[   4.710706] HW.Memory <Error> core\memory.cpp:Memory::MemorySystem::Write:528: unmapped Write8 0x00000000 @ 0x0000094D at PC 0x010F3548
[   4.710706] HW.Memory <Error> core\memory.cpp:Memory::MemorySystem::Write:528: unmapped Write8 0x00000000 @ 0x0000094E at PC 0x010F3548
[   4.710707] HW.Memory <Error> core\memory.cpp:Memory::MemorySystem::Write:528: unmapped Write8 0x00000000 @ 0x0000094F at PC 0x010F3548
[   4.710707] HW.Memory <Error> core\memory.cpp:Memory::MemorySystem::Write:528: unmapped Write8 0x00000000 @ 0x00000950 at PC 0x010F3548
[   4.710708] HW.Memory <Error> core\memory.cpp:Memory::MemorySystem::Write:528: unmapped Write8 0x00000000 @ 0x00000951 at PC 0x010F3548
[   4.710708] HW.Memory <Error> core\memory.cpp:Memory::MemorySystem::Write:528: unmapped Write8 0x00000000 @ 0x00000952 at PC 0x010F3548
[   4.710708] HW.Memory <Error> core\memory.cpp:Memory::MemorySystem::Write:528: unmapped Write8 0x00000000 @ 0x00000953 at PC 0x010F3548
[   4.710709] HW.Memory <Error> core\memory.cpp:Memory::MemorySystem::Write:528: unmapped Write8 0x00000000 @ 0x00000954 at PC 0x010F3548
[   4.710709] HW.Memory <Error> core\memory.cpp:Memory::MemorySystem::Write:528: unmapped Write8 0x00000000 @ 0x00000955 at PC 0x010F3548
[   4.710710] HW.Memory <Error> core\memory.cpp:Memory::MemorySystem::Write:528: unmapped Write8 0x00000000 @ 0x00000956 at PC 0x010F3548
[   4.710710] HW.Memory <Error> core\memory.cpp:Memory::MemorySystem::Write:528: unmapped Write8 0x00000000 @ 0x00000957 at PC 0x010F3548
[   4.710710] HW.Memory <Error> core\memory.cpp:Memory::MemorySystem::Write:528: unmapped Write8 0x00000000 @ 0x00000958 at PC 0x010F3548
[   4.710711] HW.Memory <Error> core\memory.cpp:Memory::MemorySystem::Write:528: unmapped Write8 0x00000000 @ 0x00000959 at PC 0x010F3548
[   4.710711] HW.Memory <Error> core\memory.cpp:Memory::MemorySystem::Write:528: unmapped Write8 0x00000000 @ 0x0000095A at PC 0x010F3548
[   4.710712] HW.Memory <Error> core\memory.cpp:Memory::MemorySystem::Write:528: unmapped Write8 0x00000000 @ 0x0000095B at PC 0x010F3548
[   4.710712] HW.Memory <Error> core\memory.cpp:Memory::MemorySystem::Write:528: unmapped Write8 0x00000000 @ 0x0000095C at PC 0x010F3548
[   4.710712] HW.Memory <Error> core\memory.cpp:Memory::MemorySystem::Write:528: unmapped Write8 0x00000000 @ 0x0000095D at PC 0x010F3548
[   4.710713] HW.Memory <Error> core\memory.cpp:Memory::MemorySystem::Write:528: unmapped Write8 0x00000000 @ 0x0000095E at PC 0x010F3548
[   4.710713] HW.Memory <Error> core\memory.cpp:Memory::MemorySystem::Write:528: unmapped Write8 0x00000000 @ 0x0000095F at PC 0x010F3548
[   4.710713] HW.Memory <Error> core\memory.cpp:Memory::MemorySystem::Write:528: unmapped Write8 0x00000000 @ 0x00000960 at PC 0x010F3548
[   4.710714] HW.Memory <Error> core\memory.cpp:Memory::MemorySystem::Write:528: unmapped Write8 0x00000000 @ 0x00000961 at PC 0x010F3548
[   4.710714] HW.Memory <Error> core\memory.cpp:Memory::MemorySystem::Write:528: unmapped Write8 0x00000000 @ 0x00000962 at PC 0x010F3548
[   4.710715] HW.Memory <Error> core\memory.cpp:Memory::MemorySystem::Write:528: unmapped Write8 0x00000000 @ 0x00000963 at PC 0x010F3548
[   4.710715] HW.Memory <Error> core\memory.cpp:Memory::MemorySystem::Write:528: unmapped Write8 0x00000000 @ 0x00000964 at PC 0x010F3548
[   4.710715] HW.Memory <Error> core\memory.cpp:Memory::MemorySystem::Write:528: unmapped Write8 0x00000000 @ 0x00000965 at PC 0x010F3548
[   4.710716] HW.Memory <Error> core\memory.cpp:Memory::MemorySystem::Write:528: unmapped Write8 0x00000000 @ 0x00000966 at PC 0x010F3548
[   4.710716] HW.Memory <Error> core\memory.cpp:Memory::MemorySystem::Write:528: unmapped Write8 0x00000000 @ 0x00000967 at PC 0x010F3548
[   4.710716] HW.Memory <Error> core\memory.cpp:Memory::MemorySystem::Write:528: unmapped Write8 0x00000000 @ 0x00000968 at PC 0x010F3548
[   4.710717] HW.Memory <Error> core\memory.cpp:Memory::MemorySystem::Write:528: unmapped Write8 0x00000000 @ 0x00000969 at PC 0x010F3548
[   4.710717] HW.Memory <Error> core\memory.cpp:Memory::MemorySystem::Write:528: unmapped Write8 0x00000000 @ 0x0000096A at PC 0x010F3548
[   4.710718] HW.Memory <Error> core\memory.cpp:Memory::MemorySystem::Write:528: unmapped Write8 0x00000000 @ 0x0000096B at PC 0x010F3548
[   4.710718] HW.Memory <Error> core\memory.cpp:Memory::MemorySystem::Write:528: unmapped Write8 0x00000000 @ 0x0000096C at PC 0x010F3548
[   4.710718] HW.Memory <Error> core\memory.cpp:Memory::MemorySystem::Write:528: unmapped Write8 0x00000000 @ 0x0000096D at PC 0x010F3548
[   4.710719] HW.Memory <Error> core\memory.cpp:Memory::MemorySystem::Write:528: unmapped Write8 0x00000000 @ 0x0000096E at PC 0x010F3548
[   4.710719] HW.Memory <Error> core\memory.cpp:Memory::MemorySystem::Write:528: unmapped Write8 0x00000000 @ 0x0000096F at PC 0x010F3548
[   4.710719] HW.Memory <Error> core\memory.cpp:Memory::MemorySystem::Write:528: unmapped Write8 0x00000000 @ 0x00000970 at PC 0x010F3548
[   4.710720] HW.Memory <Error> core\memory.cpp:Memory::MemorySystem::Write:528: unmapped Write8 0x00000000 @ 0x00000971 at PC 0x010F3548
[   4.710720] HW.Memory <Error> core\memory.cpp:Memory::MemorySystem::Write:528: unmapped Write8 0x00000000 @ 0x00000972 at PC 0x010F3548
[   4.710721] HW.Memory <Error> core\memory.cpp:Memory::MemorySystem::Write:528: unmapped Write8 0x00000000 @ 0x00000973 at PC 0x010F3548
[   4.710721] HW.Memory <Error> core\memory.cpp:Memory::MemorySystem::Write:528: unmapped Write8 0x00000000 @ 0x00000974 at PC 0x010F3548
[   4.710721] HW.Memory <Error> core\memory.cpp:Memory::MemorySystem::Write:528: unmapped Write8 0x00000000 @ 0x00000975 at PC 0x010F3548
[   4.710722] HW.Memory <Error> core\memory.cpp:Memory::MemorySystem::Write:528: unmapped Write8 0x00000000 @ 0x00000976 at PC 0x010F3548
[   4.710722] HW.Memory <Error> core\memory.cpp:Memory::MemorySystem::Write:528: unmapped Write8 0x00000000 @ 0x00000977 at PC 0x010F3548
[   4.710722] HW.Memory <Error> core\memory.cpp:Memory::MemorySystem::Write:528: unmapped Write8 0x00000000 @ 0x00000978 at PC 0x010F3548
[   4.710723] HW.Memory <Error> core\memory.cpp:Memory::MemorySystem::Write:528: unmapped Write8 0x00000000 @ 0x00000979 at PC 0x010F3548
[   4.710723] HW.Memory <Error> core\memory.cpp:Memory::MemorySystem::Write:528: unmapped Write8 0x00000000 @ 0x0000097A at PC 0x010F3548
[   4.710724] HW.Memory <Error> core\memory.cpp:Memory::MemorySystem::Write:528: unmapped Write8 0x00000000 @ 0x0000097B at PC 0x010F3548
[   4.710724] HW.Memory <Error> core\memory.cpp:Memory::MemorySystem::Write:528: unmapped Write8 0x00000000 @ 0x0000097C at PC 0x010F3548
[   4.710725] HW.Memory <Error> core\memory.cpp:Memory::MemorySystem::Write:528: unmapped Write8 0x00000000 @ 0x0000097D at PC 0x010F3548
[   4.710725] HW.Memory <Error> core\memory.cpp:Memory::MemorySystem::Write:528: unmapped Write8 0x00000000 @ 0x0000097E at PC 0x010F3548
[   4.710726] HW.Memory <Error> core\memory.cpp:Memory::MemorySystem::Write:528: unmapped Write8 0x00000000 @ 0x0000097F at PC 0x010F3548
[   4.710726] HW.Memory <Error> core\memory.cpp:Memory::MemorySystem::Write:528: unmapped Write8 0x00000000 @ 0x00000980 at PC 0x010F3548
[   4.710727] HW.Memory <Error> core\memory.cpp:Memory::MemorySystem::Write:528: unmapped Write8 0x00000000 @ 0x00000981 at PC 0x010F3548
[   4.710727] HW.Memory <Error> core\memory.cpp:Memory::MemorySystem::Write:528: unmapped Write8 0x00000000 @ 0x00000982 at PC 0x010F3548
[   4.710727] HW.Memory <Error> core\memory.cpp:Memory::MemorySystem::Write:528: unmapped Write8 0x00000000 @ 0x00000983 at PC 0x010F3548
[   4.710728] HW.Memory <Error> core\memory.cpp:Memory::MemorySystem::Write:528: unmapped Write8 0x00000000 @ 0x00000984 at PC 0x010F3548
[   4.710728] HW.Memory <Error> core\memory.cpp:Memory::MemorySystem::Write:528: unmapped Write8 0x00000000 @ 0x00000985 at PC 0x010F3548
[   4.710729] HW.Memory <Error> core\memory.cpp:Memory::MemorySystem::Write:528: unmapped Write8 0x00000000 @ 0x00000986 at PC 0x010F3548
[   4.710729] HW.Memory <Error> core\memory.cpp:Memory::MemorySystem::Write:528: unmapped Write8 0x00000000 @ 0x00000987 at PC 0x010F3548
[   4.710730] HW.Memory <Error> core\memory.cpp:Memory::MemorySystem::Write:528: unmapped Write8 0x00000000 @ 0x00000988 at PC 0x010F3548
[   4.710731] HW.Memory <Error> core\memory.cpp:Memory::MemorySystem::Write:528: unmapped Write8 0x00000000 @ 0x00000989 at PC 0x010F3548
[   4.710731] HW.Memory <Error> core\memory.cpp:Memory::MemorySystem::Write:528: unmapped Write8 0x00000000 @ 0x0000098A at PC 0x010F3548
[   4.710731] HW.Memory <Error> core\memory.cpp:Memory::MemorySystem::Write:528: unmapped Write8 0x00000000 @ 0x0000098B at PC 0x010F3548
[   4.710732] HW.Memory <Error> core\memory.cpp:Memory::MemorySystem::Write:528: unmapped Write8 0x00000000 @ 0x0000098C at PC 0x010F3548
[   4.710732] HW.Memory <Error> core\memory.cpp:Memory::MemorySystem::Write:528: unmapped Write8 0x00000000 @ 0x0000098D at PC 0x010F3548
[   4.710733] HW.Memory <Error> core\memory.cpp:Memory::MemorySystem::Write:528: unmapped Write8 0x00000000 @ 0x0000098E at PC 0x010F3548
[   4.710733] HW.Memory <Error> core\memory.cpp:Memory::MemorySystem::Write:528: unmapped Write8 0x00000000 @ 0x0000098F at PC 0x010F3548
[   4.710734] HW.Memory <Error> core\memory.cpp:Memory::MemorySystem::Write:528: unmapped Write8 0x00000000 @ 0x00000990 at PC 0x010F3548
[   4.710734] HW.Memory <Error> core\memory.cpp:Memory::MemorySystem::Write:528: unmapped Write8 0x00000000 @ 0x00000991 at PC 0x010F3548
[   4.710734] HW.Memory <Error> core\memory.cpp:Memory::MemorySystem::Write:528: unmapped Write8 0x00000000 @ 0x00000992 at PC 0x010F3548
[   4.710735] HW.Memory <Error> core\memory.cpp:Memory::MemorySystem::Write:528: unmapped Write8 0x00000000 @ 0x00000993 at PC 0x010F3548
[   4.710735] HW.Memory <Error> core\memory.cpp:Memory::MemorySystem::Write:528: unmapped Write8 0x00000000 @ 0x00000994 at PC 0x010F3548
[   4.710736] HW.Memory <Error> core\memory.cpp:Memory::MemorySystem::Write:528: unmapped Write8 0x00000000 @ 0x00000995 at PC 0x010F3548
[   4.710736] HW.Memory <Error> core\memory.cpp:Memory::MemorySystem::Write:528: unmapped Write8 0x00000000 @ 0x00000996 at PC 0x010F3548
[   4.710736] HW.Memory <Error> core\memory.cpp:Memory::MemorySystem::Write:528: unmapped Write8 0x00000000 @ 0x00000997 at PC 0x010F3548
[   4.710737] HW.Memory <Error> core\memory.cpp:Memory::MemorySystem::Write:528: unmapped Write8 0x00000000 @ 0x00000998 at PC 0x010F3548
[   4.710737] HW.Memory <Error> core\memory.cpp:Memory::MemorySystem::Write:528: unmapped Write8 0x00000000 @ 0x00000999 at PC 0x010F3548
[   4.710737] HW.Memory <Error> core\memory.cpp:Memory::MemorySystem::Write:528: unmapped Write8 0x00000000 @ 0x0000099A at PC 0x010F3548
[   4.710738] HW.Memory <Error> core\memory.cpp:Memory::MemorySystem::Write:528: unmapped Write8 0x00000000 @ 0x0000099B at PC 0x010F3548
[   4.710738] HW.Memory <Error> core\memory.cpp:Memory::MemorySystem::Write:528: unmapped Write8 0x00000000 @ 0x0000099C at PC 0x010F3548
[   4.710739] HW.Memory <Error> core\memory.cpp:Memory::MemorySystem::Write:528: unmapped Write8 0x00000000 @ 0x0000099D at PC 0x010F3548
[   4.710739] HW.Memory <Error> core\memory.cpp:Memory::MemorySystem::Write:528: unmapped Write8 0x00000000 @ 0x0000099E at PC 0x010F3548
[   4.710739] HW.Memory <Error> core\memory.cpp:Memory::MemorySystem::Write:528: unmapped Write8 0x00000000 @ 0x0000099F at PC 0x010F3548
[   4.710740] HW.Memory <Error> core\memory.cpp:Memory::MemorySystem::Write:528: unmapped Write8 0x00000000 @ 0x000009A0 at PC 0x010F3548
[   4.710740] HW.Memory <Error> core\memory.cpp:Memory::MemorySystem::Write:528: unmapped Write8 0x00000000 @ 0x000009A1 at PC 0x010F3548
[   4.710740] HW.Memory <Error> core\memory.cpp:Memory::MemorySystem::Write:528: unmapped Write8 0x00000000 @ 0x000009A2 at PC 0x010F3548
[   4.710741] HW.Memory <Error> core\memory.cpp:Memory::MemorySystem::Write:528: unmapped Write8 0x00000000 @ 0x000009A3 at PC 0x010F3548
[   4.710741] HW.Memory <Error> core\memory.cpp:Memory::MemorySystem::Write:528: unmapped Write8 0x00000000 @ 0x000009A4 at PC 0x010F3548
[   4.710742] HW.Memory <Error> core\memory.cpp:Memory::MemorySystem::Write:528: unmapped Write8 0x00000000 @ 0x000009A5 at PC 0x010F3548
[   4.710742] HW.Memory <Error> core\memory.cpp:Memory::MemorySystem::Write:528: unmapped Write8 0x00000000 @ 0x000009A6 at PC 0x010F3548
[   4.710742] HW.Memory <Error> core\memory.cpp:Memory::MemorySystem::Write:528: unmapped Write8 0x00000000 @ 0x000009A7 at PC 0x010F3548
[   4.710743] HW.Memory <Error> core\memory.cpp:Memory::MemorySystem::Write:528: unmapped Write8 0x00000000 @ 0x000009A8 at PC 0x010F3548
[   4.710743] HW.Memory <Error> core\memory.cpp:Memory::MemorySystem::Write:528: unmapped Write8 0x00000000 @ 0x000009A9 at PC 0x010F3548
[   4.710744] HW.Memory <Error> core\memory.cpp:Memory::MemorySystem::Write:528: unmapped Write8 0x00000000 @ 0x000009AA at PC 0x010F3548
[   4.710744] HW.Memory <Error> core\memory.cpp:Memory::MemorySystem::Write:528: unmapped Write8 0x00000000 @ 0x000009AB at PC 0x010F3548
[   4.710744] HW.Memory <Error> core\memory.cpp:Memory::MemorySystem::Write:528: unmapped Write8 0x00000000 @ 0x000009AC at PC 0x010F3548
[   4.710745] HW.Memory <Error> core\memory.cpp:Memory::MemorySystem::Write:528: unmapped Write8 0x00000000 @ 0x000009AD at PC 0x010F3548
[   4.710745] HW.Memory <Error> core\memory.cpp:Memory::MemorySystem::Write:528: unmapped Write8 0x00000000 @ 0x000009AE at PC 0x010F3548
[   4.710745] HW.Memory <Error> core\memory.cpp:Memory::MemorySystem::Write:528: unmapped Write8 0x00000000 @ 0x000009AF at PC 0x010F3548
[   4.710746] HW.Memory <Error> core\memory.cpp:Memory::MemorySystem::Write:528: unmapped Write8 0x00000000 @ 0x000009B0 at PC 0x010F3548
[   4.710746] HW.Memory <Error> core\memory.cpp:Memory::MemorySystem::Write:528: unmapped Write8 0x00000000 @ 0x000009B1 at PC 0x010F3548
[   4.710747] HW.Memory <Error> core\memory.cpp:Memory::MemorySystem::Write:528: unmapped Write8 0x00000000 @ 0x000009B2 at PC 0x010F3548
[   4.710747] HW.Memory <Error> core\memory.cpp:Memory::MemorySystem::Write:528: unmapped Write8 0x00000000 @ 0x000009B3 at PC 0x010F3548
[   4.710747] HW.Memory <Error> core\memory.cpp:Memory::MemorySystem::Write:528: unmapped Write8 0x00000000 @ 0x000009B4 at PC 0x010F3548
[   4.710748] HW.Memory <Error> core\memory.cpp:Memory::MemorySystem::Write:528: unmapped Write8 0x00000000 @ 0x000009B5 at PC 0x010F3548
[   4.710748] HW.Memory <Error> core\memory.cpp:Memory::MemorySystem::Write:528: unmapped Write8 0x00000000 @ 0x000009B6 at PC 0x010F3548
[   4.710748] HW.Memory <Error> core\memory.cpp:Memory::MemorySystem::Write:528: unmapped Write8 0x00000000 @ 0x000009B7 at PC 0x010F3548
[   4.710749] HW.Memory <Error> core\memory.cpp:Memory::MemorySystem::Write:528: unmapped Write8 0x00000000 @ 0x000009B8 at PC 0x010F3548
[   4.710749] HW.Memory <Error> core\memory.cpp:Memory::MemorySystem::Write:528: unmapped Write8 0x00000000 @ 0x000009B9 at PC 0x010F3548
[   4.710750] HW.Memory <Error> core\memory.cpp:Memory::MemorySystem::Write:528: unmapped Write8 0x00000000 @ 0x000009BA at PC 0x010F3548
[   4.710750] HW.Memory <Error> core\memory.cpp:Memory::MemorySystem::Write:528: unmapped Write8 0x00000000 @ 0x000009BB at PC 0x010F3548
[   4.710750] HW.Memory <Error> core\memory.cpp:Memory::MemorySystem::Write:528: unmapped Write8 0x00000000 @ 0x000009BC at PC 0x010F3548
[   4.710751] HW.Memory <Error> core\memory.cpp:Memory::MemorySystem::Write:528: unmapped Write8 0x00000000 @ 0x000009BD at PC 0x010F3548
[   4.710751] HW.Memory <Error> core\memory.cpp:Memory::MemorySystem::Write:528: unmapped Write8 0x00000000 @ 0x000009BE at PC 0x010F3548
[   4.710752] HW.Memory <Error> core\memory.cpp:Memory::MemorySystem::Write:528: unmapped Write8 0x00000000 @ 0x000009BF at PC 0x010F3548
[   4.710752] HW.Memory <Error> core\memory.cpp:Memory::MemorySystem::Write:528: unmapped Write8 0x00000000 @ 0x000009C0 at PC 0x010F3548
[   4.710752] HW.Memory <Error> core\memory.cpp:Memory::MemorySystem::Write:528: unmapped Write8 0x00000000 @ 0x000009C1 at PC 0x010F3548
[   4.710753] HW.Memory <Error> core\memory.cpp:Memory::MemorySystem::Write:528: unmapped Write8 0x00000000 @ 0x000009C2 at PC 0x010F3548
[   4.710753] HW.Memory <Error> core\memory.cpp:Memory::MemorySystem::Write:528: unmapped Write8 0x00000000 @ 0x000009C3 at PC 0x010F3548
[   4.710754] HW.Memory <Error> core\memory.cpp:Memory::MemorySystem::Write:528: unmapped Write8 0x00000000 @ 0x000009C4 at PC 0x010F3548
[   4.710754] HW.Memory <Error> core\memory.cpp:Memory::MemorySystem::Write:528: unmapped Write8 0x00000000 @ 0x000009C5 at PC 0x010F3548
[   4.710754] HW.Memory <Error> core\memory.cpp:Memory::MemorySystem::Write:528: unmapped Write8 0x00000000 @ 0x000009C6 at PC 0x010F3548
[   4.710755] HW.Memory <Error> core\memory.cpp:Memory::MemorySystem::Write:528: unmapped Write8 0x00000000 @ 0x000009C7 at PC 0x010F3548
[   4.710755] HW.Memory <Error> core\memory.cpp:Memory::MemorySystem::Write:528: unmapped Write8 0x00000000 @ 0x000009C8 at PC 0x010F3548
[   4.710755] HW.Memory <Error> core\memory.cpp:Memory::MemorySystem::Write:528: unmapped Write8 0x00000000 @ 0x000009C9 at PC 0x010F3548
[   4.710756] HW.Memory <Error> core\memory.cpp:Memory::MemorySystem::Write:528: unmapped Write8 0x00000000 @ 0x000009CA at PC 0x010F3548
[   4.710756] HW.Memory <Error> core\memory.cpp:Memory::MemorySystem::Write:528: unmapped Write8 0x00000000 @ 0x000009CB at PC 0x010F3548
[   4.710757] HW.Memory <Error> core\memory.cpp:Memory::MemorySystem::Write:528: unmapped Write8 0x00000000 @ 0x000009CC at PC 0x010F3548
[   4.710757] HW.Memory <Error> core\memory.cpp:Memory::MemorySystem::Write:528: unmapped Write8 0x00000000 @ 0x000009CD at PC 0x010F3548
[   4.710758] HW.Memory <Error> core\memory.cpp:Memory::MemorySystem::Write:528: unmapped Write8 0x00000000 @ 0x000009CE at PC 0x010F3548
[   4.710758] HW.Memory <Error> core\memory.cpp:Memory::MemorySystem::Write:528: unmapped Write8 0x00000000 @ 0x000009CF at PC 0x010F3548
[   4.710759] HW.Memory <Error> core\memory.cpp:Memory::MemorySystem::Write:528: unmapped Write8 0x00000000 @ 0x000009D0 at PC 0x010F3548
[   4.710759] HW.Memory <Error> core\memory.cpp:Memory::MemorySystem::Write:528: unmapped Write8 0x00000000 @ 0x000009D1 at PC 0x010F3548
[   4.710760] HW.Memory <Error> core\memory.cpp:Memory::MemorySystem::Write:528: unmapped Write8 0x00000000 @ 0x000009D2 at PC 0x010F3548
[   4.710760] HW.Memory <Error> core\memory.cpp:Memory::MemorySystem::Write:528: unmapped Write8 0x00000000 @ 0x000009D3 at PC 0x010F3548
[   4.710760] HW.Memory <Error> core\memory.cpp:Memory::MemorySystem::Write:528: unmapped Write8 0x00000000 @ 0x000009D4 at PC 0x010F3548
[   4.710761] HW.Memory <Error> core\memory.cpp:Memory::MemorySystem::Write:528: unmapped Write8 0x00000000 @ 0x000009D5 at PC 0x010F3548
[   4.710761] HW.Memory <Error> core\memory.cpp:Memory::MemorySystem::Write:528: unmapped Write8 0x00000000 @ 0x000009D6 at PC 0x010F3548
[   4.710762] HW.Memory <Error> core\memory.cpp:Memory::MemorySystem::Write:528: unmapped Write8 0x00000000 @ 0x000009D7 at PC 0x010F3548
[   4.710762] HW.Memory <Error> core\memory.cpp:Memory::MemorySystem::Write:528: unmapped Write8 0x00000000 @ 0x000009D8 at PC 0x010F3548
[   4.710762] HW.Memory <Error> core\memory.cpp:Memory::MemorySystem::Write:528: unmapped Write8 0x00000000 @ 0x000009D9 at PC 0x010F3548
[   4.710763] HW.Memory <Error> core\memory.cpp:Memory::MemorySystem::Write:528: unmapped Write8 0x00000000 @ 0x000009DA at PC 0x010F3548
[   4.710763] HW.Memory <Error> core\memory.cpp:Memory::MemorySystem::Write:528: unmapped Write8 0x00000000 @ 0x000009DB at PC 0x010F3548
[   4.710764] HW.Memory <Error> core\memory.cpp:Memory::MemorySystem::Write:528: unmapped Write8 0x00000000 @ 0x000009DC at PC 0x010F3548
[   4.710764] HW.Memory <Error> core\memory.cpp:Memory::MemorySystem::Write:528: unmapped Write8 0x00000000 @ 0x000009DD at PC 0x010F3548
[   4.710764] HW.Memory <Error> core\memory.cpp:Memory::MemorySystem::Write:528: unmapped Write8 0x00000000 @ 0x000009DE at PC 0x010F3548
[   4.710765] HW.Memory <Error> core\memory.cpp:Memory::MemorySystem::Write:528: unmapped Write8 0x00000000 @ 0x000009DF at PC 0x010F3548
[   4.710765] HW.Memory <Error> core\memory.cpp:Memory::MemorySystem::Write:528: unmapped Write8 0x00000000 @ 0x000009E0 at PC 0x010F3548
[   4.710765] HW.Memory <Error> core\memory.cpp:Memory::MemorySystem::Write:528: unmapped Write8 0x00000000 @ 0x000009E1 at PC 0x010F3548
[   4.710766] HW.Memory <Error> core\memory.cpp:Memory::MemorySystem::Write:528: unmapped Write8 0x00000000 @ 0x000009E2 at PC 0x010F3548
[   4.710766] HW.Memory <Error> core\memory.cpp:Memory::MemorySystem::Write:528: unmapped Write8 0x00000000 @ 0x000009E3 at PC 0x010F3548
[   4.710766] HW.Memory <Error> core\memory.cpp:Memory::MemorySystem::Write:528: unmapped Write8 0x00000000 @ 0x000009E4 at PC 0x010F3548
[   4.710767] HW.Memory <Error> core\memory.cpp:Memory::MemorySystem::Write:528: unmapped Write8 0x00000000 @ 0x000009E5 at PC 0x010F3548
[   4.710767] HW.Memory <Error> core\memory.cpp:Memory::MemorySystem::Write:528: unmapped Write8 0x00000000 @ 0x000009E6 at PC 0x010F3548
[   4.710768] HW.Memory <Error> core\memory.cpp:Memory::MemorySystem::Write:528: unmapped Write8 0x00000000 @ 0x000009E7 at PC 0x010F3548
[   4.710768] HW.Memory <Error> core\memory.cpp:Memory::MemorySystem::Write:528: unmapped Write8 0x00000000 @ 0x000009E8 at PC 0x010F3548
[   4.710769] HW.Memory <Error> core\memory.cpp:Memory::MemorySystem::Write:528: unmapped Write8 0x00000000 @ 0x000009E9 at PC 0x010F3548
[   4.710769] HW.Memory <Error> core\memory.cpp:Memory::MemorySystem::Write:528: unmapped Write8 0x00000000 @ 0x000009EA at PC 0x010F3548
[   4.710769] HW.Memory <Error> core\memory.cpp:Memory::MemorySystem::Write:528: unmapped Write8 0x00000000 @ 0x000009EB at PC 0x010F3548
[   4.710770] HW.Memory <Error> core\memory.cpp:Memory::MemorySystem::Write:528: unmapped Write8 0x00000000 @ 0x000009EC at PC 0x010F3548
[   4.710770] HW.Memory <Error> core\memory.cpp:Memory::MemorySystem::Write:528: unmapped Write8 0x00000000 @ 0x000009ED at PC 0x010F3548
[   4.710771] HW.Memory <Error> core\memory.cpp:Memory::MemorySystem::Write:528: unmapped Write8 0x00000000 @ 0x000009EE at PC 0x010F3548
[   4.710771] HW.Memory <Error> core\memory.cpp:Memory::MemorySystem::Write:528: unmapped Write8 0x00000000 @ 0x000009EF at PC 0x010F3548
[   4.710772] HW.Memory <Error> core\memory.cpp:Memory::MemorySystem::Write:528: unmapped Write8 0x00000000 @ 0x000009F0 at PC 0x010F3548
[   4.710772] HW.Memory <Error> core\memory.cpp:Memory::MemorySystem::Write:528: unmapped Write8 0x00000000 @ 0x000009F1 at PC 0x010F3548
[   4.710773] HW.Memory <Error> core\memory.cpp:Memory::MemorySystem::Write:528: unmapped Write8 0x00000000 @ 0x000009F2 at PC 0x010F3548
[   4.710773] HW.Memory <Error> core\memory.cpp:Memory::MemorySystem::Write:528: unmapped Write8 0x00000000 @ 0x000009F3 at PC 0x010F3548
[   4.710773] HW.Memory <Error> core\memory.cpp:Memory::MemorySystem::Write:528: unmapped Write8 0x00000000 @ 0x000009F4 at PC 0x010F3548
[   4.710774] HW.Memory <Error> core\memory.cpp:Memory::MemorySystem::Write:528: unmapped Write8 0x00000000 @ 0x000009F5 at PC 0x010F3548
[   4.710774] HW.Memory <Error> core\memory.cpp:Memory::MemorySystem::Write:528: unmapped Write8 0x00000000 @ 0x000009F6 at PC 0x010F3548
[   4.710774] HW.Memory <Error> core\memory.cpp:Memory::MemorySystem::Write:528: unmapped Write8 0x00000000 @ 0x000009F7 at PC 0x010F3548
[   4.710775] HW.Memory <Error> core\memory.cpp:Memory::MemorySystem::Write:528: unmapped Write8 0x00000000 @ 0x000009F8 at PC 0x010F3548
[   4.710775] HW.Memory <Error> core\memory.cpp:Memory::MemorySystem::Write:528: unmapped Write8 0x00000000 @ 0x000009F9 at PC 0x010F3548
[   4.710776] HW.Memory <Error> core\memory.cpp:Memory::MemorySystem::Write:528: unmapped Write8 0x00000000 @ 0x000009FA at PC 0x010F3548
[   4.710776] HW.Memory <Error> core\memory.cpp:Memory::MemorySystem::Write:528: unmapped Write8 0x00000000 @ 0x000009FB at PC 0x010F3548
[   4.710776] HW.Memory <Error> core\memory.cpp:Memory::MemorySystem::Write:528: unmapped Write8 0x00000000 @ 0x000009FC at PC 0x010F3548
[   4.710777] HW.Memory <Error> core\memory.cpp:Memory::MemorySystem::Write:528: unmapped Write8 0x00000000 @ 0x000009FD at PC 0x010F3548
[   4.710777] HW.Memory <Error> core\memory.cpp:Memory::MemorySystem::Write:528: unmapped Write8 0x00000000 @ 0x000009FE at PC 0x010F3548
[   4.710778] HW.Memory <Error> core\memory.cpp:Memory::MemorySystem::Write:528: unmapped Write8 0x00000000 @ 0x000009FF at PC 0x010F3548
[   4.710778] HW.Memory <Error> core\memory.cpp:Memory::MemorySystem::Write:528: unmapped Write8 0x00000000 @ 0x00000A00 at PC 0x010F3548
[   4.710778] HW.Memory <Error> core\memory.cpp:Memory::MemorySystem::Write:528: unmapped Write8 0x00000000 @ 0x00000A01 at PC 0x010F3548
[   4.710779] HW.Memory <Error> core\memory.cpp:Memory::MemorySystem::Write:528: unmapped Write8 0x00000000 @ 0x00000A02 at PC 0x010F3548
[   4.710779] HW.Memory <Error> core\memory.cpp:Memory::MemorySystem::Write:528: unmapped Write8 0x00000000 @ 0x00000A03 at PC 0x010F3548
[   4.710780] HW.Memory <Error> core\memory.cpp:Memory::MemorySystem::Write:528: unmapped Write8 0x00000000 @ 0x00000A04 at PC 0x010F3548
[   4.710780] HW.Memory <Error> core\memory.cpp:Memory::MemorySystem::Write:528: unmapped Write8 0x00000000 @ 0x00000A05 at PC 0x010F3548
[   4.710780] HW.Memory <Error> core\memory.cpp:Memory::MemorySystem::Write:528: unmapped Write8 0x00000000 @ 0x00000A06 at PC 0x010F3548
[   4.710781] HW.Memory <Error> core\memory.cpp:Memory::MemorySystem::Write:528: unmapped Write8 0x00000000 @ 0x00000A07 at PC 0x010F3548
[   4.710781] HW.Memory <Error> core\memory.cpp:Memory::MemorySystem::Write:528: unmapped Write8 0x00000000 @ 0x00000A08 at PC 0x010F3548
[   4.710782] HW.Memory <Error> core\memory.cpp:Memory::MemorySystem::Write:528: unmapped Write8 0x00000000 @ 0x00000A09 at PC 0x010F3548
[   4.710782] HW.Memory <Error> core\memory.cpp:Memory::MemorySystem::Write:528: unmapped Write8 0x00000000 @ 0x00000A0A at PC 0x010F3548
[   4.710782] HW.Memory <Error> core\memory.cpp:Memory::MemorySystem::Write:528: unmapped Write8 0x00000000 @ 0x00000A0B at PC 0x010F3548
[   4.710783] HW.Memory <Error> core\memory.cpp:Memory::MemorySystem::Write:528: unmapped Write8 0x00000000 @ 0x00000A0C at PC 0x010F3548
[   4.710783] HW.Memory <Error> core\memory.cpp:Memory::MemorySystem::Write:528: unmapped Write8 0x00000000 @ 0x00000A0D at PC 0x010F3548
[   4.710784] HW.Memory <Error> core\memory.cpp:Memory::MemorySystem::Write:528: unmapped Write8 0x00000000 @ 0x00000A0E at PC 0x010F3548
[   4.710784] HW.Memory <Error> core\memory.cpp:Memory::MemorySystem::Write:528: unmapped Write8 0x00000000 @ 0x00000A0F at PC 0x010F3548
[   4.710785] HW.Memory <Error> core\memory.cpp:Memory::MemorySystem::Write:528: unmapped Write8 0x00000000 @ 0x00000A10 at PC 0x010F3548
[   4.710785] HW.Memory <Error> core\memory.cpp:Memory::MemorySystem::Write:528: unmapped Write8 0x00000000 @ 0x00000A11 at PC 0x010F3548
[   4.710785] HW.Memory <Error> core\memory.cpp:Memory::MemorySystem::Write:528: unmapped Write8 0x00000000 @ 0x00000A12 at PC 0x010F3548
[   4.710786] HW.Memory <Error> core\memory.cpp:Memory::MemorySystem::Write:528: unmapped Write8 0x00000000 @ 0x00000A13 at PC 0x010F3548
[   4.710786] HW.Memory <Error> core\memory.cpp:Memory::MemorySystem::Write:528: unmapped Write8 0x00000000 @ 0x00000A14 at PC 0x010F3548
[   4.710787] HW.Memory <Error> core\memory.cpp:Memory::MemorySystem::Write:528: unmapped Write8 0x00000000 @ 0x00000A15 at PC 0x010F3548
[   4.710787] HW.Memory <Error> core\memory.cpp:Memory::MemorySystem::Write:528: unmapped Write8 0x00000000 @ 0x00000A16 at PC 0x010F3548
[   4.710788] HW.Memory <Error> core\memory.cpp:Memory::MemorySystem::Write:528: unmapped Write8 0x00000000 @ 0x00000A17 at PC 0x010F3548
[   4.710788] HW.Memory <Error> core\memory.cpp:Memory::MemorySystem::Write:528: unmapped Write8 0x00000000 @ 0x00000A18 at PC 0x010F3548
[   4.710788] HW.Memory <Error> core\memory.cpp:Memory::MemorySystem::Write:528: unmapped Write8 0x00000000 @ 0x00000A19 at PC 0x010F3548
[   4.710789] HW.Memory <Error> core\memory.cpp:Memory::MemorySystem::Write:528: unmapped Write8 0x00000000 @ 0x00000A1A at PC 0x010F3548
[   4.710789] HW.Memory <Error> core\memory.cpp:Memory::MemorySystem::Write:528: unmapped Write8 0x00000000 @ 0x00000A1B at PC 0x010F3548
[   4.710789] HW.Memory <Error> core\memory.cpp:Memory::MemorySystem::Write:528: unmapped Write8 0x00000000 @ 0x00000A1C at PC 0x010F3548
[   4.710790] HW.Memory <Error> core\memory.cpp:Memory::MemorySystem::Write:528: unmapped Write8 0x00000000 @ 0x00000A1D at PC 0x010F3548
[   4.710790] HW.Memory <Error> core\memory.cpp:Memory::MemorySystem::Write:528: unmapped Write8 0x00000000 @ 0x00000A1E at PC 0x010F3548
[   4.710791] HW.Memory <Error> core\memory.cpp:Memory::MemorySystem::Write:528: unmapped Write8 0x00000000 @ 0x00000A1F at PC 0x010F3548
[   4.710791] HW.Memory <Error> core\memory.cpp:Memory::MemorySystem::Write:528: unmapped Write8 0x00000000 @ 0x00000A20 at PC 0x010F3548
[   4.710792] HW.Memory <Error> core\memory.cpp:Memory::MemorySystem::Write:528: unmapped Write8 0x00000000 @ 0x00000A21 at PC 0x010F3548
[   4.710792] HW.Memory <Error> core\memory.cpp:Memory::MemorySystem::Write:528: unmapped Write8 0x00000000 @ 0x00000A22 at PC 0x010F3548
[   4.710792] HW.Memory <Error> core\memory.cpp:Memory::MemorySystem::Write:528: unmapped Write8 0x00000000 @ 0x00000A23 at PC 0x010F3548
[   4.710793] HW.Memory <Error> core\memory.cpp:Memory::MemorySystem::Write:528: unmapped Write8 0x00000000 @ 0x00000A24 at PC 0x010F3548
[   4.710793] HW.Memory <Error> core\memory.cpp:Memory::MemorySystem::Write:528: unmapped Write8 0x00000000 @ 0x00000A25 at PC 0x010F3548
[   4.710794] HW.Memory <Error> core\memory.cpp:Memory::MemorySystem::Write:528: unmapped Write8 0x00000000 @ 0x00000A26 at PC 0x010F3548
[   4.710794] HW.Memory <Error> core\memory.cpp:Memory::MemorySystem::Write:528: unmapped Write8 0x00000000 @ 0x00000A27 at PC 0x010F3548
[   4.710795] HW.Memory <Error> core\memory.cpp:Memory::MemorySystem::Write:528: unmapped Write8 0x00000000 @ 0x00000A28 at PC 0x010F3548
[   4.710795] HW.Memory <Error> core\memory.cpp:Memory::MemorySystem::Write:528: unmapped Write8 0x00000000 @ 0x00000A29 at PC 0x010F3548
[   4.710795] HW.Memory <Error> core\memory.cpp:Memory::MemorySystem::Write:528: unmapped Write8 0x00000000 @ 0x00000A2A at PC 0x010F3548
[   4.710796] HW.Memory <Error> core\memory.cpp:Memory::MemorySystem::Write:528: unmapped Write8 0x00000000 @ 0x00000A2B at PC 0x010F3548
[   4.710796] HW.Memory <Error> core\memory.cpp:Memory::MemorySystem::Write:528: unmapped Write8 0x00000000 @ 0x00000A2C at PC 0x010F3548
[   4.710796] HW.Memory <Error> core\memory.cpp:Memory::MemorySystem::Write:528: unmapped Write8 0x00000000 @ 0x00000A2D at PC 0x010F3548
[   4.710797] HW.Memory <Error> core\memory.cpp:Memory::MemorySystem::Write:528: unmapped Write8 0x00000000 @ 0x00000A2E at PC 0x010F3548
[   4.710797] HW.Memory <Error> core\memory.cpp:Memory::MemorySystem::Write:528: unmapped Write8 0x00000000 @ 0x00000A2F at PC 0x010F3548
[   4.710798] HW.Memory <Error> core\memory.cpp:Memory::MemorySystem::Write:528: unmapped Write8 0x00000000 @ 0x00000A30 at PC 0x010F3548
[   4.710798] HW.Memory <Error> core\memory.cpp:Memory::MemorySystem::Write:528: unmapped Write8 0x00000000 @ 0x00000A31 at PC 0x010F3548
[   4.710798] HW.Memory <Error> core\memory.cpp:Memory::MemorySystem::Write:528: unmapped Write8 0x00000000 @ 0x00000A32 at PC 0x010F3548
[   4.710799] HW.Memory <Error> core\memory.cpp:Memory::MemorySystem::Write:528: unmapped Write8 0x00000000 @ 0x00000A33 at PC 0x010F3548
[   4.710799] HW.Memory <Error> core\memory.cpp:Memory::MemorySystem::Write:528: unmapped Write8 0x00000000 @ 0x00000A34 at PC 0x010F3548
[   4.710799] HW.Memory <Error> core\memory.cpp:Memory::MemorySystem::Write:528: unmapped Write8 0x00000000 @ 0x00000A35 at PC 0x010F3548
[   4.710800] HW.Memory <Error> core\memory.cpp:Memory::MemorySystem::Write:528: unmapped Write8 0x00000000 @ 0x00000A36 at PC 0x010F3548
[   4.710800] HW.Memory <Error> core\memory.cpp:Memory::MemorySystem::Write:528: unmapped Write8 0x00000000 @ 0x00000A37 at PC 0x010F3548
[   4.710801] HW.Memory <Error> core\memory.cpp:Memory::MemorySystem::Write:528: unmapped Write8 0x00000000 @ 0x00000A38 at PC 0x010F3548
[   4.710801] HW.Memory <Error> core\memory.cpp:Memory::MemorySystem::Write:528: unmapped Write8 0x00000000 @ 0x00000A39 at PC 0x010F3548
[   4.710801] HW.Memory <Error> core\memory.cpp:Memory::MemorySystem::Write:528: unmapped Write8 0x00000000 @ 0x00000A3A at PC 0x010F3548
[   4.710802] HW.Memory <Error> core\memory.cpp:Memory::MemorySystem::Write:528: unmapped Write8 0x00000000 @ 0x00000A3B at PC 0x010F3548
[   4.710802] HW.Memory <Error> core\memory.cpp:Memory::MemorySystem::Write:528: unmapped Write8 0x00000000 @ 0x00000A3C at PC 0x010F3548
[   4.710802] HW.Memory <Error> core\memory.cpp:Memory::MemorySystem::Write:528: unmapped Write8 0x00000000 @ 0x00000A3D at PC 0x010F3548
[   4.710803] HW.Memory <Error> core\memory.cpp:Memory::MemorySystem::Write:528: unmapped Write8 0x00000000 @ 0x00000A3E at PC 0x010F3548
[   4.710803] HW.Memory <Error> core\memory.cpp:Memory::MemorySystem::Write:528: unmapped Write8 0x00000000 @ 0x00000A3F at PC 0x010F3548
[   4.710803] HW.Memory <Error> core\memory.cpp:Memory::MemorySystem::Write:528: unmapped Write8 0x00000000 @ 0x00000A40 at PC 0x010F3548
[   4.710804] HW.Memory <Error> core\memory.cpp:Memory::MemorySystem::Write:528: unmapped Write8 0x00000000 @ 0x00000A41 at PC 0x010F3548
[   4.710804] HW.Memory <Error> core\memory.cpp:Memory::MemorySystem::Write:528: unmapped Write8 0x00000000 @ 0x00000A42 at PC 0x010F3548
[   4.710805] HW.Memory <Error> core\memory.cpp:Memory::MemorySystem::Write:528: unmapped Write8 0x00000000 @ 0x00000A43 at PC 0x010F3548
[   4.710805] HW.Memory <Error> core\memory.cpp:Memory::MemorySystem::Write:528: unmapped Write8 0x00000000 @ 0x00000A44 at PC 0x010F3548
[   4.710805] HW.Memory <Error> core\memory.cpp:Memory::MemorySystem::Write:528: unmapped Write8 0x00000000 @ 0x00000A45 at PC 0x010F3548
[   4.710806] HW.Memory <Error> core\memory.cpp:Memory::MemorySystem::Write:528: unmapped Write8 0x00000000 @ 0x00000A46 at PC 0x010F3548
[   4.710806] HW.Memory <Error> core\memory.cpp:Memory::MemorySystem::Write:528: unmapped Write8 0x00000000 @ 0x00000A47 at PC 0x010F3548
[   4.710806] HW.Memory <Error> core\memory.cpp:Memory::MemorySystem::Write:528: unmapped Write8 0x00000000 @ 0x00000A48 at PC 0x010F3548
[   4.710807] HW.Memory <Error> core\memory.cpp:Memory::MemorySystem::Write:528: unmapped Write8 0x00000000 @ 0x00000A49 at PC 0x010F3548
[   4.710807] HW.Memory <Error> core\memory.cpp:Memory::MemorySystem::Write:528: unmapped Write8 0x00000000 @ 0x00000A4A at PC 0x010F3548
[   4.710807] HW.Memory <Error> core\memory.cpp:Memory::MemorySystem::Write:528: unmapped Write8 0x00000000 @ 0x00000A4B at PC 0x010F3548
[   4.710808] HW.Memory <Error> core\memory.cpp:Memory::MemorySystem::Write:528: unmapped Write8 0x00000000 @ 0x00000A4C at PC 0x010F3548
[   4.710808] HW.Memory <Error> core\memory.cpp:Memory::MemorySystem::Write:528: unmapped Write8 0x00000000 @ 0x00000A4D at PC 0x010F3548
[   4.710809] HW.Memory <Error> core\memory.cpp:Memory::MemorySystem::Write:528: unmapped Write8 0x00000000 @ 0x00000A4E at PC 0x010F3548
[   4.710809] HW.Memory <Error> core\memory.cpp:Memory::MemorySystem::Write:528: unmapped Write8 0x00000000 @ 0x00000A4F at PC 0x010F3548
[   4.710809] HW.Memory <Error> core\memory.cpp:Memory::MemorySystem::Write:528: unmapped Write8 0x00000000 @ 0x00000A50 at PC 0x010F3548
[   4.710810] HW.Memory <Error> core\memory.cpp:Memory::MemorySystem::Write:528: unmapped Write8 0x00000000 @ 0x00000A51 at PC 0x010F3548
[   4.710810] HW.Memory <Error> core\memory.cpp:Memory::MemorySystem::Write:528: unmapped Write8 0x00000000 @ 0x00000A52 at PC 0x010F3548
[   4.710810] HW.Memory <Error> core\memory.cpp:Memory::MemorySystem::Write:528: unmapped Write8 0x00000000 @ 0x00000A53 at PC 0x010F3548
[   4.710811] HW.Memory <Error> core\memory.cpp:Memory::MemorySystem::Write:528: unmapped Write8 0x00000000 @ 0x00000A54 at PC 0x010F3548
[   4.710811] HW.Memory <Error> core\memory.cpp:Memory::MemorySystem::Write:528: unmapped Write8 0x00000000 @ 0x00000A55 at PC 0x010F3548
[   4.710812] HW.Memory <Error> core\memory.cpp:Memory::MemorySystem::Write:528: unmapped Write8 0x00000000 @ 0x00000A56 at PC 0x010F3548
[   4.710812] HW.Memory <Error> core\memory.cpp:Memory::MemorySystem::Write:528: unmapped Write8 0x00000000 @ 0x00000A57 at PC 0x010F3548
[   4.710812] HW.Memory <Error> core\memory.cpp:Memory::MemorySystem::Write:528: unmapped Write8 0x00000000 @ 0x00000A58 at PC 0x010F3548
[   4.710813] HW.Memory <Error> core\memory.cpp:Memory::MemorySystem::Write:528: unmapped Write8 0x00000000 @ 0x00000A59 at PC 0x010F3548
[   4.710813] HW.Memory <Error> core\memory.cpp:Memory::MemorySystem::Write:528: unmapped Write8 0x00000000 @ 0x00000A5A at PC 0x010F3548
[   4.710813] HW.Memory <Error> core\memory.cpp:Memory::MemorySystem::Write:528: unmapped Write8 0x00000000 @ 0x00000A5B at PC 0x010F3548
[   4.710814] HW.Memory <Error> core\memory.cpp:Memory::MemorySystem::Write:528: unmapped Write8 0x00000000 @ 0x00000A5C at PC 0x010F3548
[   4.710814] HW.Memory <Error> core\memory.cpp:Memory::MemorySystem::Write:528: unmapped Write8 0x00000000 @ 0x00000A5D at PC 0x010F3548
[   4.710814] HW.Memory <Error> core\memory.cpp:Memory::MemorySystem::Write:528: unmapped Write8 0x00000000 @ 0x00000A5E at PC 0x010F3548
[   4.710815] HW.Memory <Error> core\memory.cpp:Memory::MemorySystem::Write:528: unmapped Write8 0x00000000 @ 0x00000A5F at PC 0x010F3548
[   4.710815] HW.Memory <Error> core\memory.cpp:Memory::MemorySystem::Write:528: unmapped Write8 0x00000000 @ 0x00000A60 at PC 0x010F3548
[   4.710816] HW.Memory <Error> core\memory.cpp:Memory::MemorySystem::Write:528: unmapped Write8 0x00000000 @ 0x00000A61 at PC 0x010F3548
[   4.710816] HW.Memory <Error> core\memory.cpp:Memory::MemorySystem::Write:528: unmapped Write8 0x00000000 @ 0x00000A62 at PC 0x010F3548
[   4.710817] HW.Memory <Error> core\memory.cpp:Memory::MemorySystem::Write:528: unmapped Write8 0x00000000 @ 0x00000A63 at PC 0x010F3548
[   4.710817] HW.Memory <Error> core\memory.cpp:Memory::MemorySystem::Write:528: unmapped Write8 0x00000000 @ 0x00000A64 at PC 0x010F3548
[   4.710817] HW.Memory <Error> core\memory.cpp:Memory::MemorySystem::Write:528: unmapped Write8 0x00000000 @ 0x00000A65 at PC 0x010F3548
[   4.710818] HW.Memory <Error> core\memory.cpp:Memory::MemorySystem::Write:528: unmapped Write8 0x00000000 @ 0x00000A66 at PC 0x010F3548
[   4.710818] HW.Memory <Error> core\memory.cpp:Memory::MemorySystem::Write:528: unmapped Write8 0x00000000 @ 0x00000A67 at PC 0x010F3548
[   4.710819] HW.Memory <Error> core\memory.cpp:Memory::MemorySystem::Write:528: unmapped Write8 0x00000000 @ 0x00000A68 at PC 0x010F3548
[   4.710819] HW.Memory <Error> core\memory.cpp:Memory::MemorySystem::Write:528: unmapped Write8 0x00000000 @ 0x00000A69 at PC 0x010F3548
[   4.710820] HW.Memory <Error> core\memory.cpp:Memory::MemorySystem::Write:528: unmapped Write8 0x00000000 @ 0x00000A6A at PC 0x010F3548
[   4.710820] HW.Memory <Error> core\memory.cpp:Memory::MemorySystem::Write:528: unmapped Write8 0x00000000 @ 0x00000A6B at PC 0x010F3548
[   4.710820] HW.Memory <Error> core\memory.cpp:Memory::MemorySystem::Write:528: unmapped Write8 0x00000000 @ 0x00000A6C at PC 0x010F3548
[   4.710821] HW.Memory <Error> core\memory.cpp:Memory::MemorySystem::Write:528: unmapped Write8 0x00000000 @ 0x00000A6D at PC 0x010F3548
[   4.710821] HW.Memory <Error> core\memory.cpp:Memory::MemorySystem::Write:528: unmapped Write8 0x00000000 @ 0x00000A6E at PC 0x010F3548
[   4.710822] HW.Memory <Error> core\memory.cpp:Memory::MemorySystem::Write:528: unmapped Write8 0x00000000 @ 0x00000A6F at PC 0x010F3548
[   4.710822] HW.Memory <Error> core\memory.cpp:Memory::MemorySystem::Write:528: unmapped Write8 0x00000000 @ 0x00000A70 at PC 0x010F3548
[   4.710822] HW.Memory <Error> core\memory.cpp:Memory::MemorySystem::Write:528: unmapped Write8 0x00000000 @ 0x00000A71 at PC 0x010F3548
[   4.710823] HW.Memory <Error> core\memory.cpp:Memory::MemorySystem::Write:528: unmapped Write8 0x00000000 @ 0x00000A72 at PC 0x010F3548
[   4.710823] HW.Memory <Error> core\memory.cpp:Memory::MemorySystem::Write:528: unmapped Write8 0x00000000 @ 0x00000A73 at PC 0x010F3548
[   4.710824] HW.Memory <Error> core\memory.cpp:Memory::MemorySystem::Write:528: unmapped Write8 0x00000000 @ 0x00000A74 at PC 0x010F3548
[   4.710824] HW.Memory <Error> core\memory.cpp:Memory::MemorySystem::Write:528: unmapped Write8 0x00000000 @ 0x00000A75 at PC 0x010F3548
[   4.710824] HW.Memory <Error> core\memory.cpp:Memory::MemorySystem::Write:528: unmapped Write8 0x00000000 @ 0x00000A76 at PC 0x010F3548
[   4.710825] HW.Memory <Error> core\memory.cpp:Memory::MemorySystem::Write:528: unmapped Write8 0x00000000 @ 0x00000A77 at PC 0x010F3548
[   4.710825] HW.Memory <Error> core\memory.cpp:Memory::MemorySystem::Write:528: unmapped Write8 0x00000000 @ 0x00000A78 at PC 0x010F3548
[   4.710825] HW.Memory <Error> core\memory.cpp:Memory::MemorySystem::Write:528: unmapped Write8 0x00000000 @ 0x00000A79 at PC 0x010F3548
[   4.710826] HW.Memory <Error> core\memory.cpp:Memory::MemorySystem::Write:528: unmapped Write8 0x00000000 @ 0x00000A7A at PC 0x010F3548
[   4.710826] HW.Memory <Error> core\memory.cpp:Memory::MemorySystem::Write:528: unmapped Write8 0x00000000 @ 0x00000A7B at PC 0x010F3548
[   4.710827] HW.Memory <Error> core\memory.cpp:Memory::MemorySystem::Write:528: unmapped Write8 0x00000000 @ 0x00000A7C at PC 0x010F3548
[   4.710827] HW.Memory <Error> core\memory.cpp:Memory::MemorySystem::Write:528: unmapped Write8 0x00000000 @ 0x00000A7D at PC 0x010F3548
[   4.710827] HW.Memory <Error> core\memory.cpp:Memory::MemorySystem::Write:528: unmapped Write8 0x00000000 @ 0x00000A7E at PC 0x010F3548
[   4.710828] HW.Memory <Error> core\memory.cpp:Memory::MemorySystem::Write:528: unmapped Write8 0x00000000 @ 0x00000A7F at PC 0x010F3548
[   4.710828] HW.Memory <Error> core\memory.cpp:Memory::MemorySystem::Write:528: unmapped Write8 0x00000000 @ 0x00000A80 at PC 0x010F3548
[   4.710829] HW.Memory <Error> core\memory.cpp:Memory::MemorySystem::Write:528: unmapped Write8 0x00000000 @ 0x00000A81 at PC 0x010F3548
[   4.710829] HW.Memory <Error> core\memory.cpp:Memory::MemorySystem::Write:528: unmapped Write8 0x00000000 @ 0x00000A82 at PC 0x010F3548
[   4.710829] HW.Memory <Error> core\memory.cpp:Memory::MemorySystem::Write:528: unmapped Write8 0x00000000 @ 0x00000A83 at PC 0x010F3548
[   4.710830] HW.Memory <Error> core\memory.cpp:Memory::MemorySystem::Write:528: unmapped Write8 0x00000000 @ 0x00000A84 at PC 0x010F3548
[   4.710830] HW.Memory <Error> core\memory.cpp:Memory::MemorySystem::Write:528: unmapped Write8 0x00000000 @ 0x00000A85 at PC 0x010F3548
[   4.710831] HW.Memory <Error> core\memory.cpp:Memory::MemorySystem::Write:528: unmapped Write8 0x00000000 @ 0x00000A86 at PC 0x010F3548
[   4.710831] HW.Memory <Error> core\memory.cpp:Memory::MemorySystem::Write:528: unmapped Write8 0x00000000 @ 0x00000A87 at PC 0x010F3548
[   4.710832] HW.Memory <Error> core\memory.cpp:Memory::MemorySystem::Write:528: unmapped Write8 0x00000000 @ 0x00000A88 at PC 0x010F3548
[   4.710832] HW.Memory <Error> core\memory.cpp:Memory::MemorySystem::Write:528: unmapped Write8 0x00000000 @ 0x00000A89 at PC 0x010F3548
[   4.710832] HW.Memory <Error> core\memory.cpp:Memory::MemorySystem::Write:528: unmapped Write8 0x00000000 @ 0x00000A8A at PC 0x010F3548
[   4.710833] HW.Memory <Error> core\memory.cpp:Memory::MemorySystem::Write:528: unmapped Write8 0x00000000 @ 0x00000A8B at PC 0x010F3548
[   4.710833] HW.Memory <Error> core\memory.cpp:Memory::MemorySystem::Write:528: unmapped Write8 0x00000000 @ 0x00000A8C at PC 0x010F3548
[   4.710833] HW.Memory <Error> core\memory.cpp:Memory::MemorySystem::Write:528: unmapped Write8 0x00000000 @ 0x00000A8D at PC 0x010F3548
[   4.710834] HW.Memory <Error> core\memory.cpp:Memory::MemorySystem::Write:528: unmapped Write8 0x00000000 @ 0x00000A8E at PC 0x010F3548
[   4.710834] HW.Memory <Error> core\memory.cpp:Memory::MemorySystem::Write:528: unmapped Write8 0x00000000 @ 0x00000A8F at PC 0x010F3548
[   4.710835] HW.Memory <Error> core\memory.cpp:Memory::MemorySystem::Write:528: unmapped Write8 0x00000000 @ 0x00000A90 at PC 0x010F3548
[   4.710835] HW.Memory <Error> core\memory.cpp:Memory::MemorySystem::Write:528: unmapped Write8 0x00000000 @ 0x00000A91 at PC 0x010F3548
[   4.710835] HW.Memory <Error> core\memory.cpp:Memory::MemorySystem::Write:528: unmapped Write8 0x00000000 @ 0x00000A92 at PC 0x010F3548
[   4.710836] HW.Memory <Error> core\memory.cpp:Memory::MemorySystem::Write:528: unmapped Write8 0x00000000 @ 0x00000A93 at PC 0x010F3548
[   4.710837] HW.Memory <Error> core\memory.cpp:Memory::MemorySystem::Write:528: unmapped Write8 0x00000000 @ 0x00000A94 at PC 0x010F3548
[   4.710837] HW.Memory <Error> core\memory.cpp:Memory::MemorySystem::Write:528: unmapped Write8 0x00000000 @ 0x00000A95 at PC 0x010F3548
[   4.710837] HW.Memory <Error> core\memory.cpp:Memory::MemorySystem::Write:528: unmapped Write8 0x00000000 @ 0x00000A96 at PC 0x010F3548
[   4.710838] HW.Memory <Error> core\memory.cpp:Memory::MemorySystem::Write:528: unmapped Write8 0x00000000 @ 0x00000A97 at PC 0x010F3548
[   4.710838] HW.Memory <Error> core\memory.cpp:Memory::MemorySystem::Write:528: unmapped Write8 0x00000000 @ 0x00000A98 at PC 0x010F3548
[   4.710838] HW.Memory <Error> core\memory.cpp:Memory::MemorySystem::Write:528: unmapped Write8 0x00000000 @ 0x00000A99 at PC 0x010F3548
[   4.710839] HW.Memory <Error> core\memory.cpp:Memory::MemorySystem::Write:528: unmapped Write8 0x00000000 @ 0x00000A9A at PC 0x010F3548
[   4.710839] HW.Memory <Error> core\memory.cpp:Memory::MemorySystem::Write:528: unmapped Write8 0x00000000 @ 0x00000A9B at PC 0x010F3548
[   4.710839] HW.Memory <Error> core\memory.cpp:Memory::MemorySystem::Write:528: unmapped Write8 0x00000000 @ 0x00000A9C at PC 0x010F3548
[   4.710840] HW.Memory <Error> core\memory.cpp:Memory::MemorySystem::Write:528: unmapped Write8 0x00000000 @ 0x00000A9D at PC 0x010F3548
[   4.710840] HW.Memory <Error> core\memory.cpp:Memory::MemorySystem::Write:528: unmapped Write8 0x00000000 @ 0x00000A9E at PC 0x010F3548
[   4.710841] HW.Memory <Error> core\memory.cpp:Memory::MemorySystem::Write:528: unmapped Write8 0x00000000 @ 0x00000A9F at PC 0x010F3548
[   4.710841] HW.Memory <Error> core\memory.cpp:Memory::MemorySystem::Write:528: unmapped Write8 0x00000000 @ 0x00000AA0 at PC 0x010F3548
[   4.710842] HW.Memory <Error> core\memory.cpp:Memory::MemorySystem::Write:528: unmapped Write8 0x00000000 @ 0x00000AA1 at PC 0x010F3548
[   4.710842] HW.Memory <Error> core\memory.cpp:Memory::MemorySystem::Write:528: unmapped Write8 0x00000000 @ 0x00000AA2 at PC 0x010F3548
[   4.710843] HW.Memory <Error> core\memory.cpp:Memory::MemorySystem::Write:528: unmapped Write8 0x00000000 @ 0x00000AA3 at PC 0x010F3548
[   4.710843] HW.Memory <Error> core\memory.cpp:Memory::MemorySystem::Write:528: unmapped Write8 0x00000000 @ 0x00000AA4 at PC 0x010F3548
[   4.710844] HW.Memory <Error> core\memory.cpp:Memory::MemorySystem::Write:528: unmapped Write8 0x00000000 @ 0x00000AA5 at PC 0x010F3548
[   4.710844] HW.Memory <Error> core\memory.cpp:Memory::MemorySystem::Write:528: unmapped Write8 0x00000000 @ 0x00000AA6 at PC 0x010F3548
[   4.710845] HW.Memory <Error> core\memory.cpp:Memory::MemorySystem::Write:528: unmapped Write8 0x00000000 @ 0x00000AA7 at PC 0x010F3548
[   4.710845] HW.Memory <Error> core\memory.cpp:Memory::MemorySystem::Write:528: unmapped Write8 0x00000000 @ 0x00000AA8 at PC 0x010F3548
[   4.710846] HW.Memory <Error> core\memory.cpp:Memory::MemorySystem::Write:528: unmapped Write8 0x00000000 @ 0x00000AA9 at PC 0x010F3548
[   4.710846] HW.Memory <Error> core\memory.cpp:Memory::MemorySystem::Write:528: unmapped Write8 0x00000000 @ 0x00000AAA at PC 0x010F3548
[   4.710847] HW.Memory <Error> core\memory.cpp:Memory::MemorySystem::Write:528: unmapped Write8 0x00000000 @ 0x00000AAB at PC 0x010F3548
[   4.710847] HW.Memory <Error> core\memory.cpp:Memory::MemorySystem::Write:528: unmapped Write8 0x00000000 @ 0x00000AAC at PC 0x010F3548
[   4.710847] HW.Memory <Error> core\memory.cpp:Memory::MemorySystem::Write:528: unmapped Write8 0x00000000 @ 0x00000AAD at PC 0x010F3548
[   4.710848] HW.Memory <Error> core\memory.cpp:Memory::MemorySystem::Write:528: unmapped Write8 0x00000000 @ 0x00000AAE at PC 0x010F3548
[   4.710848] HW.Memory <Error> core\memory.cpp:Memory::MemorySystem::Write:528: unmapped Write8 0x00000000 @ 0x00000AAF at PC 0x010F3548
[   4.710849] HW.Memory <Error> core\memory.cpp:Memory::MemorySystem::Write:528: unmapped Write8 0x00000000 @ 0x00000AB0 at PC 0x010F3548
[   4.710849] HW.Memory <Error> core\memory.cpp:Memory::MemorySystem::Write:528: unmapped Write8 0x00000000 @ 0x00000AB1 at PC 0x010F3548
[   4.710850] HW.Memory <Error> core\memory.cpp:Memory::MemorySystem::Write:528: unmapped Write8 0x00000000 @ 0x00000AB2 at PC 0x010F3548
[   4.710850] HW.Memory <Error> core\memory.cpp:Memory::MemorySystem::Write:528: unmapped Write8 0x00000000 @ 0x00000AB3 at PC 0x010F3548
[   4.710850] HW.Memory <Error> core\memory.cpp:Memory::MemorySystem::Write:528: unmapped Write8 0x00000000 @ 0x00000AB4 at PC 0x010F3548
[   4.710851] HW.Memory <Error> core\memory.cpp:Memory::MemorySystem::Write:528: unmapped Write8 0x00000000 @ 0x00000AB5 at PC 0x010F3548
[   4.710851] HW.Memory <Error> core\memory.cpp:Memory::MemorySystem::Write:528: unmapped Write8 0x00000000 @ 0x00000AB6 at PC 0x010F3548
[   4.710851] HW.Memory <Error> core\memory.cpp:Memory::MemorySystem::Write:528: unmapped Write8 0x00000000 @ 0x00000AB7 at PC 0x010F3548
[   4.710852] HW.Memory <Error> core\memory.cpp:Memory::MemorySystem::Write:528: unmapped Write8 0x00000000 @ 0x00000AB8 at PC 0x010F3548
[   4.710852] HW.Memory <Error> core\memory.cpp:Memory::MemorySystem::Write:528: unmapped Write8 0x00000000 @ 0x00000AB9 at PC 0x010F3548
[   4.710853] HW.Memory <Error> core\memory.cpp:Memory::MemorySystem::Write:528: unmapped Write8 0x00000000 @ 0x00000ABA at PC 0x010F3548
[   4.710853] HW.Memory <Error> core\memory.cpp:Memory::MemorySystem::Write:528: unmapped Write8 0x00000000 @ 0x00000ABB at PC 0x010F3548
[   4.710854] HW.Memory <Error> core\memory.cpp:Memory::MemorySystem::Write:528: unmapped Write8 0x00000000 @ 0x00000ABC at PC 0x010F3548
[   4.710854] HW.Memory <Error> core\memory.cpp:Memory::MemorySystem::Write:528: unmapped Write8 0x00000000 @ 0x00000ABD at PC 0x010F3548
[   4.710854] HW.Memory <Error> core\memory.cpp:Memory::MemorySystem::Write:528: unmapped Write8 0x00000000 @ 0x00000ABE at PC 0x010F3548
[   4.710855] HW.Memory <Error> core\memory.cpp:Memory::MemorySystem::Write:528: unmapped Write8 0x00000000 @ 0x00000ABF at PC 0x010F3548
[   4.710855] HW.Memory <Error> core\memory.cpp:Memory::MemorySystem::Write:528: unmapped Write8 0x00000000 @ 0x00000AC0 at PC 0x010F3548
[   4.710856] HW.Memory <Error> core\memory.cpp:Memory::MemorySystem::Write:528: unmapped Write8 0x00000000 @ 0x00000AC1 at PC 0x010F3548
[   4.710856] HW.Memory <Error> core\memory.cpp:Memory::MemorySystem::Write:528: unmapped Write8 0x00000000 @ 0x00000AC2 at PC 0x010F3548
[   4.710856] HW.Memory <Error> core\memory.cpp:Memory::MemorySystem::Write:528: unmapped Write8 0x00000000 @ 0x00000AC3 at PC 0x010F3548
[   4.710857] HW.Memory <Error> core\memory.cpp:Memory::MemorySystem::Write:528: unmapped Write8 0x00000000 @ 0x00000AC4 at PC 0x010F3548
[   4.710857] HW.Memory <Error> core\memory.cpp:Memory::MemorySystem::Write:528: unmapped Write8 0x00000000 @ 0x00000AC5 at PC 0x010F3548
[   4.710858] HW.Memory <Error> core\memory.cpp:Memory::MemorySystem::Write:528: unmapped Write8 0x00000000 @ 0x00000AC6 at PC 0x010F3548
[   4.710858] HW.Memory <Error> core\memory.cpp:Memory::MemorySystem::Write:528: unmapped Write8 0x00000000 @ 0x00000AC7 at PC 0x010F3548
[   4.710859] HW.Memory <Error> core\memory.cpp:Memory::MemorySystem::Write:528: unmapped Write8 0x00000000 @ 0x00000AC8 at PC 0x010F3548
[   4.710859] HW.Memory <Error> core\memory.cpp:Memory::MemorySystem::Write:528: unmapped Write8 0x00000000 @ 0x00000AC9 at PC 0x010F3548
[   4.710859] HW.Memory <Error> core\memory.cpp:Memory::MemorySystem::Write:528: unmapped Write8 0x00000000 @ 0x00000ACA at PC 0x010F3548
[   4.710860] HW.Memory <Error> core\memory.cpp:Memory::MemorySystem::Write:528: unmapped Write8 0x00000000 @ 0x00000ACB at PC 0x010F3548
[   4.710860] HW.Memory <Error> core\memory.cpp:Memory::MemorySystem::Write:528: unmapped Write8 0x00000000 @ 0x00000ACC at PC 0x010F3548
[   4.710861] HW.Memory <Error> core\memory.cpp:Memory::MemorySystem::Write:528: unmapped Write8 0x00000000 @ 0x00000ACD at PC 0x010F3548
[   4.710861] HW.Memory <Error> core\memory.cpp:Memory::MemorySystem::Write:528: unmapped Write8 0x00000000 @ 0x00000ACE at PC 0x010F3548
[   4.710862] HW.Memory <Error> core\memory.cpp:Memory::MemorySystem::Write:528: unmapped Write8 0x00000000 @ 0x00000ACF at PC 0x010F3548
[   4.710862] HW.Memory <Error> core\memory.cpp:Memory::MemorySystem::Write:528: unmapped Write8 0x00000000 @ 0x00000AD0 at PC 0x010F3548
[   4.710862] HW.Memory <Error> core\memory.cpp:Memory::MemorySystem::Write:528: unmapped Write8 0x00000000 @ 0x00000AD1 at PC 0x010F3548
[   4.710863] HW.Memory <Error> core\memory.cpp:Memory::MemorySystem::Write:528: unmapped Write8 0x00000000 @ 0x00000AD2 at PC 0x010F3548
[   4.710863] HW.Memory <Error> core\memory.cpp:Memory::MemorySystem::Write:528: unmapped Write8 0x00000000 @ 0x00000AD3 at PC 0x010F3548
[   4.710864] HW.Memory <Error> core\memory.cpp:Memory::MemorySystem::Write:528: unmapped Write8 0x00000000 @ 0x00000AD4 at PC 0x010F3548
[   4.710864] HW.Memory <Error> core\memory.cpp:Memory::MemorySystem::Write:528: unmapped Write8 0x00000000 @ 0x00000AD5 at PC 0x010F3548
[   4.710864] HW.Memory <Error> core\memory.cpp:Memory::MemorySystem::Write:528: unmapped Write8 0x00000000 @ 0x00000AD6 at PC 0x010F3548
[   4.710865] HW.Memory <Error> core\memory.cpp:Memory::MemorySystem::Write:528: unmapped Write8 0x00000000 @ 0x00000AD7 at PC 0x010F3548
[   4.710865] HW.Memory <Error> core\memory.cpp:Memory::MemorySystem::Write:528: unmapped Write8 0x00000000 @ 0x00000AD8 at PC 0x010F3548
[   4.710865] HW.Memory <Error> core\memory.cpp:Memory::MemorySystem::Write:528: unmapped Write8 0x00000000 @ 0x00000AD9 at PC 0x010F3548
[   4.710866] HW.Memory <Error> core\memory.cpp:Memory::MemorySystem::Write:528: unmapped Write8 0x00000000 @ 0x00000ADA at PC 0x010F3548
[   4.710866] HW.Memory <Error> core\memory.cpp:Memory::MemorySystem::Write:528: unmapped Write8 0x00000000 @ 0x00000ADB at PC 0x010F3548
[   4.710866] HW.Memory <Error> core\memory.cpp:Memory::MemorySystem::Write:528: unmapped Write8 0x00000000 @ 0x00000ADC at PC 0x010F3548
[   4.710867] HW.Memory <Error> core\memory.cpp:Memory::MemorySystem::Write:528: unmapped Write8 0x00000000 @ 0x00000ADD at PC 0x010F3548
[   4.710867] HW.Memory <Error> core\memory.cpp:Memory::MemorySystem::Write:528: unmapped Write8 0x00000000 @ 0x00000ADE at PC 0x010F3548
[   4.710868] HW.Memory <Error> core\memory.cpp:Memory::MemorySystem::Write:528: unmapped Write8 0x00000000 @ 0x00000ADF at PC 0x010F3548
[   4.710868] HW.Memory <Error> core\memory.cpp:Memory::MemorySystem::Write:528: unmapped Write8 0x00000000 @ 0x00000AE0 at PC 0x010F3548
[   4.710868] HW.Memory <Error> core\memory.cpp:Memory::MemorySystem::Write:528: unmapped Write8 0x00000000 @ 0x00000AE1 at PC 0x010F3548
[   4.710869] HW.Memory <Error> core\memory.cpp:Memory::MemorySystem::Write:528: unmapped Write8 0x00000000 @ 0x00000AE2 at PC 0x010F3548
[   4.710869] HW.Memory <Error> core\memory.cpp:Memory::MemorySystem::Write:528: unmapped Write8 0x00000000 @ 0x00000AE3 at PC 0x010F3548
[   4.710870] HW.Memory <Error> core\memory.cpp:Memory::MemorySystem::Write:528: unmapped Write8 0x00000000 @ 0x00000AE4 at PC 0x010F3548
[   4.710870] HW.Memory <Error> core\memory.cpp:Memory::MemorySystem::Write:528: unmapped Write8 0x00000000 @ 0x00000AE5 at PC 0x010F3548
[   4.710870] HW.Memory <Error> core\memory.cpp:Memory::MemorySystem::Write:528: unmapped Write8 0x00000000 @ 0x00000AE6 at PC 0x010F3548
[   4.710871] HW.Memory <Error> core\memory.cpp:Memory::MemorySystem::Write:528: unmapped Write8 0x00000000 @ 0x00000AE7 at PC 0x010F3548
[   4.710871] HW.Memory <Error> core\memory.cpp:Memory::MemorySystem::Write:528: unmapped Write8 0x00000000 @ 0x00000AE8 at PC 0x010F3548
[   4.710872] HW.Memory <Error> core\memory.cpp:Memory::MemorySystem::Write:528: unmapped Write8 0x00000000 @ 0x00000AE9 at PC 0x010F3548
[   4.710872] HW.Memory <Error> core\memory.cpp:Memory::MemorySystem::Write:528: unmapped Write8 0x00000000 @ 0x00000AEA at PC 0x010F3548
[   4.710872] HW.Memory <Error> core\memory.cpp:Memory::MemorySystem::Write:528: unmapped Write8 0x00000000 @ 0x00000AEB at PC 0x010F3548
[   4.710873] HW.Memory <Error> core\memory.cpp:Memory::MemorySystem::Write:528: unmapped Write8 0x00000000 @ 0x00000AEC at PC 0x010F3548
[   4.710873] HW.Memory <Error> core\memory.cpp:Memory::MemorySystem::Write:528: unmapped Write8 0x00000000 @ 0x00000AED at PC 0x010F3548
[   4.710873] HW.Memory <Error> core\memory.cpp:Memory::MemorySystem::Write:528: unmapped Write8 0x00000000 @ 0x00000AEE at PC 0x010F3548
[   4.710874] HW.Memory <Error> core\memory.cpp:Memory::MemorySystem::Write:528: unmapped Write8 0x00000000 @ 0x00000AEF at PC 0x010F3548
[   4.710874] HW.Memory <Error> core\memory.cpp:Memory::MemorySystem::Write:528: unmapped Write8 0x00000000 @ 0x00000AF0 at PC 0x010F3548
[   4.710875] HW.Memory <Error> core\memory.cpp:Memory::MemorySystem::Write:528: unmapped Write8 0x00000000 @ 0x00000AF1 at PC 0x010F3548
[   4.710875] HW.Memory <Error> core\memory.cpp:Memory::MemorySystem::Write:528: unmapped Write8 0x00000000 @ 0x00000AF2 at PC 0x010F3548
[   4.710875] HW.Memory <Error> core\memory.cpp:Memory::MemorySystem::Write:528: unmapped Write8 0x00000000 @ 0x00000AF3 at PC 0x010F3548
[   4.710876] HW.Memory <Error> core\memory.cpp:Memory::MemorySystem::Write:528: unmapped Write8 0x00000000 @ 0x00000AF4 at PC 0x010F3548
[   4.710876] HW.Memory <Error> core\memory.cpp:Memory::MemorySystem::Write:528: unmapped Write8 0x00000000 @ 0x00000AF5 at PC 0x010F3548
[   4.710876] HW.Memory <Error> core\memory.cpp:Memory::MemorySystem::Write:528: unmapped Write8 0x00000000 @ 0x00000AF6 at PC 0x010F3548
[   4.710877] HW.Memory <Error> core\memory.cpp:Memory::MemorySystem::Write:528: unmapped Write8 0x00000000 @ 0x00000AF7 at PC 0x010F3548
[   4.710877] HW.Memory <Error> core\memory.cpp:Memory::MemorySystem::Write:528: unmapped Write8 0x00000000 @ 0x00000AF8 at PC 0x010F3548
[   4.710912] HW.Memory <Error> core\memory.cpp:Memory::MemorySystem::Write:528: unmapped Write8 0x00000000 @ 0x00000AF9 at PC 0x010F3548
[   4.710913] HW.Memory <Error> core\memory.cpp:Memory::MemorySystem::Write:528: unmapped Write8 0x00000000 @ 0x00000AFA at PC 0x010F3548
[   4.710913] HW.Memory <Error> core\memory.cpp:Memory::MemorySystem::Write:528: unmapped Write8 0x00000000 @ 0x00000AFB at PC 0x010F3548
[   4.710913] HW.Memory <Error> core\memory.cpp:Memory::MemorySystem::Write:528: unmapped Write8 0x00000000 @ 0x00000AFC at PC 0x010F3548
[   4.710914] HW.Memory <Error> core\memory.cpp:Memory::MemorySystem::Write:528: unmapped Write8 0x00000000 @ 0x00000AFD at PC 0x010F3548
[   4.710914] HW.Memory <Error> core\memory.cpp:Memory::MemorySystem::Write:528: unmapped Write8 0x00000000 @ 0x00000AFE at PC 0x010F3548
[   4.710915] HW.Memory <Error> core\memory.cpp:Memory::MemorySystem::Write:528: unmapped Write8 0x00000000 @ 0x00000AFF at PC 0x010F3548
[   4.710915] HW.Memory <Error> core\memory.cpp:Memory::MemorySystem::Write:528: unmapped Write8 0x00000000 @ 0x00000B00 at PC 0x010F3548
[   4.710916] HW.Memory <Error> core\memory.cpp:Memory::MemorySystem::Write:528: unmapped Write8 0x00000000 @ 0x00000B01 at PC 0x010F3548
[   4.710916] HW.Memory <Error> core\memory.cpp:Memory::MemorySystem::Write:528: unmapped Write8 0x00000000 @ 0x00000B02 at PC 0x010F3548
[   4.710916] HW.Memory <Error> core\memory.cpp:Memory::MemorySystem::Write:528: unmapped Write8 0x00000000 @ 0x00000B03 at PC 0x010F3548
[   4.710917] HW.Memory <Error> core\memory.cpp:Memory::MemorySystem::Write:528: unmapped Write8 0x00000000 @ 0x00000B04 at PC 0x010F3548
[   4.710917] HW.Memory <Error> core\memory.cpp:Memory::MemorySystem::Write:528: unmapped Write8 0x00000000 @ 0x00000B05 at PC 0x010F3548
[   4.710917] HW.Memory <Error> core\memory.cpp:Memory::MemorySystem::Write:528: unmapped Write8 0x00000000 @ 0x00000B06 at PC 0x010F3548
[   4.710918] HW.Memory <Error> core\memory.cpp:Memory::MemorySystem::Write:528: unmapped Write8 0x00000000 @ 0x00000B07 at PC 0x010F3548
[   4.710918] HW.Memory <Error> core\memory.cpp:Memory::MemorySystem::Write:528: unmapped Write8 0x00000000 @ 0x00000B08 at PC 0x010F3548
[   4.710919] HW.Memory <Error> core\memory.cpp:Memory::MemorySystem::Write:528: unmapped Write8 0x00000000 @ 0x00000B09 at PC 0x010F3548
[   4.710919] HW.Memory <Error> core\memory.cpp:Memory::MemorySystem::Write:528: unmapped Write8 0x00000000 @ 0x00000B0A at PC 0x010F3548
[   4.710919] HW.Memory <Error> core\memory.cpp:Memory::MemorySystem::Write:528: unmapped Write8 0x00000000 @ 0x00000B0B at PC 0x010F3548
[   4.710920] HW.Memory <Error> core\memory.cpp:Memory::MemorySystem::Write:528: unmapped Write8 0x00000000 @ 0x00000B0C at PC 0x010F3548
[   4.710920] HW.Memory <Error> core\memory.cpp:Memory::MemorySystem::Write:528: unmapped Write8 0x00000000 @ 0x00000B0D at PC 0x010F3548
[   4.710921] HW.Memory <Error> core\memory.cpp:Memory::MemorySystem::Write:528: unmapped Write8 0x00000000 @ 0x00000B0E at PC 0x010F3548
[   4.710921] HW.Memory <Error> core\memory.cpp:Memory::MemorySystem::Write:528: unmapped Write8 0x00000000 @ 0x00000B0F at PC 0x010F3548
[   4.710921] HW.Memory <Error> core\memory.cpp:Memory::MemorySystem::Write:528: unmapped Write8 0x00000000 @ 0x00000B10 at PC 0x010F3548
[   4.710922] HW.Memory <Error> core\memory.cpp:Memory::MemorySystem::Write:528: unmapped Write8 0x00000000 @ 0x00000B11 at PC 0x010F3548
[   4.710922] HW.Memory <Error> core\memory.cpp:Memory::MemorySystem::Write:528: unmapped Write8 0x00000000 @ 0x00000B12 at PC 0x010F3548
[   4.710922] HW.Memory <Error> core\memory.cpp:Memory::MemorySystem::Write:528: unmapped Write8 0x00000000 @ 0x00000B13 at PC 0x010F3548
[   4.710923] HW.Memory <Error> core\memory.cpp:Memory::MemorySystem::Write:528: unmapped Write8 0x00000000 @ 0x00000B14 at PC 0x010F3548
[   4.710923] HW.Memory <Error> core\memory.cpp:Memory::MemorySystem::Write:528: unmapped Write8 0x00000000 @ 0x00000B15 at PC 0x010F3548
[   4.710924] HW.Memory <Error> core\memory.cpp:Memory::MemorySystem::Write:528: unmapped Write8 0x00000000 @ 0x00000B16 at PC 0x010F3548
[   4.710924] HW.Memory <Error> core\memory.cpp:Memory::MemorySystem::Write:528: unmapped Write8 0x00000000 @ 0x00000B17 at PC 0x010F3548
[   4.710924] HW.Memory <Error> core\memory.cpp:Memory::MemorySystem::Write:528: unmapped Write8 0x00000000 @ 0x00000B18 at PC 0x010F3548
[   4.710925] HW.Memory <Error> core\memory.cpp:Memory::MemorySystem::Write:528: unmapped Write8 0x00000000 @ 0x00000B19 at PC 0x010F3548
[   4.710925] HW.Memory <Error> core\memory.cpp:Memory::MemorySystem::Write:528: unmapped Write8 0x00000000 @ 0x00000B1A at PC 0x010F3548
[   4.710925] HW.Memory <Error> core\memory.cpp:Memory::MemorySystem::Write:528: unmapped Write8 0x00000000 @ 0x00000B1B at PC 0x010F3548
[   4.710926] HW.Memory <Error> core\memory.cpp:Memory::MemorySystem::Write:528: unmapped Write8 0x00000000 @ 0x00000B1C at PC 0x010F3548
[   4.710926] HW.Memory <Error> core\memory.cpp:Memory::MemorySystem::Write:528: unmapped Write8 0x00000000 @ 0x00000B1D at PC 0x010F3548
[   4.710926] HW.Memory <Error> core\memory.cpp:Memory::MemorySystem::Write:528: unmapped Write8 0x00000000 @ 0x00000B1E at PC 0x010F3548
[   4.710927] HW.Memory <Error> core\memory.cpp:Memory::MemorySystem::Write:528: unmapped Write8 0x00000000 @ 0x00000B1F at PC 0x010F3548
[   4.710927] HW.Memory <Error> core\memory.cpp:Memory::MemorySystem::Write:528: unmapped Write8 0x00000000 @ 0x00000B20 at PC 0x010F3548
[   4.710928] HW.Memory <Error> core\memory.cpp:Memory::MemorySystem::Write:528: unmapped Write8 0x00000000 @ 0x00000B21 at PC 0x010F3548
[   4.710928] HW.Memory <Error> core\memory.cpp:Memory::MemorySystem::Write:528: unmapped Write8 0x00000000 @ 0x00000B22 at PC 0x010F3548
[   4.710929] HW.Memory <Error> core\memory.cpp:Memory::MemorySystem::Write:528: unmapped Write8 0x00000000 @ 0x00000B23 at PC 0x010F3548
[   4.710929] HW.Memory <Error> core\memory.cpp:Memory::MemorySystem::Write:528: unmapped Write8 0x00000000 @ 0x00000B24 at PC 0x010F3548
[   4.710929] HW.Memory <Error> core\memory.cpp:Memory::MemorySystem::Write:528: unmapped Write8 0x00000000 @ 0x00000B25 at PC 0x010F3548
[   4.710930] HW.Memory <Error> core\memory.cpp:Memory::MemorySystem::Write:528: unmapped Write8 0x00000000 @ 0x00000B26 at PC 0x010F3548
[   4.710930] HW.Memory <Error> core\memory.cpp:Memory::MemorySystem::Write:528: unmapped Write8 0x00000000 @ 0x00000B27 at PC 0x010F3548
[   4.710931] HW.Memory <Error> core\memory.cpp:Memory::MemorySystem::Write:528: unmapped Write8 0x00000000 @ 0x00000B28 at PC 0x010F3548
[   4.710931] HW.Memory <Error> core\memory.cpp:Memory::MemorySystem::Write:528: unmapped Write8 0x00000000 @ 0x00000B29 at PC 0x010F3548
[   4.710931] HW.Memory <Error> core\memory.cpp:Memory::MemorySystem::Write:528: unmapped Write8 0x00000000 @ 0x00000B2A at PC 0x010F3548
[   4.710932] HW.Memory <Error> core\memory.cpp:Memory::MemorySystem::Write:528: unmapped Write8 0x00000000 @ 0x00000B2B at PC 0x010F3548
[   4.710932] HW.Memory <Error> core\memory.cpp:Memory::MemorySystem::Write:528: unmapped Write8 0x00000000 @ 0x00000B2C at PC 0x010F3548
[   4.710932] HW.Memory <Error> core\memory.cpp:Memory::MemorySystem::Write:528: unmapped Write8 0x00000000 @ 0x00000B2D at PC 0x010F3548
[   4.710933] HW.Memory <Error> core\memory.cpp:Memory::MemorySystem::Write:528: unmapped Write8 0x00000000 @ 0x00000B2E at PC 0x010F3548
[   4.710933] HW.Memory <Error> core\memory.cpp:Memory::MemorySystem::Write:528: unmapped Write8 0x00000000 @ 0x00000B2F at PC 0x010F3548
[   4.710933] HW.Memory <Error> core\memory.cpp:Memory::MemorySystem::Write:528: unmapped Write8 0x00000000 @ 0x00000B30 at PC 0x010F3548
[   4.710934] HW.Memory <Error> core\memory.cpp:Memory::MemorySystem::Write:528: unmapped Write8 0x00000000 @ 0x00000B31 at PC 0x010F3548
[   4.710934] HW.Memory <Error> core\memory.cpp:Memory::MemorySystem::Write:528: unmapped Write8 0x00000000 @ 0x00000B32 at PC 0x010F3548
[   4.710936] HW.Memory <Error> core\memory.cpp:Memory::MemorySystem::Write:528: unmapped Write8 0x00000000 @ 0x00000B33 at PC 0x010F3548
[   4.710936] HW.Memory <Error> core\memory.cpp:Memory::MemorySystem::Write:528: unmapped Write8 0x00000000 @ 0x00000B34 at PC 0x010F3548
[   4.710936] HW.Memory <Error> core\memory.cpp:Memory::MemorySystem::Write:528: unmapped Write8 0x00000000 @ 0x00000B35 at PC 0x010F3548
[   4.710937] HW.Memory <Error> core\memory.cpp:Memory::MemorySystem::Write:528: unmapped Write8 0x00000000 @ 0x00000B36 at PC 0x010F3548
[   4.710937] HW.Memory <Error> core\memory.cpp:Memory::MemorySystem::Write:528: unmapped Write8 0x00000000 @ 0x00000B37 at PC 0x010F3548
[   4.710937] HW.Memory <Error> core\memory.cpp:Memory::MemorySystem::Write:528: unmapped Write8 0x00000000 @ 0x00000B38 at PC 0x010F3548
[   4.710938] HW.Memory <Error> core\memory.cpp:Memory::MemorySystem::Write:528: unmapped Write8 0x00000000 @ 0x00000B39 at PC 0x010F3548
[   4.710938] HW.Memory <Error> core\memory.cpp:Memory::MemorySystem::Write:528: unmapped Write8 0x00000000 @ 0x00000B3A at PC 0x010F3548
[   4.710938] HW.Memory <Error> core\memory.cpp:Memory::MemorySystem::Write:528: unmapped Write8 0x00000000 @ 0x00000B3B at PC 0x010F3548
[   4.710939] HW.Memory <Error> core\memory.cpp:Memory::MemorySystem::Write:528: unmapped Write8 0x00000000 @ 0x00000B3C at PC 0x010F3548
[   4.710939] HW.Memory <Error> core\memory.cpp:Memory::MemorySystem::Write:528: unmapped Write8 0x00000000 @ 0x00000B3D at PC 0x010F3548
[   4.710940] HW.Memory <Error> core\memory.cpp:Memory::MemorySystem::Write:528: unmapped Write8 0x00000000 @ 0x00000B3E at PC 0x010F3548
[   4.710940] HW.Memory <Error> core\memory.cpp:Memory::MemorySystem::Write:528: unmapped Write8 0x00000000 @ 0x00000B3F at PC 0x010F3548
[   4.710941] HW.Memory <Error> core\memory.cpp:Memory::MemorySystem::Write:528: unmapped Write8 0x00000000 @ 0x00000B40 at PC 0x010F3548
[   4.710941] HW.Memory <Error> core\memory.cpp:Memory::MemorySystem::Write:528: unmapped Write8 0x00000000 @ 0x00000B41 at PC 0x010F3548
[   4.710941] HW.Memory <Error> core\memory.cpp:Memory::MemorySystem::Write:528: unmapped Write8 0x00000000 @ 0x00000B42 at PC 0x010F3548
[   4.710942] HW.Memory <Error> core\memory.cpp:Memory::MemorySystem::Write:528: unmapped Write8 0x00000000 @ 0x00000B43 at PC 0x010F3548
[   4.710942] HW.Memory <Error> core\memory.cpp:Memory::MemorySystem::Write:528: unmapped Write8 0x00000000 @ 0x00000B44 at PC 0x010F3548
[   4.710943] HW.Memory <Error> core\memory.cpp:Memory::MemorySystem::Write:528: unmapped Write8 0x00000000 @ 0x00000B45 at PC 0x010F3548
[   4.710943] HW.Memory <Error> core\memory.cpp:Memory::MemorySystem::Write:528: unmapped Write8 0x00000000 @ 0x00000B46 at PC 0x010F3548
[   4.710943] HW.Memory <Error> core\memory.cpp:Memory::MemorySystem::Write:528: unmapped Write8 0x00000000 @ 0x00000B47 at PC 0x010F3548
[   4.710944] HW.Memory <Error> core\memory.cpp:Memory::MemorySystem::Write:528: unmapped Write8 0x00000000 @ 0x00000B48 at PC 0x010F3548
[   4.710944] HW.Memory <Error> core\memory.cpp:Memory::MemorySystem::Write:528: unmapped Write8 0x00000000 @ 0x00000B49 at PC 0x010F3548
[   4.710945] HW.Memory <Error> core\memory.cpp:Memory::MemorySystem::Write:528: unmapped Write8 0x00000000 @ 0x00000B4A at PC 0x010F3548
[   4.710945] HW.Memory <Error> core\memory.cpp:Memory::MemorySystem::Write:528: unmapped Write8 0x00000000 @ 0x00000B4B at PC 0x010F3548
[   4.710945] HW.Memory <Error> core\memory.cpp:Memory::MemorySystem::Write:528: unmapped Write8 0x00000000 @ 0x00000B4C at PC 0x010F3548
[   4.710946] HW.Memory <Error> core\memory.cpp:Memory::MemorySystem::Write:528: unmapped Write8 0x00000000 @ 0x00000B4D at PC 0x010F3548
[   4.710946] HW.Memory <Error> core\memory.cpp:Memory::MemorySystem::Write:528: unmapped Write8 0x00000000 @ 0x00000B4E at PC 0x010F3548
[   4.710946] HW.Memory <Error> core\memory.cpp:Memory::MemorySystem::Write:528: unmapped Write8 0x00000000 @ 0x00000B4F at PC 0x010F3548
[   4.710947] HW.Memory <Error> core\memory.cpp:Memory::MemorySystem::Write:528: unmapped Write8 0x00000000 @ 0x00000B50 at PC 0x010F3548
[   4.710947] HW.Memory <Error> core\memory.cpp:Memory::MemorySystem::Write:528: unmapped Write8 0x00000000 @ 0x00000B51 at PC 0x010F3548
[   4.710947] HW.Memory <Error> core\memory.cpp:Memory::MemorySystem::Write:528: unmapped Write8 0x00000000 @ 0x00000B52 at PC 0x010F3548
[   4.710948] HW.Memory <Error> core\memory.cpp:Memory::MemorySystem::Write:528: unmapped Write8 0x00000000 @ 0x00000B53 at PC 0x010F3548
[   4.710948] HW.Memory <Error> core\memory.cpp:Memory::MemorySystem::Write:528: unmapped Write8 0x00000000 @ 0x00000B54 at PC 0x010F3548
[   4.710949] HW.Memory <Error> core\memory.cpp:Memory::MemorySystem::Write:528: unmapped Write8 0x00000000 @ 0x00000B55 at PC 0x010F3548
[   4.710949] HW.Memory <Error> core\memory.cpp:Memory::MemorySystem::Write:528: unmapped Write8 0x00000000 @ 0x00000B56 at PC 0x010F3548
[   4.710949] HW.Memory <Error> core\memory.cpp:Memory::MemorySystem::Write:528: unmapped Write8 0x00000000 @ 0x00000B57 at PC 0x010F3548
[   4.710950] HW.Memory <Error> core\memory.cpp:Memory::MemorySystem::Write:528: unmapped Write8 0x00000000 @ 0x00000B58 at PC 0x010F3548
[   4.710950] HW.Memory <Error> core\memory.cpp:Memory::MemorySystem::Write:528: unmapped Write8 0x00000000 @ 0x00000B59 at PC 0x010F3548
[   4.710950] HW.Memory <Error> core\memory.cpp:Memory::MemorySystem::Write:528: unmapped Write8 0x00000000 @ 0x00000B5A at PC 0x010F3548
[   4.710951] HW.Memory <Error> core\memory.cpp:Memory::MemorySystem::Write:528: unmapped Write8 0x00000000 @ 0x00000B5B at PC 0x010F3548
[   4.710951] HW.Memory <Error> core\memory.cpp:Memory::MemorySystem::Write:528: unmapped Write8 0x00000000 @ 0x00000B5C at PC 0x010F3548
[   4.710952] HW.Memory <Error> core\memory.cpp:Memory::MemorySystem::Write:528: unmapped Write8 0x00000000 @ 0x00000B5D at PC 0x010F3548
[   4.710952] HW.Memory <Error> core\memory.cpp:Memory::MemorySystem::Write:528: unmapped Write8 0x00000000 @ 0x00000B5E at PC 0x010F3548
[   4.710952] HW.Memory <Error> core\memory.cpp:Memory::MemorySystem::Write:528: unmapped Write8 0x00000000 @ 0x00000B5F at PC 0x010F3548
[   4.710953] HW.Memory <Error> core\memory.cpp:Memory::MemorySystem::Write:528: unmapped Write8 0x00000000 @ 0x00000B60 at PC 0x010F3548
[   4.710953] HW.Memory <Error> core\memory.cpp:Memory::MemorySystem::Write:528: unmapped Write8 0x00000000 @ 0x00000B61 at PC 0x010F3548
[   4.710953] HW.Memory <Error> core\memory.cpp:Memory::MemorySystem::Write:528: unmapped Write8 0x00000000 @ 0x00000B62 at PC 0x010F3548
[   4.710954] HW.Memory <Error> core\memory.cpp:Memory::MemorySystem::Write:528: unmapped Write8 0x00000000 @ 0x00000B63 at PC 0x010F3548
[   4.710954] HW.Memory <Error> core\memory.cpp:Memory::MemorySystem::Write:528: unmapped Write8 0x00000000 @ 0x00000B64 at PC 0x010F3548
[   4.710954] HW.Memory <Error> core\memory.cpp:Memory::MemorySystem::Write:528: unmapped Write8 0x00000000 @ 0x00000B65 at PC 0x010F3548
[   4.710955] HW.Memory <Error> core\memory.cpp:Memory::MemorySystem::Write:528: unmapped Write8 0x00000000 @ 0x00000B66 at PC 0x010F3548
[   4.710955] HW.Memory <Error> core\memory.cpp:Memory::MemorySystem::Write:528: unmapped Write8 0x00000000 @ 0x00000B67 at PC 0x010F3548
[   4.710955] HW.Memory <Error> core\memory.cpp:Memory::MemorySystem::Write:528: unmapped Write8 0x00000000 @ 0x00000B68 at PC 0x010F3548
[   4.710956] HW.Memory <Error> core\memory.cpp:Memory::MemorySystem::Write:528: unmapped Write8 0x00000000 @ 0x00000B69 at PC 0x010F3548
[   4.710956] HW.Memory <Error> core\memory.cpp:Memory::MemorySystem::Write:528: unmapped Write8 0x00000000 @ 0x00000B6A at PC 0x010F3548
[   4.710957] HW.Memory <Error> core\memory.cpp:Memory::MemorySystem::Write:528: unmapped Write8 0x00000000 @ 0x00000B6B at PC 0x010F3548
[   4.710957] HW.Memory <Error> core\memory.cpp:Memory::MemorySystem::Write:528: unmapped Write8 0x00000000 @ 0x00000B6C at PC 0x010F3548
[   4.710957] HW.Memory <Error> core\memory.cpp:Memory::MemorySystem::Write:528: unmapped Write8 0x00000000 @ 0x00000B6D at PC 0x010F3548
[   4.710958] HW.Memory <Error> core\memory.cpp:Memory::MemorySystem::Write:528: unmapped Write8 0x00000000 @ 0x00000B6E at PC 0x010F3548
[   4.710958] HW.Memory <Error> core\memory.cpp:Memory::MemorySystem::Write:528: unmapped Write8 0x00000000 @ 0x00000B6F at PC 0x010F3548
[   4.710958] HW.Memory <Error> core\memory.cpp:Memory::MemorySystem::Write:528: unmapped Write8 0x00000000 @ 0x00000B70 at PC 0x010F3548
[   4.710959] HW.Memory <Error> core\memory.cpp:Memory::MemorySystem::Write:528: unmapped Write8 0x00000000 @ 0x00000B71 at PC 0x010F3548
[   4.710959] HW.Memory <Error> core\memory.cpp:Memory::MemorySystem::Write:528: unmapped Write8 0x00000000 @ 0x00000B72 at PC 0x010F3548
[   4.710959] HW.Memory <Error> core\memory.cpp:Memory::MemorySystem::Write:528: unmapped Write8 0x00000000 @ 0x00000B73 at PC 0x010F3548
[   4.710960] HW.Memory <Error> core\memory.cpp:Memory::MemorySystem::Write:528: unmapped Write8 0x00000000 @ 0x00000B74 at PC 0x010F3548
[   4.710960] HW.Memory <Error> core\memory.cpp:Memory::MemorySystem::Write:528: unmapped Write8 0x00000000 @ 0x00000B75 at PC 0x010F3548
[   4.710960] HW.Memory <Error> core\memory.cpp:Memory::MemorySystem::Write:528: unmapped Write8 0x00000000 @ 0x00000B76 at PC 0x010F3548
[   4.710961] HW.Memory <Error> core\memory.cpp:Memory::MemorySystem::Write:528: unmapped Write8 0x00000000 @ 0x00000B77 at PC 0x010F3548
[   4.710961] HW.Memory <Error> core\memory.cpp:Memory::MemorySystem::Write:528: unmapped Write8 0x00000000 @ 0x00000B78 at PC 0x010F3548
[   4.710962] HW.Memory <Error> core\memory.cpp:Memory::MemorySystem::Write:528: unmapped Write8 0x00000000 @ 0x00000B79 at PC 0x010F3548
[   4.710962] HW.Memory <Error> core\memory.cpp:Memory::MemorySystem::Write:528: unmapped Write8 0x00000000 @ 0x00000B7A at PC 0x010F3548
[   4.710962] HW.Memory <Error> core\memory.cpp:Memory::MemorySystem::Write:528: unmapped Write8 0x00000000 @ 0x00000B7B at PC 0x010F3548
[   4.710963] HW.Memory <Error> core\memory.cpp:Memory::MemorySystem::Write:528: unmapped Write8 0x00000000 @ 0x00000B7C at PC 0x010F3548
[   4.710963] HW.Memory <Error> core\memory.cpp:Memory::MemorySystem::Write:528: unmapped Write8 0x00000000 @ 0x00000B7D at PC 0x010F3548
[   4.710964] HW.Memory <Error> core\memory.cpp:Memory::MemorySystem::Write:528: unmapped Write8 0x00000000 @ 0x00000B7E at PC 0x010F3548
[   4.710964] HW.Memory <Error> core\memory.cpp:Memory::MemorySystem::Write:528: unmapped Write8 0x00000000 @ 0x00000B7F at PC 0x010F3548
[   4.710965] HW.Memory <Error> core\memory.cpp:Memory::MemorySystem::Write:528: unmapped Write8 0x00000000 @ 0x00000B80 at PC 0x010F3548
[   4.710965] HW.Memory <Error> core\memory.cpp:Memory::MemorySystem::Write:528: unmapped Write8 0x00000000 @ 0x00000B81 at PC 0x010F3548
[   4.710966] HW.Memory <Error> core\memory.cpp:Memory::MemorySystem::Write:528: unmapped Write8 0x00000000 @ 0x00000B82 at PC 0x010F3548
[   4.710966] HW.Memory <Error> core\memory.cpp:Memory::MemorySystem::Write:528: unmapped Write8 0x00000000 @ 0x00000B83 at PC 0x010F3548
[   4.710966] HW.Memory <Error> core\memory.cpp:Memory::MemorySystem::Write:528: unmapped Write8 0x00000000 @ 0x00000B84 at PC 0x010F3548
[   4.710967] HW.Memory <Error> core\memory.cpp:Memory::MemorySystem::Write:528: unmapped Write8 0x00000000 @ 0x00000B85 at PC 0x010F3548
[   4.710967] HW.Memory <Error> core\memory.cpp:Memory::MemorySystem::Write:528: unmapped Write8 0x00000000 @ 0x00000B86 at PC 0x010F3548
[   4.710968] HW.Memory <Error> core\memory.cpp:Memory::MemorySystem::Write:528: unmapped Write8 0x00000000 @ 0x00000B87 at PC 0x010F3548
[   4.710968] HW.Memory <Error> core\memory.cpp:Memory::MemorySystem::Write:528: unmapped Write8 0x00000000 @ 0x00000B88 at PC 0x010F3548
[   4.710969] HW.Memory <Error> core\memory.cpp:Memory::MemorySystem::Write:528: unmapped Write8 0x00000000 @ 0x00000B89 at PC 0x010F3548
[   4.710969] HW.Memory <Error> core\memory.cpp:Memory::MemorySystem::Write:528: unmapped Write8 0x00000000 @ 0x00000B8A at PC 0x010F3548
[   4.710969] HW.Memory <Error> core\memory.cpp:Memory::MemorySystem::Write:528: unmapped Write8 0x00000000 @ 0x00000B8B at PC 0x010F3548
[   4.710970] HW.Memory <Error> core\memory.cpp:Memory::MemorySystem::Write:528: unmapped Write8 0x00000000 @ 0x00000B8C at PC 0x010F3548
[   4.710970] HW.Memory <Error> core\memory.cpp:Memory::MemorySystem::Write:528: unmapped Write8 0x00000000 @ 0x00000B8D at PC 0x010F3548
[   4.710971] HW.Memory <Error> core\memory.cpp:Memory::MemorySystem::Write:528: unmapped Write8 0x00000000 @ 0x00000B8E at PC 0x010F3548
[   4.710971] HW.Memory <Error> core\memory.cpp:Memory::MemorySystem::Write:528: unmapped Write8 0x00000000 @ 0x00000B8F at PC 0x010F3548
[   4.710972] HW.Memory <Error> core\memory.cpp:Memory::MemorySystem::Write:528: unmapped Write8 0x00000000 @ 0x00000B90 at PC 0x010F3548
[   4.710972] HW.Memory <Error> core\memory.cpp:Memory::MemorySystem::Write:528: unmapped Write8 0x00000000 @ 0x00000B91 at PC 0x010F3548
[   4.710972] HW.Memory <Error> core\memory.cpp:Memory::MemorySystem::Write:528: unmapped Write8 0x00000000 @ 0x00000B92 at PC 0x010F3548
[   4.710973] HW.Memory <Error> core\memory.cpp:Memory::MemorySystem::Write:528: unmapped Write8 0x00000000 @ 0x00000B93 at PC 0x010F3548
[   4.710973] HW.Memory <Error> core\memory.cpp:Memory::MemorySystem::Write:528: unmapped Write8 0x00000000 @ 0x00000B94 at PC 0x010F3548
[   4.710974] HW.Memory <Error> core\memory.cpp:Memory::MemorySystem::Write:528: unmapped Write8 0x00000000 @ 0x00000B95 at PC 0x010F3548
[   4.710974] HW.Memory <Error> core\memory.cpp:Memory::MemorySystem::Write:528: unmapped Write8 0x00000000 @ 0x00000B96 at PC 0x010F3548
[   4.710974] HW.Memory <Error> core\memory.cpp:Memory::MemorySystem::Write:528: unmapped Write8 0x00000000 @ 0x00000B97 at PC 0x010F3548
[   4.710975] HW.Memory <Error> core\memory.cpp:Memory::MemorySystem::Write:528: unmapped Write8 0x00000000 @ 0x00000B98 at PC 0x010F3548
[   4.710975] HW.Memory <Error> core\memory.cpp:Memory::MemorySystem::Write:528: unmapped Write8 0x00000000 @ 0x00000B99 at PC 0x010F3548
[   4.710975] HW.Memory <Error> core\memory.cpp:Memory::MemorySystem::Write:528: unmapped Write8 0x00000000 @ 0x00000B9A at PC 0x010F3548
[   4.710976] HW.Memory <Error> core\memory.cpp:Memory::MemorySystem::Write:528: unmapped Write8 0x00000000 @ 0x00000B9B at PC 0x010F3548
[   4.710976] HW.Memory <Error> core\memory.cpp:Memory::MemorySystem::Write:528: unmapped Write8 0x00000000 @ 0x00000B9C at PC 0x010F3548
[   4.710976] HW.Memory <Error> core\memory.cpp:Memory::MemorySystem::Write:528: unmapped Write8 0x00000000 @ 0x00000B9D at PC 0x010F3548
[   4.710977] HW.Memory <Error> core\memory.cpp:Memory::MemorySystem::Write:528: unmapped Write8 0x00000000 @ 0x00000B9E at PC 0x010F3548
[   4.710977] HW.Memory <Error> core\memory.cpp:Memory::MemorySystem::Write:528: unmapped Write8 0x00000000 @ 0x00000B9F at PC 0x010F3548
[   4.710977] HW.Memory <Error> core\memory.cpp:Memory::MemorySystem::Write:528: unmapped Write8 0x00000000 @ 0x00000BA0 at PC 0x010F3548
[   4.710978] HW.Memory <Error> core\memory.cpp:Memory::MemorySystem::Write:528: unmapped Write8 0x00000000 @ 0x00000BA1 at PC 0x010F3548
[   4.710978] HW.Memory <Error> core\memory.cpp:Memory::MemorySystem::Write:528: unmapped Write8 0x00000000 @ 0x00000BA2 at PC 0x010F3548
[   4.710979] HW.Memory <Error> core\memory.cpp:Memory::MemorySystem::Write:528: unmapped Write8 0x00000000 @ 0x00000BA3 at PC 0x010F3548
[   4.710979] HW.Memory <Error> core\memory.cpp:Memory::MemorySystem::Write:528: unmapped Write8 0x00000000 @ 0x00000BA4 at PC 0x010F3548
[   4.710979] HW.Memory <Error> core\memory.cpp:Memory::MemorySystem::Write:528: unmapped Write8 0x00000000 @ 0x00000BA5 at PC 0x010F3548
[   4.710980] HW.Memory <Error> core\memory.cpp:Memory::MemorySystem::Write:528: unmapped Write8 0x00000000 @ 0x00000BA6 at PC 0x010F3548
[   4.710980] HW.Memory <Error> core\memory.cpp:Memory::MemorySystem::Write:528: unmapped Write8 0x00000000 @ 0x00000BA7 at PC 0x010F3548
[   4.710980] HW.Memory <Error> core\memory.cpp:Memory::MemorySystem::Write:528: unmapped Write8 0x00000000 @ 0x00000BA8 at PC 0x010F3548
[   4.710981] HW.Memory <Error> core\memory.cpp:Memory::MemorySystem::Write:528: unmapped Write8 0x00000000 @ 0x00000BA9 at PC 0x010F3548
[   4.710981] HW.Memory <Error> core\memory.cpp:Memory::MemorySystem::Write:528: unmapped Write8 0x00000000 @ 0x00000BAA at PC 0x010F3548
[   4.710981] HW.Memory <Error> core\memory.cpp:Memory::MemorySystem::Write:528: unmapped Write8 0x00000000 @ 0x00000BAB at PC 0x010F3548
[   4.710982] HW.Memory <Error> core\memory.cpp:Memory::MemorySystem::Write:528: unmapped Write8 0x00000000 @ 0x00000BAC at PC 0x010F3548
[   4.710982] HW.Memory <Error> core\memory.cpp:Memory::MemorySystem::Write:528: unmapped Write8 0x00000000 @ 0x00000BAD at PC 0x010F3548
[   4.710982] HW.Memory <Error> core\memory.cpp:Memory::MemorySystem::Write:528: unmapped Write8 0x00000000 @ 0x00000BAE at PC 0x010F3548
[   4.710983] HW.Memory <Error> core\memory.cpp:Memory::MemorySystem::Write:528: unmapped Write8 0x00000000 @ 0x00000BAF at PC 0x010F3548
[   4.710983] HW.Memory <Error> core\memory.cpp:Memory::MemorySystem::Write:528: unmapped Write8 0x00000000 @ 0x00000BB0 at PC 0x010F3548
[   4.710984] HW.Memory <Error> core\memory.cpp:Memory::MemorySystem::Write:528: unmapped Write8 0x00000000 @ 0x00000BB1 at PC 0x010F3548
[   4.710984] HW.Memory <Error> core\memory.cpp:Memory::MemorySystem::Write:528: unmapped Write8 0x00000000 @ 0x00000BB2 at PC 0x010F3548
[   4.710984] HW.Memory <Error> core\memory.cpp:Memory::MemorySystem::Write:528: unmapped Write8 0x00000000 @ 0x00000BB3 at PC 0x010F3548
[   4.710985] HW.Memory <Error> core\memory.cpp:Memory::MemorySystem::Write:528: unmapped Write8 0x00000000 @ 0x00000BB4 at PC 0x010F3548
[   4.710985] HW.Memory <Error> core\memory.cpp:Memory::MemorySystem::Write:528: unmapped Write8 0x00000000 @ 0x00000BB5 at PC 0x010F3548
[   4.710986] HW.Memory <Error> core\memory.cpp:Memory::MemorySystem::Write:528: unmapped Write8 0x00000000 @ 0x00000BB6 at PC 0x010F3548
[   4.710986] HW.Memory <Error> core\memory.cpp:Memory::MemorySystem::Write:528: unmapped Write8 0x00000000 @ 0x00000BB7 at PC 0x010F3548
[   4.710986] HW.Memory <Error> core\memory.cpp:Memory::MemorySystem::Write:528: unmapped Write8 0x00000000 @ 0x00000BB8 at PC 0x010F3548
[   4.710987] HW.Memory <Error> core\memory.cpp:Memory::MemorySystem::Write:528: unmapped Write8 0x00000000 @ 0x00000BB9 at PC 0x010F3548
[   4.710987] HW.Memory <Error> core\memory.cpp:Memory::MemorySystem::Write:528: unmapped Write8 0x00000000 @ 0x00000BBA at PC 0x010F3548
[   4.710987] HW.Memory <Error> core\memory.cpp:Memory::MemorySystem::Write:528: unmapped Write8 0x00000000 @ 0x00000BBB at PC 0x010F3548
[   4.710988] HW.Memory <Error> core\memory.cpp:Memory::MemorySystem::Write:528: unmapped Write8 0x00000000 @ 0x00000BBC at PC 0x010F3548
[   4.710988] HW.Memory <Error> core\memory.cpp:Memory::MemorySystem::Write:528: unmapped Write8 0x00000000 @ 0x00000BBD at PC 0x010F3548
[   4.710989] HW.Memory <Error> core\memory.cpp:Memory::MemorySystem::Write:528: unmapped Write8 0x00000000 @ 0x00000BBE at PC 0x010F3548
[   4.710989] HW.Memory <Error> core\memory.cpp:Memory::MemorySystem::Write:528: unmapped Write8 0x00000000 @ 0x00000BBF at PC 0x010F3548
[   4.710990] HW.Memory <Error> core\memory.cpp:Memory::MemorySystem::Write:528: unmapped Write8 0x00000000 @ 0x00000BC0 at PC 0x010F3548
[   4.710990] HW.Memory <Error> core\memory.cpp:Memory::MemorySystem::Write:528: unmapped Write8 0x00000000 @ 0x00000BC1 at PC 0x010F3548
[   4.710990] HW.Memory <Error> core\memory.cpp:Memory::MemorySystem::Write:528: unmapped Write8 0x00000000 @ 0x00000BC2 at PC 0x010F3548
[   4.710991] HW.Memory <Error> core\memory.cpp:Memory::MemorySystem::Write:528: unmapped Write8 0x00000000 @ 0x00000BC3 at PC 0x010F3548
[   4.710991] HW.Memory <Error> core\memory.cpp:Memory::MemorySystem::Write:528: unmapped Write8 0x00000000 @ 0x00000BC4 at PC 0x010F3548
[   4.710992] HW.Memory <Error> core\memory.cpp:Memory::MemorySystem::Write:528: unmapped Write8 0x00000000 @ 0x00000BC5 at PC 0x010F3548
[   4.710992] HW.Memory <Error> core\memory.cpp:Memory::MemorySystem::Write:528: unmapped Write8 0x00000000 @ 0x00000BC6 at PC 0x010F3548
[   4.710992] HW.Memory <Error> core\memory.cpp:Memory::MemorySystem::Write:528: unmapped Write8 0x00000000 @ 0x00000BC7 at PC 0x010F3548
[   4.710993] HW.Memory <Error> core\memory.cpp:Memory::MemorySystem::Write:528: unmapped Write8 0x00000000 @ 0x00000BC8 at PC 0x010F3548
[   4.710993] HW.Memory <Error> core\memory.cpp:Memory::MemorySystem::Write:528: unmapped Write8 0x00000000 @ 0x00000BC9 at PC 0x010F3548
[   4.710993] HW.Memory <Error> core\memory.cpp:Memory::MemorySystem::Write:528: unmapped Write8 0x00000000 @ 0x00000BCA at PC 0x010F3548
[   4.710994] HW.Memory <Error> core\memory.cpp:Memory::MemorySystem::Write:528: unmapped Write8 0x00000000 @ 0x00000BCB at PC 0x010F3548
[   4.710994] HW.Memory <Error> core\memory.cpp:Memory::MemorySystem::Write:528: unmapped Write8 0x00000000 @ 0x00000BCC at PC 0x010F3548
[   4.710994] HW.Memory <Error> core\memory.cpp:Memory::MemorySystem::Write:528: unmapped Write8 0x00000000 @ 0x00000BCD at PC 0x010F3548
[   4.710995] HW.Memory <Error> core\memory.cpp:Memory::MemorySystem::Write:528: unmapped Write8 0x00000000 @ 0x00000BCE at PC 0x010F3548
[   4.710995] HW.Memory <Error> core\memory.cpp:Memory::MemorySystem::Write:528: unmapped Write8 0x00000000 @ 0x00000BCF at PC 0x010F3548
[   4.710996] HW.Memory <Error> core\memory.cpp:Memory::MemorySystem::Write:528: unmapped Write8 0x00000000 @ 0x00000BD0 at PC 0x010F3548
[   4.710996] HW.Memory <Error> core\memory.cpp:Memory::MemorySystem::Write:528: unmapped Write8 0x00000000 @ 0x00000BD1 at PC 0x010F3548
[   4.710996] HW.Memory <Error> core\memory.cpp:Memory::MemorySystem::Write:528: unmapped Write8 0x00000000 @ 0x00000BD2 at PC 0x010F3548
[   4.710997] HW.Memory <Error> core\memory.cpp:Memory::MemorySystem::Write:528: unmapped Write8 0x00000000 @ 0x00000BD3 at PC 0x010F3548
[   4.710997] HW.Memory <Error> core\memory.cpp:Memory::MemorySystem::Write:528: unmapped Write8 0x00000000 @ 0x00000BD4 at PC 0x010F3548
[   4.710998] HW.Memory <Error> core\memory.cpp:Memory::MemorySystem::Write:528: unmapped Write8 0x00000000 @ 0x00000BD5 at PC 0x010F3548
[   4.710998] HW.Memory <Error> core\memory.cpp:Memory::MemorySystem::Write:528: unmapped Write8 0x00000000 @ 0x00000BD6 at PC 0x010F3548
[   4.710998] HW.Memory <Error> core\memory.cpp:Memory::MemorySystem::Write:528: unmapped Write8 0x00000000 @ 0x00000BD7 at PC 0x010F3548
[   4.710999] HW.Memory <Error> core\memory.cpp:Memory::MemorySystem::Write:528: unmapped Write8 0x00000000 @ 0x00000BD8 at PC 0x010F3548
[   4.710999] HW.Memory <Error> core\memory.cpp:Memory::MemorySystem::Write:528: unmapped Write8 0x00000000 @ 0x00000BD9 at PC 0x010F3548
[   4.711000] HW.Memory <Error> core\memory.cpp:Memory::MemorySystem::Write:528: unmapped Write8 0x00000000 @ 0x00000BDA at PC 0x010F3548
[   4.711000] HW.Memory <Error> core\memory.cpp:Memory::MemorySystem::Write:528: unmapped Write8 0x00000000 @ 0x00000BDB at PC 0x010F3548
[   4.711000] HW.Memory <Error> core\memory.cpp:Memory::MemorySystem::Write:528: unmapped Write8 0x00000000 @ 0x00000BDC at PC 0x010F3548
[   4.711001] HW.Memory <Error> core\memory.cpp:Memory::MemorySystem::Write:528: unmapped Write8 0x00000000 @ 0x00000BDD at PC 0x010F3548
[   4.711001] HW.Memory <Error> core\memory.cpp:Memory::MemorySystem::Write:528: unmapped Write8 0x00000000 @ 0x00000BDE at PC 0x010F3548
[   4.711001] HW.Memory <Error> core\memory.cpp:Memory::MemorySystem::Write:528: unmapped Write8 0x00000000 @ 0x00000BDF at PC 0x010F3548
[   4.711002] HW.Memory <Error> core\memory.cpp:Memory::MemorySystem::Write:528: unmapped Write8 0x00000000 @ 0x00000BE0 at PC 0x010F3548
[   4.711002] HW.Memory <Error> core\memory.cpp:Memory::MemorySystem::Write:528: unmapped Write8 0x00000000 @ 0x00000BE1 at PC 0x010F3548
[   4.711003] HW.Memory <Error> core\memory.cpp:Memory::MemorySystem::Write:528: unmapped Write8 0x00000000 @ 0x00000BE2 at PC 0x010F3548
[   4.711003] HW.Memory <Error> core\memory.cpp:Memory::MemorySystem::Write:528: unmapped Write8 0x00000000 @ 0x00000BE3 at PC 0x010F3548
[   4.711003] HW.Memory <Error> core\memory.cpp:Memory::MemorySystem::Write:528: unmapped Write8 0x00000000 @ 0x00000BE4 at PC 0x010F3548
[   4.711004] HW.Memory <Error> core\memory.cpp:Memory::MemorySystem::Write:528: unmapped Write8 0x00000000 @ 0x00000BE5 at PC 0x010F3548
[   4.711004] HW.Memory <Error> core\memory.cpp:Memory::MemorySystem::Write:528: unmapped Write8 0x00000000 @ 0x00000BE6 at PC 0x010F3548
[   4.711005] HW.Memory <Error> core\memory.cpp:Memory::MemorySystem::Write:528: unmapped Write8 0x00000000 @ 0x00000BE7 at PC 0x010F3548
[   4.711005] HW.Memory <Error> core\memory.cpp:Memory::MemorySystem::Write:528: unmapped Write8 0x00000000 @ 0x00000BE8 at PC 0x010F3548
[   4.711006] HW.Memory <Error> core\memory.cpp:Memory::MemorySystem::Write:528: unmapped Write8 0x00000000 @ 0x00000BE9 at PC 0x010F3548
[   4.711006] HW.Memory <Error> core\memory.cpp:Memory::MemorySystem::Write:528: unmapped Write8 0x00000000 @ 0x00000BEA at PC 0x010F3548
[   4.711007] HW.Memory <Error> core\memory.cpp:Memory::MemorySystem::Write:528: unmapped Write8 0x00000000 @ 0x00000BEB at PC 0x010F3548
[   4.711007] HW.Memory <Error> core\memory.cpp:Memory::MemorySystem::Write:528: unmapped Write8 0x00000000 @ 0x00000BEC at PC 0x010F3548
[   4.711007] HW.Memory <Error> core\memory.cpp:Memory::MemorySystem::Write:528: unmapped Write8 0x00000000 @ 0x00000BED at PC 0x010F3548
[   4.711008] HW.Memory <Error> core\memory.cpp:Memory::MemorySystem::Write:528: unmapped Write8 0x00000000 @ 0x00000BEE at PC 0x010F3548
[   4.711008] HW.Memory <Error> core\memory.cpp:Memory::MemorySystem::Write:528: unmapped Write8 0x00000000 @ 0x00000BEF at PC 0x010F3548
[   4.711009] HW.Memory <Error> core\memory.cpp:Memory::MemorySystem::Write:528: unmapped Write8 0x00000000 @ 0x00000BF0 at PC 0x010F3548
[   4.711009] HW.Memory <Error> core\memory.cpp:Memory::MemorySystem::Write:528: unmapped Write8 0x00000000 @ 0x00000BF1 at PC 0x010F3548
[   4.711009] HW.Memory <Error> core\memory.cpp:Memory::MemorySystem::Write:528: unmapped Write8 0x00000000 @ 0x00000BF2 at PC 0x010F3548
[   4.711010] HW.Memory <Error> core\memory.cpp:Memory::MemorySystem::Write:528: unmapped Write8 0x00000000 @ 0x00000BF3 at PC 0x010F3548
[   4.711011] HW.Memory <Error> core\memory.cpp:Memory::MemorySystem::Write:528: unmapped Write8 0x00000000 @ 0x00000BF4 at PC 0x010F3548
[   4.711011] HW.Memory <Error> core\memory.cpp:Memory::MemorySystem::Write:528: unmapped Write8 0x00000000 @ 0x00000BF5 at PC 0x010F3548
[   4.711011] HW.Memory <Error> core\memory.cpp:Memory::MemorySystem::Write:528: unmapped Write8 0x00000000 @ 0x00000BF6 at PC 0x010F3548
[   4.711012] HW.Memory <Error> core\memory.cpp:Memory::MemorySystem::Write:528: unmapped Write8 0x00000000 @ 0x00000BF7 at PC 0x010F3548
[   4.711012] HW.Memory <Error> core\memory.cpp:Memory::MemorySystem::Write:528: unmapped Write8 0x00000000 @ 0x00000BF8 at PC 0x010F3548
[   4.711013] HW.Memory <Error> core\memory.cpp:Memory::MemorySystem::Write:528: unmapped Write8 0x00000000 @ 0x00000BF9 at PC 0x010F3548
[   4.711013] HW.Memory <Error> core\memory.cpp:Memory::MemorySystem::Write:528: unmapped Write8 0x00000000 @ 0x00000BFA at PC 0x010F3548
[   4.711013] HW.Memory <Error> core\memory.cpp:Memory::MemorySystem::Write:528: unmapped Write8 0x00000000 @ 0x00000BFB at PC 0x010F3548
[   4.711014] HW.Memory <Error> core\memory.cpp:Memory::MemorySystem::Write:528: unmapped Write8 0x00000000 @ 0x00000BFC at PC 0x010F3548
[   4.711014] HW.Memory <Error> core\memory.cpp:Memory::MemorySystem::Write:528: unmapped Write8 0x00000000 @ 0x00000BFD at PC 0x010F3548
[   4.711015] HW.Memory <Error> core\memory.cpp:Memory::MemorySystem::Write:528: unmapped Write8 0x00000000 @ 0x00000BFE at PC 0x010F3548
[   4.711015] HW.Memory <Error> core\memory.cpp:Memory::MemorySystem::Write:528: unmapped Write8 0x00000000 @ 0x00000BFF at PC 0x010F3548
[   4.711016] HW.Memory <Error> core\memory.cpp:Memory::MemorySystem::Write:528: unmapped Write8 0x00000000 @ 0x00000C00 at PC 0x010F3548
[   4.711016] HW.Memory <Error> core\memory.cpp:Memory::MemorySystem::Write:528: unmapped Write8 0x00000000 @ 0x00000C01 at PC 0x010F3548
[   4.711016] HW.Memory <Error> core\memory.cpp:Memory::MemorySystem::Write:528: unmapped Write8 0x00000000 @ 0x00000C02 at PC 0x010F3548
[   4.711017] HW.Memory <Error> core\memory.cpp:Memory::MemorySystem::Write:528: unmapped Write8 0x00000000 @ 0x00000C03 at PC 0x010F3548
[   4.711017] HW.Memory <Error> core\memory.cpp:Memory::MemorySystem::Write:528: unmapped Write8 0x00000000 @ 0x00000C04 at PC 0x010F3548
[   4.711017] HW.Memory <Error> core\memory.cpp:Memory::MemorySystem::Write:528: unmapped Write8 0x00000000 @ 0x00000C05 at PC 0x010F3548
[   4.711018] HW.Memory <Error> core\memory.cpp:Memory::MemorySystem::Write:528: unmapped Write8 0x00000000 @ 0x00000C06 at PC 0x010F3548
[   4.711018] HW.Memory <Error> core\memory.cpp:Memory::MemorySystem::Write:528: unmapped Write8 0x00000000 @ 0x00000C07 at PC 0x010F3548
[   4.711019] HW.Memory <Error> core\memory.cpp:Memory::MemorySystem::Write:528: unmapped Write8 0x00000000 @ 0x00000C08 at PC 0x010F3548
[   4.711019] HW.Memory <Error> core\memory.cpp:Memory::MemorySystem::Write:528: unmapped Write8 0x00000000 @ 0x00000C09 at PC 0x010F3548
[   4.711019] HW.Memory <Error> core\memory.cpp:Memory::MemorySystem::Write:528: unmapped Write8 0x00000000 @ 0x00000C0A at PC 0x010F3548
[   4.711020] HW.Memory <Error> core\memory.cpp:Memory::MemorySystem::Write:528: unmapped Write8 0x00000000 @ 0x00000C0B at PC 0x010F3548
[   4.711020] HW.Memory <Error> core\memory.cpp:Memory::MemorySystem::Write:528: unmapped Write8 0x00000000 @ 0x00000C0C at PC 0x010F3548
[   4.711020] HW.Memory <Error> core\memory.cpp:Memory::MemorySystem::Write:528: unmapped Write8 0x00000000 @ 0x00000C0D at PC 0x010F3548
[   4.711021] HW.Memory <Error> core\memory.cpp:Memory::MemorySystem::Write:528: unmapped Write8 0x00000000 @ 0x00000C0E at PC 0x010F3548
[   4.711021] HW.Memory <Error> core\memory.cpp:Memory::MemorySystem::Write:528: unmapped Write8 0x00000000 @ 0x00000C0F at PC 0x010F3548
[   4.711022] HW.Memory <Error> core\memory.cpp:Memory::MemorySystem::Write:528: unmapped Write8 0x00000000 @ 0x00000C10 at PC 0x010F3548
[   4.711022] HW.Memory <Error> core\memory.cpp:Memory::MemorySystem::Write:528: unmapped Write8 0x00000000 @ 0x00000C11 at PC 0x010F3548
[   4.711023] HW.Memory <Error> core\memory.cpp:Memory::MemorySystem::Write:528: unmapped Write8 0x00000000 @ 0x00000C12 at PC 0x010F3548
[   4.711023] HW.Memory <Error> core\memory.cpp:Memory::MemorySystem::Write:528: unmapped Write8 0x00000000 @ 0x00000C13 at PC 0x010F3548
[   4.711023] HW.Memory <Error> core\memory.cpp:Memory::MemorySystem::Write:528: unmapped Write8 0x00000000 @ 0x00000C14 at PC 0x010F3548
[   4.711024] HW.Memory <Error> core\memory.cpp:Memory::MemorySystem::Write:528: unmapped Write8 0x00000000 @ 0x00000C15 at PC 0x010F3548
[   4.711024] HW.Memory <Error> core\memory.cpp:Memory::MemorySystem::Write:528: unmapped Write8 0x00000000 @ 0x00000C16 at PC 0x010F3548
[   4.711024] HW.Memory <Error> core\memory.cpp:Memory::MemorySystem::Write:528: unmapped Write8 0x00000000 @ 0x00000C17 at PC 0x010F3548
[   4.711025] HW.Memory <Error> core\memory.cpp:Memory::MemorySystem::Write:528: unmapped Write8 0x00000000 @ 0x00000C18 at PC 0x010F3548
[   4.711025] HW.Memory <Error> core\memory.cpp:Memory::MemorySystem::Write:528: unmapped Write8 0x00000000 @ 0x00000C19 at PC 0x010F3548
[   4.711025] HW.Memory <Error> core\memory.cpp:Memory::MemorySystem::Write:528: unmapped Write8 0x00000000 @ 0x00000C1A at PC 0x010F3548
[   4.711026] HW.Memory <Error> core\memory.cpp:Memory::MemorySystem::Write:528: unmapped Write8 0x00000000 @ 0x00000C1B at PC 0x010F3548
[   4.711026] HW.Memory <Error> core\memory.cpp:Memory::MemorySystem::Write:528: unmapped Write8 0x00000000 @ 0x00000C1C at PC 0x010F3548
[   4.711026] HW.Memory <Error> core\memory.cpp:Memory::MemorySystem::Write:528: unmapped Write8 0x00000000 @ 0x00000C1D at PC 0x010F3548
[   4.711027] HW.Memory <Error> core\memory.cpp:Memory::MemorySystem::Write:528: unmapped Write8 0x00000000 @ 0x00000C1E at PC 0x010F3548
[   4.711027] HW.Memory <Error> core\memory.cpp:Memory::MemorySystem::Write:528: unmapped Write8 0x00000000 @ 0x00000C1F at PC 0x010F3548
[   4.711028] HW.Memory <Error> core\memory.cpp:Memory::MemorySystem::Write:528: unmapped Write8 0x00000000 @ 0x00000C20 at PC 0x010F3548
[   4.711029] HW.Memory <Error> core\memory.cpp:Memory::MemorySystem::Write:528: unmapped Write8 0x00000000 @ 0x00000C21 at PC 0x010F3548
[   4.711029] HW.Memory <Error> core\memory.cpp:Memory::MemorySystem::Write:528: unmapped Write8 0x00000000 @ 0x00000C22 at PC 0x010F3548
[   4.711029] HW.Memory <Error> core\memory.cpp:Memory::MemorySystem::Write:528: unmapped Write8 0x00000000 @ 0x00000C23 at PC 0x010F3548
[   4.711030] HW.Memory <Error> core\memory.cpp:Memory::MemorySystem::Write:528: unmapped Write8 0x00000000 @ 0x00000C24 at PC 0x010F3548
[   4.711030] HW.Memory <Error> core\memory.cpp:Memory::MemorySystem::Write:528: unmapped Write8 0x00000000 @ 0x00000C25 at PC 0x010F3548
[   4.711030] HW.Memory <Error> core\memory.cpp:Memory::MemorySystem::Write:528: unmapped Write8 0x00000000 @ 0x00000C26 at PC 0x010F3548
[   4.711031] HW.Memory <Error> core\memory.cpp:Memory::MemorySystem::Write:528: unmapped Write8 0x00000000 @ 0x00000C27 at PC 0x010F3548
[   4.711032] HW.Memory <Error> core\memory.cpp:Memory::MemorySystem::Read:479: unmapped Read8 @ 0x00000C28 at PC 0x010F348C
[   4.711033] HW.Memory <Error> core\memory.cpp:Memory::MemorySystem::Read:479: unmapped Read8 @ 0x00000828 at PC 0x010F348C
[   4.711033] HW.Memory <Error> core\memory.cpp:Memory::MemorySystem::Write:528: unmapped Write16 0x00000000 @ 0x00000024 at PC 0x010F34D0
[   4.711275] HW.Memory <Error> core\memory.cpp:Memory::MemorySystem::Impl::ReadBlockImpl:178: unmapped ReadBlock @ 0x00000024 (start address = 0x00000024, size = 2) at PC 0x010F0A78
[   4.711283] Service.FS <Error> core\file_sys\archive_sdmc.cpp:FileSys::SDMCArchive::OpenFileBase:64: Invalid path [Wchar: ]
[   4.716653] HW.Memory <Error> core\memory.cpp:Memory::MemorySystem::Write:528: unmapped Write8 0x0000002F @ 0x00000828 at PC 0x010F3548
[   4.716655] HW.Memory <Error> core\memory.cpp:Memory::MemorySystem::Write:528: unmapped Write8 0x0000006F @ 0x00000829 at PC 0x010F3548
[   4.716655] HW.Memory <Error> core\memory.cpp:Memory::MemorySystem::Write:528: unmapped Write8 0x00000070 @ 0x0000082A at PC 0x010F3548
[   4.716656] HW.Memory <Error> core\memory.cpp:Memory::MemorySystem::Write:528: unmapped Write8 0x00000065 @ 0x0000082B at PC 0x010F3548
[   4.716656] HW.Memory <Error> core\memory.cpp:Memory::MemorySystem::Write:528: unmapped Write8 0x0000006E @ 0x0000082C at PC 0x010F3548
[   4.716656] HW.Memory <Error> core\memory.cpp:Memory::MemorySystem::Write:528: unmapped Write8 0x00000073 @ 0x0000082D at PC 0x010F3548
[   4.716657] HW.Memory <Error> core\memory.cpp:Memory::MemorySystem::Write:528: unmapped Write8 0x00000062 @ 0x0000082E at PC 0x010F3548
[   4.716657] HW.Memory <Error> core\memory.cpp:Memory::MemorySystem::Write:528: unmapped Write8 0x0000005F @ 0x0000082F at PC 0x010F3548
[   4.716657] HW.Memory <Error> core\memory.cpp:Memory::MemorySystem::Write:528: unmapped Write8 0x0000006D @ 0x00000830 at PC 0x010F3548
[   4.716658] HW.Memory <Error> core\memory.cpp:Memory::MemorySystem::Write:528: unmapped Write8 0x00000061 @ 0x00000831 at PC 0x010F3548
[   4.716658] HW.Memory <Error> core\memory.cpp:Memory::MemorySystem::Write:528: unmapped Write8 0x00000069 @ 0x00000832 at PC 0x010F3548
[   4.716659] HW.Memory <Error> core\memory.cpp:Memory::MemorySystem::Write:528: unmapped Write8 0x0000006E @ 0x00000833 at PC 0x010F3548
[   4.716659] HW.Memory <Error> core\memory.cpp:Memory::MemorySystem::Write:528: unmapped Write8 0x0000002E @ 0x00000834 at PC 0x010F3548
[   4.716659] HW.Memory <Error> core\memory.cpp:Memory::MemorySystem::Write:528: unmapped Write8 0x0000006C @ 0x00000835 at PC 0x010F3548
[   4.716660] HW.Memory <Error> core\memory.cpp:Memory::MemorySystem::Write:528: unmapped Write8 0x0000006F @ 0x00000836 at PC 0x010F3548
[   4.716660] HW.Memory <Error> core\memory.cpp:Memory::MemorySystem::Write:528: unmapped Write8 0x00000067 @ 0x00000837 at PC 0x010F3548
[   4.716660] HW.Memory <Error> core\memory.cpp:Memory::MemorySystem::Write:528: unmapped Write8 0x00000000 @ 0x00000838 at PC 0x010F3548
[   4.716661] HW.Memory <Error> core\memory.cpp:Memory::MemorySystem::Write:528: unmapped Write8 0x00000000 @ 0x00000839 at PC 0x010F3548
[   4.716661] HW.Memory <Error> core\memory.cpp:Memory::MemorySystem::Write:528: unmapped Write8 0x00000000 @ 0x0000083A at PC 0x010F3548
[   4.716662] HW.Memory <Error> core\memory.cpp:Memory::MemorySystem::Write:528: unmapped Write8 0x00000000 @ 0x0000083B at PC 0x010F3548
[   4.716662] HW.Memory <Error> core\memory.cpp:Memory::MemorySystem::Write:528: unmapped Write8 0x00000000 @ 0x0000083C at PC 0x010F3548
[   4.716662] HW.Memory <Error> core\memory.cpp:Memory::MemorySystem::Write:528: unmapped Write8 0x00000000 @ 0x0000083D at PC 0x010F3548
[   4.716663] HW.Memory <Error> core\memory.cpp:Memory::MemorySystem::Write:528: unmapped Write8 0x00000000 @ 0x0000083E at PC 0x010F3548
[   4.716663] HW.Memory <Error> core\memory.cpp:Memory::MemorySystem::Write:528: unmapped Write8 0x00000000 @ 0x0000083F at PC 0x010F3548
[   4.716664] HW.Memory <Error> core\memory.cpp:Memory::MemorySystem::Write:528: unmapped Write8 0x00000000 @ 0x00000840 at PC 0x010F3548
[   4.716664] HW.Memory <Error> core\memory.cpp:Memory::MemorySystem::Write:528: unmapped Write8 0x00000000 @ 0x00000841 at PC 0x010F3548
[   4.716665] HW.Memory <Error> core\memory.cpp:Memory::MemorySystem::Write:528: unmapped Write8 0x00000000 @ 0x00000842 at PC 0x010F3548
[   4.716666] HW.Memory <Error> core\memory.cpp:Memory::MemorySystem::Write:528: unmapped Write8 0x00000000 @ 0x00000843 at PC 0x010F3548
[   4.716666] HW.Memory <Error> core\memory.cpp:Memory::MemorySystem::Write:528: unmapped Write8 0x00000000 @ 0x00000844 at PC 0x010F3548
[   4.716667] HW.Memory <Error> core\memory.cpp:Memory::MemorySystem::Write:528: unmapped Write8 0x00000000 @ 0x00000845 at PC 0x010F3548
[   4.716667] HW.Memory <Error> core\memory.cpp:Memory::MemorySystem::Write:528: unmapped Write8 0x00000000 @ 0x00000846 at PC 0x010F3548
[   4.716668] HW.Memory <Error> core\memory.cpp:Memory::MemorySystem::Write:528: unmapped Write8 0x00000000 @ 0x00000847 at PC 0x010F3548
[   4.716668] HW.Memory <Error> core\memory.cpp:Memory::MemorySystem::Write:528: unmapped Write8 0x00000000 @ 0x00000848 at PC 0x010F3548
[   4.716669] HW.Memory <Error> core\memory.cpp:Memory::MemorySystem::Write:528: unmapped Write8 0x00000000 @ 0x00000849 at PC 0x010F3548
[   4.716669] HW.Memory <Error> core\memory.cpp:Memory::MemorySystem::Write:528: unmapped Write8 0x00000000 @ 0x0000084A at PC 0x010F3548
[   4.716670] HW.Memory <Error> core\memory.cpp:Memory::MemorySystem::Write:528: unmapped Write8 0x00000000 @ 0x0000084B at PC 0x010F3548
[   4.716670] HW.Memory <Error> core\memory.cpp:Memory::MemorySystem::Write:528: unmapped Write8 0x00000000 @ 0x0000084C at PC 0x010F3548
[   4.716671] HW.Memory <Error> core\memory.cpp:Memory::MemorySystem::Write:528: unmapped Write8 0x00000000 @ 0x0000084D at PC 0x010F3548
[   4.716671] HW.Memory <Error> core\memory.cpp:Memory::MemorySystem::Write:528: unmapped Write8 0x00000000 @ 0x0000084E at PC 0x010F3548
[   4.716672] HW.Memory <Error> core\memory.cpp:Memory::MemorySystem::Write:528: unmapped Write8 0x00000000 @ 0x0000084F at PC 0x010F3548
[   4.716672] HW.Memory <Error> core\memory.cpp:Memory::MemorySystem::Write:528: unmapped Write8 0x00000000 @ 0x00000850 at PC 0x010F3548
[   4.716673] HW.Memory <Error> core\memory.cpp:Memory::MemorySystem::Write:528: unmapped Write8 0x00000000 @ 0x00000851 at PC 0x010F3548
[   4.716674] HW.Memory <Error> core\memory.cpp:Memory::MemorySystem::Write:528: unmapped Write8 0x00000000 @ 0x00000852 at PC 0x010F3548
[   4.716674] HW.Memory <Error> core\memory.cpp:Memory::MemorySystem::Write:528: unmapped Write8 0x00000000 @ 0x00000853 at PC 0x010F3548
[   4.716674] HW.Memory <Error> core\memory.cpp:Memory::MemorySystem::Write:528: unmapped Write8 0x00000000 @ 0x00000854 at PC 0x010F3548
[   4.716675] HW.Memory <Error> core\memory.cpp:Memory::MemorySystem::Write:528: unmapped Write8 0x00000000 @ 0x00000855 at PC 0x010F3548
[   4.716676] HW.Memory <Error> core\memory.cpp:Memory::MemorySystem::Write:528: unmapped Write8 0x00000000 @ 0x00000856 at PC 0x010F3548
[   4.716676] HW.Memory <Error> core\memory.cpp:Memory::MemorySystem::Write:528: unmapped Write8 0x00000000 @ 0x00000857 at PC 0x010F3548
[   4.716677] HW.Memory <Error> core\memory.cpp:Memory::MemorySystem::Write:528: unmapped Write8 0x00000000 @ 0x00000858 at PC 0x010F3548
[   4.716677] HW.Memory <Error> core\memory.cpp:Memory::MemorySystem::Write:528: unmapped Write8 0x00000000 @ 0x00000859 at PC 0x010F3548
[   4.716678] HW.Memory <Error> core\memory.cpp:Memory::MemorySystem::Write:528: unmapped Write8 0x00000000 @ 0x0000085A at PC 0x010F3548
[   4.716678] HW.Memory <Error> core\memory.cpp:Memory::MemorySystem::Write:528: unmapped Write8 0x00000000 @ 0x0000085B at PC 0x010F3548
[   4.716679] HW.Memory <Error> core\memory.cpp:Memory::MemorySystem::Write:528: unmapped Write8 0x00000000 @ 0x0000085C at PC 0x010F3548
[   4.716679] HW.Memory <Error> core\memory.cpp:Memory::MemorySystem::Write:528: unmapped Write8 0x00000000 @ 0x0000085D at PC 0x010F3548
[   4.716679] HW.Memory <Error> core\memory.cpp:Memory::MemorySystem::Write:528: unmapped Write8 0x00000000 @ 0x0000085E at PC 0x010F3548
[   4.716680] HW.Memory <Error> core\memory.cpp:Memory::MemorySystem::Write:528: unmapped Write8 0x00000000 @ 0x0000085F at PC 0x010F3548
[   4.716681] HW.Memory <Error> core\memory.cpp:Memory::MemorySystem::Write:528: unmapped Write8 0x00000000 @ 0x00000860 at PC 0x010F3548
[   4.716681] HW.Memory <Error> core\memory.cpp:Memory::MemorySystem::Write:528: unmapped Write8 0x00000000 @ 0x00000861 at PC 0x010F3548
[   4.716682] HW.Memory <Error> core\memory.cpp:Memory::MemorySystem::Write:528: unmapped Write8 0x00000000 @ 0x00000862 at PC 0x010F3548
[   4.716682] HW.Memory <Error> core\memory.cpp:Memory::MemorySystem::Write:528: unmapped Write8 0x00000000 @ 0x00000863 at PC 0x010F3548
[   4.716682] HW.Memory <Error> core\memory.cpp:Memory::MemorySystem::Write:528: unmapped Write8 0x00000000 @ 0x00000864 at PC 0x010F3548
[   4.716683] HW.Memory <Error> core\memory.cpp:Memory::MemorySystem::Write:528: unmapped Write8 0x00000000 @ 0x00000865 at PC 0x010F3548
[   4.716683] HW.Memory <Error> core\memory.cpp:Memory::MemorySystem::Write:528: unmapped Write8 0x00000000 @ 0x00000866 at PC 0x010F3548
[   4.716684] HW.Memory <Error> core\memory.cpp:Memory::MemorySystem::Write:528: unmapped Write8 0x00000000 @ 0x00000867 at PC 0x010F3548
[   4.716684] HW.Memory <Error> core\memory.cpp:Memory::MemorySystem::Write:528: unmapped Write8 0x00000000 @ 0x00000868 at PC 0x010F3548
[   4.716685] HW.Memory <Error> core\memory.cpp:Memory::MemorySystem::Write:528: unmapped Write8 0x00000000 @ 0x00000869 at PC 0x010F3548
[   4.716685] HW.Memory <Error> core\memory.cpp:Memory::MemorySystem::Write:528: unmapped Write8 0x00000000 @ 0x0000086A at PC 0x010F3548
[   4.716686] HW.Memory <Error> core\memory.cpp:Memory::MemorySystem::Write:528: unmapped Write8 0x00000000 @ 0x0000086B at PC 0x010F3548
[   4.716686] HW.Memory <Error> core\memory.cpp:Memory::MemorySystem::Write:528: unmapped Write8 0x00000000 @ 0x0000086C at PC 0x010F3548
[   4.716687] HW.Memory <Error> core\memory.cpp:Memory::MemorySystem::Write:528: unmapped Write8 0x00000000 @ 0x0000086D at PC 0x010F3548
[   4.716687] HW.Memory <Error> core\memory.cpp:Memory::MemorySystem::Write:528: unmapped Write8 0x00000000 @ 0x0000086E at PC 0x010F3548
[   4.716688] HW.Memory <Error> core\memory.cpp:Memory::MemorySystem::Write:528: unmapped Write8 0x00000000 @ 0x0000086F at PC 0x010F3548
[   4.716688] HW.Memory <Error> core\memory.cpp:Memory::MemorySystem::Write:528: unmapped Write8 0x00000000 @ 0x00000870 at PC 0x010F3548
[   4.716688] HW.Memory <Error> core\memory.cpp:Memory::MemorySystem::Write:528: unmapped Write8 0x00000000 @ 0x00000871 at PC 0x010F3548
[   4.716689] HW.Memory <Error> core\memory.cpp:Memory::MemorySystem::Write:528: unmapped Write8 0x00000000 @ 0x00000872 at PC 0x010F3548
[   4.716690] HW.Memory <Error> core\memory.cpp:Memory::MemorySystem::Write:528: unmapped Write8 0x00000000 @ 0x00000873 at PC 0x010F3548
[   4.716690] HW.Memory <Error> core\memory.cpp:Memory::MemorySystem::Write:528: unmapped Write8 0x00000000 @ 0x00000874 at PC 0x010F3548
[   4.716690] HW.Memory <Error> core\memory.cpp:Memory::MemorySystem::Write:528: unmapped Write8 0x00000000 @ 0x00000875 at PC 0x010F3548
[   4.716691] HW.Memory <Error> core\memory.cpp:Memory::MemorySystem::Write:528: unmapped Write8 0x00000000 @ 0x00000876 at PC 0x010F3548
[   4.716691] HW.Memory <Error> core\memory.cpp:Memory::MemorySystem::Write:528: unmapped Write8 0x00000000 @ 0x00000877 at PC 0x010F3548
[   4.716692] HW.Memory <Error> core\memory.cpp:Memory::MemorySystem::Write:528: unmapped Write8 0x00000000 @ 0x00000878 at PC 0x010F3548
[   4.716692] HW.Memory <Error> core\memory.cpp:Memory::MemorySystem::Write:528: unmapped Write8 0x00000000 @ 0x00000879 at PC 0x010F3548
[   4.716693] HW.Memory <Error> core\memory.cpp:Memory::MemorySystem::Write:528: unmapped Write8 0x00000000 @ 0x0000087A at PC 0x010F3548
[   4.716693] HW.Memory <Error> core\memory.cpp:Memory::MemorySystem::Write:528: unmapped Write8 0x00000000 @ 0x0000087B at PC 0x010F3548
[   4.716693] HW.Memory <Error> core\memory.cpp:Memory::MemorySystem::Write:528: unmapped Write8 0x00000000 @ 0x0000087C at PC 0x010F3548
[   4.716694] HW.Memory <Error> core\memory.cpp:Memory::MemorySystem::Write:528: unmapped Write8 0x00000000 @ 0x0000087D at PC 0x010F3548
[   4.716694] HW.Memory <Error> core\memory.cpp:Memory::MemorySystem::Write:528: unmapped Write8 0x00000000 @ 0x0000087E at PC 0x010F3548
[   4.716695] HW.Memory <Error> core\memory.cpp:Memory::MemorySystem::Write:528: unmapped Write8 0x00000000 @ 0x0000087F at PC 0x010F3548
[   4.716695] HW.Memory <Error> core\memory.cpp:Memory::MemorySystem::Write:528: unmapped Write8 0x00000000 @ 0x00000880 at PC 0x010F3548
[   4.716696] HW.Memory <Error> core\memory.cpp:Memory::MemorySystem::Write:528: unmapped Write8 0x00000000 @ 0x00000881 at PC 0x010F3548
[   4.716696] HW.Memory <Error> core\memory.cpp:Memory::MemorySystem::Write:528: unmapped Write8 0x00000000 @ 0x00000882 at PC 0x010F3548
[   4.716697] HW.Memory <Error> core\memory.cpp:Memory::MemorySystem::Write:528: unmapped Write8 0x00000000 @ 0x00000883 at PC 0x010F3548
[   4.716698] HW.Memory <Error> core\memory.cpp:Memory::MemorySystem::Write:528: unmapped Write8 0x00000000 @ 0x00000884 at PC 0x010F3548
[   4.716698] HW.Memory <Error> core\memory.cpp:Memory::MemorySystem::Write:528: unmapped Write8 0x00000000 @ 0x00000885 at PC 0x010F3548
[   4.716699] HW.Memory <Error> core\memory.cpp:Memory::MemorySystem::Write:528: unmapped Write8 0x00000000 @ 0x00000886 at PC 0x010F3548
[   4.716700] HW.Memory <Error> core\memory.cpp:Memory::MemorySystem::Write:528: unmapped Write8 0x00000000 @ 0x00000887 at PC 0x010F3548
[   4.716700] HW.Memory <Error> core\memory.cpp:Memory::MemorySystem::Write:528: unmapped Write8 0x00000000 @ 0x00000888 at PC 0x010F3548
[   4.716701] HW.Memory <Error> core\memory.cpp:Memory::MemorySystem::Write:528: unmapped Write8 0x00000000 @ 0x00000889 at PC 0x010F3548
[   4.716701] HW.Memory <Error> core\memory.cpp:Memory::MemorySystem::Write:528: unmapped Write8 0x00000000 @ 0x0000088A at PC 0x010F3548
[   4.716702] HW.Memory <Error> core\memory.cpp:Memory::MemorySystem::Write:528: unmapped Write8 0x00000000 @ 0x0000088B at PC 0x010F3548
[   4.716702] HW.Memory <Error> core\memory.cpp:Memory::MemorySystem::Write:528: unmapped Write8 0x00000000 @ 0x0000088C at PC 0x010F3548
[   4.716703] HW.Memory <Error> core\memory.cpp:Memory::MemorySystem::Write:528: unmapped Write8 0x00000000 @ 0x0000088D at PC 0x010F3548
[   4.716703] HW.Memory <Error> core\memory.cpp:Memory::MemorySystem::Write:528: unmapped Write8 0x00000000 @ 0x0000088E at PC 0x010F3548
[   4.716704] HW.Memory <Error> core\memory.cpp:Memory::MemorySystem::Write:528: unmapped Write8 0x00000000 @ 0x0000088F at PC 0x010F3548
[   4.716705] HW.Memory <Error> core\memory.cpp:Memory::MemorySystem::Write:528: unmapped Write8 0x00000000 @ 0x00000890 at PC 0x010F3548
[   4.716705] HW.Memory <Error> core\memory.cpp:Memory::MemorySystem::Write:528: unmapped Write8 0x00000000 @ 0x00000891 at PC 0x010F3548
[   4.716705] HW.Memory <Error> core\memory.cpp:Memory::MemorySystem::Write:528: unmapped Write8 0x00000000 @ 0x00000892 at PC 0x010F3548
[   4.716706] HW.Memory <Error> core\memory.cpp:Memory::MemorySystem::Write:528: unmapped Write8 0x00000000 @ 0x00000893 at PC 0x010F3548
[   4.716707] HW.Memory <Error> core\memory.cpp:Memory::MemorySystem::Write:528: unmapped Write8 0x00000000 @ 0x00000894 at PC 0x010F3548
[   4.716707] HW.Memory <Error> core\memory.cpp:Memory::MemorySystem::Write:528: unmapped Write8 0x00000000 @ 0x00000895 at PC 0x010F3548
[   4.716708] HW.Memory <Error> core\memory.cpp:Memory::MemorySystem::Write:528: unmapped Write8 0x00000000 @ 0x00000896 at PC 0x010F3548
[   4.716708] HW.Memory <Error> core\memory.cpp:Memory::MemorySystem::Write:528: unmapped Write8 0x00000000 @ 0x00000897 at PC 0x010F3548
[   4.716709] HW.Memory <Error> core\memory.cpp:Memory::MemorySystem::Write:528: unmapped Write8 0x00000000 @ 0x00000898 at PC 0x010F3548
[   4.716709] HW.Memory <Error> core\memory.cpp:Memory::MemorySystem::Write:528: unmapped Write8 0x00000000 @ 0x00000899 at PC 0x010F3548
[   4.716710] HW.Memory <Error> core\memory.cpp:Memory::MemorySystem::Write:528: unmapped Write8 0x00000000 @ 0x0000089A at PC 0x010F3548
[   4.716710] HW.Memory <Error> core\memory.cpp:Memory::MemorySystem::Write:528: unmapped Write8 0x00000000 @ 0x0000089B at PC 0x010F3548
[   4.716711] HW.Memory <Error> core\memory.cpp:Memory::MemorySystem::Write:528: unmapped Write8 0x00000000 @ 0x0000089C at PC 0x010F3548
[   4.716711] HW.Memory <Error> core\memory.cpp:Memory::MemorySystem::Write:528: unmapped Write8 0x00000000 @ 0x0000089D at PC 0x010F3548
[   4.716712] HW.Memory <Error> core\memory.cpp:Memory::MemorySystem::Write:528: unmapped Write8 0x00000000 @ 0x0000089E at PC 0x010F3548
[   4.716712] HW.Memory <Error> core\memory.cpp:Memory::MemorySystem::Write:528: unmapped Write8 0x00000000 @ 0x0000089F at PC 0x010F3548
[   4.716713] HW.Memory <Error> core\memory.cpp:Memory::MemorySystem::Write:528: unmapped Write8 0x00000000 @ 0x000008A0 at PC 0x010F3548
[   4.716713] HW.Memory <Error> core\memory.cpp:Memory::MemorySystem::Write:528: unmapped Write8 0x00000000 @ 0x000008A1 at PC 0x010F3548
[   4.716714] HW.Memory <Error> core\memory.cpp:Memory::MemorySystem::Write:528: unmapped Write8 0x00000000 @ 0x000008A2 at PC 0x010F3548
[   4.716714] HW.Memory <Error> core\memory.cpp:Memory::MemorySystem::Write:528: unmapped Write8 0x00000000 @ 0x000008A3 at PC 0x010F3548
[   4.716715] HW.Memory <Error> core\memory.cpp:Memory::MemorySystem::Write:528: unmapped Write8 0x00000000 @ 0x000008A4 at PC 0x010F3548
[   4.716715] HW.Memory <Error> core\memory.cpp:Memory::MemorySystem::Write:528: unmapped Write8 0x00000000 @ 0x000008A5 at PC 0x010F3548
[   4.716715] HW.Memory <Error> core\memory.cpp:Memory::MemorySystem::Write:528: unmapped Write8 0x00000000 @ 0x000008A6 at PC 0x010F3548
[   4.716716] HW.Memory <Error> core\memory.cpp:Memory::MemorySystem::Write:528: unmapped Write8 0x00000000 @ 0x000008A7 at PC 0x010F3548
[   4.716716] HW.Memory <Error> core\memory.cpp:Memory::MemorySystem::Write:528: unmapped Write8 0x00000000 @ 0x000008A8 at PC 0x010F3548
[   4.716717] HW.Memory <Error> core\memory.cpp:Memory::MemorySystem::Write:528: unmapped Write8 0x00000000 @ 0x000008A9 at PC 0x010F3548
[   4.716717] HW.Memory <Error> core\memory.cpp:Memory::MemorySystem::Write:528: unmapped Write8 0x00000000 @ 0x000008AA at PC 0x010F3548
[   4.716718] HW.Memory <Error> core\memory.cpp:Memory::MemorySystem::Write:528: unmapped Write8 0x00000000 @ 0x000008AB at PC 0x010F3548
[   4.716718] HW.Memory <Error> core\memory.cpp:Memory::MemorySystem::Write:528: unmapped Write8 0x00000000 @ 0x000008AC at PC 0x010F3548
[   4.716718] HW.Memory <Error> core\memory.cpp:Memory::MemorySystem::Write:528: unmapped Write8 0x00000000 @ 0x000008AD at PC 0x010F3548
[   4.716719] HW.Memory <Error> core\memory.cpp:Memory::MemorySystem::Write:528: unmapped Write8 0x00000000 @ 0x000008AE at PC 0x010F3548
[   4.716719] HW.Memory <Error> core\memory.cpp:Memory::MemorySystem::Write:528: unmapped Write8 0x00000000 @ 0x000008AF at PC 0x010F3548
[   4.716720] HW.Memory <Error> core\memory.cpp:Memory::MemorySystem::Write:528: unmapped Write8 0x00000000 @ 0x000008B0 at PC 0x010F3548
[   4.716720] HW.Memory <Error> core\memory.cpp:Memory::MemorySystem::Write:528: unmapped Write8 0x00000000 @ 0x000008B1 at PC 0x010F3548
[   4.716720] HW.Memory <Error> core\memory.cpp:Memory::MemorySystem::Write:528: unmapped Write8 0x00000000 @ 0x000008B2 at PC 0x010F3548
[   4.716721] HW.Memory <Error> core\memory.cpp:Memory::MemorySystem::Write:528: unmapped Write8 0x00000000 @ 0x000008B3 at PC 0x010F3548
[   4.716721] HW.Memory <Error> core\memory.cpp:Memory::MemorySystem::Write:528: unmapped Write8 0x00000000 @ 0x000008B4 at PC 0x010F3548
[   4.716722] HW.Memory <Error> core\memory.cpp:Memory::MemorySystem::Write:528: unmapped Write8 0x00000000 @ 0x000008B5 at PC 0x010F3548
[   4.716722] HW.Memory <Error> core\memory.cpp:Memory::MemorySystem::Write:528: unmapped Write8 0x00000000 @ 0x000008B6 at PC 0x010F3548
[   4.716723] HW.Memory <Error> core\memory.cpp:Memory::MemorySystem::Write:528: unmapped Write8 0x00000000 @ 0x000008B7 at PC 0x010F3548
[   4.716723] HW.Memory <Error> core\memory.cpp:Memory::MemorySystem::Write:528: unmapped Write8 0x00000000 @ 0x000008B8 at PC 0x010F3548
[   4.716723] HW.Memory <Error> core\memory.cpp:Memory::MemorySystem::Write:528: unmapped Write8 0x00000000 @ 0x000008B9 at PC 0x010F3548
[   4.716724] HW.Memory <Error> core\memory.cpp:Memory::MemorySystem::Write:528: unmapped Write8 0x00000000 @ 0x000008BA at PC 0x010F3548
[   4.716724] HW.Memory <Error> core\memory.cpp:Memory::MemorySystem::Write:528: unmapped Write8 0x00000000 @ 0x000008BB at PC 0x010F3548
[   4.716724] HW.Memory <Error> core\memory.cpp:Memory::MemorySystem::Write:528: unmapped Write8 0x00000000 @ 0x000008BC at PC 0x010F3548
[   4.716725] HW.Memory <Error> core\memory.cpp:Memory::MemorySystem::Write:528: unmapped Write8 0x00000000 @ 0x000008BD at PC 0x010F3548
[   4.716725] HW.Memory <Error> core\memory.cpp:Memory::MemorySystem::Write:528: unmapped Write8 0x00000000 @ 0x000008BE at PC 0x010F3548
[   4.716726] HW.Memory <Error> core\memory.cpp:Memory::MemorySystem::Write:528: unmapped Write8 0x00000000 @ 0x000008BF at PC 0x010F3548
[   4.716726] HW.Memory <Error> core\memory.cpp:Memory::MemorySystem::Write:528: unmapped Write8 0x00000000 @ 0x000008C0 at PC 0x010F3548
[   4.716727] HW.Memory <Error> core\memory.cpp:Memory::MemorySystem::Write:528: unmapped Write8 0x00000000 @ 0x000008C1 at PC 0x010F3548
[   4.716728] HW.Memory <Error> core\memory.cpp:Memory::MemorySystem::Write:528: unmapped Write8 0x00000000 @ 0x000008C2 at PC 0x010F3548
[   4.716728] HW.Memory <Error> core\memory.cpp:Memory::MemorySystem::Write:528: unmapped Write8 0x00000000 @ 0x000008C3 at PC 0x010F3548
[   4.716729] HW.Memory <Error> core\memory.cpp:Memory::MemorySystem::Write:528: unmapped Write8 0x00000000 @ 0x000008C4 at PC 0x010F3548
[   4.716729] HW.Memory <Error> core\memory.cpp:Memory::MemorySystem::Write:528: unmapped Write8 0x00000000 @ 0x000008C5 at PC 0x010F3548
[   4.716730] HW.Memory <Error> core\memory.cpp:Memory::MemorySystem::Write:528: unmapped Write8 0x00000000 @ 0x000008C6 at PC 0x010F3548
[   4.716730] HW.Memory <Error> core\memory.cpp:Memory::MemorySystem::Write:528: unmapped Write8 0x00000000 @ 0x000008C7 at PC 0x010F3548
[   4.716731] HW.Memory <Error> core\memory.cpp:Memory::MemorySystem::Write:528: unmapped Write8 0x00000000 @ 0x000008C8 at PC 0x010F3548
[   4.716731] HW.Memory <Error> core\memory.cpp:Memory::MemorySystem::Write:528: unmapped Write8 0x00000000 @ 0x000008C9 at PC 0x010F3548
[   4.716732] HW.Memory <Error> core\memory.cpp:Memory::MemorySystem::Write:528: unmapped Write8 0x00000000 @ 0x000008CA at PC 0x010F3548
[   4.716733] HW.Memory <Error> core\memory.cpp:Memory::MemorySystem::Write:528: unmapped Write8 0x00000000 @ 0x000008CB at PC 0x010F3548
[   4.716733] HW.Memory <Error> core\memory.cpp:Memory::MemorySystem::Write:528: unmapped Write8 0x00000000 @ 0x000008CC at PC 0x010F3548
[   4.716734] HW.Memory <Error> core\memory.cpp:Memory::MemorySystem::Write:528: unmapped Write8 0x00000000 @ 0x000008CD at PC 0x010F3548
[   4.716734] HW.Memory <Error> core\memory.cpp:Memory::MemorySystem::Write:528: unmapped Write8 0x00000000 @ 0x000008CE at PC 0x010F3548
[   4.716735] HW.Memory <Error> core\memory.cpp:Memory::MemorySystem::Write:528: unmapped Write8 0x00000000 @ 0x000008CF at PC 0x010F3548
[   4.716735] HW.Memory <Error> core\memory.cpp:Memory::MemorySystem::Write:528: unmapped Write8 0x00000000 @ 0x000008D0 at PC 0x010F3548
[   4.716736] HW.Memory <Error> core\memory.cpp:Memory::MemorySystem::Write:528: unmapped Write8 0x00000000 @ 0x000008D1 at PC 0x010F3548
[   4.716736] HW.Memory <Error> core\memory.cpp:Memory::MemorySystem::Write:528: unmapped Write8 0x00000000 @ 0x000008D2 at PC 0x010F3548
[   4.716737] HW.Memory <Error> core\memory.cpp:Memory::MemorySystem::Write:528: unmapped Write8 0x00000000 @ 0x000008D3 at PC 0x010F3548
[   4.716737] HW.Memory <Error> core\memory.cpp:Memory::MemorySystem::Write:528: unmapped Write8 0x00000000 @ 0x000008D4 at PC 0x010F3548
[   4.716738] HW.Memory <Error> core\memory.cpp:Memory::MemorySystem::Write:528: unmapped Write8 0x00000000 @ 0x000008D5 at PC 0x010F3548
[   4.716739] HW.Memory <Error> core\memory.cpp:Memory::MemorySystem::Write:528: unmapped Write8 0x00000000 @ 0x000008D6 at PC 0x010F3548
[   4.716739] HW.Memory <Error> core\memory.cpp:Memory::MemorySystem::Write:528: unmapped Write8 0x00000000 @ 0x000008D7 at PC 0x010F3548
[   4.716740] HW.Memory <Error> core\memory.cpp:Memory::MemorySystem::Write:528: unmapped Write8 0x00000000 @ 0x000008D8 at PC 0x010F3548
[   4.716740] HW.Memory <Error> core\memory.cpp:Memory::MemorySystem::Write:528: unmapped Write8 0x00000000 @ 0x000008D9 at PC 0x010F3548
[   4.716741] HW.Memory <Error> core\memory.cpp:Memory::MemorySystem::Write:528: unmapped Write8 0x00000000 @ 0x000008DA at PC 0x010F3548
[   4.716741] HW.Memory <Error> core\memory.cpp:Memory::MemorySystem::Write:528: unmapped Write8 0x00000000 @ 0x000008DB at PC 0x010F3548
[   4.716742] HW.Memory <Error> core\memory.cpp:Memory::MemorySystem::Write:528: unmapped Write8 0x00000000 @ 0x000008DC at PC 0x010F3548
[   4.716742] HW.Memory <Error> core\memory.cpp:Memory::MemorySystem::Write:528: unmapped Write8 0x00000000 @ 0x000008DD at PC 0x010F3548
[   4.716743] HW.Memory <Error> core\memory.cpp:Memory::MemorySystem::Write:528: unmapped Write8 0x00000000 @ 0x000008DE at PC 0x010F3548
[   4.716743] HW.Memory <Error> core\memory.cpp:Memory::MemorySystem::Write:528: unmapped Write8 0x00000000 @ 0x000008DF at PC 0x010F3548
[   4.716744] HW.Memory <Error> core\memory.cpp:Memory::MemorySystem::Write:528: unmapped Write8 0x00000000 @ 0x000008E0 at PC 0x010F3548
[   4.716744] HW.Memory <Error> core\memory.cpp:Memory::MemorySystem::Write:528: unmapped Write8 0x00000000 @ 0x000008E1 at PC 0x010F3548
[   4.716745] HW.Memory <Error> core\memory.cpp:Memory::MemorySystem::Write:528: unmapped Write8 0x00000000 @ 0x000008E2 at PC 0x010F3548
[   4.716745] HW.Memory <Error> core\memory.cpp:Memory::MemorySystem::Write:528: unmapped Write8 0x00000000 @ 0x000008E3 at PC 0x010F3548
[   4.716746] HW.Memory <Error> core\memory.cpp:Memory::MemorySystem::Write:528: unmapped Write8 0x00000000 @ 0x000008E4 at PC 0x010F3548
[   4.716746] HW.Memory <Error> core\memory.cpp:Memory::MemorySystem::Write:528: unmapped Write8 0x00000000 @ 0x000008E5 at PC 0x010F3548
[   4.716746] HW.Memory <Error> core\memory.cpp:Memory::MemorySystem::Write:528: unmapped Write8 0x00000000 @ 0x000008E6 at PC 0x010F3548
[   4.716747] HW.Memory <Error> core\memory.cpp:Memory::MemorySystem::Write:528: unmapped Write8 0x00000000 @ 0x000008E7 at PC 0x010F3548
[   4.716748] HW.Memory <Error> core\memory.cpp:Memory::MemorySystem::Write:528: unmapped Write8 0x00000000 @ 0x000008E8 at PC 0x010F3548
[   4.716748] HW.Memory <Error> core\memory.cpp:Memory::MemorySystem::Write:528: unmapped Write8 0x00000000 @ 0x000008E9 at PC 0x010F3548
[   4.716749] HW.Memory <Error> core\memory.cpp:Memory::MemorySystem::Write:528: unmapped Write8 0x00000000 @ 0x000008EA at PC 0x010F3548
[   4.716749] HW.Memory <Error> core\memory.cpp:Memory::MemorySystem::Write:528: unmapped Write8 0x00000000 @ 0x000008EB at PC 0x010F3548
[   4.716749] HW.Memory <Error> core\memory.cpp:Memory::MemorySystem::Write:528: unmapped Write8 0x00000000 @ 0x000008EC at PC 0x010F3548
[   4.716750] HW.Memory <Error> core\memory.cpp:Memory::MemorySystem::Write:528: unmapped Write8 0x00000000 @ 0x000008ED at PC 0x010F3548
[   4.716750] HW.Memory <Error> core\memory.cpp:Memory::MemorySystem::Write:528: unmapped Write8 0x00000000 @ 0x000008EE at PC 0x010F3548
[   4.716751] HW.Memory <Error> core\memory.cpp:Memory::MemorySystem::Write:528: unmapped Write8 0x00000000 @ 0x000008EF at PC 0x010F3548
[   4.716751] HW.Memory <Error> core\memory.cpp:Memory::MemorySystem::Write:528: unmapped Write8 0x00000000 @ 0x000008F0 at PC 0x010F3548
[   4.716752] HW.Memory <Error> core\memory.cpp:Memory::MemorySystem::Write:528: unmapped Write8 0x00000000 @ 0x000008F1 at PC 0x010F3548
[   4.716752] HW.Memory <Error> core\memory.cpp:Memory::MemorySystem::Write:528: unmapped Write8 0x00000000 @ 0x000008F2 at PC 0x010F3548
[   4.716753] HW.Memory <Error> core\memory.cpp:Memory::MemorySystem::Write:528: unmapped Write8 0x00000000 @ 0x000008F3 at PC 0x010F3548
[   4.716753] HW.Memory <Error> core\memory.cpp:Memory::MemorySystem::Write:528: unmapped Write8 0x00000000 @ 0x000008F4 at PC 0x010F3548
[   4.716753] HW.Memory <Error> core\memory.cpp:Memory::MemorySystem::Write:528: unmapped Write8 0x00000000 @ 0x000008F5 at PC 0x010F3548
[   4.716754] HW.Memory <Error> core\memory.cpp:Memory::MemorySystem::Write:528: unmapped Write8 0x00000000 @ 0x000008F6 at PC 0x010F3548
[   4.716754] HW.Memory <Error> core\memory.cpp:Memory::MemorySystem::Write:528: unmapped Write8 0x00000000 @ 0x000008F7 at PC 0x010F3548
[   4.716755] HW.Memory <Error> core\memory.cpp:Memory::MemorySystem::Write:528: unmapped Write8 0x00000000 @ 0x000008F8 at PC 0x010F3548
[   4.716755] HW.Memory <Error> core\memory.cpp:Memory::MemorySystem::Write:528: unmapped Write8 0x00000000 @ 0x000008F9 at PC 0x010F3548
[   4.716756] HW.Memory <Error> core\memory.cpp:Memory::MemorySystem::Write:528: unmapped Write8 0x00000000 @ 0x000008FA at PC 0x010F3548
[   4.716756] HW.Memory <Error> core\memory.cpp:Memory::MemorySystem::Write:528: unmapped Write8 0x00000000 @ 0x000008FB at PC 0x010F3548
[   4.716756] HW.Memory <Error> core\memory.cpp:Memory::MemorySystem::Write:528: unmapped Write8 0x00000000 @ 0x000008FC at PC 0x010F3548
[   4.716757] HW.Memory <Error> core\memory.cpp:Memory::MemorySystem::Write:528: unmapped Write8 0x00000000 @ 0x000008FD at PC 0x010F3548
[   4.716757] HW.Memory <Error> core\memory.cpp:Memory::MemorySystem::Write:528: unmapped Write8 0x00000000 @ 0x000008FE at PC 0x010F3548
[   4.716757] HW.Memory <Error> core\memory.cpp:Memory::MemorySystem::Write:528: unmapped Write8 0x00000000 @ 0x000008FF at PC 0x010F3548
[   4.716758] HW.Memory <Error> core\memory.cpp:Memory::MemorySystem::Write:528: unmapped Write8 0x00000000 @ 0x00000900 at PC 0x010F3548
[   4.716759] HW.Memory <Error> core\memory.cpp:Memory::MemorySystem::Write:528: unmapped Write8 0x00000000 @ 0x00000901 at PC 0x010F3548
[   4.716760] HW.Memory <Error> core\memory.cpp:Memory::MemorySystem::Write:528: unmapped Write8 0x00000000 @ 0x00000902 at PC 0x010F3548
[   4.716760] HW.Memory <Error> core\memory.cpp:Memory::MemorySystem::Write:528: unmapped Write8 0x00000000 @ 0x00000903 at PC 0x010F3548
[   4.716761] HW.Memory <Error> core\memory.cpp:Memory::MemorySystem::Write:528: unmapped Write8 0x00000000 @ 0x00000904 at PC 0x010F3548
[   4.716761] HW.Memory <Error> core\memory.cpp:Memory::MemorySystem::Write:528: unmapped Write8 0x00000000 @ 0x00000905 at PC 0x010F3548
[   4.716762] HW.Memory <Error> core\memory.cpp:Memory::MemorySystem::Write:528: unmapped Write8 0x00000000 @ 0x00000906 at PC 0x010F3548
[   4.716762] HW.Memory <Error> core\memory.cpp:Memory::MemorySystem::Write:528: unmapped Write8 0x00000000 @ 0x00000907 at PC 0x010F3548
[   4.716763] HW.Memory <Error> core\memory.cpp:Memory::MemorySystem::Write:528: unmapped Write8 0x00000000 @ 0x00000908 at PC 0x010F3548
[   4.716764] HW.Memory <Error> core\memory.cpp:Memory::MemorySystem::Write:528: unmapped Write8 0x00000000 @ 0x00000909 at PC 0x010F3548
[   4.716764] HW.Memory <Error> core\memory.cpp:Memory::MemorySystem::Write:528: unmapped Write8 0x00000000 @ 0x0000090A at PC 0x010F3548
[   4.716765] HW.Memory <Error> core\memory.cpp:Memory::MemorySystem::Write:528: unmapped Write8 0x00000000 @ 0x0000090B at PC 0x010F3548
[   4.716766] HW.Memory <Error> core\memory.cpp:Memory::MemorySystem::Write:528: unmapped Write8 0x00000000 @ 0x0000090C at PC 0x010F3548
[   4.716766] HW.Memory <Error> core\memory.cpp:Memory::MemorySystem::Write:528: unmapped Write8 0x00000000 @ 0x0000090D at PC 0x010F3548
[   4.716767] HW.Memory <Error> core\memory.cpp:Memory::MemorySystem::Write:528: unmapped Write8 0x00000000 @ 0x0000090E at PC 0x010F3548
[   4.716767] HW.Memory <Error> core\memory.cpp:Memory::MemorySystem::Write:528: unmapped Write8 0x00000000 @ 0x0000090F at PC 0x010F3548
[   4.716768] HW.Memory <Error> core\memory.cpp:Memory::MemorySystem::Write:528: unmapped Write8 0x00000000 @ 0x00000910 at PC 0x010F3548
[   4.716768] HW.Memory <Error> core\memory.cpp:Memory::MemorySystem::Write:528: unmapped Write8 0x00000000 @ 0x00000911 at PC 0x010F3548
[   4.716769] HW.Memory <Error> core\memory.cpp:Memory::MemorySystem::Write:528: unmapped Write8 0x00000000 @ 0x00000912 at PC 0x010F3548
[   4.716769] HW.Memory <Error> core\memory.cpp:Memory::MemorySystem::Write:528: unmapped Write8 0x00000000 @ 0x00000913 at PC 0x010F3548
[   4.716770] HW.Memory <Error> core\memory.cpp:Memory::MemorySystem::Write:528: unmapped Write8 0x00000000 @ 0x00000914 at PC 0x010F3548
[   4.716770] HW.Memory <Error> core\memory.cpp:Memory::MemorySystem::Write:528: unmapped Write8 0x00000000 @ 0x00000915 at PC 0x010F3548
[   4.716771] HW.Memory <Error> core\memory.cpp:Memory::MemorySystem::Write:528: unmapped Write8 0x00000000 @ 0x00000916 at PC 0x010F3548
[   4.716771] HW.Memory <Error> core\memory.cpp:Memory::MemorySystem::Write:528: unmapped Write8 0x00000000 @ 0x00000917 at PC 0x010F3548
[   4.716772] HW.Memory <Error> core\memory.cpp:Memory::MemorySystem::Write:528: unmapped Write8 0x00000000 @ 0x00000918 at PC 0x010F3548
[   4.716772] HW.Memory <Error> core\memory.cpp:Memory::MemorySystem::Write:528: unmapped Write8 0x00000000 @ 0x00000919 at PC 0x010F3548
[   4.716773] HW.Memory <Error> core\memory.cpp:Memory::MemorySystem::Write:528: unmapped Write8 0x00000000 @ 0x0000091A at PC 0x010F3548
[   4.716773] HW.Memory <Error> core\memory.cpp:Memory::MemorySystem::Write:528: unmapped Write8 0x00000000 @ 0x0000091B at PC 0x010F3548
[   4.716774] HW.Memory <Error> core\memory.cpp:Memory::MemorySystem::Write:528: unmapped Write8 0x00000000 @ 0x0000091C at PC 0x010F3548
[   4.716774] HW.Memory <Error> core\memory.cpp:Memory::MemorySystem::Write:528: unmapped Write8 0x00000000 @ 0x0000091D at PC 0x010F3548
[   4.716774] HW.Memory <Error> core\memory.cpp:Memory::MemorySystem::Write:528: unmapped Write8 0x00000000 @ 0x0000091E at PC 0x010F3548
[   4.716775] HW.Memory <Error> core\memory.cpp:Memory::MemorySystem::Write:528: unmapped Write8 0x00000000 @ 0x0000091F at PC 0x010F3548
[   4.716775] HW.Memory <Error> core\memory.cpp:Memory::MemorySystem::Write:528: unmapped Write8 0x00000000 @ 0x00000920 at PC 0x010F3548
[   4.716776] HW.Memory <Error> core\memory.cpp:Memory::MemorySystem::Write:528: unmapped Write8 0x00000000 @ 0x00000921 at PC 0x010F3548
[   4.716776] HW.Memory <Error> core\memory.cpp:Memory::MemorySystem::Write:528: unmapped Write8 0x00000000 @ 0x00000922 at PC 0x010F3548
[   4.716777] HW.Memory <Error> core\memory.cpp:Memory::MemorySystem::Write:528: unmapped Write8 0x00000000 @ 0x00000923 at PC 0x010F3548
[   4.716777] HW.Memory <Error> core\memory.cpp:Memory::MemorySystem::Write:528: unmapped Write8 0x00000000 @ 0x00000924 at PC 0x010F3548
[   4.716778] HW.Memory <Error> core\memory.cpp:Memory::MemorySystem::Write:528: unmapped Write8 0x00000000 @ 0x00000925 at PC 0x010F3548
[   4.716778] HW.Memory <Error> core\memory.cpp:Memory::MemorySystem::Write:528: unmapped Write8 0x00000000 @ 0x00000926 at PC 0x010F3548
[   4.716779] HW.Memory <Error> core\memory.cpp:Memory::MemorySystem::Write:528: unmapped Write8 0x00000000 @ 0x00000927 at PC 0x010F3548
[   4.716779] HW.Memory <Error> core\memory.cpp:Memory::MemorySystem::Write:528: unmapped Write8 0x00000000 @ 0x00000928 at PC 0x010F3548
[   4.716780] HW.Memory <Error> core\memory.cpp:Memory::MemorySystem::Write:528: unmapped Write8 0x00000000 @ 0x00000929 at PC 0x010F3548
[   4.716780] HW.Memory <Error> core\memory.cpp:Memory::MemorySystem::Write:528: unmapped Write8 0x00000000 @ 0x0000092A at PC 0x010F3548
[   4.716781] HW.Memory <Error> core\memory.cpp:Memory::MemorySystem::Write:528: unmapped Write8 0x00000000 @ 0x0000092B at PC 0x010F3548
[   4.716781] HW.Memory <Error> core\memory.cpp:Memory::MemorySystem::Write:528: unmapped Write8 0x00000000 @ 0x0000092C at PC 0x010F3548
[   4.716782] HW.Memory <Error> core\memory.cpp:Memory::MemorySystem::Write:528: unmapped Write8 0x00000000 @ 0x0000092D at PC 0x010F3548
[   4.716782] HW.Memory <Error> core\memory.cpp:Memory::MemorySystem::Write:528: unmapped Write8 0x00000000 @ 0x0000092E at PC 0x010F3548
[   4.716783] HW.Memory <Error> core\memory.cpp:Memory::MemorySystem::Write:528: unmapped Write8 0x00000000 @ 0x0000092F at PC 0x010F3548
[   4.716783] HW.Memory <Error> core\memory.cpp:Memory::MemorySystem::Write:528: unmapped Write8 0x00000000 @ 0x00000930 at PC 0x010F3548
[   4.716783] HW.Memory <Error> core\memory.cpp:Memory::MemorySystem::Write:528: unmapped Write8 0x00000000 @ 0x00000931 at PC 0x010F3548
[   4.716784] HW.Memory <Error> core\memory.cpp:Memory::MemorySystem::Write:528: unmapped Write8 0x00000000 @ 0x00000932 at PC 0x010F3548
[   4.716785] HW.Memory <Error> core\memory.cpp:Memory::MemorySystem::Write:528: unmapped Write8 0x00000000 @ 0x00000933 at PC 0x010F3548
[   4.716785] HW.Memory <Error> core\memory.cpp:Memory::MemorySystem::Write:528: unmapped Write8 0x00000000 @ 0x00000934 at PC 0x010F3548
[   4.716785] HW.Memory <Error> core\memory.cpp:Memory::MemorySystem::Write:528: unmapped Write8 0x00000000 @ 0x00000935 at PC 0x010F3548
[   4.716786] HW.Memory <Error> core\memory.cpp:Memory::MemorySystem::Write:528: unmapped Write8 0x00000000 @ 0x00000936 at PC 0x010F3548
[   4.716786] HW.Memory <Error> core\memory.cpp:Memory::MemorySystem::Write:528: unmapped Write8 0x00000000 @ 0x00000937 at PC 0x010F3548
[   4.716787] HW.Memory <Error> core\memory.cpp:Memory::MemorySystem::Write:528: unmapped Write8 0x00000000 @ 0x00000938 at PC 0x010F3548
[   4.716787] HW.Memory <Error> core\memory.cpp:Memory::MemorySystem::Write:528: unmapped Write8 0x00000000 @ 0x00000939 at PC 0x010F3548
[   4.716787] HW.Memory <Error> core\memory.cpp:Memory::MemorySystem::Write:528: unmapped Write8 0x00000000 @ 0x0000093A at PC 0x010F3548
[   4.716788] HW.Memory <Error> core\memory.cpp:Memory::MemorySystem::Write:528: unmapped Write8 0x00000000 @ 0x0000093B at PC 0x010F3548
[   4.716788] HW.Memory <Error> core\memory.cpp:Memory::MemorySystem::Write:528: unmapped Write8 0x00000000 @ 0x0000093C at PC 0x010F3548
[   4.716789] HW.Memory <Error> core\memory.cpp:Memory::MemorySystem::Write:528: unmapped Write8 0x00000000 @ 0x0000093D at PC 0x010F3548
[   4.716789] HW.Memory <Error> core\memory.cpp:Memory::MemorySystem::Write:528: unmapped Write8 0x00000000 @ 0x0000093E at PC 0x010F3548
[   4.716789] HW.Memory <Error> core\memory.cpp:Memory::MemorySystem::Write:528: unmapped Write8 0x00000000 @ 0x0000093F at PC 0x010F3548
[   4.716790] HW.Memory <Error> core\memory.cpp:Memory::MemorySystem::Write:528: unmapped Write8 0x00000000 @ 0x00000940 at PC 0x010F3548
[   4.716791] HW.Memory <Error> core\memory.cpp:Memory::MemorySystem::Write:528: unmapped Write8 0x00000000 @ 0x00000941 at PC 0x010F3548
[   4.716791] HW.Memory <Error> core\memory.cpp:Memory::MemorySystem::Write:528: unmapped Write8 0x00000000 @ 0x00000942 at PC 0x010F3548
[   4.716792] HW.Memory <Error> core\memory.cpp:Memory::MemorySystem::Write:528: unmapped Write8 0x00000000 @ 0x00000943 at PC 0x010F3548
[   4.716793] HW.Memory <Error> core\memory.cpp:Memory::MemorySystem::Write:528: unmapped Write8 0x00000000 @ 0x00000944 at PC 0x010F3548
[   4.716793] HW.Memory <Error> core\memory.cpp:Memory::MemorySystem::Write:528: unmapped Write8 0x00000000 @ 0x00000945 at PC 0x010F3548
[   4.716794] HW.Memory <Error> core\memory.cpp:Memory::MemorySystem::Write:528: unmapped Write8 0x00000000 @ 0x00000946 at PC 0x010F3548
[   4.716794] HW.Memory <Error> core\memory.cpp:Memory::MemorySystem::Write:528: unmapped Write8 0x00000000 @ 0x00000947 at PC 0x010F3548
[   4.716795] HW.Memory <Error> core\memory.cpp:Memory::MemorySystem::Write:528: unmapped Write8 0x00000000 @ 0x00000948 at PC 0x010F3548
[   4.716796] HW.Memory <Error> core\memory.cpp:Memory::MemorySystem::Write:528: unmapped Write8 0x00000000 @ 0x00000949 at PC 0x010F3548
[   4.716796] HW.Memory <Error> core\memory.cpp:Memory::MemorySystem::Write:528: unmapped Write8 0x00000000 @ 0x0000094A at PC 0x010F3548
[   4.716797] HW.Memory <Error> core\memory.cpp:Memory::MemorySystem::Write:528: unmapped Write8 0x00000000 @ 0x0000094B at PC 0x010F3548
[   4.716797] HW.Memory <Error> core\memory.cpp:Memory::MemorySystem::Write:528: unmapped Write8 0x00000000 @ 0x0000094C at PC 0x010F3548
[   4.716798] HW.Memory <Error> core\memory.cpp:Memory::MemorySystem::Write:528: unmapped Write8 0x00000000 @ 0x0000094D at PC 0x010F3548
[   4.716798] HW.Memory <Error> core\memory.cpp:Memory::MemorySystem::Write:528: unmapped Write8 0x00000000 @ 0x0000094E at PC 0x010F3548
[   4.716799] HW.Memory <Error> core\memory.cpp:Memory::MemorySystem::Write:528: unmapped Write8 0x00000000 @ 0x0000094F at PC 0x010F3548
[   4.716799] HW.Memory <Error> core\memory.cpp:Memory::MemorySystem::Write:528: unmapped Write8 0x00000000 @ 0x00000950 at PC 0x010F3548
[   4.716800] HW.Memory <Error> core\memory.cpp:Memory::MemorySystem::Write:528: unmapped Write8 0x00000000 @ 0x00000951 at PC 0x010F3548
[   4.716800] HW.Memory <Error> core\memory.cpp:Memory::MemorySystem::Write:528: unmapped Write8 0x00000000 @ 0x00000952 at PC 0x010F3548
[   4.716800] HW.Memory <Error> core\memory.cpp:Memory::MemorySystem::Write:528: unmapped Write8 0x00000000 @ 0x00000953 at PC 0x010F3548
[   4.716801] HW.Memory <Error> core\memory.cpp:Memory::MemorySystem::Write:528: unmapped Write8 0x00000000 @ 0x00000954 at PC 0x010F3548
[   4.716801] HW.Memory <Error> core\memory.cpp:Memory::MemorySystem::Write:528: unmapped Write8 0x00000000 @ 0x00000955 at PC 0x010F3548
[   4.716802] HW.Memory <Error> core\memory.cpp:Memory::MemorySystem::Write:528: unmapped Write8 0x00000000 @ 0x00000956 at PC 0x010F3548
[   4.716802] HW.Memory <Error> core\memory.cpp:Memory::MemorySystem::Write:528: unmapped Write8 0x00000000 @ 0x00000957 at PC 0x010F3548
[   4.716803] HW.Memory <Error> core\memory.cpp:Memory::MemorySystem::Write:528: unmapped Write8 0x00000000 @ 0x00000958 at PC 0x010F3548
[   4.716803] HW.Memory <Error> core\memory.cpp:Memory::MemorySystem::Write:528: unmapped Write8 0x00000000 @ 0x00000959 at PC 0x010F3548
[   4.716803] HW.Memory <Error> core\memory.cpp:Memory::MemorySystem::Write:528: unmapped Write8 0x00000000 @ 0x0000095A at PC 0x010F3548
[   4.716804] HW.Memory <Error> core\memory.cpp:Memory::MemorySystem::Write:528: unmapped Write8 0x00000000 @ 0x0000095B at PC 0x010F3548
[   4.716804] HW.Memory <Error> core\memory.cpp:Memory::MemorySystem::Write:528: unmapped Write8 0x00000000 @ 0x0000095C at PC 0x010F3548
[   4.716805] HW.Memory <Error> core\memory.cpp:Memory::MemorySystem::Write:528: unmapped Write8 0x00000000 @ 0x0000095D at PC 0x010F3548
[   4.716805] HW.Memory <Error> core\memory.cpp:Memory::MemorySystem::Write:528: unmapped Write8 0x00000000 @ 0x0000095E at PC 0x010F3548
[   4.716806] HW.Memory <Error> core\memory.cpp:Memory::MemorySystem::Write:528: unmapped Write8 0x00000000 @ 0x0000095F at PC 0x010F3548
[   4.716806] HW.Memory <Error> core\memory.cpp:Memory::MemorySystem::Write:528: unmapped Write8 0x00000000 @ 0x00000960 at PC 0x010F3548
[   4.716807] HW.Memory <Error> core\memory.cpp:Memory::MemorySystem::Write:528: unmapped Write8 0x00000000 @ 0x00000961 at PC 0x010F3548
[   4.716807] HW.Memory <Error> core\memory.cpp:Memory::MemorySystem::Write:528: unmapped Write8 0x00000000 @ 0x00000962 at PC 0x010F3548
[   4.716808] HW.Memory <Error> core\memory.cpp:Memory::MemorySystem::Write:528: unmapped Write8 0x00000000 @ 0x00000963 at PC 0x010F3548
[   4.716808] HW.Memory <Error> core\memory.cpp:Memory::MemorySystem::Write:528: unmapped Write8 0x00000000 @ 0x00000964 at PC 0x010F3548
[   4.716809] HW.Memory <Error> core\memory.cpp:Memory::MemorySystem::Write:528: unmapped Write8 0x00000000 @ 0x00000965 at PC 0x010F3548
[   4.716809] HW.Memory <Error> core\memory.cpp:Memory::MemorySystem::Write:528: unmapped Write8 0x00000000 @ 0x00000966 at PC 0x010F3548
[   4.716809] HW.Memory <Error> core\memory.cpp:Memory::MemorySystem::Write:528: unmapped Write8 0x00000000 @ 0x00000967 at PC 0x010F3548
[   4.716810] HW.Memory <Error> core\memory.cpp:Memory::MemorySystem::Write:528: unmapped Write8 0x00000000 @ 0x00000968 at PC 0x010F3548
[   4.716811] HW.Memory <Error> core\memory.cpp:Memory::MemorySystem::Write:528: unmapped Write8 0x00000000 @ 0x00000969 at PC 0x010F3548
[   4.716811] HW.Memory <Error> core\memory.cpp:Memory::MemorySystem::Write:528: unmapped Write8 0x00000000 @ 0x0000096A at PC 0x010F3548
[   4.716811] HW.Memory <Error> core\memory.cpp:Memory::MemorySystem::Write:528: unmapped Write8 0x00000000 @ 0x0000096B at PC 0x010F3548
[   4.716812] HW.Memory <Error> core\memory.cpp:Memory::MemorySystem::Write:528: unmapped Write8 0x00000000 @ 0x0000096C at PC 0x010F3548
[   4.716813] HW.Memory <Error> core\memory.cpp:Memory::MemorySystem::Write:528: unmapped Write8 0x00000000 @ 0x0000096D at PC 0x010F3548
[   4.716813] HW.Memory <Error> core\memory.cpp:Memory::MemorySystem::Write:528: unmapped Write8 0x00000000 @ 0x0000096E at PC 0x010F3548
[   4.716814] HW.Memory <Error> core\memory.cpp:Memory::MemorySystem::Write:528: unmapped Write8 0x00000000 @ 0x0000096F at PC 0x010F3548
[   4.716814] HW.Memory <Error> core\memory.cpp:Memory::MemorySystem::Write:528: unmapped Write8 0x00000000 @ 0x00000970 at PC 0x010F3548
[   4.716814] HW.Memory <Error> core\memory.cpp:Memory::MemorySystem::Write:528: unmapped Write8 0x00000000 @ 0x00000971 at PC 0x010F3548
[   4.716815] HW.Memory <Error> core\memory.cpp:Memory::MemorySystem::Write:528: unmapped Write8 0x00000000 @ 0x00000972 at PC 0x010F3548
[   4.716815] HW.Memory <Error> core\memory.cpp:Memory::MemorySystem::Write:528: unmapped Write8 0x00000000 @ 0x00000973 at PC 0x010F3548
[   4.716816] HW.Memory <Error> core\memory.cpp:Memory::MemorySystem::Write:528: unmapped Write8 0x00000000 @ 0x00000974 at PC 0x010F3548
[   4.716816] HW.Memory <Error> core\memory.cpp:Memory::MemorySystem::Write:528: unmapped Write8 0x00000000 @ 0x00000975 at PC 0x010F3548
[   4.716816] HW.Memory <Error> core\memory.cpp:Memory::MemorySystem::Write:528: unmapped Write8 0x00000000 @ 0x00000976 at PC 0x010F3548
[   4.716817] HW.Memory <Error> core\memory.cpp:Memory::MemorySystem::Write:528: unmapped Write8 0x00000000 @ 0x00000977 at PC 0x010F3548
[   4.716817] HW.Memory <Error> core\memory.cpp:Memory::MemorySystem::Write:528: unmapped Write8 0x00000000 @ 0x00000978 at PC 0x010F3548
[   4.716818] HW.Memory <Error> core\memory.cpp:Memory::MemorySystem::Write:528: unmapped Write8 0x00000000 @ 0x00000979 at PC 0x010F3548
[   4.716818] HW.Memory <Error> core\memory.cpp:Memory::MemorySystem::Write:528: unmapped Write8 0x00000000 @ 0x0000097A at PC 0x010F3548
[   4.716818] HW.Memory <Error> core\memory.cpp:Memory::MemorySystem::Write:528: unmapped Write8 0x00000000 @ 0x0000097B at PC 0x010F3548
[   4.716819] HW.Memory <Error> core\memory.cpp:Memory::MemorySystem::Write:528: unmapped Write8 0x00000000 @ 0x0000097C at PC 0x010F3548
[   4.716819] HW.Memory <Error> core\memory.cpp:Memory::MemorySystem::Write:528: unmapped Write8 0x00000000 @ 0x0000097D at PC 0x010F3548
[   4.716820] HW.Memory <Error> core\memory.cpp:Memory::MemorySystem::Write:528: unmapped Write8 0x00000000 @ 0x0000097E at PC 0x010F3548
[   4.716820] HW.Memory <Error> core\memory.cpp:Memory::MemorySystem::Write:528: unmapped Write8 0x00000000 @ 0x0000097F at PC 0x010F3548
[   4.716820] HW.Memory <Error> core\memory.cpp:Memory::MemorySystem::Write:528: unmapped Write8 0x00000000 @ 0x00000980 at PC 0x010F3548
[   4.716821] HW.Memory <Error> core\memory.cpp:Memory::MemorySystem::Write:528: unmapped Write8 0x00000000 @ 0x00000981 at PC 0x010F3548
[   4.716822] HW.Memory <Error> core\memory.cpp:Memory::MemorySystem::Write:528: unmapped Write8 0x00000000 @ 0x00000982 at PC 0x010F3548
[   4.716822] HW.Memory <Error> core\memory.cpp:Memory::MemorySystem::Write:528: unmapped Write8 0x00000000 @ 0x00000983 at PC 0x010F3548
[   4.716823] HW.Memory <Error> core\memory.cpp:Memory::MemorySystem::Write:528: unmapped Write8 0x00000000 @ 0x00000984 at PC 0x010F3548
[   4.716823] HW.Memory <Error> core\memory.cpp:Memory::MemorySystem::Write:528: unmapped Write8 0x00000000 @ 0x00000985 at PC 0x010F3548
[   4.716824] HW.Memory <Error> core\memory.cpp:Memory::MemorySystem::Write:528: unmapped Write8 0x00000000 @ 0x00000986 at PC 0x010F3548
[   4.716824] HW.Memory <Error> core\memory.cpp:Memory::MemorySystem::Write:528: unmapped Write8 0x00000000 @ 0x00000987 at PC 0x010F3548
[   4.716825] HW.Memory <Error> core\memory.cpp:Memory::MemorySystem::Write:528: unmapped Write8 0x00000000 @ 0x00000988 at PC 0x010F3548
[   4.716825] HW.Memory <Error> core\memory.cpp:Memory::MemorySystem::Write:528: unmapped Write8 0x00000000 @ 0x00000989 at PC 0x010F3548
[   4.716826] HW.Memory <Error> core\memory.cpp:Memory::MemorySystem::Write:528: unmapped Write8 0x00000000 @ 0x0000098A at PC 0x010F3548
[   4.716826] HW.Memory <Error> core\memory.cpp:Memory::MemorySystem::Write:528: unmapped Write8 0x00000000 @ 0x0000098B at PC 0x010F3548
[   4.716827] HW.Memory <Error> core\memory.cpp:Memory::MemorySystem::Write:528: unmapped Write8 0x00000000 @ 0x0000098C at PC 0x010F3548
[   4.716827] HW.Memory <Error> core\memory.cpp:Memory::MemorySystem::Write:528: unmapped Write8 0x00000000 @ 0x0000098D at PC 0x010F3548
[   4.716828] HW.Memory <Error> core\memory.cpp:Memory::MemorySystem::Write:528: unmapped Write8 0x00000000 @ 0x0000098E at PC 0x010F3548
[   4.716828] HW.Memory <Error> core\memory.cpp:Memory::MemorySystem::Write:528: unmapped Write8 0x00000000 @ 0x0000098F at PC 0x010F3548
[   4.716829] HW.Memory <Error> core\memory.cpp:Memory::MemorySystem::Write:528: unmapped Write8 0x00000000 @ 0x00000990 at PC 0x010F3548
[   4.716829] HW.Memory <Error> core\memory.cpp:Memory::MemorySystem::Write:528: unmapped Write8 0x00000000 @ 0x00000991 at PC 0x010F3548
[   4.716830] HW.Memory <Error> core\memory.cpp:Memory::MemorySystem::Write:528: unmapped Write8 0x00000000 @ 0x00000992 at PC 0x010F3548
[   4.716830] HW.Memory <Error> core\memory.cpp:Memory::MemorySystem::Write:528: unmapped Write8 0x00000000 @ 0x00000993 at PC 0x010F3548
[   4.716831] HW.Memory <Error> core\memory.cpp:Memory::MemorySystem::Write:528: unmapped Write8 0x00000000 @ 0x00000994 at PC 0x010F3548
[   4.716831] HW.Memory <Error> core\memory.cpp:Memory::MemorySystem::Write:528: unmapped Write8 0x00000000 @ 0x00000995 at PC 0x010F3548
[   4.716832] HW.Memory <Error> core\memory.cpp:Memory::MemorySystem::Write:528: unmapped Write8 0x00000000 @ 0x00000996 at PC 0x010F3548
[   4.716832] HW.Memory <Error> core\memory.cpp:Memory::MemorySystem::Write:528: unmapped Write8 0x00000000 @ 0x00000997 at PC 0x010F3548
[   4.716833] HW.Memory <Error> core\memory.cpp:Memory::MemorySystem::Write:528: unmapped Write8 0x00000000 @ 0x00000998 at PC 0x010F3548
[   4.716833] HW.Memory <Error> core\memory.cpp:Memory::MemorySystem::Write:528: unmapped Write8 0x00000000 @ 0x00000999 at PC 0x010F3548
[   4.716834] HW.Memory <Error> core\memory.cpp:Memory::MemorySystem::Write:528: unmapped Write8 0x00000000 @ 0x0000099A at PC 0x010F3548
[   4.716834] HW.Memory <Error> core\memory.cpp:Memory::MemorySystem::Write:528: unmapped Write8 0x00000000 @ 0x0000099B at PC 0x010F3548
[   4.716834] HW.Memory <Error> core\memory.cpp:Memory::MemorySystem::Write:528: unmapped Write8 0x00000000 @ 0x0000099C at PC 0x010F3548
[   4.716835] HW.Memory <Error> core\memory.cpp:Memory::MemorySystem::Write:528: unmapped Write8 0x00000000 @ 0x0000099D at PC 0x010F3548
[   4.716835] HW.Memory <Error> core\memory.cpp:Memory::MemorySystem::Write:528: unmapped Write8 0x00000000 @ 0x0000099E at PC 0x010F3548
[   4.716836] HW.Memory <Error> core\memory.cpp:Memory::MemorySystem::Write:528: unmapped Write8 0x00000000 @ 0x0000099F at PC 0x010F3548
[   4.716836] HW.Memory <Error> core\memory.cpp:Memory::MemorySystem::Write:528: unmapped Write8 0x00000000 @ 0x000009A0 at PC 0x010F3548
[   4.716837] HW.Memory <Error> core\memory.cpp:Memory::MemorySystem::Write:528: unmapped Write8 0x00000000 @ 0x000009A1 at PC 0x010F3548
[   4.716837] HW.Memory <Error> core\memory.cpp:Memory::MemorySystem::Write:528: unmapped Write8 0x00000000 @ 0x000009A2 at PC 0x010F3548
[   4.716837] HW.Memory <Error> core\memory.cpp:Memory::MemorySystem::Write:528: unmapped Write8 0x00000000 @ 0x000009A3 at PC 0x010F3548
[   4.716838] HW.Memory <Error> core\memory.cpp:Memory::MemorySystem::Write:528: unmapped Write8 0x00000000 @ 0x000009A4 at PC 0x010F3548
[   4.716838] HW.Memory <Error> core\memory.cpp:Memory::MemorySystem::Write:528: unmapped Write8 0x00000000 @ 0x000009A5 at PC 0x010F3548
[   4.716839] HW.Memory <Error> core\memory.cpp:Memory::MemorySystem::Write:528: unmapped Write8 0x00000000 @ 0x000009A6 at PC 0x010F3548
[   4.716839] HW.Memory <Error> core\memory.cpp:Memory::MemorySystem::Write:528: unmapped Write8 0x00000000 @ 0x000009A7 at PC 0x010F3548
[   4.716839] HW.Memory <Error> core\memory.cpp:Memory::MemorySystem::Write:528: unmapped Write8 0x00000000 @ 0x000009A8 at PC 0x010F3548
[   4.716840] HW.Memory <Error> core\memory.cpp:Memory::MemorySystem::Write:528: unmapped Write8 0x00000000 @ 0x000009A9 at PC 0x010F3548
[   4.716840] HW.Memory <Error> core\memory.cpp:Memory::MemorySystem::Write:528: unmapped Write8 0x00000000 @ 0x000009AA at PC 0x010F3548
[   4.716841] HW.Memory <Error> core\memory.cpp:Memory::MemorySystem::Write:528: unmapped Write8 0x00000000 @ 0x000009AB at PC 0x010F3548
[   4.716841] HW.Memory <Error> core\memory.cpp:Memory::MemorySystem::Write:528: unmapped Write8 0x00000000 @ 0x000009AC at PC 0x010F3548
[   4.716841] HW.Memory <Error> core\memory.cpp:Memory::MemorySystem::Write:528: unmapped Write8 0x00000000 @ 0x000009AD at PC 0x010F3548
[   4.716842] HW.Memory <Error> core\memory.cpp:Memory::MemorySystem::Write:528: unmapped Write8 0x00000000 @ 0x000009AE at PC 0x010F3548
[   4.716842] HW.Memory <Error> core\memory.cpp:Memory::MemorySystem::Write:528: unmapped Write8 0x00000000 @ 0x000009AF at PC 0x010F3548
[   4.716843] HW.Memory <Error> core\memory.cpp:Memory::MemorySystem::Write:528: unmapped Write8 0x00000000 @ 0x000009B0 at PC 0x010F3548
[   4.716843] HW.Memory <Error> core\memory.cpp:Memory::MemorySystem::Write:528: unmapped Write8 0x00000000 @ 0x000009B1 at PC 0x010F3548
[   4.716843] HW.Memory <Error> core\memory.cpp:Memory::MemorySystem::Write:528: unmapped Write8 0x00000000 @ 0x000009B2 at PC 0x010F3548
[   4.716844] HW.Memory <Error> core\memory.cpp:Memory::MemorySystem::Write:528: unmapped Write8 0x00000000 @ 0x000009B3 at PC 0x010F3548
[   4.716844] HW.Memory <Error> core\memory.cpp:Memory::MemorySystem::Write:528: unmapped Write8 0x00000000 @ 0x000009B4 at PC 0x010F3548
[   4.716845] HW.Memory <Error> core\memory.cpp:Memory::MemorySystem::Write:528: unmapped Write8 0x00000000 @ 0x000009B5 at PC 0x010F3548
[   4.716845] HW.Memory <Error> core\memory.cpp:Memory::MemorySystem::Write:528: unmapped Write8 0x00000000 @ 0x000009B6 at PC 0x010F3548
[   4.716845] HW.Memory <Error> core\memory.cpp:Memory::MemorySystem::Write:528: unmapped Write8 0x00000000 @ 0x000009B7 at PC 0x010F3548
[   4.716846] HW.Memory <Error> core\memory.cpp:Memory::MemorySystem::Write:528: unmapped Write8 0x00000000 @ 0x000009B8 at PC 0x010F3548
[   4.716846] HW.Memory <Error> core\memory.cpp:Memory::MemorySystem::Write:528: unmapped Write8 0x00000000 @ 0x000009B9 at PC 0x010F3548
[   4.716846] HW.Memory <Error> core\memory.cpp:Memory::MemorySystem::Write:528: unmapped Write8 0x00000000 @ 0x000009BA at PC 0x010F3548
[   4.716847] HW.Memory <Error> core\memory.cpp:Memory::MemorySystem::Write:528: unmapped Write8 0x00000000 @ 0x000009BB at PC 0x010F3548
[   4.716847] HW.Memory <Error> core\memory.cpp:Memory::MemorySystem::Write:528: unmapped Write8 0x00000000 @ 0x000009BC at PC 0x010F3548
[   4.716848] HW.Memory <Error> core\memory.cpp:Memory::MemorySystem::Write:528: unmapped Write8 0x00000000 @ 0x000009BD at PC 0x010F3548
[   4.716848] HW.Memory <Error> core\memory.cpp:Memory::MemorySystem::Write:528: unmapped Write8 0x00000000 @ 0x000009BE at PC 0x010F3548
[   4.716848] HW.Memory <Error> core\memory.cpp:Memory::MemorySystem::Write:528: unmapped Write8 0x00000000 @ 0x000009BF at PC 0x010F3548
[   4.716849] HW.Memory <Error> core\memory.cpp:Memory::MemorySystem::Write:528: unmapped Write8 0x00000000 @ 0x000009C0 at PC 0x010F3548
[   4.716849] HW.Memory <Error> core\memory.cpp:Memory::MemorySystem::Write:528: unmapped Write8 0x00000000 @ 0x000009C1 at PC 0x010F3548
[   4.716850] HW.Memory <Error> core\memory.cpp:Memory::MemorySystem::Write:528: unmapped Write8 0x00000000 @ 0x000009C2 at PC 0x010F3548
[   4.716852] HW.Memory <Error> core\memory.cpp:Memory::MemorySystem::Write:528: unmapped Write8 0x00000000 @ 0x000009C3 at PC 0x010F3548
[   4.716853] HW.Memory <Error> core\memory.cpp:Memory::MemorySystem::Write:528: unmapped Write8 0x00000000 @ 0x000009C4 at PC 0x010F3548
[   4.716853] HW.Memory <Error> core\memory.cpp:Memory::MemorySystem::Write:528: unmapped Write8 0x00000000 @ 0x000009C5 at PC 0x010F3548
[   4.716854] HW.Memory <Error> core\memory.cpp:Memory::MemorySystem::Write:528: unmapped Write8 0x00000000 @ 0x000009C6 at PC 0x010F3548
[   4.716854] HW.Memory <Error> core\memory.cpp:Memory::MemorySystem::Write:528: unmapped Write8 0x00000000 @ 0x000009C7 at PC 0x010F3548
[   4.716854] HW.Memory <Error> core\memory.cpp:Memory::MemorySystem::Write:528: unmapped Write8 0x00000000 @ 0x000009C8 at PC 0x010F3548
[   4.716855] HW.Memory <Error> core\memory.cpp:Memory::MemorySystem::Write:528: unmapped Write8 0x00000000 @ 0x000009C9 at PC 0x010F3548
[   4.716856] HW.Memory <Error> core\memory.cpp:Memory::MemorySystem::Write:528: unmapped Write8 0x00000000 @ 0x000009CA at PC 0x010F3548
[   4.716856] HW.Memory <Error> core\memory.cpp:Memory::MemorySystem::Write:528: unmapped Write8 0x00000000 @ 0x000009CB at PC 0x010F3548
[   4.716857] HW.Memory <Error> core\memory.cpp:Memory::MemorySystem::Write:528: unmapped Write8 0x00000000 @ 0x000009CC at PC 0x010F3548
[   4.716857] HW.Memory <Error> core\memory.cpp:Memory::MemorySystem::Write:528: unmapped Write8 0x00000000 @ 0x000009CD at PC 0x010F3548
[   4.716858] HW.Memory <Error> core\memory.cpp:Memory::MemorySystem::Write:528: unmapped Write8 0x00000000 @ 0x000009CE at PC 0x010F3548
[   4.716858] HW.Memory <Error> core\memory.cpp:Memory::MemorySystem::Write:528: unmapped Write8 0x00000000 @ 0x000009CF at PC 0x010F3548
[   4.716858] HW.Memory <Error> core\memory.cpp:Memory::MemorySystem::Write:528: unmapped Write8 0x00000000 @ 0x000009D0 at PC 0x010F3548
[   4.716859] HW.Memory <Error> core\memory.cpp:Memory::MemorySystem::Write:528: unmapped Write8 0x00000000 @ 0x000009D1 at PC 0x010F3548
[   4.716859] HW.Memory <Error> core\memory.cpp:Memory::MemorySystem::Write:528: unmapped Write8 0x00000000 @ 0x000009D2 at PC 0x010F3548
[   4.716860] HW.Memory <Error> core\memory.cpp:Memory::MemorySystem::Write:528: unmapped Write8 0x00000000 @ 0x000009D3 at PC 0x010F3548
[   4.716860] HW.Memory <Error> core\memory.cpp:Memory::MemorySystem::Write:528: unmapped Write8 0x00000000 @ 0x000009D4 at PC 0x010F3548
[   4.716861] HW.Memory <Error> core\memory.cpp:Memory::MemorySystem::Write:528: unmapped Write8 0x00000000 @ 0x000009D5 at PC 0x010F3548
[   4.716861] HW.Memory <Error> core\memory.cpp:Memory::MemorySystem::Write:528: unmapped Write8 0x00000000 @ 0x000009D6 at PC 0x010F3548
[   4.716862] HW.Memory <Error> core\memory.cpp:Memory::MemorySystem::Write:528: unmapped Write8 0x00000000 @ 0x000009D7 at PC 0x010F3548
[   4.716862] HW.Memory <Error> core\memory.cpp:Memory::MemorySystem::Write:528: unmapped Write8 0x00000000 @ 0x000009D8 at PC 0x010F3548
[   4.716863] HW.Memory <Error> core\memory.cpp:Memory::MemorySystem::Write:528: unmapped Write8 0x00000000 @ 0x000009D9 at PC 0x010F3548
[   4.716863] HW.Memory <Error> core\memory.cpp:Memory::MemorySystem::Write:528: unmapped Write8 0x00000000 @ 0x000009DA at PC 0x010F3548
[   4.716863] HW.Memory <Error> core\memory.cpp:Memory::MemorySystem::Write:528: unmapped Write8 0x00000000 @ 0x000009DB at PC 0x010F3548
[   4.716864] HW.Memory <Error> core\memory.cpp:Memory::MemorySystem::Write:528: unmapped Write8 0x00000000 @ 0x000009DC at PC 0x010F3548
[   4.716864] HW.Memory <Error> core\memory.cpp:Memory::MemorySystem::Write:528: unmapped Write8 0x00000000 @ 0x000009DD at PC 0x010F3548
[   4.716865] HW.Memory <Error> core\memory.cpp:Memory::MemorySystem::Write:528: unmapped Write8 0x00000000 @ 0x000009DE at PC 0x010F3548
[   4.716865] HW.Memory <Error> core\memory.cpp:Memory::MemorySystem::Write:528: unmapped Write8 0x00000000 @ 0x000009DF at PC 0x010F3548
[   4.716866] HW.Memory <Error> core\memory.cpp:Memory::MemorySystem::Write:528: unmapped Write8 0x00000000 @ 0x000009E0 at PC 0x010F3548
[   4.716866] HW.Memory <Error> core\memory.cpp:Memory::MemorySystem::Write:528: unmapped Write8 0x00000000 @ 0x000009E1 at PC 0x010F3548
[   4.716867] HW.Memory <Error> core\memory.cpp:Memory::MemorySystem::Write:528: unmapped Write8 0x00000000 @ 0x000009E2 at PC 0x010F3548
[   4.716867] HW.Memory <Error> core\memory.cpp:Memory::MemorySystem::Write:528: unmapped Write8 0x00000000 @ 0x000009E3 at PC 0x010F3548
[   4.716867] HW.Memory <Error> core\memory.cpp:Memory::MemorySystem::Write:528: unmapped Write8 0x00000000 @ 0x000009E4 at PC 0x010F3548
[   4.716868] HW.Memory <Error> core\memory.cpp:Memory::MemorySystem::Write:528: unmapped Write8 0x00000000 @ 0x000009E5 at PC 0x010F3548
[   4.716868] HW.Memory <Error> core\memory.cpp:Memory::MemorySystem::Write:528: unmapped Write8 0x00000000 @ 0x000009E6 at PC 0x010F3548
[   4.716868] HW.Memory <Error> core\memory.cpp:Memory::MemorySystem::Write:528: unmapped Write8 0x00000000 @ 0x000009E7 at PC 0x010F3548
[   4.716869] HW.Memory <Error> core\memory.cpp:Memory::MemorySystem::Write:528: unmapped Write8 0x00000000 @ 0x000009E8 at PC 0x010F3548
[   4.716869] HW.Memory <Error> core\memory.cpp:Memory::MemorySystem::Write:528: unmapped Write8 0x00000000 @ 0x000009E9 at PC 0x010F3548
[   4.716870] HW.Memory <Error> core\memory.cpp:Memory::MemorySystem::Write:528: unmapped Write8 0x00000000 @ 0x000009EA at PC 0x010F3548
[   4.716870] HW.Memory <Error> core\memory.cpp:Memory::MemorySystem::Write:528: unmapped Write8 0x00000000 @ 0x000009EB at PC 0x010F3548
[   4.716871] HW.Memory <Error> core\memory.cpp:Memory::MemorySystem::Write:528: unmapped Write8 0x00000000 @ 0x000009EC at PC 0x010F3548
[   4.716871] HW.Memory <Error> core\memory.cpp:Memory::MemorySystem::Write:528: unmapped Write8 0x00000000 @ 0x000009ED at PC 0x010F3548
[   4.716871] HW.Memory <Error> core\memory.cpp:Memory::MemorySystem::Write:528: unmapped Write8 0x00000000 @ 0x000009EE at PC 0x010F3548
[   4.716872] HW.Memory <Error> core\memory.cpp:Memory::MemorySystem::Write:528: unmapped Write8 0x00000000 @ 0x000009EF at PC 0x010F3548
[   4.716872] HW.Memory <Error> core\memory.cpp:Memory::MemorySystem::Write:528: unmapped Write8 0x00000000 @ 0x000009F0 at PC 0x010F3548
[   4.716873] HW.Memory <Error> core\memory.cpp:Memory::MemorySystem::Write:528: unmapped Write8 0x00000000 @ 0x000009F1 at PC 0x010F3548
[   4.716873] HW.Memory <Error> core\memory.cpp:Memory::MemorySystem::Write:528: unmapped Write8 0x00000000 @ 0x000009F2 at PC 0x010F3548
[   4.716874] HW.Memory <Error> core\memory.cpp:Memory::MemorySystem::Write:528: unmapped Write8 0x00000000 @ 0x000009F3 at PC 0x010F3548
[   4.716874] HW.Memory <Error> core\memory.cpp:Memory::MemorySystem::Write:528: unmapped Write8 0x00000000 @ 0x000009F4 at PC 0x010F3548
[   4.716874] HW.Memory <Error> core\memory.cpp:Memory::MemorySystem::Write:528: unmapped Write8 0x00000000 @ 0x000009F5 at PC 0x010F3548
[   4.716875] HW.Memory <Error> core\memory.cpp:Memory::MemorySystem::Write:528: unmapped Write8 0x00000000 @ 0x000009F6 at PC 0x010F3548
[   4.716875] HW.Memory <Error> core\memory.cpp:Memory::MemorySystem::Write:528: unmapped Write8 0x00000000 @ 0x000009F7 at PC 0x010F3548
[   4.716876] HW.Memory <Error> core\memory.cpp:Memory::MemorySystem::Write:528: unmapped Write8 0x00000000 @ 0x000009F8 at PC 0x010F3548
[   4.716876] HW.Memory <Error> core\memory.cpp:Memory::MemorySystem::Write:528: unmapped Write8 0x00000000 @ 0x000009F9 at PC 0x010F3548
[   4.716876] HW.Memory <Error> core\memory.cpp:Memory::MemorySystem::Write:528: unmapped Write8 0x00000000 @ 0x000009FA at PC 0x010F3548
[   4.716877] HW.Memory <Error> core\memory.cpp:Memory::MemorySystem::Write:528: unmapped Write8 0x00000000 @ 0x000009FB at PC 0x010F3548
[   4.716877] HW.Memory <Error> core\memory.cpp:Memory::MemorySystem::Write:528: unmapped Write8 0x00000000 @ 0x000009FC at PC 0x010F3548
[   4.716878] HW.Memory <Error> core\memory.cpp:Memory::MemorySystem::Write:528: unmapped Write8 0x00000000 @ 0x000009FD at PC 0x010F3548
[   4.716878] HW.Memory <Error> core\memory.cpp:Memory::MemorySystem::Write:528: unmapped Write8 0x00000000 @ 0x000009FE at PC 0x010F3548
[   4.716878] HW.Memory <Error> core\memory.cpp:Memory::MemorySystem::Write:528: unmapped Write8 0x00000000 @ 0x000009FF at PC 0x010F3548
[   4.716879] HW.Memory <Error> core\memory.cpp:Memory::MemorySystem::Write:528: unmapped Write8 0x00000000 @ 0x00000A00 at PC 0x010F3548
[   4.716879] HW.Memory <Error> core\memory.cpp:Memory::MemorySystem::Write:528: unmapped Write8 0x00000000 @ 0x00000A01 at PC 0x010F3548
[   4.716880] HW.Memory <Error> core\memory.cpp:Memory::MemorySystem::Write:528: unmapped Write8 0x00000000 @ 0x00000A02 at PC 0x010F3548
[   4.716880] HW.Memory <Error> core\memory.cpp:Memory::MemorySystem::Write:528: unmapped Write8 0x00000000 @ 0x00000A03 at PC 0x010F3548
[   4.716881] HW.Memory <Error> core\memory.cpp:Memory::MemorySystem::Write:528: unmapped Write8 0x00000000 @ 0x00000A04 at PC 0x010F3548
[   4.716881] HW.Memory <Error> core\memory.cpp:Memory::MemorySystem::Write:528: unmapped Write8 0x00000000 @ 0x00000A05 at PC 0x010F3548
[   4.716882] HW.Memory <Error> core\memory.cpp:Memory::MemorySystem::Write:528: unmapped Write8 0x00000000 @ 0x00000A06 at PC 0x010F3548
[   4.716882] HW.Memory <Error> core\memory.cpp:Memory::MemorySystem::Write:528: unmapped Write8 0x00000000 @ 0x00000A07 at PC 0x010F3548
[   4.716883] HW.Memory <Error> core\memory.cpp:Memory::MemorySystem::Write:528: unmapped Write8 0x00000000 @ 0x00000A08 at PC 0x010F3548
[   4.716883] HW.Memory <Error> core\memory.cpp:Memory::MemorySystem::Write:528: unmapped Write8 0x00000000 @ 0x00000A09 at PC 0x010F3548
[   4.716883] HW.Memory <Error> core\memory.cpp:Memory::MemorySystem::Write:528: unmapped Write8 0x00000000 @ 0x00000A0A at PC 0x010F3548
[   4.716884] HW.Memory <Error> core\memory.cpp:Memory::MemorySystem::Write:528: unmapped Write8 0x00000000 @ 0x00000A0B at PC 0x010F3548
[   4.716885] HW.Memory <Error> core\memory.cpp:Memory::MemorySystem::Write:528: unmapped Write8 0x00000000 @ 0x00000A0C at PC 0x010F3548
[   4.716885] HW.Memory <Error> core\memory.cpp:Memory::MemorySystem::Write:528: unmapped Write8 0x00000000 @ 0x00000A0D at PC 0x010F3548
[   4.716886] HW.Memory <Error> core\memory.cpp:Memory::MemorySystem::Write:528: unmapped Write8 0x00000000 @ 0x00000A0E at PC 0x010F3548
[   4.716886] HW.Memory <Error> core\memory.cpp:Memory::MemorySystem::Write:528: unmapped Write8 0x00000000 @ 0x00000A0F at PC 0x010F3548
[   4.716887] HW.Memory <Error> core\memory.cpp:Memory::MemorySystem::Write:528: unmapped Write8 0x00000000 @ 0x00000A10 at PC 0x010F3548
[   4.716887] HW.Memory <Error> core\memory.cpp:Memory::MemorySystem::Write:528: unmapped Write8 0x00000000 @ 0x00000A11 at PC 0x010F3548
[   4.716888] HW.Memory <Error> core\memory.cpp:Memory::MemorySystem::Write:528: unmapped Write8 0x00000000 @ 0x00000A12 at PC 0x010F3548
[   4.716889] HW.Memory <Error> core\memory.cpp:Memory::MemorySystem::Write:528: unmapped Write8 0x00000000 @ 0x00000A13 at PC 0x010F3548
[   4.716889] HW.Memory <Error> core\memory.cpp:Memory::MemorySystem::Write:528: unmapped Write8 0x00000000 @ 0x00000A14 at PC 0x010F3548
[   4.716890] HW.Memory <Error> core\memory.cpp:Memory::MemorySystem::Write:528: unmapped Write8 0x00000000 @ 0x00000A15 at PC 0x010F3548
[   4.716890] HW.Memory <Error> core\memory.cpp:Memory::MemorySystem::Write:528: unmapped Write8 0x00000000 @ 0x00000A16 at PC 0x010F3548
[   4.716891] HW.Memory <Error> core\memory.cpp:Memory::MemorySystem::Write:528: unmapped Write8 0x00000000 @ 0x00000A17 at PC 0x010F3548
[   4.716891] HW.Memory <Error> core\memory.cpp:Memory::MemorySystem::Write:528: unmapped Write8 0x00000000 @ 0x00000A18 at PC 0x010F3548
[   4.716892] HW.Memory <Error> core\memory.cpp:Memory::MemorySystem::Write:528: unmapped Write8 0x00000000 @ 0x00000A19 at PC 0x010F3548
[   4.716892] HW.Memory <Error> core\memory.cpp:Memory::MemorySystem::Write:528: unmapped Write8 0x00000000 @ 0x00000A1A at PC 0x010F3548
[   4.716893] HW.Memory <Error> core\memory.cpp:Memory::MemorySystem::Write:528: unmapped Write8 0x00000000 @ 0x00000A1B at PC 0x010F3548
[   4.716893] HW.Memory <Error> core\memory.cpp:Memory::MemorySystem::Write:528: unmapped Write8 0x00000000 @ 0x00000A1C at PC 0x010F3548
[   4.716894] HW.Memory <Error> core\memory.cpp:Memory::MemorySystem::Write:528: unmapped Write8 0x00000000 @ 0x00000A1D at PC 0x010F3548
[   4.716894] HW.Memory <Error> core\memory.cpp:Memory::MemorySystem::Write:528: unmapped Write8 0x00000000 @ 0x00000A1E at PC 0x010F3548
[   4.716895] HW.Memory <Error> core\memory.cpp:Memory::MemorySystem::Write:528: unmapped Write8 0x00000000 @ 0x00000A1F at PC 0x010F3548
[   4.716895] HW.Memory <Error> core\memory.cpp:Memory::MemorySystem::Write:528: unmapped Write8 0x00000000 @ 0x00000A20 at PC 0x010F3548
[   4.716896] HW.Memory <Error> core\memory.cpp:Memory::MemorySystem::Write:528: unmapped Write8 0x00000000 @ 0x00000A21 at PC 0x010F3548
[   4.716896] HW.Memory <Error> core\memory.cpp:Memory::MemorySystem::Write:528: unmapped Write8 0x00000000 @ 0x00000A22 at PC 0x010F3548
[   4.716897] HW.Memory <Error> core\memory.cpp:Memory::MemorySystem::Write:528: unmapped Write8 0x00000000 @ 0x00000A23 at PC 0x010F3548
[   4.716897] HW.Memory <Error> core\memory.cpp:Memory::MemorySystem::Write:528: unmapped Write8 0x00000000 @ 0x00000A24 at PC 0x010F3548
[   4.716898] HW.Memory <Error> core\memory.cpp:Memory::MemorySystem::Write:528: unmapped Write8 0x00000000 @ 0x00000A25 at PC 0x010F3548
[   4.716898] HW.Memory <Error> core\memory.cpp:Memory::MemorySystem::Write:528: unmapped Write8 0x00000000 @ 0x00000A26 at PC 0x010F3548
[   4.716899] HW.Memory <Error> core\memory.cpp:Memory::MemorySystem::Write:528: unmapped Write8 0x00000000 @ 0x00000A27 at PC 0x010F3548
[   4.716899] HW.Memory <Error> core\memory.cpp:Memory::MemorySystem::Write:528: unmapped Write8 0x00000000 @ 0x00000A28 at PC 0x010F3548
[   4.716900] HW.Memory <Error> core\memory.cpp:Memory::MemorySystem::Write:528: unmapped Write8 0x00000000 @ 0x00000A29 at PC 0x010F3548
[   4.716900] HW.Memory <Error> core\memory.cpp:Memory::MemorySystem::Write:528: unmapped Write8 0x00000000 @ 0x00000A2A at PC 0x010F3548
[   4.716901] HW.Memory <Error> core\memory.cpp:Memory::MemorySystem::Write:528: unmapped Write8 0x00000000 @ 0x00000A2B at PC 0x010F3548
[   4.716901] HW.Memory <Error> core\memory.cpp:Memory::MemorySystem::Write:528: unmapped Write8 0x00000000 @ 0x00000A2C at PC 0x010F3548
[   4.716923] HW.Memory <Error> core\memory.cpp:Memory::MemorySystem::Write:528: unmapped Write8 0x00000000 @ 0x00000A2D at PC 0x010F3548
[   4.716923] HW.Memory <Error> core\memory.cpp:Memory::MemorySystem::Write:528: unmapped Write8 0x00000000 @ 0x00000A2E at PC 0x010F3548
[   4.716923] HW.Memory <Error> core\memory.cpp:Memory::MemorySystem::Write:528: unmapped Write8 0x00000000 @ 0x00000A2F at PC 0x010F3548
[   4.716924] HW.Memory <Error> core\memory.cpp:Memory::MemorySystem::Write:528: unmapped Write8 0x00000000 @ 0x00000A30 at PC 0x010F3548
[   4.716924] HW.Memory <Error> core\memory.cpp:Memory::MemorySystem::Write:528: unmapped Write8 0x00000000 @ 0x00000A31 at PC 0x010F3548
[   4.716925] HW.Memory <Error> core\memory.cpp:Memory::MemorySystem::Write:528: unmapped Write8 0x00000000 @ 0x00000A32 at PC 0x010F3548
[   4.716925] HW.Memory <Error> core\memory.cpp:Memory::MemorySystem::Write:528: unmapped Write8 0x00000000 @ 0x00000A33 at PC 0x010F3548
[   4.716925] HW.Memory <Error> core\memory.cpp:Memory::MemorySystem::Write:528: unmapped Write8 0x00000000 @ 0x00000A34 at PC 0x010F3548
[   4.716926] HW.Memory <Error> core\memory.cpp:Memory::MemorySystem::Write:528: unmapped Write8 0x00000000 @ 0x00000A35 at PC 0x010F3548
[   4.716926] HW.Memory <Error> core\memory.cpp:Memory::MemorySystem::Write:528: unmapped Write8 0x00000000 @ 0x00000A36 at PC 0x010F3548
[   4.716927] HW.Memory <Error> core\memory.cpp:Memory::MemorySystem::Write:528: unmapped Write8 0x00000000 @ 0x00000A37 at PC 0x010F3548
[   4.716927] HW.Memory <Error> core\memory.cpp:Memory::MemorySystem::Write:528: unmapped Write8 0x00000000 @ 0x00000A38 at PC 0x010F3548
[   4.716927] HW.Memory <Error> core\memory.cpp:Memory::MemorySystem::Write:528: unmapped Write8 0x00000000 @ 0x00000A39 at PC 0x010F3548
[   4.716928] HW.Memory <Error> core\memory.cpp:Memory::MemorySystem::Write:528: unmapped Write8 0x00000000 @ 0x00000A3A at PC 0x010F3548
[   4.716928] HW.Memory <Error> core\memory.cpp:Memory::MemorySystem::Write:528: unmapped Write8 0x00000000 @ 0x00000A3B at PC 0x010F3548
[   4.716929] HW.Memory <Error> core\memory.cpp:Memory::MemorySystem::Write:528: unmapped Write8 0x00000000 @ 0x00000A3C at PC 0x010F3548
[   4.716929] HW.Memory <Error> core\memory.cpp:Memory::MemorySystem::Write:528: unmapped Write8 0x00000000 @ 0x00000A3D at PC 0x010F3548
[   4.716929] HW.Memory <Error> core\memory.cpp:Memory::MemorySystem::Write:528: unmapped Write8 0x00000000 @ 0x00000A3E at PC 0x010F3548
[   4.716930] HW.Memory <Error> core\memory.cpp:Memory::MemorySystem::Write:528: unmapped Write8 0x00000000 @ 0x00000A3F at PC 0x010F3548
[   4.716930] HW.Memory <Error> core\memory.cpp:Memory::MemorySystem::Write:528: unmapped Write8 0x00000000 @ 0x00000A40 at PC 0x010F3548
[   4.716931] HW.Memory <Error> core\memory.cpp:Memory::MemorySystem::Write:528: unmapped Write8 0x00000000 @ 0x00000A41 at PC 0x010F3548
[   4.716931] HW.Memory <Error> core\memory.cpp:Memory::MemorySystem::Write:528: unmapped Write8 0x00000000 @ 0x00000A42 at PC 0x010F3548
[   4.716932] HW.Memory <Error> core\memory.cpp:Memory::MemorySystem::Write:528: unmapped Write8 0x00000000 @ 0x00000A43 at PC 0x010F3548
[   4.716932] HW.Memory <Error> core\memory.cpp:Memory::MemorySystem::Write:528: unmapped Write8 0x00000000 @ 0x00000A44 at PC 0x010F3548
[   4.716933] HW.Memory <Error> core\memory.cpp:Memory::MemorySystem::Write:528: unmapped Write8 0x00000000 @ 0x00000A45 at PC 0x010F3548
[   4.716933] HW.Memory <Error> core\memory.cpp:Memory::MemorySystem::Write:528: unmapped Write8 0x00000000 @ 0x00000A46 at PC 0x010F3548
[   4.716934] HW.Memory <Error> core\memory.cpp:Memory::MemorySystem::Write:528: unmapped Write8 0x00000000 @ 0x00000A47 at PC 0x010F3548
[   4.716934] HW.Memory <Error> core\memory.cpp:Memory::MemorySystem::Write:528: unmapped Write8 0x00000000 @ 0x00000A48 at PC 0x010F3548
[   4.716934] HW.Memory <Error> core\memory.cpp:Memory::MemorySystem::Write:528: unmapped Write8 0x00000000 @ 0x00000A49 at PC 0x010F3548
[   4.716935] HW.Memory <Error> core\memory.cpp:Memory::MemorySystem::Write:528: unmapped Write8 0x00000000 @ 0x00000A4A at PC 0x010F3548
[   4.716935] HW.Memory <Error> core\memory.cpp:Memory::MemorySystem::Write:528: unmapped Write8 0x00000000 @ 0x00000A4B at PC 0x010F3548
[   4.716936] HW.Memory <Error> core\memory.cpp:Memory::MemorySystem::Write:528: unmapped Write8 0x00000000 @ 0x00000A4C at PC 0x010F3548
[   4.716936] HW.Memory <Error> core\memory.cpp:Memory::MemorySystem::Write:528: unmapped Write8 0x00000000 @ 0x00000A4D at PC 0x010F3548
[   4.716937] HW.Memory <Error> core\memory.cpp:Memory::MemorySystem::Write:528: unmapped Write8 0x00000000 @ 0x00000A4E at PC 0x010F3548
[   4.716937] HW.Memory <Error> core\memory.cpp:Memory::MemorySystem::Write:528: unmapped Write8 0x00000000 @ 0x00000A4F at PC 0x010F3548
[   4.716938] HW.Memory <Error> core\memory.cpp:Memory::MemorySystem::Write:528: unmapped Write8 0x00000000 @ 0x00000A50 at PC 0x010F3548
[   4.716938] HW.Memory <Error> core\memory.cpp:Memory::MemorySystem::Write:528: unmapped Write8 0x00000000 @ 0x00000A51 at PC 0x010F3548
[   4.716939] HW.Memory <Error> core\memory.cpp:Memory::MemorySystem::Write:528: unmapped Write8 0x00000000 @ 0x00000A52 at PC 0x010F3548
[   4.716939] HW.Memory <Error> core\memory.cpp:Memory::MemorySystem::Write:528: unmapped Write8 0x00000000 @ 0x00000A53 at PC 0x010F3548
[   4.716940] HW.Memory <Error> core\memory.cpp:Memory::MemorySystem::Write:528: unmapped Write8 0x00000000 @ 0x00000A54 at PC 0x010F3548
[   4.716940] HW.Memory <Error> core\memory.cpp:Memory::MemorySystem::Write:528: unmapped Write8 0x00000000 @ 0x00000A55 at PC 0x010F3548
[   4.716941] HW.Memory <Error> core\memory.cpp:Memory::MemorySystem::Write:528: unmapped Write8 0x00000000 @ 0x00000A56 at PC 0x010F3548
[   4.716941] HW.Memory <Error> core\memory.cpp:Memory::MemorySystem::Write:528: unmapped Write8 0x00000000 @ 0x00000A57 at PC 0x010F3548
[   4.716942] HW.Memory <Error> core\memory.cpp:Memory::MemorySystem::Write:528: unmapped Write8 0x00000000 @ 0x00000A58 at PC 0x010F3548
[   4.716942] HW.Memory <Error> core\memory.cpp:Memory::MemorySystem::Write:528: unmapped Write8 0x00000000 @ 0x00000A59 at PC 0x010F3548
[   4.716943] HW.Memory <Error> core\memory.cpp:Memory::MemorySystem::Write:528: unmapped Write8 0x00000000 @ 0x00000A5A at PC 0x010F3548
[   4.716943] HW.Memory <Error> core\memory.cpp:Memory::MemorySystem::Write:528: unmapped Write8 0x00000000 @ 0x00000A5B at PC 0x010F3548
[   4.716944] HW.Memory <Error> core\memory.cpp:Memory::MemorySystem::Write:528: unmapped Write8 0x00000000 @ 0x00000A5C at PC 0x010F3548
[   4.716944] HW.Memory <Error> core\memory.cpp:Memory::MemorySystem::Write:528: unmapped Write8 0x00000000 @ 0x00000A5D at PC 0x010F3548
[   4.716944] HW.Memory <Error> core\memory.cpp:Memory::MemorySystem::Write:528: unmapped Write8 0x00000000 @ 0x00000A5E at PC 0x010F3548
[   4.716945] HW.Memory <Error> core\memory.cpp:Memory::MemorySystem::Write:528: unmapped Write8 0x00000000 @ 0x00000A5F at PC 0x010F3548
[   4.716945] HW.Memory <Error> core\memory.cpp:Memory::MemorySystem::Write:528: unmapped Write8 0x00000000 @ 0x00000A60 at PC 0x010F3548
[   4.716946] HW.Memory <Error> core\memory.cpp:Memory::MemorySystem::Write:528: unmapped Write8 0x00000000 @ 0x00000A61 at PC 0x010F3548
[   4.716946] HW.Memory <Error> core\memory.cpp:Memory::MemorySystem::Write:528: unmapped Write8 0x00000000 @ 0x00000A62 at PC 0x010F3548
[   4.716947] HW.Memory <Error> core\memory.cpp:Memory::MemorySystem::Write:528: unmapped Write8 0x00000000 @ 0x00000A63 at PC 0x010F3548
[   4.716947] HW.Memory <Error> core\memory.cpp:Memory::MemorySystem::Write:528: unmapped Write8 0x00000000 @ 0x00000A64 at PC 0x010F3548
[   4.716947] HW.Memory <Error> core\memory.cpp:Memory::MemorySystem::Write:528: unmapped Write8 0x00000000 @ 0x00000A65 at PC 0x010F3548
[   4.716948] HW.Memory <Error> core\memory.cpp:Memory::MemorySystem::Write:528: unmapped Write8 0x00000000 @ 0x00000A66 at PC 0x010F3548
[   4.716948] HW.Memory <Error> core\memory.cpp:Memory::MemorySystem::Write:528: unmapped Write8 0x00000000 @ 0x00000A67 at PC 0x010F3548
[   4.716949] HW.Memory <Error> core\memory.cpp:Memory::MemorySystem::Write:528: unmapped Write8 0x00000000 @ 0x00000A68 at PC 0x010F3548
[   4.716949] HW.Memory <Error> core\memory.cpp:Memory::MemorySystem::Write:528: unmapped Write8 0x00000000 @ 0x00000A69 at PC 0x010F3548
[   4.716949] HW.Memory <Error> core\memory.cpp:Memory::MemorySystem::Write:528: unmapped Write8 0x00000000 @ 0x00000A6A at PC 0x010F3548
[   4.716950] HW.Memory <Error> core\memory.cpp:Memory::MemorySystem::Write:528: unmapped Write8 0x00000000 @ 0x00000A6B at PC 0x010F3548
[   4.716950] HW.Memory <Error> core\memory.cpp:Memory::MemorySystem::Write:528: unmapped Write8 0x00000000 @ 0x00000A6C at PC 0x010F3548
[   4.716951] HW.Memory <Error> core\memory.cpp:Memory::MemorySystem::Write:528: unmapped Write8 0x00000000 @ 0x00000A6D at PC 0x010F3548
[   4.716951] HW.Memory <Error> core\memory.cpp:Memory::MemorySystem::Write:528: unmapped Write8 0x00000000 @ 0x00000A6E at PC 0x010F3548
[   4.716951] HW.Memory <Error> core\memory.cpp:Memory::MemorySystem::Write:528: unmapped Write8 0x00000000 @ 0x00000A6F at PC 0x010F3548
[   4.716952] HW.Memory <Error> core\memory.cpp:Memory::MemorySystem::Write:528: unmapped Write8 0x00000000 @ 0x00000A70 at PC 0x010F3548
[   4.716952] HW.Memory <Error> core\memory.cpp:Memory::MemorySystem::Write:528: unmapped Write8 0x00000000 @ 0x00000A71 at PC 0x010F3548
[   4.716952] HW.Memory <Error> core\memory.cpp:Memory::MemorySystem::Write:528: unmapped Write8 0x00000000 @ 0x00000A72 at PC 0x010F3548
[   4.716953] HW.Memory <Error> core\memory.cpp:Memory::MemorySystem::Write:528: unmapped Write8 0x00000000 @ 0x00000A73 at PC 0x010F3548
[   4.716953] HW.Memory <Error> core\memory.cpp:Memory::MemorySystem::Write:528: unmapped Write8 0x00000000 @ 0x00000A74 at PC 0x010F3548
[   4.716954] HW.Memory <Error> core\memory.cpp:Memory::MemorySystem::Write:528: unmapped Write8 0x00000000 @ 0x00000A75 at PC 0x010F3548
[   4.716954] HW.Memory <Error> core\memory.cpp:Memory::MemorySystem::Write:528: unmapped Write8 0x00000000 @ 0x00000A76 at PC 0x010F3548
[   4.716954] HW.Memory <Error> core\memory.cpp:Memory::MemorySystem::Write:528: unmapped Write8 0x00000000 @ 0x00000A77 at PC 0x010F3548
[   4.716955] HW.Memory <Error> core\memory.cpp:Memory::MemorySystem::Write:528: unmapped Write8 0x00000000 @ 0x00000A78 at PC 0x010F3548
[   4.716955] HW.Memory <Error> core\memory.cpp:Memory::MemorySystem::Write:528: unmapped Write8 0x00000000 @ 0x00000A79 at PC 0x010F3548
[   4.716955] HW.Memory <Error> core\memory.cpp:Memory::MemorySystem::Write:528: unmapped Write8 0x00000000 @ 0x00000A7A at PC 0x010F3548
[   4.716956] HW.Memory <Error> core\memory.cpp:Memory::MemorySystem::Write:528: unmapped Write8 0x00000000 @ 0x00000A7B at PC 0x010F3548
[   4.716956] HW.Memory <Error> core\memory.cpp:Memory::MemorySystem::Write:528: unmapped Write8 0x00000000 @ 0x00000A7C at PC 0x010F3548
[   4.716957] HW.Memory <Error> core\memory.cpp:Memory::MemorySystem::Write:528: unmapped Write8 0x00000000 @ 0x00000A7D at PC 0x010F3548
[   4.716957] HW.Memory <Error> core\memory.cpp:Memory::MemorySystem::Write:528: unmapped Write8 0x00000000 @ 0x00000A7E at PC 0x010F3548
[   4.716958] HW.Memory <Error> core\memory.cpp:Memory::MemorySystem::Write:528: unmapped Write8 0x00000000 @ 0x00000A7F at PC 0x010F3548
[   4.716958] HW.Memory <Error> core\memory.cpp:Memory::MemorySystem::Write:528: unmapped Write8 0x00000000 @ 0x00000A80 at PC 0x010F3548
[   4.716958] HW.Memory <Error> core\memory.cpp:Memory::MemorySystem::Write:528: unmapped Write8 0x00000000 @ 0x00000A81 at PC 0x010F3548
[   4.716959] HW.Memory <Error> core\memory.cpp:Memory::MemorySystem::Write:528: unmapped Write8 0x00000000 @ 0x00000A82 at PC 0x010F3548
[   4.716960] HW.Memory <Error> core\memory.cpp:Memory::MemorySystem::Write:528: unmapped Write8 0x00000000 @ 0x00000A83 at PC 0x010F3548
[   4.716961] HW.Memory <Error> core\memory.cpp:Memory::MemorySystem::Write:528: unmapped Write8 0x00000000 @ 0x00000A84 at PC 0x010F3548
[   4.716961] HW.Memory <Error> core\memory.cpp:Memory::MemorySystem::Write:528: unmapped Write8 0x00000000 @ 0x00000A85 at PC 0x010F3548
[   4.716962] HW.Memory <Error> core\memory.cpp:Memory::MemorySystem::Write:528: unmapped Write8 0x00000000 @ 0x00000A86 at PC 0x010F3548
[   4.716963] HW.Memory <Error> core\memory.cpp:Memory::MemorySystem::Write:528: unmapped Write8 0x00000000 @ 0x00000A87 at PC 0x010F3548
[   4.716964] HW.Memory <Error> core\memory.cpp:Memory::MemorySystem::Write:528: unmapped Write8 0x00000000 @ 0x00000A88 at PC 0x010F3548
[   4.716964] HW.Memory <Error> core\memory.cpp:Memory::MemorySystem::Write:528: unmapped Write8 0x00000000 @ 0x00000A89 at PC 0x010F3548
[   4.716965] HW.Memory <Error> core\memory.cpp:Memory::MemorySystem::Write:528: unmapped Write8 0x00000000 @ 0x00000A8A at PC 0x010F3548
[   4.716966] HW.Memory <Error> core\memory.cpp:Memory::MemorySystem::Write:528: unmapped Write8 0x00000000 @ 0x00000A8B at PC 0x010F3548
[   4.716967] HW.Memory <Error> core\memory.cpp:Memory::MemorySystem::Write:528: unmapped Write8 0x00000000 @ 0x00000A8C at PC 0x010F3548
[   4.716967] HW.Memory <Error> core\memory.cpp:Memory::MemorySystem::Write:528: unmapped Write8 0x00000000 @ 0x00000A8D at PC 0x010F3548
[   4.716968] HW.Memory <Error> core\memory.cpp:Memory::MemorySystem::Write:528: unmapped Write8 0x00000000 @ 0x00000A8E at PC 0x010F3548
[   4.716969] HW.Memory <Error> core\memory.cpp:Memory::MemorySystem::Write:528: unmapped Write8 0x00000000 @ 0x00000A8F at PC 0x010F3548
[   4.716970] HW.Memory <Error> core\memory.cpp:Memory::MemorySystem::Write:528: unmapped Write8 0x00000000 @ 0x00000A90 at PC 0x010F3548
[   4.716971] HW.Memory <Error> core\memory.cpp:Memory::MemorySystem::Write:528: unmapped Write8 0x00000000 @ 0x00000A91 at PC 0x010F3548
[   4.716971] HW.Memory <Error> core\memory.cpp:Memory::MemorySystem::Write:528: unmapped Write8 0x00000000 @ 0x00000A92 at PC 0x010F3548
[   4.716972] HW.Memory <Error> core\memory.cpp:Memory::MemorySystem::Write:528: unmapped Write8 0x00000000 @ 0x00000A93 at PC 0x010F3548
[   4.716973] HW.Memory <Error> core\memory.cpp:Memory::MemorySystem::Write:528: unmapped Write8 0x00000000 @ 0x00000A94 at PC 0x010F3548
[   4.716973] HW.Memory <Error> core\memory.cpp:Memory::MemorySystem::Write:528: unmapped Write8 0x00000000 @ 0x00000A95 at PC 0x010F3548
[   4.716974] HW.Memory <Error> core\memory.cpp:Memory::MemorySystem::Write:528: unmapped Write8 0x00000000 @ 0x00000A96 at PC 0x010F3548
[   4.716974] HW.Memory <Error> core\memory.cpp:Memory::MemorySystem::Write:528: unmapped Write8 0x00000000 @ 0x00000A97 at PC 0x010F3548
[   4.716975] HW.Memory <Error> core\memory.cpp:Memory::MemorySystem::Write:528: unmapped Write8 0x00000000 @ 0x00000A98 at PC 0x010F3548
[   4.716975] HW.Memory <Error> core\memory.cpp:Memory::MemorySystem::Write:528: unmapped Write8 0x00000000 @ 0x00000A99 at PC 0x010F3548
[   4.716975] HW.Memory <Error> core\memory.cpp:Memory::MemorySystem::Write:528: unmapped Write8 0x00000000 @ 0x00000A9A at PC 0x010F3548
[   4.716976] HW.Memory <Error> core\memory.cpp:Memory::MemorySystem::Write:528: unmapped Write8 0x00000000 @ 0x00000A9B at PC 0x010F3548
[   4.716976] HW.Memory <Error> core\memory.cpp:Memory::MemorySystem::Write:528: unmapped Write8 0x00000000 @ 0x00000A9C at PC 0x010F3548
[   4.716977] HW.Memory <Error> core\memory.cpp:Memory::MemorySystem::Write:528: unmapped Write8 0x00000000 @ 0x00000A9D at PC 0x010F3548
[   4.716977] HW.Memory <Error> core\memory.cpp:Memory::MemorySystem::Write:528: unmapped Write8 0x00000000 @ 0x00000A9E at PC 0x010F3548
[   4.716978] HW.Memory <Error> core\memory.cpp:Memory::MemorySystem::Write:528: unmapped Write8 0x00000000 @ 0x00000A9F at PC 0x010F3548
[   4.716978] HW.Memory <Error> core\memory.cpp:Memory::MemorySystem::Write:528: unmapped Write8 0x00000000 @ 0x00000AA0 at PC 0x010F3548
[   4.716978] HW.Memory <Error> core\memory.cpp:Memory::MemorySystem::Write:528: unmapped Write8 0x00000000 @ 0x00000AA1 at PC 0x010F3548
[   4.716979] HW.Memory <Error> core\memory.cpp:Memory::MemorySystem::Write:528: unmapped Write8 0x00000000 @ 0x00000AA2 at PC 0x010F3548
[   4.716979] HW.Memory <Error> core\memory.cpp:Memory::MemorySystem::Write:528: unmapped Write8 0x00000000 @ 0x00000AA3 at PC 0x010F3548
[   4.716980] HW.Memory <Error> core\memory.cpp:Memory::MemorySystem::Write:528: unmapped Write8 0x00000000 @ 0x00000AA4 at PC 0x010F3548
[   4.716980] HW.Memory <Error> core\memory.cpp:Memory::MemorySystem::Write:528: unmapped Write8 0x00000000 @ 0x00000AA5 at PC 0x010F3548
[   4.716980] HW.Memory <Error> core\memory.cpp:Memory::MemorySystem::Write:528: unmapped Write8 0x00000000 @ 0x00000AA6 at PC 0x010F3548
[   4.716981] HW.Memory <Error> core\memory.cpp:Memory::MemorySystem::Write:528: unmapped Write8 0x00000000 @ 0x00000AA7 at PC 0x010F3548
[   4.716981] HW.Memory <Error> core\memory.cpp:Memory::MemorySystem::Write:528: unmapped Write8 0x00000000 @ 0x00000AA8 at PC 0x010F3548
[   4.716982] HW.Memory <Error> core\memory.cpp:Memory::MemorySystem::Write:528: unmapped Write8 0x00000000 @ 0x00000AA9 at PC 0x010F3548
[   4.716982] HW.Memory <Error> core\memory.cpp:Memory::MemorySystem::Write:528: unmapped Write8 0x00000000 @ 0x00000AAA at PC 0x010F3548
[   4.716983] HW.Memory <Error> core\memory.cpp:Memory::MemorySystem::Write:528: unmapped Write8 0x00000000 @ 0x00000AAB at PC 0x010F3548
[   4.716983] HW.Memory <Error> core\memory.cpp:Memory::MemorySystem::Write:528: unmapped Write8 0x00000000 @ 0x00000AAC at PC 0x010F3548
[   4.716983] HW.Memory <Error> core\memory.cpp:Memory::MemorySystem::Write:528: unmapped Write8 0x00000000 @ 0x00000AAD at PC 0x010F3548
[   4.716984] HW.Memory <Error> core\memory.cpp:Memory::MemorySystem::Write:528: unmapped Write8 0x00000000 @ 0x00000AAE at PC 0x010F3548
[   4.716984] HW.Memory <Error> core\memory.cpp:Memory::MemorySystem::Write:528: unmapped Write8 0x00000000 @ 0x00000AAF at PC 0x010F3548
[   4.716985] HW.Memory <Error> core\memory.cpp:Memory::MemorySystem::Write:528: unmapped Write8 0x00000000 @ 0x00000AB0 at PC 0x010F3548
[   4.716985] HW.Memory <Error> core\memory.cpp:Memory::MemorySystem::Write:528: unmapped Write8 0x00000000 @ 0x00000AB1 at PC 0x010F3548
[   4.716985] HW.Memory <Error> core\memory.cpp:Memory::MemorySystem::Write:528: unmapped Write8 0x00000000 @ 0x00000AB2 at PC 0x010F3548
[   4.716986] HW.Memory <Error> core\memory.cpp:Memory::MemorySystem::Write:528: unmapped Write8 0x00000000 @ 0x00000AB3 at PC 0x010F3548
[   4.716986] HW.Memory <Error> core\memory.cpp:Memory::MemorySystem::Write:528: unmapped Write8 0x00000000 @ 0x00000AB4 at PC 0x010F3548
[   4.716986] HW.Memory <Error> core\memory.cpp:Memory::MemorySystem::Write:528: unmapped Write8 0x00000000 @ 0x00000AB5 at PC 0x010F3548
[   4.716987] HW.Memory <Error> core\memory.cpp:Memory::MemorySystem::Write:528: unmapped Write8 0x00000000 @ 0x00000AB6 at PC 0x010F3548
[   4.716987] HW.Memory <Error> core\memory.cpp:Memory::MemorySystem::Write:528: unmapped Write8 0x00000000 @ 0x00000AB7 at PC 0x010F3548
[   4.716988] HW.Memory <Error> core\memory.cpp:Memory::MemorySystem::Write:528: unmapped Write8 0x00000000 @ 0x00000AB8 at PC 0x010F3548
[   4.716988] HW.Memory <Error> core\memory.cpp:Memory::MemorySystem::Write:528: unmapped Write8 0x00000000 @ 0x00000AB9 at PC 0x010F3548
[   4.716988] HW.Memory <Error> core\memory.cpp:Memory::MemorySystem::Write:528: unmapped Write8 0x00000000 @ 0x00000ABA at PC 0x010F3548
[   4.716989] HW.Memory <Error> core\memory.cpp:Memory::MemorySystem::Write:528: unmapped Write8 0x00000000 @ 0x00000ABB at PC 0x010F3548
[   4.716989] HW.Memory <Error> core\memory.cpp:Memory::MemorySystem::Write:528: unmapped Write8 0x00000000 @ 0x00000ABC at PC 0x010F3548
[   4.716989] HW.Memory <Error> core\memory.cpp:Memory::MemorySystem::Write:528: unmapped Write8 0x00000000 @ 0x00000ABD at PC 0x010F3548
[   4.716990] HW.Memory <Error> core\memory.cpp:Memory::MemorySystem::Write:528: unmapped Write8 0x00000000 @ 0x00000ABE at PC 0x010F3548
[   4.716990] HW.Memory <Error> core\memory.cpp:Memory::MemorySystem::Write:528: unmapped Write8 0x00000000 @ 0x00000ABF at PC 0x010F3548
[   4.716991] HW.Memory <Error> core\memory.cpp:Memory::MemorySystem::Write:528: unmapped Write8 0x00000000 @ 0x00000AC0 at PC 0x010F3548
[   4.716991] HW.Memory <Error> core\memory.cpp:Memory::MemorySystem::Write:528: unmapped Write8 0x00000000 @ 0x00000AC1 at PC 0x010F3548
[   4.716992] HW.Memory <Error> core\memory.cpp:Memory::MemorySystem::Write:528: unmapped Write8 0x00000000 @ 0x00000AC2 at PC 0x010F3548
[   4.716992] HW.Memory <Error> core\memory.cpp:Memory::MemorySystem::Write:528: unmapped Write8 0x00000000 @ 0x00000AC3 at PC 0x010F3548
[   4.716993] HW.Memory <Error> core\memory.cpp:Memory::MemorySystem::Write:528: unmapped Write8 0x00000000 @ 0x00000AC4 at PC 0x010F3548
[   4.716993] HW.Memory <Error> core\memory.cpp:Memory::MemorySystem::Write:528: unmapped Write8 0x00000000 @ 0x00000AC5 at PC 0x010F3548
[   4.716993] HW.Memory <Error> core\memory.cpp:Memory::MemorySystem::Write:528: unmapped Write8 0x00000000 @ 0x00000AC6 at PC 0x010F3548
[   4.716994] HW.Memory <Error> core\memory.cpp:Memory::MemorySystem::Write:528: unmapped Write8 0x00000000 @ 0x00000AC7 at PC 0x010F3548
[   4.716994] HW.Memory <Error> core\memory.cpp:Memory::MemorySystem::Write:528: unmapped Write8 0x00000000 @ 0x00000AC8 at PC 0x010F3548
[   4.716995] HW.Memory <Error> core\memory.cpp:Memory::MemorySystem::Write:528: unmapped Write8 0x00000000 @ 0x00000AC9 at PC 0x010F3548
[   4.716995] HW.Memory <Error> core\memory.cpp:Memory::MemorySystem::Write:528: unmapped Write8 0x00000000 @ 0x00000ACA at PC 0x010F3548
[   4.716995] HW.Memory <Error> core\memory.cpp:Memory::MemorySystem::Write:528: unmapped Write8 0x00000000 @ 0x00000ACB at PC 0x010F3548
[   4.716996] HW.Memory <Error> core\memory.cpp:Memory::MemorySystem::Write:528: unmapped Write8 0x00000000 @ 0x00000ACC at PC 0x010F3548
[   4.716996] HW.Memory <Error> core\memory.cpp:Memory::MemorySystem::Write:528: unmapped Write8 0x00000000 @ 0x00000ACD at PC 0x010F3548
[   4.716997] HW.Memory <Error> core\memory.cpp:Memory::MemorySystem::Write:528: unmapped Write8 0x00000000 @ 0x00000ACE at PC 0x010F3548
[   4.716997] HW.Memory <Error> core\memory.cpp:Memory::MemorySystem::Write:528: unmapped Write8 0x00000000 @ 0x00000ACF at PC 0x010F3548
[   4.716997] HW.Memory <Error> core\memory.cpp:Memory::MemorySystem::Write:528: unmapped Write8 0x00000000 @ 0x00000AD0 at PC 0x010F3548
[   4.716998] HW.Memory <Error> core\memory.cpp:Memory::MemorySystem::Write:528: unmapped Write8 0x00000000 @ 0x00000AD1 at PC 0x010F3548
[   4.716998] HW.Memory <Error> core\memory.cpp:Memory::MemorySystem::Write:528: unmapped Write8 0x00000000 @ 0x00000AD2 at PC 0x010F3548
[   4.716999] HW.Memory <Error> core\memory.cpp:Memory::MemorySystem::Write:528: unmapped Write8 0x00000000 @ 0x00000AD3 at PC 0x010F3548
[   4.716999] HW.Memory <Error> core\memory.cpp:Memory::MemorySystem::Write:528: unmapped Write8 0x00000000 @ 0x00000AD4 at PC 0x010F3548
[   4.717000] HW.Memory <Error> core\memory.cpp:Memory::MemorySystem::Write:528: unmapped Write8 0x00000000 @ 0x00000AD5 at PC 0x010F3548
[   4.717000] HW.Memory <Error> core\memory.cpp:Memory::MemorySystem::Write:528: unmapped Write8 0x00000000 @ 0x00000AD6 at PC 0x010F3548
[   4.717001] HW.Memory <Error> core\memory.cpp:Memory::MemorySystem::Write:528: unmapped Write8 0x00000000 @ 0x00000AD7 at PC 0x010F3548
[   4.717001] HW.Memory <Error> core\memory.cpp:Memory::MemorySystem::Write:528: unmapped Write8 0x00000000 @ 0x00000AD8 at PC 0x010F3548
[   4.717002] HW.Memory <Error> core\memory.cpp:Memory::MemorySystem::Write:528: unmapped Write8 0x00000000 @ 0x00000AD9 at PC 0x010F3548
[   4.717002] HW.Memory <Error> core\memory.cpp:Memory::MemorySystem::Write:528: unmapped Write8 0x00000000 @ 0x00000ADA at PC 0x010F3548
[   4.717002] HW.Memory <Error> core\memory.cpp:Memory::MemorySystem::Write:528: unmapped Write8 0x00000000 @ 0x00000ADB at PC 0x010F3548
[   4.717003] HW.Memory <Error> core\memory.cpp:Memory::MemorySystem::Write:528: unmapped Write8 0x00000000 @ 0x00000ADC at PC 0x010F3548
[   4.717003] HW.Memory <Error> core\memory.cpp:Memory::MemorySystem::Write:528: unmapped Write8 0x00000000 @ 0x00000ADD at PC 0x010F3548
[   4.717004] HW.Memory <Error> core\memory.cpp:Memory::MemorySystem::Write:528: unmapped Write8 0x00000000 @ 0x00000ADE at PC 0x010F3548
[   4.717004] HW.Memory <Error> core\memory.cpp:Memory::MemorySystem::Write:528: unmapped Write8 0x00000000 @ 0x00000ADF at PC 0x010F3548
[   4.717005] HW.Memory <Error> core\memory.cpp:Memory::MemorySystem::Write:528: unmapped Write8 0x00000000 @ 0x00000AE0 at PC 0x010F3548
[   4.717005] HW.Memory <Error> core\memory.cpp:Memory::MemorySystem::Write:528: unmapped Write8 0x00000000 @ 0x00000AE1 at PC 0x010F3548
[   4.717006] HW.Memory <Error> core\memory.cpp:Memory::MemorySystem::Write:528: unmapped Write8 0x00000000 @ 0x00000AE2 at PC 0x010F3548
[   4.717006] HW.Memory <Error> core\memory.cpp:Memory::MemorySystem::Write:528: unmapped Write8 0x00000000 @ 0x00000AE3 at PC 0x010F3548
[   4.717007] HW.Memory <Error> core\memory.cpp:Memory::MemorySystem::Write:528: unmapped Write8 0x00000000 @ 0x00000AE4 at PC 0x010F3548
[   4.717007] HW.Memory <Error> core\memory.cpp:Memory::MemorySystem::Write:528: unmapped Write8 0x00000000 @ 0x00000AE5 at PC 0x010F3548
[   4.717008] HW.Memory <Error> core\memory.cpp:Memory::MemorySystem::Write:528: unmapped Write8 0x00000000 @ 0x00000AE6 at PC 0x010F3548
[   4.717008] HW.Memory <Error> core\memory.cpp:Memory::MemorySystem::Write:528: unmapped Write8 0x00000000 @ 0x00000AE7 at PC 0x010F3548
[   4.717009] HW.Memory <Error> core\memory.cpp:Memory::MemorySystem::Write:528: unmapped Write8 0x00000000 @ 0x00000AE8 at PC 0x010F3548
[   4.717009] HW.Memory <Error> core\memory.cpp:Memory::MemorySystem::Write:528: unmapped Write8 0x00000000 @ 0x00000AE9 at PC 0x010F3548
[   4.717009] HW.Memory <Error> core\memory.cpp:Memory::MemorySystem::Write:528: unmapped Write8 0x00000000 @ 0x00000AEA at PC 0x010F3548
[   4.717010] HW.Memory <Error> core\memory.cpp:Memory::MemorySystem::Write:528: unmapped Write8 0x00000000 @ 0x00000AEB at PC 0x010F3548
[   4.717010] HW.Memory <Error> core\memory.cpp:Memory::MemorySystem::Write:528: unmapped Write8 0x00000000 @ 0x00000AEC at PC 0x010F3548
[   4.717011] HW.Memory <Error> core\memory.cpp:Memory::MemorySystem::Write:528: unmapped Write8 0x00000000 @ 0x00000AED at PC 0x010F3548
[   4.717011] HW.Memory <Error> core\memory.cpp:Memory::MemorySystem::Write:528: unmapped Write8 0x00000000 @ 0x00000AEE at PC 0x010F3548
[   4.717012] HW.Memory <Error> core\memory.cpp:Memory::MemorySystem::Write:528: unmapped Write8 0x00000000 @ 0x00000AEF at PC 0x010F3548
[   4.717012] HW.Memory <Error> core\memory.cpp:Memory::MemorySystem::Write:528: unmapped Write8 0x00000000 @ 0x00000AF0 at PC 0x010F3548
[   4.717013] HW.Memory <Error> core\memory.cpp:Memory::MemorySystem::Write:528: unmapped Write8 0x00000000 @ 0x00000AF1 at PC 0x010F3548
[   4.717013] HW.Memory <Error> core\memory.cpp:Memory::MemorySystem::Write:528: unmapped Write8 0x00000000 @ 0x00000AF2 at PC 0x010F3548
[   4.717013] HW.Memory <Error> core\memory.cpp:Memory::MemorySystem::Write:528: unmapped Write8 0x00000000 @ 0x00000AF3 at PC 0x010F3548
[   4.717014] HW.Memory <Error> core\memory.cpp:Memory::MemorySystem::Write:528: unmapped Write8 0x00000000 @ 0x00000AF4 at PC 0x010F3548
[   4.717014] HW.Memory <Error> core\memory.cpp:Memory::MemorySystem::Write:528: unmapped Write8 0x00000000 @ 0x00000AF5 at PC 0x010F3548
[   4.717014] HW.Memory <Error> core\memory.cpp:Memory::MemorySystem::Write:528: unmapped Write8 0x00000000 @ 0x00000AF6 at PC 0x010F3548
[   4.717015] HW.Memory <Error> core\memory.cpp:Memory::MemorySystem::Write:528: unmapped Write8 0x00000000 @ 0x00000AF7 at PC 0x010F3548
[   4.717015] HW.Memory <Error> core\memory.cpp:Memory::MemorySystem::Write:528: unmapped Write8 0x00000000 @ 0x00000AF8 at PC 0x010F3548
[   4.717016] HW.Memory <Error> core\memory.cpp:Memory::MemorySystem::Write:528: unmapped Write8 0x00000000 @ 0x00000AF9 at PC 0x010F3548
[   4.717016] HW.Memory <Error> core\memory.cpp:Memory::MemorySystem::Write:528: unmapped Write8 0x00000000 @ 0x00000AFA at PC 0x010F3548
[   4.717017] HW.Memory <Error> core\memory.cpp:Memory::MemorySystem::Write:528: unmapped Write8 0x00000000 @ 0x00000AFB at PC 0x010F3548
[   4.717017] HW.Memory <Error> core\memory.cpp:Memory::MemorySystem::Write:528: unmapped Write8 0x00000000 @ 0x00000AFC at PC 0x010F3548
[   4.717017] HW.Memory <Error> core\memory.cpp:Memory::MemorySystem::Write:528: unmapped Write8 0x00000000 @ 0x00000AFD at PC 0x010F3548
[   4.717018] HW.Memory <Error> core\memory.cpp:Memory::MemorySystem::Write:528: unmapped Write8 0x00000000 @ 0x00000AFE at PC 0x010F3548
[   4.717018] HW.Memory <Error> core\memory.cpp:Memory::MemorySystem::Write:528: unmapped Write8 0x00000000 @ 0x00000AFF at PC 0x010F3548
[   4.717019] HW.Memory <Error> core\memory.cpp:Memory::MemorySystem::Write:528: unmapped Write8 0x00000000 @ 0x00000B00 at PC 0x010F3548
[   4.717019] HW.Memory <Error> core\memory.cpp:Memory::MemorySystem::Write:528: unmapped Write8 0x00000000 @ 0x00000B01 at PC 0x010F3548
[   4.717020] HW.Memory <Error> core\memory.cpp:Memory::MemorySystem::Write:528: unmapped Write8 0x00000000 @ 0x00000B02 at PC 0x010F3548
[   4.717020] HW.Memory <Error> core\memory.cpp:Memory::MemorySystem::Write:528: unmapped Write8 0x00000000 @ 0x00000B03 at PC 0x010F3548
[   4.717020] HW.Memory <Error> core\memory.cpp:Memory::MemorySystem::Write:528: unmapped Write8 0x00000000 @ 0x00000B04 at PC 0x010F3548
[   4.717021] HW.Memory <Error> core\memory.cpp:Memory::MemorySystem::Write:528: unmapped Write8 0x00000000 @ 0x00000B05 at PC 0x010F3548
[   4.717021] HW.Memory <Error> core\memory.cpp:Memory::MemorySystem::Write:528: unmapped Write8 0x00000000 @ 0x00000B06 at PC 0x010F3548
[   4.717022] HW.Memory <Error> core\memory.cpp:Memory::MemorySystem::Write:528: unmapped Write8 0x00000000 @ 0x00000B07 at PC 0x010F3548
[   4.717022] HW.Memory <Error> core\memory.cpp:Memory::MemorySystem::Write:528: unmapped Write8 0x00000000 @ 0x00000B08 at PC 0x010F3548
[   4.717023] HW.Memory <Error> core\memory.cpp:Memory::MemorySystem::Write:528: unmapped Write8 0x00000000 @ 0x00000B09 at PC 0x010F3548
[   4.717023] HW.Memory <Error> core\memory.cpp:Memory::MemorySystem::Write:528: unmapped Write8 0x00000000 @ 0x00000B0A at PC 0x010F3548
[   4.717023] HW.Memory <Error> core\memory.cpp:Memory::MemorySystem::Write:528: unmapped Write8 0x00000000 @ 0x00000B0B at PC 0x010F3548
[   4.717024] HW.Memory <Error> core\memory.cpp:Memory::MemorySystem::Write:528: unmapped Write8 0x00000000 @ 0x00000B0C at PC 0x010F3548
[   4.717024] HW.Memory <Error> core\memory.cpp:Memory::MemorySystem::Write:528: unmapped Write8 0x00000000 @ 0x00000B0D at PC 0x010F3548
[   4.717025] HW.Memory <Error> core\memory.cpp:Memory::MemorySystem::Write:528: unmapped Write8 0x00000000 @ 0x00000B0E at PC 0x010F3548
[   4.717025] HW.Memory <Error> core\memory.cpp:Memory::MemorySystem::Write:528: unmapped Write8 0x00000000 @ 0x00000B0F at PC 0x010F3548
[   4.717025] HW.Memory <Error> core\memory.cpp:Memory::MemorySystem::Write:528: unmapped Write8 0x00000000 @ 0x00000B10 at PC 0x010F3548
[   4.717026] HW.Memory <Error> core\memory.cpp:Memory::MemorySystem::Write:528: unmapped Write8 0x00000000 @ 0x00000B11 at PC 0x010F3548
[   4.717026] HW.Memory <Error> core\memory.cpp:Memory::MemorySystem::Write:528: unmapped Write8 0x00000000 @ 0x00000B12 at PC 0x010F3548
[   4.717026] HW.Memory <Error> core\memory.cpp:Memory::MemorySystem::Write:528: unmapped Write8 0x00000000 @ 0x00000B13 at PC 0x010F3548
[   4.717027] HW.Memory <Error> core\memory.cpp:Memory::MemorySystem::Write:528: unmapped Write8 0x00000000 @ 0x00000B14 at PC 0x010F3548
[   4.717027] HW.Memory <Error> core\memory.cpp:Memory::MemorySystem::Write:528: unmapped Write8 0x00000000 @ 0x00000B15 at PC 0x010F3548
[   4.717028] HW.Memory <Error> core\memory.cpp:Memory::MemorySystem::Write:528: unmapped Write8 0x00000000 @ 0x00000B16 at PC 0x010F3548
[   4.717028] HW.Memory <Error> core\memory.cpp:Memory::MemorySystem::Write:528: unmapped Write8 0x00000000 @ 0x00000B17 at PC 0x010F3548
[   4.717029] HW.Memory <Error> core\memory.cpp:Memory::MemorySystem::Write:528: unmapped Write8 0x00000000 @ 0x00000B18 at PC 0x010F3548
[   4.717029] HW.Memory <Error> core\memory.cpp:Memory::MemorySystem::Write:528: unmapped Write8 0x00000000 @ 0x00000B19 at PC 0x010F3548
[   4.717030] HW.Memory <Error> core\memory.cpp:Memory::MemorySystem::Write:528: unmapped Write8 0x00000000 @ 0x00000B1A at PC 0x010F3548
[   4.717030] HW.Memory <Error> core\memory.cpp:Memory::MemorySystem::Write:528: unmapped Write8 0x00000000 @ 0x00000B1B at PC 0x010F3548
[   4.717030] HW.Memory <Error> core\memory.cpp:Memory::MemorySystem::Write:528: unmapped Write8 0x00000000 @ 0x00000B1C at PC 0x010F3548
[   4.717031] HW.Memory <Error> core\memory.cpp:Memory::MemorySystem::Write:528: unmapped Write8 0x00000000 @ 0x00000B1D at PC 0x010F3548
[   4.717031] HW.Memory <Error> core\memory.cpp:Memory::MemorySystem::Write:528: unmapped Write8 0x00000000 @ 0x00000B1E at PC 0x010F3548
[   4.717032] HW.Memory <Error> core\memory.cpp:Memory::MemorySystem::Write:528: unmapped Write8 0x00000000 @ 0x00000B1F at PC 0x010F3548
[   4.717032] HW.Memory <Error> core\memory.cpp:Memory::MemorySystem::Write:528: unmapped Write8 0x00000000 @ 0x00000B20 at PC 0x010F3548
[   4.717033] HW.Memory <Error> core\memory.cpp:Memory::MemorySystem::Write:528: unmapped Write8 0x00000000 @ 0x00000B21 at PC 0x010F3548
[   4.717033] HW.Memory <Error> core\memory.cpp:Memory::MemorySystem::Write:528: unmapped Write8 0x00000000 @ 0x00000B22 at PC 0x010F3548
[   4.717034] HW.Memory <Error> core\memory.cpp:Memory::MemorySystem::Write:528: unmapped Write8 0x00000000 @ 0x00000B23 at PC 0x010F3548
[   4.717034] HW.Memory <Error> core\memory.cpp:Memory::MemorySystem::Write:528: unmapped Write8 0x00000000 @ 0x00000B24 at PC 0x010F3548
[   4.717034] HW.Memory <Error> core\memory.cpp:Memory::MemorySystem::Write:528: unmapped Write8 0x00000000 @ 0x00000B25 at PC 0x010F3548
[   4.717035] HW.Memory <Error> core\memory.cpp:Memory::MemorySystem::Write:528: unmapped Write8 0x00000000 @ 0x00000B26 at PC 0x010F3548
[   4.717035] HW.Memory <Error> core\memory.cpp:Memory::MemorySystem::Write:528: unmapped Write8 0x00000000 @ 0x00000B27 at PC 0x010F3548
[   4.717036] HW.Memory <Error> core\memory.cpp:Memory::MemorySystem::Write:528: unmapped Write8 0x00000000 @ 0x00000B28 at PC 0x010F3548
[   4.717036] HW.Memory <Error> core\memory.cpp:Memory::MemorySystem::Write:528: unmapped Write8 0x00000000 @ 0x00000B29 at PC 0x010F3548
[   4.717037] HW.Memory <Error> core\memory.cpp:Memory::MemorySystem::Write:528: unmapped Write8 0x00000000 @ 0x00000B2A at PC 0x010F3548
[   4.717037] HW.Memory <Error> core\memory.cpp:Memory::MemorySystem::Write:528: unmapped Write8 0x00000000 @ 0x00000B2B at PC 0x010F3548
[   4.717037] HW.Memory <Error> core\memory.cpp:Memory::MemorySystem::Write:528: unmapped Write8 0x00000000 @ 0x00000B2C at PC 0x010F3548
[   4.717038] HW.Memory <Error> core\memory.cpp:Memory::MemorySystem::Write:528: unmapped Write8 0x00000000 @ 0x00000B2D at PC 0x010F3548
[   4.717038] HW.Memory <Error> core\memory.cpp:Memory::MemorySystem::Write:528: unmapped Write8 0x00000000 @ 0x00000B2E at PC 0x010F3548
[   4.717039] HW.Memory <Error> core\memory.cpp:Memory::MemorySystem::Write:528: unmapped Write8 0x00000000 @ 0x00000B2F at PC 0x010F3548
[   4.717039] HW.Memory <Error> core\memory.cpp:Memory::MemorySystem::Write:528: unmapped Write8 0x00000000 @ 0x00000B30 at PC 0x010F3548
[   4.717040] HW.Memory <Error> core\memory.cpp:Memory::MemorySystem::Write:528: unmapped Write8 0x00000000 @ 0x00000B31 at PC 0x010F3548
[   4.717040] HW.Memory <Error> core\memory.cpp:Memory::MemorySystem::Write:528: unmapped Write8 0x00000000 @ 0x00000B32 at PC 0x010F3548
[   4.717040] HW.Memory <Error> core\memory.cpp:Memory::MemorySystem::Write:528: unmapped Write8 0x00000000 @ 0x00000B33 at PC 0x010F3548
[   4.717041] HW.Memory <Error> core\memory.cpp:Memory::MemorySystem::Write:528: unmapped Write8 0x00000000 @ 0x00000B34 at PC 0x010F3548
[   4.717041] HW.Memory <Error> core\memory.cpp:Memory::MemorySystem::Write:528: unmapped Write8 0x00000000 @ 0x00000B35 at PC 0x010F3548
[   4.717042] HW.Memory <Error> core\memory.cpp:Memory::MemorySystem::Write:528: unmapped Write8 0x00000000 @ 0x00000B36 at PC 0x010F3548
[   4.717042] HW.Memory <Error> core\memory.cpp:Memory::MemorySystem::Write:528: unmapped Write8 0x00000000 @ 0x00000B37 at PC 0x010F3548
[   4.717043] HW.Memory <Error> core\memory.cpp:Memory::MemorySystem::Write:528: unmapped Write8 0x00000000 @ 0x00000B38 at PC 0x010F3548
[   4.717043] HW.Memory <Error> core\memory.cpp:Memory::MemorySystem::Write:528: unmapped Write8 0x00000000 @ 0x00000B39 at PC 0x010F3548
[   4.717044] HW.Memory <Error> core\memory.cpp:Memory::MemorySystem::Write:528: unmapped Write8 0x00000000 @ 0x00000B3A at PC 0x010F3548
[   4.717044] HW.Memory <Error> core\memory.cpp:Memory::MemorySystem::Write:528: unmapped Write8 0x00000000 @ 0x00000B3B at PC 0x010F3548
[   4.717044] HW.Memory <Error> core\memory.cpp:Memory::MemorySystem::Write:528: unmapped Write8 0x00000000 @ 0x00000B3C at PC 0x010F3548
[   4.717045] HW.Memory <Error> core\memory.cpp:Memory::MemorySystem::Write:528: unmapped Write8 0x00000000 @ 0x00000B3D at PC 0x010F3548
[   4.717045] HW.Memory <Error> core\memory.cpp:Memory::MemorySystem::Write:528: unmapped Write8 0x00000000 @ 0x00000B3E at PC 0x010F3548
[   4.717046] HW.Memory <Error> core\memory.cpp:Memory::MemorySystem::Write:528: unmapped Write8 0x00000000 @ 0x00000B3F at PC 0x010F3548
[   4.717046] HW.Memory <Error> core\memory.cpp:Memory::MemorySystem::Write:528: unmapped Write8 0x00000000 @ 0x00000B40 at PC 0x010F3548
[   4.717046] HW.Memory <Error> core\memory.cpp:Memory::MemorySystem::Write:528: unmapped Write8 0x00000000 @ 0x00000B41 at PC 0x010F3548
[   4.717047] HW.Memory <Error> core\memory.cpp:Memory::MemorySystem::Write:528: unmapped Write8 0x00000000 @ 0x00000B42 at PC 0x010F3548
[   4.717047] HW.Memory <Error> core\memory.cpp:Memory::MemorySystem::Write:528: unmapped Write8 0x00000000 @ 0x00000B43 at PC 0x010F3548
[   4.717048] HW.Memory <Error> core\memory.cpp:Memory::MemorySystem::Write:528: unmapped Write8 0x00000000 @ 0x00000B44 at PC 0x010F3548
[   4.717048] HW.Memory <Error> core\memory.cpp:Memory::MemorySystem::Write:528: unmapped Write8 0x00000000 @ 0x00000B45 at PC 0x010F3548
[   4.717049] HW.Memory <Error> core\memory.cpp:Memory::MemorySystem::Write:528: unmapped Write8 0x00000000 @ 0x00000B46 at PC 0x010F3548
[   4.717049] HW.Memory <Error> core\memory.cpp:Memory::MemorySystem::Write:528: unmapped Write8 0x00000000 @ 0x00000B47 at PC 0x010F3548
[   4.717049] HW.Memory <Error> core\memory.cpp:Memory::MemorySystem::Write:528: unmapped Write8 0x00000000 @ 0x00000B48 at PC 0x010F3548
[   4.717050] HW.Memory <Error> core\memory.cpp:Memory::MemorySystem::Write:528: unmapped Write8 0x00000000 @ 0x00000B49 at PC 0x010F3548
[   4.717050] HW.Memory <Error> core\memory.cpp:Memory::MemorySystem::Write:528: unmapped Write8 0x00000000 @ 0x00000B4A at PC 0x010F3548
[   4.717051] HW.Memory <Error> core\memory.cpp:Memory::MemorySystem::Write:528: unmapped Write8 0x00000000 @ 0x00000B4B at PC 0x010F3548
[   4.717051] HW.Memory <Error> core\memory.cpp:Memory::MemorySystem::Write:528: unmapped Write8 0x00000000 @ 0x00000B4C at PC 0x010F3548
[   4.717051] HW.Memory <Error> core\memory.cpp:Memory::MemorySystem::Write:528: unmapped Write8 0x00000000 @ 0x00000B4D at PC 0x010F3548
[   4.717052] HW.Memory <Error> core\memory.cpp:Memory::MemorySystem::Write:528: unmapped Write8 0x00000000 @ 0x00000B4E at PC 0x010F3548
[   4.717052] HW.Memory <Error> core\memory.cpp:Memory::MemorySystem::Write:528: unmapped Write8 0x00000000 @ 0x00000B4F at PC 0x010F3548
[   4.717053] HW.Memory <Error> core\memory.cpp:Memory::MemorySystem::Write:528: unmapped Write8 0x00000000 @ 0x00000B50 at PC 0x010F3548
[   4.717053] HW.Memory <Error> core\memory.cpp:Memory::MemorySystem::Write:528: unmapped Write8 0x00000000 @ 0x00000B51 at PC 0x010F3548
[   4.717054] HW.Memory <Error> core\memory.cpp:Memory::MemorySystem::Write:528: unmapped Write8 0x00000000 @ 0x00000B52 at PC 0x010F3548
[   4.717054] HW.Memory <Error> core\memory.cpp:Memory::MemorySystem::Write:528: unmapped Write8 0x00000000 @ 0x00000B53 at PC 0x010F3548
[   4.717055] HW.Memory <Error> core\memory.cpp:Memory::MemorySystem::Write:528: unmapped Write8 0x00000000 @ 0x00000B54 at PC 0x010F3548
[   4.717055] HW.Memory <Error> core\memory.cpp:Memory::MemorySystem::Write:528: unmapped Write8 0x00000000 @ 0x00000B55 at PC 0x010F3548
[   4.717055] HW.Memory <Error> core\memory.cpp:Memory::MemorySystem::Write:528: unmapped Write8 0x00000000 @ 0x00000B56 at PC 0x010F3548
[   4.717056] HW.Memory <Error> core\memory.cpp:Memory::MemorySystem::Write:528: unmapped Write8 0x00000000 @ 0x00000B57 at PC 0x010F3548
[   4.717056] HW.Memory <Error> core\memory.cpp:Memory::MemorySystem::Write:528: unmapped Write8 0x00000000 @ 0x00000B58 at PC 0x010F3548
[   4.717057] HW.Memory <Error> core\memory.cpp:Memory::MemorySystem::Write:528: unmapped Write8 0x00000000 @ 0x00000B59 at PC 0x010F3548
[   4.717057] HW.Memory <Error> core\memory.cpp:Memory::MemorySystem::Write:528: unmapped Write8 0x00000000 @ 0x00000B5A at PC 0x010F3548
[   4.717058] HW.Memory <Error> core\memory.cpp:Memory::MemorySystem::Write:528: unmapped Write8 0x00000000 @ 0x00000B5B at PC 0x010F3548
[   4.717058] HW.Memory <Error> core\memory.cpp:Memory::MemorySystem::Write:528: unmapped Write8 0x00000000 @ 0x00000B5C at PC 0x010F3548
[   4.717059] HW.Memory <Error> core\memory.cpp:Memory::MemorySystem::Write:528: unmapped Write8 0x00000000 @ 0x00000B5D at PC 0x010F3548
[   4.717059] HW.Memory <Error> core\memory.cpp:Memory::MemorySystem::Write:528: unmapped Write8 0x00000000 @ 0x00000B5E at PC 0x010F3548
[   4.717060] HW.Memory <Error> core\memory.cpp:Memory::MemorySystem::Write:528: unmapped Write8 0x00000000 @ 0x00000B5F at PC 0x010F3548
[   4.717060] HW.Memory <Error> core\memory.cpp:Memory::MemorySystem::Write:528: unmapped Write8 0x00000000 @ 0x00000B60 at PC 0x010F3548
[   4.717061] HW.Memory <Error> core\memory.cpp:Memory::MemorySystem::Write:528: unmapped Write8 0x00000000 @ 0x00000B61 at PC 0x010F3548
[   4.717061] HW.Memory <Error> core\memory.cpp:Memory::MemorySystem::Write:528: unmapped Write8 0x00000000 @ 0x00000B62 at PC 0x010F3548
[   4.717062] HW.Memory <Error> core\memory.cpp:Memory::MemorySystem::Write:528: unmapped Write8 0x00000000 @ 0x00000B63 at PC 0x010F3548
[   4.717062] HW.Memory <Error> core\memory.cpp:Memory::MemorySystem::Write:528: unmapped Write8 0x00000000 @ 0x00000B64 at PC 0x010F3548
[   4.717062] HW.Memory <Error> core\memory.cpp:Memory::MemorySystem::Write:528: unmapped Write8 0x00000000 @ 0x00000B65 at PC 0x010F3548
[   4.717063] HW.Memory <Error> core\memory.cpp:Memory::MemorySystem::Write:528: unmapped Write8 0x00000000 @ 0x00000B66 at PC 0x010F3548
[   4.717064] HW.Memory <Error> core\memory.cpp:Memory::MemorySystem::Write:528: unmapped Write8 0x00000000 @ 0x00000B67 at PC 0x010F3548
[   4.717064] HW.Memory <Error> core\memory.cpp:Memory::MemorySystem::Write:528: unmapped Write8 0x00000000 @ 0x00000B68 at PC 0x010F3548
[   4.717065] HW.Memory <Error> core\memory.cpp:Memory::MemorySystem::Write:528: unmapped Write8 0x00000000 @ 0x00000B69 at PC 0x010F3548
[   4.717065] HW.Memory <Error> core\memory.cpp:Memory::MemorySystem::Write:528: unmapped Write8 0x00000000 @ 0x00000B6A at PC 0x010F3548
[   4.717065] HW.Memory <Error> core\memory.cpp:Memory::MemorySystem::Write:528: unmapped Write8 0x00000000 @ 0x00000B6B at PC 0x010F3548
[   4.717066] HW.Memory <Error> core\memory.cpp:Memory::MemorySystem::Write:528: unmapped Write8 0x00000000 @ 0x00000B6C at PC 0x010F3548
[   4.717066] HW.Memory <Error> core\memory.cpp:Memory::MemorySystem::Write:528: unmapped Write8 0x00000000 @ 0x00000B6D at PC 0x010F3548
[   4.717067] HW.Memory <Error> core\memory.cpp:Memory::MemorySystem::Write:528: unmapped Write8 0x00000000 @ 0x00000B6E at PC 0x010F3548
[   4.717067] HW.Memory <Error> core\memory.cpp:Memory::MemorySystem::Write:528: unmapped Write8 0x00000000 @ 0x00000B6F at PC 0x010F3548
[   4.717067] HW.Memory <Error> core\memory.cpp:Memory::MemorySystem::Write:528: unmapped Write8 0x00000000 @ 0x00000B70 at PC 0x010F3548
[   4.717068] HW.Memory <Error> core\memory.cpp:Memory::MemorySystem::Write:528: unmapped Write8 0x00000000 @ 0x00000B71 at PC 0x010F3548
[   4.717068] HW.Memory <Error> core\memory.cpp:Memory::MemorySystem::Write:528: unmapped Write8 0x00000000 @ 0x00000B72 at PC 0x010F3548
[   4.717069] HW.Memory <Error> core\memory.cpp:Memory::MemorySystem::Write:528: unmapped Write8 0x00000000 @ 0x00000B73 at PC 0x010F3548
[   4.717069] HW.Memory <Error> core\memory.cpp:Memory::MemorySystem::Write:528: unmapped Write8 0x00000000 @ 0x00000B74 at PC 0x010F3548
[   4.717070] HW.Memory <Error> core\memory.cpp:Memory::MemorySystem::Write:528: unmapped Write8 0x00000000 @ 0x00000B75 at PC 0x010F3548
[   4.717070] HW.Memory <Error> core\memory.cpp:Memory::MemorySystem::Write:528: unmapped Write8 0x00000000 @ 0x00000B76 at PC 0x010F3548
[   4.717071] HW.Memory <Error> core\memory.cpp:Memory::MemorySystem::Write:528: unmapped Write8 0x00000000 @ 0x00000B77 at PC 0x010F3548
[   4.717071] HW.Memory <Error> core\memory.cpp:Memory::MemorySystem::Write:528: unmapped Write8 0x00000000 @ 0x00000B78 at PC 0x010F3548
[   4.717072] HW.Memory <Error> core\memory.cpp:Memory::MemorySystem::Write:528: unmapped Write8 0x00000000 @ 0x00000B79 at PC 0x010F3548
[   4.717072] HW.Memory <Error> core\memory.cpp:Memory::MemorySystem::Write:528: unmapped Write8 0x00000000 @ 0x00000B7A at PC 0x010F3548
[   4.717073] HW.Memory <Error> core\memory.cpp:Memory::MemorySystem::Write:528: unmapped Write8 0x00000000 @ 0x00000B7B at PC 0x010F3548
[   4.717073] HW.Memory <Error> core\memory.cpp:Memory::MemorySystem::Write:528: unmapped Write8 0x00000000 @ 0x00000B7C at PC 0x010F3548
[   4.717073] HW.Memory <Error> core\memory.cpp:Memory::MemorySystem::Write:528: unmapped Write8 0x00000000 @ 0x00000B7D at PC 0x010F3548
[   4.717074] HW.Memory <Error> core\memory.cpp:Memory::MemorySystem::Write:528: unmapped Write8 0x00000000 @ 0x00000B7E at PC 0x010F3548
[   4.717074] HW.Memory <Error> core\memory.cpp:Memory::MemorySystem::Write:528: unmapped Write8 0x00000000 @ 0x00000B7F at PC 0x010F3548
[   4.717075] HW.Memory <Error> core\memory.cpp:Memory::MemorySystem::Write:528: unmapped Write8 0x00000000 @ 0x00000B80 at PC 0x010F3548
[   4.717075] HW.Memory <Error> core\memory.cpp:Memory::MemorySystem::Write:528: unmapped Write8 0x00000000 @ 0x00000B81 at PC 0x010F3548
[   4.717076] HW.Memory <Error> core\memory.cpp:Memory::MemorySystem::Write:528: unmapped Write8 0x00000000 @ 0x00000B82 at PC 0x010F3548
[   4.717076] HW.Memory <Error> core\memory.cpp:Memory::MemorySystem::Write:528: unmapped Write8 0x00000000 @ 0x00000B83 at PC 0x010F3548
[   4.717076] HW.Memory <Error> core\memory.cpp:Memory::MemorySystem::Write:528: unmapped Write8 0x00000000 @ 0x00000B84 at PC 0x010F3548
[   4.717077] HW.Memory <Error> core\memory.cpp:Memory::MemorySystem::Write:528: unmapped Write8 0x00000000 @ 0x00000B85 at PC 0x010F3548
[   4.717077] HW.Memory <Error> core\memory.cpp:Memory::MemorySystem::Write:528: unmapped Write8 0x00000000 @ 0x00000B86 at PC 0x010F3548
[   4.717077] HW.Memory <Error> core\memory.cpp:Memory::MemorySystem::Write:528: unmapped Write8 0x00000000 @ 0x00000B87 at PC 0x010F3548
[   4.717078] HW.Memory <Error> core\memory.cpp:Memory::MemorySystem::Write:528: unmapped Write8 0x00000000 @ 0x00000B88 at PC 0x010F3548
[   4.717078] HW.Memory <Error> core\memory.cpp:Memory::MemorySystem::Write:528: unmapped Write8 0x00000000 @ 0x00000B89 at PC 0x010F3548
[   4.717079] HW.Memory <Error> core\memory.cpp:Memory::MemorySystem::Write:528: unmapped Write8 0x00000000 @ 0x00000B8A at PC 0x010F3548
[   4.717079] HW.Memory <Error> core\memory.cpp:Memory::MemorySystem::Write:528: unmapped Write8 0x00000000 @ 0x00000B8B at PC 0x010F3548
[   4.717080] HW.Memory <Error> core\memory.cpp:Memory::MemorySystem::Write:528: unmapped Write8 0x00000000 @ 0x00000B8C at PC 0x010F3548
[   4.717080] HW.Memory <Error> core\memory.cpp:Memory::MemorySystem::Write:528: unmapped Write8 0x00000000 @ 0x00000B8D at PC 0x010F3548
[   4.717080] HW.Memory <Error> core\memory.cpp:Memory::MemorySystem::Write:528: unmapped Write8 0x00000000 @ 0x00000B8E at PC 0x010F3548
[   4.717081] HW.Memory <Error> core\memory.cpp:Memory::MemorySystem::Write:528: unmapped Write8 0x00000000 @ 0x00000B8F at PC 0x010F3548
[   4.717081] HW.Memory <Error> core\memory.cpp:Memory::MemorySystem::Write:528: unmapped Write8 0x00000000 @ 0x00000B90 at PC 0x010F3548
[   4.717082] HW.Memory <Error> core\memory.cpp:Memory::MemorySystem::Write:528: unmapped Write8 0x00000000 @ 0x00000B91 at PC 0x010F3548
[   4.717082] HW.Memory <Error> core\memory.cpp:Memory::MemorySystem::Write:528: unmapped Write8 0x00000000 @ 0x00000B92 at PC 0x010F3548
[   4.717082] HW.Memory <Error> core\memory.cpp:Memory::MemorySystem::Write:528: unmapped Write8 0x00000000 @ 0x00000B93 at PC 0x010F3548
[   4.717083] HW.Memory <Error> core\memory.cpp:Memory::MemorySystem::Write:528: unmapped Write8 0x00000000 @ 0x00000B94 at PC 0x010F3548
[   4.717084] HW.Memory <Error> core\memory.cpp:Memory::MemorySystem::Write:528: unmapped Write8 0x00000000 @ 0x00000B95 at PC 0x010F3548
[   4.717084] HW.Memory <Error> core\memory.cpp:Memory::MemorySystem::Write:528: unmapped Write8 0x00000000 @ 0x00000B96 at PC 0x010F3548
[   4.717084] HW.Memory <Error> core\memory.cpp:Memory::MemorySystem::Write:528: unmapped Write8 0x00000000 @ 0x00000B97 at PC 0x010F3548
[   4.717085] HW.Memory <Error> core\memory.cpp:Memory::MemorySystem::Write:528: unmapped Write8 0x00000000 @ 0x00000B98 at PC 0x010F3548
[   4.717085] HW.Memory <Error> core\memory.cpp:Memory::MemorySystem::Write:528: unmapped Write8 0x00000000 @ 0x00000B99 at PC 0x010F3548
[   4.717086] HW.Memory <Error> core\memory.cpp:Memory::MemorySystem::Write:528: unmapped Write8 0x00000000 @ 0x00000B9A at PC 0x010F3548
[   4.717086] HW.Memory <Error> core\memory.cpp:Memory::MemorySystem::Write:528: unmapped Write8 0x00000000 @ 0x00000B9B at PC 0x010F3548
[   4.717087] HW.Memory <Error> core\memory.cpp:Memory::MemorySystem::Write:528: unmapped Write8 0x00000000 @ 0x00000B9C at PC 0x010F3548
[   4.717087] HW.Memory <Error> core\memory.cpp:Memory::MemorySystem::Write:528: unmapped Write8 0x00000000 @ 0x00000B9D at PC 0x010F3548
[   4.717088] HW.Memory <Error> core\memory.cpp:Memory::MemorySystem::Write:528: unmapped Write8 0x00000000 @ 0x00000B9E at PC 0x010F3548
[   4.717088] HW.Memory <Error> core\memory.cpp:Memory::MemorySystem::Write:528: unmapped Write8 0x00000000 @ 0x00000B9F at PC 0x010F3548
[   4.717088] HW.Memory <Error> core\memory.cpp:Memory::MemorySystem::Write:528: unmapped Write8 0x00000000 @ 0x00000BA0 at PC 0x010F3548
[   4.717089] HW.Memory <Error> core\memory.cpp:Memory::MemorySystem::Write:528: unmapped Write8 0x00000000 @ 0x00000BA1 at PC 0x010F3548
[   4.717089] HW.Memory <Error> core\memory.cpp:Memory::MemorySystem::Write:528: unmapped Write8 0x00000000 @ 0x00000BA2 at PC 0x010F3548
[   4.717089] HW.Memory <Error> core\memory.cpp:Memory::MemorySystem::Write:528: unmapped Write8 0x00000000 @ 0x00000BA3 at PC 0x010F3548
[   4.717090] HW.Memory <Error> core\memory.cpp:Memory::MemorySystem::Write:528: unmapped Write8 0x00000000 @ 0x00000BA4 at PC 0x010F3548
[   4.717090] HW.Memory <Error> core\memory.cpp:Memory::MemorySystem::Write:528: unmapped Write8 0x00000000 @ 0x00000BA5 at PC 0x010F3548
[   4.717091] HW.Memory <Error> core\memory.cpp:Memory::MemorySystem::Write:528: unmapped Write8 0x00000000 @ 0x00000BA6 at PC 0x010F3548
[   4.717091] HW.Memory <Error> core\memory.cpp:Memory::MemorySystem::Write:528: unmapped Write8 0x00000000 @ 0x00000BA7 at PC 0x010F3548
[   4.717091] HW.Memory <Error> core\memory.cpp:Memory::MemorySystem::Write:528: unmapped Write8 0x00000000 @ 0x00000BA8 at PC 0x010F3548
[   4.717092] HW.Memory <Error> core\memory.cpp:Memory::MemorySystem::Write:528: unmapped Write8 0x00000000 @ 0x00000BA9 at PC 0x010F3548
[   4.717092] HW.Memory <Error> core\memory.cpp:Memory::MemorySystem::Write:528: unmapped Write8 0x00000000 @ 0x00000BAA at PC 0x010F3548
[   4.717092] HW.Memory <Error> core\memory.cpp:Memory::MemorySystem::Write:528: unmapped Write8 0x00000000 @ 0x00000BAB at PC 0x010F3548
[   4.717093] HW.Memory <Error> core\memory.cpp:Memory::MemorySystem::Write:528: unmapped Write8 0x00000000 @ 0x00000BAC at PC 0x010F3548
[   4.717093] HW.Memory <Error> core\memory.cpp:Memory::MemorySystem::Write:528: unmapped Write8 0x00000000 @ 0x00000BAD at PC 0x010F3548
[   4.717094] HW.Memory <Error> core\memory.cpp:Memory::MemorySystem::Write:528: unmapped Write8 0x00000000 @ 0x00000BAE at PC 0x010F3548
[   4.717094] HW.Memory <Error> core\memory.cpp:Memory::MemorySystem::Write:528: unmapped Write8 0x00000000 @ 0x00000BAF at PC 0x010F3548
[   4.717094] HW.Memory <Error> core\memory.cpp:Memory::MemorySystem::Write:528: unmapped Write8 0x00000000 @ 0x00000BB0 at PC 0x010F3548
[   4.717095] HW.Memory <Error> core\memory.cpp:Memory::MemorySystem::Write:528: unmapped Write8 0x00000000 @ 0x00000BB1 at PC 0x010F3548
[   4.717095] HW.Memory <Error> core\memory.cpp:Memory::MemorySystem::Write:528: unmapped Write8 0x00000000 @ 0x00000BB2 at PC 0x010F3548
[   4.717096] HW.Memory <Error> core\memory.cpp:Memory::MemorySystem::Write:528: unmapped Write8 0x00000000 @ 0x00000BB3 at PC 0x010F3548
[   4.717096] HW.Memory <Error> core\memory.cpp:Memory::MemorySystem::Write:528: unmapped Write8 0x00000000 @ 0x00000BB4 at PC 0x010F3548
[   4.717096] HW.Memory <Error> core\memory.cpp:Memory::MemorySystem::Write:528: unmapped Write8 0x00000000 @ 0x00000BB5 at PC 0x010F3548
[   4.717097] HW.Memory <Error> core\memory.cpp:Memory::MemorySystem::Write:528: unmapped Write8 0x00000000 @ 0x00000BB6 at PC 0x010F3548
[   4.717097] HW.Memory <Error> core\memory.cpp:Memory::MemorySystem::Write:528: unmapped Write8 0x00000000 @ 0x00000BB7 at PC 0x010F3548
[   4.717097] HW.Memory <Error> core\memory.cpp:Memory::MemorySystem::Write:528: unmapped Write8 0x00000000 @ 0x00000BB8 at PC 0x010F3548
[   4.717098] HW.Memory <Error> core\memory.cpp:Memory::MemorySystem::Write:528: unmapped Write8 0x00000000 @ 0x00000BB9 at PC 0x010F3548
[   4.717098] HW.Memory <Error> core\memory.cpp:Memory::MemorySystem::Write:528: unmapped Write8 0x00000000 @ 0x00000BBA at PC 0x010F3548
[   4.717098] HW.Memory <Error> core\memory.cpp:Memory::MemorySystem::Write:528: unmapped Write8 0x00000000 @ 0x00000BBB at PC 0x010F3548
[   4.717099] HW.Memory <Error> core\memory.cpp:Memory::MemorySystem::Write:528: unmapped Write8 0x00000000 @ 0x00000BBC at PC 0x010F3548
[   4.717099] HW.Memory <Error> core\memory.cpp:Memory::MemorySystem::Write:528: unmapped Write8 0x00000000 @ 0x00000BBD at PC 0x010F3548
[   4.717100] HW.Memory <Error> core\memory.cpp:Memory::MemorySystem::Write:528: unmapped Write8 0x00000000 @ 0x00000BBE at PC 0x010F3548
[   4.717100] HW.Memory <Error> core\memory.cpp:Memory::MemorySystem::Write:528: unmapped Write8 0x00000000 @ 0x00000BBF at PC 0x010F3548
[   4.717100] HW.Memory <Error> core\memory.cpp:Memory::MemorySystem::Write:528: unmapped Write8 0x00000000 @ 0x00000BC0 at PC 0x010F3548
[   4.717101] HW.Memory <Error> core\memory.cpp:Memory::MemorySystem::Write:528: unmapped Write8 0x00000000 @ 0x00000BC1 at PC 0x010F3548
[   4.717101] HW.Memory <Error> core\memory.cpp:Memory::MemorySystem::Write:528: unmapped Write8 0x00000000 @ 0x00000BC2 at PC 0x010F3548
[   4.717102] HW.Memory <Error> core\memory.cpp:Memory::MemorySystem::Write:528: unmapped Write8 0x00000000 @ 0x00000BC3 at PC 0x010F3548
[   4.717102] HW.Memory <Error> core\memory.cpp:Memory::MemorySystem::Write:528: unmapped Write8 0x00000000 @ 0x00000BC4 at PC 0x010F3548
[   4.717102] HW.Memory <Error> core\memory.cpp:Memory::MemorySystem::Write:528: unmapped Write8 0x00000000 @ 0x00000BC5 at PC 0x010F3548
[   4.717103] HW.Memory <Error> core\memory.cpp:Memory::MemorySystem::Write:528: unmapped Write8 0x00000000 @ 0x00000BC6 at PC 0x010F3548
[   4.717103] HW.Memory <Error> core\memory.cpp:Memory::MemorySystem::Write:528: unmapped Write8 0x00000000 @ 0x00000BC7 at PC 0x010F3548
[   4.717104] HW.Memory <Error> core\memory.cpp:Memory::MemorySystem::Write:528: unmapped Write8 0x00000000 @ 0x00000BC8 at PC 0x010F3548
[   4.717104] HW.Memory <Error> core\memory.cpp:Memory::MemorySystem::Write:528: unmapped Write8 0x00000000 @ 0x00000BC9 at PC 0x010F3548
[   4.717104] HW.Memory <Error> core\memory.cpp:Memory::MemorySystem::Write:528: unmapped Write8 0x00000000 @ 0x00000BCA at PC 0x010F3548
[   4.717105] HW.Memory <Error> core\memory.cpp:Memory::MemorySystem::Write:528: unmapped Write8 0x00000000 @ 0x00000BCB at PC 0x010F3548
[   4.717105] HW.Memory <Error> core\memory.cpp:Memory::MemorySystem::Write:528: unmapped Write8 0x00000000 @ 0x00000BCC at PC 0x010F3548
[   4.717141] HW.Memory <Error> core\memory.cpp:Memory::MemorySystem::Write:528: unmapped Write8 0x00000000 @ 0x00000BCD at PC 0x010F3548
[   4.717142] HW.Memory <Error> core\memory.cpp:Memory::MemorySystem::Write:528: unmapped Write8 0x00000000 @ 0x00000BCE at PC 0x010F3548
[   4.717142] HW.Memory <Error> core\memory.cpp:Memory::MemorySystem::Write:528: unmapped Write8 0x00000000 @ 0x00000BCF at PC 0x010F3548
[   4.717143] HW.Memory <Error> core\memory.cpp:Memory::MemorySystem::Write:528: unmapped Write8 0x00000000 @ 0x00000BD0 at PC 0x010F3548
[   4.717143] HW.Memory <Error> core\memory.cpp:Memory::MemorySystem::Write:528: unmapped Write8 0x00000000 @ 0x00000BD1 at PC 0x010F3548
[   4.717143] HW.Memory <Error> core\memory.cpp:Memory::MemorySystem::Write:528: unmapped Write8 0x00000000 @ 0x00000BD2 at PC 0x010F3548
[   4.717144] HW.Memory <Error> core\memory.cpp:Memory::MemorySystem::Write:528: unmapped Write8 0x00000000 @ 0x00000BD3 at PC 0x010F3548
[   4.717144] HW.Memory <Error> core\memory.cpp:Memory::MemorySystem::Write:528: unmapped Write8 0x00000000 @ 0x00000BD4 at PC 0x010F3548
[   4.717144] HW.Memory <Error> core\memory.cpp:Memory::MemorySystem::Write:528: unmapped Write8 0x00000000 @ 0x00000BD5 at PC 0x010F3548
[   4.717145] HW.Memory <Error> core\memory.cpp:Memory::MemorySystem::Write:528: unmapped Write8 0x00000000 @ 0x00000BD6 at PC 0x010F3548
[   4.717145] HW.Memory <Error> core\memory.cpp:Memory::MemorySystem::Write:528: unmapped Write8 0x00000000 @ 0x00000BD7 at PC 0x010F3548
[   4.717146] HW.Memory <Error> core\memory.cpp:Memory::MemorySystem::Write:528: unmapped Write8 0x00000000 @ 0x00000BD8 at PC 0x010F3548
[   4.717146] HW.Memory <Error> core\memory.cpp:Memory::MemorySystem::Write:528: unmapped Write8 0x00000000 @ 0x00000BD9 at PC 0x010F3548
[   4.717146] HW.Memory <Error> core\memory.cpp:Memory::MemorySystem::Write:528: unmapped Write8 0x00000000 @ 0x00000BDA at PC 0x010F3548
[   4.717147] HW.Memory <Error> core\memory.cpp:Memory::MemorySystem::Write:528: unmapped Write8 0x00000000 @ 0x00000BDB at PC 0x010F3548
[   4.717147] HW.Memory <Error> core\memory.cpp:Memory::MemorySystem::Write:528: unmapped Write8 0x00000000 @ 0x00000BDC at PC 0x010F3548
[   4.717147] HW.Memory <Error> core\memory.cpp:Memory::MemorySystem::Write:528: unmapped Write8 0x00000000 @ 0x00000BDD at PC 0x010F3548
[   4.717148] HW.Memory <Error> core\memory.cpp:Memory::MemorySystem::Write:528: unmapped Write8 0x00000000 @ 0x00000BDE at PC 0x010F3548
[   4.717148] HW.Memory <Error> core\memory.cpp:Memory::MemorySystem::Write:528: unmapped Write8 0x00000000 @ 0x00000BDF at PC 0x010F3548
[   4.717149] HW.Memory <Error> core\memory.cpp:Memory::MemorySystem::Write:528: unmapped Write8 0x00000000 @ 0x00000BE0 at PC 0x010F3548
[   4.717149] HW.Memory <Error> core\memory.cpp:Memory::MemorySystem::Write:528: unmapped Write8 0x00000000 @ 0x00000BE1 at PC 0x010F3548
[   4.717149] HW.Memory <Error> core\memory.cpp:Memory::MemorySystem::Write:528: unmapped Write8 0x00000000 @ 0x00000BE2 at PC 0x010F3548
[   4.717150] HW.Memory <Error> core\memory.cpp:Memory::MemorySystem::Write:528: unmapped Write8 0x00000000 @ 0x00000BE3 at PC 0x010F3548
[   4.717150] HW.Memory <Error> core\memory.cpp:Memory::MemorySystem::Write:528: unmapped Write8 0x00000000 @ 0x00000BE4 at PC 0x010F3548
[   4.717150] HW.Memory <Error> core\memory.cpp:Memory::MemorySystem::Write:528: unmapped Write8 0x00000000 @ 0x00000BE5 at PC 0x010F3548
[   4.717151] HW.Memory <Error> core\memory.cpp:Memory::MemorySystem::Write:528: unmapped Write8 0x00000000 @ 0x00000BE6 at PC 0x010F3548
[   4.717151] HW.Memory <Error> core\memory.cpp:Memory::MemorySystem::Write:528: unmapped Write8 0x00000000 @ 0x00000BE7 at PC 0x010F3548
[   4.717151] HW.Memory <Error> core\memory.cpp:Memory::MemorySystem::Write:528: unmapped Write8 0x00000000 @ 0x00000BE8 at PC 0x010F3548
[   4.717152] HW.Memory <Error> core\memory.cpp:Memory::MemorySystem::Write:528: unmapped Write8 0x00000000 @ 0x00000BE9 at PC 0x010F3548
[   4.717152] HW.Memory <Error> core\memory.cpp:Memory::MemorySystem::Write:528: unmapped Write8 0x00000000 @ 0x00000BEA at PC 0x010F3548
[   4.717153] HW.Memory <Error> core\memory.cpp:Memory::MemorySystem::Write:528: unmapped Write8 0x00000000 @ 0x00000BEB at PC 0x010F3548
[   4.717153] HW.Memory <Error> core\memory.cpp:Memory::MemorySystem::Write:528: unmapped Write8 0x00000000 @ 0x00000BEC at PC 0x010F3548
[   4.717153] HW.Memory <Error> core\memory.cpp:Memory::MemorySystem::Write:528: unmapped Write8 0x00000000 @ 0x00000BED at PC 0x010F3548
[   4.717154] HW.Memory <Error> core\memory.cpp:Memory::MemorySystem::Write:528: unmapped Write8 0x00000000 @ 0x00000BEE at PC 0x010F3548
[   4.717154] HW.Memory <Error> core\memory.cpp:Memory::MemorySystem::Write:528: unmapped Write8 0x00000000 @ 0x00000BEF at PC 0x010F3548
[   4.717154] HW.Memory <Error> core\memory.cpp:Memory::MemorySystem::Write:528: unmapped Write8 0x00000000 @ 0x00000BF0 at PC 0x010F3548
[   4.717155] HW.Memory <Error> core\memory.cpp:Memory::MemorySystem::Write:528: unmapped Write8 0x00000000 @ 0x00000BF1 at PC 0x010F3548
[   4.717155] HW.Memory <Error> core\memory.cpp:Memory::MemorySystem::Write:528: unmapped Write8 0x00000000 @ 0x00000BF2 at PC 0x010F3548
[   4.717156] HW.Memory <Error> core\memory.cpp:Memory::MemorySystem::Write:528: unmapped Write8 0x00000000 @ 0x00000BF3 at PC 0x010F3548
[   4.717156] HW.Memory <Error> core\memory.cpp:Memory::MemorySystem::Write:528: unmapped Write8 0x00000000 @ 0x00000BF4 at PC 0x010F3548
[   4.717156] HW.Memory <Error> core\memory.cpp:Memory::MemorySystem::Write:528: unmapped Write8 0x00000000 @ 0x00000BF5 at PC 0x010F3548
[   4.717157] HW.Memory <Error> core\memory.cpp:Memory::MemorySystem::Write:528: unmapped Write8 0x00000000 @ 0x00000BF6 at PC 0x010F3548
[   4.717157] HW.Memory <Error> core\memory.cpp:Memory::MemorySystem::Write:528: unmapped Write8 0x00000000 @ 0x00000BF7 at PC 0x010F3548
[   4.717157] HW.Memory <Error> core\memory.cpp:Memory::MemorySystem::Write:528: unmapped Write8 0x00000000 @ 0x00000BF8 at PC 0x010F3548
[   4.717158] HW.Memory <Error> core\memory.cpp:Memory::MemorySystem::Write:528: unmapped Write8 0x00000000 @ 0x00000BF9 at PC 0x010F3548
[   4.717158] HW.Memory <Error> core\memory.cpp:Memory::MemorySystem::Write:528: unmapped Write8 0x00000000 @ 0x00000BFA at PC 0x010F3548
[   4.717158] HW.Memory <Error> core\memory.cpp:Memory::MemorySystem::Write:528: unmapped Write8 0x00000000 @ 0x00000BFB at PC 0x010F3548
[   4.717159] HW.Memory <Error> core\memory.cpp:Memory::MemorySystem::Write:528: unmapped Write8 0x00000000 @ 0x00000BFC at PC 0x010F3548
[   4.717159] HW.Memory <Error> core\memory.cpp:Memory::MemorySystem::Write:528: unmapped Write8 0x00000000 @ 0x00000BFD at PC 0x010F3548
[   4.717160] HW.Memory <Error> core\memory.cpp:Memory::MemorySystem::Write:528: unmapped Write8 0x00000000 @ 0x00000BFE at PC 0x010F3548
[   4.717160] HW.Memory <Error> core\memory.cpp:Memory::MemorySystem::Write:528: unmapped Write8 0x00000000 @ 0x00000BFF at PC 0x010F3548
[   4.717160] HW.Memory <Error> core\memory.cpp:Memory::MemorySystem::Write:528: unmapped Write8 0x00000000 @ 0x00000C00 at PC 0x010F3548
[   4.717161] HW.Memory <Error> core\memory.cpp:Memory::MemorySystem::Write:528: unmapped Write8 0x00000000 @ 0x00000C01 at PC 0x010F3548
[   4.717161] HW.Memory <Error> core\memory.cpp:Memory::MemorySystem::Write:528: unmapped Write8 0x00000000 @ 0x00000C02 at PC 0x010F3548
[   4.717161] HW.Memory <Error> core\memory.cpp:Memory::MemorySystem::Write:528: unmapped Write8 0x00000000 @ 0x00000C03 at PC 0x010F3548
[   4.717162] HW.Memory <Error> core\memory.cpp:Memory::MemorySystem::Write:528: unmapped Write8 0x00000000 @ 0x00000C04 at PC 0x010F3548
[   4.717162] HW.Memory <Error> core\memory.cpp:Memory::MemorySystem::Write:528: unmapped Write8 0x00000000 @ 0x00000C05 at PC 0x010F3548
[   4.717163] HW.Memory <Error> core\memory.cpp:Memory::MemorySystem::Write:528: unmapped Write8 0x00000000 @ 0x00000C06 at PC 0x010F3548
[   4.717163] HW.Memory <Error> core\memory.cpp:Memory::MemorySystem::Write:528: unmapped Write8 0x00000000 @ 0x00000C07 at PC 0x010F3548
[   4.717163] HW.Memory <Error> core\memory.cpp:Memory::MemorySystem::Write:528: unmapped Write8 0x00000000 @ 0x00000C08 at PC 0x010F3548
[   4.717164] HW.Memory <Error> core\memory.cpp:Memory::MemorySystem::Write:528: unmapped Write8 0x00000000 @ 0x00000C09 at PC 0x010F3548
[   4.717164] HW.Memory <Error> core\memory.cpp:Memory::MemorySystem::Write:528: unmapped Write8 0x00000000 @ 0x00000C0A at PC 0x010F3548
[   4.717164] HW.Memory <Error> core\memory.cpp:Memory::MemorySystem::Write:528: unmapped Write8 0x00000000 @ 0x00000C0B at PC 0x010F3548
[   4.717165] HW.Memory <Error> core\memory.cpp:Memory::MemorySystem::Write:528: unmapped Write8 0x00000000 @ 0x00000C0C at PC 0x010F3548
[   4.717165] HW.Memory <Error> core\memory.cpp:Memory::MemorySystem::Write:528: unmapped Write8 0x00000000 @ 0x00000C0D at PC 0x010F3548
[   4.717166] HW.Memory <Error> core\memory.cpp:Memory::MemorySystem::Write:528: unmapped Write8 0x00000000 @ 0x00000C0E at PC 0x010F3548
[   4.717166] HW.Memory <Error> core\memory.cpp:Memory::MemorySystem::Write:528: unmapped Write8 0x00000000 @ 0x00000C0F at PC 0x010F3548
[   4.717166] HW.Memory <Error> core\memory.cpp:Memory::MemorySystem::Write:528: unmapped Write8 0x00000000 @ 0x00000C10 at PC 0x010F3548
[   4.717167] HW.Memory <Error> core\memory.cpp:Memory::MemorySystem::Write:528: unmapped Write8 0x00000000 @ 0x00000C11 at PC 0x010F3548
[   4.717167] HW.Memory <Error> core\memory.cpp:Memory::MemorySystem::Write:528: unmapped Write8 0x00000000 @ 0x00000C12 at PC 0x010F3548
[   4.717167] HW.Memory <Error> core\memory.cpp:Memory::MemorySystem::Write:528: unmapped Write8 0x00000000 @ 0x00000C13 at PC 0x010F3548
[   4.717168] HW.Memory <Error> core\memory.cpp:Memory::MemorySystem::Write:528: unmapped Write8 0x00000000 @ 0x00000C14 at PC 0x010F3548
[   4.717168] HW.Memory <Error> core\memory.cpp:Memory::MemorySystem::Write:528: unmapped Write8 0x00000000 @ 0x00000C15 at PC 0x010F3548
[   4.717168] HW.Memory <Error> core\memory.cpp:Memory::MemorySystem::Write:528: unmapped Write8 0x00000000 @ 0x00000C16 at PC 0x010F3548
[   4.717169] HW.Memory <Error> core\memory.cpp:Memory::MemorySystem::Write:528: unmapped Write8 0x00000000 @ 0x00000C17 at PC 0x010F3548
[   4.717169] HW.Memory <Error> core\memory.cpp:Memory::MemorySystem::Write:528: unmapped Write8 0x00000000 @ 0x00000C18 at PC 0x010F3548
[   4.717170] HW.Memory <Error> core\memory.cpp:Memory::MemorySystem::Write:528: unmapped Write8 0x00000000 @ 0x00000C19 at PC 0x010F3548
[   4.717170] HW.Memory <Error> core\memory.cpp:Memory::MemorySystem::Write:528: unmapped Write8 0x00000000 @ 0x00000C1A at PC 0x010F3548
[   4.717170] HW.Memory <Error> core\memory.cpp:Memory::MemorySystem::Write:528: unmapped Write8 0x00000000 @ 0x00000C1B at PC 0x010F3548
[   4.717171] HW.Memory <Error> core\memory.cpp:Memory::MemorySystem::Write:528: unmapped Write8 0x00000000 @ 0x00000C1C at PC 0x010F3548
[   4.717171] HW.Memory <Error> core\memory.cpp:Memory::MemorySystem::Write:528: unmapped Write8 0x00000000 @ 0x00000C1D at PC 0x010F3548
[   4.717171] HW.Memory <Error> core\memory.cpp:Memory::MemorySystem::Write:528: unmapped Write8 0x00000000 @ 0x00000C1E at PC 0x010F3548
[   4.717172] HW.Memory <Error> core\memory.cpp:Memory::MemorySystem::Write:528: unmapped Write8 0x00000000 @ 0x00000C1F at PC 0x010F3548
[   4.717172] HW.Memory <Error> core\memory.cpp:Memory::MemorySystem::Write:528: unmapped Write8 0x00000000 @ 0x00000C20 at PC 0x010F3548
[   4.717172] HW.Memory <Error> core\memory.cpp:Memory::MemorySystem::Write:528: unmapped Write8 0x00000000 @ 0x00000C21 at PC 0x010F3548
[   4.717173] HW.Memory <Error> core\memory.cpp:Memory::MemorySystem::Write:528: unmapped Write8 0x00000000 @ 0x00000C22 at PC 0x010F3548
[   4.717173] HW.Memory <Error> core\memory.cpp:Memory::MemorySystem::Write:528: unmapped Write8 0x00000000 @ 0x00000C23 at PC 0x010F3548
[   4.717174] HW.Memory <Error> core\memory.cpp:Memory::MemorySystem::Write:528: unmapped Write8 0x00000000 @ 0x00000C24 at PC 0x010F3548
[   4.717174] HW.Memory <Error> core\memory.cpp:Memory::MemorySystem::Write:528: unmapped Write8 0x00000000 @ 0x00000C25 at PC 0x010F3548
[   4.717174] HW.Memory <Error> core\memory.cpp:Memory::MemorySystem::Write:528: unmapped Write8 0x00000000 @ 0x00000C26 at PC 0x010F3548
[   4.717175] HW.Memory <Error> core\memory.cpp:Memory::MemorySystem::Write:528: unmapped Write8 0x00000000 @ 0x00000C27 at PC 0x010F3548
[   4.717176] HW.Memory <Error> core\memory.cpp:Memory::MemorySystem::Read:479: unmapped Read8 @ 0x00000C28 at PC 0x010F348C
[   4.717176] HW.Memory <Error> core\memory.cpp:Memory::MemorySystem::Read:479: unmapped Read8 @ 0x00000828 at PC 0x010F348C
[   4.717178] HW.Memory <Error> core\memory.cpp:Memory::MemorySystem::Write:528: unmapped Write16 0x00000000 @ 0x00000024 at PC 0x010F34D0
[   4.717183] HW.Memory <Error> core\memory.cpp:Memory::MemorySystem::Impl::ReadBlockImpl:178: unmapped ReadBlock @ 0x00000024 (start address = 0x00000024, size = 2) at PC 0x010F0A78
[   4.717188] Service.FS <Error> core\file_sys\archive_sdmc.cpp:FileSys::SDMCArchive::OpenFileBase:64: Invalid path [Wchar: ]
[   4.814799] RPC_Server <Info> core\rpc\server.cpp:Core::RPC::Server::NewRequestCallback:36: Received end packet
[   4.815700] Audio.DSP <Info> audio_core\hle\aac_decoder.cpp:AudioCore::HLE::AACDecoder::~AACDecoder:35: Destroyed FAAD2 AAC decoder.
[   4.816165] Audio.Sink <Info> audio_core\cubeb_sink.cpp:AudioCore::CubebSink::Impl::StateCallback:138: Cubeb Audio Stream Stopped
[   4.824132] Kernel <Info> core\hle\kernel\process.cpp:Kernel::Process::~Process:634: Cleaning up process 11
[   4.824132] Kernel <Info> core\hle\kernel\process.cpp:Kernel::Process::~Process:634: Cleaning up process 11
