[   0.000409] Config <Info> citra\config.cpp:Config::LoadINI:46: Successfully loaded C:\Users\weyst\AppData\Roaming/Citra/config/sdl2-config.ini
[   0.276663] Input <Info> input_common\udp\client.cpp:InputCommon::CemuhookUDP::Client::StartCommunication:206: Starting communication with UDP input server on 127.0.0.1:26760
[   1.022472] Frontend <Info> citra\citra.cpp:main:404: Citra Version: Nightly 2104 | HEAD-0ff3440
[   1.022495] Config <Info> common\settings.cpp:Settings::LogSettings:83: Citra Configuration:
[   1.022499] Config <Info> common\settings.cpp:Settings::LogSettings::<lambda_1>::operator ():80: Core_UseCpuJit: true
[   1.022501] Config <Info> common\settings.cpp:Settings::LogSettings::<lambda_1>::operator ():80: Core_CPUClockPercentage: 100
[   1.022501] Config <Info> common\settings.cpp:Settings::LogSettings::<lambda_1>::operator ():80: Renderer_UseGLES: false
[   1.022502] Config <Info> common\settings.cpp:Settings::LogSettings::<lambda_1>::operator ():80: Renderer_GraphicsAPI: OpenGL
[   1.022503] Config <Info> common\settings.cpp:Settings::LogSettings::<lambda_1>::operator ():80: Renderer_AsyncShaders: false
[   1.022504] Config <Info> common\settings.cpp:Settings::LogSettings::<lambda_1>::operator ():80: Renderer_AsyncPresentation: true
[   1.022505] Config <Info> common\settings.cpp:Settings::LogSettings::<lambda_1>::operator ():80: Renderer_SpirvShaderGen: true
[   1.022505] Config <Info> common\settings.cpp:Settings::LogSettings::<lambda_1>::operator ():80: Renderer_Debug: false
[   1.022508] Config <Info> common\settings.cpp:Settings::LogSettings::<lambda_1>::operator ():80: Renderer_UseHwShader: true
[   1.022514] Config <Info> common\settings.cpp:Settings::LogSettings::<lambda_1>::operator ():80: Renderer_ShadersAccurateMul: true
[   1.022515] Config <Info> common\settings.cpp:Settings::LogSettings::<lambda_1>::operator ():80: Renderer_UseShaderJit: true
[   1.022518] Config <Info> common\settings.cpp:Settings::LogSettings::<lambda_1>::operator ():80: Renderer_UseResolutionFactor: 1
[   1.022519] Config <Info> common\settings.cpp:Settings::LogSettings::<lambda_1>::operator ():80: Renderer_FrameLimit: 100
[   1.022519] Config <Info> common\settings.cpp:Settings::LogSettings::<lambda_1>::operator ():80: Renderer_VSyncNew: true
[   1.022520] Config <Info> common\settings.cpp:Settings::LogSettings::<lambda_1>::operator ():80: Renderer_PostProcessingShader: none (builtin)
[   1.022522] Config <Info> common\settings.cpp:Settings::LogSettings::<lambda_1>::operator ():80: Renderer_FilterMode: true
[   1.022522] Config <Info> common\settings.cpp:Settings::LogSettings::<lambda_1>::operator ():80: Renderer_TextureFilter: None
[   1.022523] Config <Info> common\settings.cpp:Settings::LogSettings::<lambda_1>::operator ():80: Renderer_TextureSampling: GameControlled
[   1.022525] Config <Info> common\settings.cpp:Settings::LogSettings::<lambda_1>::operator ():80: Stereoscopy_Render3d: 0
[   1.022526] Config <Info> common\settings.cpp:Settings::LogSettings::<lambda_1>::operator ():80: Stereoscopy_Factor3d: 0
[   1.022527] Config <Info> common\settings.cpp:Settings::LogSettings::<lambda_1>::operator ():80: Stereoscopy_MonoRenderOption: 0
[   1.022527] Config <Info> common\settings.cpp:Settings::LogSettings::<lambda_1>::operator ():80: Layout_LayoutOption: 0
[   1.022528] Config <Info> common\settings.cpp:Settings::LogSettings::<lambda_1>::operator ():80: Layout_SwapScreen: false
[   1.022529] Config <Info> common\settings.cpp:Settings::LogSettings::<lambda_1>::operator ():80: Layout_UprightScreen: false
[   1.022542] Config <Info> common\settings.cpp:Settings::LogSettings::<lambda_1>::operator ():80: Layout_LargeScreenProportion: 4
[   1.022543] Config <Info> common\settings.cpp:Settings::LogSettings::<lambda_1>::operator ():80: Utility_DumpTextures: false
[   1.022544] Config <Info> common\settings.cpp:Settings::LogSettings::<lambda_1>::operator ():80: Utility_CustomTextures: false
[   1.022544] Config <Info> common\settings.cpp:Settings::LogSettings::<lambda_1>::operator ():80: Utility_PreloadTextures: false
[   1.022545] Config <Info> common\settings.cpp:Settings::LogSettings::<lambda_1>::operator ():80: Utility_AsyncCustomLoading: true
[   1.022546] Config <Info> common\settings.cpp:Settings::LogSettings::<lambda_1>::operator ():80: Utility_UseDiskShaderCache: true
[   1.022546] Config <Info> common\settings.cpp:Settings::LogSettings::<lambda_1>::operator ():80: Audio_Emulation: HLE
[   1.022547] Config <Info> common\settings.cpp:Settings::LogSettings::<lambda_1>::operator ():80: Audio_OutputType: 0
[   1.022548] Config <Info> common\settings.cpp:Settings::LogSettings::<lambda_1>::operator ():80: Audio_OutputDevice: auto
[   1.022548] Config <Info> common\settings.cpp:Settings::LogSettings::<lambda_1>::operator ():80: Audio_InputType: 0
[   1.022549] Config <Info> common\settings.cpp:Settings::LogSettings::<lambda_1>::operator ():80: Audio_InputDevice: auto
[   1.022550] Config <Info> common\settings.cpp:Settings::LogSettings::<lambda_1>::operator ():80: Audio_EnableAudioStretching: true
[   1.022550] Config <Info> common\settings.cpp:Settings::LogSettings::<lambda_1>::operator ():80: Camera_OuterRightName: blank
[   1.022551] Config <Info> common\settings.cpp:Settings::LogSettings::<lambda_1>::operator ():80: Camera_OuterRightConfig: 
[   1.022552] Config <Info> common\settings.cpp:Settings::LogSettings::<lambda_1>::operator ():80: Camera_OuterRightFlip: 0
[   1.022552] Config <Info> common\settings.cpp:Settings::LogSettings::<lambda_1>::operator ():80: Camera_InnerName: blank
[   1.022553] Config <Info> common\settings.cpp:Settings::LogSettings::<lambda_1>::operator ():80: Camera_InnerConfig: 
[   1.022553] Config <Info> common\settings.cpp:Settings::LogSettings::<lambda_1>::operator ():80: Camera_InnerFlip: 0
[   1.022554] Config <Info> common\settings.cpp:Settings::LogSettings::<lambda_1>::operator ():80: Camera_OuterLeftName: blank
[   1.022555] Config <Info> common\settings.cpp:Settings::LogSettings::<lambda_1>::operator ():80: Camera_OuterLeftConfig: 
[   1.022557] Config <Info> common\settings.cpp:Settings::LogSettings::<lambda_1>::operator ():80: Camera_OuterLeftFlip: 0
[   1.022558] Config <Info> common\settings.cpp:Settings::LogSettings::<lambda_1>::operator ():80: DataStorage_UseVirtualSd: true
[   1.022558] Config <Info> common\settings.cpp:Settings::LogSettings::<lambda_1>::operator ():80: DataStorage_UseCustomStorage: false
[   1.022559] Config <Info> common\settings.cpp:Settings::LogSettings::<lambda_1>::operator ():80: System_IsNew3ds: true
[   1.022560] Config <Info> common\settings.cpp:Settings::LogSettings::<lambda_1>::operator ():80: System_LLEApplets: false
[   1.022560] Config <Info> common\settings.cpp:Settings::LogSettings::<lambda_1>::operator ():80: System_RegionValue: -1
[   1.022561] Config <Info> common\settings.cpp:Settings::LogSettings::<lambda_1>::operator ():80: System_PluginLoader: false
[   1.022561] Config <Info> common\settings.cpp:Settings::LogSettings::<lambda_1>::operator ():80: System_PluginLoaderAllowed: true
[   1.022562] Config <Info> common\settings.cpp:Settings::LogSettings::<lambda_1>::operator ():80: Debugging_DelayStartForLLEModules: true
[   1.022563] Config <Info> common\settings.cpp:Settings::LogSettings::<lambda_1>::operator ():80: Debugging_UseGdbstub: false
[   1.022563] Config <Info> common\settings.cpp:Settings::LogSettings::<lambda_1>::operator ():80: Debugging_GdbstubPort: 24689
[   1.099343] Audio.DSP <Info> audio_core\hle\aac_decoder.cpp:AudioCore::HLE::AACDecoder::AACDecoder:27: Created FAAD2 AAC decoder.
[   1.159184] Audio.Sink <Info> audio_core\cubeb_sink.cpp:AudioCore::CubebSink::Impl::StateCallback:135: Cubeb Audio Stream Started
[   1.159209] RPC_Server <Info> core\rpc\rpc_server.cpp:Core::RPC::RPCServer::RPCServer:14: Starting RPC server.
[   1.159537] RPC_Server <Info> core\rpc\rpc_server.cpp:Core::RPC::RPCServer::HandleRequestsLoop:104: Request handler started.
[   1.161454] Service.HTTP <Error> core\hle\service\http\http_c.cpp:Service::HTTP::HTTP_C::DecryptClCertA:1974: ClCertA file missing
[   1.161565] Render.OpenGL <Info> video_core\renderer_opengl\gl_driver.cpp:OpenGL::Driver::ReportDriverInfo:135: GL_VERSION: 4.3.0 NVIDIA 591.74
[   1.161566] Render.OpenGL <Info> video_core\renderer_opengl\gl_driver.cpp:OpenGL::Driver::ReportDriverInfo:136: GL_VENDOR: NVIDIA Corporation
[   1.161566] Render.OpenGL <Info> video_core\renderer_opengl\gl_driver.cpp:OpenGL::Driver::ReportDriverInfo:137: GL_RENDERER: NVIDIA GeForce RTX 4050 Laptop GPU/PCIe/SSE2
[   1.461509] Loader <Info> core\loader\ncch.cpp:Loader::AppLoader_NCCH::Load:268: Program ID: 0004000000F0A100
[   1.461612] Service.FS <Warning> core\file_sys\ncch_container.cpp:FileSys::NCCHContainer::OpenFile:126: Failed to open C:\Users\weyst\AppData\Roaming/Citra/sdmc/Nintendo 3DS/00000000000000000000000000000000/00000000000000000000000000000000/title/0004000e/00f0a100/content/00000000.app
[   1.547417] Loader <Info> core\hle\kernel\process.cpp:Kernel::Process::ParseKernelCaps:196: ExHeader kernel version: 2.33
[   1.561867] Render.OpenGL <Info> video_core\renderer_opengl\gl_shader_disk_cache.cpp:OpenGL::ShaderDiskCache::LoadTransferable:175: Found a transferable disk cache with 0 entries
[   1.561882] Render.OpenGL <Info> video_core\renderer_opengl\gl_shader_disk_cache.cpp:OpenGL::ShaderDiskCache::LoadPrecompiled:186: No precompiled shader cache found for game with title id=0004000000F0A100
[   6.069787] Service.SRV <Warning> core\hle\service\sm\srv.cpp:Service::SM::SRV::RegisterClient:63: (STUBBED) called. Caller PID=11
[   6.101669] Service.APT <Warning> core\hle\service\apt\apt.cpp:Service::APT::Module::APTInterface::NotifyToWait:343: (STUBBED) app_id=768
[   6.102668] Service <Error> core\hle\service\service.cpp:Service::ServiceFrameworkBase::ReportUnimplementedFunction:168: unknown / unimplemented function 'ConfigureNew3DSCPU': port='ptm:sysm' cmd_buf={[0]=0x8180040 (0x0818, 1, 0), [1]=0x0}
[   6.102889] Service.APT <Warning> core\hle\service\apt\apt.cpp:Service::APT::Module::APTInterface::AppletUtility:694: (STUBBED) called command=0X00000007, input_size=0X00000004, output_size=0X00000001
[   6.103035] Service.APT <Warning> core\hle\service\apt\apt.cpp:Service::APT::Module::APTInterface::AppletUtility:694: (STUBBED) called command=0X00000004, input_size=0X00000001, output_size=0X00000001
[   6.352411] Service.FS <Error> core/file_sys/archive_backend.h:FileSys::ArchiveBackend::GetOpenDelayNs:194: Delay generator was not initalized. Using default
[   6.356670] HW.Memory <Error> core\memory.cpp:Memory::MemorySystem::Write:528: unmapped Write8 0x0000002F @ 0x00000828 at PC 0x010F3548
[   6.356676] HW.Memory <Error> core\memory.cpp:Memory::MemorySystem::Write:528: unmapped Write8 0x0000006F @ 0x00000829 at PC 0x010F3548
[   6.356676] HW.Memory <Error> core\memory.cpp:Memory::MemorySystem::Write:528: unmapped Write8 0x00000070 @ 0x0000082A at PC 0x010F3548
[   6.356677] HW.Memory <Error> core\memory.cpp:Memory::MemorySystem::Write:528: unmapped Write8 0x00000065 @ 0x0000082B at PC 0x010F3548
[   6.356677] HW.Memory <Error> core\memory.cpp:Memory::MemorySystem::Write:528: unmapped Write8 0x0000006E @ 0x0000082C at PC 0x010F3548
[   6.356678] HW.Memory <Error> core\memory.cpp:Memory::MemorySystem::Write:528: unmapped Write8 0x00000073 @ 0x0000082D at PC 0x010F3548
[   6.356679] HW.Memory <Error> core\memory.cpp:Memory::MemorySystem::Write:528: unmapped Write8 0x00000062 @ 0x0000082E at PC 0x010F3548
[   6.356679] HW.Memory <Error> core\memory.cpp:Memory::MemorySystem::Write:528: unmapped Write8 0x0000005F @ 0x0000082F at PC 0x010F3548
[   6.356680] HW.Memory <Error> core\memory.cpp:Memory::MemorySystem::Write:528: unmapped Write8 0x0000006D @ 0x00000830 at PC 0x010F3548
[   6.356680] HW.Memory <Error> core\memory.cpp:Memory::MemorySystem::Write:528: unmapped Write8 0x00000061 @ 0x00000831 at PC 0x010F3548
[   6.356681] HW.Memory <Error> core\memory.cpp:Memory::MemorySystem::Write:528: unmapped Write8 0x00000069 @ 0x00000832 at PC 0x010F3548
[   6.356681] HW.Memory <Error> core\memory.cpp:Memory::MemorySystem::Write:528: unmapped Write8 0x0000006E @ 0x00000833 at PC 0x010F3548
[   6.356682] HW.Memory <Error> core\memory.cpp:Memory::MemorySystem::Write:528: unmapped Write8 0x0000002E @ 0x00000834 at PC 0x010F3548
[   6.356682] HW.Memory <Error> core\memory.cpp:Memory::MemorySystem::Write:528: unmapped Write8 0x0000006C @ 0x00000835 at PC 0x010F3548
[   6.356683] HW.Memory <Error> core\memory.cpp:Memory::MemorySystem::Write:528: unmapped Write8 0x0000006F @ 0x00000836 at PC 0x010F3548
[   6.356683] HW.Memory <Error> core\memory.cpp:Memory::MemorySystem::Write:528: unmapped Write8 0x00000067 @ 0x00000837 at PC 0x010F3548
[   6.356684] HW.Memory <Error> core\memory.cpp:Memory::MemorySystem::Write:528: unmapped Write8 0x00000000 @ 0x00000838 at PC 0x010F3548
[   6.356685] HW.Memory <Error> core\memory.cpp:Memory::MemorySystem::Write:528: unmapped Write8 0x00000000 @ 0x00000839 at PC 0x010F3548
[   6.356685] HW.Memory <Error> core\memory.cpp:Memory::MemorySystem::Write:528: unmapped Write8 0x00000000 @ 0x0000083A at PC 0x010F3548
[   6.356687] HW.Memory <Error> core\memory.cpp:Memory::MemorySystem::Write:528: unmapped Write8 0x00000000 @ 0x0000083B at PC 0x010F3548
[   6.356689] HW.Memory <Error> core\memory.cpp:Memory::MemorySystem::Write:528: unmapped Write8 0x00000000 @ 0x0000083C at PC 0x010F3548
[   6.356689] HW.Memory <Error> core\memory.cpp:Memory::MemorySystem::Write:528: unmapped Write8 0x00000000 @ 0x0000083D at PC 0x010F3548
[   6.356690] HW.Memory <Error> core\memory.cpp:Memory::MemorySystem::Write:528: unmapped Write8 0x00000000 @ 0x0000083E at PC 0x010F3548
[   6.356690] HW.Memory <Error> core\memory.cpp:Memory::MemorySystem::Write:528: unmapped Write8 0x00000000 @ 0x0000083F at PC 0x010F3548
[   6.356691] HW.Memory <Error> core\memory.cpp:Memory::MemorySystem::Write:528: unmapped Write8 0x00000000 @ 0x00000840 at PC 0x010F3548
[   6.356691] HW.Memory <Error> core\memory.cpp:Memory::MemorySystem::Write:528: unmapped Write8 0x00000000 @ 0x00000841 at PC 0x010F3548
[   6.356692] HW.Memory <Error> core\memory.cpp:Memory::MemorySystem::Write:528: unmapped Write8 0x00000000 @ 0x00000842 at PC 0x010F3548
[   6.356692] HW.Memory <Error> core\memory.cpp:Memory::MemorySystem::Write:528: unmapped Write8 0x00000000 @ 0x00000843 at PC 0x010F3548
[   6.356693] HW.Memory <Error> core\memory.cpp:Memory::MemorySystem::Write:528: unmapped Write8 0x00000000 @ 0x00000844 at PC 0x010F3548
[   6.356693] HW.Memory <Error> core\memory.cpp:Memory::MemorySystem::Write:528: unmapped Write8 0x00000000 @ 0x00000845 at PC 0x010F3548
[   6.356694] HW.Memory <Error> core\memory.cpp:Memory::MemorySystem::Write:528: unmapped Write8 0x00000000 @ 0x00000846 at PC 0x010F3548
[   6.356694] HW.Memory <Error> core\memory.cpp:Memory::MemorySystem::Write:528: unmapped Write8 0x00000000 @ 0x00000847 at PC 0x010F3548
[   6.356695] HW.Memory <Error> core\memory.cpp:Memory::MemorySystem::Write:528: unmapped Write8 0x00000000 @ 0x00000848 at PC 0x010F3548
[   6.356695] HW.Memory <Error> core\memory.cpp:Memory::MemorySystem::Write:528: unmapped Write8 0x00000000 @ 0x00000849 at PC 0x010F3548
[   6.356696] HW.Memory <Error> core\memory.cpp:Memory::MemorySystem::Write:528: unmapped Write8 0x00000000 @ 0x0000084A at PC 0x010F3548
[   6.356696] HW.Memory <Error> core\memory.cpp:Memory::MemorySystem::Write:528: unmapped Write8 0x00000000 @ 0x0000084B at PC 0x010F3548
[   6.356697] HW.Memory <Error> core\memory.cpp:Memory::MemorySystem::Write:528: unmapped Write8 0x00000000 @ 0x0000084C at PC 0x010F3548
[   6.356697] HW.Memory <Error> core\memory.cpp:Memory::MemorySystem::Write:528: unmapped Write8 0x00000000 @ 0x0000084D at PC 0x010F3548
[   6.356698] HW.Memory <Error> core\memory.cpp:Memory::MemorySystem::Write:528: unmapped Write8 0x00000000 @ 0x0000084E at PC 0x010F3548
[   6.356698] HW.Memory <Error> core\memory.cpp:Memory::MemorySystem::Write:528: unmapped Write8 0x00000000 @ 0x0000084F at PC 0x010F3548
[   6.356699] HW.Memory <Error> core\memory.cpp:Memory::MemorySystem::Write:528: unmapped Write8 0x00000000 @ 0x00000850 at PC 0x010F3548
[   6.356700] HW.Memory <Error> core\memory.cpp:Memory::MemorySystem::Write:528: unmapped Write8 0x00000000 @ 0x00000851 at PC 0x010F3548
[   6.356700] HW.Memory <Error> core\memory.cpp:Memory::MemorySystem::Write:528: unmapped Write8 0x00000000 @ 0x00000852 at PC 0x010F3548
[   6.356701] HW.Memory <Error> core\memory.cpp:Memory::MemorySystem::Write:528: unmapped Write8 0x00000000 @ 0x00000853 at PC 0x010F3548
[   6.356701] HW.Memory <Error> core\memory.cpp:Memory::MemorySystem::Write:528: unmapped Write8 0x00000000 @ 0x00000854 at PC 0x010F3548
[   6.356702] HW.Memory <Error> core\memory.cpp:Memory::MemorySystem::Write:528: unmapped Write8 0x00000000 @ 0x00000855 at PC 0x010F3548
[   6.356702] HW.Memory <Error> core\memory.cpp:Memory::MemorySystem::Write:528: unmapped Write8 0x00000000 @ 0x00000856 at PC 0x010F3548
[   6.356703] HW.Memory <Error> core\memory.cpp:Memory::MemorySystem::Write:528: unmapped Write8 0x00000000 @ 0x00000857 at PC 0x010F3548
[   6.356703] HW.Memory <Error> core\memory.cpp:Memory::MemorySystem::Write:528: unmapped Write8 0x00000000 @ 0x00000858 at PC 0x010F3548
[   6.356704] HW.Memory <Error> core\memory.cpp:Memory::MemorySystem::Write:528: unmapped Write8 0x00000000 @ 0x00000859 at PC 0x010F3548
[   6.356705] HW.Memory <Error> core\memory.cpp:Memory::MemorySystem::Write:528: unmapped Write8 0x00000000 @ 0x0000085A at PC 0x010F3548
[   6.356705] HW.Memory <Error> core\memory.cpp:Memory::MemorySystem::Write:528: unmapped Write8 0x00000000 @ 0x0000085B at PC 0x010F3548
[   6.356706] HW.Memory <Error> core\memory.cpp:Memory::MemorySystem::Write:528: unmapped Write8 0x00000000 @ 0x0000085C at PC 0x010F3548
[   6.356707] HW.Memory <Error> core\memory.cpp:Memory::MemorySystem::Write:528: unmapped Write8 0x00000000 @ 0x0000085D at PC 0x010F3548
[   6.356707] HW.Memory <Error> core\memory.cpp:Memory::MemorySystem::Write:528: unmapped Write8 0x00000000 @ 0x0000085E at PC 0x010F3548
[   6.356708] HW.Memory <Error> core\memory.cpp:Memory::MemorySystem::Write:528: unmapped Write8 0x00000000 @ 0x0000085F at PC 0x010F3548
[   6.356708] HW.Memory <Error> core\memory.cpp:Memory::MemorySystem::Write:528: unmapped Write8 0x00000000 @ 0x00000860 at PC 0x010F3548
[   6.356709] HW.Memory <Error> core\memory.cpp:Memory::MemorySystem::Write:528: unmapped Write8 0x00000000 @ 0x00000861 at PC 0x010F3548
[   6.356710] HW.Memory <Error> core\memory.cpp:Memory::MemorySystem::Write:528: unmapped Write8 0x00000000 @ 0x00000862 at PC 0x010F3548
[   6.356710] HW.Memory <Error> core\memory.cpp:Memory::MemorySystem::Write:528: unmapped Write8 0x00000000 @ 0x00000863 at PC 0x010F3548
[   6.356711] HW.Memory <Error> core\memory.cpp:Memory::MemorySystem::Write:528: unmapped Write8 0x00000000 @ 0x00000864 at PC 0x010F3548
[   6.356712] HW.Memory <Error> core\memory.cpp:Memory::MemorySystem::Write:528: unmapped Write8 0x00000000 @ 0x00000865 at PC 0x010F3548
[   6.356712] HW.Memory <Error> core\memory.cpp:Memory::MemorySystem::Write:528: unmapped Write8 0x00000000 @ 0x00000866 at PC 0x010F3548
[   6.356713] HW.Memory <Error> core\memory.cpp:Memory::MemorySystem::Write:528: unmapped Write8 0x00000000 @ 0x00000867 at PC 0x010F3548
[   6.356713] HW.Memory <Error> core\memory.cpp:Memory::MemorySystem::Write:528: unmapped Write8 0x00000000 @ 0x00000868 at PC 0x010F3548
[   6.356714] HW.Memory <Error> core\memory.cpp:Memory::MemorySystem::Write:528: unmapped Write8 0x00000000 @ 0x00000869 at PC 0x010F3548
[   6.356715] HW.Memory <Error> core\memory.cpp:Memory::MemorySystem::Write:528: unmapped Write8 0x00000000 @ 0x0000086A at PC 0x010F3548
[   6.356715] HW.Memory <Error> core\memory.cpp:Memory::MemorySystem::Write:528: unmapped Write8 0x00000000 @ 0x0000086B at PC 0x010F3548
[   6.356716] HW.Memory <Error> core\memory.cpp:Memory::MemorySystem::Write:528: unmapped Write8 0x00000000 @ 0x0000086C at PC 0x010F3548
[   6.356716] HW.Memory <Error> core\memory.cpp:Memory::MemorySystem::Write:528: unmapped Write8 0x00000000 @ 0x0000086D at PC 0x010F3548
[   6.356717] HW.Memory <Error> core\memory.cpp:Memory::MemorySystem::Write:528: unmapped Write8 0x00000000 @ 0x0000086E at PC 0x010F3548
[   6.356718] HW.Memory <Error> core\memory.cpp:Memory::MemorySystem::Write:528: unmapped Write8 0x00000000 @ 0x0000086F at PC 0x010F3548
[   6.356718] HW.Memory <Error> core\memory.cpp:Memory::MemorySystem::Write:528: unmapped Write8 0x00000000 @ 0x00000870 at PC 0x010F3548
[   6.356719] HW.Memory <Error> core\memory.cpp:Memory::MemorySystem::Write:528: unmapped Write8 0x00000000 @ 0x00000871 at PC 0x010F3548
[   6.356719] HW.Memory <Error> core\memory.cpp:Memory::MemorySystem::Write:528: unmapped Write8 0x00000000 @ 0x00000872 at PC 0x010F3548
[   6.356720] HW.Memory <Error> core\memory.cpp:Memory::MemorySystem::Write:528: unmapped Write8 0x00000000 @ 0x00000873 at PC 0x010F3548
[   6.356721] HW.Memory <Error> core\memory.cpp:Memory::MemorySystem::Write:528: unmapped Write8 0x00000000 @ 0x00000874 at PC 0x010F3548
[   6.356722] HW.Memory <Error> core\memory.cpp:Memory::MemorySystem::Write:528: unmapped Write8 0x00000000 @ 0x00000875 at PC 0x010F3548
[   6.356722] HW.Memory <Error> core\memory.cpp:Memory::MemorySystem::Write:528: unmapped Write8 0x00000000 @ 0x00000876 at PC 0x010F3548
[   6.356723] HW.Memory <Error> core\memory.cpp:Memory::MemorySystem::Write:528: unmapped Write8 0x00000000 @ 0x00000877 at PC 0x010F3548
[   6.356723] HW.Memory <Error> core\memory.cpp:Memory::MemorySystem::Write:528: unmapped Write8 0x00000000 @ 0x00000878 at PC 0x010F3548
[   6.356724] HW.Memory <Error> core\memory.cpp:Memory::MemorySystem::Write:528: unmapped Write8 0x00000000 @ 0x00000879 at PC 0x010F3548
[   6.356725] HW.Memory <Error> core\memory.cpp:Memory::MemorySystem::Write:528: unmapped Write8 0x00000000 @ 0x0000087A at PC 0x010F3548
[   6.356725] HW.Memory <Error> core\memory.cpp:Memory::MemorySystem::Write:528: unmapped Write8 0x00000000 @ 0x0000087B at PC 0x010F3548
[   6.356726] HW.Memory <Error> core\memory.cpp:Memory::MemorySystem::Write:528: unmapped Write8 0x00000000 @ 0x0000087C at PC 0x010F3548
[   6.356726] HW.Memory <Error> core\memory.cpp:Memory::MemorySystem::Write:528: unmapped Write8 0x00000000 @ 0x0000087D at PC 0x010F3548
[   6.356727] HW.Memory <Error> core\memory.cpp:Memory::MemorySystem::Write:528: unmapped Write8 0x00000000 @ 0x0000087E at PC 0x010F3548
[   6.356727] HW.Memory <Error> core\memory.cpp:Memory::MemorySystem::Write:528: unmapped Write8 0x00000000 @ 0x0000087F at PC 0x010F3548
[   6.356728] HW.Memory <Error> core\memory.cpp:Memory::MemorySystem::Write:528: unmapped Write8 0x00000000 @ 0x00000880 at PC 0x010F3548
[   6.356729] HW.Memory <Error> core\memory.cpp:Memory::MemorySystem::Write:528: unmapped Write8 0x00000000 @ 0x00000881 at PC 0x010F3548
[   6.356729] HW.Memory <Error> core\memory.cpp:Memory::MemorySystem::Write:528: unmapped Write8 0x00000000 @ 0x00000882 at PC 0x010F3548
[   6.356730] HW.Memory <Error> core\memory.cpp:Memory::MemorySystem::Write:528: unmapped Write8 0x00000000 @ 0x00000883 at PC 0x010F3548
[   6.356730] HW.Memory <Error> core\memory.cpp:Memory::MemorySystem::Write:528: unmapped Write8 0x00000000 @ 0x00000884 at PC 0x010F3548
[   6.356731] HW.Memory <Error> core\memory.cpp:Memory::MemorySystem::Write:528: unmapped Write8 0x00000000 @ 0x00000885 at PC 0x010F3548
[   6.356731] HW.Memory <Error> core\memory.cpp:Memory::MemorySystem::Write:528: unmapped Write8 0x00000000 @ 0x00000886 at PC 0x010F3548
[   6.356732] HW.Memory <Error> core\memory.cpp:Memory::MemorySystem::Write:528: unmapped Write8 0x00000000 @ 0x00000887 at PC 0x010F3548
[   6.356732] HW.Memory <Error> core\memory.cpp:Memory::MemorySystem::Write:528: unmapped Write8 0x00000000 @ 0x00000888 at PC 0x010F3548
[   6.356733] HW.Memory <Error> core\memory.cpp:Memory::MemorySystem::Write:528: unmapped Write8 0x00000000 @ 0x00000889 at PC 0x010F3548
[   6.356733] HW.Memory <Error> core\memory.cpp:Memory::MemorySystem::Write:528: unmapped Write8 0x00000000 @ 0x0000088A at PC 0x010F3548
[   6.356734] HW.Memory <Error> core\memory.cpp:Memory::MemorySystem::Write:528: unmapped Write8 0x00000000 @ 0x0000088B at PC 0x010F3548
[   6.356734] HW.Memory <Error> core\memory.cpp:Memory::MemorySystem::Write:528: unmapped Write8 0x00000000 @ 0x0000088C at PC 0x010F3548
[   6.356735] HW.Memory <Error> core\memory.cpp:Memory::MemorySystem::Write:528: unmapped Write8 0x00000000 @ 0x0000088D at PC 0x010F3548
[   6.356736] HW.Memory <Error> core\memory.cpp:Memory::MemorySystem::Write:528: unmapped Write8 0x00000000 @ 0x0000088E at PC 0x010F3548
[   6.356736] HW.Memory <Error> core\memory.cpp:Memory::MemorySystem::Write:528: unmapped Write8 0x00000000 @ 0x0000088F at PC 0x010F3548
[   6.356737] HW.Memory <Error> core\memory.cpp:Memory::MemorySystem::Write:528: unmapped Write8 0x00000000 @ 0x00000890 at PC 0x010F3548
[   6.356737] HW.Memory <Error> core\memory.cpp:Memory::MemorySystem::Write:528: unmapped Write8 0x00000000 @ 0x00000891 at PC 0x010F3548
[   6.356738] HW.Memory <Error> core\memory.cpp:Memory::MemorySystem::Write:528: unmapped Write8 0x00000000 @ 0x00000892 at PC 0x010F3548
[   6.356739] HW.Memory <Error> core\memory.cpp:Memory::MemorySystem::Write:528: unmapped Write8 0x00000000 @ 0x00000893 at PC 0x010F3548
[   6.356739] HW.Memory <Error> core\memory.cpp:Memory::MemorySystem::Write:528: unmapped Write8 0x00000000 @ 0x00000894 at PC 0x010F3548
[   6.356740] HW.Memory <Error> core\memory.cpp:Memory::MemorySystem::Write:528: unmapped Write8 0x00000000 @ 0x00000895 at PC 0x010F3548
[   6.356740] HW.Memory <Error> core\memory.cpp:Memory::MemorySystem::Write:528: unmapped Write8 0x00000000 @ 0x00000896 at PC 0x010F3548
[   6.356741] HW.Memory <Error> core\memory.cpp:Memory::MemorySystem::Write:528: unmapped Write8 0x00000000 @ 0x00000897 at PC 0x010F3548
[   6.356741] HW.Memory <Error> core\memory.cpp:Memory::MemorySystem::Write:528: unmapped Write8 0x00000000 @ 0x00000898 at PC 0x010F3548
[   6.356742] HW.Memory <Error> core\memory.cpp:Memory::MemorySystem::Write:528: unmapped Write8 0x00000000 @ 0x00000899 at PC 0x010F3548
[   6.356743] HW.Memory <Error> core\memory.cpp:Memory::MemorySystem::Write:528: unmapped Write8 0x00000000 @ 0x0000089A at PC 0x010F3548
[   6.356744] HW.Memory <Error> core\memory.cpp:Memory::MemorySystem::Write:528: unmapped Write8 0x00000000 @ 0x0000089B at PC 0x010F3548
[   6.356745] HW.Memory <Error> core\memory.cpp:Memory::MemorySystem::Write:528: unmapped Write8 0x00000000 @ 0x0000089C at PC 0x010F3548
[   6.356745] HW.Memory <Error> core\memory.cpp:Memory::MemorySystem::Write:528: unmapped Write8 0x00000000 @ 0x0000089D at PC 0x010F3548
[   6.356746] HW.Memory <Error> core\memory.cpp:Memory::MemorySystem::Write:528: unmapped Write8 0x00000000 @ 0x0000089E at PC 0x010F3548
[   6.356747] HW.Memory <Error> core\memory.cpp:Memory::MemorySystem::Write:528: unmapped Write8 0x00000000 @ 0x0000089F at PC 0x010F3548
[   6.356748] HW.Memory <Error> core\memory.cpp:Memory::MemorySystem::Write:528: unmapped Write8 0x00000000 @ 0x000008A0 at PC 0x010F3548
[   6.356748] HW.Memory <Error> core\memory.cpp:Memory::MemorySystem::Write:528: unmapped Write8 0x00000000 @ 0x000008A1 at PC 0x010F3548
[   6.356749] HW.Memory <Error> core\memory.cpp:Memory::MemorySystem::Write:528: unmapped Write8 0x00000000 @ 0x000008A2 at PC 0x010F3548
[   6.356750] HW.Memory <Error> core\memory.cpp:Memory::MemorySystem::Write:528: unmapped Write8 0x00000000 @ 0x000008A3 at PC 0x010F3548
[   6.356751] HW.Memory <Error> core\memory.cpp:Memory::MemorySystem::Write:528: unmapped Write8 0x00000000 @ 0x000008A4 at PC 0x010F3548
[   6.356752] HW.Memory <Error> core\memory.cpp:Memory::MemorySystem::Write:528: unmapped Write8 0x00000000 @ 0x000008A5 at PC 0x010F3548
[   6.356753] HW.Memory <Error> core\memory.cpp:Memory::MemorySystem::Write:528: unmapped Write8 0x00000000 @ 0x000008A6 at PC 0x010F3548
[   6.356753] HW.Memory <Error> core\memory.cpp:Memory::MemorySystem::Write:528: unmapped Write8 0x00000000 @ 0x000008A7 at PC 0x010F3548
[   6.356754] HW.Memory <Error> core\memory.cpp:Memory::MemorySystem::Write:528: unmapped Write8 0x00000000 @ 0x000008A8 at PC 0x010F3548
[   6.356804] HW.Memory <Error> core\memory.cpp:Memory::MemorySystem::Write:528: unmapped Write8 0x00000000 @ 0x000008A9 at PC 0x010F3548
[   6.356804] HW.Memory <Error> core\memory.cpp:Memory::MemorySystem::Write:528: unmapped Write8 0x00000000 @ 0x000008AA at PC 0x010F3548
[   6.356805] HW.Memory <Error> core\memory.cpp:Memory::MemorySystem::Write:528: unmapped Write8 0x00000000 @ 0x000008AB at PC 0x010F3548
[   6.356805] HW.Memory <Error> core\memory.cpp:Memory::MemorySystem::Write:528: unmapped Write8 0x00000000 @ 0x000008AC at PC 0x010F3548
[   6.356806] HW.Memory <Error> core\memory.cpp:Memory::MemorySystem::Write:528: unmapped Write8 0x00000000 @ 0x000008AD at PC 0x010F3548
[   6.356806] HW.Memory <Error> core\memory.cpp:Memory::MemorySystem::Write:528: unmapped Write8 0x00000000 @ 0x000008AE at PC 0x010F3548
[   6.356807] HW.Memory <Error> core\memory.cpp:Memory::MemorySystem::Write:528: unmapped Write8 0x00000000 @ 0x000008AF at PC 0x010F3548
[   6.356807] HW.Memory <Error> core\memory.cpp:Memory::MemorySystem::Write:528: unmapped Write8 0x00000000 @ 0x000008B0 at PC 0x010F3548
[   6.356808] HW.Memory <Error> core\memory.cpp:Memory::MemorySystem::Write:528: unmapped Write8 0x00000000 @ 0x000008B1 at PC 0x010F3548
[   6.356808] HW.Memory <Error> core\memory.cpp:Memory::MemorySystem::Write:528: unmapped Write8 0x00000000 @ 0x000008B2 at PC 0x010F3548
[   6.356809] HW.Memory <Error> core\memory.cpp:Memory::MemorySystem::Write:528: unmapped Write8 0x00000000 @ 0x000008B3 at PC 0x010F3548
[   6.356809] HW.Memory <Error> core\memory.cpp:Memory::MemorySystem::Write:528: unmapped Write8 0x00000000 @ 0x000008B4 at PC 0x010F3548
[   6.356810] HW.Memory <Error> core\memory.cpp:Memory::MemorySystem::Write:528: unmapped Write8 0x00000000 @ 0x000008B5 at PC 0x010F3548
[   6.356810] HW.Memory <Error> core\memory.cpp:Memory::MemorySystem::Write:528: unmapped Write8 0x00000000 @ 0x000008B6 at PC 0x010F3548
[   6.356811] HW.Memory <Error> core\memory.cpp:Memory::MemorySystem::Write:528: unmapped Write8 0x00000000 @ 0x000008B7 at PC 0x010F3548
[   6.356811] HW.Memory <Error> core\memory.cpp:Memory::MemorySystem::Write:528: unmapped Write8 0x00000000 @ 0x000008B8 at PC 0x010F3548
[   6.356812] HW.Memory <Error> core\memory.cpp:Memory::MemorySystem::Write:528: unmapped Write8 0x00000000 @ 0x000008B9 at PC 0x010F3548
[   6.356812] HW.Memory <Error> core\memory.cpp:Memory::MemorySystem::Write:528: unmapped Write8 0x00000000 @ 0x000008BA at PC 0x010F3548
[   6.356813] HW.Memory <Error> core\memory.cpp:Memory::MemorySystem::Write:528: unmapped Write8 0x00000000 @ 0x000008BB at PC 0x010F3548
[   6.356813] HW.Memory <Error> core\memory.cpp:Memory::MemorySystem::Write:528: unmapped Write8 0x00000000 @ 0x000008BC at PC 0x010F3548
[   6.356814] HW.Memory <Error> core\memory.cpp:Memory::MemorySystem::Write:528: unmapped Write8 0x00000000 @ 0x000008BD at PC 0x010F3548
[   6.356814] HW.Memory <Error> core\memory.cpp:Memory::MemorySystem::Write:528: unmapped Write8 0x00000000 @ 0x000008BE at PC 0x010F3548
[   6.356815] HW.Memory <Error> core\memory.cpp:Memory::MemorySystem::Write:528: unmapped Write8 0x00000000 @ 0x000008BF at PC 0x010F3548
[   6.356815] HW.Memory <Error> core\memory.cpp:Memory::MemorySystem::Write:528: unmapped Write8 0x00000000 @ 0x000008C0 at PC 0x010F3548
[   6.356816] HW.Memory <Error> core\memory.cpp:Memory::MemorySystem::Write:528: unmapped Write8 0x00000000 @ 0x000008C1 at PC 0x010F3548
[   6.356816] HW.Memory <Error> core\memory.cpp:Memory::MemorySystem::Write:528: unmapped Write8 0x00000000 @ 0x000008C2 at PC 0x010F3548
[   6.356817] HW.Memory <Error> core\memory.cpp:Memory::MemorySystem::Write:528: unmapped Write8 0x00000000 @ 0x000008C3 at PC 0x010F3548
[   6.356817] HW.Memory <Error> core\memory.cpp:Memory::MemorySystem::Write:528: unmapped Write8 0x00000000 @ 0x000008C4 at PC 0x010F3548
[   6.356818] HW.Memory <Error> core\memory.cpp:Memory::MemorySystem::Write:528: unmapped Write8 0x00000000 @ 0x000008C5 at PC 0x010F3548
[   6.356818] HW.Memory <Error> core\memory.cpp:Memory::MemorySystem::Write:528: unmapped Write8 0x00000000 @ 0x000008C6 at PC 0x010F3548
[   6.356819] HW.Memory <Error> core\memory.cpp:Memory::MemorySystem::Write:528: unmapped Write8 0x00000000 @ 0x000008C7 at PC 0x010F3548
[   6.356819] HW.Memory <Error> core\memory.cpp:Memory::MemorySystem::Write:528: unmapped Write8 0x00000000 @ 0x000008C8 at PC 0x010F3548
[   6.356820] HW.Memory <Error> core\memory.cpp:Memory::MemorySystem::Write:528: unmapped Write8 0x00000000 @ 0x000008C9 at PC 0x010F3548
[   6.356821] HW.Memory <Error> core\memory.cpp:Memory::MemorySystem::Write:528: unmapped Write8 0x00000000 @ 0x000008CA at PC 0x010F3548
[   6.356821] HW.Memory <Error> core\memory.cpp:Memory::MemorySystem::Write:528: unmapped Write8 0x00000000 @ 0x000008CB at PC 0x010F3548
[   6.356822] HW.Memory <Error> core\memory.cpp:Memory::MemorySystem::Write:528: unmapped Write8 0x00000000 @ 0x000008CC at PC 0x010F3548
[   6.356822] HW.Memory <Error> core\memory.cpp:Memory::MemorySystem::Write:528: unmapped Write8 0x00000000 @ 0x000008CD at PC 0x010F3548
[   6.356823] HW.Memory <Error> core\memory.cpp:Memory::MemorySystem::Write:528: unmapped Write8 0x00000000 @ 0x000008CE at PC 0x010F3548
[   6.356823] HW.Memory <Error> core\memory.cpp:Memory::MemorySystem::Write:528: unmapped Write8 0x00000000 @ 0x000008CF at PC 0x010F3548
[   6.356824] HW.Memory <Error> core\memory.cpp:Memory::MemorySystem::Write:528: unmapped Write8 0x00000000 @ 0x000008D0 at PC 0x010F3548
[   6.356824] HW.Memory <Error> core\memory.cpp:Memory::MemorySystem::Write:528: unmapped Write8 0x00000000 @ 0x000008D1 at PC 0x010F3548
[   6.356825] HW.Memory <Error> core\memory.cpp:Memory::MemorySystem::Write:528: unmapped Write8 0x00000000 @ 0x000008D2 at PC 0x010F3548
[   6.356825] HW.Memory <Error> core\memory.cpp:Memory::MemorySystem::Write:528: unmapped Write8 0x00000000 @ 0x000008D3 at PC 0x010F3548
[   6.356826] HW.Memory <Error> core\memory.cpp:Memory::MemorySystem::Write:528: unmapped Write8 0x00000000 @ 0x000008D4 at PC 0x010F3548
[   6.356827] HW.Memory <Error> core\memory.cpp:Memory::MemorySystem::Write:528: unmapped Write8 0x00000000 @ 0x000008D5 at PC 0x010F3548
[   6.356827] HW.Memory <Error> core\memory.cpp:Memory::MemorySystem::Write:528: unmapped Write8 0x00000000 @ 0x000008D6 at PC 0x010F3548
[   6.356828] HW.Memory <Error> core\memory.cpp:Memory::MemorySystem::Write:528: unmapped Write8 0x00000000 @ 0x000008D7 at PC 0x010F3548
[   6.356828] HW.Memory <Error> core\memory.cpp:Memory::MemorySystem::Write:528: unmapped Write8 0x00000000 @ 0x000008D8 at PC 0x010F3548
[   6.356829] HW.Memory <Error> core\memory.cpp:Memory::MemorySystem::Write:528: unmapped Write8 0x00000000 @ 0x000008D9 at PC 0x010F3548
[   6.356830] HW.Memory <Error> core\memory.cpp:Memory::MemorySystem::Write:528: unmapped Write8 0x00000000 @ 0x000008DA at PC 0x010F3548
[   6.356830] HW.Memory <Error> core\memory.cpp:Memory::MemorySystem::Write:528: unmapped Write8 0x00000000 @ 0x000008DB at PC 0x010F3548
[   6.356831] HW.Memory <Error> core\memory.cpp:Memory::MemorySystem::Write:528: unmapped Write8 0x00000000 @ 0x000008DC at PC 0x010F3548
[   6.356831] HW.Memory <Error> core\memory.cpp:Memory::MemorySystem::Write:528: unmapped Write8 0x00000000 @ 0x000008DD at PC 0x010F3548
[   6.356832] HW.Memory <Error> core\memory.cpp:Memory::MemorySystem::Write:528: unmapped Write8 0x00000000 @ 0x000008DE at PC 0x010F3548
[   6.356832] HW.Memory <Error> core\memory.cpp:Memory::MemorySystem::Write:528: unmapped Write8 0x00000000 @ 0x000008DF at PC 0x010F3548
[   6.356833] HW.Memory <Error> core\memory.cpp:Memory::MemorySystem::Write:528: unmapped Write8 0x00000000 @ 0x000008E0 at PC 0x010F3548
[   6.356834] HW.Memory <Error> core\memory.cpp:Memory::MemorySystem::Write:528: unmapped Write8 0x00000000 @ 0x000008E1 at PC 0x010F3548
[   6.356834] HW.Memory <Error> core\memory.cpp:Memory::MemorySystem::Write:528: unmapped Write8 0x00000000 @ 0x000008E2 at PC 0x010F3548
[   6.356835] HW.Memory <Error> core\memory.cpp:Memory::MemorySystem::Write:528: unmapped Write8 0x00000000 @ 0x000008E3 at PC 0x010F3548
[   6.356835] HW.Memory <Error> core\memory.cpp:Memory::MemorySystem::Write:528: unmapped Write8 0x00000000 @ 0x000008E4 at PC 0x010F3548
[   6.356836] HW.Memory <Error> core\memory.cpp:Memory::MemorySystem::Write:528: unmapped Write8 0x00000000 @ 0x000008E5 at PC 0x010F3548
[   6.356836] HW.Memory <Error> core\memory.cpp:Memory::MemorySystem::Write:528: unmapped Write8 0x00000000 @ 0x000008E6 at PC 0x010F3548
[   6.356837] HW.Memory <Error> core\memory.cpp:Memory::MemorySystem::Write:528: unmapped Write8 0x00000000 @ 0x000008E7 at PC 0x010F3548
[   6.356837] HW.Memory <Error> core\memory.cpp:Memory::MemorySystem::Write:528: unmapped Write8 0x00000000 @ 0x000008E8 at PC 0x010F3548
[   6.356838] HW.Memory <Error> core\memory.cpp:Memory::MemorySystem::Write:528: unmapped Write8 0x00000000 @ 0x000008E9 at PC 0x010F3548
[   6.356838] HW.Memory <Error> core\memory.cpp:Memory::MemorySystem::Write:528: unmapped Write8 0x00000000 @ 0x000008EA at PC 0x010F3548
[   6.356839] HW.Memory <Error> core\memory.cpp:Memory::MemorySystem::Write:528: unmapped Write8 0x00000000 @ 0x000008EB at PC 0x010F3548
[   6.356839] HW.Memory <Error> core\memory.cpp:Memory::MemorySystem::Write:528: unmapped Write8 0x00000000 @ 0x000008EC at PC 0x010F3548
[   6.356840] HW.Memory <Error> core\memory.cpp:Memory::MemorySystem::Write:528: unmapped Write8 0x00000000 @ 0x000008ED at PC 0x010F3548
[   6.356841] HW.Memory <Error> core\memory.cpp:Memory::MemorySystem::Write:528: unmapped Write8 0x00000000 @ 0x000008EE at PC 0x010F3548
[   6.356841] HW.Memory <Error> core\memory.cpp:Memory::MemorySystem::Write:528: unmapped Write8 0x00000000 @ 0x000008EF at PC 0x010F3548
[   6.356842] HW.Memory <Error> core\memory.cpp:Memory::MemorySystem::Write:528: unmapped Write8 0x00000000 @ 0x000008F0 at PC 0x010F3548
[   6.356842] HW.Memory <Error> core\memory.cpp:Memory::MemorySystem::Write:528: unmapped Write8 0x00000000 @ 0x000008F1 at PC 0x010F3548
[   6.356843] HW.Memory <Error> core\memory.cpp:Memory::MemorySystem::Write:528: unmapped Write8 0x00000000 @ 0x000008F2 at PC 0x010F3548
[   6.356843] HW.Memory <Error> core\memory.cpp:Memory::MemorySystem::Write:528: unmapped Write8 0x00000000 @ 0x000008F3 at PC 0x010F3548
[   6.356844] HW.Memory <Error> core\memory.cpp:Memory::MemorySystem::Write:528: unmapped Write8 0x00000000 @ 0x000008F4 at PC 0x010F3548
[   6.356844] HW.Memory <Error> core\memory.cpp:Memory::MemorySystem::Write:528: unmapped Write8 0x00000000 @ 0x000008F5 at PC 0x010F3548
[   6.356845] HW.Memory <Error> core\memory.cpp:Memory::MemorySystem::Write:528: unmapped Write8 0x00000000 @ 0x000008F6 at PC 0x010F3548
[   6.356845] HW.Memory <Error> core\memory.cpp:Memory::MemorySystem::Write:528: unmapped Write8 0x00000000 @ 0x000008F7 at PC 0x010F3548
[   6.356846] HW.Memory <Error> core\memory.cpp:Memory::MemorySystem::Write:528: unmapped Write8 0x00000000 @ 0x000008F8 at PC 0x010F3548
[   6.356846] HW.Memory <Error> core\memory.cpp:Memory::MemorySystem::Write:528: unmapped Write8 0x00000000 @ 0x000008F9 at PC 0x010F3548
[   6.356847] HW.Memory <Error> core\memory.cpp:Memory::MemorySystem::Write:528: unmapped Write8 0x00000000 @ 0x000008FA at PC 0x010F3548
[   6.356847] HW.Memory <Error> core\memory.cpp:Memory::MemorySystem::Write:528: unmapped Write8 0x00000000 @ 0x000008FB at PC 0x010F3548
[   6.356848] HW.Memory <Error> core\memory.cpp:Memory::MemorySystem::Write:528: unmapped Write8 0x00000000 @ 0x000008FC at PC 0x010F3548
[   6.356848] HW.Memory <Error> core\memory.cpp:Memory::MemorySystem::Write:528: unmapped Write8 0x00000000 @ 0x000008FD at PC 0x010F3548
[   6.356849] HW.Memory <Error> core\memory.cpp:Memory::MemorySystem::Write:528: unmapped Write8 0x00000000 @ 0x000008FE at PC 0x010F3548
[   6.356849] HW.Memory <Error> core\memory.cpp:Memory::MemorySystem::Write:528: unmapped Write8 0x00000000 @ 0x000008FF at PC 0x010F3548
[   6.356850] HW.Memory <Error> core\memory.cpp:Memory::MemorySystem::Write:528: unmapped Write8 0x00000000 @ 0x00000900 at PC 0x010F3548
[   6.356850] HW.Memory <Error> core\memory.cpp:Memory::MemorySystem::Write:528: unmapped Write8 0x00000000 @ 0x00000901 at PC 0x010F3548
[   6.356851] HW.Memory <Error> core\memory.cpp:Memory::MemorySystem::Write:528: unmapped Write8 0x00000000 @ 0x00000902 at PC 0x010F3548
[   6.356851] HW.Memory <Error> core\memory.cpp:Memory::MemorySystem::Write:528: unmapped Write8 0x00000000 @ 0x00000903 at PC 0x010F3548
[   6.356852] HW.Memory <Error> core\memory.cpp:Memory::MemorySystem::Write:528: unmapped Write8 0x00000000 @ 0x00000904 at PC 0x010F3548
[   6.356852] HW.Memory <Error> core\memory.cpp:Memory::MemorySystem::Write:528: unmapped Write8 0x00000000 @ 0x00000905 at PC 0x010F3548
[   6.356853] HW.Memory <Error> core\memory.cpp:Memory::MemorySystem::Write:528: unmapped Write8 0x00000000 @ 0x00000906 at PC 0x010F3548
[   6.356853] HW.Memory <Error> core\memory.cpp:Memory::MemorySystem::Write:528: unmapped Write8 0x00000000 @ 0x00000907 at PC 0x010F3548
[   6.356854] HW.Memory <Error> core\memory.cpp:Memory::MemorySystem::Write:528: unmapped Write8 0x00000000 @ 0x00000908 at PC 0x010F3548
[   6.356854] HW.Memory <Error> core\memory.cpp:Memory::MemorySystem::Write:528: unmapped Write8 0x00000000 @ 0x00000909 at PC 0x010F3548
[   6.356855] HW.Memory <Error> core\memory.cpp:Memory::MemorySystem::Write:528: unmapped Write8 0x00000000 @ 0x0000090A at PC 0x010F3548
[   6.356855] HW.Memory <Error> core\memory.cpp:Memory::MemorySystem::Write:528: unmapped Write8 0x00000000 @ 0x0000090B at PC 0x010F3548
[   6.356856] HW.Memory <Error> core\memory.cpp:Memory::MemorySystem::Write:528: unmapped Write8 0x00000000 @ 0x0000090C at PC 0x010F3548
[   6.356856] HW.Memory <Error> core\memory.cpp:Memory::MemorySystem::Write:528: unmapped Write8 0x00000000 @ 0x0000090D at PC 0x010F3548
[   6.356857] HW.Memory <Error> core\memory.cpp:Memory::MemorySystem::Write:528: unmapped Write8 0x00000000 @ 0x0000090E at PC 0x010F3548
[   6.356858] HW.Memory <Error> core\memory.cpp:Memory::MemorySystem::Write:528: unmapped Write8 0x00000000 @ 0x0000090F at PC 0x010F3548
[   6.356858] HW.Memory <Error> core\memory.cpp:Memory::MemorySystem::Write:528: unmapped Write8 0x00000000 @ 0x00000910 at PC 0x010F3548
[   6.356859] HW.Memory <Error> core\memory.cpp:Memory::MemorySystem::Write:528: unmapped Write8 0x00000000 @ 0x00000911 at PC 0x010F3548
[   6.356859] HW.Memory <Error> core\memory.cpp:Memory::MemorySystem::Write:528: unmapped Write8 0x00000000 @ 0x00000912 at PC 0x010F3548
[   6.356860] HW.Memory <Error> core\memory.cpp:Memory::MemorySystem::Write:528: unmapped Write8 0x00000000 @ 0x00000913 at PC 0x010F3548
[   6.356860] HW.Memory <Error> core\memory.cpp:Memory::MemorySystem::Write:528: unmapped Write8 0x00000000 @ 0x00000914 at PC 0x010F3548
[   6.356861] HW.Memory <Error> core\memory.cpp:Memory::MemorySystem::Write:528: unmapped Write8 0x00000000 @ 0x00000915 at PC 0x010F3548
[   6.356861] HW.Memory <Error> core\memory.cpp:Memory::MemorySystem::Write:528: unmapped Write8 0x00000000 @ 0x00000916 at PC 0x010F3548
[   6.356862] HW.Memory <Error> core\memory.cpp:Memory::MemorySystem::Write:528: unmapped Write8 0x00000000 @ 0x00000917 at PC 0x010F3548
[   6.356862] HW.Memory <Error> core\memory.cpp:Memory::MemorySystem::Write:528: unmapped Write8 0x00000000 @ 0x00000918 at PC 0x010F3548
[   6.356863] HW.Memory <Error> core\memory.cpp:Memory::MemorySystem::Write:528: unmapped Write8 0x00000000 @ 0x00000919 at PC 0x010F3548
[   6.356863] HW.Memory <Error> core\memory.cpp:Memory::MemorySystem::Write:528: unmapped Write8 0x00000000 @ 0x0000091A at PC 0x010F3548
[   6.356864] HW.Memory <Error> core\memory.cpp:Memory::MemorySystem::Write:528: unmapped Write8 0x00000000 @ 0x0000091B at PC 0x010F3548
[   6.356865] HW.Memory <Error> core\memory.cpp:Memory::MemorySystem::Write:528: unmapped Write8 0x00000000 @ 0x0000091C at PC 0x010F3548
[   6.356865] HW.Memory <Error> core\memory.cpp:Memory::MemorySystem::Write:528: unmapped Write8 0x00000000 @ 0x0000091D at PC 0x010F3548
[   6.356866] HW.Memory <Error> core\memory.cpp:Memory::MemorySystem::Write:528: unmapped Write8 0x00000000 @ 0x0000091E at PC 0x010F3548
[   6.356866] HW.Memory <Error> core\memory.cpp:Memory::MemorySystem::Write:528: unmapped Write8 0x00000000 @ 0x0000091F at PC 0x010F3548
[   6.356867] HW.Memory <Error> core\memory.cpp:Memory::MemorySystem::Write:528: unmapped Write8 0x00000000 @ 0x00000920 at PC 0x010F3548
[   6.356867] HW.Memory <Error> core\memory.cpp:Memory::MemorySystem::Write:528: unmapped Write8 0x00000000 @ 0x00000921 at PC 0x010F3548
[   6.356868] HW.Memory <Error> core\memory.cpp:Memory::MemorySystem::Write:528: unmapped Write8 0x00000000 @ 0x00000922 at PC 0x010F3548
[   6.356868] HW.Memory <Error> core\memory.cpp:Memory::MemorySystem::Write:528: unmapped Write8 0x00000000 @ 0x00000923 at PC 0x010F3548
[   6.356869] HW.Memory <Error> core\memory.cpp:Memory::MemorySystem::Write:528: unmapped Write8 0x00000000 @ 0x00000924 at PC 0x010F3548
[   6.356869] HW.Memory <Error> core\memory.cpp:Memory::MemorySystem::Write:528: unmapped Write8 0x00000000 @ 0x00000925 at PC 0x010F3548
[   6.356870] HW.Memory <Error> core\memory.cpp:Memory::MemorySystem::Write:528: unmapped Write8 0x00000000 @ 0x00000926 at PC 0x010F3548
[   6.356870] HW.Memory <Error> core\memory.cpp:Memory::MemorySystem::Write:528: unmapped Write8 0x00000000 @ 0x00000927 at PC 0x010F3548
[   6.356871] HW.Memory <Error> core\memory.cpp:Memory::MemorySystem::Write:528: unmapped Write8 0x00000000 @ 0x00000928 at PC 0x010F3548
[   6.356871] HW.Memory <Error> core\memory.cpp:Memory::MemorySystem::Write:528: unmapped Write8 0x00000000 @ 0x00000929 at PC 0x010F3548
[   6.356872] HW.Memory <Error> core\memory.cpp:Memory::MemorySystem::Write:528: unmapped Write8 0x00000000 @ 0x0000092A at PC 0x010F3548
[   6.356873] HW.Memory <Error> core\memory.cpp:Memory::MemorySystem::Write:528: unmapped Write8 0x00000000 @ 0x0000092B at PC 0x010F3548
[   6.356873] HW.Memory <Error> core\memory.cpp:Memory::MemorySystem::Write:528: unmapped Write8 0x00000000 @ 0x0000092C at PC 0x010F3548
[   6.356874] HW.Memory <Error> core\memory.cpp:Memory::MemorySystem::Write:528: unmapped Write8 0x00000000 @ 0x0000092D at PC 0x010F3548
[   6.356874] HW.Memory <Error> core\memory.cpp:Memory::MemorySystem::Write:528: unmapped Write8 0x00000000 @ 0x0000092E at PC 0x010F3548
[   6.356875] HW.Memory <Error> core\memory.cpp:Memory::MemorySystem::Write:528: unmapped Write8 0x00000000 @ 0x0000092F at PC 0x010F3548
[   6.356875] HW.Memory <Error> core\memory.cpp:Memory::MemorySystem::Write:528: unmapped Write8 0x00000000 @ 0x00000930 at PC 0x010F3548
[   6.356876] HW.Memory <Error> core\memory.cpp:Memory::MemorySystem::Write:528: unmapped Write8 0x00000000 @ 0x00000931 at PC 0x010F3548
[   6.356876] HW.Memory <Error> core\memory.cpp:Memory::MemorySystem::Write:528: unmapped Write8 0x00000000 @ 0x00000932 at PC 0x010F3548
[   6.356877] HW.Memory <Error> core\memory.cpp:Memory::MemorySystem::Write:528: unmapped Write8 0x00000000 @ 0x00000933 at PC 0x010F3548
[   6.356877] HW.Memory <Error> core\memory.cpp:Memory::MemorySystem::Write:528: unmapped Write8 0x00000000 @ 0x00000934 at PC 0x010F3548
[   6.356878] HW.Memory <Error> core\memory.cpp:Memory::MemorySystem::Write:528: unmapped Write8 0x00000000 @ 0x00000935 at PC 0x010F3548
[   6.356878] HW.Memory <Error> core\memory.cpp:Memory::MemorySystem::Write:528: unmapped Write8 0x00000000 @ 0x00000936 at PC 0x010F3548
[   6.356879] HW.Memory <Error> core\memory.cpp:Memory::MemorySystem::Write:528: unmapped Write8 0x00000000 @ 0x00000937 at PC 0x010F3548
[   6.356879] HW.Memory <Error> core\memory.cpp:Memory::MemorySystem::Write:528: unmapped Write8 0x00000000 @ 0x00000938 at PC 0x010F3548
[   6.356880] HW.Memory <Error> core\memory.cpp:Memory::MemorySystem::Write:528: unmapped Write8 0x00000000 @ 0x00000939 at PC 0x010F3548
[   6.356880] HW.Memory <Error> core\memory.cpp:Memory::MemorySystem::Write:528: unmapped Write8 0x00000000 @ 0x0000093A at PC 0x010F3548
[   6.356881] HW.Memory <Error> core\memory.cpp:Memory::MemorySystem::Write:528: unmapped Write8 0x00000000 @ 0x0000093B at PC 0x010F3548
[   6.356881] HW.Memory <Error> core\memory.cpp:Memory::MemorySystem::Write:528: unmapped Write8 0x00000000 @ 0x0000093C at PC 0x010F3548
[   6.356882] HW.Memory <Error> core\memory.cpp:Memory::MemorySystem::Write:528: unmapped Write8 0x00000000 @ 0x0000093D at PC 0x010F3548
[   6.356882] HW.Memory <Error> core\memory.cpp:Memory::MemorySystem::Write:528: unmapped Write8 0x00000000 @ 0x0000093E at PC 0x010F3548
[   6.356883] HW.Memory <Error> core\memory.cpp:Memory::MemorySystem::Write:528: unmapped Write8 0x00000000 @ 0x0000093F at PC 0x010F3548
[   6.356883] HW.Memory <Error> core\memory.cpp:Memory::MemorySystem::Write:528: unmapped Write8 0x00000000 @ 0x00000940 at PC 0x010F3548
[   6.356884] HW.Memory <Error> core\memory.cpp:Memory::MemorySystem::Write:528: unmapped Write8 0x00000000 @ 0x00000941 at PC 0x010F3548
[   6.356884] HW.Memory <Error> core\memory.cpp:Memory::MemorySystem::Write:528: unmapped Write8 0x00000000 @ 0x00000942 at PC 0x010F3548
[   6.356885] HW.Memory <Error> core\memory.cpp:Memory::MemorySystem::Write:528: unmapped Write8 0x00000000 @ 0x00000943 at PC 0x010F3548
[   6.356885] HW.Memory <Error> core\memory.cpp:Memory::MemorySystem::Write:528: unmapped Write8 0x00000000 @ 0x00000944 at PC 0x010F3548
[   6.356886] HW.Memory <Error> core\memory.cpp:Memory::MemorySystem::Write:528: unmapped Write8 0x00000000 @ 0x00000945 at PC 0x010F3548
[   6.356886] HW.Memory <Error> core\memory.cpp:Memory::MemorySystem::Write:528: unmapped Write8 0x00000000 @ 0x00000946 at PC 0x010F3548
[   6.356887] HW.Memory <Error> core\memory.cpp:Memory::MemorySystem::Write:528: unmapped Write8 0x00000000 @ 0x00000947 at PC 0x010F3548
[   6.356887] HW.Memory <Error> core\memory.cpp:Memory::MemorySystem::Write:528: unmapped Write8 0x00000000 @ 0x00000948 at PC 0x010F3548
[   6.356888] HW.Memory <Error> core\memory.cpp:Memory::MemorySystem::Write:528: unmapped Write8 0x00000000 @ 0x00000949 at PC 0x010F3548
[   6.356888] HW.Memory <Error> core\memory.cpp:Memory::MemorySystem::Write:528: unmapped Write8 0x00000000 @ 0x0000094A at PC 0x010F3548
[   6.356889] HW.Memory <Error> core\memory.cpp:Memory::MemorySystem::Write:528: unmapped Write8 0x00000000 @ 0x0000094B at PC 0x010F3548
[   6.356889] HW.Memory <Error> core\memory.cpp:Memory::MemorySystem::Write:528: unmapped Write8 0x00000000 @ 0x0000094C at PC 0x010F3548
[   6.356890] HW.Memory <Error> core\memory.cpp:Memory::MemorySystem::Write:528: unmapped Write8 0x00000000 @ 0x0000094D at PC 0x010F3548
[   6.356890] HW.Memory <Error> core\memory.cpp:Memory::MemorySystem::Write:528: unmapped Write8 0x00000000 @ 0x0000094E at PC 0x010F3548
[   6.356891] HW.Memory <Error> core\memory.cpp:Memory::MemorySystem::Write:528: unmapped Write8 0x00000000 @ 0x0000094F at PC 0x010F3548
[   6.356892] HW.Memory <Error> core\memory.cpp:Memory::MemorySystem::Write:528: unmapped Write8 0x00000000 @ 0x00000950 at PC 0x010F3548
[   6.356892] HW.Memory <Error> core\memory.cpp:Memory::MemorySystem::Write:528: unmapped Write8 0x00000000 @ 0x00000951 at PC 0x010F3548
[   6.356893] HW.Memory <Error> core\memory.cpp:Memory::MemorySystem::Write:528: unmapped Write8 0x00000000 @ 0x00000952 at PC 0x010F3548
[   6.356894] HW.Memory <Error> core\memory.cpp:Memory::MemorySystem::Write:528: unmapped Write8 0x00000000 @ 0x00000953 at PC 0x010F3548
[   6.356894] HW.Memory <Error> core\memory.cpp:Memory::MemorySystem::Write:528: unmapped Write8 0x00000000 @ 0x00000954 at PC 0x010F3548
[   6.356895] HW.Memory <Error> core\memory.cpp:Memory::MemorySystem::Write:528: unmapped Write8 0x00000000 @ 0x00000955 at PC 0x010F3548
[   6.356895] HW.Memory <Error> core\memory.cpp:Memory::MemorySystem::Write:528: unmapped Write8 0x00000000 @ 0x00000956 at PC 0x010F3548
[   6.356896] HW.Memory <Error> core\memory.cpp:Memory::MemorySystem::Write:528: unmapped Write8 0x00000000 @ 0x00000957 at PC 0x010F3548
[   6.356896] HW.Memory <Error> core\memory.cpp:Memory::MemorySystem::Write:528: unmapped Write8 0x00000000 @ 0x00000958 at PC 0x010F3548
[   6.356897] HW.Memory <Error> core\memory.cpp:Memory::MemorySystem::Write:528: unmapped Write8 0x00000000 @ 0x00000959 at PC 0x010F3548
[   6.356897] HW.Memory <Error> core\memory.cpp:Memory::MemorySystem::Write:528: unmapped Write8 0x00000000 @ 0x0000095A at PC 0x010F3548
[   6.356898] HW.Memory <Error> core\memory.cpp:Memory::MemorySystem::Write:528: unmapped Write8 0x00000000 @ 0x0000095B at PC 0x010F3548
[   6.356898] HW.Memory <Error> core\memory.cpp:Memory::MemorySystem::Write:528: unmapped Write8 0x00000000 @ 0x0000095C at PC 0x010F3548
[   6.356899] HW.Memory <Error> core\memory.cpp:Memory::MemorySystem::Write:528: unmapped Write8 0x00000000 @ 0x0000095D at PC 0x010F3548
[   6.356899] HW.Memory <Error> core\memory.cpp:Memory::MemorySystem::Write:528: unmapped Write8 0x00000000 @ 0x0000095E at PC 0x010F3548
[   6.356900] HW.Memory <Error> core\memory.cpp:Memory::MemorySystem::Write:528: unmapped Write8 0x00000000 @ 0x0000095F at PC 0x010F3548
[   6.356900] HW.Memory <Error> core\memory.cpp:Memory::MemorySystem::Write:528: unmapped Write8 0x00000000 @ 0x00000960 at PC 0x010F3548
[   6.356901] HW.Memory <Error> core\memory.cpp:Memory::MemorySystem::Write:528: unmapped Write8 0x00000000 @ 0x00000961 at PC 0x010F3548
[   6.356901] HW.Memory <Error> core\memory.cpp:Memory::MemorySystem::Write:528: unmapped Write8 0x00000000 @ 0x00000962 at PC 0x010F3548
[   6.356902] HW.Memory <Error> core\memory.cpp:Memory::MemorySystem::Write:528: unmapped Write8 0x00000000 @ 0x00000963 at PC 0x010F3548
[   6.356902] HW.Memory <Error> core\memory.cpp:Memory::MemorySystem::Write:528: unmapped Write8 0x00000000 @ 0x00000964 at PC 0x010F3548
[   6.356903] HW.Memory <Error> core\memory.cpp:Memory::MemorySystem::Write:528: unmapped Write8 0x00000000 @ 0x00000965 at PC 0x010F3548
[   6.356903] HW.Memory <Error> core\memory.cpp:Memory::MemorySystem::Write:528: unmapped Write8 0x00000000 @ 0x00000966 at PC 0x010F3548
[   6.356904] HW.Memory <Error> core\memory.cpp:Memory::MemorySystem::Write:528: unmapped Write8 0x00000000 @ 0x00000967 at PC 0x010F3548
[   6.356904] HW.Memory <Error> core\memory.cpp:Memory::MemorySystem::Write:528: unmapped Write8 0x00000000 @ 0x00000968 at PC 0x010F3548
[   6.356905] HW.Memory <Error> core\memory.cpp:Memory::MemorySystem::Write:528: unmapped Write8 0x00000000 @ 0x00000969 at PC 0x010F3548
[   6.356906] HW.Memory <Error> core\memory.cpp:Memory::MemorySystem::Write:528: unmapped Write8 0x00000000 @ 0x0000096A at PC 0x010F3548
[   6.356907] HW.Memory <Error> core\memory.cpp:Memory::MemorySystem::Write:528: unmapped Write8 0x00000000 @ 0x0000096B at PC 0x010F3548
[   6.356907] HW.Memory <Error> core\memory.cpp:Memory::MemorySystem::Write:528: unmapped Write8 0x00000000 @ 0x0000096C at PC 0x010F3548
[   6.356908] HW.Memory <Error> core\memory.cpp:Memory::MemorySystem::Write:528: unmapped Write8 0x00000000 @ 0x0000096D at PC 0x010F3548
[   6.356908] HW.Memory <Error> core\memory.cpp:Memory::MemorySystem::Write:528: unmapped Write8 0x00000000 @ 0x0000096E at PC 0x010F3548
[   6.356909] HW.Memory <Error> core\memory.cpp:Memory::MemorySystem::Write:528: unmapped Write8 0x00000000 @ 0x0000096F at PC 0x010F3548
[   6.356909] HW.Memory <Error> core\memory.cpp:Memory::MemorySystem::Write:528: unmapped Write8 0x00000000 @ 0x00000970 at PC 0x010F3548
[   6.356910] HW.Memory <Error> core\memory.cpp:Memory::MemorySystem::Write:528: unmapped Write8 0x00000000 @ 0x00000971 at PC 0x010F3548
[   6.356910] HW.Memory <Error> core\memory.cpp:Memory::MemorySystem::Write:528: unmapped Write8 0x00000000 @ 0x00000972 at PC 0x010F3548
[   6.356911] HW.Memory <Error> core\memory.cpp:Memory::MemorySystem::Write:528: unmapped Write8 0x00000000 @ 0x00000973 at PC 0x010F3548
[   6.356911] HW.Memory <Error> core\memory.cpp:Memory::MemorySystem::Write:528: unmapped Write8 0x00000000 @ 0x00000974 at PC 0x010F3548
[   6.356912] HW.Memory <Error> core\memory.cpp:Memory::MemorySystem::Write:528: unmapped Write8 0x00000000 @ 0x00000975 at PC 0x010F3548
[   6.356912] HW.Memory <Error> core\memory.cpp:Memory::MemorySystem::Write:528: unmapped Write8 0x00000000 @ 0x00000976 at PC 0x010F3548
[   6.356913] HW.Memory <Error> core\memory.cpp:Memory::MemorySystem::Write:528: unmapped Write8 0x00000000 @ 0x00000977 at PC 0x010F3548
[   6.356913] HW.Memory <Error> core\memory.cpp:Memory::MemorySystem::Write:528: unmapped Write8 0x00000000 @ 0x00000978 at PC 0x010F3548
[   6.356914] HW.Memory <Error> core\memory.cpp:Memory::MemorySystem::Write:528: unmapped Write8 0x00000000 @ 0x00000979 at PC 0x010F3548
[   6.356915] HW.Memory <Error> core\memory.cpp:Memory::MemorySystem::Write:528: unmapped Write8 0x00000000 @ 0x0000097A at PC 0x010F3548
[   6.356915] HW.Memory <Error> core\memory.cpp:Memory::MemorySystem::Write:528: unmapped Write8 0x00000000 @ 0x0000097B at PC 0x010F3548
[   6.356915] HW.Memory <Error> core\memory.cpp:Memory::MemorySystem::Write:528: unmapped Write8 0x00000000 @ 0x0000097C at PC 0x010F3548
[   6.356916] HW.Memory <Error> core\memory.cpp:Memory::MemorySystem::Write:528: unmapped Write8 0x00000000 @ 0x0000097D at PC 0x010F3548
[   6.356916] HW.Memory <Error> core\memory.cpp:Memory::MemorySystem::Write:528: unmapped Write8 0x00000000 @ 0x0000097E at PC 0x010F3548
[   6.356917] HW.Memory <Error> core\memory.cpp:Memory::MemorySystem::Write:528: unmapped Write8 0x00000000 @ 0x0000097F at PC 0x010F3548
[   6.356918] HW.Memory <Error> core\memory.cpp:Memory::MemorySystem::Write:528: unmapped Write8 0x00000000 @ 0x00000980 at PC 0x010F3548
[   6.356918] HW.Memory <Error> core\memory.cpp:Memory::MemorySystem::Write:528: unmapped Write8 0x00000000 @ 0x00000981 at PC 0x010F3548
[   6.356919] HW.Memory <Error> core\memory.cpp:Memory::MemorySystem::Write:528: unmapped Write8 0x00000000 @ 0x00000982 at PC 0x010F3548
[   6.356919] HW.Memory <Error> core\memory.cpp:Memory::MemorySystem::Write:528: unmapped Write8 0x00000000 @ 0x00000983 at PC 0x010F3548
[   6.356920] HW.Memory <Error> core\memory.cpp:Memory::MemorySystem::Write:528: unmapped Write8 0x00000000 @ 0x00000984 at PC 0x010F3548
[   6.356920] HW.Memory <Error> core\memory.cpp:Memory::MemorySystem::Write:528: unmapped Write8 0x00000000 @ 0x00000985 at PC 0x010F3548
[   6.356921] HW.Memory <Error> core\memory.cpp:Memory::MemorySystem::Write:528: unmapped Write8 0x00000000 @ 0x00000986 at PC 0x010F3548
[   6.356921] HW.Memory <Error> core\memory.cpp:Memory::MemorySystem::Write:528: unmapped Write8 0x00000000 @ 0x00000987 at PC 0x010F3548
[   6.356922] HW.Memory <Error> core\memory.cpp:Memory::MemorySystem::Write:528: unmapped Write8 0x00000000 @ 0x00000988 at PC 0x010F3548
[   6.356922] HW.Memory <Error> core\memory.cpp:Memory::MemorySystem::Write:528: unmapped Write8 0x00000000 @ 0x00000989 at PC 0x010F3548
[   6.356923] HW.Memory <Error> core\memory.cpp:Memory::MemorySystem::Write:528: unmapped Write8 0x00000000 @ 0x0000098A at PC 0x010F3548
[   6.356923] HW.Memory <Error> core\memory.cpp:Memory::MemorySystem::Write:528: unmapped Write8 0x00000000 @ 0x0000098B at PC 0x010F3548
[   6.356924] HW.Memory <Error> core\memory.cpp:Memory::MemorySystem::Write:528: unmapped Write8 0x00000000 @ 0x0000098C at PC 0x010F3548
[   6.356924] HW.Memory <Error> core\memory.cpp:Memory::MemorySystem::Write:528: unmapped Write8 0x00000000 @ 0x0000098D at PC 0x010F3548
[   6.356932] HW.Memory <Error> core\memory.cpp:Memory::MemorySystem::Write:528: unmapped Write8 0x00000000 @ 0x0000098E at PC 0x010F3548
[   6.356932] HW.Memory <Error> core\memory.cpp:Memory::MemorySystem::Write:528: unmapped Write8 0x00000000 @ 0x0000098F at PC 0x010F3548
[   6.356933] HW.Memory <Error> core\memory.cpp:Memory::MemorySystem::Write:528: unmapped Write8 0x00000000 @ 0x00000990 at PC 0x010F3548
[   6.356934] HW.Memory <Error> core\memory.cpp:Memory::MemorySystem::Write:528: unmapped Write8 0x00000000 @ 0x00000991 at PC 0x010F3548
[   6.356934] HW.Memory <Error> core\memory.cpp:Memory::MemorySystem::Write:528: unmapped Write8 0x00000000 @ 0x00000992 at PC 0x010F3548
[   6.356935] HW.Memory <Error> core\memory.cpp:Memory::MemorySystem::Write:528: unmapped Write8 0x00000000 @ 0x00000993 at PC 0x010F3548
[   6.356935] HW.Memory <Error> core\memory.cpp:Memory::MemorySystem::Write:528: unmapped Write8 0x00000000 @ 0x00000994 at PC 0x010F3548
[   6.356936] HW.Memory <Error> core\memory.cpp:Memory::MemorySystem::Write:528: unmapped Write8 0x00000000 @ 0x00000995 at PC 0x010F3548
[   6.356936] HW.Memory <Error> core\memory.cpp:Memory::MemorySystem::Write:528: unmapped Write8 0x00000000 @ 0x00000996 at PC 0x010F3548
[   6.356937] HW.Memory <Error> core\memory.cpp:Memory::MemorySystem::Write:528: unmapped Write8 0x00000000 @ 0x00000997 at PC 0x010F3548
[   6.356937] HW.Memory <Error> core\memory.cpp:Memory::MemorySystem::Write:528: unmapped Write8 0x00000000 @ 0x00000998 at PC 0x010F3548
[   6.356938] HW.Memory <Error> core\memory.cpp:Memory::MemorySystem::Write:528: unmapped Write8 0x00000000 @ 0x00000999 at PC 0x010F3548
[   6.356939] HW.Memory <Error> core\memory.cpp:Memory::MemorySystem::Write:528: unmapped Write8 0x00000000 @ 0x0000099A at PC 0x010F3548
[   6.356939] HW.Memory <Error> core\memory.cpp:Memory::MemorySystem::Write:528: unmapped Write8 0x00000000 @ 0x0000099B at PC 0x010F3548
[   6.356940] HW.Memory <Error> core\memory.cpp:Memory::MemorySystem::Write:528: unmapped Write8 0x00000000 @ 0x0000099C at PC 0x010F3548
[   6.356940] HW.Memory <Error> core\memory.cpp:Memory::MemorySystem::Write:528: unmapped Write8 0x00000000 @ 0x0000099D at PC 0x010F3548
[   6.356941] HW.Memory <Error> core\memory.cpp:Memory::MemorySystem::Write:528: unmapped Write8 0x00000000 @ 0x0000099E at PC 0x010F3548
[   6.356941] HW.Memory <Error> core\memory.cpp:Memory::MemorySystem::Write:528: unmapped Write8 0x00000000 @ 0x0000099F at PC 0x010F3548
[   6.356942] HW.Memory <Error> core\memory.cpp:Memory::MemorySystem::Write:528: unmapped Write8 0x00000000 @ 0x000009A0 at PC 0x010F3548
[   6.356942] HW.Memory <Error> core\memory.cpp:Memory::MemorySystem::Write:528: unmapped Write8 0x00000000 @ 0x000009A1 at PC 0x010F3548
[   6.356943] HW.Memory <Error> core\memory.cpp:Memory::MemorySystem::Write:528: unmapped Write8 0x00000000 @ 0x000009A2 at PC 0x010F3548
[   6.356943] HW.Memory <Error> core\memory.cpp:Memory::MemorySystem::Write:528: unmapped Write8 0x00000000 @ 0x000009A3 at PC 0x010F3548
[   6.356944] HW.Memory <Error> core\memory.cpp:Memory::MemorySystem::Write:528: unmapped Write8 0x00000000 @ 0x000009A4 at PC 0x010F3548
[   6.356944] HW.Memory <Error> core\memory.cpp:Memory::MemorySystem::Write:528: unmapped Write8 0x00000000 @ 0x000009A5 at PC 0x010F3548
[   6.356945] HW.Memory <Error> core\memory.cpp:Memory::MemorySystem::Write:528: unmapped Write8 0x00000000 @ 0x000009A6 at PC 0x010F3548
[   6.356945] HW.Memory <Error> core\memory.cpp:Memory::MemorySystem::Write:528: unmapped Write8 0x00000000 @ 0x000009A7 at PC 0x010F3548
[   6.356946] HW.Memory <Error> core\memory.cpp:Memory::MemorySystem::Write:528: unmapped Write8 0x00000000 @ 0x000009A8 at PC 0x010F3548
[   6.356946] HW.Memory <Error> core\memory.cpp:Memory::MemorySystem::Write:528: unmapped Write8 0x00000000 @ 0x000009A9 at PC 0x010F3548
[   6.356947] HW.Memory <Error> core\memory.cpp:Memory::MemorySystem::Write:528: unmapped Write8 0x00000000 @ 0x000009AA at PC 0x010F3548
[   6.356947] HW.Memory <Error> core\memory.cpp:Memory::MemorySystem::Write:528: unmapped Write8 0x00000000 @ 0x000009AB at PC 0x010F3548
[   6.356948] HW.Memory <Error> core\memory.cpp:Memory::MemorySystem::Write:528: unmapped Write8 0x00000000 @ 0x000009AC at PC 0x010F3548
[   6.356948] HW.Memory <Error> core\memory.cpp:Memory::MemorySystem::Write:528: unmapped Write8 0x00000000 @ 0x000009AD at PC 0x010F3548
[   6.356949] HW.Memory <Error> core\memory.cpp:Memory::MemorySystem::Write:528: unmapped Write8 0x00000000 @ 0x000009AE at PC 0x010F3548
[   6.356949] HW.Memory <Error> core\memory.cpp:Memory::MemorySystem::Write:528: unmapped Write8 0x00000000 @ 0x000009AF at PC 0x010F3548
[   6.356950] HW.Memory <Error> core\memory.cpp:Memory::MemorySystem::Write:528: unmapped Write8 0x00000000 @ 0x000009B0 at PC 0x010F3548
[   6.356950] HW.Memory <Error> core\memory.cpp:Memory::MemorySystem::Write:528: unmapped Write8 0x00000000 @ 0x000009B1 at PC 0x010F3548
[   6.356951] HW.Memory <Error> core\memory.cpp:Memory::MemorySystem::Write:528: unmapped Write8 0x00000000 @ 0x000009B2 at PC 0x010F3548
[   6.356951] HW.Memory <Error> core\memory.cpp:Memory::MemorySystem::Write:528: unmapped Write8 0x00000000 @ 0x000009B3 at PC 0x010F3548
[   6.356952] HW.Memory <Error> core\memory.cpp:Memory::MemorySystem::Write:528: unmapped Write8 0x00000000 @ 0x000009B4 at PC 0x010F3548
[   6.356952] HW.Memory <Error> core\memory.cpp:Memory::MemorySystem::Write:528: unmapped Write8 0x00000000 @ 0x000009B5 at PC 0x010F3548
[   6.356953] HW.Memory <Error> core\memory.cpp:Memory::MemorySystem::Write:528: unmapped Write8 0x00000000 @ 0x000009B6 at PC 0x010F3548
[   6.356953] HW.Memory <Error> core\memory.cpp:Memory::MemorySystem::Write:528: unmapped Write8 0x00000000 @ 0x000009B7 at PC 0x010F3548
[   6.356954] HW.Memory <Error> core\memory.cpp:Memory::MemorySystem::Write:528: unmapped Write8 0x00000000 @ 0x000009B8 at PC 0x010F3548
[   6.356954] HW.Memory <Error> core\memory.cpp:Memory::MemorySystem::Write:528: unmapped Write8 0x00000000 @ 0x000009B9 at PC 0x010F3548
[   6.356955] HW.Memory <Error> core\memory.cpp:Memory::MemorySystem::Write:528: unmapped Write8 0x00000000 @ 0x000009BA at PC 0x010F3548
[   6.356955] HW.Memory <Error> core\memory.cpp:Memory::MemorySystem::Write:528: unmapped Write8 0x00000000 @ 0x000009BB at PC 0x010F3548
[   6.356956] HW.Memory <Error> core\memory.cpp:Memory::MemorySystem::Write:528: unmapped Write8 0x00000000 @ 0x000009BC at PC 0x010F3548
[   6.356956] HW.Memory <Error> core\memory.cpp:Memory::MemorySystem::Write:528: unmapped Write8 0x00000000 @ 0x000009BD at PC 0x010F3548
[   6.356957] HW.Memory <Error> core\memory.cpp:Memory::MemorySystem::Write:528: unmapped Write8 0x00000000 @ 0x000009BE at PC 0x010F3548
[   6.356957] HW.Memory <Error> core\memory.cpp:Memory::MemorySystem::Write:528: unmapped Write8 0x00000000 @ 0x000009BF at PC 0x010F3548
[   6.356958] HW.Memory <Error> core\memory.cpp:Memory::MemorySystem::Write:528: unmapped Write8 0x00000000 @ 0x000009C0 at PC 0x010F3548
[   6.356958] HW.Memory <Error> core\memory.cpp:Memory::MemorySystem::Write:528: unmapped Write8 0x00000000 @ 0x000009C1 at PC 0x010F3548
[   6.356959] HW.Memory <Error> core\memory.cpp:Memory::MemorySystem::Write:528: unmapped Write8 0x00000000 @ 0x000009C2 at PC 0x010F3548
[   6.356959] HW.Memory <Error> core\memory.cpp:Memory::MemorySystem::Write:528: unmapped Write8 0x00000000 @ 0x000009C3 at PC 0x010F3548
[   6.356960] HW.Memory <Error> core\memory.cpp:Memory::MemorySystem::Write:528: unmapped Write8 0x00000000 @ 0x000009C4 at PC 0x010F3548
[   6.356961] HW.Memory <Error> core\memory.cpp:Memory::MemorySystem::Write:528: unmapped Write8 0x00000000 @ 0x000009C5 at PC 0x010F3548
[   6.356961] HW.Memory <Error> core\memory.cpp:Memory::MemorySystem::Write:528: unmapped Write8 0x00000000 @ 0x000009C6 at PC 0x010F3548
[   6.356962] HW.Memory <Error> core\memory.cpp:Memory::MemorySystem::Write:528: unmapped Write8 0x00000000 @ 0x000009C7 at PC 0x010F3548
[   6.356962] HW.Memory <Error> core\memory.cpp:Memory::MemorySystem::Write:528: unmapped Write8 0x00000000 @ 0x000009C8 at PC 0x010F3548
[   6.356963] HW.Memory <Error> core\memory.cpp:Memory::MemorySystem::Write:528: unmapped Write8 0x00000000 @ 0x000009C9 at PC 0x010F3548
[   6.356963] HW.Memory <Error> core\memory.cpp:Memory::MemorySystem::Write:528: unmapped Write8 0x00000000 @ 0x000009CA at PC 0x010F3548
[   6.356964] HW.Memory <Error> core\memory.cpp:Memory::MemorySystem::Write:528: unmapped Write8 0x00000000 @ 0x000009CB at PC 0x010F3548
[   6.356964] HW.Memory <Error> core\memory.cpp:Memory::MemorySystem::Write:528: unmapped Write8 0x00000000 @ 0x000009CC at PC 0x010F3548
[   6.356965] HW.Memory <Error> core\memory.cpp:Memory::MemorySystem::Write:528: unmapped Write8 0x00000000 @ 0x000009CD at PC 0x010F3548
[   6.356965] HW.Memory <Error> core\memory.cpp:Memory::MemorySystem::Write:528: unmapped Write8 0x00000000 @ 0x000009CE at PC 0x010F3548
[   6.356966] HW.Memory <Error> core\memory.cpp:Memory::MemorySystem::Write:528: unmapped Write8 0x00000000 @ 0x000009CF at PC 0x010F3548
[   6.356966] HW.Memory <Error> core\memory.cpp:Memory::MemorySystem::Write:528: unmapped Write8 0x00000000 @ 0x000009D0 at PC 0x010F3548
[   6.356967] HW.Memory <Error> core\memory.cpp:Memory::MemorySystem::Write:528: unmapped Write8 0x00000000 @ 0x000009D1 at PC 0x010F3548
[   6.356968] HW.Memory <Error> core\memory.cpp:Memory::MemorySystem::Write:528: unmapped Write8 0x00000000 @ 0x000009D2 at PC 0x010F3548
[   6.356968] HW.Memory <Error> core\memory.cpp:Memory::MemorySystem::Write:528: unmapped Write8 0x00000000 @ 0x000009D3 at PC 0x010F3548
[   6.356969] HW.Memory <Error> core\memory.cpp:Memory::MemorySystem::Write:528: unmapped Write8 0x00000000 @ 0x000009D4 at PC 0x010F3548
[   6.356970] HW.Memory <Error> core\memory.cpp:Memory::MemorySystem::Write:528: unmapped Write8 0x00000000 @ 0x000009D5 at PC 0x010F3548
[   6.356970] HW.Memory <Error> core\memory.cpp:Memory::MemorySystem::Write:528: unmapped Write8 0x00000000 @ 0x000009D6 at PC 0x010F3548
[   6.356971] HW.Memory <Error> core\memory.cpp:Memory::MemorySystem::Write:528: unmapped Write8 0x00000000 @ 0x000009D7 at PC 0x010F3548
[   6.356972] HW.Memory <Error> core\memory.cpp:Memory::MemorySystem::Write:528: unmapped Write8 0x00000000 @ 0x000009D8 at PC 0x010F3548
[   6.356972] HW.Memory <Error> core\memory.cpp:Memory::MemorySystem::Write:528: unmapped Write8 0x00000000 @ 0x000009D9 at PC 0x010F3548
[   6.356973] HW.Memory <Error> core\memory.cpp:Memory::MemorySystem::Write:528: unmapped Write8 0x00000000 @ 0x000009DA at PC 0x010F3548
[   6.356973] HW.Memory <Error> core\memory.cpp:Memory::MemorySystem::Write:528: unmapped Write8 0x00000000 @ 0x000009DB at PC 0x010F3548
[   6.356974] HW.Memory <Error> core\memory.cpp:Memory::MemorySystem::Write:528: unmapped Write8 0x00000000 @ 0x000009DC at PC 0x010F3548
[   6.356974] HW.Memory <Error> core\memory.cpp:Memory::MemorySystem::Write:528: unmapped Write8 0x00000000 @ 0x000009DD at PC 0x010F3548
[   6.356975] HW.Memory <Error> core\memory.cpp:Memory::MemorySystem::Write:528: unmapped Write8 0x00000000 @ 0x000009DE at PC 0x010F3548
[   6.356975] HW.Memory <Error> core\memory.cpp:Memory::MemorySystem::Write:528: unmapped Write8 0x00000000 @ 0x000009DF at PC 0x010F3548
[   6.356976] HW.Memory <Error> core\memory.cpp:Memory::MemorySystem::Write:528: unmapped Write8 0x00000000 @ 0x000009E0 at PC 0x010F3548
[   6.356976] HW.Memory <Error> core\memory.cpp:Memory::MemorySystem::Write:528: unmapped Write8 0x00000000 @ 0x000009E1 at PC 0x010F3548
[   6.356977] HW.Memory <Error> core\memory.cpp:Memory::MemorySystem::Write:528: unmapped Write8 0x00000000 @ 0x000009E2 at PC 0x010F3548
[   6.356977] HW.Memory <Error> core\memory.cpp:Memory::MemorySystem::Write:528: unmapped Write8 0x00000000 @ 0x000009E3 at PC 0x010F3548
[   6.356978] HW.Memory <Error> core\memory.cpp:Memory::MemorySystem::Write:528: unmapped Write8 0x00000000 @ 0x000009E4 at PC 0x010F3548
[   6.356979] HW.Memory <Error> core\memory.cpp:Memory::MemorySystem::Write:528: unmapped Write8 0x00000000 @ 0x000009E5 at PC 0x010F3548
[   6.356979] HW.Memory <Error> core\memory.cpp:Memory::MemorySystem::Write:528: unmapped Write8 0x00000000 @ 0x000009E6 at PC 0x010F3548
[   6.356980] HW.Memory <Error> core\memory.cpp:Memory::MemorySystem::Write:528: unmapped Write8 0x00000000 @ 0x000009E7 at PC 0x010F3548
[   6.356980] HW.Memory <Error> core\memory.cpp:Memory::MemorySystem::Write:528: unmapped Write8 0x00000000 @ 0x000009E8 at PC 0x010F3548
[   6.356981] HW.Memory <Error> core\memory.cpp:Memory::MemorySystem::Write:528: unmapped Write8 0x00000000 @ 0x000009E9 at PC 0x010F3548
[   6.356981] HW.Memory <Error> core\memory.cpp:Memory::MemorySystem::Write:528: unmapped Write8 0x00000000 @ 0x000009EA at PC 0x010F3548
[   6.356982] HW.Memory <Error> core\memory.cpp:Memory::MemorySystem::Write:528: unmapped Write8 0x00000000 @ 0x000009EB at PC 0x010F3548
[   6.356982] HW.Memory <Error> core\memory.cpp:Memory::MemorySystem::Write:528: unmapped Write8 0x00000000 @ 0x000009EC at PC 0x010F3548
[   6.356983] HW.Memory <Error> core\memory.cpp:Memory::MemorySystem::Write:528: unmapped Write8 0x00000000 @ 0x000009ED at PC 0x010F3548
[   6.356983] HW.Memory <Error> core\memory.cpp:Memory::MemorySystem::Write:528: unmapped Write8 0x00000000 @ 0x000009EE at PC 0x010F3548
[   6.356984] HW.Memory <Error> core\memory.cpp:Memory::MemorySystem::Write:528: unmapped Write8 0x00000000 @ 0x000009EF at PC 0x010F3548
[   6.356984] HW.Memory <Error> core\memory.cpp:Memory::MemorySystem::Write:528: unmapped Write8 0x00000000 @ 0x000009F0 at PC 0x010F3548
[   6.356985] HW.Memory <Error> core\memory.cpp:Memory::MemorySystem::Write:528: unmapped Write8 0x00000000 @ 0x000009F1 at PC 0x010F3548
[   6.356985] HW.Memory <Error> core\memory.cpp:Memory::MemorySystem::Write:528: unmapped Write8 0x00000000 @ 0x000009F2 at PC 0x010F3548
[   6.356986] HW.Memory <Error> core\memory.cpp:Memory::MemorySystem::Write:528: unmapped Write8 0x00000000 @ 0x000009F3 at PC 0x010F3548
[   6.356986] HW.Memory <Error> core\memory.cpp:Memory::MemorySystem::Write:528: unmapped Write8 0x00000000 @ 0x000009F4 at PC 0x010F3548
[   6.356987] HW.Memory <Error> core\memory.cpp:Memory::MemorySystem::Write:528: unmapped Write8 0x00000000 @ 0x000009F5 at PC 0x010F3548
[   6.356988] HW.Memory <Error> core\memory.cpp:Memory::MemorySystem::Write:528: unmapped Write8 0x00000000 @ 0x000009F6 at PC 0x010F3548
[   6.356988] HW.Memory <Error> core\memory.cpp:Memory::MemorySystem::Write:528: unmapped Write8 0x00000000 @ 0x000009F7 at PC 0x010F3548
[   6.356989] HW.Memory <Error> core\memory.cpp:Memory::MemorySystem::Write:528: unmapped Write8 0x00000000 @ 0x000009F8 at PC 0x010F3548
[   6.356989] HW.Memory <Error> core\memory.cpp:Memory::MemorySystem::Write:528: unmapped Write8 0x00000000 @ 0x000009F9 at PC 0x010F3548
[   6.356990] HW.Memory <Error> core\memory.cpp:Memory::MemorySystem::Write:528: unmapped Write8 0x00000000 @ 0x000009FA at PC 0x010F3548
[   6.356990] HW.Memory <Error> core\memory.cpp:Memory::MemorySystem::Write:528: unmapped Write8 0x00000000 @ 0x000009FB at PC 0x010F3548
[   6.356991] HW.Memory <Error> core\memory.cpp:Memory::MemorySystem::Write:528: unmapped Write8 0x00000000 @ 0x000009FC at PC 0x010F3548
[   6.356991] HW.Memory <Error> core\memory.cpp:Memory::MemorySystem::Write:528: unmapped Write8 0x00000000 @ 0x000009FD at PC 0x010F3548
[   6.356992] HW.Memory <Error> core\memory.cpp:Memory::MemorySystem::Write:528: unmapped Write8 0x00000000 @ 0x000009FE at PC 0x010F3548
[   6.356992] HW.Memory <Error> core\memory.cpp:Memory::MemorySystem::Write:528: unmapped Write8 0x00000000 @ 0x000009FF at PC 0x010F3548
[   6.356993] HW.Memory <Error> core\memory.cpp:Memory::MemorySystem::Write:528: unmapped Write8 0x00000000 @ 0x00000A00 at PC 0x010F3548
[   6.356993] HW.Memory <Error> core\memory.cpp:Memory::MemorySystem::Write:528: unmapped Write8 0x00000000 @ 0x00000A01 at PC 0x010F3548
[   6.356994] HW.Memory <Error> core\memory.cpp:Memory::MemorySystem::Write:528: unmapped Write8 0x00000000 @ 0x00000A02 at PC 0x010F3548
[   6.356994] HW.Memory <Error> core\memory.cpp:Memory::MemorySystem::Write:528: unmapped Write8 0x00000000 @ 0x00000A03 at PC 0x010F3548
[   6.356995] HW.Memory <Error> core\memory.cpp:Memory::MemorySystem::Write:528: unmapped Write8 0x00000000 @ 0x00000A04 at PC 0x010F3548
[   6.356995] HW.Memory <Error> core\memory.cpp:Memory::MemorySystem::Write:528: unmapped Write8 0x00000000 @ 0x00000A05 at PC 0x010F3548
[   6.356996] HW.Memory <Error> core\memory.cpp:Memory::MemorySystem::Write:528: unmapped Write8 0x00000000 @ 0x00000A06 at PC 0x010F3548
[   6.356996] HW.Memory <Error> core\memory.cpp:Memory::MemorySystem::Write:528: unmapped Write8 0x00000000 @ 0x00000A07 at PC 0x010F3548
[   6.356997] HW.Memory <Error> core\memory.cpp:Memory::MemorySystem::Write:528: unmapped Write8 0x00000000 @ 0x00000A08 at PC 0x010F3548
[   6.356997] HW.Memory <Error> core\memory.cpp:Memory::MemorySystem::Write:528: unmapped Write8 0x00000000 @ 0x00000A09 at PC 0x010F3548
[   6.356998] HW.Memory <Error> core\memory.cpp:Memory::MemorySystem::Write:528: unmapped Write8 0x00000000 @ 0x00000A0A at PC 0x010F3548
[   6.356998] HW.Memory <Error> core\memory.cpp:Memory::MemorySystem::Write:528: unmapped Write8 0x00000000 @ 0x00000A0B at PC 0x010F3548
[   6.356999] HW.Memory <Error> core\memory.cpp:Memory::MemorySystem::Write:528: unmapped Write8 0x00000000 @ 0x00000A0C at PC 0x010F3548
[   6.356999] HW.Memory <Error> core\memory.cpp:Memory::MemorySystem::Write:528: unmapped Write8 0x00000000 @ 0x00000A0D at PC 0x010F3548
[   6.357000] HW.Memory <Error> core\memory.cpp:Memory::MemorySystem::Write:528: unmapped Write8 0x00000000 @ 0x00000A0E at PC 0x010F3548
[   6.357001] HW.Memory <Error> core\memory.cpp:Memory::MemorySystem::Write:528: unmapped Write8 0x00000000 @ 0x00000A0F at PC 0x010F3548
[   6.357001] HW.Memory <Error> core\memory.cpp:Memory::MemorySystem::Write:528: unmapped Write8 0x00000000 @ 0x00000A10 at PC 0x010F3548
[   6.357002] HW.Memory <Error> core\memory.cpp:Memory::MemorySystem::Write:528: unmapped Write8 0x00000000 @ 0x00000A11 at PC 0x010F3548
[   6.357002] HW.Memory <Error> core\memory.cpp:Memory::MemorySystem::Write:528: unmapped Write8 0x00000000 @ 0x00000A12 at PC 0x010F3548
[   6.357003] HW.Memory <Error> core\memory.cpp:Memory::MemorySystem::Write:528: unmapped Write8 0x00000000 @ 0x00000A13 at PC 0x010F3548
[   6.357003] HW.Memory <Error> core\memory.cpp:Memory::MemorySystem::Write:528: unmapped Write8 0x00000000 @ 0x00000A14 at PC 0x010F3548
[   6.357004] HW.Memory <Error> core\memory.cpp:Memory::MemorySystem::Write:528: unmapped Write8 0x00000000 @ 0x00000A15 at PC 0x010F3548
[   6.357004] HW.Memory <Error> core\memory.cpp:Memory::MemorySystem::Write:528: unmapped Write8 0x00000000 @ 0x00000A16 at PC 0x010F3548
[   6.357005] HW.Memory <Error> core\memory.cpp:Memory::MemorySystem::Write:528: unmapped Write8 0x00000000 @ 0x00000A17 at PC 0x010F3548
[   6.357005] HW.Memory <Error> core\memory.cpp:Memory::MemorySystem::Write:528: unmapped Write8 0x00000000 @ 0x00000A18 at PC 0x010F3548
[   6.357006] HW.Memory <Error> core\memory.cpp:Memory::MemorySystem::Write:528: unmapped Write8 0x00000000 @ 0x00000A19 at PC 0x010F3548
[   6.357006] HW.Memory <Error> core\memory.cpp:Memory::MemorySystem::Write:528: unmapped Write8 0x00000000 @ 0x00000A1A at PC 0x010F3548
[   6.357007] HW.Memory <Error> core\memory.cpp:Memory::MemorySystem::Write:528: unmapped Write8 0x00000000 @ 0x00000A1B at PC 0x010F3548
[   6.357008] HW.Memory <Error> core\memory.cpp:Memory::MemorySystem::Write:528: unmapped Write8 0x00000000 @ 0x00000A1C at PC 0x010F3548
[   6.357008] HW.Memory <Error> core\memory.cpp:Memory::MemorySystem::Write:528: unmapped Write8 0x00000000 @ 0x00000A1D at PC 0x010F3548
[   6.357009] HW.Memory <Error> core\memory.cpp:Memory::MemorySystem::Write:528: unmapped Write8 0x00000000 @ 0x00000A1E at PC 0x010F3548
[   6.357009] HW.Memory <Error> core\memory.cpp:Memory::MemorySystem::Write:528: unmapped Write8 0x00000000 @ 0x00000A1F at PC 0x010F3548
[   6.357010] HW.Memory <Error> core\memory.cpp:Memory::MemorySystem::Write:528: unmapped Write8 0x00000000 @ 0x00000A20 at PC 0x010F3548
[   6.357010] HW.Memory <Error> core\memory.cpp:Memory::MemorySystem::Write:528: unmapped Write8 0x00000000 @ 0x00000A21 at PC 0x010F3548
[   6.357011] HW.Memory <Error> core\memory.cpp:Memory::MemorySystem::Write:528: unmapped Write8 0x00000000 @ 0x00000A22 at PC 0x010F3548
[   6.357011] HW.Memory <Error> core\memory.cpp:Memory::MemorySystem::Write:528: unmapped Write8 0x00000000 @ 0x00000A23 at PC 0x010F3548
[   6.357012] HW.Memory <Error> core\memory.cpp:Memory::MemorySystem::Write:528: unmapped Write8 0x00000000 @ 0x00000A24 at PC 0x010F3548
[   6.357012] HW.Memory <Error> core\memory.cpp:Memory::MemorySystem::Write:528: unmapped Write8 0x00000000 @ 0x00000A25 at PC 0x010F3548
[   6.357013] HW.Memory <Error> core\memory.cpp:Memory::MemorySystem::Write:528: unmapped Write8 0x00000000 @ 0x00000A26 at PC 0x010F3548
[   6.357013] HW.Memory <Error> core\memory.cpp:Memory::MemorySystem::Write:528: unmapped Write8 0x00000000 @ 0x00000A27 at PC 0x010F3548
[   6.357014] HW.Memory <Error> core\memory.cpp:Memory::MemorySystem::Write:528: unmapped Write8 0x00000000 @ 0x00000A28 at PC 0x010F3548
[   6.357015] HW.Memory <Error> core\memory.cpp:Memory::MemorySystem::Write:528: unmapped Write8 0x00000000 @ 0x00000A29 at PC 0x010F3548
[   6.357015] HW.Memory <Error> core\memory.cpp:Memory::MemorySystem::Write:528: unmapped Write8 0x00000000 @ 0x00000A2A at PC 0x010F3548
[   6.357016] HW.Memory <Error> core\memory.cpp:Memory::MemorySystem::Write:528: unmapped Write8 0x00000000 @ 0x00000A2B at PC 0x010F3548
[   6.357016] HW.Memory <Error> core\memory.cpp:Memory::MemorySystem::Write:528: unmapped Write8 0x00000000 @ 0x00000A2C at PC 0x010F3548
[   6.357017] HW.Memory <Error> core\memory.cpp:Memory::MemorySystem::Write:528: unmapped Write8 0x00000000 @ 0x00000A2D at PC 0x010F3548
[   6.357017] HW.Memory <Error> core\memory.cpp:Memory::MemorySystem::Write:528: unmapped Write8 0x00000000 @ 0x00000A2E at PC 0x010F3548
[   6.357018] HW.Memory <Error> core\memory.cpp:Memory::MemorySystem::Write:528: unmapped Write8 0x00000000 @ 0x00000A2F at PC 0x010F3548
[   6.357018] HW.Memory <Error> core\memory.cpp:Memory::MemorySystem::Write:528: unmapped Write8 0x00000000 @ 0x00000A30 at PC 0x010F3548
[   6.357019] HW.Memory <Error> core\memory.cpp:Memory::MemorySystem::Write:528: unmapped Write8 0x00000000 @ 0x00000A31 at PC 0x010F3548
[   6.357019] HW.Memory <Error> core\memory.cpp:Memory::MemorySystem::Write:528: unmapped Write8 0x00000000 @ 0x00000A32 at PC 0x010F3548
[   6.357020] HW.Memory <Error> core\memory.cpp:Memory::MemorySystem::Write:528: unmapped Write8 0x00000000 @ 0x00000A33 at PC 0x010F3548
[   6.357020] HW.Memory <Error> core\memory.cpp:Memory::MemorySystem::Write:528: unmapped Write8 0x00000000 @ 0x00000A34 at PC 0x010F3548
[   6.357021] HW.Memory <Error> core\memory.cpp:Memory::MemorySystem::Write:528: unmapped Write8 0x00000000 @ 0x00000A35 at PC 0x010F3548
[   6.357021] HW.Memory <Error> core\memory.cpp:Memory::MemorySystem::Write:528: unmapped Write8 0x00000000 @ 0x00000A36 at PC 0x010F3548
[   6.357022] HW.Memory <Error> core\memory.cpp:Memory::MemorySystem::Write:528: unmapped Write8 0x00000000 @ 0x00000A37 at PC 0x010F3548
[   6.357022] HW.Memory <Error> core\memory.cpp:Memory::MemorySystem::Write:528: unmapped Write8 0x00000000 @ 0x00000A38 at PC 0x010F3548
[   6.357023] HW.Memory <Error> core\memory.cpp:Memory::MemorySystem::Write:528: unmapped Write8 0x00000000 @ 0x00000A39 at PC 0x010F3548
[   6.357023] HW.Memory <Error> core\memory.cpp:Memory::MemorySystem::Write:528: unmapped Write8 0x00000000 @ 0x00000A3A at PC 0x010F3548
[   6.357024] HW.Memory <Error> core\memory.cpp:Memory::MemorySystem::Write:528: unmapped Write8 0x00000000 @ 0x00000A3B at PC 0x010F3548
[   6.357024] HW.Memory <Error> core\memory.cpp:Memory::MemorySystem::Write:528: unmapped Write8 0x00000000 @ 0x00000A3C at PC 0x010F3548
[   6.357025] HW.Memory <Error> core\memory.cpp:Memory::MemorySystem::Write:528: unmapped Write8 0x00000000 @ 0x00000A3D at PC 0x010F3548
[   6.357025] HW.Memory <Error> core\memory.cpp:Memory::MemorySystem::Write:528: unmapped Write8 0x00000000 @ 0x00000A3E at PC 0x010F3548
[   6.357026] HW.Memory <Error> core\memory.cpp:Memory::MemorySystem::Write:528: unmapped Write8 0x00000000 @ 0x00000A3F at PC 0x010F3548
[   6.357026] HW.Memory <Error> core\memory.cpp:Memory::MemorySystem::Write:528: unmapped Write8 0x00000000 @ 0x00000A40 at PC 0x010F3548
[   6.357027] HW.Memory <Error> core\memory.cpp:Memory::MemorySystem::Write:528: unmapped Write8 0x00000000 @ 0x00000A41 at PC 0x010F3548
[   6.357027] HW.Memory <Error> core\memory.cpp:Memory::MemorySystem::Write:528: unmapped Write8 0x00000000 @ 0x00000A42 at PC 0x010F3548
[   6.357028] HW.Memory <Error> core\memory.cpp:Memory::MemorySystem::Write:528: unmapped Write8 0x00000000 @ 0x00000A43 at PC 0x010F3548
[   6.357028] HW.Memory <Error> core\memory.cpp:Memory::MemorySystem::Write:528: unmapped Write8 0x00000000 @ 0x00000A44 at PC 0x010F3548
[   6.357029] HW.Memory <Error> core\memory.cpp:Memory::MemorySystem::Write:528: unmapped Write8 0x00000000 @ 0x00000A45 at PC 0x010F3548
[   6.357029] HW.Memory <Error> core\memory.cpp:Memory::MemorySystem::Write:528: unmapped Write8 0x00000000 @ 0x00000A46 at PC 0x010F3548
[   6.357030] HW.Memory <Error> core\memory.cpp:Memory::MemorySystem::Write:528: unmapped Write8 0x00000000 @ 0x00000A47 at PC 0x010F3548
[   6.357030] HW.Memory <Error> core\memory.cpp:Memory::MemorySystem::Write:528: unmapped Write8 0x00000000 @ 0x00000A48 at PC 0x010F3548
[   6.357031] HW.Memory <Error> core\memory.cpp:Memory::MemorySystem::Write:528: unmapped Write8 0x00000000 @ 0x00000A49 at PC 0x010F3548
[   6.357031] HW.Memory <Error> core\memory.cpp:Memory::MemorySystem::Write:528: unmapped Write8 0x00000000 @ 0x00000A4A at PC 0x010F3548
[   6.357032] HW.Memory <Error> core\memory.cpp:Memory::MemorySystem::Write:528: unmapped Write8 0x00000000 @ 0x00000A4B at PC 0x010F3548
[   6.357032] HW.Memory <Error> core\memory.cpp:Memory::MemorySystem::Write:528: unmapped Write8 0x00000000 @ 0x00000A4C at PC 0x010F3548
[   6.357033] HW.Memory <Error> core\memory.cpp:Memory::MemorySystem::Write:528: unmapped Write8 0x00000000 @ 0x00000A4D at PC 0x010F3548
[   6.357033] HW.Memory <Error> core\memory.cpp:Memory::MemorySystem::Write:528: unmapped Write8 0x00000000 @ 0x00000A4E at PC 0x010F3548
[   6.357034] HW.Memory <Error> core\memory.cpp:Memory::MemorySystem::Write:528: unmapped Write8 0x00000000 @ 0x00000A4F at PC 0x010F3548
[   6.357035] HW.Memory <Error> core\memory.cpp:Memory::MemorySystem::Write:528: unmapped Write8 0x00000000 @ 0x00000A50 at PC 0x010F3548
[   6.357035] HW.Memory <Error> core\memory.cpp:Memory::MemorySystem::Write:528: unmapped Write8 0x00000000 @ 0x00000A51 at PC 0x010F3548
[   6.357036] HW.Memory <Error> core\memory.cpp:Memory::MemorySystem::Write:528: unmapped Write8 0x00000000 @ 0x00000A52 at PC 0x010F3548
[   6.357036] HW.Memory <Error> core\memory.cpp:Memory::MemorySystem::Write:528: unmapped Write8 0x00000000 @ 0x00000A53 at PC 0x010F3548
[   6.357037] HW.Memory <Error> core\memory.cpp:Memory::MemorySystem::Write:528: unmapped Write8 0x00000000 @ 0x00000A54 at PC 0x010F3548
[   6.357038] HW.Memory <Error> core\memory.cpp:Memory::MemorySystem::Write:528: unmapped Write8 0x00000000 @ 0x00000A55 at PC 0x010F3548
[   6.357038] HW.Memory <Error> core\memory.cpp:Memory::MemorySystem::Write:528: unmapped Write8 0x00000000 @ 0x00000A56 at PC 0x010F3548
[   6.357039] HW.Memory <Error> core\memory.cpp:Memory::MemorySystem::Write:528: unmapped Write8 0x00000000 @ 0x00000A57 at PC 0x010F3548
[   6.357039] HW.Memory <Error> core\memory.cpp:Memory::MemorySystem::Write:528: unmapped Write8 0x00000000 @ 0x00000A58 at PC 0x010F3548
[   6.357040] HW.Memory <Error> core\memory.cpp:Memory::MemorySystem::Write:528: unmapped Write8 0x00000000 @ 0x00000A59 at PC 0x010F3548
[   6.357040] HW.Memory <Error> core\memory.cpp:Memory::MemorySystem::Write:528: unmapped Write8 0x00000000 @ 0x00000A5A at PC 0x010F3548
[   6.357041] HW.Memory <Error> core\memory.cpp:Memory::MemorySystem::Write:528: unmapped Write8 0x00000000 @ 0x00000A5B at PC 0x010F3548
[   6.357041] HW.Memory <Error> core\memory.cpp:Memory::MemorySystem::Write:528: unmapped Write8 0x00000000 @ 0x00000A5C at PC 0x010F3548
[   6.357042] HW.Memory <Error> core\memory.cpp:Memory::MemorySystem::Write:528: unmapped Write8 0x00000000 @ 0x00000A5D at PC 0x010F3548
[   6.357042] HW.Memory <Error> core\memory.cpp:Memory::MemorySystem::Write:528: unmapped Write8 0x00000000 @ 0x00000A5E at PC 0x010F3548
[   6.357043] HW.Memory <Error> core\memory.cpp:Memory::MemorySystem::Write:528: unmapped Write8 0x00000000 @ 0x00000A5F at PC 0x010F3548
[   6.357043] HW.Memory <Error> core\memory.cpp:Memory::MemorySystem::Write:528: unmapped Write8 0x00000000 @ 0x00000A60 at PC 0x010F3548
[   6.357044] HW.Memory <Error> core\memory.cpp:Memory::MemorySystem::Write:528: unmapped Write8 0x00000000 @ 0x00000A61 at PC 0x010F3548
[   6.357044] HW.Memory <Error> core\memory.cpp:Memory::MemorySystem::Write:528: unmapped Write8 0x00000000 @ 0x00000A62 at PC 0x010F3548
[   6.357045] HW.Memory <Error> core\memory.cpp:Memory::MemorySystem::Write:528: unmapped Write8 0x00000000 @ 0x00000A63 at PC 0x010F3548
[   6.357045] HW.Memory <Error> core\memory.cpp:Memory::MemorySystem::Write:528: unmapped Write8 0x00000000 @ 0x00000A64 at PC 0x010F3548
[   6.357046] HW.Memory <Error> core\memory.cpp:Memory::MemorySystem::Write:528: unmapped Write8 0x00000000 @ 0x00000A65 at PC 0x010F3548
[   6.357047] HW.Memory <Error> core\memory.cpp:Memory::MemorySystem::Write:528: unmapped Write8 0x00000000 @ 0x00000A66 at PC 0x010F3548
[   6.357047] HW.Memory <Error> core\memory.cpp:Memory::MemorySystem::Write:528: unmapped Write8 0x00000000 @ 0x00000A67 at PC 0x010F3548
[   6.357048] HW.Memory <Error> core\memory.cpp:Memory::MemorySystem::Write:528: unmapped Write8 0x00000000 @ 0x00000A68 at PC 0x010F3548
[   6.357048] HW.Memory <Error> core\memory.cpp:Memory::MemorySystem::Write:528: unmapped Write8 0x00000000 @ 0x00000A69 at PC 0x010F3548
[   6.357049] HW.Memory <Error> core\memory.cpp:Memory::MemorySystem::Write:528: unmapped Write8 0x00000000 @ 0x00000A6A at PC 0x010F3548
[   6.357049] HW.Memory <Error> core\memory.cpp:Memory::MemorySystem::Write:528: unmapped Write8 0x00000000 @ 0x00000A6B at PC 0x010F3548
[   6.357050] HW.Memory <Error> core\memory.cpp:Memory::MemorySystem::Write:528: unmapped Write8 0x00000000 @ 0x00000A6C at PC 0x010F3548
[   6.357050] HW.Memory <Error> core\memory.cpp:Memory::MemorySystem::Write:528: unmapped Write8 0x00000000 @ 0x00000A6D at PC 0x010F3548
[   6.357051] HW.Memory <Error> core\memory.cpp:Memory::MemorySystem::Write:528: unmapped Write8 0x00000000 @ 0x00000A6E at PC 0x010F3548
[   6.357051] HW.Memory <Error> core\memory.cpp:Memory::MemorySystem::Write:528: unmapped Write8 0x00000000 @ 0x00000A6F at PC 0x010F3548
[   6.357052] HW.Memory <Error> core\memory.cpp:Memory::MemorySystem::Write:528: unmapped Write8 0x00000000 @ 0x00000A70 at PC 0x010F3548
[   6.357052] HW.Memory <Error> core\memory.cpp:Memory::MemorySystem::Write:528: unmapped Write8 0x00000000 @ 0x00000A71 at PC 0x010F3548
[   6.357053] HW.Memory <Error> core\memory.cpp:Memory::MemorySystem::Write:528: unmapped Write8 0x00000000 @ 0x00000A72 at PC 0x010F3548
[   6.357053] HW.Memory <Error> core\memory.cpp:Memory::MemorySystem::Write:528: unmapped Write8 0x00000000 @ 0x00000A73 at PC 0x010F3548
[   6.357054] HW.Memory <Error> core\memory.cpp:Memory::MemorySystem::Write:528: unmapped Write8 0x00000000 @ 0x00000A74 at PC 0x010F3548
[   6.357054] HW.Memory <Error> core\memory.cpp:Memory::MemorySystem::Write:528: unmapped Write8 0x00000000 @ 0x00000A75 at PC 0x010F3548
[   6.357055] HW.Memory <Error> core\memory.cpp:Memory::MemorySystem::Write:528: unmapped Write8 0x00000000 @ 0x00000A76 at PC 0x010F3548
[   6.357055] HW.Memory <Error> core\memory.cpp:Memory::MemorySystem::Write:528: unmapped Write8 0x00000000 @ 0x00000A77 at PC 0x010F3548
[   6.357056] HW.Memory <Error> core\memory.cpp:Memory::MemorySystem::Write:528: unmapped Write8 0x00000000 @ 0x00000A78 at PC 0x010F3548
[   6.357056] HW.Memory <Error> core\memory.cpp:Memory::MemorySystem::Write:528: unmapped Write8 0x00000000 @ 0x00000A79 at PC 0x010F3548
[   6.357057] HW.Memory <Error> core\memory.cpp:Memory::MemorySystem::Write:528: unmapped Write8 0x00000000 @ 0x00000A7A at PC 0x010F3548
[   6.357057] HW.Memory <Error> core\memory.cpp:Memory::MemorySystem::Write:528: unmapped Write8 0x00000000 @ 0x00000A7B at PC 0x010F3548
[   6.357058] HW.Memory <Error> core\memory.cpp:Memory::MemorySystem::Write:528: unmapped Write8 0x00000000 @ 0x00000A7C at PC 0x010F3548
[   6.357058] HW.Memory <Error> core\memory.cpp:Memory::MemorySystem::Write:528: unmapped Write8 0x00000000 @ 0x00000A7D at PC 0x010F3548
[   6.357059] HW.Memory <Error> core\memory.cpp:Memory::MemorySystem::Write:528: unmapped Write8 0x00000000 @ 0x00000A7E at PC 0x010F3548
[   6.357059] HW.Memory <Error> core\memory.cpp:Memory::MemorySystem::Write:528: unmapped Write8 0x00000000 @ 0x00000A7F at PC 0x010F3548
[   6.357060] HW.Memory <Error> core\memory.cpp:Memory::MemorySystem::Write:528: unmapped Write8 0x00000000 @ 0x00000A80 at PC 0x010F3548
[   6.357060] HW.Memory <Error> core\memory.cpp:Memory::MemorySystem::Write:528: unmapped Write8 0x00000000 @ 0x00000A81 at PC 0x010F3548
[   6.357061] HW.Memory <Error> core\memory.cpp:Memory::MemorySystem::Write:528: unmapped Write8 0x00000000 @ 0x00000A82 at PC 0x010F3548
[   6.357061] HW.Memory <Error> core\memory.cpp:Memory::MemorySystem::Write:528: unmapped Write8 0x00000000 @ 0x00000A83 at PC 0x010F3548
[   6.357062] HW.Memory <Error> core\memory.cpp:Memory::MemorySystem::Write:528: unmapped Write8 0x00000000 @ 0x00000A84 at PC 0x010F3548
[   6.357062] HW.Memory <Error> core\memory.cpp:Memory::MemorySystem::Write:528: unmapped Write8 0x00000000 @ 0x00000A85 at PC 0x010F3548
[   6.357063] HW.Memory <Error> core\memory.cpp:Memory::MemorySystem::Write:528: unmapped Write8 0x00000000 @ 0x00000A86 at PC 0x010F3548
[   6.357063] HW.Memory <Error> core\memory.cpp:Memory::MemorySystem::Write:528: unmapped Write8 0x00000000 @ 0x00000A87 at PC 0x010F3548
[   6.357064] HW.Memory <Error> core\memory.cpp:Memory::MemorySystem::Write:528: unmapped Write8 0x00000000 @ 0x00000A88 at PC 0x010F3548
[   6.357064] HW.Memory <Error> core\memory.cpp:Memory::MemorySystem::Write:528: unmapped Write8 0x00000000 @ 0x00000A89 at PC 0x010F3548
[   6.357065] HW.Memory <Error> core\memory.cpp:Memory::MemorySystem::Write:528: unmapped Write8 0x00000000 @ 0x00000A8A at PC 0x010F3548
[   6.357065] HW.Memory <Error> core\memory.cpp:Memory::MemorySystem::Write:528: unmapped Write8 0x00000000 @ 0x00000A8B at PC 0x010F3548
[   6.357066] HW.Memory <Error> core\memory.cpp:Memory::MemorySystem::Write:528: unmapped Write8 0x00000000 @ 0x00000A8C at PC 0x010F3548
[   6.357066] HW.Memory <Error> core\memory.cpp:Memory::MemorySystem::Write:528: unmapped Write8 0x00000000 @ 0x00000A8D at PC 0x010F3548
[   6.357067] HW.Memory <Error> core\memory.cpp:Memory::MemorySystem::Write:528: unmapped Write8 0x00000000 @ 0x00000A8E at PC 0x010F3548
[   6.357068] HW.Memory <Error> core\memory.cpp:Memory::MemorySystem::Write:528: unmapped Write8 0x00000000 @ 0x00000A8F at PC 0x010F3548
[   6.357068] HW.Memory <Error> core\memory.cpp:Memory::MemorySystem::Write:528: unmapped Write8 0x00000000 @ 0x00000A90 at PC 0x010F3548
[   6.357069] HW.Memory <Error> core\memory.cpp:Memory::MemorySystem::Write:528: unmapped Write8 0x00000000 @ 0x00000A91 at PC 0x010F3548
[   6.357069] HW.Memory <Error> core\memory.cpp:Memory::MemorySystem::Write:528: unmapped Write8 0x00000000 @ 0x00000A92 at PC 0x010F3548
[   6.357070] HW.Memory <Error> core\memory.cpp:Memory::MemorySystem::Write:528: unmapped Write8 0x00000000 @ 0x00000A93 at PC 0x010F3548
[   6.357070] HW.Memory <Error> core\memory.cpp:Memory::MemorySystem::Write:528: unmapped Write8 0x00000000 @ 0x00000A94 at PC 0x010F3548
[   6.357071] HW.Memory <Error> core\memory.cpp:Memory::MemorySystem::Write:528: unmapped Write8 0x00000000 @ 0x00000A95 at PC 0x010F3548
[   6.357072] HW.Memory <Error> core\memory.cpp:Memory::MemorySystem::Write:528: unmapped Write8 0x00000000 @ 0x00000A96 at PC 0x010F3548
[   6.357072] HW.Memory <Error> core\memory.cpp:Memory::MemorySystem::Write:528: unmapped Write8 0x00000000 @ 0x00000A97 at PC 0x010F3548
[   6.357073] HW.Memory <Error> core\memory.cpp:Memory::MemorySystem::Write:528: unmapped Write8 0x00000000 @ 0x00000A98 at PC 0x010F3548
[   6.357073] HW.Memory <Error> core\memory.cpp:Memory::MemorySystem::Write:528: unmapped Write8 0x00000000 @ 0x00000A99 at PC 0x010F3548
[   6.357074] HW.Memory <Error> core\memory.cpp:Memory::MemorySystem::Write:528: unmapped Write8 0x00000000 @ 0x00000A9A at PC 0x010F3548
[   6.357074] HW.Memory <Error> core\memory.cpp:Memory::MemorySystem::Write:528: unmapped Write8 0x00000000 @ 0x00000A9B at PC 0x010F3548
[   6.357075] HW.Memory <Error> core\memory.cpp:Memory::MemorySystem::Write:528: unmapped Write8 0x00000000 @ 0x00000A9C at PC 0x010F3548
[   6.357075] HW.Memory <Error> core\memory.cpp:Memory::MemorySystem::Write:528: unmapped Write8 0x00000000 @ 0x00000A9D at PC 0x010F3548
[   6.357076] HW.Memory <Error> core\memory.cpp:Memory::MemorySystem::Write:528: unmapped Write8 0x00000000 @ 0x00000A9E at PC 0x010F3548
[   6.357077] HW.Memory <Error> core\memory.cpp:Memory::MemorySystem::Write:528: unmapped Write8 0x00000000 @ 0x00000A9F at PC 0x010F3548
[   6.357077] HW.Memory <Error> core\memory.cpp:Memory::MemorySystem::Write:528: unmapped Write8 0x00000000 @ 0x00000AA0 at PC 0x010F3548
[   6.357078] HW.Memory <Error> core\memory.cpp:Memory::MemorySystem::Write:528: unmapped Write8 0x00000000 @ 0x00000AA1 at PC 0x010F3548
[   6.357078] HW.Memory <Error> core\memory.cpp:Memory::MemorySystem::Write:528: unmapped Write8 0x00000000 @ 0x00000AA2 at PC 0x010F3548
[   6.357079] HW.Memory <Error> core\memory.cpp:Memory::MemorySystem::Write:528: unmapped Write8 0x00000000 @ 0x00000AA3 at PC 0x010F3548
[   6.357079] HW.Memory <Error> core\memory.cpp:Memory::MemorySystem::Write:528: unmapped Write8 0x00000000 @ 0x00000AA4 at PC 0x010F3548
[   6.357080] HW.Memory <Error> core\memory.cpp:Memory::MemorySystem::Write:528: unmapped Write8 0x00000000 @ 0x00000AA5 at PC 0x010F3548
[   6.357080] HW.Memory <Error> core\memory.cpp:Memory::MemorySystem::Write:528: unmapped Write8 0x00000000 @ 0x00000AA6 at PC 0x010F3548
[   6.357081] HW.Memory <Error> core\memory.cpp:Memory::MemorySystem::Write:528: unmapped Write8 0x00000000 @ 0x00000AA7 at PC 0x010F3548
[   6.357081] HW.Memory <Error> core\memory.cpp:Memory::MemorySystem::Write:528: unmapped Write8 0x00000000 @ 0x00000AA8 at PC 0x010F3548
[   6.357082] HW.Memory <Error> core\memory.cpp:Memory::MemorySystem::Write:528: unmapped Write8 0x00000000 @ 0x00000AA9 at PC 0x010F3548
[   6.357082] HW.Memory <Error> core\memory.cpp:Memory::MemorySystem::Write:528: unmapped Write8 0x00000000 @ 0x00000AAA at PC 0x010F3548
[   6.357083] HW.Memory <Error> core\memory.cpp:Memory::MemorySystem::Write:528: unmapped Write8 0x00000000 @ 0x00000AAB at PC 0x010F3548
[   6.357083] HW.Memory <Error> core\memory.cpp:Memory::MemorySystem::Write:528: unmapped Write8 0x00000000 @ 0x00000AAC at PC 0x010F3548
[   6.357084] HW.Memory <Error> core\memory.cpp:Memory::MemorySystem::Write:528: unmapped Write8 0x00000000 @ 0x00000AAD at PC 0x010F3548
[   6.357084] HW.Memory <Error> core\memory.cpp:Memory::MemorySystem::Write:528: unmapped Write8 0x00000000 @ 0x00000AAE at PC 0x010F3548
[   6.357085] HW.Memory <Error> core\memory.cpp:Memory::MemorySystem::Write:528: unmapped Write8 0x00000000 @ 0x00000AAF at PC 0x010F3548
[   6.357085] HW.Memory <Error> core\memory.cpp:Memory::MemorySystem::Write:528: unmapped Write8 0x00000000 @ 0x00000AB0 at PC 0x010F3548
[   6.357086] HW.Memory <Error> core\memory.cpp:Memory::MemorySystem::Write:528: unmapped Write8 0x00000000 @ 0x00000AB1 at PC 0x010F3548
[   6.357086] HW.Memory <Error> core\memory.cpp:Memory::MemorySystem::Write:528: unmapped Write8 0x00000000 @ 0x00000AB2 at PC 0x010F3548
[   6.357087] HW.Memory <Error> core\memory.cpp:Memory::MemorySystem::Write:528: unmapped Write8 0x00000000 @ 0x00000AB3 at PC 0x010F3548
[   6.357087] HW.Memory <Error> core\memory.cpp:Memory::MemorySystem::Write:528: unmapped Write8 0x00000000 @ 0x00000AB4 at PC 0x010F3548
[   6.357088] HW.Memory <Error> core\memory.cpp:Memory::MemorySystem::Write:528: unmapped Write8 0x00000000 @ 0x00000AB5 at PC 0x010F3548
[   6.357089] HW.Memory <Error> core\memory.cpp:Memory::MemorySystem::Write:528: unmapped Write8 0x00000000 @ 0x00000AB6 at PC 0x010F3548
[   6.357089] HW.Memory <Error> core\memory.cpp:Memory::MemorySystem::Write:528: unmapped Write8 0x00000000 @ 0x00000AB7 at PC 0x010F3548
[   6.357090] HW.Memory <Error> core\memory.cpp:Memory::MemorySystem::Write:528: unmapped Write8 0x00000000 @ 0x00000AB8 at PC 0x010F3548
[   6.357090] HW.Memory <Error> core\memory.cpp:Memory::MemorySystem::Write:528: unmapped Write8 0x00000000 @ 0x00000AB9 at PC 0x010F3548
[   6.357091] HW.Memory <Error> core\memory.cpp:Memory::MemorySystem::Write:528: unmapped Write8 0x00000000 @ 0x00000ABA at PC 0x010F3548
[   6.357091] HW.Memory <Error> core\memory.cpp:Memory::MemorySystem::Write:528: unmapped Write8 0x00000000 @ 0x00000ABB at PC 0x010F3548
[   6.357092] HW.Memory <Error> core\memory.cpp:Memory::MemorySystem::Write:528: unmapped Write8 0x00000000 @ 0x00000ABC at PC 0x010F3548
[   6.357092] HW.Memory <Error> core\memory.cpp:Memory::MemorySystem::Write:528: unmapped Write8 0x00000000 @ 0x00000ABD at PC 0x010F3548
[   6.357093] HW.Memory <Error> core\memory.cpp:Memory::MemorySystem::Write:528: unmapped Write8 0x00000000 @ 0x00000ABE at PC 0x010F3548
[   6.357093] HW.Memory <Error> core\memory.cpp:Memory::MemorySystem::Write:528: unmapped Write8 0x00000000 @ 0x00000ABF at PC 0x010F3548
[   6.357094] HW.Memory <Error> core\memory.cpp:Memory::MemorySystem::Write:528: unmapped Write8 0x00000000 @ 0x00000AC0 at PC 0x010F3548
[   6.357094] HW.Memory <Error> core\memory.cpp:Memory::MemorySystem::Write:528: unmapped Write8 0x00000000 @ 0x00000AC1 at PC 0x010F3548
[   6.357095] HW.Memory <Error> core\memory.cpp:Memory::MemorySystem::Write:528: unmapped Write8 0x00000000 @ 0x00000AC2 at PC 0x010F3548
[   6.357095] HW.Memory <Error> core\memory.cpp:Memory::MemorySystem::Write:528: unmapped Write8 0x00000000 @ 0x00000AC3 at PC 0x010F3548
[   6.357096] HW.Memory <Error> core\memory.cpp:Memory::MemorySystem::Write:528: unmapped Write8 0x00000000 @ 0x00000AC4 at PC 0x010F3548
[   6.357096] HW.Memory <Error> core\memory.cpp:Memory::MemorySystem::Write:528: unmapped Write8 0x00000000 @ 0x00000AC5 at PC 0x010F3548
[   6.357097] HW.Memory <Error> core\memory.cpp:Memory::MemorySystem::Write:528: unmapped Write8 0x00000000 @ 0x00000AC6 at PC 0x010F3548
[   6.357097] HW.Memory <Error> core\memory.cpp:Memory::MemorySystem::Write:528: unmapped Write8 0x00000000 @ 0x00000AC7 at PC 0x010F3548
[   6.357098] HW.Memory <Error> core\memory.cpp:Memory::MemorySystem::Write:528: unmapped Write8 0x00000000 @ 0x00000AC8 at PC 0x010F3548
[   6.357098] HW.Memory <Error> core\memory.cpp:Memory::MemorySystem::Write:528: unmapped Write8 0x00000000 @ 0x00000AC9 at PC 0x010F3548
[   6.357099] HW.Memory <Error> core\memory.cpp:Memory::MemorySystem::Write:528: unmapped Write8 0x00000000 @ 0x00000ACA at PC 0x010F3548
[   6.357099] HW.Memory <Error> core\memory.cpp:Memory::MemorySystem::Write:528: unmapped Write8 0x00000000 @ 0x00000ACB at PC 0x010F3548
[   6.357100] HW.Memory <Error> core\memory.cpp:Memory::MemorySystem::Write:528: unmapped Write8 0x00000000 @ 0x00000ACC at PC 0x010F3548
[   6.357100] HW.Memory <Error> core\memory.cpp:Memory::MemorySystem::Write:528: unmapped Write8 0x00000000 @ 0x00000ACD at PC 0x010F3548
[   6.357101] HW.Memory <Error> core\memory.cpp:Memory::MemorySystem::Write:528: unmapped Write8 0x00000000 @ 0x00000ACE at PC 0x010F3548
[   6.357101] HW.Memory <Error> core\memory.cpp:Memory::MemorySystem::Write:528: unmapped Write8 0x00000000 @ 0x00000ACF at PC 0x010F3548
[   6.357102] HW.Memory <Error> core\memory.cpp:Memory::MemorySystem::Write:528: unmapped Write8 0x00000000 @ 0x00000AD0 at PC 0x010F3548
[   6.357103] HW.Memory <Error> core\memory.cpp:Memory::MemorySystem::Write:528: unmapped Write8 0x00000000 @ 0x00000AD1 at PC 0x010F3548
[   6.357103] HW.Memory <Error> core\memory.cpp:Memory::MemorySystem::Write:528: unmapped Write8 0x00000000 @ 0x00000AD2 at PC 0x010F3548
[   6.357104] HW.Memory <Error> core\memory.cpp:Memory::MemorySystem::Write:528: unmapped Write8 0x00000000 @ 0x00000AD3 at PC 0x010F3548
[   6.357104] HW.Memory <Error> core\memory.cpp:Memory::MemorySystem::Write:528: unmapped Write8 0x00000000 @ 0x00000AD4 at PC 0x010F3548
[   6.357105] HW.Memory <Error> core\memory.cpp:Memory::MemorySystem::Write:528: unmapped Write8 0x00000000 @ 0x00000AD5 at PC 0x010F3548
[   6.357105] HW.Memory <Error> core\memory.cpp:Memory::MemorySystem::Write:528: unmapped Write8 0x00000000 @ 0x00000AD6 at PC 0x010F3548
[   6.357106] HW.Memory <Error> core\memory.cpp:Memory::MemorySystem::Write:528: unmapped Write8 0x00000000 @ 0x00000AD7 at PC 0x010F3548
[   6.357106] HW.Memory <Error> core\memory.cpp:Memory::MemorySystem::Write:528: unmapped Write8 0x00000000 @ 0x00000AD8 at PC 0x010F3548
[   6.357107] HW.Memory <Error> core\memory.cpp:Memory::MemorySystem::Write:528: unmapped Write8 0x00000000 @ 0x00000AD9 at PC 0x010F3548
[   6.357108] HW.Memory <Error> core\memory.cpp:Memory::MemorySystem::Write:528: unmapped Write8 0x00000000 @ 0x00000ADA at PC 0x010F3548
[   6.357108] HW.Memory <Error> core\memory.cpp:Memory::MemorySystem::Write:528: unmapped Write8 0x00000000 @ 0x00000ADB at PC 0x010F3548
[   6.357109] HW.Memory <Error> core\memory.cpp:Memory::MemorySystem::Write:528: unmapped Write8 0x00000000 @ 0x00000ADC at PC 0x010F3548
[   6.357109] HW.Memory <Error> core\memory.cpp:Memory::MemorySystem::Write:528: unmapped Write8 0x00000000 @ 0x00000ADD at PC 0x010F3548
[   6.357110] HW.Memory <Error> core\memory.cpp:Memory::MemorySystem::Write:528: unmapped Write8 0x00000000 @ 0x00000ADE at PC 0x010F3548
[   6.357110] HW.Memory <Error> core\memory.cpp:Memory::MemorySystem::Write:528: unmapped Write8 0x00000000 @ 0x00000ADF at PC 0x010F3548
[   6.357111] HW.Memory <Error> core\memory.cpp:Memory::MemorySystem::Write:528: unmapped Write8 0x00000000 @ 0x00000AE0 at PC 0x010F3548
[   6.357111] HW.Memory <Error> core\memory.cpp:Memory::MemorySystem::Write:528: unmapped Write8 0x00000000 @ 0x00000AE1 at PC 0x010F3548
[   6.357112] HW.Memory <Error> core\memory.cpp:Memory::MemorySystem::Write:528: unmapped Write8 0x00000000 @ 0x00000AE2 at PC 0x010F3548
[   6.357112] HW.Memory <Error> core\memory.cpp:Memory::MemorySystem::Write:528: unmapped Write8 0x00000000 @ 0x00000AE3 at PC 0x010F3548
[   6.357113] HW.Memory <Error> core\memory.cpp:Memory::MemorySystem::Write:528: unmapped Write8 0x00000000 @ 0x00000AE4 at PC 0x010F3548
[   6.357113] HW.Memory <Error> core\memory.cpp:Memory::MemorySystem::Write:528: unmapped Write8 0x00000000 @ 0x00000AE5 at PC 0x010F3548
[   6.357114] HW.Memory <Error> core\memory.cpp:Memory::MemorySystem::Write:528: unmapped Write8 0x00000000 @ 0x00000AE6 at PC 0x010F3548
[   6.357114] HW.Memory <Error> core\memory.cpp:Memory::MemorySystem::Write:528: unmapped Write8 0x00000000 @ 0x00000AE7 at PC 0x010F3548
[   6.357115] HW.Memory <Error> core\memory.cpp:Memory::MemorySystem::Write:528: unmapped Write8 0x00000000 @ 0x00000AE8 at PC 0x010F3548
[   6.357115] HW.Memory <Error> core\memory.cpp:Memory::MemorySystem::Write:528: unmapped Write8 0x00000000 @ 0x00000AE9 at PC 0x010F3548
[   6.357116] HW.Memory <Error> core\memory.cpp:Memory::MemorySystem::Write:528: unmapped Write8 0x00000000 @ 0x00000AEA at PC 0x010F3548
[   6.357116] HW.Memory <Error> core\memory.cpp:Memory::MemorySystem::Write:528: unmapped Write8 0x00000000 @ 0x00000AEB at PC 0x010F3548
[   6.357117] HW.Memory <Error> core\memory.cpp:Memory::MemorySystem::Write:528: unmapped Write8 0x00000000 @ 0x00000AEC at PC 0x010F3548
[   6.357117] HW.Memory <Error> core\memory.cpp:Memory::MemorySystem::Write:528: unmapped Write8 0x00000000 @ 0x00000AED at PC 0x010F3548
[   6.357118] HW.Memory <Error> core\memory.cpp:Memory::MemorySystem::Write:528: unmapped Write8 0x00000000 @ 0x00000AEE at PC 0x010F3548
[   6.357119] HW.Memory <Error> core\memory.cpp:Memory::MemorySystem::Write:528: unmapped Write8 0x00000000 @ 0x00000AEF at PC 0x010F3548
[   6.357119] HW.Memory <Error> core\memory.cpp:Memory::MemorySystem::Write:528: unmapped Write8 0x00000000 @ 0x00000AF0 at PC 0x010F3548
[   6.357120] HW.Memory <Error> core\memory.cpp:Memory::MemorySystem::Write:528: unmapped Write8 0x00000000 @ 0x00000AF1 at PC 0x010F3548
[   6.357120] HW.Memory <Error> core\memory.cpp:Memory::MemorySystem::Write:528: unmapped Write8 0x00000000 @ 0x00000AF2 at PC 0x010F3548
[   6.357121] HW.Memory <Error> core\memory.cpp:Memory::MemorySystem::Write:528: unmapped Write8 0x00000000 @ 0x00000AF3 at PC 0x010F3548
[   6.357121] HW.Memory <Error> core\memory.cpp:Memory::MemorySystem::Write:528: unmapped Write8 0x00000000 @ 0x00000AF4 at PC 0x010F3548
[   6.357122] HW.Memory <Error> core\memory.cpp:Memory::MemorySystem::Write:528: unmapped Write8 0x00000000 @ 0x00000AF5 at PC 0x010F3548
[   6.357122] HW.Memory <Error> core\memory.cpp:Memory::MemorySystem::Write:528: unmapped Write8 0x00000000 @ 0x00000AF6 at PC 0x010F3548
[   6.357123] HW.Memory <Error> core\memory.cpp:Memory::MemorySystem::Write:528: unmapped Write8 0x00000000 @ 0x00000AF7 at PC 0x010F3548
[   6.357123] HW.Memory <Error> core\memory.cpp:Memory::MemorySystem::Write:528: unmapped Write8 0x00000000 @ 0x00000AF8 at PC 0x010F3548
[   6.357124] HW.Memory <Error> core\memory.cpp:Memory::MemorySystem::Write:528: unmapped Write8 0x00000000 @ 0x00000AF9 at PC 0x010F3548
[   6.357124] HW.Memory <Error> core\memory.cpp:Memory::MemorySystem::Write:528: unmapped Write8 0x00000000 @ 0x00000AFA at PC 0x010F3548
[   6.357125] HW.Memory <Error> core\memory.cpp:Memory::MemorySystem::Write:528: unmapped Write8 0x00000000 @ 0x00000AFB at PC 0x010F3548
[   6.357125] HW.Memory <Error> core\memory.cpp:Memory::MemorySystem::Write:528: unmapped Write8 0x00000000 @ 0x00000AFC at PC 0x010F3548
[   6.357126] HW.Memory <Error> core\memory.cpp:Memory::MemorySystem::Write:528: unmapped Write8 0x00000000 @ 0x00000AFD at PC 0x010F3548
[   6.357126] HW.Memory <Error> core\memory.cpp:Memory::MemorySystem::Write:528: unmapped Write8 0x00000000 @ 0x00000AFE at PC 0x010F3548
[   6.357127] HW.Memory <Error> core\memory.cpp:Memory::MemorySystem::Write:528: unmapped Write8 0x00000000 @ 0x00000AFF at PC 0x010F3548
[   6.357127] HW.Memory <Error> core\memory.cpp:Memory::MemorySystem::Write:528: unmapped Write8 0x00000000 @ 0x00000B00 at PC 0x010F3548
[   6.357128] HW.Memory <Error> core\memory.cpp:Memory::MemorySystem::Write:528: unmapped Write8 0x00000000 @ 0x00000B01 at PC 0x010F3548
[   6.357128] HW.Memory <Error> core\memory.cpp:Memory::MemorySystem::Write:528: unmapped Write8 0x00000000 @ 0x00000B02 at PC 0x010F3548
[   6.357129] HW.Memory <Error> core\memory.cpp:Memory::MemorySystem::Write:528: unmapped Write8 0x00000000 @ 0x00000B03 at PC 0x010F3548
[   6.357129] HW.Memory <Error> core\memory.cpp:Memory::MemorySystem::Write:528: unmapped Write8 0x00000000 @ 0x00000B04 at PC 0x010F3548
[   6.357130] HW.Memory <Error> core\memory.cpp:Memory::MemorySystem::Write:528: unmapped Write8 0x00000000 @ 0x00000B05 at PC 0x010F3548
[   6.357130] HW.Memory <Error> core\memory.cpp:Memory::MemorySystem::Write:528: unmapped Write8 0x00000000 @ 0x00000B06 at PC 0x010F3548
[   6.357131] HW.Memory <Error> core\memory.cpp:Memory::MemorySystem::Write:528: unmapped Write8 0x00000000 @ 0x00000B07 at PC 0x010F3548
[   6.357131] HW.Memory <Error> core\memory.cpp:Memory::MemorySystem::Write:528: unmapped Write8 0x00000000 @ 0x00000B08 at PC 0x010F3548
[   6.357132] HW.Memory <Error> core\memory.cpp:Memory::MemorySystem::Write:528: unmapped Write8 0x00000000 @ 0x00000B09 at PC 0x010F3548
[   6.357132] HW.Memory <Error> core\memory.cpp:Memory::MemorySystem::Write:528: unmapped Write8 0x00000000 @ 0x00000B0A at PC 0x010F3548
[   6.357133] HW.Memory <Error> core\memory.cpp:Memory::MemorySystem::Write:528: unmapped Write8 0x00000000 @ 0x00000B0B at PC 0x010F3548
[   6.357133] HW.Memory <Error> core\memory.cpp:Memory::MemorySystem::Write:528: unmapped Write8 0x00000000 @ 0x00000B0C at PC 0x010F3548
[   6.357134] HW.Memory <Error> core\memory.cpp:Memory::MemorySystem::Write:528: unmapped Write8 0x00000000 @ 0x00000B0D at PC 0x010F3548
[   6.357134] HW.Memory <Error> core\memory.cpp:Memory::MemorySystem::Write:528: unmapped Write8 0x00000000 @ 0x00000B0E at PC 0x010F3548
[   6.357135] HW.Memory <Error> core\memory.cpp:Memory::MemorySystem::Write:528: unmapped Write8 0x00000000 @ 0x00000B0F at PC 0x010F3548
[   6.357135] HW.Memory <Error> core\memory.cpp:Memory::MemorySystem::Write:528: unmapped Write8 0x00000000 @ 0x00000B10 at PC 0x010F3548
[   6.357136] HW.Memory <Error> core\memory.cpp:Memory::MemorySystem::Write:528: unmapped Write8 0x00000000 @ 0x00000B11 at PC 0x010F3548
[   6.357137] HW.Memory <Error> core\memory.cpp:Memory::MemorySystem::Write:528: unmapped Write8 0x00000000 @ 0x00000B12 at PC 0x010F3548
[   6.357137] HW.Memory <Error> core\memory.cpp:Memory::MemorySystem::Write:528: unmapped Write8 0x00000000 @ 0x00000B13 at PC 0x010F3548
[   6.357138] HW.Memory <Error> core\memory.cpp:Memory::MemorySystem::Write:528: unmapped Write8 0x00000000 @ 0x00000B14 at PC 0x010F3548
[   6.357139] HW.Memory <Error> core\memory.cpp:Memory::MemorySystem::Write:528: unmapped Write8 0x00000000 @ 0x00000B15 at PC 0x010F3548
[   6.357139] HW.Memory <Error> core\memory.cpp:Memory::MemorySystem::Write:528: unmapped Write8 0x00000000 @ 0x00000B16 at PC 0x010F3548
[   6.357140] HW.Memory <Error> core\memory.cpp:Memory::MemorySystem::Write:528: unmapped Write8 0x00000000 @ 0x00000B17 at PC 0x010F3548
[   6.357140] HW.Memory <Error> core\memory.cpp:Memory::MemorySystem::Write:528: unmapped Write8 0x00000000 @ 0x00000B18 at PC 0x010F3548
[   6.357141] HW.Memory <Error> core\memory.cpp:Memory::MemorySystem::Write:528: unmapped Write8 0x00000000 @ 0x00000B19 at PC 0x010F3548
[   6.357141] HW.Memory <Error> core\memory.cpp:Memory::MemorySystem::Write:528: unmapped Write8 0x00000000 @ 0x00000B1A at PC 0x010F3548
[   6.357142] HW.Memory <Error> core\memory.cpp:Memory::MemorySystem::Write:528: unmapped Write8 0x00000000 @ 0x00000B1B at PC 0x010F3548
[   6.357143] HW.Memory <Error> core\memory.cpp:Memory::MemorySystem::Write:528: unmapped Write8 0x00000000 @ 0x00000B1C at PC 0x010F3548
[   6.357143] HW.Memory <Error> core\memory.cpp:Memory::MemorySystem::Write:528: unmapped Write8 0x00000000 @ 0x00000B1D at PC 0x010F3548
[   6.357144] HW.Memory <Error> core\memory.cpp:Memory::MemorySystem::Write:528: unmapped Write8 0x00000000 @ 0x00000B1E at PC 0x010F3548
[   6.357144] HW.Memory <Error> core\memory.cpp:Memory::MemorySystem::Write:528: unmapped Write8 0x00000000 @ 0x00000B1F at PC 0x010F3548
[   6.357145] HW.Memory <Error> core\memory.cpp:Memory::MemorySystem::Write:528: unmapped Write8 0x00000000 @ 0x00000B20 at PC 0x010F3548
[   6.357145] HW.Memory <Error> core\memory.cpp:Memory::MemorySystem::Write:528: unmapped Write8 0x00000000 @ 0x00000B21 at PC 0x010F3548
[   6.357146] HW.Memory <Error> core\memory.cpp:Memory::MemorySystem::Write:528: unmapped Write8 0x00000000 @ 0x00000B22 at PC 0x010F3548
[   6.357146] HW.Memory <Error> core\memory.cpp:Memory::MemorySystem::Write:528: unmapped Write8 0x00000000 @ 0x00000B23 at PC 0x010F3548
[   6.357147] HW.Memory <Error> core\memory.cpp:Memory::MemorySystem::Write:528: unmapped Write8 0x00000000 @ 0x00000B24 at PC 0x010F3548
[   6.357147] HW.Memory <Error> core\memory.cpp:Memory::MemorySystem::Write:528: unmapped Write8 0x00000000 @ 0x00000B25 at PC 0x010F3548
[   6.357148] HW.Memory <Error> core\memory.cpp:Memory::MemorySystem::Write:528: unmapped Write8 0x00000000 @ 0x00000B26 at PC 0x010F3548
[   6.357148] HW.Memory <Error> core\memory.cpp:Memory::MemorySystem::Write:528: unmapped Write8 0x00000000 @ 0x00000B27 at PC 0x010F3548
[   6.357149] HW.Memory <Error> core\memory.cpp:Memory::MemorySystem::Write:528: unmapped Write8 0x00000000 @ 0x00000B28 at PC 0x010F3548
[   6.357150] HW.Memory <Error> core\memory.cpp:Memory::MemorySystem::Write:528: unmapped Write8 0x00000000 @ 0x00000B29 at PC 0x010F3548
[   6.357150] HW.Memory <Error> core\memory.cpp:Memory::MemorySystem::Write:528: unmapped Write8 0x00000000 @ 0x00000B2A at PC 0x010F3548
[   6.357151] HW.Memory <Error> core\memory.cpp:Memory::MemorySystem::Write:528: unmapped Write8 0x00000000 @ 0x00000B2B at PC 0x010F3548
[   6.357151] HW.Memory <Error> core\memory.cpp:Memory::MemorySystem::Write:528: unmapped Write8 0x00000000 @ 0x00000B2C at PC 0x010F3548
[   6.357152] HW.Memory <Error> core\memory.cpp:Memory::MemorySystem::Write:528: unmapped Write8 0x00000000 @ 0x00000B2D at PC 0x010F3548
[   6.357152] HW.Memory <Error> core\memory.cpp:Memory::MemorySystem::Write:528: unmapped Write8 0x00000000 @ 0x00000B2E at PC 0x010F3548
[   6.357153] HW.Memory <Error> core\memory.cpp:Memory::MemorySystem::Write:528: unmapped Write8 0x00000000 @ 0x00000B2F at PC 0x010F3548
[   6.357153] HW.Memory <Error> core\memory.cpp:Memory::MemorySystem::Write:528: unmapped Write8 0x00000000 @ 0x00000B30 at PC 0x010F3548
[   6.357154] HW.Memory <Error> core\memory.cpp:Memory::MemorySystem::Write:528: unmapped Write8 0x00000000 @ 0x00000B31 at PC 0x010F3548
[   6.357154] HW.Memory <Error> core\memory.cpp:Memory::MemorySystem::Write:528: unmapped Write8 0x00000000 @ 0x00000B32 at PC 0x010F3548
[   6.357155] HW.Memory <Error> core\memory.cpp:Memory::MemorySystem::Write:528: unmapped Write8 0x00000000 @ 0x00000B33 at PC 0x010F3548
[   6.357155] HW.Memory <Error> core\memory.cpp:Memory::MemorySystem::Write:528: unmapped Write8 0x00000000 @ 0x00000B34 at PC 0x010F3548
[   6.357156] HW.Memory <Error> core\memory.cpp:Memory::MemorySystem::Write:528: unmapped Write8 0x00000000 @ 0x00000B35 at PC 0x010F3548
[   6.357156] HW.Memory <Error> core\memory.cpp:Memory::MemorySystem::Write:528: unmapped Write8 0x00000000 @ 0x00000B36 at PC 0x010F3548
[   6.357157] HW.Memory <Error> core\memory.cpp:Memory::MemorySystem::Write:528: unmapped Write8 0x00000000 @ 0x00000B37 at PC 0x010F3548
[   6.357157] HW.Memory <Error> core\memory.cpp:Memory::MemorySystem::Write:528: unmapped Write8 0x00000000 @ 0x00000B38 at PC 0x010F3548
[   6.357158] HW.Memory <Error> core\memory.cpp:Memory::MemorySystem::Write:528: unmapped Write8 0x00000000 @ 0x00000B39 at PC 0x010F3548
[   6.357158] HW.Memory <Error> core\memory.cpp:Memory::MemorySystem::Write:528: unmapped Write8 0x00000000 @ 0x00000B3A at PC 0x010F3548
[   6.357159] HW.Memory <Error> core\memory.cpp:Memory::MemorySystem::Write:528: unmapped Write8 0x00000000 @ 0x00000B3B at PC 0x010F3548
[   6.357159] HW.Memory <Error> core\memory.cpp:Memory::MemorySystem::Write:528: unmapped Write8 0x00000000 @ 0x00000B3C at PC 0x010F3548
[   6.357160] HW.Memory <Error> core\memory.cpp:Memory::MemorySystem::Write:528: unmapped Write8 0x00000000 @ 0x00000B3D at PC 0x010F3548
[   6.357160] HW.Memory <Error> core\memory.cpp:Memory::MemorySystem::Write:528: unmapped Write8 0x00000000 @ 0x00000B3E at PC 0x010F3548
[   6.357161] HW.Memory <Error> core\memory.cpp:Memory::MemorySystem::Write:528: unmapped Write8 0x00000000 @ 0x00000B3F at PC 0x010F3548
[   6.357161] HW.Memory <Error> core\memory.cpp:Memory::MemorySystem::Write:528: unmapped Write8 0x00000000 @ 0x00000B40 at PC 0x010F3548
[   6.357162] HW.Memory <Error> core\memory.cpp:Memory::MemorySystem::Write:528: unmapped Write8 0x00000000 @ 0x00000B41 at PC 0x010F3548
[   6.357162] HW.Memory <Error> core\memory.cpp:Memory::MemorySystem::Write:528: unmapped Write8 0x00000000 @ 0x00000B42 at PC 0x010F3548
[   6.357163] HW.Memory <Error> core\memory.cpp:Memory::MemorySystem::Write:528: unmapped Write8 0x00000000 @ 0x00000B43 at PC 0x010F3548
[   6.357163] HW.Memory <Error> core\memory.cpp:Memory::MemorySystem::Write:528: unmapped Write8 0x00000000 @ 0x00000B44 at PC 0x010F3548
[   6.357164] HW.Memory <Error> core\memory.cpp:Memory::MemorySystem::Write:528: unmapped Write8 0x00000000 @ 0x00000B45 at PC 0x010F3548
[   6.357164] HW.Memory <Error> core\memory.cpp:Memory::MemorySystem::Write:528: unmapped Write8 0x00000000 @ 0x00000B46 at PC 0x010F3548
[   6.357165] HW.Memory <Error> core\memory.cpp:Memory::MemorySystem::Write:528: unmapped Write8 0x00000000 @ 0x00000B47 at PC 0x010F3548
[   6.357165] HW.Memory <Error> core\memory.cpp:Memory::MemorySystem::Write:528: unmapped Write8 0x00000000 @ 0x00000B48 at PC 0x010F3548
[   6.357166] HW.Memory <Error> core\memory.cpp:Memory::MemorySystem::Write:528: unmapped Write8 0x00000000 @ 0x00000B49 at PC 0x010F3548
[   6.357166] HW.Memory <Error> core\memory.cpp:Memory::MemorySystem::Write:528: unmapped Write8 0x00000000 @ 0x00000B4A at PC 0x010F3548
[   6.357167] HW.Memory <Error> core\memory.cpp:Memory::MemorySystem::Write:528: unmapped Write8 0x00000000 @ 0x00000B4B at PC 0x010F3548
[   6.357168] HW.Memory <Error> core\memory.cpp:Memory::MemorySystem::Write:528: unmapped Write8 0x00000000 @ 0x00000B4C at PC 0x010F3548
[   6.357168] HW.Memory <Error> core\memory.cpp:Memory::MemorySystem::Write:528: unmapped Write8 0x00000000 @ 0x00000B4D at PC 0x010F3548
[   6.357169] HW.Memory <Error> core\memory.cpp:Memory::MemorySystem::Write:528: unmapped Write8 0x00000000 @ 0x00000B4E at PC 0x010F3548
[   6.357169] HW.Memory <Error> core\memory.cpp:Memory::MemorySystem::Write:528: unmapped Write8 0x00000000 @ 0x00000B4F at PC 0x010F3548
[   6.357170] HW.Memory <Error> core\memory.cpp:Memory::MemorySystem::Write:528: unmapped Write8 0x00000000 @ 0x00000B50 at PC 0x010F3548
[   6.357170] HW.Memory <Error> core\memory.cpp:Memory::MemorySystem::Write:528: unmapped Write8 0x00000000 @ 0x00000B51 at PC 0x010F3548
[   6.357171] HW.Memory <Error> core\memory.cpp:Memory::MemorySystem::Write:528: unmapped Write8 0x00000000 @ 0x00000B52 at PC 0x010F3548
[   6.357171] HW.Memory <Error> core\memory.cpp:Memory::MemorySystem::Write:528: unmapped Write8 0x00000000 @ 0x00000B53 at PC 0x010F3548
[   6.357172] HW.Memory <Error> core\memory.cpp:Memory::MemorySystem::Write:528: unmapped Write8 0x00000000 @ 0x00000B54 at PC 0x010F3548
[   6.357173] HW.Memory <Error> core\memory.cpp:Memory::MemorySystem::Write:528: unmapped Write8 0x00000000 @ 0x00000B55 at PC 0x010F3548
[   6.357173] HW.Memory <Error> core\memory.cpp:Memory::MemorySystem::Write:528: unmapped Write8 0x00000000 @ 0x00000B56 at PC 0x010F3548
[   6.357174] HW.Memory <Error> core\memory.cpp:Memory::MemorySystem::Write:528: unmapped Write8 0x00000000 @ 0x00000B57 at PC 0x010F3548
[   6.357174] HW.Memory <Error> core\memory.cpp:Memory::MemorySystem::Write:528: unmapped Write8 0x00000000 @ 0x00000B58 at PC 0x010F3548
[   6.357175] HW.Memory <Error> core\memory.cpp:Memory::MemorySystem::Write:528: unmapped Write8 0x00000000 @ 0x00000B59 at PC 0x010F3548
[   6.357175] HW.Memory <Error> core\memory.cpp:Memory::MemorySystem::Write:528: unmapped Write8 0x00000000 @ 0x00000B5A at PC 0x010F3548
[   6.357176] HW.Memory <Error> core\memory.cpp:Memory::MemorySystem::Write:528: unmapped Write8 0x00000000 @ 0x00000B5B at PC 0x010F3548
[   6.357176] HW.Memory <Error> core\memory.cpp:Memory::MemorySystem::Write:528: unmapped Write8 0x00000000 @ 0x00000B5C at PC 0x010F3548
[   6.357177] HW.Memory <Error> core\memory.cpp:Memory::MemorySystem::Write:528: unmapped Write8 0x00000000 @ 0x00000B5D at PC 0x010F3548
[   6.357177] HW.Memory <Error> core\memory.cpp:Memory::MemorySystem::Write:528: unmapped Write8 0x00000000 @ 0x00000B5E at PC 0x010F3548
[   6.357178] HW.Memory <Error> core\memory.cpp:Memory::MemorySystem::Write:528: unmapped Write8 0x00000000 @ 0x00000B5F at PC 0x010F3548
[   6.357178] HW.Memory <Error> core\memory.cpp:Memory::MemorySystem::Write:528: unmapped Write8 0x00000000 @ 0x00000B60 at PC 0x010F3548
[   6.357179] HW.Memory <Error> core\memory.cpp:Memory::MemorySystem::Write:528: unmapped Write8 0x00000000 @ 0x00000B61 at PC 0x010F3548
[   6.357179] HW.Memory <Error> core\memory.cpp:Memory::MemorySystem::Write:528: unmapped Write8 0x00000000 @ 0x00000B62 at PC 0x010F3548
[   6.357180] HW.Memory <Error> core\memory.cpp:Memory::MemorySystem::Write:528: unmapped Write8 0x00000000 @ 0x00000B63 at PC 0x010F3548
[   6.357180] HW.Memory <Error> core\memory.cpp:Memory::MemorySystem::Write:528: unmapped Write8 0x00000000 @ 0x00000B64 at PC 0x010F3548
[   6.357181] HW.Memory <Error> core\memory.cpp:Memory::MemorySystem::Write:528: unmapped Write8 0x00000000 @ 0x00000B65 at PC 0x010F3548
[   6.357182] HW.Memory <Error> core\memory.cpp:Memory::MemorySystem::Write:528: unmapped Write8 0x00000000 @ 0x00000B66 at PC 0x010F3548
[   6.357182] HW.Memory <Error> core\memory.cpp:Memory::MemorySystem::Write:528: unmapped Write8 0x00000000 @ 0x00000B67 at PC 0x010F3548
[   6.357183] HW.Memory <Error> core\memory.cpp:Memory::MemorySystem::Write:528: unmapped Write8 0x00000000 @ 0x00000B68 at PC 0x010F3548
[   6.357183] HW.Memory <Error> core\memory.cpp:Memory::MemorySystem::Write:528: unmapped Write8 0x00000000 @ 0x00000B69 at PC 0x010F3548
[   6.357184] HW.Memory <Error> core\memory.cpp:Memory::MemorySystem::Write:528: unmapped Write8 0x00000000 @ 0x00000B6A at PC 0x010F3548
[   6.357184] HW.Memory <Error> core\memory.cpp:Memory::MemorySystem::Write:528: unmapped Write8 0x00000000 @ 0x00000B6B at PC 0x010F3548
[   6.357185] HW.Memory <Error> core\memory.cpp:Memory::MemorySystem::Write:528: unmapped Write8 0x00000000 @ 0x00000B6C at PC 0x010F3548
[   6.357185] HW.Memory <Error> core\memory.cpp:Memory::MemorySystem::Write:528: unmapped Write8 0x00000000 @ 0x00000B6D at PC 0x010F3548
[   6.357186] HW.Memory <Error> core\memory.cpp:Memory::MemorySystem::Write:528: unmapped Write8 0x00000000 @ 0x00000B6E at PC 0x010F3548
[   6.357186] HW.Memory <Error> core\memory.cpp:Memory::MemorySystem::Write:528: unmapped Write8 0x00000000 @ 0x00000B6F at PC 0x010F3548
[   6.357187] HW.Memory <Error> core\memory.cpp:Memory::MemorySystem::Write:528: unmapped Write8 0x00000000 @ 0x00000B70 at PC 0x010F3548
[   6.357187] HW.Memory <Error> core\memory.cpp:Memory::MemorySystem::Write:528: unmapped Write8 0x00000000 @ 0x00000B71 at PC 0x010F3548
[   6.357188] HW.Memory <Error> core\memory.cpp:Memory::MemorySystem::Write:528: unmapped Write8 0x00000000 @ 0x00000B72 at PC 0x010F3548
[   6.357188] HW.Memory <Error> core\memory.cpp:Memory::MemorySystem::Write:528: unmapped Write8 0x00000000 @ 0x00000B73 at PC 0x010F3548
[   6.357189] HW.Memory <Error> core\memory.cpp:Memory::MemorySystem::Write:528: unmapped Write8 0x00000000 @ 0x00000B74 at PC 0x010F3548
[   6.357189] HW.Memory <Error> core\memory.cpp:Memory::MemorySystem::Write:528: unmapped Write8 0x00000000 @ 0x00000B75 at PC 0x010F3548
[   6.357190] HW.Memory <Error> core\memory.cpp:Memory::MemorySystem::Write:528: unmapped Write8 0x00000000 @ 0x00000B76 at PC 0x010F3548
[   6.357190] HW.Memory <Error> core\memory.cpp:Memory::MemorySystem::Write:528: unmapped Write8 0x00000000 @ 0x00000B77 at PC 0x010F3548
[   6.357191] HW.Memory <Error> core\memory.cpp:Memory::MemorySystem::Write:528: unmapped Write8 0x00000000 @ 0x00000B78 at PC 0x010F3548
[   6.357191] HW.Memory <Error> core\memory.cpp:Memory::MemorySystem::Write:528: unmapped Write8 0x00000000 @ 0x00000B79 at PC 0x010F3548
[   6.357192] HW.Memory <Error> core\memory.cpp:Memory::MemorySystem::Write:528: unmapped Write8 0x00000000 @ 0x00000B7A at PC 0x010F3548
[   6.357192] HW.Memory <Error> core\memory.cpp:Memory::MemorySystem::Write:528: unmapped Write8 0x00000000 @ 0x00000B7B at PC 0x010F3548
[   6.357193] HW.Memory <Error> core\memory.cpp:Memory::MemorySystem::Write:528: unmapped Write8 0x00000000 @ 0x00000B7C at PC 0x010F3548
[   6.357193] HW.Memory <Error> core\memory.cpp:Memory::MemorySystem::Write:528: unmapped Write8 0x00000000 @ 0x00000B7D at PC 0x010F3548
[   6.357194] HW.Memory <Error> core\memory.cpp:Memory::MemorySystem::Write:528: unmapped Write8 0x00000000 @ 0x00000B7E at PC 0x010F3548
[   6.357194] HW.Memory <Error> core\memory.cpp:Memory::MemorySystem::Write:528: unmapped Write8 0x00000000 @ 0x00000B7F at PC 0x010F3548
[   6.357195] HW.Memory <Error> core\memory.cpp:Memory::MemorySystem::Write:528: unmapped Write8 0x00000000 @ 0x00000B80 at PC 0x010F3548
[   6.357195] HW.Memory <Error> core\memory.cpp:Memory::MemorySystem::Write:528: unmapped Write8 0x00000000 @ 0x00000B81 at PC 0x010F3548
[   6.357196] HW.Memory <Error> core\memory.cpp:Memory::MemorySystem::Write:528: unmapped Write8 0x00000000 @ 0x00000B82 at PC 0x010F3548
[   6.357196] HW.Memory <Error> core\memory.cpp:Memory::MemorySystem::Write:528: unmapped Write8 0x00000000 @ 0x00000B83 at PC 0x010F3548
[   6.357197] HW.Memory <Error> core\memory.cpp:Memory::MemorySystem::Write:528: unmapped Write8 0x00000000 @ 0x00000B84 at PC 0x010F3548
[   6.357197] HW.Memory <Error> core\memory.cpp:Memory::MemorySystem::Write:528: unmapped Write8 0x00000000 @ 0x00000B85 at PC 0x010F3548
[   6.357198] HW.Memory <Error> core\memory.cpp:Memory::MemorySystem::Write:528: unmapped Write8 0x00000000 @ 0x00000B86 at PC 0x010F3548
[   6.357198] HW.Memory <Error> core\memory.cpp:Memory::MemorySystem::Write:528: unmapped Write8 0x00000000 @ 0x00000B87 at PC 0x010F3548
[   6.357199] HW.Memory <Error> core\memory.cpp:Memory::MemorySystem::Write:528: unmapped Write8 0x00000000 @ 0x00000B88 at PC 0x010F3548
[   6.357199] HW.Memory <Error> core\memory.cpp:Memory::MemorySystem::Write:528: unmapped Write8 0x00000000 @ 0x00000B89 at PC 0x010F3548
[   6.357200] HW.Memory <Error> core\memory.cpp:Memory::MemorySystem::Write:528: unmapped Write8 0x00000000 @ 0x00000B8A at PC 0x010F3548
[   6.357200] HW.Memory <Error> core\memory.cpp:Memory::MemorySystem::Write:528: unmapped Write8 0x00000000 @ 0x00000B8B at PC 0x010F3548
[   6.357201] HW.Memory <Error> core\memory.cpp:Memory::MemorySystem::Write:528: unmapped Write8 0x00000000 @ 0x00000B8C at PC 0x010F3548
[   6.357201] HW.Memory <Error> core\memory.cpp:Memory::MemorySystem::Write:528: unmapped Write8 0x00000000 @ 0x00000B8D at PC 0x010F3548
[   6.357202] HW.Memory <Error> core\memory.cpp:Memory::MemorySystem::Write:528: unmapped Write8 0x00000000 @ 0x00000B8E at PC 0x010F3548
[   6.357202] HW.Memory <Error> core\memory.cpp:Memory::MemorySystem::Write:528: unmapped Write8 0x00000000 @ 0x00000B8F at PC 0x010F3548
[   6.357203] HW.Memory <Error> core\memory.cpp:Memory::MemorySystem::Write:528: unmapped Write8 0x00000000 @ 0x00000B90 at PC 0x010F3548
[   6.357203] HW.Memory <Error> core\memory.cpp:Memory::MemorySystem::Write:528: unmapped Write8 0x00000000 @ 0x00000B91 at PC 0x010F3548
[   6.357204] HW.Memory <Error> core\memory.cpp:Memory::MemorySystem::Write:528: unmapped Write8 0x00000000 @ 0x00000B92 at PC 0x010F3548
[   6.357205] HW.Memory <Error> core\memory.cpp:Memory::MemorySystem::Write:528: unmapped Write8 0x00000000 @ 0x00000B93 at PC 0x010F3548
[   6.357205] HW.Memory <Error> core\memory.cpp:Memory::MemorySystem::Write:528: unmapped Write8 0x00000000 @ 0x00000B94 at PC 0x010F3548
[   6.357207] HW.Memory <Error> core\memory.cpp:Memory::MemorySystem::Write:528: unmapped Write8 0x00000000 @ 0x00000B95 at PC 0x010F3548
[   6.357207] HW.Memory <Error> core\memory.cpp:Memory::MemorySystem::Write:528: unmapped Write8 0x00000000 @ 0x00000B96 at PC 0x010F3548
[   6.357208] HW.Memory <Error> core\memory.cpp:Memory::MemorySystem::Write:528: unmapped Write8 0x00000000 @ 0x00000B97 at PC 0x010F3548
[   6.357208] HW.Memory <Error> core\memory.cpp:Memory::MemorySystem::Write:528: unmapped Write8 0x00000000 @ 0x00000B98 at PC 0x010F3548
[   6.357209] HW.Memory <Error> core\memory.cpp:Memory::MemorySystem::Write:528: unmapped Write8 0x00000000 @ 0x00000B99 at PC 0x010F3548
[   6.357209] HW.Memory <Error> core\memory.cpp:Memory::MemorySystem::Write:528: unmapped Write8 0x00000000 @ 0x00000B9A at PC 0x010F3548
[   6.357210] HW.Memory <Error> core\memory.cpp:Memory::MemorySystem::Write:528: unmapped Write8 0x00000000 @ 0x00000B9B at PC 0x010F3548
[   6.357210] HW.Memory <Error> core\memory.cpp:Memory::MemorySystem::Write:528: unmapped Write8 0x00000000 @ 0x00000B9C at PC 0x010F3548
[   6.357211] HW.Memory <Error> core\memory.cpp:Memory::MemorySystem::Write:528: unmapped Write8 0x00000000 @ 0x00000B9D at PC 0x010F3548
[   6.357211] HW.Memory <Error> core\memory.cpp:Memory::MemorySystem::Write:528: unmapped Write8 0x00000000 @ 0x00000B9E at PC 0x010F3548
[   6.357212] HW.Memory <Error> core\memory.cpp:Memory::MemorySystem::Write:528: unmapped Write8 0x00000000 @ 0x00000B9F at PC 0x010F3548
[   6.357213] HW.Memory <Error> core\memory.cpp:Memory::MemorySystem::Write:528: unmapped Write8 0x00000000 @ 0x00000BA0 at PC 0x010F3548
[   6.357213] HW.Memory <Error> core\memory.cpp:Memory::MemorySystem::Write:528: unmapped Write8 0x00000000 @ 0x00000BA1 at PC 0x010F3548
[   6.357214] HW.Memory <Error> core\memory.cpp:Memory::MemorySystem::Write:528: unmapped Write8 0x00000000 @ 0x00000BA2 at PC 0x010F3548
[   6.357214] HW.Memory <Error> core\memory.cpp:Memory::MemorySystem::Write:528: unmapped Write8 0x00000000 @ 0x00000BA3 at PC 0x010F3548
[   6.357215] HW.Memory <Error> core\memory.cpp:Memory::MemorySystem::Write:528: unmapped Write8 0x00000000 @ 0x00000BA4 at PC 0x010F3548
[   6.357215] HW.Memory <Error> core\memory.cpp:Memory::MemorySystem::Write:528: unmapped Write8 0x00000000 @ 0x00000BA5 at PC 0x010F3548
[   6.357216] HW.Memory <Error> core\memory.cpp:Memory::MemorySystem::Write:528: unmapped Write8 0x00000000 @ 0x00000BA6 at PC 0x010F3548
[   6.357216] HW.Memory <Error> core\memory.cpp:Memory::MemorySystem::Write:528: unmapped Write8 0x00000000 @ 0x00000BA7 at PC 0x010F3548
[   6.357217] HW.Memory <Error> core\memory.cpp:Memory::MemorySystem::Write:528: unmapped Write8 0x00000000 @ 0x00000BA8 at PC 0x010F3548
[   6.357217] HW.Memory <Error> core\memory.cpp:Memory::MemorySystem::Write:528: unmapped Write8 0x00000000 @ 0x00000BA9 at PC 0x010F3548
[   6.357218] HW.Memory <Error> core\memory.cpp:Memory::MemorySystem::Write:528: unmapped Write8 0x00000000 @ 0x00000BAA at PC 0x010F3548
[   6.357218] HW.Memory <Error> core\memory.cpp:Memory::MemorySystem::Write:528: unmapped Write8 0x00000000 @ 0x00000BAB at PC 0x010F3548
[   6.357219] HW.Memory <Error> core\memory.cpp:Memory::MemorySystem::Write:528: unmapped Write8 0x00000000 @ 0x00000BAC at PC 0x010F3548
[   6.357219] HW.Memory <Error> core\memory.cpp:Memory::MemorySystem::Write:528: unmapped Write8 0x00000000 @ 0x00000BAD at PC 0x010F3548
[   6.357220] HW.Memory <Error> core\memory.cpp:Memory::MemorySystem::Write:528: unmapped Write8 0x00000000 @ 0x00000BAE at PC 0x010F3548
[   6.357220] HW.Memory <Error> core\memory.cpp:Memory::MemorySystem::Write:528: unmapped Write8 0x00000000 @ 0x00000BAF at PC 0x010F3548
[   6.357221] HW.Memory <Error> core\memory.cpp:Memory::MemorySystem::Write:528: unmapped Write8 0x00000000 @ 0x00000BB0 at PC 0x010F3548
[   6.357221] HW.Memory <Error> core\memory.cpp:Memory::MemorySystem::Write:528: unmapped Write8 0x00000000 @ 0x00000BB1 at PC 0x010F3548
[   6.357222] HW.Memory <Error> core\memory.cpp:Memory::MemorySystem::Write:528: unmapped Write8 0x00000000 @ 0x00000BB2 at PC 0x010F3548
[   6.357222] HW.Memory <Error> core\memory.cpp:Memory::MemorySystem::Write:528: unmapped Write8 0x00000000 @ 0x00000BB3 at PC 0x010F3548
[   6.357223] HW.Memory <Error> core\memory.cpp:Memory::MemorySystem::Write:528: unmapped Write8 0x00000000 @ 0x00000BB4 at PC 0x010F3548
[   6.357223] HW.Memory <Error> core\memory.cpp:Memory::MemorySystem::Write:528: unmapped Write8 0x00000000 @ 0x00000BB5 at PC 0x010F3548
[   6.357224] HW.Memory <Error> core\memory.cpp:Memory::MemorySystem::Write:528: unmapped Write8 0x00000000 @ 0x00000BB6 at PC 0x010F3548
[   6.357224] HW.Memory <Error> core\memory.cpp:Memory::MemorySystem::Write:528: unmapped Write8 0x00000000 @ 0x00000BB7 at PC 0x010F3548
[   6.357225] HW.Memory <Error> core\memory.cpp:Memory::MemorySystem::Write:528: unmapped Write8 0x00000000 @ 0x00000BB8 at PC 0x010F3548
[   6.357225] HW.Memory <Error> core\memory.cpp:Memory::MemorySystem::Write:528: unmapped Write8 0x00000000 @ 0x00000BB9 at PC 0x010F3548
[   6.357226] HW.Memory <Error> core\memory.cpp:Memory::MemorySystem::Write:528: unmapped Write8 0x00000000 @ 0x00000BBA at PC 0x010F3548
[   6.357226] HW.Memory <Error> core\memory.cpp:Memory::MemorySystem::Write:528: unmapped Write8 0x00000000 @ 0x00000BBB at PC 0x010F3548
[   6.357227] HW.Memory <Error> core\memory.cpp:Memory::MemorySystem::Write:528: unmapped Write8 0x00000000 @ 0x00000BBC at PC 0x010F3548
[   6.357227] HW.Memory <Error> core\memory.cpp:Memory::MemorySystem::Write:528: unmapped Write8 0x00000000 @ 0x00000BBD at PC 0x010F3548
[   6.357228] HW.Memory <Error> core\memory.cpp:Memory::MemorySystem::Write:528: unmapped Write8 0x00000000 @ 0x00000BBE at PC 0x010F3548
[   6.357228] HW.Memory <Error> core\memory.cpp:Memory::MemorySystem::Write:528: unmapped Write8 0x00000000 @ 0x00000BBF at PC 0x010F3548
[   6.357229] HW.Memory <Error> core\memory.cpp:Memory::MemorySystem::Write:528: unmapped Write8 0x00000000 @ 0x00000BC0 at PC 0x010F3548
[   6.357229] HW.Memory <Error> core\memory.cpp:Memory::MemorySystem::Write:528: unmapped Write8 0x00000000 @ 0x00000BC1 at PC 0x010F3548
[   6.357230] HW.Memory <Error> core\memory.cpp:Memory::MemorySystem::Write:528: unmapped Write8 0x00000000 @ 0x00000BC2 at PC 0x010F3548
[   6.357230] HW.Memory <Error> core\memory.cpp:Memory::MemorySystem::Write:528: unmapped Write8 0x00000000 @ 0x00000BC3 at PC 0x010F3548
[   6.357231] HW.Memory <Error> core\memory.cpp:Memory::MemorySystem::Write:528: unmapped Write8 0x00000000 @ 0x00000BC4 at PC 0x010F3548
[   6.357231] HW.Memory <Error> core\memory.cpp:Memory::MemorySystem::Write:528: unmapped Write8 0x00000000 @ 0x00000BC5 at PC 0x010F3548
[   6.357232] HW.Memory <Error> core\memory.cpp:Memory::MemorySystem::Write:528: unmapped Write8 0x00000000 @ 0x00000BC6 at PC 0x010F3548
[   6.357232] HW.Memory <Error> core\memory.cpp:Memory::MemorySystem::Write:528: unmapped Write8 0x00000000 @ 0x00000BC7 at PC 0x010F3548
[   6.357233] HW.Memory <Error> core\memory.cpp:Memory::MemorySystem::Write:528: unmapped Write8 0x00000000 @ 0x00000BC8 at PC 0x010F3548
[   6.357233] HW.Memory <Error> core\memory.cpp:Memory::MemorySystem::Write:528: unmapped Write8 0x00000000 @ 0x00000BC9 at PC 0x010F3548
[   6.357234] HW.Memory <Error> core\memory.cpp:Memory::MemorySystem::Write:528: unmapped Write8 0x00000000 @ 0x00000BCA at PC 0x010F3548
[   6.357234] HW.Memory <Error> core\memory.cpp:Memory::MemorySystem::Write:528: unmapped Write8 0x00000000 @ 0x00000BCB at PC 0x010F3548
[   6.357235] HW.Memory <Error> core\memory.cpp:Memory::MemorySystem::Write:528: unmapped Write8 0x00000000 @ 0x00000BCC at PC 0x010F3548
[   6.357235] HW.Memory <Error> core\memory.cpp:Memory::MemorySystem::Write:528: unmapped Write8 0x00000000 @ 0x00000BCD at PC 0x010F3548
[   6.357236] HW.Memory <Error> core\memory.cpp:Memory::MemorySystem::Write:528: unmapped Write8 0x00000000 @ 0x00000BCE at PC 0x010F3548
[   6.357236] HW.Memory <Error> core\memory.cpp:Memory::MemorySystem::Write:528: unmapped Write8 0x00000000 @ 0x00000BCF at PC 0x010F3548
[   6.357237] HW.Memory <Error> core\memory.cpp:Memory::MemorySystem::Write:528: unmapped Write8 0x00000000 @ 0x00000BD0 at PC 0x010F3548
[   6.357238] HW.Memory <Error> core\memory.cpp:Memory::MemorySystem::Write:528: unmapped Write8 0x00000000 @ 0x00000BD1 at PC 0x010F3548
[   6.357238] HW.Memory <Error> core\memory.cpp:Memory::MemorySystem::Write:528: unmapped Write8 0x00000000 @ 0x00000BD2 at PC 0x010F3548
[   6.357239] HW.Memory <Error> core\memory.cpp:Memory::MemorySystem::Write:528: unmapped Write8 0x00000000 @ 0x00000BD3 at PC 0x010F3548
[   6.357239] HW.Memory <Error> core\memory.cpp:Memory::MemorySystem::Write:528: unmapped Write8 0x00000000 @ 0x00000BD4 at PC 0x010F3548
[   6.357240] HW.Memory <Error> core\memory.cpp:Memory::MemorySystem::Write:528: unmapped Write8 0x00000000 @ 0x00000BD5 at PC 0x010F3548
[   6.357240] HW.Memory <Error> core\memory.cpp:Memory::MemorySystem::Write:528: unmapped Write8 0x00000000 @ 0x00000BD6 at PC 0x010F3548
[   6.357241] HW.Memory <Error> core\memory.cpp:Memory::MemorySystem::Write:528: unmapped Write8 0x00000000 @ 0x00000BD7 at PC 0x010F3548
[   6.357241] HW.Memory <Error> core\memory.cpp:Memory::MemorySystem::Write:528: unmapped Write8 0x00000000 @ 0x00000BD8 at PC 0x010F3548
[   6.357242] HW.Memory <Error> core\memory.cpp:Memory::MemorySystem::Write:528: unmapped Write8 0x00000000 @ 0x00000BD9 at PC 0x010F3548
[   6.357242] HW.Memory <Error> core\memory.cpp:Memory::MemorySystem::Write:528: unmapped Write8 0x00000000 @ 0x00000BDA at PC 0x010F3548
[   6.357243] HW.Memory <Error> core\memory.cpp:Memory::MemorySystem::Write:528: unmapped Write8 0x00000000 @ 0x00000BDB at PC 0x010F3548
[   6.357243] HW.Memory <Error> core\memory.cpp:Memory::MemorySystem::Write:528: unmapped Write8 0x00000000 @ 0x00000BDC at PC 0x010F3548
[   6.357244] HW.Memory <Error> core\memory.cpp:Memory::MemorySystem::Write:528: unmapped Write8 0x00000000 @ 0x00000BDD at PC 0x010F3548
[   6.357244] HW.Memory <Error> core\memory.cpp:Memory::MemorySystem::Write:528: unmapped Write8 0x00000000 @ 0x00000BDE at PC 0x010F3548
[   6.357245] HW.Memory <Error> core\memory.cpp:Memory::MemorySystem::Write:528: unmapped Write8 0x00000000 @ 0x00000BDF at PC 0x010F3548
[   6.357246] HW.Memory <Error> core\memory.cpp:Memory::MemorySystem::Write:528: unmapped Write8 0x00000000 @ 0x00000BE0 at PC 0x010F3548
[   6.357246] HW.Memory <Error> core\memory.cpp:Memory::MemorySystem::Write:528: unmapped Write8 0x00000000 @ 0x00000BE1 at PC 0x010F3548
[   6.357247] HW.Memory <Error> core\memory.cpp:Memory::MemorySystem::Write:528: unmapped Write8 0x00000000 @ 0x00000BE2 at PC 0x010F3548
[   6.357247] HW.Memory <Error> core\memory.cpp:Memory::MemorySystem::Write:528: unmapped Write8 0x00000000 @ 0x00000BE3 at PC 0x010F3548
[   6.357248] HW.Memory <Error> core\memory.cpp:Memory::MemorySystem::Write:528: unmapped Write8 0x00000000 @ 0x00000BE4 at PC 0x010F3548
[   6.357248] HW.Memory <Error> core\memory.cpp:Memory::MemorySystem::Write:528: unmapped Write8 0x00000000 @ 0x00000BE5 at PC 0x010F3548
[   6.357249] HW.Memory <Error> core\memory.cpp:Memory::MemorySystem::Write:528: unmapped Write8 0x00000000 @ 0x00000BE6 at PC 0x010F3548
[   6.357249] HW.Memory <Error> core\memory.cpp:Memory::MemorySystem::Write:528: unmapped Write8 0x00000000 @ 0x00000BE7 at PC 0x010F3548
[   6.357250] HW.Memory <Error> core\memory.cpp:Memory::MemorySystem::Write:528: unmapped Write8 0x00000000 @ 0x00000BE8 at PC 0x010F3548
[   6.357250] HW.Memory <Error> core\memory.cpp:Memory::MemorySystem::Write:528: unmapped Write8 0x00000000 @ 0x00000BE9 at PC 0x010F3548
[   6.357251] HW.Memory <Error> core\memory.cpp:Memory::MemorySystem::Write:528: unmapped Write8 0x00000000 @ 0x00000BEA at PC 0x010F3548
[   6.357251] HW.Memory <Error> core\memory.cpp:Memory::MemorySystem::Write:528: unmapped Write8 0x00000000 @ 0x00000BEB at PC 0x010F3548
[   6.357252] HW.Memory <Error> core\memory.cpp:Memory::MemorySystem::Write:528: unmapped Write8 0x00000000 @ 0x00000BEC at PC 0x010F3548
[   6.357252] HW.Memory <Error> core\memory.cpp:Memory::MemorySystem::Write:528: unmapped Write8 0x00000000 @ 0x00000BED at PC 0x010F3548
[   6.357253] HW.Memory <Error> core\memory.cpp:Memory::MemorySystem::Write:528: unmapped Write8 0x00000000 @ 0x00000BEE at PC 0x010F3548
[   6.357254] HW.Memory <Error> core\memory.cpp:Memory::MemorySystem::Write:528: unmapped Write8 0x00000000 @ 0x00000BEF at PC 0x010F3548
[   6.357254] HW.Memory <Error> core\memory.cpp:Memory::MemorySystem::Write:528: unmapped Write8 0x00000000 @ 0x00000BF0 at PC 0x010F3548
[   6.357255] HW.Memory <Error> core\memory.cpp:Memory::MemorySystem::Write:528: unmapped Write8 0x00000000 @ 0x00000BF1 at PC 0x010F3548
[   6.357255] HW.Memory <Error> core\memory.cpp:Memory::MemorySystem::Write:528: unmapped Write8 0x00000000 @ 0x00000BF2 at PC 0x010F3548
[   6.357256] HW.Memory <Error> core\memory.cpp:Memory::MemorySystem::Write:528: unmapped Write8 0x00000000 @ 0x00000BF3 at PC 0x010F3548
[   6.357256] HW.Memory <Error> core\memory.cpp:Memory::MemorySystem::Write:528: unmapped Write8 0x00000000 @ 0x00000BF4 at PC 0x010F3548
[   6.357257] HW.Memory <Error> core\memory.cpp:Memory::MemorySystem::Write:528: unmapped Write8 0x00000000 @ 0x00000BF5 at PC 0x010F3548
[   6.357257] HW.Memory <Error> core\memory.cpp:Memory::MemorySystem::Write:528: unmapped Write8 0x00000000 @ 0x00000BF6 at PC 0x010F3548
[   6.357258] HW.Memory <Error> core\memory.cpp:Memory::MemorySystem::Write:528: unmapped Write8 0x00000000 @ 0x00000BF7 at PC 0x010F3548
[   6.357258] HW.Memory <Error> core\memory.cpp:Memory::MemorySystem::Write:528: unmapped Write8 0x00000000 @ 0x00000BF8 at PC 0x010F3548
[   6.357259] HW.Memory <Error> core\memory.cpp:Memory::MemorySystem::Write:528: unmapped Write8 0x00000000 @ 0x00000BF9 at PC 0x010F3548
[   6.357259] HW.Memory <Error> core\memory.cpp:Memory::MemorySystem::Write:528: unmapped Write8 0x00000000 @ 0x00000BFA at PC 0x010F3548
[   6.357260] HW.Memory <Error> core\memory.cpp:Memory::MemorySystem::Write:528: unmapped Write8 0x00000000 @ 0x00000BFB at PC 0x010F3548
[   6.357260] HW.Memory <Error> core\memory.cpp:Memory::MemorySystem::Write:528: unmapped Write8 0x00000000 @ 0x00000BFC at PC 0x010F3548
[   6.357261] HW.Memory <Error> core\memory.cpp:Memory::MemorySystem::Write:528: unmapped Write8 0x00000000 @ 0x00000BFD at PC 0x010F3548
[   6.357261] HW.Memory <Error> core\memory.cpp:Memory::MemorySystem::Write:528: unmapped Write8 0x00000000 @ 0x00000BFE at PC 0x010F3548
[   6.357262] HW.Memory <Error> core\memory.cpp:Memory::MemorySystem::Write:528: unmapped Write8 0x00000000 @ 0x00000BFF at PC 0x010F3548
[   6.357262] HW.Memory <Error> core\memory.cpp:Memory::MemorySystem::Write:528: unmapped Write8 0x00000000 @ 0x00000C00 at PC 0x010F3548
[   6.357263] HW.Memory <Error> core\memory.cpp:Memory::MemorySystem::Write:528: unmapped Write8 0x00000000 @ 0x00000C01 at PC 0x010F3548
[   6.357263] HW.Memory <Error> core\memory.cpp:Memory::MemorySystem::Write:528: unmapped Write8 0x00000000 @ 0x00000C02 at PC 0x010F3548
[   6.357264] HW.Memory <Error> core\memory.cpp:Memory::MemorySystem::Write:528: unmapped Write8 0x00000000 @ 0x00000C03 at PC 0x010F3548
[   6.357264] HW.Memory <Error> core\memory.cpp:Memory::MemorySystem::Write:528: unmapped Write8 0x00000000 @ 0x00000C04 at PC 0x010F3548
[   6.357265] HW.Memory <Error> core\memory.cpp:Memory::MemorySystem::Write:528: unmapped Write8 0x00000000 @ 0x00000C05 at PC 0x010F3548
[   6.357265] HW.Memory <Error> core\memory.cpp:Memory::MemorySystem::Write:528: unmapped Write8 0x00000000 @ 0x00000C06 at PC 0x010F3548
[   6.357266] HW.Memory <Error> core\memory.cpp:Memory::MemorySystem::Write:528: unmapped Write8 0x00000000 @ 0x00000C07 at PC 0x010F3548
[   6.357266] HW.Memory <Error> core\memory.cpp:Memory::MemorySystem::Write:528: unmapped Write8 0x00000000 @ 0x00000C08 at PC 0x010F3548
[   6.357267] HW.Memory <Error> core\memory.cpp:Memory::MemorySystem::Write:528: unmapped Write8 0x00000000 @ 0x00000C09 at PC 0x010F3548
[   6.357267] HW.Memory <Error> core\memory.cpp:Memory::MemorySystem::Write:528: unmapped Write8 0x00000000 @ 0x00000C0A at PC 0x010F3548
[   6.357268] HW.Memory <Error> core\memory.cpp:Memory::MemorySystem::Write:528: unmapped Write8 0x00000000 @ 0x00000C0B at PC 0x010F3548
[   6.357268] HW.Memory <Error> core\memory.cpp:Memory::MemorySystem::Write:528: unmapped Write8 0x00000000 @ 0x00000C0C at PC 0x010F3548
[   6.357269] HW.Memory <Error> core\memory.cpp:Memory::MemorySystem::Write:528: unmapped Write8 0x00000000 @ 0x00000C0D at PC 0x010F3548
[   6.357269] HW.Memory <Error> core\memory.cpp:Memory::MemorySystem::Write:528: unmapped Write8 0x00000000 @ 0x00000C0E at PC 0x010F3548
[   6.357270] HW.Memory <Error> core\memory.cpp:Memory::MemorySystem::Write:528: unmapped Write8 0x00000000 @ 0x00000C0F at PC 0x010F3548
[   6.357270] HW.Memory <Error> core\memory.cpp:Memory::MemorySystem::Write:528: unmapped Write8 0x00000000 @ 0x00000C10 at PC 0x010F3548
[   6.357271] HW.Memory <Error> core\memory.cpp:Memory::MemorySystem::Write:528: unmapped Write8 0x00000000 @ 0x00000C11 at PC 0x010F3548
[   6.357271] HW.Memory <Error> core\memory.cpp:Memory::MemorySystem::Write:528: unmapped Write8 0x00000000 @ 0x00000C12 at PC 0x010F3548
[   6.357272] HW.Memory <Error> core\memory.cpp:Memory::MemorySystem::Write:528: unmapped Write8 0x00000000 @ 0x00000C13 at PC 0x010F3548
[   6.357272] HW.Memory <Error> core\memory.cpp:Memory::MemorySystem::Write:528: unmapped Write8 0x00000000 @ 0x00000C14 at PC 0x010F3548
[   6.357273] HW.Memory <Error> core\memory.cpp:Memory::MemorySystem::Write:528: unmapped Write8 0x00000000 @ 0x00000C15 at PC 0x010F3548
[   6.357274] HW.Memory <Error> core\memory.cpp:Memory::MemorySystem::Write:528: unmapped Write8 0x00000000 @ 0x00000C16 at PC 0x010F3548
[   6.357274] HW.Memory <Error> core\memory.cpp:Memory::MemorySystem::Write:528: unmapped Write8 0x00000000 @ 0x00000C17 at PC 0x010F3548
[   6.357275] HW.Memory <Error> core\memory.cpp:Memory::MemorySystem::Write:528: unmapped Write8 0x00000000 @ 0x00000C18 at PC 0x010F3548
[   6.357275] HW.Memory <Error> core\memory.cpp:Memory::MemorySystem::Write:528: unmapped Write8 0x00000000 @ 0x00000C19 at PC 0x010F3548
[   6.357276] HW.Memory <Error> core\memory.cpp:Memory::MemorySystem::Write:528: unmapped Write8 0x00000000 @ 0x00000C1A at PC 0x010F3548
[   6.357276] HW.Memory <Error> core\memory.cpp:Memory::MemorySystem::Write:528: unmapped Write8 0x00000000 @ 0x00000C1B at PC 0x010F3548
[   6.357277] HW.Memory <Error> core\memory.cpp:Memory::MemorySystem::Write:528: unmapped Write8 0x00000000 @ 0x00000C1C at PC 0x010F3548
[   6.357277] HW.Memory <Error> core\memory.cpp:Memory::MemorySystem::Write:528: unmapped Write8 0x00000000 @ 0x00000C1D at PC 0x010F3548
[   6.357278] HW.Memory <Error> core\memory.cpp:Memory::MemorySystem::Write:528: unmapped Write8 0x00000000 @ 0x00000C1E at PC 0x010F3548
[   6.357278] HW.Memory <Error> core\memory.cpp:Memory::MemorySystem::Write:528: unmapped Write8 0x00000000 @ 0x00000C1F at PC 0x010F3548
[   6.357279] HW.Memory <Error> core\memory.cpp:Memory::MemorySystem::Write:528: unmapped Write8 0x00000000 @ 0x00000C20 at PC 0x010F3548
[   6.357279] HW.Memory <Error> core\memory.cpp:Memory::MemorySystem::Write:528: unmapped Write8 0x00000000 @ 0x00000C21 at PC 0x010F3548
[   6.357280] HW.Memory <Error> core\memory.cpp:Memory::MemorySystem::Write:528: unmapped Write8 0x00000000 @ 0x00000C22 at PC 0x010F3548
[   6.357280] HW.Memory <Error> core\memory.cpp:Memory::MemorySystem::Write:528: unmapped Write8 0x00000000 @ 0x00000C23 at PC 0x010F3548
[   6.357281] HW.Memory <Error> core\memory.cpp:Memory::MemorySystem::Write:528: unmapped Write8 0x00000000 @ 0x00000C24 at PC 0x010F3548
[   6.357281] HW.Memory <Error> core\memory.cpp:Memory::MemorySystem::Write:528: unmapped Write8 0x00000000 @ 0x00000C25 at PC 0x010F3548
[   6.357282] HW.Memory <Error> core\memory.cpp:Memory::MemorySystem::Write:528: unmapped Write8 0x00000000 @ 0x00000C26 at PC 0x010F3548
[   6.357282] HW.Memory <Error> core\memory.cpp:Memory::MemorySystem::Write:528: unmapped Write8 0x00000000 @ 0x00000C27 at PC 0x010F3548
[   6.357323] HW.Memory <Error> core\memory.cpp:Memory::MemorySystem::Read:479: unmapped Read8 @ 0x00000C28 at PC 0x010F348C
[   6.357408] HW.Memory <Error> core\memory.cpp:Memory::MemorySystem::Read:479: unmapped Read8 @ 0x00000828 at PC 0x010F04C8
[   6.357533] HW.Memory <Error> core\memory.cpp:Memory::MemorySystem::Write:528: unmapped Write16 0x00000000 @ 0x00000024 at PC 0x010F34E8
[   6.357805] HW.Memory <Error> core\memory.cpp:Memory::MemorySystem::Impl::ReadBlockImpl:178: unmapped ReadBlock @ 0x00000024 (start address = 0x00000024, size = 2) at PC 0x010F0A78
[   6.357817] Service.FS <Error> core\file_sys\archive_sdmc.cpp:FileSys::SDMCArchive::DeleteFile:119: Invalid path [Wchar: ]
[   6.358417] HW.Memory <Error> core\memory.cpp:Memory::MemorySystem::Write:528: unmapped Write8 0x0000002F @ 0x00000828 at PC 0x010F3548
[   6.358418] HW.Memory <Error> core\memory.cpp:Memory::MemorySystem::Write:528: unmapped Write8 0x0000006F @ 0x00000829 at PC 0x010F3548
[   6.358419] HW.Memory <Error> core\memory.cpp:Memory::MemorySystem::Write:528: unmapped Write8 0x00000070 @ 0x0000082A at PC 0x010F3548
[   6.358420] HW.Memory <Error> core\memory.cpp:Memory::MemorySystem::Write:528: unmapped Write8 0x00000065 @ 0x0000082B at PC 0x010F3548
[   6.358421] HW.Memory <Error> core\memory.cpp:Memory::MemorySystem::Write:528: unmapped Write8 0x0000006E @ 0x0000082C at PC 0x010F3548
[   6.358421] HW.Memory <Error> core\memory.cpp:Memory::MemorySystem::Write:528: unmapped Write8 0x00000073 @ 0x0000082D at PC 0x010F3548
[   6.358422] HW.Memory <Error> core\memory.cpp:Memory::MemorySystem::Write:528: unmapped Write8 0x00000062 @ 0x0000082E at PC 0x010F3548
[   6.358423] HW.Memory <Error> core\memory.cpp:Memory::MemorySystem::Write:528: unmapped Write8 0x0000005F @ 0x0000082F at PC 0x010F3548
[   6.358424] HW.Memory <Error> core\memory.cpp:Memory::MemorySystem::Write:528: unmapped Write8 0x0000006D @ 0x00000830 at PC 0x010F3548
[   6.358425] HW.Memory <Error> core\memory.cpp:Memory::MemorySystem::Write:528: unmapped Write8 0x00000061 @ 0x00000831 at PC 0x010F3548
[   6.358425] HW.Memory <Error> core\memory.cpp:Memory::MemorySystem::Write:528: unmapped Write8 0x00000069 @ 0x00000832 at PC 0x010F3548
[   6.358426] HW.Memory <Error> core\memory.cpp:Memory::MemorySystem::Write:528: unmapped Write8 0x0000006E @ 0x00000833 at PC 0x010F3548
[   6.358427] HW.Memory <Error> core\memory.cpp:Memory::MemorySystem::Write:528: unmapped Write8 0x0000002E @ 0x00000834 at PC 0x010F3548
[   6.358428] HW.Memory <Error> core\memory.cpp:Memory::MemorySystem::Write:528: unmapped Write8 0x0000006C @ 0x00000835 at PC 0x010F3548
[   6.358429] HW.Memory <Error> core\memory.cpp:Memory::MemorySystem::Write:528: unmapped Write8 0x0000006F @ 0x00000836 at PC 0x010F3548
[   6.358429] HW.Memory <Error> core\memory.cpp:Memory::MemorySystem::Write:528: unmapped Write8 0x00000067 @ 0x00000837 at PC 0x010F3548
[   6.358430] HW.Memory <Error> core\memory.cpp:Memory::MemorySystem::Write:528: unmapped Write8 0x00000000 @ 0x00000838 at PC 0x010F3548
[   6.358431] HW.Memory <Error> core\memory.cpp:Memory::MemorySystem::Write:528: unmapped Write8 0x00000000 @ 0x00000839 at PC 0x010F3548
[   6.358432] HW.Memory <Error> core\memory.cpp:Memory::MemorySystem::Write:528: unmapped Write8 0x00000000 @ 0x0000083A at PC 0x010F3548
[   6.358433] HW.Memory <Error> core\memory.cpp:Memory::MemorySystem::Write:528: unmapped Write8 0x00000000 @ 0x0000083B at PC 0x010F3548
[   6.358434] HW.Memory <Error> core\memory.cpp:Memory::MemorySystem::Write:528: unmapped Write8 0x00000000 @ 0x0000083C at PC 0x010F3548
[   6.358435] HW.Memory <Error> core\memory.cpp:Memory::MemorySystem::Write:528: unmapped Write8 0x00000000 @ 0x0000083D at PC 0x010F3548
[   6.358436] HW.Memory <Error> core\memory.cpp:Memory::MemorySystem::Write:528: unmapped Write8 0x00000000 @ 0x0000083E at PC 0x010F3548
[   6.358437] HW.Memory <Error> core\memory.cpp:Memory::MemorySystem::Write:528: unmapped Write8 0x00000000 @ 0x0000083F at PC 0x010F3548
[   6.358437] HW.Memory <Error> core\memory.cpp:Memory::MemorySystem::Write:528: unmapped Write8 0x00000000 @ 0x00000840 at PC 0x010F3548
[   6.358438] HW.Memory <Error> core\memory.cpp:Memory::MemorySystem::Write:528: unmapped Write8 0x00000000 @ 0x00000841 at PC 0x010F3548
[   6.358439] HW.Memory <Error> core\memory.cpp:Memory::MemorySystem::Write:528: unmapped Write8 0x00000000 @ 0x00000842 at PC 0x010F3548
[   6.358440] HW.Memory <Error> core\memory.cpp:Memory::MemorySystem::Write:528: unmapped Write8 0x00000000 @ 0x00000843 at PC 0x010F3548
[   6.358441] HW.Memory <Error> core\memory.cpp:Memory::MemorySystem::Write:528: unmapped Write8 0x00000000 @ 0x00000844 at PC 0x010F3548
[   6.358442] HW.Memory <Error> core\memory.cpp:Memory::MemorySystem::Write:528: unmapped Write8 0x00000000 @ 0x00000845 at PC 0x010F3548
[   6.358442] HW.Memory <Error> core\memory.cpp:Memory::MemorySystem::Write:528: unmapped Write8 0x00000000 @ 0x00000846 at PC 0x010F3548
[   6.358443] HW.Memory <Error> core\memory.cpp:Memory::MemorySystem::Write:528: unmapped Write8 0x00000000 @ 0x00000847 at PC 0x010F3548
[   6.358444] HW.Memory <Error> core\memory.cpp:Memory::MemorySystem::Write:528: unmapped Write8 0x00000000 @ 0x00000848 at PC 0x010F3548
[   6.358445] HW.Memory <Error> core\memory.cpp:Memory::MemorySystem::Write:528: unmapped Write8 0x00000000 @ 0x00000849 at PC 0x010F3548
[   6.358446] HW.Memory <Error> core\memory.cpp:Memory::MemorySystem::Write:528: unmapped Write8 0x00000000 @ 0x0000084A at PC 0x010F3548
[   6.358446] HW.Memory <Error> core\memory.cpp:Memory::MemorySystem::Write:528: unmapped Write8 0x00000000 @ 0x0000084B at PC 0x010F3548
[   6.358447] HW.Memory <Error> core\memory.cpp:Memory::MemorySystem::Write:528: unmapped Write8 0x00000000 @ 0x0000084C at PC 0x010F3548
[   6.358448] HW.Memory <Error> core\memory.cpp:Memory::MemorySystem::Write:528: unmapped Write8 0x00000000 @ 0x0000084D at PC 0x010F3548
[   6.358449] HW.Memory <Error> core\memory.cpp:Memory::MemorySystem::Write:528: unmapped Write8 0x00000000 @ 0x0000084E at PC 0x010F3548
[   6.358450] HW.Memory <Error> core\memory.cpp:Memory::MemorySystem::Write:528: unmapped Write8 0x00000000 @ 0x0000084F at PC 0x010F3548
[   6.358450] HW.Memory <Error> core\memory.cpp:Memory::MemorySystem::Write:528: unmapped Write8 0x00000000 @ 0x00000850 at PC 0x010F3548
[   6.358451] HW.Memory <Error> core\memory.cpp:Memory::MemorySystem::Write:528: unmapped Write8 0x00000000 @ 0x00000851 at PC 0x010F3548
[   6.358452] HW.Memory <Error> core\memory.cpp:Memory::MemorySystem::Write:528: unmapped Write8 0x00000000 @ 0x00000852 at PC 0x010F3548
[   6.358453] HW.Memory <Error> core\memory.cpp:Memory::MemorySystem::Write:528: unmapped Write8 0x00000000 @ 0x00000853 at PC 0x010F3548
[   6.358454] HW.Memory <Error> core\memory.cpp:Memory::MemorySystem::Write:528: unmapped Write8 0x00000000 @ 0x00000854 at PC 0x010F3548
[   6.358454] HW.Memory <Error> core\memory.cpp:Memory::MemorySystem::Write:528: unmapped Write8 0x00000000 @ 0x00000855 at PC 0x010F3548
[   6.358455] HW.Memory <Error> core\memory.cpp:Memory::MemorySystem::Write:528: unmapped Write8 0x00000000 @ 0x00000856 at PC 0x010F3548
[   6.358456] HW.Memory <Error> core\memory.cpp:Memory::MemorySystem::Write:528: unmapped Write8 0x00000000 @ 0x00000857 at PC 0x010F3548
[   6.358457] HW.Memory <Error> core\memory.cpp:Memory::MemorySystem::Write:528: unmapped Write8 0x00000000 @ 0x00000858 at PC 0x010F3548
[   6.358458] HW.Memory <Error> core\memory.cpp:Memory::MemorySystem::Write:528: unmapped Write8 0x00000000 @ 0x00000859 at PC 0x010F3548
[   6.358459] HW.Memory <Error> core\memory.cpp:Memory::MemorySystem::Write:528: unmapped Write8 0x00000000 @ 0x0000085A at PC 0x010F3548
[   6.358459] HW.Memory <Error> core\memory.cpp:Memory::MemorySystem::Write:528: unmapped Write8 0x00000000 @ 0x0000085B at PC 0x010F3548
[   6.358460] HW.Memory <Error> core\memory.cpp:Memory::MemorySystem::Write:528: unmapped Write8 0x00000000 @ 0x0000085C at PC 0x010F3548
[   6.358461] HW.Memory <Error> core\memory.cpp:Memory::MemorySystem::Write:528: unmapped Write8 0x00000000 @ 0x0000085D at PC 0x010F3548
[   6.358462] HW.Memory <Error> core\memory.cpp:Memory::MemorySystem::Write:528: unmapped Write8 0x00000000 @ 0x0000085E at PC 0x010F3548
[   6.358463] HW.Memory <Error> core\memory.cpp:Memory::MemorySystem::Write:528: unmapped Write8 0x00000000 @ 0x0000085F at PC 0x010F3548
[   6.358464] HW.Memory <Error> core\memory.cpp:Memory::MemorySystem::Write:528: unmapped Write8 0x00000000 @ 0x00000860 at PC 0x010F3548
[   6.358464] HW.Memory <Error> core\memory.cpp:Memory::MemorySystem::Write:528: unmapped Write8 0x00000000 @ 0x00000861 at PC 0x010F3548
[   6.358466] HW.Memory <Error> core\memory.cpp:Memory::MemorySystem::Write:528: unmapped Write8 0x00000000 @ 0x00000862 at PC 0x010F3548
[   6.358466] HW.Memory <Error> core\memory.cpp:Memory::MemorySystem::Write:528: unmapped Write8 0x00000000 @ 0x00000863 at PC 0x010F3548
[   6.358467] HW.Memory <Error> core\memory.cpp:Memory::MemorySystem::Write:528: unmapped Write8 0x00000000 @ 0x00000864 at PC 0x010F3548
[   6.358468] HW.Memory <Error> core\memory.cpp:Memory::MemorySystem::Write:528: unmapped Write8 0x00000000 @ 0x00000865 at PC 0x010F3548
[   6.358469] HW.Memory <Error> core\memory.cpp:Memory::MemorySystem::Write:528: unmapped Write8 0x00000000 @ 0x00000866 at PC 0x010F3548
[   6.358470] HW.Memory <Error> core\memory.cpp:Memory::MemorySystem::Write:528: unmapped Write8 0x00000000 @ 0x00000867 at PC 0x010F3548
[   6.358471] HW.Memory <Error> core\memory.cpp:Memory::MemorySystem::Write:528: unmapped Write8 0x00000000 @ 0x00000868 at PC 0x010F3548
[   6.358472] HW.Memory <Error> core\memory.cpp:Memory::MemorySystem::Write:528: unmapped Write8 0x00000000 @ 0x00000869 at PC 0x010F3548
[   6.358473] HW.Memory <Error> core\memory.cpp:Memory::MemorySystem::Write:528: unmapped Write8 0x00000000 @ 0x0000086A at PC 0x010F3548
[   6.358474] HW.Memory <Error> core\memory.cpp:Memory::MemorySystem::Write:528: unmapped Write8 0x00000000 @ 0x0000086B at PC 0x010F3548
[   6.358474] HW.Memory <Error> core\memory.cpp:Memory::MemorySystem::Write:528: unmapped Write8 0x00000000 @ 0x0000086C at PC 0x010F3548
[   6.358475] HW.Memory <Error> core\memory.cpp:Memory::MemorySystem::Write:528: unmapped Write8 0x00000000 @ 0x0000086D at PC 0x010F3548
[   6.358476] HW.Memory <Error> core\memory.cpp:Memory::MemorySystem::Write:528: unmapped Write8 0x00000000 @ 0x0000086E at PC 0x010F3548
[   6.358477] HW.Memory <Error> core\memory.cpp:Memory::MemorySystem::Write:528: unmapped Write8 0x00000000 @ 0x0000086F at PC 0x010F3548
[   6.358478] HW.Memory <Error> core\memory.cpp:Memory::MemorySystem::Write:528: unmapped Write8 0x00000000 @ 0x00000870 at PC 0x010F3548
[   6.358479] HW.Memory <Error> core\memory.cpp:Memory::MemorySystem::Write:528: unmapped Write8 0x00000000 @ 0x00000871 at PC 0x010F3548
[   6.358479] HW.Memory <Error> core\memory.cpp:Memory::MemorySystem::Write:528: unmapped Write8 0x00000000 @ 0x00000872 at PC 0x010F3548
[   6.358480] HW.Memory <Error> core\memory.cpp:Memory::MemorySystem::Write:528: unmapped Write8 0x00000000 @ 0x00000873 at PC 0x010F3548
[   6.358481] HW.Memory <Error> core\memory.cpp:Memory::MemorySystem::Write:528: unmapped Write8 0x00000000 @ 0x00000874 at PC 0x010F3548
[   6.358482] HW.Memory <Error> core\memory.cpp:Memory::MemorySystem::Write:528: unmapped Write8 0x00000000 @ 0x00000875 at PC 0x010F3548
[   6.358483] HW.Memory <Error> core\memory.cpp:Memory::MemorySystem::Write:528: unmapped Write8 0x00000000 @ 0x00000876 at PC 0x010F3548
[   6.358484] HW.Memory <Error> core\memory.cpp:Memory::MemorySystem::Write:528: unmapped Write8 0x00000000 @ 0x00000877 at PC 0x010F3548
[   6.358484] HW.Memory <Error> core\memory.cpp:Memory::MemorySystem::Write:528: unmapped Write8 0x00000000 @ 0x00000878 at PC 0x010F3548
[   6.358485] HW.Memory <Error> core\memory.cpp:Memory::MemorySystem::Write:528: unmapped Write8 0x00000000 @ 0x00000879 at PC 0x010F3548
[   6.358486] HW.Memory <Error> core\memory.cpp:Memory::MemorySystem::Write:528: unmapped Write8 0x00000000 @ 0x0000087A at PC 0x010F3548
[   6.358487] HW.Memory <Error> core\memory.cpp:Memory::MemorySystem::Write:528: unmapped Write8 0x00000000 @ 0x0000087B at PC 0x010F3548
[   6.358488] HW.Memory <Error> core\memory.cpp:Memory::MemorySystem::Write:528: unmapped Write8 0x00000000 @ 0x0000087C at PC 0x010F3548
[   6.358489] HW.Memory <Error> core\memory.cpp:Memory::MemorySystem::Write:528: unmapped Write8 0x00000000 @ 0x0000087D at PC 0x010F3548
[   6.358490] HW.Memory <Error> core\memory.cpp:Memory::MemorySystem::Write:528: unmapped Write8 0x00000000 @ 0x0000087E at PC 0x010F3548
[   6.358491] HW.Memory <Error> core\memory.cpp:Memory::MemorySystem::Write:528: unmapped Write8 0x00000000 @ 0x0000087F at PC 0x010F3548
[   6.358491] HW.Memory <Error> core\memory.cpp:Memory::MemorySystem::Write:528: unmapped Write8 0x00000000 @ 0x00000880 at PC 0x010F3548
[   6.358492] HW.Memory <Error> core\memory.cpp:Memory::MemorySystem::Write:528: unmapped Write8 0x00000000 @ 0x00000881 at PC 0x010F3548
[   6.358493] HW.Memory <Error> core\memory.cpp:Memory::MemorySystem::Write:528: unmapped Write8 0x00000000 @ 0x00000882 at PC 0x010F3548
[   6.358494] HW.Memory <Error> core\memory.cpp:Memory::MemorySystem::Write:528: unmapped Write8 0x00000000 @ 0x00000883 at PC 0x010F3548
[   6.358495] HW.Memory <Error> core\memory.cpp:Memory::MemorySystem::Write:528: unmapped Write8 0x00000000 @ 0x00000884 at PC 0x010F3548
[   6.358496] HW.Memory <Error> core\memory.cpp:Memory::MemorySystem::Write:528: unmapped Write8 0x00000000 @ 0x00000885 at PC 0x010F3548
[   6.358497] HW.Memory <Error> core\memory.cpp:Memory::MemorySystem::Write:528: unmapped Write8 0x00000000 @ 0x00000886 at PC 0x010F3548
[   6.358498] HW.Memory <Error> core\memory.cpp:Memory::MemorySystem::Write:528: unmapped Write8 0x00000000 @ 0x00000887 at PC 0x010F3548
[   6.358499] HW.Memory <Error> core\memory.cpp:Memory::MemorySystem::Write:528: unmapped Write8 0x00000000 @ 0x00000888 at PC 0x010F3548
[   6.358499] HW.Memory <Error> core\memory.cpp:Memory::MemorySystem::Write:528: unmapped Write8 0x00000000 @ 0x00000889 at PC 0x010F3548
[   6.358500] HW.Memory <Error> core\memory.cpp:Memory::MemorySystem::Write:528: unmapped Write8 0x00000000 @ 0x0000088A at PC 0x010F3548
[   6.358501] HW.Memory <Error> core\memory.cpp:Memory::MemorySystem::Write:528: unmapped Write8 0x00000000 @ 0x0000088B at PC 0x010F3548
[   6.358502] HW.Memory <Error> core\memory.cpp:Memory::MemorySystem::Write:528: unmapped Write8 0x00000000 @ 0x0000088C at PC 0x010F3548
[   6.358503] HW.Memory <Error> core\memory.cpp:Memory::MemorySystem::Write:528: unmapped Write8 0x00000000 @ 0x0000088D at PC 0x010F3548
[   6.358504] HW.Memory <Error> core\memory.cpp:Memory::MemorySystem::Write:528: unmapped Write8 0x00000000 @ 0x0000088E at PC 0x010F3548
[   6.358505] HW.Memory <Error> core\memory.cpp:Memory::MemorySystem::Write:528: unmapped Write8 0x00000000 @ 0x0000088F at PC 0x010F3548
[   6.358506] HW.Memory <Error> core\memory.cpp:Memory::MemorySystem::Write:528: unmapped Write8 0x00000000 @ 0x00000890 at PC 0x010F3548
[   6.358507] HW.Memory <Error> core\memory.cpp:Memory::MemorySystem::Write:528: unmapped Write8 0x00000000 @ 0x00000891 at PC 0x010F3548
[   6.358508] HW.Memory <Error> core\memory.cpp:Memory::MemorySystem::Write:528: unmapped Write8 0x00000000 @ 0x00000892 at PC 0x010F3548
[   6.358508] HW.Memory <Error> core\memory.cpp:Memory::MemorySystem::Write:528: unmapped Write8 0x00000000 @ 0x00000893 at PC 0x010F3548
[   6.358509] HW.Memory <Error> core\memory.cpp:Memory::MemorySystem::Write:528: unmapped Write8 0x00000000 @ 0x00000894 at PC 0x010F3548
[   6.358510] HW.Memory <Error> core\memory.cpp:Memory::MemorySystem::Write:528: unmapped Write8 0x00000000 @ 0x00000895 at PC 0x010F3548
[   6.358511] HW.Memory <Error> core\memory.cpp:Memory::MemorySystem::Write:528: unmapped Write8 0x00000000 @ 0x00000896 at PC 0x010F3548
[   6.358512] HW.Memory <Error> core\memory.cpp:Memory::MemorySystem::Write:528: unmapped Write8 0x00000000 @ 0x00000897 at PC 0x010F3548
[   6.358513] HW.Memory <Error> core\memory.cpp:Memory::MemorySystem::Write:528: unmapped Write8 0x00000000 @ 0x00000898 at PC 0x010F3548
[   6.358513] HW.Memory <Error> core\memory.cpp:Memory::MemorySystem::Write:528: unmapped Write8 0x00000000 @ 0x00000899 at PC 0x010F3548
[   6.358514] HW.Memory <Error> core\memory.cpp:Memory::MemorySystem::Write:528: unmapped Write8 0x00000000 @ 0x0000089A at PC 0x010F3548
[   6.358515] HW.Memory <Error> core\memory.cpp:Memory::MemorySystem::Write:528: unmapped Write8 0x00000000 @ 0x0000089B at PC 0x010F3548
[   6.358516] HW.Memory <Error> core\memory.cpp:Memory::MemorySystem::Write:528: unmapped Write8 0x00000000 @ 0x0000089C at PC 0x010F3548
[   6.358517] HW.Memory <Error> core\memory.cpp:Memory::MemorySystem::Write:528: unmapped Write8 0x00000000 @ 0x0000089D at PC 0x010F3548
[   6.358518] HW.Memory <Error> core\memory.cpp:Memory::MemorySystem::Write:528: unmapped Write8 0x00000000 @ 0x0000089E at PC 0x010F3548
[   6.358518] HW.Memory <Error> core\memory.cpp:Memory::MemorySystem::Write:528: unmapped Write8 0x00000000 @ 0x0000089F at PC 0x010F3548
[   6.358519] HW.Memory <Error> core\memory.cpp:Memory::MemorySystem::Write:528: unmapped Write8 0x00000000 @ 0x000008A0 at PC 0x010F3548
[   6.358520] HW.Memory <Error> core\memory.cpp:Memory::MemorySystem::Write:528: unmapped Write8 0x00000000 @ 0x000008A1 at PC 0x010F3548
[   6.358521] HW.Memory <Error> core\memory.cpp:Memory::MemorySystem::Write:528: unmapped Write8 0x00000000 @ 0x000008A2 at PC 0x010F3548
[   6.358522] HW.Memory <Error> core\memory.cpp:Memory::MemorySystem::Write:528: unmapped Write8 0x00000000 @ 0x000008A3 at PC 0x010F3548
[   6.358523] HW.Memory <Error> core\memory.cpp:Memory::MemorySystem::Write:528: unmapped Write8 0x00000000 @ 0x000008A4 at PC 0x010F3548
[   6.358523] HW.Memory <Error> core\memory.cpp:Memory::MemorySystem::Write:528: unmapped Write8 0x00000000 @ 0x000008A5 at PC 0x010F3548
[   6.358524] HW.Memory <Error> core\memory.cpp:Memory::MemorySystem::Write:528: unmapped Write8 0x00000000 @ 0x000008A6 at PC 0x010F3548
[   6.358525] HW.Memory <Error> core\memory.cpp:Memory::MemorySystem::Write:528: unmapped Write8 0x00000000 @ 0x000008A7 at PC 0x010F3548
[   6.358526] HW.Memory <Error> core\memory.cpp:Memory::MemorySystem::Write:528: unmapped Write8 0x00000000 @ 0x000008A8 at PC 0x010F3548
[   6.358527] HW.Memory <Error> core\memory.cpp:Memory::MemorySystem::Write:528: unmapped Write8 0x00000000 @ 0x000008A9 at PC 0x010F3548
[   6.358528] HW.Memory <Error> core\memory.cpp:Memory::MemorySystem::Write:528: unmapped Write8 0x00000000 @ 0x000008AA at PC 0x010F3548
[   6.358529] HW.Memory <Error> core\memory.cpp:Memory::MemorySystem::Write:528: unmapped Write8 0x00000000 @ 0x000008AB at PC 0x010F3548
[   6.358530] HW.Memory <Error> core\memory.cpp:Memory::MemorySystem::Write:528: unmapped Write8 0x00000000 @ 0x000008AC at PC 0x010F3548
[   6.358531] HW.Memory <Error> core\memory.cpp:Memory::MemorySystem::Write:528: unmapped Write8 0x00000000 @ 0x000008AD at PC 0x010F3548
[   6.358532] HW.Memory <Error> core\memory.cpp:Memory::MemorySystem::Write:528: unmapped Write8 0x00000000 @ 0x000008AE at PC 0x010F3548
[   6.358533] HW.Memory <Error> core\memory.cpp:Memory::MemorySystem::Write:528: unmapped Write8 0x00000000 @ 0x000008AF at PC 0x010F3548
[   6.358534] HW.Memory <Error> core\memory.cpp:Memory::MemorySystem::Write:528: unmapped Write8 0x00000000 @ 0x000008B0 at PC 0x010F3548
[   6.358534] HW.Memory <Error> core\memory.cpp:Memory::MemorySystem::Write:528: unmapped Write8 0x00000000 @ 0x000008B1 at PC 0x010F3548
[   6.358535] HW.Memory <Error> core\memory.cpp:Memory::MemorySystem::Write:528: unmapped Write8 0x00000000 @ 0x000008B2 at PC 0x010F3548
[   6.358536] HW.Memory <Error> core\memory.cpp:Memory::MemorySystem::Write:528: unmapped Write8 0x00000000 @ 0x000008B3 at PC 0x010F3548
[   6.358537] HW.Memory <Error> core\memory.cpp:Memory::MemorySystem::Write:528: unmapped Write8 0x00000000 @ 0x000008B4 at PC 0x010F3548
[   6.358538] HW.Memory <Error> core\memory.cpp:Memory::MemorySystem::Write:528: unmapped Write8 0x00000000 @ 0x000008B5 at PC 0x010F3548
[   6.358539] HW.Memory <Error> core\memory.cpp:Memory::MemorySystem::Write:528: unmapped Write8 0x00000000 @ 0x000008B6 at PC 0x010F3548
[   6.358540] HW.Memory <Error> core\memory.cpp:Memory::MemorySystem::Write:528: unmapped Write8 0x00000000 @ 0x000008B7 at PC 0x010F3548
[   6.358541] HW.Memory <Error> core\memory.cpp:Memory::MemorySystem::Write:528: unmapped Write8 0x00000000 @ 0x000008B8 at PC 0x010F3548
[   6.358542] HW.Memory <Error> core\memory.cpp:Memory::MemorySystem::Write:528: unmapped Write8 0x00000000 @ 0x000008B9 at PC 0x010F3548
[   6.358543] HW.Memory <Error> core\memory.cpp:Memory::MemorySystem::Write:528: unmapped Write8 0x00000000 @ 0x000008BA at PC 0x010F3548
[   6.358544] HW.Memory <Error> core\memory.cpp:Memory::MemorySystem::Write:528: unmapped Write8 0x00000000 @ 0x000008BB at PC 0x010F3548
[   6.358544] HW.Memory <Error> core\memory.cpp:Memory::MemorySystem::Write:528: unmapped Write8 0x00000000 @ 0x000008BC at PC 0x010F3548
[   6.358545] HW.Memory <Error> core\memory.cpp:Memory::MemorySystem::Write:528: unmapped Write8 0x00000000 @ 0x000008BD at PC 0x010F3548
[   6.358546] HW.Memory <Error> core\memory.cpp:Memory::MemorySystem::Write:528: unmapped Write8 0x00000000 @ 0x000008BE at PC 0x010F3548
[   6.358548] HW.Memory <Error> core\memory.cpp:Memory::MemorySystem::Write:528: unmapped Write8 0x00000000 @ 0x000008BF at PC 0x010F3548
[   6.358548] HW.Memory <Error> core\memory.cpp:Memory::MemorySystem::Write:528: unmapped Write8 0x00000000 @ 0x000008C0 at PC 0x010F3548
[   6.358549] HW.Memory <Error> core\memory.cpp:Memory::MemorySystem::Write:528: unmapped Write8 0x00000000 @ 0x000008C1 at PC 0x010F3548
[   6.358550] HW.Memory <Error> core\memory.cpp:Memory::MemorySystem::Write:528: unmapped Write8 0x00000000 @ 0x000008C2 at PC 0x010F3548
[   6.358551] HW.Memory <Error> core\memory.cpp:Memory::MemorySystem::Write:528: unmapped Write8 0x00000000 @ 0x000008C3 at PC 0x010F3548
[   6.358552] HW.Memory <Error> core\memory.cpp:Memory::MemorySystem::Write:528: unmapped Write8 0x00000000 @ 0x000008C4 at PC 0x010F3548
[   6.358553] HW.Memory <Error> core\memory.cpp:Memory::MemorySystem::Write:528: unmapped Write8 0x00000000 @ 0x000008C5 at PC 0x010F3548
[   6.358554] HW.Memory <Error> core\memory.cpp:Memory::MemorySystem::Write:528: unmapped Write8 0x00000000 @ 0x000008C6 at PC 0x010F3548
[   6.358555] HW.Memory <Error> core\memory.cpp:Memory::MemorySystem::Write:528: unmapped Write8 0x00000000 @ 0x000008C7 at PC 0x010F3548
[   6.358556] HW.Memory <Error> core\memory.cpp:Memory::MemorySystem::Write:528: unmapped Write8 0x00000000 @ 0x000008C8 at PC 0x010F3548
[   6.358557] HW.Memory <Error> core\memory.cpp:Memory::MemorySystem::Write:528: unmapped Write8 0x00000000 @ 0x000008C9 at PC 0x010F3548
[   6.358558] HW.Memory <Error> core\memory.cpp:Memory::MemorySystem::Write:528: unmapped Write8 0x00000000 @ 0x000008CA at PC 0x010F3548
[   6.358559] HW.Memory <Error> core\memory.cpp:Memory::MemorySystem::Write:528: unmapped Write8 0x00000000 @ 0x000008CB at PC 0x010F3548
[   6.358560] HW.Memory <Error> core\memory.cpp:Memory::MemorySystem::Write:528: unmapped Write8 0x00000000 @ 0x000008CC at PC 0x010F3548
[   6.358561] HW.Memory <Error> core\memory.cpp:Memory::MemorySystem::Write:528: unmapped Write8 0x00000000 @ 0x000008CD at PC 0x010F3548
[   6.358562] HW.Memory <Error> core\memory.cpp:Memory::MemorySystem::Write:528: unmapped Write8 0x00000000 @ 0x000008CE at PC 0x010F3548
[   6.358563] HW.Memory <Error> core\memory.cpp:Memory::MemorySystem::Write:528: unmapped Write8 0x00000000 @ 0x000008CF at PC 0x010F3548
[   6.358564] HW.Memory <Error> core\memory.cpp:Memory::MemorySystem::Write:528: unmapped Write8 0x00000000 @ 0x000008D0 at PC 0x010F3548
[   6.358565] HW.Memory <Error> core\memory.cpp:Memory::MemorySystem::Write:528: unmapped Write8 0x00000000 @ 0x000008D1 at PC 0x010F3548
[   6.358566] HW.Memory <Error> core\memory.cpp:Memory::MemorySystem::Write:528: unmapped Write8 0x00000000 @ 0x000008D2 at PC 0x010F3548
[   6.358567] HW.Memory <Error> core\memory.cpp:Memory::MemorySystem::Write:528: unmapped Write8 0x00000000 @ 0x000008D3 at PC 0x010F3548
[   6.358567] HW.Memory <Error> core\memory.cpp:Memory::MemorySystem::Write:528: unmapped Write8 0x00000000 @ 0x000008D4 at PC 0x010F3548
[   6.358568] HW.Memory <Error> core\memory.cpp:Memory::MemorySystem::Write:528: unmapped Write8 0x00000000 @ 0x000008D5 at PC 0x010F3548
[   6.358569] HW.Memory <Error> core\memory.cpp:Memory::MemorySystem::Write:528: unmapped Write8 0x00000000 @ 0x000008D6 at PC 0x010F3548
[   6.358569] HW.Memory <Error> core\memory.cpp:Memory::MemorySystem::Write:528: unmapped Write8 0x00000000 @ 0x000008D7 at PC 0x010F3548
[   6.358570] HW.Memory <Error> core\memory.cpp:Memory::MemorySystem::Write:528: unmapped Write8 0x00000000 @ 0x000008D8 at PC 0x010F3548
[   6.358570] HW.Memory <Error> core\memory.cpp:Memory::MemorySystem::Write:528: unmapped Write8 0x00000000 @ 0x000008D9 at PC 0x010F3548
[   6.358571] HW.Memory <Error> core\memory.cpp:Memory::MemorySystem::Write:528: unmapped Write8 0x00000000 @ 0x000008DA at PC 0x010F3548
[   6.358571] HW.Memory <Error> core\memory.cpp:Memory::MemorySystem::Write:528: unmapped Write8 0x00000000 @ 0x000008DB at PC 0x010F3548
[   6.358572] HW.Memory <Error> core\memory.cpp:Memory::MemorySystem::Write:528: unmapped Write8 0x00000000 @ 0x000008DC at PC 0x010F3548
[   6.358572] HW.Memory <Error> core\memory.cpp:Memory::MemorySystem::Write:528: unmapped Write8 0x00000000 @ 0x000008DD at PC 0x010F3548
[   6.358573] HW.Memory <Error> core\memory.cpp:Memory::MemorySystem::Write:528: unmapped Write8 0x00000000 @ 0x000008DE at PC 0x010F3548
[   6.358573] HW.Memory <Error> core\memory.cpp:Memory::MemorySystem::Write:528: unmapped Write8 0x00000000 @ 0x000008DF at PC 0x010F3548
[   6.358574] HW.Memory <Error> core\memory.cpp:Memory::MemorySystem::Write:528: unmapped Write8 0x00000000 @ 0x000008E0 at PC 0x010F3548
[   6.358575] HW.Memory <Error> core\memory.cpp:Memory::MemorySystem::Write:528: unmapped Write8 0x00000000 @ 0x000008E1 at PC 0x010F3548
[   6.358575] HW.Memory <Error> core\memory.cpp:Memory::MemorySystem::Write:528: unmapped Write8 0x00000000 @ 0x000008E2 at PC 0x010F3548
[   6.358576] HW.Memory <Error> core\memory.cpp:Memory::MemorySystem::Write:528: unmapped Write8 0x00000000 @ 0x000008E3 at PC 0x010F3548
[   6.358576] HW.Memory <Error> core\memory.cpp:Memory::MemorySystem::Write:528: unmapped Write8 0x00000000 @ 0x000008E4 at PC 0x010F3548
[   6.358577] HW.Memory <Error> core\memory.cpp:Memory::MemorySystem::Write:528: unmapped Write8 0x00000000 @ 0x000008E5 at PC 0x010F3548
[   6.358577] HW.Memory <Error> core\memory.cpp:Memory::MemorySystem::Write:528: unmapped Write8 0x00000000 @ 0x000008E6 at PC 0x010F3548
[   6.358578] HW.Memory <Error> core\memory.cpp:Memory::MemorySystem::Write:528: unmapped Write8 0x00000000 @ 0x000008E7 at PC 0x010F3548
[   6.358578] HW.Memory <Error> core\memory.cpp:Memory::MemorySystem::Write:528: unmapped Write8 0x00000000 @ 0x000008E8 at PC 0x010F3548
[   6.358579] HW.Memory <Error> core\memory.cpp:Memory::MemorySystem::Write:528: unmapped Write8 0x00000000 @ 0x000008E9 at PC 0x010F3548
[   6.358580] HW.Memory <Error> core\memory.cpp:Memory::MemorySystem::Write:528: unmapped Write8 0x00000000 @ 0x000008EA at PC 0x010F3548
[   6.358580] HW.Memory <Error> core\memory.cpp:Memory::MemorySystem::Write:528: unmapped Write8 0x00000000 @ 0x000008EB at PC 0x010F3548
[   6.358581] HW.Memory <Error> core\memory.cpp:Memory::MemorySystem::Write:528: unmapped Write8 0x00000000 @ 0x000008EC at PC 0x010F3548
[   6.358581] HW.Memory <Error> core\memory.cpp:Memory::MemorySystem::Write:528: unmapped Write8 0x00000000 @ 0x000008ED at PC 0x010F3548
[   6.358582] HW.Memory <Error> core\memory.cpp:Memory::MemorySystem::Write:528: unmapped Write8 0x00000000 @ 0x000008EE at PC 0x010F3548
[   6.358582] HW.Memory <Error> core\memory.cpp:Memory::MemorySystem::Write:528: unmapped Write8 0x00000000 @ 0x000008EF at PC 0x010F3548
[   6.358583] HW.Memory <Error> core\memory.cpp:Memory::MemorySystem::Write:528: unmapped Write8 0x00000000 @ 0x000008F0 at PC 0x010F3548
[   6.358583] HW.Memory <Error> core\memory.cpp:Memory::MemorySystem::Write:528: unmapped Write8 0x00000000 @ 0x000008F1 at PC 0x010F3548
[   6.358584] HW.Memory <Error> core\memory.cpp:Memory::MemorySystem::Write:528: unmapped Write8 0x00000000 @ 0x000008F2 at PC 0x010F3548
[   6.358584] HW.Memory <Error> core\memory.cpp:Memory::MemorySystem::Write:528: unmapped Write8 0x00000000 @ 0x000008F3 at PC 0x010F3548
[   6.358585] HW.Memory <Error> core\memory.cpp:Memory::MemorySystem::Write:528: unmapped Write8 0x00000000 @ 0x000008F4 at PC 0x010F3548
[   6.358585] HW.Memory <Error> core\memory.cpp:Memory::MemorySystem::Write:528: unmapped Write8 0x00000000 @ 0x000008F5 at PC 0x010F3548
[   6.358586] HW.Memory <Error> core\memory.cpp:Memory::MemorySystem::Write:528: unmapped Write8 0x00000000 @ 0x000008F6 at PC 0x010F3548
[   6.358586] HW.Memory <Error> core\memory.cpp:Memory::MemorySystem::Write:528: unmapped Write8 0x00000000 @ 0x000008F7 at PC 0x010F3548
[   6.358587] HW.Memory <Error> core\memory.cpp:Memory::MemorySystem::Write:528: unmapped Write8 0x00000000 @ 0x000008F8 at PC 0x010F3548
[   6.358588] HW.Memory <Error> core\memory.cpp:Memory::MemorySystem::Write:528: unmapped Write8 0x00000000 @ 0x000008F9 at PC 0x010F3548
[   6.358588] HW.Memory <Error> core\memory.cpp:Memory::MemorySystem::Write:528: unmapped Write8 0x00000000 @ 0x000008FA at PC 0x010F3548
[   6.358589] HW.Memory <Error> core\memory.cpp:Memory::MemorySystem::Write:528: unmapped Write8 0x00000000 @ 0x000008FB at PC 0x010F3548
[   6.358589] HW.Memory <Error> core\memory.cpp:Memory::MemorySystem::Write:528: unmapped Write8 0x00000000 @ 0x000008FC at PC 0x010F3548
[   6.358590] HW.Memory <Error> core\memory.cpp:Memory::MemorySystem::Write:528: unmapped Write8 0x00000000 @ 0x000008FD at PC 0x010F3548
[   6.358590] HW.Memory <Error> core\memory.cpp:Memory::MemorySystem::Write:528: unmapped Write8 0x00000000 @ 0x000008FE at PC 0x010F3548
[   6.358591] HW.Memory <Error> core\memory.cpp:Memory::MemorySystem::Write:528: unmapped Write8 0x00000000 @ 0x000008FF at PC 0x010F3548
[   6.358591] HW.Memory <Error> core\memory.cpp:Memory::MemorySystem::Write:528: unmapped Write8 0x00000000 @ 0x00000900 at PC 0x010F3548
[   6.358592] HW.Memory <Error> core\memory.cpp:Memory::MemorySystem::Write:528: unmapped Write8 0x00000000 @ 0x00000901 at PC 0x010F3548
[   6.358592] HW.Memory <Error> core\memory.cpp:Memory::MemorySystem::Write:528: unmapped Write8 0x00000000 @ 0x00000902 at PC 0x010F3548
[   6.358593] HW.Memory <Error> core\memory.cpp:Memory::MemorySystem::Write:528: unmapped Write8 0x00000000 @ 0x00000903 at PC 0x010F3548
[   6.358593] HW.Memory <Error> core\memory.cpp:Memory::MemorySystem::Write:528: unmapped Write8 0x00000000 @ 0x00000904 at PC 0x010F3548
[   6.358594] HW.Memory <Error> core\memory.cpp:Memory::MemorySystem::Write:528: unmapped Write8 0x00000000 @ 0x00000905 at PC 0x010F3548
[   6.358595] HW.Memory <Error> core\memory.cpp:Memory::MemorySystem::Write:528: unmapped Write8 0x00000000 @ 0x00000906 at PC 0x010F3548
[   6.358595] HW.Memory <Error> core\memory.cpp:Memory::MemorySystem::Write:528: unmapped Write8 0x00000000 @ 0x00000907 at PC 0x010F3548
[   6.358596] HW.Memory <Error> core\memory.cpp:Memory::MemorySystem::Write:528: unmapped Write8 0x00000000 @ 0x00000908 at PC 0x010F3548
[   6.358596] HW.Memory <Error> core\memory.cpp:Memory::MemorySystem::Write:528: unmapped Write8 0x00000000 @ 0x00000909 at PC 0x010F3548
[   6.358597] HW.Memory <Error> core\memory.cpp:Memory::MemorySystem::Write:528: unmapped Write8 0x00000000 @ 0x0000090A at PC 0x010F3548
[   6.358597] HW.Memory <Error> core\memory.cpp:Memory::MemorySystem::Write:528: unmapped Write8 0x00000000 @ 0x0000090B at PC 0x010F3548
[   6.358598] HW.Memory <Error> core\memory.cpp:Memory::MemorySystem::Write:528: unmapped Write8 0x00000000 @ 0x0000090C at PC 0x010F3548
[   6.358598] HW.Memory <Error> core\memory.cpp:Memory::MemorySystem::Write:528: unmapped Write8 0x00000000 @ 0x0000090D at PC 0x010F3548
[   6.358599] HW.Memory <Error> core\memory.cpp:Memory::MemorySystem::Write:528: unmapped Write8 0x00000000 @ 0x0000090E at PC 0x010F3548
[   6.358599] HW.Memory <Error> core\memory.cpp:Memory::MemorySystem::Write:528: unmapped Write8 0x00000000 @ 0x0000090F at PC 0x010F3548
[   6.358600] HW.Memory <Error> core\memory.cpp:Memory::MemorySystem::Write:528: unmapped Write8 0x00000000 @ 0x00000910 at PC 0x010F3548
[   6.358600] HW.Memory <Error> core\memory.cpp:Memory::MemorySystem::Write:528: unmapped Write8 0x00000000 @ 0x00000911 at PC 0x010F3548
[   6.358601] HW.Memory <Error> core\memory.cpp:Memory::MemorySystem::Write:528: unmapped Write8 0x00000000 @ 0x00000912 at PC 0x010F3548
[   6.358602] HW.Memory <Error> core\memory.cpp:Memory::MemorySystem::Write:528: unmapped Write8 0x00000000 @ 0x00000913 at PC 0x010F3548
[   6.358602] HW.Memory <Error> core\memory.cpp:Memory::MemorySystem::Write:528: unmapped Write8 0x00000000 @ 0x00000914 at PC 0x010F3548
[   6.358603] HW.Memory <Error> core\memory.cpp:Memory::MemorySystem::Write:528: unmapped Write8 0x00000000 @ 0x00000915 at PC 0x010F3548
[   6.358603] HW.Memory <Error> core\memory.cpp:Memory::MemorySystem::Write:528: unmapped Write8 0x00000000 @ 0x00000916 at PC 0x010F3548
[   6.358604] HW.Memory <Error> core\memory.cpp:Memory::MemorySystem::Write:528: unmapped Write8 0x00000000 @ 0x00000917 at PC 0x010F3548
[   6.358604] HW.Memory <Error> core\memory.cpp:Memory::MemorySystem::Write:528: unmapped Write8 0x00000000 @ 0x00000918 at PC 0x010F3548
[   6.358605] HW.Memory <Error> core\memory.cpp:Memory::MemorySystem::Write:528: unmapped Write8 0x00000000 @ 0x00000919 at PC 0x010F3548
[   6.358605] HW.Memory <Error> core\memory.cpp:Memory::MemorySystem::Write:528: unmapped Write8 0x00000000 @ 0x0000091A at PC 0x010F3548
[   6.358606] HW.Memory <Error> core\memory.cpp:Memory::MemorySystem::Write:528: unmapped Write8 0x00000000 @ 0x0000091B at PC 0x010F3548
[   6.358606] HW.Memory <Error> core\memory.cpp:Memory::MemorySystem::Write:528: unmapped Write8 0x00000000 @ 0x0000091C at PC 0x010F3548
[   6.358607] HW.Memory <Error> core\memory.cpp:Memory::MemorySystem::Write:528: unmapped Write8 0x00000000 @ 0x0000091D at PC 0x010F3548
[   6.358607] HW.Memory <Error> core\memory.cpp:Memory::MemorySystem::Write:528: unmapped Write8 0x00000000 @ 0x0000091E at PC 0x010F3548
[   6.358608] HW.Memory <Error> core\memory.cpp:Memory::MemorySystem::Write:528: unmapped Write8 0x00000000 @ 0x0000091F at PC 0x010F3548
[   6.358609] HW.Memory <Error> core\memory.cpp:Memory::MemorySystem::Write:528: unmapped Write8 0x00000000 @ 0x00000920 at PC 0x010F3548
[   6.358609] HW.Memory <Error> core\memory.cpp:Memory::MemorySystem::Write:528: unmapped Write8 0x00000000 @ 0x00000921 at PC 0x010F3548
[   6.358610] HW.Memory <Error> core\memory.cpp:Memory::MemorySystem::Write:528: unmapped Write8 0x00000000 @ 0x00000922 at PC 0x010F3548
[   6.358610] HW.Memory <Error> core\memory.cpp:Memory::MemorySystem::Write:528: unmapped Write8 0x00000000 @ 0x00000923 at PC 0x010F3548
[   6.358611] HW.Memory <Error> core\memory.cpp:Memory::MemorySystem::Write:528: unmapped Write8 0x00000000 @ 0x00000924 at PC 0x010F3548
[   6.358612] HW.Memory <Error> core\memory.cpp:Memory::MemorySystem::Write:528: unmapped Write8 0x00000000 @ 0x00000925 at PC 0x010F3548
[   6.358612] HW.Memory <Error> core\memory.cpp:Memory::MemorySystem::Write:528: unmapped Write8 0x00000000 @ 0x00000926 at PC 0x010F3548
[   6.358613] HW.Memory <Error> core\memory.cpp:Memory::MemorySystem::Write:528: unmapped Write8 0x00000000 @ 0x00000927 at PC 0x010F3548
[   6.358613] HW.Memory <Error> core\memory.cpp:Memory::MemorySystem::Write:528: unmapped Write8 0x00000000 @ 0x00000928 at PC 0x010F3548
[   6.358614] HW.Memory <Error> core\memory.cpp:Memory::MemorySystem::Write:528: unmapped Write8 0x00000000 @ 0x00000929 at PC 0x010F3548
[   6.358614] HW.Memory <Error> core\memory.cpp:Memory::MemorySystem::Write:528: unmapped Write8 0x00000000 @ 0x0000092A at PC 0x010F3548
[   6.358615] HW.Memory <Error> core\memory.cpp:Memory::MemorySystem::Write:528: unmapped Write8 0x00000000 @ 0x0000092B at PC 0x010F3548
[   6.358615] HW.Memory <Error> core\memory.cpp:Memory::MemorySystem::Write:528: unmapped Write8 0x00000000 @ 0x0000092C at PC 0x010F3548
[   6.358616] HW.Memory <Error> core\memory.cpp:Memory::MemorySystem::Write:528: unmapped Write8 0x00000000 @ 0x0000092D at PC 0x010F3548
[   6.358617] HW.Memory <Error> core\memory.cpp:Memory::MemorySystem::Write:528: unmapped Write8 0x00000000 @ 0x0000092E at PC 0x010F3548
[   6.358617] HW.Memory <Error> core\memory.cpp:Memory::MemorySystem::Write:528: unmapped Write8 0x00000000 @ 0x0000092F at PC 0x010F3548
[   6.358618] HW.Memory <Error> core\memory.cpp:Memory::MemorySystem::Write:528: unmapped Write8 0x00000000 @ 0x00000930 at PC 0x010F3548
[   6.358618] HW.Memory <Error> core\memory.cpp:Memory::MemorySystem::Write:528: unmapped Write8 0x00000000 @ 0x00000931 at PC 0x010F3548
[   6.358619] HW.Memory <Error> core\memory.cpp:Memory::MemorySystem::Write:528: unmapped Write8 0x00000000 @ 0x00000932 at PC 0x010F3548
[   6.358620] HW.Memory <Error> core\memory.cpp:Memory::MemorySystem::Write:528: unmapped Write8 0x00000000 @ 0x00000933 at PC 0x010F3548
[   6.358620] HW.Memory <Error> core\memory.cpp:Memory::MemorySystem::Write:528: unmapped Write8 0x00000000 @ 0x00000934 at PC 0x010F3548
[   6.358621] HW.Memory <Error> core\memory.cpp:Memory::MemorySystem::Write:528: unmapped Write8 0x00000000 @ 0x00000935 at PC 0x010F3548
[   6.358621] HW.Memory <Error> core\memory.cpp:Memory::MemorySystem::Write:528: unmapped Write8 0x00000000 @ 0x00000936 at PC 0x010F3548
[   6.358622] HW.Memory <Error> core\memory.cpp:Memory::MemorySystem::Write:528: unmapped Write8 0x00000000 @ 0x00000937 at PC 0x010F3548
[   6.358622] HW.Memory <Error> core\memory.cpp:Memory::MemorySystem::Write:528: unmapped Write8 0x00000000 @ 0x00000938 at PC 0x010F3548
[   6.358623] HW.Memory <Error> core\memory.cpp:Memory::MemorySystem::Write:528: unmapped Write8 0x00000000 @ 0x00000939 at PC 0x010F3548
[   6.358623] HW.Memory <Error> core\memory.cpp:Memory::MemorySystem::Write:528: unmapped Write8 0x00000000 @ 0x0000093A at PC 0x010F3548
[   6.358624] HW.Memory <Error> core\memory.cpp:Memory::MemorySystem::Write:528: unmapped Write8 0x00000000 @ 0x0000093B at PC 0x010F3548
[   6.358625] HW.Memory <Error> core\memory.cpp:Memory::MemorySystem::Write:528: unmapped Write8 0x00000000 @ 0x0000093C at PC 0x010F3548
[   6.358625] HW.Memory <Error> core\memory.cpp:Memory::MemorySystem::Write:528: unmapped Write8 0x00000000 @ 0x0000093D at PC 0x010F3548
[   6.358626] HW.Memory <Error> core\memory.cpp:Memory::MemorySystem::Write:528: unmapped Write8 0x00000000 @ 0x0000093E at PC 0x010F3548
[   6.358626] HW.Memory <Error> core\memory.cpp:Memory::MemorySystem::Write:528: unmapped Write8 0x00000000 @ 0x0000093F at PC 0x010F3548
[   6.358627] HW.Memory <Error> core\memory.cpp:Memory::MemorySystem::Write:528: unmapped Write8 0x00000000 @ 0x00000940 at PC 0x010F3548
[   6.358627] HW.Memory <Error> core\memory.cpp:Memory::MemorySystem::Write:528: unmapped Write8 0x00000000 @ 0x00000941 at PC 0x010F3548
[   6.358628] HW.Memory <Error> core\memory.cpp:Memory::MemorySystem::Write:528: unmapped Write8 0x00000000 @ 0x00000942 at PC 0x010F3548
[   6.358628] HW.Memory <Error> core\memory.cpp:Memory::MemorySystem::Write:528: unmapped Write8 0x00000000 @ 0x00000943 at PC 0x010F3548
[   6.358629] HW.Memory <Error> core\memory.cpp:Memory::MemorySystem::Write:528: unmapped Write8 0x00000000 @ 0x00000944 at PC 0x010F3548
[   6.358629] HW.Memory <Error> core\memory.cpp:Memory::MemorySystem::Write:528: unmapped Write8 0x00000000 @ 0x00000945 at PC 0x010F3548
[   6.358630] HW.Memory <Error> core\memory.cpp:Memory::MemorySystem::Write:528: unmapped Write8 0x00000000 @ 0x00000946 at PC 0x010F3548
[   6.358631] HW.Memory <Error> core\memory.cpp:Memory::MemorySystem::Write:528: unmapped Write8 0x00000000 @ 0x00000947 at PC 0x010F3548
[   6.358631] HW.Memory <Error> core\memory.cpp:Memory::MemorySystem::Write:528: unmapped Write8 0x00000000 @ 0x00000948 at PC 0x010F3548
[   6.358632] HW.Memory <Error> core\memory.cpp:Memory::MemorySystem::Write:528: unmapped Write8 0x00000000 @ 0x00000949 at PC 0x010F3548
[   6.358632] HW.Memory <Error> core\memory.cpp:Memory::MemorySystem::Write:528: unmapped Write8 0x00000000 @ 0x0000094A at PC 0x010F3548
[   6.358633] HW.Memory <Error> core\memory.cpp:Memory::MemorySystem::Write:528: unmapped Write8 0x00000000 @ 0x0000094B at PC 0x010F3548
[   6.358633] HW.Memory <Error> core\memory.cpp:Memory::MemorySystem::Write:528: unmapped Write8 0x00000000 @ 0x0000094C at PC 0x010F3548
[   6.358634] HW.Memory <Error> core\memory.cpp:Memory::MemorySystem::Write:528: unmapped Write8 0x00000000 @ 0x0000094D at PC 0x010F3548
[   6.358634] HW.Memory <Error> core\memory.cpp:Memory::MemorySystem::Write:528: unmapped Write8 0x00000000 @ 0x0000094E at PC 0x010F3548
[   6.358635] HW.Memory <Error> core\memory.cpp:Memory::MemorySystem::Write:528: unmapped Write8 0x00000000 @ 0x0000094F at PC 0x010F3548
[   6.358636] HW.Memory <Error> core\memory.cpp:Memory::MemorySystem::Write:528: unmapped Write8 0x00000000 @ 0x00000950 at PC 0x010F3548
[   6.358636] HW.Memory <Error> core\memory.cpp:Memory::MemorySystem::Write:528: unmapped Write8 0x00000000 @ 0x00000951 at PC 0x010F3548
[   6.358637] HW.Memory <Error> core\memory.cpp:Memory::MemorySystem::Write:528: unmapped Write8 0x00000000 @ 0x00000952 at PC 0x010F3548
[   6.358637] HW.Memory <Error> core\memory.cpp:Memory::MemorySystem::Write:528: unmapped Write8 0x00000000 @ 0x00000953 at PC 0x010F3548
[   6.358638] HW.Memory <Error> core\memory.cpp:Memory::MemorySystem::Write:528: unmapped Write8 0x00000000 @ 0x00000954 at PC 0x010F3548
[   6.358639] HW.Memory <Error> core\memory.cpp:Memory::MemorySystem::Write:528: unmapped Write8 0x00000000 @ 0x00000955 at PC 0x010F3548
[   6.358639] HW.Memory <Error> core\memory.cpp:Memory::MemorySystem::Write:528: unmapped Write8 0x00000000 @ 0x00000956 at PC 0x010F3548
[   6.358640] HW.Memory <Error> core\memory.cpp:Memory::MemorySystem::Write:528: unmapped Write8 0x00000000 @ 0x00000957 at PC 0x010F3548
[   6.358640] HW.Memory <Error> core\memory.cpp:Memory::MemorySystem::Write:528: unmapped Write8 0x00000000 @ 0x00000958 at PC 0x010F3548
[   6.358641] HW.Memory <Error> core\memory.cpp:Memory::MemorySystem::Write:528: unmapped Write8 0x00000000 @ 0x00000959 at PC 0x010F3548
[   6.358641] HW.Memory <Error> core\memory.cpp:Memory::MemorySystem::Write:528: unmapped Write8 0x00000000 @ 0x0000095A at PC 0x010F3548
[   6.358642] HW.Memory <Error> core\memory.cpp:Memory::MemorySystem::Write:528: unmapped Write8 0x00000000 @ 0x0000095B at PC 0x010F3548
[   6.358642] HW.Memory <Error> core\memory.cpp:Memory::MemorySystem::Write:528: unmapped Write8 0x00000000 @ 0x0000095C at PC 0x010F3548
[   6.358643] HW.Memory <Error> core\memory.cpp:Memory::MemorySystem::Write:528: unmapped Write8 0x00000000 @ 0x0000095D at PC 0x010F3548
[   6.358643] HW.Memory <Error> core\memory.cpp:Memory::MemorySystem::Write:528: unmapped Write8 0x00000000 @ 0x0000095E at PC 0x010F3548
[   6.358644] HW.Memory <Error> core\memory.cpp:Memory::MemorySystem::Write:528: unmapped Write8 0x00000000 @ 0x0000095F at PC 0x010F3548
[   6.358644] HW.Memory <Error> core\memory.cpp:Memory::MemorySystem::Write:528: unmapped Write8 0x00000000 @ 0x00000960 at PC 0x010F3548
[   6.358645] HW.Memory <Error> core\memory.cpp:Memory::MemorySystem::Write:528: unmapped Write8 0x00000000 @ 0x00000961 at PC 0x010F3548
[   6.358646] HW.Memory <Error> core\memory.cpp:Memory::MemorySystem::Write:528: unmapped Write8 0x00000000 @ 0x00000962 at PC 0x010F3548
[   6.358646] HW.Memory <Error> core\memory.cpp:Memory::MemorySystem::Write:528: unmapped Write8 0x00000000 @ 0x00000963 at PC 0x010F3548
[   6.358647] HW.Memory <Error> core\memory.cpp:Memory::MemorySystem::Write:528: unmapped Write8 0x00000000 @ 0x00000964 at PC 0x010F3548
[   6.358648] HW.Memory <Error> core\memory.cpp:Memory::MemorySystem::Write:528: unmapped Write8 0x00000000 @ 0x00000965 at PC 0x010F3548
[   6.358648] HW.Memory <Error> core\memory.cpp:Memory::MemorySystem::Write:528: unmapped Write8 0x00000000 @ 0x00000966 at PC 0x010F3548
[   6.358649] HW.Memory <Error> core\memory.cpp:Memory::MemorySystem::Write:528: unmapped Write8 0x00000000 @ 0x00000967 at PC 0x010F3548
[   6.358649] HW.Memory <Error> core\memory.cpp:Memory::MemorySystem::Write:528: unmapped Write8 0x00000000 @ 0x00000968 at PC 0x010F3548
[   6.358650] HW.Memory <Error> core\memory.cpp:Memory::MemorySystem::Write:528: unmapped Write8 0x00000000 @ 0x00000969 at PC 0x010F3548
[   6.358651] HW.Memory <Error> core\memory.cpp:Memory::MemorySystem::Write:528: unmapped Write8 0x00000000 @ 0x0000096A at PC 0x010F3548
[   6.358651] HW.Memory <Error> core\memory.cpp:Memory::MemorySystem::Write:528: unmapped Write8 0x00000000 @ 0x0000096B at PC 0x010F3548
[   6.358652] HW.Memory <Error> core\memory.cpp:Memory::MemorySystem::Write:528: unmapped Write8 0x00000000 @ 0x0000096C at PC 0x010F3548
[   6.358652] HW.Memory <Error> core\memory.cpp:Memory::MemorySystem::Write:528: unmapped Write8 0x00000000 @ 0x0000096D at PC 0x010F3548
[   6.358653] HW.Memory <Error> core\memory.cpp:Memory::MemorySystem::Write:528: unmapped Write8 0x00000000 @ 0x0000096E at PC 0x010F3548
[   6.358654] HW.Memory <Error> core\memory.cpp:Memory::MemorySystem::Write:528: unmapped Write8 0x00000000 @ 0x0000096F at PC 0x010F3548
[   6.358654] HW.Memory <Error> core\memory.cpp:Memory::MemorySystem::Write:528: unmapped Write8 0x00000000 @ 0x00000970 at PC 0x010F3548
[   6.358655] HW.Memory <Error> core\memory.cpp:Memory::MemorySystem::Write:528: unmapped Write8 0x00000000 @ 0x00000971 at PC 0x010F3548
[   6.358655] HW.Memory <Error> core\memory.cpp:Memory::MemorySystem::Write:528: unmapped Write8 0x00000000 @ 0x00000972 at PC 0x010F3548
[   6.358656] HW.Memory <Error> core\memory.cpp:Memory::MemorySystem::Write:528: unmapped Write8 0x00000000 @ 0x00000973 at PC 0x010F3548
[   6.358656] HW.Memory <Error> core\memory.cpp:Memory::MemorySystem::Write:528: unmapped Write8 0x00000000 @ 0x00000974 at PC 0x010F3548
[   6.358657] HW.Memory <Error> core\memory.cpp:Memory::MemorySystem::Write:528: unmapped Write8 0x00000000 @ 0x00000975 at PC 0x010F3548
[   6.358658] HW.Memory <Error> core\memory.cpp:Memory::MemorySystem::Write:528: unmapped Write8 0x00000000 @ 0x00000976 at PC 0x010F3548
[   6.358658] HW.Memory <Error> core\memory.cpp:Memory::MemorySystem::Write:528: unmapped Write8 0x00000000 @ 0x00000977 at PC 0x010F3548
[   6.358659] HW.Memory <Error> core\memory.cpp:Memory::MemorySystem::Write:528: unmapped Write8 0x00000000 @ 0x00000978 at PC 0x010F3548
[   6.358659] HW.Memory <Error> core\memory.cpp:Memory::MemorySystem::Write:528: unmapped Write8 0x00000000 @ 0x00000979 at PC 0x010F3548
[   6.358660] HW.Memory <Error> core\memory.cpp:Memory::MemorySystem::Write:528: unmapped Write8 0x00000000 @ 0x0000097A at PC 0x010F3548
[   6.358660] HW.Memory <Error> core\memory.cpp:Memory::MemorySystem::Write:528: unmapped Write8 0x00000000 @ 0x0000097B at PC 0x010F3548
[   6.358661] HW.Memory <Error> core\memory.cpp:Memory::MemorySystem::Write:528: unmapped Write8 0x00000000 @ 0x0000097C at PC 0x010F3548
[   6.358662] HW.Memory <Error> core\memory.cpp:Memory::MemorySystem::Write:528: unmapped Write8 0x00000000 @ 0x0000097D at PC 0x010F3548
[   6.358662] HW.Memory <Error> core\memory.cpp:Memory::MemorySystem::Write:528: unmapped Write8 0x00000000 @ 0x0000097E at PC 0x010F3548
[   6.358663] HW.Memory <Error> core\memory.cpp:Memory::MemorySystem::Write:528: unmapped Write8 0x00000000 @ 0x0000097F at PC 0x010F3548
[   6.358663] HW.Memory <Error> core\memory.cpp:Memory::MemorySystem::Write:528: unmapped Write8 0x00000000 @ 0x00000980 at PC 0x010F3548
[   6.358664] HW.Memory <Error> core\memory.cpp:Memory::MemorySystem::Write:528: unmapped Write8 0x00000000 @ 0x00000981 at PC 0x010F3548
[   6.358664] HW.Memory <Error> core\memory.cpp:Memory::MemorySystem::Write:528: unmapped Write8 0x00000000 @ 0x00000982 at PC 0x010F3548
[   6.358665] HW.Memory <Error> core\memory.cpp:Memory::MemorySystem::Write:528: unmapped Write8 0x00000000 @ 0x00000983 at PC 0x010F3548
[   6.358666] HW.Memory <Error> core\memory.cpp:Memory::MemorySystem::Write:528: unmapped Write8 0x00000000 @ 0x00000984 at PC 0x010F3548
[   6.358666] HW.Memory <Error> core\memory.cpp:Memory::MemorySystem::Write:528: unmapped Write8 0x00000000 @ 0x00000985 at PC 0x010F3548
[   6.358667] HW.Memory <Error> core\memory.cpp:Memory::MemorySystem::Write:528: unmapped Write8 0x00000000 @ 0x00000986 at PC 0x010F3548
[   6.358668] HW.Memory <Error> core\memory.cpp:Memory::MemorySystem::Write:528: unmapped Write8 0x00000000 @ 0x00000987 at PC 0x010F3548
[   6.358668] HW.Memory <Error> core\memory.cpp:Memory::MemorySystem::Write:528: unmapped Write8 0x00000000 @ 0x00000988 at PC 0x010F3548
[   6.358669] HW.Memory <Error> core\memory.cpp:Memory::MemorySystem::Write:528: unmapped Write8 0x00000000 @ 0x00000989 at PC 0x010F3548
[   6.358669] HW.Memory <Error> core\memory.cpp:Memory::MemorySystem::Write:528: unmapped Write8 0x00000000 @ 0x0000098A at PC 0x010F3548
[   6.358670] HW.Memory <Error> core\memory.cpp:Memory::MemorySystem::Write:528: unmapped Write8 0x00000000 @ 0x0000098B at PC 0x010F3548
[   6.358670] HW.Memory <Error> core\memory.cpp:Memory::MemorySystem::Write:528: unmapped Write8 0x00000000 @ 0x0000098C at PC 0x010F3548
[   6.358671] HW.Memory <Error> core\memory.cpp:Memory::MemorySystem::Write:528: unmapped Write8 0x00000000 @ 0x0000098D at PC 0x010F3548
[   6.358671] HW.Memory <Error> core\memory.cpp:Memory::MemorySystem::Write:528: unmapped Write8 0x00000000 @ 0x0000098E at PC 0x010F3548
[   6.358672] HW.Memory <Error> core\memory.cpp:Memory::MemorySystem::Write:528: unmapped Write8 0x00000000 @ 0x0000098F at PC 0x010F3548
[   6.358674] HW.Memory <Error> core\memory.cpp:Memory::MemorySystem::Write:528: unmapped Write8 0x00000000 @ 0x00000990 at PC 0x010F3548
[   6.358675] HW.Memory <Error> core\memory.cpp:Memory::MemorySystem::Write:528: unmapped Write8 0x00000000 @ 0x00000991 at PC 0x010F3548
[   6.358676] HW.Memory <Error> core\memory.cpp:Memory::MemorySystem::Write:528: unmapped Write8 0x00000000 @ 0x00000992 at PC 0x010F3548
[   6.358677] HW.Memory <Error> core\memory.cpp:Memory::MemorySystem::Write:528: unmapped Write8 0x00000000 @ 0x00000993 at PC 0x010F3548
[   6.358678] HW.Memory <Error> core\memory.cpp:Memory::MemorySystem::Write:528: unmapped Write8 0x00000000 @ 0x00000994 at PC 0x010F3548
[   6.358679] HW.Memory <Error> core\memory.cpp:Memory::MemorySystem::Write:528: unmapped Write8 0x00000000 @ 0x00000995 at PC 0x010F3548
[   6.358680] HW.Memory <Error> core\memory.cpp:Memory::MemorySystem::Write:528: unmapped Write8 0x00000000 @ 0x00000996 at PC 0x010F3548
[   6.358681] HW.Memory <Error> core\memory.cpp:Memory::MemorySystem::Write:528: unmapped Write8 0x00000000 @ 0x00000997 at PC 0x010F3548
[   6.358682] HW.Memory <Error> core\memory.cpp:Memory::MemorySystem::Write:528: unmapped Write8 0x00000000 @ 0x00000998 at PC 0x010F3548
[   6.358683] HW.Memory <Error> core\memory.cpp:Memory::MemorySystem::Write:528: unmapped Write8 0x00000000 @ 0x00000999 at PC 0x010F3548
[   6.358684] HW.Memory <Error> core\memory.cpp:Memory::MemorySystem::Write:528: unmapped Write8 0x00000000 @ 0x0000099A at PC 0x010F3548
[   6.358684] HW.Memory <Error> core\memory.cpp:Memory::MemorySystem::Write:528: unmapped Write8 0x00000000 @ 0x0000099B at PC 0x010F3548
[   6.358685] HW.Memory <Error> core\memory.cpp:Memory::MemorySystem::Write:528: unmapped Write8 0x00000000 @ 0x0000099C at PC 0x010F3548
[   6.358685] HW.Memory <Error> core\memory.cpp:Memory::MemorySystem::Write:528: unmapped Write8 0x00000000 @ 0x0000099D at PC 0x010F3548
[   6.358686] HW.Memory <Error> core\memory.cpp:Memory::MemorySystem::Write:528: unmapped Write8 0x00000000 @ 0x0000099E at PC 0x010F3548
[   6.358686] HW.Memory <Error> core\memory.cpp:Memory::MemorySystem::Write:528: unmapped Write8 0x00000000 @ 0x0000099F at PC 0x010F3548
[   6.358687] HW.Memory <Error> core\memory.cpp:Memory::MemorySystem::Write:528: unmapped Write8 0x00000000 @ 0x000009A0 at PC 0x010F3548
[   6.358687] HW.Memory <Error> core\memory.cpp:Memory::MemorySystem::Write:528: unmapped Write8 0x00000000 @ 0x000009A1 at PC 0x010F3548
[   6.358688] HW.Memory <Error> core\memory.cpp:Memory::MemorySystem::Write:528: unmapped Write8 0x00000000 @ 0x000009A2 at PC 0x010F3548
[   6.358689] HW.Memory <Error> core\memory.cpp:Memory::MemorySystem::Write:528: unmapped Write8 0x00000000 @ 0x000009A3 at PC 0x010F3548
[   6.358689] HW.Memory <Error> core\memory.cpp:Memory::MemorySystem::Write:528: unmapped Write8 0x00000000 @ 0x000009A4 at PC 0x010F3548
[   6.358690] HW.Memory <Error> core\memory.cpp:Memory::MemorySystem::Write:528: unmapped Write8 0x00000000 @ 0x000009A5 at PC 0x010F3548
[   6.358690] HW.Memory <Error> core\memory.cpp:Memory::MemorySystem::Write:528: unmapped Write8 0x00000000 @ 0x000009A6 at PC 0x010F3548
[   6.358691] HW.Memory <Error> core\memory.cpp:Memory::MemorySystem::Write:528: unmapped Write8 0x00000000 @ 0x000009A7 at PC 0x010F3548
[   6.358691] HW.Memory <Error> core\memory.cpp:Memory::MemorySystem::Write:528: unmapped Write8 0x00000000 @ 0x000009A8 at PC 0x010F3548
[   6.358692] HW.Memory <Error> core\memory.cpp:Memory::MemorySystem::Write:528: unmapped Write8 0x00000000 @ 0x000009A9 at PC 0x010F3548
[   6.358693] HW.Memory <Error> core\memory.cpp:Memory::MemorySystem::Write:528: unmapped Write8 0x00000000 @ 0x000009AA at PC 0x010F3548
[   6.358693] HW.Memory <Error> core\memory.cpp:Memory::MemorySystem::Write:528: unmapped Write8 0x00000000 @ 0x000009AB at PC 0x010F3548
[   6.358694] HW.Memory <Error> core\memory.cpp:Memory::MemorySystem::Write:528: unmapped Write8 0x00000000 @ 0x000009AC at PC 0x010F3548
[   6.358694] HW.Memory <Error> core\memory.cpp:Memory::MemorySystem::Write:528: unmapped Write8 0x00000000 @ 0x000009AD at PC 0x010F3548
[   6.358695] HW.Memory <Error> core\memory.cpp:Memory::MemorySystem::Write:528: unmapped Write8 0x00000000 @ 0x000009AE at PC 0x010F3548
[   6.358696] HW.Memory <Error> core\memory.cpp:Memory::MemorySystem::Write:528: unmapped Write8 0x00000000 @ 0x000009AF at PC 0x010F3548
[   6.358696] HW.Memory <Error> core\memory.cpp:Memory::MemorySystem::Write:528: unmapped Write8 0x00000000 @ 0x000009B0 at PC 0x010F3548
[   6.358697] HW.Memory <Error> core\memory.cpp:Memory::MemorySystem::Write:528: unmapped Write8 0x00000000 @ 0x000009B1 at PC 0x010F3548
[   6.358697] HW.Memory <Error> core\memory.cpp:Memory::MemorySystem::Write:528: unmapped Write8 0x00000000 @ 0x000009B2 at PC 0x010F3548
[   6.358698] HW.Memory <Error> core\memory.cpp:Memory::MemorySystem::Write:528: unmapped Write8 0x00000000 @ 0x000009B3 at PC 0x010F3548
[   6.358699] HW.Memory <Error> core\memory.cpp:Memory::MemorySystem::Write:528: unmapped Write8 0x00000000 @ 0x000009B4 at PC 0x010F3548
[   6.358699] HW.Memory <Error> core\memory.cpp:Memory::MemorySystem::Write:528: unmapped Write8 0x00000000 @ 0x000009B5 at PC 0x010F3548
[   6.358700] HW.Memory <Error> core\memory.cpp:Memory::MemorySystem::Write:528: unmapped Write8 0x00000000 @ 0x000009B6 at PC 0x010F3548
[   6.358701] HW.Memory <Error> core\memory.cpp:Memory::MemorySystem::Write:528: unmapped Write8 0x00000000 @ 0x000009B7 at PC 0x010F3548
[   6.358701] HW.Memory <Error> core\memory.cpp:Memory::MemorySystem::Write:528: unmapped Write8 0x00000000 @ 0x000009B8 at PC 0x010F3548
[   6.358702] HW.Memory <Error> core\memory.cpp:Memory::MemorySystem::Write:528: unmapped Write8 0x00000000 @ 0x000009B9 at PC 0x010F3548
[   6.358702] HW.Memory <Error> core\memory.cpp:Memory::MemorySystem::Write:528: unmapped Write8 0x00000000 @ 0x000009BA at PC 0x010F3548
[   6.358703] HW.Memory <Error> core\memory.cpp:Memory::MemorySystem::Write:528: unmapped Write8 0x00000000 @ 0x000009BB at PC 0x010F3548
[   6.358703] HW.Memory <Error> core\memory.cpp:Memory::MemorySystem::Write:528: unmapped Write8 0x00000000 @ 0x000009BC at PC 0x010F3548
[   6.358704] HW.Memory <Error> core\memory.cpp:Memory::MemorySystem::Write:528: unmapped Write8 0x00000000 @ 0x000009BD at PC 0x010F3548
[   6.358704] HW.Memory <Error> core\memory.cpp:Memory::MemorySystem::Write:528: unmapped Write8 0x00000000 @ 0x000009BE at PC 0x010F3548
[   6.358705] HW.Memory <Error> core\memory.cpp:Memory::MemorySystem::Write:528: unmapped Write8 0x00000000 @ 0x000009BF at PC 0x010F3548
[   6.358705] HW.Memory <Error> core\memory.cpp:Memory::MemorySystem::Write:528: unmapped Write8 0x00000000 @ 0x000009C0 at PC 0x010F3548
[   6.358706] HW.Memory <Error> core\memory.cpp:Memory::MemorySystem::Write:528: unmapped Write8 0x00000000 @ 0x000009C1 at PC 0x010F3548
[   6.358706] HW.Memory <Error> core\memory.cpp:Memory::MemorySystem::Write:528: unmapped Write8 0x00000000 @ 0x000009C2 at PC 0x010F3548
[   6.358707] HW.Memory <Error> core\memory.cpp:Memory::MemorySystem::Write:528: unmapped Write8 0x00000000 @ 0x000009C3 at PC 0x010F3548
[   6.358708] HW.Memory <Error> core\memory.cpp:Memory::MemorySystem::Write:528: unmapped Write8 0x00000000 @ 0x000009C4 at PC 0x010F3548
[   6.358708] HW.Memory <Error> core\memory.cpp:Memory::MemorySystem::Write:528: unmapped Write8 0x00000000 @ 0x000009C5 at PC 0x010F3548
[   6.358709] HW.Memory <Error> core\memory.cpp:Memory::MemorySystem::Write:528: unmapped Write8 0x00000000 @ 0x000009C6 at PC 0x010F3548
[   6.358710] HW.Memory <Error> core\memory.cpp:Memory::MemorySystem::Write:528: unmapped Write8 0x00000000 @ 0x000009C7 at PC 0x010F3548
[   6.358710] HW.Memory <Error> core\memory.cpp:Memory::MemorySystem::Write:528: unmapped Write8 0x00000000 @ 0x000009C8 at PC 0x010F3548
[   6.358711] HW.Memory <Error> core\memory.cpp:Memory::MemorySystem::Write:528: unmapped Write8 0x00000000 @ 0x000009C9 at PC 0x010F3548
[   6.358711] HW.Memory <Error> core\memory.cpp:Memory::MemorySystem::Write:528: unmapped Write8 0x00000000 @ 0x000009CA at PC 0x010F3548
[   6.358712] HW.Memory <Error> core\memory.cpp:Memory::MemorySystem::Write:528: unmapped Write8 0x00000000 @ 0x000009CB at PC 0x010F3548
[   6.358712] HW.Memory <Error> core\memory.cpp:Memory::MemorySystem::Write:528: unmapped Write8 0x00000000 @ 0x000009CC at PC 0x010F3548
[   6.358713] HW.Memory <Error> core\memory.cpp:Memory::MemorySystem::Write:528: unmapped Write8 0x00000000 @ 0x000009CD at PC 0x010F3548
[   6.358713] HW.Memory <Error> core\memory.cpp:Memory::MemorySystem::Write:528: unmapped Write8 0x00000000 @ 0x000009CE at PC 0x010F3548
[   6.358714] HW.Memory <Error> core\memory.cpp:Memory::MemorySystem::Write:528: unmapped Write8 0x00000000 @ 0x000009CF at PC 0x010F3548
[   6.358714] HW.Memory <Error> core\memory.cpp:Memory::MemorySystem::Write:528: unmapped Write8 0x00000000 @ 0x000009D0 at PC 0x010F3548
[   6.358715] HW.Memory <Error> core\memory.cpp:Memory::MemorySystem::Write:528: unmapped Write8 0x00000000 @ 0x000009D1 at PC 0x010F3548
[   6.358715] HW.Memory <Error> core\memory.cpp:Memory::MemorySystem::Write:528: unmapped Write8 0x00000000 @ 0x000009D2 at PC 0x010F3548
[   6.358716] HW.Memory <Error> core\memory.cpp:Memory::MemorySystem::Write:528: unmapped Write8 0x00000000 @ 0x000009D3 at PC 0x010F3548
[   6.358717] HW.Memory <Error> core\memory.cpp:Memory::MemorySystem::Write:528: unmapped Write8 0x00000000 @ 0x000009D4 at PC 0x010F3548
[   6.358717] HW.Memory <Error> core\memory.cpp:Memory::MemorySystem::Write:528: unmapped Write8 0x00000000 @ 0x000009D5 at PC 0x010F3548
[   6.358718] HW.Memory <Error> core\memory.cpp:Memory::MemorySystem::Write:528: unmapped Write8 0x00000000 @ 0x000009D6 at PC 0x010F3548
[   6.358718] HW.Memory <Error> core\memory.cpp:Memory::MemorySystem::Write:528: unmapped Write8 0x00000000 @ 0x000009D7 at PC 0x010F3548
[   6.358719] HW.Memory <Error> core\memory.cpp:Memory::MemorySystem::Write:528: unmapped Write8 0x00000000 @ 0x000009D8 at PC 0x010F3548
[   6.358719] HW.Memory <Error> core\memory.cpp:Memory::MemorySystem::Write:528: unmapped Write8 0x00000000 @ 0x000009D9 at PC 0x010F3548
[   6.358720] HW.Memory <Error> core\memory.cpp:Memory::MemorySystem::Write:528: unmapped Write8 0x00000000 @ 0x000009DA at PC 0x010F3548
[   6.358720] HW.Memory <Error> core\memory.cpp:Memory::MemorySystem::Write:528: unmapped Write8 0x00000000 @ 0x000009DB at PC 0x010F3548
[   6.358721] HW.Memory <Error> core\memory.cpp:Memory::MemorySystem::Write:528: unmapped Write8 0x00000000 @ 0x000009DC at PC 0x010F3548
[   6.358721] HW.Memory <Error> core\memory.cpp:Memory::MemorySystem::Write:528: unmapped Write8 0x00000000 @ 0x000009DD at PC 0x010F3548
[   6.358722] HW.Memory <Error> core\memory.cpp:Memory::MemorySystem::Write:528: unmapped Write8 0x00000000 @ 0x000009DE at PC 0x010F3548
[   6.358722] HW.Memory <Error> core\memory.cpp:Memory::MemorySystem::Write:528: unmapped Write8 0x00000000 @ 0x000009DF at PC 0x010F3548
[   6.358723] HW.Memory <Error> core\memory.cpp:Memory::MemorySystem::Write:528: unmapped Write8 0x00000000 @ 0x000009E0 at PC 0x010F3548
[   6.358723] HW.Memory <Error> core\memory.cpp:Memory::MemorySystem::Write:528: unmapped Write8 0x00000000 @ 0x000009E1 at PC 0x010F3548
[   6.358724] HW.Memory <Error> core\memory.cpp:Memory::MemorySystem::Write:528: unmapped Write8 0x00000000 @ 0x000009E2 at PC 0x010F3548
[   6.358725] HW.Memory <Error> core\memory.cpp:Memory::MemorySystem::Write:528: unmapped Write8 0x00000000 @ 0x000009E3 at PC 0x010F3548
[   6.358725] HW.Memory <Error> core\memory.cpp:Memory::MemorySystem::Write:528: unmapped Write8 0x00000000 @ 0x000009E4 at PC 0x010F3548
[   6.358726] HW.Memory <Error> core\memory.cpp:Memory::MemorySystem::Write:528: unmapped Write8 0x00000000 @ 0x000009E5 at PC 0x010F3548
[   6.358726] HW.Memory <Error> core\memory.cpp:Memory::MemorySystem::Write:528: unmapped Write8 0x00000000 @ 0x000009E6 at PC 0x010F3548
[   6.358727] HW.Memory <Error> core\memory.cpp:Memory::MemorySystem::Write:528: unmapped Write8 0x00000000 @ 0x000009E7 at PC 0x010F3548
[   6.358728] HW.Memory <Error> core\memory.cpp:Memory::MemorySystem::Write:528: unmapped Write8 0x00000000 @ 0x000009E8 at PC 0x010F3548
[   6.358728] HW.Memory <Error> core\memory.cpp:Memory::MemorySystem::Write:528: unmapped Write8 0x00000000 @ 0x000009E9 at PC 0x010F3548
[   6.358729] HW.Memory <Error> core\memory.cpp:Memory::MemorySystem::Write:528: unmapped Write8 0x00000000 @ 0x000009EA at PC 0x010F3548
[   6.358729] HW.Memory <Error> core\memory.cpp:Memory::MemorySystem::Write:528: unmapped Write8 0x00000000 @ 0x000009EB at PC 0x010F3548
[   6.358730] HW.Memory <Error> core\memory.cpp:Memory::MemorySystem::Write:528: unmapped Write8 0x00000000 @ 0x000009EC at PC 0x010F3548
[   6.358730] HW.Memory <Error> core\memory.cpp:Memory::MemorySystem::Write:528: unmapped Write8 0x00000000 @ 0x000009ED at PC 0x010F3548
[   6.358731] HW.Memory <Error> core\memory.cpp:Memory::MemorySystem::Write:528: unmapped Write8 0x00000000 @ 0x000009EE at PC 0x010F3548
[   6.358732] HW.Memory <Error> core\memory.cpp:Memory::MemorySystem::Write:528: unmapped Write8 0x00000000 @ 0x000009EF at PC 0x010F3548
[   6.358732] HW.Memory <Error> core\memory.cpp:Memory::MemorySystem::Write:528: unmapped Write8 0x00000000 @ 0x000009F0 at PC 0x010F3548
[   6.358733] HW.Memory <Error> core\memory.cpp:Memory::MemorySystem::Write:528: unmapped Write8 0x00000000 @ 0x000009F1 at PC 0x010F3548
[   6.358733] HW.Memory <Error> core\memory.cpp:Memory::MemorySystem::Write:528: unmapped Write8 0x00000000 @ 0x000009F2 at PC 0x010F3548
[   6.358734] HW.Memory <Error> core\memory.cpp:Memory::MemorySystem::Write:528: unmapped Write8 0x00000000 @ 0x000009F3 at PC 0x010F3548
[   6.358734] HW.Memory <Error> core\memory.cpp:Memory::MemorySystem::Write:528: unmapped Write8 0x00000000 @ 0x000009F4 at PC 0x010F3548
[   6.358735] HW.Memory <Error> core\memory.cpp:Memory::MemorySystem::Write:528: unmapped Write8 0x00000000 @ 0x000009F5 at PC 0x010F3548
[   6.358735] HW.Memory <Error> core\memory.cpp:Memory::MemorySystem::Write:528: unmapped Write8 0x00000000 @ 0x000009F6 at PC 0x010F3548
[   6.358736] HW.Memory <Error> core\memory.cpp:Memory::MemorySystem::Write:528: unmapped Write8 0x00000000 @ 0x000009F7 at PC 0x010F3548
[   6.358736] HW.Memory <Error> core\memory.cpp:Memory::MemorySystem::Write:528: unmapped Write8 0x00000000 @ 0x000009F8 at PC 0x010F3548
[   6.358737] HW.Memory <Error> core\memory.cpp:Memory::MemorySystem::Write:528: unmapped Write8 0x00000000 @ 0x000009F9 at PC 0x010F3548
[   6.358737] HW.Memory <Error> core\memory.cpp:Memory::MemorySystem::Write:528: unmapped Write8 0x00000000 @ 0x000009FA at PC 0x010F3548
[   6.358738] HW.Memory <Error> core\memory.cpp:Memory::MemorySystem::Write:528: unmapped Write8 0x00000000 @ 0x000009FB at PC 0x010F3548
[   6.358738] HW.Memory <Error> core\memory.cpp:Memory::MemorySystem::Write:528: unmapped Write8 0x00000000 @ 0x000009FC at PC 0x010F3548
[   6.358739] HW.Memory <Error> core\memory.cpp:Memory::MemorySystem::Write:528: unmapped Write8 0x00000000 @ 0x000009FD at PC 0x010F3548
[   6.358740] HW.Memory <Error> core\memory.cpp:Memory::MemorySystem::Write:528: unmapped Write8 0x00000000 @ 0x000009FE at PC 0x010F3548
[   6.358740] HW.Memory <Error> core\memory.cpp:Memory::MemorySystem::Write:528: unmapped Write8 0x00000000 @ 0x000009FF at PC 0x010F3548
[   6.358741] HW.Memory <Error> core\memory.cpp:Memory::MemorySystem::Write:528: unmapped Write8 0x00000000 @ 0x00000A00 at PC 0x010F3548
[   6.358741] HW.Memory <Error> core\memory.cpp:Memory::MemorySystem::Write:528: unmapped Write8 0x00000000 @ 0x00000A01 at PC 0x010F3548
[   6.358742] HW.Memory <Error> core\memory.cpp:Memory::MemorySystem::Write:528: unmapped Write8 0x00000000 @ 0x00000A02 at PC 0x010F3548
[   6.358742] HW.Memory <Error> core\memory.cpp:Memory::MemorySystem::Write:528: unmapped Write8 0x00000000 @ 0x00000A03 at PC 0x010F3548
[   6.358743] HW.Memory <Error> core\memory.cpp:Memory::MemorySystem::Write:528: unmapped Write8 0x00000000 @ 0x00000A04 at PC 0x010F3548
[   6.358743] HW.Memory <Error> core\memory.cpp:Memory::MemorySystem::Write:528: unmapped Write8 0x00000000 @ 0x00000A05 at PC 0x010F3548
[   6.358744] HW.Memory <Error> core\memory.cpp:Memory::MemorySystem::Write:528: unmapped Write8 0x00000000 @ 0x00000A06 at PC 0x010F3548
[   6.358744] HW.Memory <Error> core\memory.cpp:Memory::MemorySystem::Write:528: unmapped Write8 0x00000000 @ 0x00000A07 at PC 0x010F3548
[   6.358745] HW.Memory <Error> core\memory.cpp:Memory::MemorySystem::Write:528: unmapped Write8 0x00000000 @ 0x00000A08 at PC 0x010F3548
[   6.358745] HW.Memory <Error> core\memory.cpp:Memory::MemorySystem::Write:528: unmapped Write8 0x00000000 @ 0x00000A09 at PC 0x010F3548
[   6.358746] HW.Memory <Error> core\memory.cpp:Memory::MemorySystem::Write:528: unmapped Write8 0x00000000 @ 0x00000A0A at PC 0x010F3548
[   6.358746] HW.Memory <Error> core\memory.cpp:Memory::MemorySystem::Write:528: unmapped Write8 0x00000000 @ 0x00000A0B at PC 0x010F3548
[   6.358747] HW.Memory <Error> core\memory.cpp:Memory::MemorySystem::Write:528: unmapped Write8 0x00000000 @ 0x00000A0C at PC 0x010F3548
[   6.358747] HW.Memory <Error> core\memory.cpp:Memory::MemorySystem::Write:528: unmapped Write8 0x00000000 @ 0x00000A0D at PC 0x010F3548
[   6.358748] HW.Memory <Error> core\memory.cpp:Memory::MemorySystem::Write:528: unmapped Write8 0x00000000 @ 0x00000A0E at PC 0x010F3548
[   6.358749] HW.Memory <Error> core\memory.cpp:Memory::MemorySystem::Write:528: unmapped Write8 0x00000000 @ 0x00000A0F at PC 0x010F3548
[   6.358749] HW.Memory <Error> core\memory.cpp:Memory::MemorySystem::Write:528: unmapped Write8 0x00000000 @ 0x00000A10 at PC 0x010F3548
[   6.358750] HW.Memory <Error> core\memory.cpp:Memory::MemorySystem::Write:528: unmapped Write8 0x00000000 @ 0x00000A11 at PC 0x010F3548
[   6.358750] HW.Memory <Error> core\memory.cpp:Memory::MemorySystem::Write:528: unmapped Write8 0x00000000 @ 0x00000A12 at PC 0x010F3548
[   6.358751] HW.Memory <Error> core\memory.cpp:Memory::MemorySystem::Write:528: unmapped Write8 0x00000000 @ 0x00000A13 at PC 0x010F3548
[   6.358751] HW.Memory <Error> core\memory.cpp:Memory::MemorySystem::Write:528: unmapped Write8 0x00000000 @ 0x00000A14 at PC 0x010F3548
[   6.358752] HW.Memory <Error> core\memory.cpp:Memory::MemorySystem::Write:528: unmapped Write8 0x00000000 @ 0x00000A15 at PC 0x010F3548
[   6.358752] HW.Memory <Error> core\memory.cpp:Memory::MemorySystem::Write:528: unmapped Write8 0x00000000 @ 0x00000A16 at PC 0x010F3548
[   6.358753] HW.Memory <Error> core\memory.cpp:Memory::MemorySystem::Write:528: unmapped Write8 0x00000000 @ 0x00000A17 at PC 0x010F3548
[   6.358754] HW.Memory <Error> core\memory.cpp:Memory::MemorySystem::Write:528: unmapped Write8 0x00000000 @ 0x00000A18 at PC 0x010F3548
[   6.358754] HW.Memory <Error> core\memory.cpp:Memory::MemorySystem::Write:528: unmapped Write8 0x00000000 @ 0x00000A19 at PC 0x010F3548
[   6.358755] HW.Memory <Error> core\memory.cpp:Memory::MemorySystem::Write:528: unmapped Write8 0x00000000 @ 0x00000A1A at PC 0x010F3548
[   6.358755] HW.Memory <Error> core\memory.cpp:Memory::MemorySystem::Write:528: unmapped Write8 0x00000000 @ 0x00000A1B at PC 0x010F3548
[   6.358756] HW.Memory <Error> core\memory.cpp:Memory::MemorySystem::Write:528: unmapped Write8 0x00000000 @ 0x00000A1C at PC 0x010F3548
[   6.358757] HW.Memory <Error> core\memory.cpp:Memory::MemorySystem::Write:528: unmapped Write8 0x00000000 @ 0x00000A1D at PC 0x010F3548
[   6.358757] HW.Memory <Error> core\memory.cpp:Memory::MemorySystem::Write:528: unmapped Write8 0x00000000 @ 0x00000A1E at PC 0x010F3548
[   6.358758] HW.Memory <Error> core\memory.cpp:Memory::MemorySystem::Write:528: unmapped Write8 0x00000000 @ 0x00000A1F at PC 0x010F3548
[   6.358758] HW.Memory <Error> core\memory.cpp:Memory::MemorySystem::Write:528: unmapped Write8 0x00000000 @ 0x00000A20 at PC 0x010F3548
[   6.358759] HW.Memory <Error> core\memory.cpp:Memory::MemorySystem::Write:528: unmapped Write8 0x00000000 @ 0x00000A21 at PC 0x010F3548
[   6.358759] HW.Memory <Error> core\memory.cpp:Memory::MemorySystem::Write:528: unmapped Write8 0x00000000 @ 0x00000A22 at PC 0x010F3548
[   6.358760] HW.Memory <Error> core\memory.cpp:Memory::MemorySystem::Write:528: unmapped Write8 0x00000000 @ 0x00000A23 at PC 0x010F3548
[   6.358761] HW.Memory <Error> core\memory.cpp:Memory::MemorySystem::Write:528: unmapped Write8 0x00000000 @ 0x00000A24 at PC 0x010F3548
[   6.358761] HW.Memory <Error> core\memory.cpp:Memory::MemorySystem::Write:528: unmapped Write8 0x00000000 @ 0x00000A25 at PC 0x010F3548
[   6.358762] HW.Memory <Error> core\memory.cpp:Memory::MemorySystem::Write:528: unmapped Write8 0x00000000 @ 0x00000A26 at PC 0x010F3548
[   6.358762] HW.Memory <Error> core\memory.cpp:Memory::MemorySystem::Write:528: unmapped Write8 0x00000000 @ 0x00000A27 at PC 0x010F3548
[   6.358763] HW.Memory <Error> core\memory.cpp:Memory::MemorySystem::Write:528: unmapped Write8 0x00000000 @ 0x00000A28 at PC 0x010F3548
[   6.358763] HW.Memory <Error> core\memory.cpp:Memory::MemorySystem::Write:528: unmapped Write8 0x00000000 @ 0x00000A29 at PC 0x010F3548
[   6.358764] HW.Memory <Error> core\memory.cpp:Memory::MemorySystem::Write:528: unmapped Write8 0x00000000 @ 0x00000A2A at PC 0x010F3548
[   6.358765] HW.Memory <Error> core\memory.cpp:Memory::MemorySystem::Write:528: unmapped Write8 0x00000000 @ 0x00000A2B at PC 0x010F3548
[   6.358765] HW.Memory <Error> core\memory.cpp:Memory::MemorySystem::Write:528: unmapped Write8 0x00000000 @ 0x00000A2C at PC 0x010F3548
[   6.358766] HW.Memory <Error> core\memory.cpp:Memory::MemorySystem::Write:528: unmapped Write8 0x00000000 @ 0x00000A2D at PC 0x010F3548
[   6.358766] HW.Memory <Error> core\memory.cpp:Memory::MemorySystem::Write:528: unmapped Write8 0x00000000 @ 0x00000A2E at PC 0x010F3548
[   6.358767] HW.Memory <Error> core\memory.cpp:Memory::MemorySystem::Write:528: unmapped Write8 0x00000000 @ 0x00000A2F at PC 0x010F3548
[   6.358767] HW.Memory <Error> core\memory.cpp:Memory::MemorySystem::Write:528: unmapped Write8 0x00000000 @ 0x00000A30 at PC 0x010F3548
[   6.358768] HW.Memory <Error> core\memory.cpp:Memory::MemorySystem::Write:528: unmapped Write8 0x00000000 @ 0x00000A31 at PC 0x010F3548
[   6.358768] HW.Memory <Error> core\memory.cpp:Memory::MemorySystem::Write:528: unmapped Write8 0x00000000 @ 0x00000A32 at PC 0x010F3548
[   6.358769] HW.Memory <Error> core\memory.cpp:Memory::MemorySystem::Write:528: unmapped Write8 0x00000000 @ 0x00000A33 at PC 0x010F3548
[   6.358770] HW.Memory <Error> core\memory.cpp:Memory::MemorySystem::Write:528: unmapped Write8 0x00000000 @ 0x00000A34 at PC 0x010F3548
[   6.358770] HW.Memory <Error> core\memory.cpp:Memory::MemorySystem::Write:528: unmapped Write8 0x00000000 @ 0x00000A35 at PC 0x010F3548
[   6.358771] HW.Memory <Error> core\memory.cpp:Memory::MemorySystem::Write:528: unmapped Write8 0x00000000 @ 0x00000A36 at PC 0x010F3548
[   6.358771] HW.Memory <Error> core\memory.cpp:Memory::MemorySystem::Write:528: unmapped Write8 0x00000000 @ 0x00000A37 at PC 0x010F3548
[   6.358772] HW.Memory <Error> core\memory.cpp:Memory::MemorySystem::Write:528: unmapped Write8 0x00000000 @ 0x00000A38 at PC 0x010F3548
[   6.358772] HW.Memory <Error> core\memory.cpp:Memory::MemorySystem::Write:528: unmapped Write8 0x00000000 @ 0x00000A39 at PC 0x010F3548
[   6.358773] HW.Memory <Error> core\memory.cpp:Memory::MemorySystem::Write:528: unmapped Write8 0x00000000 @ 0x00000A3A at PC 0x010F3548
[   6.358773] HW.Memory <Error> core\memory.cpp:Memory::MemorySystem::Write:528: unmapped Write8 0x00000000 @ 0x00000A3B at PC 0x010F3548
[   6.358774] HW.Memory <Error> core\memory.cpp:Memory::MemorySystem::Write:528: unmapped Write8 0x00000000 @ 0x00000A3C at PC 0x010F3548
[   6.358775] HW.Memory <Error> core\memory.cpp:Memory::MemorySystem::Write:528: unmapped Write8 0x00000000 @ 0x00000A3D at PC 0x010F3548
[   6.358775] HW.Memory <Error> core\memory.cpp:Memory::MemorySystem::Write:528: unmapped Write8 0x00000000 @ 0x00000A3E at PC 0x010F3548
[   6.358776] HW.Memory <Error> core\memory.cpp:Memory::MemorySystem::Write:528: unmapped Write8 0x00000000 @ 0x00000A3F at PC 0x010F3548
[   6.358776] HW.Memory <Error> core\memory.cpp:Memory::MemorySystem::Write:528: unmapped Write8 0x00000000 @ 0x00000A40 at PC 0x010F3548
[   6.358777] HW.Memory <Error> core\memory.cpp:Memory::MemorySystem::Write:528: unmapped Write8 0x00000000 @ 0x00000A41 at PC 0x010F3548
[   6.358777] HW.Memory <Error> core\memory.cpp:Memory::MemorySystem::Write:528: unmapped Write8 0x00000000 @ 0x00000A42 at PC 0x010F3548
[   6.358778] HW.Memory <Error> core\memory.cpp:Memory::MemorySystem::Write:528: unmapped Write8 0x00000000 @ 0x00000A43 at PC 0x010F3548
[   6.358778] HW.Memory <Error> core\memory.cpp:Memory::MemorySystem::Write:528: unmapped Write8 0x00000000 @ 0x00000A44 at PC 0x010F3548
[   6.358779] HW.Memory <Error> core\memory.cpp:Memory::MemorySystem::Write:528: unmapped Write8 0x00000000 @ 0x00000A45 at PC 0x010F3548
[   6.358780] HW.Memory <Error> core\memory.cpp:Memory::MemorySystem::Write:528: unmapped Write8 0x00000000 @ 0x00000A46 at PC 0x010F3548
[   6.358780] HW.Memory <Error> core\memory.cpp:Memory::MemorySystem::Write:528: unmapped Write8 0x00000000 @ 0x00000A47 at PC 0x010F3548
[   6.358781] HW.Memory <Error> core\memory.cpp:Memory::MemorySystem::Write:528: unmapped Write8 0x00000000 @ 0x00000A48 at PC 0x010F3548
[   6.358782] HW.Memory <Error> core\memory.cpp:Memory::MemorySystem::Write:528: unmapped Write8 0x00000000 @ 0x00000A49 at PC 0x010F3548
[   6.358782] HW.Memory <Error> core\memory.cpp:Memory::MemorySystem::Write:528: unmapped Write8 0x00000000 @ 0x00000A4A at PC 0x010F3548
[   6.358783] HW.Memory <Error> core\memory.cpp:Memory::MemorySystem::Write:528: unmapped Write8 0x00000000 @ 0x00000A4B at PC 0x010F3548
[   6.358783] HW.Memory <Error> core\memory.cpp:Memory::MemorySystem::Write:528: unmapped Write8 0x00000000 @ 0x00000A4C at PC 0x010F3548
[   6.358784] HW.Memory <Error> core\memory.cpp:Memory::MemorySystem::Write:528: unmapped Write8 0x00000000 @ 0x00000A4D at PC 0x010F3548
[   6.358784] HW.Memory <Error> core\memory.cpp:Memory::MemorySystem::Write:528: unmapped Write8 0x00000000 @ 0x00000A4E at PC 0x010F3548
[   6.358785] HW.Memory <Error> core\memory.cpp:Memory::MemorySystem::Write:528: unmapped Write8 0x00000000 @ 0x00000A4F at PC 0x010F3548
[   6.358785] HW.Memory <Error> core\memory.cpp:Memory::MemorySystem::Write:528: unmapped Write8 0x00000000 @ 0x00000A50 at PC 0x010F3548
[   6.358786] HW.Memory <Error> core\memory.cpp:Memory::MemorySystem::Write:528: unmapped Write8 0x00000000 @ 0x00000A51 at PC 0x010F3548
[   6.358787] HW.Memory <Error> core\memory.cpp:Memory::MemorySystem::Write:528: unmapped Write8 0x00000000 @ 0x00000A52 at PC 0x010F3548
[   6.358787] HW.Memory <Error> core\memory.cpp:Memory::MemorySystem::Write:528: unmapped Write8 0x00000000 @ 0x00000A53 at PC 0x010F3548
[   6.358788] HW.Memory <Error> core\memory.cpp:Memory::MemorySystem::Write:528: unmapped Write8 0x00000000 @ 0x00000A54 at PC 0x010F3548
[   6.358788] HW.Memory <Error> core\memory.cpp:Memory::MemorySystem::Write:528: unmapped Write8 0x00000000 @ 0x00000A55 at PC 0x010F3548
[   6.358789] HW.Memory <Error> core\memory.cpp:Memory::MemorySystem::Write:528: unmapped Write8 0x00000000 @ 0x00000A56 at PC 0x010F3548
[   6.358789] HW.Memory <Error> core\memory.cpp:Memory::MemorySystem::Write:528: unmapped Write8 0x00000000 @ 0x00000A57 at PC 0x010F3548
[   6.358790] HW.Memory <Error> core\memory.cpp:Memory::MemorySystem::Write:528: unmapped Write8 0x00000000 @ 0x00000A58 at PC 0x010F3548
[   6.358790] HW.Memory <Error> core\memory.cpp:Memory::MemorySystem::Write:528: unmapped Write8 0x00000000 @ 0x00000A59 at PC 0x010F3548
[   6.358791] HW.Memory <Error> core\memory.cpp:Memory::MemorySystem::Write:528: unmapped Write8 0x00000000 @ 0x00000A5A at PC 0x010F3548
[   6.358792] HW.Memory <Error> core\memory.cpp:Memory::MemorySystem::Write:528: unmapped Write8 0x00000000 @ 0x00000A5B at PC 0x010F3548
[   6.358792] HW.Memory <Error> core\memory.cpp:Memory::MemorySystem::Write:528: unmapped Write8 0x00000000 @ 0x00000A5C at PC 0x010F3548
[   6.358793] HW.Memory <Error> core\memory.cpp:Memory::MemorySystem::Write:528: unmapped Write8 0x00000000 @ 0x00000A5D at PC 0x010F3548
[   6.358793] HW.Memory <Error> core\memory.cpp:Memory::MemorySystem::Write:528: unmapped Write8 0x00000000 @ 0x00000A5E at PC 0x010F3548
[   6.358794] HW.Memory <Error> core\memory.cpp:Memory::MemorySystem::Write:528: unmapped Write8 0x00000000 @ 0x00000A5F at PC 0x010F3548
[   6.358794] HW.Memory <Error> core\memory.cpp:Memory::MemorySystem::Write:528: unmapped Write8 0x00000000 @ 0x00000A60 at PC 0x010F3548
[   6.358795] HW.Memory <Error> core\memory.cpp:Memory::MemorySystem::Write:528: unmapped Write8 0x00000000 @ 0x00000A61 at PC 0x010F3548
[   6.358795] HW.Memory <Error> core\memory.cpp:Memory::MemorySystem::Write:528: unmapped Write8 0x00000000 @ 0x00000A62 at PC 0x010F3548
[   6.358796] HW.Memory <Error> core\memory.cpp:Memory::MemorySystem::Write:528: unmapped Write8 0x00000000 @ 0x00000A63 at PC 0x010F3548
[   6.358797] HW.Memory <Error> core\memory.cpp:Memory::MemorySystem::Write:528: unmapped Write8 0x00000000 @ 0x00000A64 at PC 0x010F3548
[   6.358797] HW.Memory <Error> core\memory.cpp:Memory::MemorySystem::Write:528: unmapped Write8 0x00000000 @ 0x00000A65 at PC 0x010F3548
[   6.358798] HW.Memory <Error> core\memory.cpp:Memory::MemorySystem::Write:528: unmapped Write8 0x00000000 @ 0x00000A66 at PC 0x010F3548
[   6.358798] HW.Memory <Error> core\memory.cpp:Memory::MemorySystem::Write:528: unmapped Write8 0x00000000 @ 0x00000A67 at PC 0x010F3548
[   6.358799] HW.Memory <Error> core\memory.cpp:Memory::MemorySystem::Write:528: unmapped Write8 0x00000000 @ 0x00000A68 at PC 0x010F3548
[   6.358800] HW.Memory <Error> core\memory.cpp:Memory::MemorySystem::Write:528: unmapped Write8 0x00000000 @ 0x00000A69 at PC 0x010F3548
[   6.358800] HW.Memory <Error> core\memory.cpp:Memory::MemorySystem::Write:528: unmapped Write8 0x00000000 @ 0x00000A6A at PC 0x010F3548
[   6.358801] HW.Memory <Error> core\memory.cpp:Memory::MemorySystem::Write:528: unmapped Write8 0x00000000 @ 0x00000A6B at PC 0x010F3548
[   6.358801] HW.Memory <Error> core\memory.cpp:Memory::MemorySystem::Write:528: unmapped Write8 0x00000000 @ 0x00000A6C at PC 0x010F3548
[   6.358802] HW.Memory <Error> core\memory.cpp:Memory::MemorySystem::Write:528: unmapped Write8 0x00000000 @ 0x00000A6D at PC 0x010F3548
[   6.358802] HW.Memory <Error> core\memory.cpp:Memory::MemorySystem::Write:528: unmapped Write8 0x00000000 @ 0x00000A6E at PC 0x010F3548
[   6.358803] HW.Memory <Error> core\memory.cpp:Memory::MemorySystem::Write:528: unmapped Write8 0x00000000 @ 0x00000A6F at PC 0x010F3548
[   6.358804] HW.Memory <Error> core\memory.cpp:Memory::MemorySystem::Write:528: unmapped Write8 0x00000000 @ 0x00000A70 at PC 0x010F3548
[   6.358804] HW.Memory <Error> core\memory.cpp:Memory::MemorySystem::Write:528: unmapped Write8 0x00000000 @ 0x00000A71 at PC 0x010F3548
[   6.358805] HW.Memory <Error> core\memory.cpp:Memory::MemorySystem::Write:528: unmapped Write8 0x00000000 @ 0x00000A72 at PC 0x010F3548
[   6.358805] HW.Memory <Error> core\memory.cpp:Memory::MemorySystem::Write:528: unmapped Write8 0x00000000 @ 0x00000A73 at PC 0x010F3548
[   6.358806] HW.Memory <Error> core\memory.cpp:Memory::MemorySystem::Write:528: unmapped Write8 0x00000000 @ 0x00000A74 at PC 0x010F3548
[   6.358806] HW.Memory <Error> core\memory.cpp:Memory::MemorySystem::Write:528: unmapped Write8 0x00000000 @ 0x00000A75 at PC 0x010F3548
[   6.358807] HW.Memory <Error> core\memory.cpp:Memory::MemorySystem::Write:528: unmapped Write8 0x00000000 @ 0x00000A76 at PC 0x010F3548
[   6.358807] HW.Memory <Error> core\memory.cpp:Memory::MemorySystem::Write:528: unmapped Write8 0x00000000 @ 0x00000A77 at PC 0x010F3548
[   6.358808] HW.Memory <Error> core\memory.cpp:Memory::MemorySystem::Write:528: unmapped Write8 0x00000000 @ 0x00000A78 at PC 0x010F3548
[   6.358808] HW.Memory <Error> core\memory.cpp:Memory::MemorySystem::Write:528: unmapped Write8 0x00000000 @ 0x00000A79 at PC 0x010F3548
[   6.358809] HW.Memory <Error> core\memory.cpp:Memory::MemorySystem::Write:528: unmapped Write8 0x00000000 @ 0x00000A7A at PC 0x010F3548
[   6.358809] HW.Memory <Error> core\memory.cpp:Memory::MemorySystem::Write:528: unmapped Write8 0x00000000 @ 0x00000A7B at PC 0x010F3548
[   6.358810] HW.Memory <Error> core\memory.cpp:Memory::MemorySystem::Write:528: unmapped Write8 0x00000000 @ 0x00000A7C at PC 0x010F3548
[   6.358811] HW.Memory <Error> core\memory.cpp:Memory::MemorySystem::Write:528: unmapped Write8 0x00000000 @ 0x00000A7D at PC 0x010F3548
[   6.358811] HW.Memory <Error> core\memory.cpp:Memory::MemorySystem::Write:528: unmapped Write8 0x00000000 @ 0x00000A7E at PC 0x010F3548
[   6.358812] HW.Memory <Error> core\memory.cpp:Memory::MemorySystem::Write:528: unmapped Write8 0x00000000 @ 0x00000A7F at PC 0x010F3548
[   6.358812] HW.Memory <Error> core\memory.cpp:Memory::MemorySystem::Write:528: unmapped Write8 0x00000000 @ 0x00000A80 at PC 0x010F3548
[   6.358813] HW.Memory <Error> core\memory.cpp:Memory::MemorySystem::Write:528: unmapped Write8 0x00000000 @ 0x00000A81 at PC 0x010F3548
[   6.358814] HW.Memory <Error> core\memory.cpp:Memory::MemorySystem::Write:528: unmapped Write8 0x00000000 @ 0x00000A82 at PC 0x010F3548
[   6.358814] HW.Memory <Error> core\memory.cpp:Memory::MemorySystem::Write:528: unmapped Write8 0x00000000 @ 0x00000A83 at PC 0x010F3548
[   6.358815] HW.Memory <Error> core\memory.cpp:Memory::MemorySystem::Write:528: unmapped Write8 0x00000000 @ 0x00000A84 at PC 0x010F3548
[   6.358816] HW.Memory <Error> core\memory.cpp:Memory::MemorySystem::Write:528: unmapped Write8 0x00000000 @ 0x00000A85 at PC 0x010F3548
[   6.358816] HW.Memory <Error> core\memory.cpp:Memory::MemorySystem::Write:528: unmapped Write8 0x00000000 @ 0x00000A86 at PC 0x010F3548
[   6.358817] HW.Memory <Error> core\memory.cpp:Memory::MemorySystem::Write:528: unmapped Write8 0x00000000 @ 0x00000A87 at PC 0x010F3548
[   6.358818] HW.Memory <Error> core\memory.cpp:Memory::MemorySystem::Write:528: unmapped Write8 0x00000000 @ 0x00000A88 at PC 0x010F3548
[   6.358818] HW.Memory <Error> core\memory.cpp:Memory::MemorySystem::Write:528: unmapped Write8 0x00000000 @ 0x00000A89 at PC 0x010F3548
[   6.358819] HW.Memory <Error> core\memory.cpp:Memory::MemorySystem::Write:528: unmapped Write8 0x00000000 @ 0x00000A8A at PC 0x010F3548
[   6.358819] HW.Memory <Error> core\memory.cpp:Memory::MemorySystem::Write:528: unmapped Write8 0x00000000 @ 0x00000A8B at PC 0x010F3548
[   6.358820] HW.Memory <Error> core\memory.cpp:Memory::MemorySystem::Write:528: unmapped Write8 0x00000000 @ 0x00000A8C at PC 0x010F3548
[   6.358820] HW.Memory <Error> core\memory.cpp:Memory::MemorySystem::Write:528: unmapped Write8 0x00000000 @ 0x00000A8D at PC 0x010F3548
[   6.358821] HW.Memory <Error> core\memory.cpp:Memory::MemorySystem::Write:528: unmapped Write8 0x00000000 @ 0x00000A8E at PC 0x010F3548
[   6.358821] HW.Memory <Error> core\memory.cpp:Memory::MemorySystem::Write:528: unmapped Write8 0x00000000 @ 0x00000A8F at PC 0x010F3548
[   6.358822] HW.Memory <Error> core\memory.cpp:Memory::MemorySystem::Write:528: unmapped Write8 0x00000000 @ 0x00000A90 at PC 0x010F3548
[   6.358822] HW.Memory <Error> core\memory.cpp:Memory::MemorySystem::Write:528: unmapped Write8 0x00000000 @ 0x00000A91 at PC 0x010F3548
[   6.358823] HW.Memory <Error> core\memory.cpp:Memory::MemorySystem::Write:528: unmapped Write8 0x00000000 @ 0x00000A92 at PC 0x010F3548
[   6.358823] HW.Memory <Error> core\memory.cpp:Memory::MemorySystem::Write:528: unmapped Write8 0x00000000 @ 0x00000A93 at PC 0x010F3548
[   6.358824] HW.Memory <Error> core\memory.cpp:Memory::MemorySystem::Write:528: unmapped Write8 0x00000000 @ 0x00000A94 at PC 0x010F3548
[   6.358824] HW.Memory <Error> core\memory.cpp:Memory::MemorySystem::Write:528: unmapped Write8 0x00000000 @ 0x00000A95 at PC 0x010F3548
[   6.358825] HW.Memory <Error> core\memory.cpp:Memory::MemorySystem::Write:528: unmapped Write8 0x00000000 @ 0x00000A96 at PC 0x010F3548
[   6.358826] HW.Memory <Error> core\memory.cpp:Memory::MemorySystem::Write:528: unmapped Write8 0x00000000 @ 0x00000A97 at PC 0x010F3548
[   6.358826] HW.Memory <Error> core\memory.cpp:Memory::MemorySystem::Write:528: unmapped Write8 0x00000000 @ 0x00000A98 at PC 0x010F3548
[   6.358827] HW.Memory <Error> core\memory.cpp:Memory::MemorySystem::Write:528: unmapped Write8 0x00000000 @ 0x00000A99 at PC 0x010F3548
[   6.358827] HW.Memory <Error> core\memory.cpp:Memory::MemorySystem::Write:528: unmapped Write8 0x00000000 @ 0x00000A9A at PC 0x010F3548
[   6.358828] HW.Memory <Error> core\memory.cpp:Memory::MemorySystem::Write:528: unmapped Write8 0x00000000 @ 0x00000A9B at PC 0x010F3548
[   6.358828] HW.Memory <Error> core\memory.cpp:Memory::MemorySystem::Write:528: unmapped Write8 0x00000000 @ 0x00000A9C at PC 0x010F3548
[   6.358829] HW.Memory <Error> core\memory.cpp:Memory::MemorySystem::Write:528: unmapped Write8 0x00000000 @ 0x00000A9D at PC 0x010F3548
[   6.358829] HW.Memory <Error> core\memory.cpp:Memory::MemorySystem::Write:528: unmapped Write8 0x00000000 @ 0x00000A9E at PC 0x010F3548
[   6.358830] HW.Memory <Error> core\memory.cpp:Memory::MemorySystem::Write:528: unmapped Write8 0x00000000 @ 0x00000A9F at PC 0x010F3548
[   6.358830] HW.Memory <Error> core\memory.cpp:Memory::MemorySystem::Write:528: unmapped Write8 0x00000000 @ 0x00000AA0 at PC 0x010F3548
[   6.358831] HW.Memory <Error> core\memory.cpp:Memory::MemorySystem::Write:528: unmapped Write8 0x00000000 @ 0x00000AA1 at PC 0x010F3548
[   6.358832] HW.Memory <Error> core\memory.cpp:Memory::MemorySystem::Write:528: unmapped Write8 0x00000000 @ 0x00000AA2 at PC 0x010F3548
[   6.358832] HW.Memory <Error> core\memory.cpp:Memory::MemorySystem::Write:528: unmapped Write8 0x00000000 @ 0x00000AA3 at PC 0x010F3548
[   6.358833] HW.Memory <Error> core\memory.cpp:Memory::MemorySystem::Write:528: unmapped Write8 0x00000000 @ 0x00000AA4 at PC 0x010F3548
[   6.358834] HW.Memory <Error> core\memory.cpp:Memory::MemorySystem::Write:528: unmapped Write8 0x00000000 @ 0x00000AA5 at PC 0x010F3548
[   6.358834] HW.Memory <Error> core\memory.cpp:Memory::MemorySystem::Write:528: unmapped Write8 0x00000000 @ 0x00000AA6 at PC 0x010F3548
[   6.358835] HW.Memory <Error> core\memory.cpp:Memory::MemorySystem::Write:528: unmapped Write8 0x00000000 @ 0x00000AA7 at PC 0x010F3548
[   6.358835] HW.Memory <Error> core\memory.cpp:Memory::MemorySystem::Write:528: unmapped Write8 0x00000000 @ 0x00000AA8 at PC 0x010F3548
[   6.358836] HW.Memory <Error> core\memory.cpp:Memory::MemorySystem::Write:528: unmapped Write8 0x00000000 @ 0x00000AA9 at PC 0x010F3548
[   6.358837] HW.Memory <Error> core\memory.cpp:Memory::MemorySystem::Write:528: unmapped Write8 0x00000000 @ 0x00000AAA at PC 0x010F3548
[   6.358837] HW.Memory <Error> core\memory.cpp:Memory::MemorySystem::Write:528: unmapped Write8 0x00000000 @ 0x00000AAB at PC 0x010F3548
[   6.358838] HW.Memory <Error> core\memory.cpp:Memory::MemorySystem::Write:528: unmapped Write8 0x00000000 @ 0x00000AAC at PC 0x010F3548
[   6.358839] HW.Memory <Error> core\memory.cpp:Memory::MemorySystem::Write:528: unmapped Write8 0x00000000 @ 0x00000AAD at PC 0x010F3548
[   6.358839] HW.Memory <Error> core\memory.cpp:Memory::MemorySystem::Write:528: unmapped Write8 0x00000000 @ 0x00000AAE at PC 0x010F3548
[   6.358840] HW.Memory <Error> core\memory.cpp:Memory::MemorySystem::Write:528: unmapped Write8 0x00000000 @ 0x00000AAF at PC 0x010F3548
[   6.358840] HW.Memory <Error> core\memory.cpp:Memory::MemorySystem::Write:528: unmapped Write8 0x00000000 @ 0x00000AB0 at PC 0x010F3548
[   6.358841] HW.Memory <Error> core\memory.cpp:Memory::MemorySystem::Write:528: unmapped Write8 0x00000000 @ 0x00000AB1 at PC 0x010F3548
[   6.358841] HW.Memory <Error> core\memory.cpp:Memory::MemorySystem::Write:528: unmapped Write8 0x00000000 @ 0x00000AB2 at PC 0x010F3548
[   6.358842] HW.Memory <Error> core\memory.cpp:Memory::MemorySystem::Write:528: unmapped Write8 0x00000000 @ 0x00000AB3 at PC 0x010F3548
[   6.358842] HW.Memory <Error> core\memory.cpp:Memory::MemorySystem::Write:528: unmapped Write8 0x00000000 @ 0x00000AB4 at PC 0x010F3548
[   6.358843] HW.Memory <Error> core\memory.cpp:Memory::MemorySystem::Write:528: unmapped Write8 0x00000000 @ 0x00000AB5 at PC 0x010F3548
[   6.358843] HW.Memory <Error> core\memory.cpp:Memory::MemorySystem::Write:528: unmapped Write8 0x00000000 @ 0x00000AB6 at PC 0x010F3548
[   6.358844] HW.Memory <Error> core\memory.cpp:Memory::MemorySystem::Write:528: unmapped Write8 0x00000000 @ 0x00000AB7 at PC 0x010F3548
[   6.358845] HW.Memory <Error> core\memory.cpp:Memory::MemorySystem::Write:528: unmapped Write8 0x00000000 @ 0x00000AB8 at PC 0x010F3548
[   6.358845] HW.Memory <Error> core\memory.cpp:Memory::MemorySystem::Write:528: unmapped Write8 0x00000000 @ 0x00000AB9 at PC 0x010F3548
[   6.358846] HW.Memory <Error> core\memory.cpp:Memory::MemorySystem::Write:528: unmapped Write8 0x00000000 @ 0x00000ABA at PC 0x010F3548
[   6.358846] HW.Memory <Error> core\memory.cpp:Memory::MemorySystem::Write:528: unmapped Write8 0x00000000 @ 0x00000ABB at PC 0x010F3548
[   6.358847] HW.Memory <Error> core\memory.cpp:Memory::MemorySystem::Write:528: unmapped Write8 0x00000000 @ 0x00000ABC at PC 0x010F3548
[   6.358847] HW.Memory <Error> core\memory.cpp:Memory::MemorySystem::Write:528: unmapped Write8 0x00000000 @ 0x00000ABD at PC 0x010F3548
[   6.358848] HW.Memory <Error> core\memory.cpp:Memory::MemorySystem::Write:528: unmapped Write8 0x00000000 @ 0x00000ABE at PC 0x010F3548
[   6.358849] HW.Memory <Error> core\memory.cpp:Memory::MemorySystem::Write:528: unmapped Write8 0x00000000 @ 0x00000ABF at PC 0x010F3548
[   6.358849] HW.Memory <Error> core\memory.cpp:Memory::MemorySystem::Write:528: unmapped Write8 0x00000000 @ 0x00000AC0 at PC 0x010F3548
[   6.358850] HW.Memory <Error> core\memory.cpp:Memory::MemorySystem::Write:528: unmapped Write8 0x00000000 @ 0x00000AC1 at PC 0x010F3548
[   6.358850] HW.Memory <Error> core\memory.cpp:Memory::MemorySystem::Write:528: unmapped Write8 0x00000000 @ 0x00000AC2 at PC 0x010F3548
[   6.358851] HW.Memory <Error> core\memory.cpp:Memory::MemorySystem::Write:528: unmapped Write8 0x00000000 @ 0x00000AC3 at PC 0x010F3548
[   6.358851] HW.Memory <Error> core\memory.cpp:Memory::MemorySystem::Write:528: unmapped Write8 0x00000000 @ 0x00000AC4 at PC 0x010F3548
[   6.358852] HW.Memory <Error> core\memory.cpp:Memory::MemorySystem::Write:528: unmapped Write8 0x00000000 @ 0x00000AC5 at PC 0x010F3548
[   6.358853] HW.Memory <Error> core\memory.cpp:Memory::MemorySystem::Write:528: unmapped Write8 0x00000000 @ 0x00000AC6 at PC 0x010F3548
[   6.358853] HW.Memory <Error> core\memory.cpp:Memory::MemorySystem::Write:528: unmapped Write8 0x00000000 @ 0x00000AC7 at PC 0x010F3548
[   6.358854] HW.Memory <Error> core\memory.cpp:Memory::MemorySystem::Write:528: unmapped Write8 0x00000000 @ 0x00000AC8 at PC 0x010F3548
[   6.358854] HW.Memory <Error> core\memory.cpp:Memory::MemorySystem::Write:528: unmapped Write8 0x00000000 @ 0x00000AC9 at PC 0x010F3548
[   6.358855] HW.Memory <Error> core\memory.cpp:Memory::MemorySystem::Write:528: unmapped Write8 0x00000000 @ 0x00000ACA at PC 0x010F3548
[   6.358855] HW.Memory <Error> core\memory.cpp:Memory::MemorySystem::Write:528: unmapped Write8 0x00000000 @ 0x00000ACB at PC 0x010F3548
[   6.358856] HW.Memory <Error> core\memory.cpp:Memory::MemorySystem::Write:528: unmapped Write8 0x00000000 @ 0x00000ACC at PC 0x010F3548
[   6.358856] HW.Memory <Error> core\memory.cpp:Memory::MemorySystem::Write:528: unmapped Write8 0x00000000 @ 0x00000ACD at PC 0x010F3548
[   6.358857] HW.Memory <Error> core\memory.cpp:Memory::MemorySystem::Write:528: unmapped Write8 0x00000000 @ 0x00000ACE at PC 0x010F3548
[   6.358858] HW.Memory <Error> core\memory.cpp:Memory::MemorySystem::Write:528: unmapped Write8 0x00000000 @ 0x00000ACF at PC 0x010F3548
[   6.358858] HW.Memory <Error> core\memory.cpp:Memory::MemorySystem::Write:528: unmapped Write8 0x00000000 @ 0x00000AD0 at PC 0x010F3548
[   6.358859] HW.Memory <Error> core\memory.cpp:Memory::MemorySystem::Write:528: unmapped Write8 0x00000000 @ 0x00000AD1 at PC 0x010F3548
[   6.358860] HW.Memory <Error> core\memory.cpp:Memory::MemorySystem::Write:528: unmapped Write8 0x00000000 @ 0x00000AD2 at PC 0x010F3548
[   6.358860] HW.Memory <Error> core\memory.cpp:Memory::MemorySystem::Write:528: unmapped Write8 0x00000000 @ 0x00000AD3 at PC 0x010F3548
[   6.358861] HW.Memory <Error> core\memory.cpp:Memory::MemorySystem::Write:528: unmapped Write8 0x00000000 @ 0x00000AD4 at PC 0x010F3548
[   6.358861] HW.Memory <Error> core\memory.cpp:Memory::MemorySystem::Write:528: unmapped Write8 0x00000000 @ 0x00000AD5 at PC 0x010F3548
[   6.358862] HW.Memory <Error> core\memory.cpp:Memory::MemorySystem::Write:528: unmapped Write8 0x00000000 @ 0x00000AD6 at PC 0x010F3548
[   6.358862] HW.Memory <Error> core\memory.cpp:Memory::MemorySystem::Write:528: unmapped Write8 0x00000000 @ 0x00000AD7 at PC 0x010F3548
[   6.358863] HW.Memory <Error> core\memory.cpp:Memory::MemorySystem::Write:528: unmapped Write8 0x00000000 @ 0x00000AD8 at PC 0x010F3548
[   6.358863] HW.Memory <Error> core\memory.cpp:Memory::MemorySystem::Write:528: unmapped Write8 0x00000000 @ 0x00000AD9 at PC 0x010F3548
[   6.358864] HW.Memory <Error> core\memory.cpp:Memory::MemorySystem::Write:528: unmapped Write8 0x00000000 @ 0x00000ADA at PC 0x010F3548
[   6.358864] HW.Memory <Error> core\memory.cpp:Memory::MemorySystem::Write:528: unmapped Write8 0x00000000 @ 0x00000ADB at PC 0x010F3548
[   6.358865] HW.Memory <Error> core\memory.cpp:Memory::MemorySystem::Write:528: unmapped Write8 0x00000000 @ 0x00000ADC at PC 0x010F3548
[   6.358865] HW.Memory <Error> core\memory.cpp:Memory::MemorySystem::Write:528: unmapped Write8 0x00000000 @ 0x00000ADD at PC 0x010F3548
[   6.358866] HW.Memory <Error> core\memory.cpp:Memory::MemorySystem::Write:528: unmapped Write8 0x00000000 @ 0x00000ADE at PC 0x010F3548
[   6.358866] HW.Memory <Error> core\memory.cpp:Memory::MemorySystem::Write:528: unmapped Write8 0x00000000 @ 0x00000ADF at PC 0x010F3548
[   6.358867] HW.Memory <Error> core\memory.cpp:Memory::MemorySystem::Write:528: unmapped Write8 0x00000000 @ 0x00000AE0 at PC 0x010F3548
[   6.358867] HW.Memory <Error> core\memory.cpp:Memory::MemorySystem::Write:528: unmapped Write8 0x00000000 @ 0x00000AE1 at PC 0x010F3548
[   6.358868] HW.Memory <Error> core\memory.cpp:Memory::MemorySystem::Write:528: unmapped Write8 0x00000000 @ 0x00000AE2 at PC 0x010F3548
[   6.358927] HW.Memory <Error> core\memory.cpp:Memory::MemorySystem::Write:528: unmapped Write8 0x00000000 @ 0x00000AE3 at PC 0x010F3548
[   6.358928] HW.Memory <Error> core\memory.cpp:Memory::MemorySystem::Write:528: unmapped Write8 0x00000000 @ 0x00000AE4 at PC 0x010F3548
[   6.358929] HW.Memory <Error> core\memory.cpp:Memory::MemorySystem::Write:528: unmapped Write8 0x00000000 @ 0x00000AE5 at PC 0x010F3548
[   6.358935] HW.Memory <Error> core\memory.cpp:Memory::MemorySystem::Write:528: unmapped Write8 0x00000000 @ 0x00000AE6 at PC 0x010F3548
[   6.358935] HW.Memory <Error> core\memory.cpp:Memory::MemorySystem::Write:528: unmapped Write8 0x00000000 @ 0x00000AE7 at PC 0x010F3548
[   6.358936] HW.Memory <Error> core\memory.cpp:Memory::MemorySystem::Write:528: unmapped Write8 0x00000000 @ 0x00000AE8 at PC 0x010F3548
[   6.358936] HW.Memory <Error> core\memory.cpp:Memory::MemorySystem::Write:528: unmapped Write8 0x00000000 @ 0x00000AE9 at PC 0x010F3548
[   6.358937] HW.Memory <Error> core\memory.cpp:Memory::MemorySystem::Write:528: unmapped Write8 0x00000000 @ 0x00000AEA at PC 0x010F3548
[   6.358937] HW.Memory <Error> core\memory.cpp:Memory::MemorySystem::Write:528: unmapped Write8 0x00000000 @ 0x00000AEB at PC 0x010F3548
[   6.358938] HW.Memory <Error> core\memory.cpp:Memory::MemorySystem::Write:528: unmapped Write8 0x00000000 @ 0x00000AEC at PC 0x010F3548
[   6.358938] HW.Memory <Error> core\memory.cpp:Memory::MemorySystem::Write:528: unmapped Write8 0x00000000 @ 0x00000AED at PC 0x010F3548
[   6.358939] HW.Memory <Error> core\memory.cpp:Memory::MemorySystem::Write:528: unmapped Write8 0x00000000 @ 0x00000AEE at PC 0x010F3548
[   6.358939] HW.Memory <Error> core\memory.cpp:Memory::MemorySystem::Write:528: unmapped Write8 0x00000000 @ 0x00000AEF at PC 0x010F3548
[   6.358940] HW.Memory <Error> core\memory.cpp:Memory::MemorySystem::Write:528: unmapped Write8 0x00000000 @ 0x00000AF0 at PC 0x010F3548
[   6.358940] HW.Memory <Error> core\memory.cpp:Memory::MemorySystem::Write:528: unmapped Write8 0x00000000 @ 0x00000AF1 at PC 0x010F3548
[   6.358941] HW.Memory <Error> core\memory.cpp:Memory::MemorySystem::Write:528: unmapped Write8 0x00000000 @ 0x00000AF2 at PC 0x010F3548
[   6.358941] HW.Memory <Error> core\memory.cpp:Memory::MemorySystem::Write:528: unmapped Write8 0x00000000 @ 0x00000AF3 at PC 0x010F3548
[   6.358942] HW.Memory <Error> core\memory.cpp:Memory::MemorySystem::Write:528: unmapped Write8 0x00000000 @ 0x00000AF4 at PC 0x010F3548
[   6.358942] HW.Memory <Error> core\memory.cpp:Memory::MemorySystem::Write:528: unmapped Write8 0x00000000 @ 0x00000AF5 at PC 0x010F3548
[   6.358943] HW.Memory <Error> core\memory.cpp:Memory::MemorySystem::Write:528: unmapped Write8 0x00000000 @ 0x00000AF6 at PC 0x010F3548
[   6.358943] HW.Memory <Error> core\memory.cpp:Memory::MemorySystem::Write:528: unmapped Write8 0x00000000 @ 0x00000AF7 at PC 0x010F3548
[   6.358944] HW.Memory <Error> core\memory.cpp:Memory::MemorySystem::Write:528: unmapped Write8 0x00000000 @ 0x00000AF8 at PC 0x010F3548
[   6.358944] HW.Memory <Error> core\memory.cpp:Memory::MemorySystem::Write:528: unmapped Write8 0x00000000 @ 0x00000AF9 at PC 0x010F3548
[   6.358945] HW.Memory <Error> core\memory.cpp:Memory::MemorySystem::Write:528: unmapped Write8 0x00000000 @ 0x00000AFA at PC 0x010F3548
[   6.358945] HW.Memory <Error> core\memory.cpp:Memory::MemorySystem::Write:528: unmapped Write8 0x00000000 @ 0x00000AFB at PC 0x010F3548
[   6.358946] HW.Memory <Error> core\memory.cpp:Memory::MemorySystem::Write:528: unmapped Write8 0x00000000 @ 0x00000AFC at PC 0x010F3548
[   6.358947] HW.Memory <Error> core\memory.cpp:Memory::MemorySystem::Write:528: unmapped Write8 0x00000000 @ 0x00000AFD at PC 0x010F3548
[   6.358947] HW.Memory <Error> core\memory.cpp:Memory::MemorySystem::Write:528: unmapped Write8 0x00000000 @ 0x00000AFE at PC 0x010F3548
[   6.358948] HW.Memory <Error> core\memory.cpp:Memory::MemorySystem::Write:528: unmapped Write8 0x00000000 @ 0x00000AFF at PC 0x010F3548
[   6.358948] HW.Memory <Error> core\memory.cpp:Memory::MemorySystem::Write:528: unmapped Write8 0x00000000 @ 0x00000B00 at PC 0x010F3548
[   6.358949] HW.Memory <Error> core\memory.cpp:Memory::MemorySystem::Write:528: unmapped Write8 0x00000000 @ 0x00000B01 at PC 0x010F3548
[   6.358949] HW.Memory <Error> core\memory.cpp:Memory::MemorySystem::Write:528: unmapped Write8 0x00000000 @ 0x00000B02 at PC 0x010F3548
[   6.358950] HW.Memory <Error> core\memory.cpp:Memory::MemorySystem::Write:528: unmapped Write8 0x00000000 @ 0x00000B03 at PC 0x010F3548
[   6.358950] HW.Memory <Error> core\memory.cpp:Memory::MemorySystem::Write:528: unmapped Write8 0x00000000 @ 0x00000B04 at PC 0x010F3548
[   6.358951] HW.Memory <Error> core\memory.cpp:Memory::MemorySystem::Write:528: unmapped Write8 0x00000000 @ 0x00000B05 at PC 0x010F3548
[   6.358952] HW.Memory <Error> core\memory.cpp:Memory::MemorySystem::Write:528: unmapped Write8 0x00000000 @ 0x00000B06 at PC 0x010F3548
[   6.358952] HW.Memory <Error> core\memory.cpp:Memory::MemorySystem::Write:528: unmapped Write8 0x00000000 @ 0x00000B07 at PC 0x010F3548
[   6.358953] HW.Memory <Error> core\memory.cpp:Memory::MemorySystem::Write:528: unmapped Write8 0x00000000 @ 0x00000B08 at PC 0x010F3548
[   6.358953] HW.Memory <Error> core\memory.cpp:Memory::MemorySystem::Write:528: unmapped Write8 0x00000000 @ 0x00000B09 at PC 0x010F3548
[   6.358954] HW.Memory <Error> core\memory.cpp:Memory::MemorySystem::Write:528: unmapped Write8 0x00000000 @ 0x00000B0A at PC 0x010F3548
[   6.358954] HW.Memory <Error> core\memory.cpp:Memory::MemorySystem::Write:528: unmapped Write8 0x00000000 @ 0x00000B0B at PC 0x010F3548
[   6.358955] HW.Memory <Error> core\memory.cpp:Memory::MemorySystem::Write:528: unmapped Write8 0x00000000 @ 0x00000B0C at PC 0x010F3548
[   6.358955] HW.Memory <Error> core\memory.cpp:Memory::MemorySystem::Write:528: unmapped Write8 0x00000000 @ 0x00000B0D at PC 0x010F3548
[   6.358956] HW.Memory <Error> core\memory.cpp:Memory::MemorySystem::Write:528: unmapped Write8 0x00000000 @ 0x00000B0E at PC 0x010F3548
[   6.358957] HW.Memory <Error> core\memory.cpp:Memory::MemorySystem::Write:528: unmapped Write8 0x00000000 @ 0x00000B0F at PC 0x010F3548
[   6.358957] HW.Memory <Error> core\memory.cpp:Memory::MemorySystem::Write:528: unmapped Write8 0x00000000 @ 0x00000B10 at PC 0x010F3548
[   6.358958] HW.Memory <Error> core\memory.cpp:Memory::MemorySystem::Write:528: unmapped Write8 0x00000000 @ 0x00000B11 at PC 0x010F3548
[   6.358958] HW.Memory <Error> core\memory.cpp:Memory::MemorySystem::Write:528: unmapped Write8 0x00000000 @ 0x00000B12 at PC 0x010F3548
[   6.358959] HW.Memory <Error> core\memory.cpp:Memory::MemorySystem::Write:528: unmapped Write8 0x00000000 @ 0x00000B13 at PC 0x010F3548
[   6.358959] HW.Memory <Error> core\memory.cpp:Memory::MemorySystem::Write:528: unmapped Write8 0x00000000 @ 0x00000B14 at PC 0x010F3548
[   6.358960] HW.Memory <Error> core\memory.cpp:Memory::MemorySystem::Write:528: unmapped Write8 0x00000000 @ 0x00000B15 at PC 0x010F3548
[   6.358960] HW.Memory <Error> core\memory.cpp:Memory::MemorySystem::Write:528: unmapped Write8 0x00000000 @ 0x00000B16 at PC 0x010F3548
[   6.358961] HW.Memory <Error> core\memory.cpp:Memory::MemorySystem::Write:528: unmapped Write8 0x00000000 @ 0x00000B17 at PC 0x010F3548
[   6.358961] HW.Memory <Error> core\memory.cpp:Memory::MemorySystem::Write:528: unmapped Write8 0x00000000 @ 0x00000B18 at PC 0x010F3548
[   6.358962] HW.Memory <Error> core\memory.cpp:Memory::MemorySystem::Write:528: unmapped Write8 0x00000000 @ 0x00000B19 at PC 0x010F3548
[   6.358962] HW.Memory <Error> core\memory.cpp:Memory::MemorySystem::Write:528: unmapped Write8 0x00000000 @ 0x00000B1A at PC 0x010F3548
[   6.358963] HW.Memory <Error> core\memory.cpp:Memory::MemorySystem::Write:528: unmapped Write8 0x00000000 @ 0x00000B1B at PC 0x010F3548
[   6.358963] HW.Memory <Error> core\memory.cpp:Memory::MemorySystem::Write:528: unmapped Write8 0x00000000 @ 0x00000B1C at PC 0x010F3548
[   6.358964] HW.Memory <Error> core\memory.cpp:Memory::MemorySystem::Write:528: unmapped Write8 0x00000000 @ 0x00000B1D at PC 0x010F3548
[   6.358965] HW.Memory <Error> core\memory.cpp:Memory::MemorySystem::Write:528: unmapped Write8 0x00000000 @ 0x00000B1E at PC 0x010F3548
[   6.358965] HW.Memory <Error> core\memory.cpp:Memory::MemorySystem::Write:528: unmapped Write8 0x00000000 @ 0x00000B1F at PC 0x010F3548
[   6.358966] HW.Memory <Error> core\memory.cpp:Memory::MemorySystem::Write:528: unmapped Write8 0x00000000 @ 0x00000B20 at PC 0x010F3548
[   6.358966] HW.Memory <Error> core\memory.cpp:Memory::MemorySystem::Write:528: unmapped Write8 0x00000000 @ 0x00000B21 at PC 0x010F3548
[   6.358967] HW.Memory <Error> core\memory.cpp:Memory::MemorySystem::Write:528: unmapped Write8 0x00000000 @ 0x00000B22 at PC 0x010F3548
[   6.358967] HW.Memory <Error> core\memory.cpp:Memory::MemorySystem::Write:528: unmapped Write8 0x00000000 @ 0x00000B23 at PC 0x010F3548
[   6.358968] HW.Memory <Error> core\memory.cpp:Memory::MemorySystem::Write:528: unmapped Write8 0x00000000 @ 0x00000B24 at PC 0x010F3548
[   6.358968] HW.Memory <Error> core\memory.cpp:Memory::MemorySystem::Write:528: unmapped Write8 0x00000000 @ 0x00000B25 at PC 0x010F3548
[   6.358969] HW.Memory <Error> core\memory.cpp:Memory::MemorySystem::Write:528: unmapped Write8 0x00000000 @ 0x00000B26 at PC 0x010F3548
[   6.358969] HW.Memory <Error> core\memory.cpp:Memory::MemorySystem::Write:528: unmapped Write8 0x00000000 @ 0x00000B27 at PC 0x010F3548
[   6.358970] HW.Memory <Error> core\memory.cpp:Memory::MemorySystem::Write:528: unmapped Write8 0x00000000 @ 0x00000B28 at PC 0x010F3548
[   6.358970] HW.Memory <Error> core\memory.cpp:Memory::MemorySystem::Write:528: unmapped Write8 0x00000000 @ 0x00000B29 at PC 0x010F3548
[   6.358971] HW.Memory <Error> core\memory.cpp:Memory::MemorySystem::Write:528: unmapped Write8 0x00000000 @ 0x00000B2A at PC 0x010F3548
[   6.358972] HW.Memory <Error> core\memory.cpp:Memory::MemorySystem::Write:528: unmapped Write8 0x00000000 @ 0x00000B2B at PC 0x010F3548
[   6.358972] HW.Memory <Error> core\memory.cpp:Memory::MemorySystem::Write:528: unmapped Write8 0x00000000 @ 0x00000B2C at PC 0x010F3548
[   6.358973] HW.Memory <Error> core\memory.cpp:Memory::MemorySystem::Write:528: unmapped Write8 0x00000000 @ 0x00000B2D at PC 0x010F3548
[   6.358973] HW.Memory <Error> core\memory.cpp:Memory::MemorySystem::Write:528: unmapped Write8 0x00000000 @ 0x00000B2E at PC 0x010F3548
[   6.358974] HW.Memory <Error> core\memory.cpp:Memory::MemorySystem::Write:528: unmapped Write8 0x00000000 @ 0x00000B2F at PC 0x010F3548
[   6.358974] HW.Memory <Error> core\memory.cpp:Memory::MemorySystem::Write:528: unmapped Write8 0x00000000 @ 0x00000B30 at PC 0x010F3548
[   6.358975] HW.Memory <Error> core\memory.cpp:Memory::MemorySystem::Write:528: unmapped Write8 0x00000000 @ 0x00000B31 at PC 0x010F3548
[   6.358975] HW.Memory <Error> core\memory.cpp:Memory::MemorySystem::Write:528: unmapped Write8 0x00000000 @ 0x00000B32 at PC 0x010F3548
[   6.358976] HW.Memory <Error> core\memory.cpp:Memory::MemorySystem::Write:528: unmapped Write8 0x00000000 @ 0x00000B33 at PC 0x010F3548
[   6.358976] HW.Memory <Error> core\memory.cpp:Memory::MemorySystem::Write:528: unmapped Write8 0x00000000 @ 0x00000B34 at PC 0x010F3548
[   6.358977] HW.Memory <Error> core\memory.cpp:Memory::MemorySystem::Write:528: unmapped Write8 0x00000000 @ 0x00000B35 at PC 0x010F3548
[   6.358977] HW.Memory <Error> core\memory.cpp:Memory::MemorySystem::Write:528: unmapped Write8 0x00000000 @ 0x00000B36 at PC 0x010F3548
[   6.358978] HW.Memory <Error> core\memory.cpp:Memory::MemorySystem::Write:528: unmapped Write8 0x00000000 @ 0x00000B37 at PC 0x010F3548
[   6.358978] HW.Memory <Error> core\memory.cpp:Memory::MemorySystem::Write:528: unmapped Write8 0x00000000 @ 0x00000B38 at PC 0x010F3548
[   6.358979] HW.Memory <Error> core\memory.cpp:Memory::MemorySystem::Write:528: unmapped Write8 0x00000000 @ 0x00000B39 at PC 0x010F3548
[   6.358979] HW.Memory <Error> core\memory.cpp:Memory::MemorySystem::Write:528: unmapped Write8 0x00000000 @ 0x00000B3A at PC 0x010F3548
[   6.358980] HW.Memory <Error> core\memory.cpp:Memory::MemorySystem::Write:528: unmapped Write8 0x00000000 @ 0x00000B3B at PC 0x010F3548
[   6.358980] HW.Memory <Error> core\memory.cpp:Memory::MemorySystem::Write:528: unmapped Write8 0x00000000 @ 0x00000B3C at PC 0x010F3548
[   6.358981] HW.Memory <Error> core\memory.cpp:Memory::MemorySystem::Write:528: unmapped Write8 0x00000000 @ 0x00000B3D at PC 0x010F3548
[   6.358981] HW.Memory <Error> core\memory.cpp:Memory::MemorySystem::Write:528: unmapped Write8 0x00000000 @ 0x00000B3E at PC 0x010F3548
[   6.358982] HW.Memory <Error> core\memory.cpp:Memory::MemorySystem::Write:528: unmapped Write8 0x00000000 @ 0x00000B3F at PC 0x010F3548
[   6.358982] HW.Memory <Error> core\memory.cpp:Memory::MemorySystem::Write:528: unmapped Write8 0x00000000 @ 0x00000B40 at PC 0x010F3548
[   6.358983] HW.Memory <Error> core\memory.cpp:Memory::MemorySystem::Write:528: unmapped Write8 0x00000000 @ 0x00000B41 at PC 0x010F3548
[   6.358983] HW.Memory <Error> core\memory.cpp:Memory::MemorySystem::Write:528: unmapped Write8 0x00000000 @ 0x00000B42 at PC 0x010F3548
[   6.358984] HW.Memory <Error> core\memory.cpp:Memory::MemorySystem::Write:528: unmapped Write8 0x00000000 @ 0x00000B43 at PC 0x010F3548
[   6.358985] HW.Memory <Error> core\memory.cpp:Memory::MemorySystem::Write:528: unmapped Write8 0x00000000 @ 0x00000B44 at PC 0x010F3548
[   6.358985] HW.Memory <Error> core\memory.cpp:Memory::MemorySystem::Write:528: unmapped Write8 0x00000000 @ 0x00000B45 at PC 0x010F3548
[   6.358986] HW.Memory <Error> core\memory.cpp:Memory::MemorySystem::Write:528: unmapped Write8 0x00000000 @ 0x00000B46 at PC 0x010F3548
[   6.358987] HW.Memory <Error> core\memory.cpp:Memory::MemorySystem::Write:528: unmapped Write8 0x00000000 @ 0x00000B47 at PC 0x010F3548
[   6.358987] HW.Memory <Error> core\memory.cpp:Memory::MemorySystem::Write:528: unmapped Write8 0x00000000 @ 0x00000B48 at PC 0x010F3548
[   6.358988] HW.Memory <Error> core\memory.cpp:Memory::MemorySystem::Write:528: unmapped Write8 0x00000000 @ 0x00000B49 at PC 0x010F3548
[   6.358988] HW.Memory <Error> core\memory.cpp:Memory::MemorySystem::Write:528: unmapped Write8 0x00000000 @ 0x00000B4A at PC 0x010F3548
[   6.358989] HW.Memory <Error> core\memory.cpp:Memory::MemorySystem::Write:528: unmapped Write8 0x00000000 @ 0x00000B4B at PC 0x010F3548
[   6.358989] HW.Memory <Error> core\memory.cpp:Memory::MemorySystem::Write:528: unmapped Write8 0x00000000 @ 0x00000B4C at PC 0x010F3548
[   6.358990] HW.Memory <Error> core\memory.cpp:Memory::MemorySystem::Write:528: unmapped Write8 0x00000000 @ 0x00000B4D at PC 0x010F3548
[   6.358991] HW.Memory <Error> core\memory.cpp:Memory::MemorySystem::Write:528: unmapped Write8 0x00000000 @ 0x00000B4E at PC 0x010F3548
[   6.358991] HW.Memory <Error> core\memory.cpp:Memory::MemorySystem::Write:528: unmapped Write8 0x00000000 @ 0x00000B4F at PC 0x010F3548
[   6.358992] HW.Memory <Error> core\memory.cpp:Memory::MemorySystem::Write:528: unmapped Write8 0x00000000 @ 0x00000B50 at PC 0x010F3548
[   6.358992] HW.Memory <Error> core\memory.cpp:Memory::MemorySystem::Write:528: unmapped Write8 0x00000000 @ 0x00000B51 at PC 0x010F3548
[   6.358993] HW.Memory <Error> core\memory.cpp:Memory::MemorySystem::Write:528: unmapped Write8 0x00000000 @ 0x00000B52 at PC 0x010F3548
[   6.358994] HW.Memory <Error> core\memory.cpp:Memory::MemorySystem::Write:528: unmapped Write8 0x00000000 @ 0x00000B53 at PC 0x010F3548
[   6.358994] HW.Memory <Error> core\memory.cpp:Memory::MemorySystem::Write:528: unmapped Write8 0x00000000 @ 0x00000B54 at PC 0x010F3548
[   6.358995] HW.Memory <Error> core\memory.cpp:Memory::MemorySystem::Write:528: unmapped Write8 0x00000000 @ 0x00000B55 at PC 0x010F3548
[   6.358995] HW.Memory <Error> core\memory.cpp:Memory::MemorySystem::Write:528: unmapped Write8 0x00000000 @ 0x00000B56 at PC 0x010F3548
[   6.358996] HW.Memory <Error> core\memory.cpp:Memory::MemorySystem::Write:528: unmapped Write8 0x00000000 @ 0x00000B57 at PC 0x010F3548
[   6.358996] HW.Memory <Error> core\memory.cpp:Memory::MemorySystem::Write:528: unmapped Write8 0x00000000 @ 0x00000B58 at PC 0x010F3548
[   6.358997] HW.Memory <Error> core\memory.cpp:Memory::MemorySystem::Write:528: unmapped Write8 0x00000000 @ 0x00000B59 at PC 0x010F3548
[   6.358997] HW.Memory <Error> core\memory.cpp:Memory::MemorySystem::Write:528: unmapped Write8 0x00000000 @ 0x00000B5A at PC 0x010F3548
[   6.358998] HW.Memory <Error> core\memory.cpp:Memory::MemorySystem::Write:528: unmapped Write8 0x00000000 @ 0x00000B5B at PC 0x010F3548
[   6.358998] HW.Memory <Error> core\memory.cpp:Memory::MemorySystem::Write:528: unmapped Write8 0x00000000 @ 0x00000B5C at PC 0x010F3548
[   6.358999] HW.Memory <Error> core\memory.cpp:Memory::MemorySystem::Write:528: unmapped Write8 0x00000000 @ 0x00000B5D at PC 0x010F3548
[   6.358999] HW.Memory <Error> core\memory.cpp:Memory::MemorySystem::Write:528: unmapped Write8 0x00000000 @ 0x00000B5E at PC 0x010F3548
[   6.359000] HW.Memory <Error> core\memory.cpp:Memory::MemorySystem::Write:528: unmapped Write8 0x00000000 @ 0x00000B5F at PC 0x010F3548
[   6.359000] HW.Memory <Error> core\memory.cpp:Memory::MemorySystem::Write:528: unmapped Write8 0x00000000 @ 0x00000B60 at PC 0x010F3548
[   6.359001] HW.Memory <Error> core\memory.cpp:Memory::MemorySystem::Write:528: unmapped Write8 0x00000000 @ 0x00000B61 at PC 0x010F3548
[   6.359001] HW.Memory <Error> core\memory.cpp:Memory::MemorySystem::Write:528: unmapped Write8 0x00000000 @ 0x00000B62 at PC 0x010F3548
[   6.359002] HW.Memory <Error> core\memory.cpp:Memory::MemorySystem::Write:528: unmapped Write8 0x00000000 @ 0x00000B63 at PC 0x010F3548
[   6.359003] HW.Memory <Error> core\memory.cpp:Memory::MemorySystem::Write:528: unmapped Write8 0x00000000 @ 0x00000B64 at PC 0x010F3548
[   6.359003] HW.Memory <Error> core\memory.cpp:Memory::MemorySystem::Write:528: unmapped Write8 0x00000000 @ 0x00000B65 at PC 0x010F3548
[   6.359004] HW.Memory <Error> core\memory.cpp:Memory::MemorySystem::Write:528: unmapped Write8 0x00000000 @ 0x00000B66 at PC 0x010F3548
[   6.359004] HW.Memory <Error> core\memory.cpp:Memory::MemorySystem::Write:528: unmapped Write8 0x00000000 @ 0x00000B67 at PC 0x010F3548
[   6.359005] HW.Memory <Error> core\memory.cpp:Memory::MemorySystem::Write:528: unmapped Write8 0x00000000 @ 0x00000B68 at PC 0x010F3548
[   6.359005] HW.Memory <Error> core\memory.cpp:Memory::MemorySystem::Write:528: unmapped Write8 0x00000000 @ 0x00000B69 at PC 0x010F3548
[   6.359006] HW.Memory <Error> core\memory.cpp:Memory::MemorySystem::Write:528: unmapped Write8 0x00000000 @ 0x00000B6A at PC 0x010F3548
[   6.359006] HW.Memory <Error> core\memory.cpp:Memory::MemorySystem::Write:528: unmapped Write8 0x00000000 @ 0x00000B6B at PC 0x010F3548
[   6.359007] HW.Memory <Error> core\memory.cpp:Memory::MemorySystem::Write:528: unmapped Write8 0x00000000 @ 0x00000B6C at PC 0x010F3548
[   6.359007] HW.Memory <Error> core\memory.cpp:Memory::MemorySystem::Write:528: unmapped Write8 0x00000000 @ 0x00000B6D at PC 0x010F3548
[   6.359008] HW.Memory <Error> core\memory.cpp:Memory::MemorySystem::Write:528: unmapped Write8 0x00000000 @ 0x00000B6E at PC 0x010F3548
[   6.359008] HW.Memory <Error> core\memory.cpp:Memory::MemorySystem::Write:528: unmapped Write8 0x00000000 @ 0x00000B6F at PC 0x010F3548
[   6.359009] HW.Memory <Error> core\memory.cpp:Memory::MemorySystem::Write:528: unmapped Write8 0x00000000 @ 0x00000B70 at PC 0x010F3548
[   6.359009] HW.Memory <Error> core\memory.cpp:Memory::MemorySystem::Write:528: unmapped Write8 0x00000000 @ 0x00000B71 at PC 0x010F3548
[   6.359010] HW.Memory <Error> core\memory.cpp:Memory::MemorySystem::Write:528: unmapped Write8 0x00000000 @ 0x00000B72 at PC 0x010F3548
[   6.359010] HW.Memory <Error> core\memory.cpp:Memory::MemorySystem::Write:528: unmapped Write8 0x00000000 @ 0x00000B73 at PC 0x010F3548
[   6.359011] HW.Memory <Error> core\memory.cpp:Memory::MemorySystem::Write:528: unmapped Write8 0x00000000 @ 0x00000B74 at PC 0x010F3548
[   6.359011] HW.Memory <Error> core\memory.cpp:Memory::MemorySystem::Write:528: unmapped Write8 0x00000000 @ 0x00000B75 at PC 0x010F3548
[   6.359012] HW.Memory <Error> core\memory.cpp:Memory::MemorySystem::Write:528: unmapped Write8 0x00000000 @ 0x00000B76 at PC 0x010F3548
[   6.359012] HW.Memory <Error> core\memory.cpp:Memory::MemorySystem::Write:528: unmapped Write8 0x00000000 @ 0x00000B77 at PC 0x010F3548
[   6.359013] HW.Memory <Error> core\memory.cpp:Memory::MemorySystem::Write:528: unmapped Write8 0x00000000 @ 0x00000B78 at PC 0x010F3548
[   6.359014] HW.Memory <Error> core\memory.cpp:Memory::MemorySystem::Write:528: unmapped Write8 0x00000000 @ 0x00000B79 at PC 0x010F3548
[   6.359014] HW.Memory <Error> core\memory.cpp:Memory::MemorySystem::Write:528: unmapped Write8 0x00000000 @ 0x00000B7A at PC 0x010F3548
[   6.359015] HW.Memory <Error> core\memory.cpp:Memory::MemorySystem::Write:528: unmapped Write8 0x00000000 @ 0x00000B7B at PC 0x010F3548
[   6.359015] HW.Memory <Error> core\memory.cpp:Memory::MemorySystem::Write:528: unmapped Write8 0x00000000 @ 0x00000B7C at PC 0x010F3548
[   6.359016] HW.Memory <Error> core\memory.cpp:Memory::MemorySystem::Write:528: unmapped Write8 0x00000000 @ 0x00000B7D at PC 0x010F3548
[   6.359016] HW.Memory <Error> core\memory.cpp:Memory::MemorySystem::Write:528: unmapped Write8 0x00000000 @ 0x00000B7E at PC 0x010F3548
[   6.359017] HW.Memory <Error> core\memory.cpp:Memory::MemorySystem::Write:528: unmapped Write8 0x00000000 @ 0x00000B7F at PC 0x010F3548
[   6.359017] HW.Memory <Error> core\memory.cpp:Memory::MemorySystem::Write:528: unmapped Write8 0x00000000 @ 0x00000B80 at PC 0x010F3548
[   6.359018] HW.Memory <Error> core\memory.cpp:Memory::MemorySystem::Write:528: unmapped Write8 0x00000000 @ 0x00000B81 at PC 0x010F3548
[   6.359018] HW.Memory <Error> core\memory.cpp:Memory::MemorySystem::Write:528: unmapped Write8 0x00000000 @ 0x00000B82 at PC 0x010F3548
[   6.359019] HW.Memory <Error> core\memory.cpp:Memory::MemorySystem::Write:528: unmapped Write8 0x00000000 @ 0x00000B83 at PC 0x010F3548
[   6.359019] HW.Memory <Error> core\memory.cpp:Memory::MemorySystem::Write:528: unmapped Write8 0x00000000 @ 0x00000B84 at PC 0x010F3548
[   6.359020] HW.Memory <Error> core\memory.cpp:Memory::MemorySystem::Write:528: unmapped Write8 0x00000000 @ 0x00000B85 at PC 0x010F3548
[   6.359020] HW.Memory <Error> core\memory.cpp:Memory::MemorySystem::Write:528: unmapped Write8 0x00000000 @ 0x00000B86 at PC 0x010F3548
[   6.359021] HW.Memory <Error> core\memory.cpp:Memory::MemorySystem::Write:528: unmapped Write8 0x00000000 @ 0x00000B87 at PC 0x010F3548
[   6.359021] HW.Memory <Error> core\memory.cpp:Memory::MemorySystem::Write:528: unmapped Write8 0x00000000 @ 0x00000B88 at PC 0x010F3548
[   6.359022] HW.Memory <Error> core\memory.cpp:Memory::MemorySystem::Write:528: unmapped Write8 0x00000000 @ 0x00000B89 at PC 0x010F3548
[   6.359022] HW.Memory <Error> core\memory.cpp:Memory::MemorySystem::Write:528: unmapped Write8 0x00000000 @ 0x00000B8A at PC 0x010F3548
[   6.359023] HW.Memory <Error> core\memory.cpp:Memory::MemorySystem::Write:528: unmapped Write8 0x00000000 @ 0x00000B8B at PC 0x010F3548
[   6.359024] HW.Memory <Error> core\memory.cpp:Memory::MemorySystem::Write:528: unmapped Write8 0x00000000 @ 0x00000B8C at PC 0x010F3548
[   6.359024] HW.Memory <Error> core\memory.cpp:Memory::MemorySystem::Write:528: unmapped Write8 0x00000000 @ 0x00000B8D at PC 0x010F3548
[   6.359025] HW.Memory <Error> core\memory.cpp:Memory::MemorySystem::Write:528: unmapped Write8 0x00000000 @ 0x00000B8E at PC 0x010F3548
[   6.359025] HW.Memory <Error> core\memory.cpp:Memory::MemorySystem::Write:528: unmapped Write8 0x00000000 @ 0x00000B8F at PC 0x010F3548
[   6.359026] HW.Memory <Error> core\memory.cpp:Memory::MemorySystem::Write:528: unmapped Write8 0x00000000 @ 0x00000B90 at PC 0x010F3548
[   6.359026] HW.Memory <Error> core\memory.cpp:Memory::MemorySystem::Write:528: unmapped Write8 0x00000000 @ 0x00000B91 at PC 0x010F3548
[   6.359027] HW.Memory <Error> core\memory.cpp:Memory::MemorySystem::Write:528: unmapped Write8 0x00000000 @ 0x00000B92 at PC 0x010F3548
[   6.359027] HW.Memory <Error> core\memory.cpp:Memory::MemorySystem::Write:528: unmapped Write8 0x00000000 @ 0x00000B93 at PC 0x010F3548
[   6.359028] HW.Memory <Error> core\memory.cpp:Memory::MemorySystem::Write:528: unmapped Write8 0x00000000 @ 0x00000B94 at PC 0x010F3548
[   6.359028] HW.Memory <Error> core\memory.cpp:Memory::MemorySystem::Write:528: unmapped Write8 0x00000000 @ 0x00000B95 at PC 0x010F3548
[   6.359029] HW.Memory <Error> core\memory.cpp:Memory::MemorySystem::Write:528: unmapped Write8 0x00000000 @ 0x00000B96 at PC 0x010F3548
[   6.359029] HW.Memory <Error> core\memory.cpp:Memory::MemorySystem::Write:528: unmapped Write8 0x00000000 @ 0x00000B97 at PC 0x010F3548
[   6.359030] HW.Memory <Error> core\memory.cpp:Memory::MemorySystem::Write:528: unmapped Write8 0x00000000 @ 0x00000B98 at PC 0x010F3548
[   6.359030] HW.Memory <Error> core\memory.cpp:Memory::MemorySystem::Write:528: unmapped Write8 0x00000000 @ 0x00000B99 at PC 0x010F3548
[   6.359031] HW.Memory <Error> core\memory.cpp:Memory::MemorySystem::Write:528: unmapped Write8 0x00000000 @ 0x00000B9A at PC 0x010F3548
[   6.359031] HW.Memory <Error> core\memory.cpp:Memory::MemorySystem::Write:528: unmapped Write8 0x00000000 @ 0x00000B9B at PC 0x010F3548
[   6.359032] HW.Memory <Error> core\memory.cpp:Memory::MemorySystem::Write:528: unmapped Write8 0x00000000 @ 0x00000B9C at PC 0x010F3548
[   6.359032] HW.Memory <Error> core\memory.cpp:Memory::MemorySystem::Write:528: unmapped Write8 0x00000000 @ 0x00000B9D at PC 0x010F3548
[   6.359033] HW.Memory <Error> core\memory.cpp:Memory::MemorySystem::Write:528: unmapped Write8 0x00000000 @ 0x00000B9E at PC 0x010F3548
[   6.359033] HW.Memory <Error> core\memory.cpp:Memory::MemorySystem::Write:528: unmapped Write8 0x00000000 @ 0x00000B9F at PC 0x010F3548
[   6.359034] HW.Memory <Error> core\memory.cpp:Memory::MemorySystem::Write:528: unmapped Write8 0x00000000 @ 0x00000BA0 at PC 0x010F3548
[   6.359035] HW.Memory <Error> core\memory.cpp:Memory::MemorySystem::Write:528: unmapped Write8 0x00000000 @ 0x00000BA1 at PC 0x010F3548
[   6.359035] HW.Memory <Error> core\memory.cpp:Memory::MemorySystem::Write:528: unmapped Write8 0x00000000 @ 0x00000BA2 at PC 0x010F3548
[   6.359036] HW.Memory <Error> core\memory.cpp:Memory::MemorySystem::Write:528: unmapped Write8 0x00000000 @ 0x00000BA3 at PC 0x010F3548
[   6.359036] HW.Memory <Error> core\memory.cpp:Memory::MemorySystem::Write:528: unmapped Write8 0x00000000 @ 0x00000BA4 at PC 0x010F3548
[   6.359037] HW.Memory <Error> core\memory.cpp:Memory::MemorySystem::Write:528: unmapped Write8 0x00000000 @ 0x00000BA5 at PC 0x010F3548
[   6.359037] HW.Memory <Error> core\memory.cpp:Memory::MemorySystem::Write:528: unmapped Write8 0x00000000 @ 0x00000BA6 at PC 0x010F3548
[   6.359038] HW.Memory <Error> core\memory.cpp:Memory::MemorySystem::Write:528: unmapped Write8 0x00000000 @ 0x00000BA7 at PC 0x010F3548
[   6.359038] HW.Memory <Error> core\memory.cpp:Memory::MemorySystem::Write:528: unmapped Write8 0x00000000 @ 0x00000BA8 at PC 0x010F3548
[   6.359039] HW.Memory <Error> core\memory.cpp:Memory::MemorySystem::Write:528: unmapped Write8 0x00000000 @ 0x00000BA9 at PC 0x010F3548
[   6.359039] HW.Memory <Error> core\memory.cpp:Memory::MemorySystem::Write:528: unmapped Write8 0x00000000 @ 0x00000BAA at PC 0x010F3548
[   6.359040] HW.Memory <Error> core\memory.cpp:Memory::MemorySystem::Write:528: unmapped Write8 0x00000000 @ 0x00000BAB at PC 0x010F3548
[   6.359041] HW.Memory <Error> core\memory.cpp:Memory::MemorySystem::Write:528: unmapped Write8 0x00000000 @ 0x00000BAC at PC 0x010F3548
[   6.359041] HW.Memory <Error> core\memory.cpp:Memory::MemorySystem::Write:528: unmapped Write8 0x00000000 @ 0x00000BAD at PC 0x010F3548
[   6.359042] HW.Memory <Error> core\memory.cpp:Memory::MemorySystem::Write:528: unmapped Write8 0x00000000 @ 0x00000BAE at PC 0x010F3548
[   6.359042] HW.Memory <Error> core\memory.cpp:Memory::MemorySystem::Write:528: unmapped Write8 0x00000000 @ 0x00000BAF at PC 0x010F3548
[   6.359043] HW.Memory <Error> core\memory.cpp:Memory::MemorySystem::Write:528: unmapped Write8 0x00000000 @ 0x00000BB0 at PC 0x010F3548
[   6.359043] HW.Memory <Error> core\memory.cpp:Memory::MemorySystem::Write:528: unmapped Write8 0x00000000 @ 0x00000BB1 at PC 0x010F3548
[   6.359044] HW.Memory <Error> core\memory.cpp:Memory::MemorySystem::Write:528: unmapped Write8 0x00000000 @ 0x00000BB2 at PC 0x010F3548
[   6.359044] HW.Memory <Error> core\memory.cpp:Memory::MemorySystem::Write:528: unmapped Write8 0x00000000 @ 0x00000BB3 at PC 0x010F3548
[   6.359045] HW.Memory <Error> core\memory.cpp:Memory::MemorySystem::Write:528: unmapped Write8 0x00000000 @ 0x00000BB4 at PC 0x010F3548
[   6.359045] HW.Memory <Error> core\memory.cpp:Memory::MemorySystem::Write:528: unmapped Write8 0x00000000 @ 0x00000BB5 at PC 0x010F3548
[   6.359046] HW.Memory <Error> core\memory.cpp:Memory::MemorySystem::Write:528: unmapped Write8 0x00000000 @ 0x00000BB6 at PC 0x010F3548
[   6.359046] HW.Memory <Error> core\memory.cpp:Memory::MemorySystem::Write:528: unmapped Write8 0x00000000 @ 0x00000BB7 at PC 0x010F3548
[   6.359047] HW.Memory <Error> core\memory.cpp:Memory::MemorySystem::Write:528: unmapped Write8 0x00000000 @ 0x00000BB8 at PC 0x010F3548
[   6.359047] HW.Memory <Error> core\memory.cpp:Memory::MemorySystem::Write:528: unmapped Write8 0x00000000 @ 0x00000BB9 at PC 0x010F3548
[   6.359048] HW.Memory <Error> core\memory.cpp:Memory::MemorySystem::Write:528: unmapped Write8 0x00000000 @ 0x00000BBA at PC 0x010F3548
[   6.359048] HW.Memory <Error> core\memory.cpp:Memory::MemorySystem::Write:528: unmapped Write8 0x00000000 @ 0x00000BBB at PC 0x010F3548
[   6.359049] HW.Memory <Error> core\memory.cpp:Memory::MemorySystem::Write:528: unmapped Write8 0x00000000 @ 0x00000BBC at PC 0x010F3548
[   6.359049] HW.Memory <Error> core\memory.cpp:Memory::MemorySystem::Write:528: unmapped Write8 0x00000000 @ 0x00000BBD at PC 0x010F3548
[   6.359050] HW.Memory <Error> core\memory.cpp:Memory::MemorySystem::Write:528: unmapped Write8 0x00000000 @ 0x00000BBE at PC 0x010F3548
[   6.359050] HW.Memory <Error> core\memory.cpp:Memory::MemorySystem::Write:528: unmapped Write8 0x00000000 @ 0x00000BBF at PC 0x010F3548
[   6.359051] HW.Memory <Error> core\memory.cpp:Memory::MemorySystem::Write:528: unmapped Write8 0x00000000 @ 0x00000BC0 at PC 0x010F3548
[   6.359051] HW.Memory <Error> core\memory.cpp:Memory::MemorySystem::Write:528: unmapped Write8 0x00000000 @ 0x00000BC1 at PC 0x010F3548
[   6.359052] HW.Memory <Error> core\memory.cpp:Memory::MemorySystem::Write:528: unmapped Write8 0x00000000 @ 0x00000BC2 at PC 0x010F3548
[   6.359052] HW.Memory <Error> core\memory.cpp:Memory::MemorySystem::Write:528: unmapped Write8 0x00000000 @ 0x00000BC3 at PC 0x010F3548
[   6.359053] HW.Memory <Error> core\memory.cpp:Memory::MemorySystem::Write:528: unmapped Write8 0x00000000 @ 0x00000BC4 at PC 0x010F3548
[   6.359053] HW.Memory <Error> core\memory.cpp:Memory::MemorySystem::Write:528: unmapped Write8 0x00000000 @ 0x00000BC5 at PC 0x010F3548
[   6.359054] HW.Memory <Error> core\memory.cpp:Memory::MemorySystem::Write:528: unmapped Write8 0x00000000 @ 0x00000BC6 at PC 0x010F3548
[   6.359055] HW.Memory <Error> core\memory.cpp:Memory::MemorySystem::Write:528: unmapped Write8 0x00000000 @ 0x00000BC7 at PC 0x010F3548
[   6.359058] HW.Memory <Error> core\memory.cpp:Memory::MemorySystem::Write:528: unmapped Write8 0x00000000 @ 0x00000BC8 at PC 0x010F3548
[   6.359059] HW.Memory <Error> core\memory.cpp:Memory::MemorySystem::Write:528: unmapped Write8 0x00000000 @ 0x00000BC9 at PC 0x010F3548
[   6.359060] HW.Memory <Error> core\memory.cpp:Memory::MemorySystem::Write:528: unmapped Write8 0x00000000 @ 0x00000BCA at PC 0x010F3548
[   6.359062] HW.Memory <Error> core\memory.cpp:Memory::MemorySystem::Write:528: unmapped Write8 0x00000000 @ 0x00000BCB at PC 0x010F3548
[   6.359062] HW.Memory <Error> core\memory.cpp:Memory::MemorySystem::Write:528: unmapped Write8 0x00000000 @ 0x00000BCC at PC 0x010F3548
[   6.359063] HW.Memory <Error> core\memory.cpp:Memory::MemorySystem::Write:528: unmapped Write8 0x00000000 @ 0x00000BCD at PC 0x010F3548
[   6.359063] HW.Memory <Error> core\memory.cpp:Memory::MemorySystem::Write:528: unmapped Write8 0x00000000 @ 0x00000BCE at PC 0x010F3548
[   6.359064] HW.Memory <Error> core\memory.cpp:Memory::MemorySystem::Write:528: unmapped Write8 0x00000000 @ 0x00000BCF at PC 0x010F3548
[   6.359065] HW.Memory <Error> core\memory.cpp:Memory::MemorySystem::Write:528: unmapped Write8 0x00000000 @ 0x00000BD0 at PC 0x010F3548
[   6.359065] HW.Memory <Error> core\memory.cpp:Memory::MemorySystem::Write:528: unmapped Write8 0x00000000 @ 0x00000BD1 at PC 0x010F3548
[   6.359066] HW.Memory <Error> core\memory.cpp:Memory::MemorySystem::Write:528: unmapped Write8 0x00000000 @ 0x00000BD2 at PC 0x010F3548
[   6.359066] HW.Memory <Error> core\memory.cpp:Memory::MemorySystem::Write:528: unmapped Write8 0x00000000 @ 0x00000BD3 at PC 0x010F3548
[   6.359067] HW.Memory <Error> core\memory.cpp:Memory::MemorySystem::Write:528: unmapped Write8 0x00000000 @ 0x00000BD4 at PC 0x010F3548
[   6.359067] HW.Memory <Error> core\memory.cpp:Memory::MemorySystem::Write:528: unmapped Write8 0x00000000 @ 0x00000BD5 at PC 0x010F3548
[   6.359068] HW.Memory <Error> core\memory.cpp:Memory::MemorySystem::Write:528: unmapped Write8 0x00000000 @ 0x00000BD6 at PC 0x010F3548
[   6.359068] HW.Memory <Error> core\memory.cpp:Memory::MemorySystem::Write:528: unmapped Write8 0x00000000 @ 0x00000BD7 at PC 0x010F3548
[   6.359069] HW.Memory <Error> core\memory.cpp:Memory::MemorySystem::Write:528: unmapped Write8 0x00000000 @ 0x00000BD8 at PC 0x010F3548
[   6.359069] HW.Memory <Error> core\memory.cpp:Memory::MemorySystem::Write:528: unmapped Write8 0x00000000 @ 0x00000BD9 at PC 0x010F3548
[   6.359070] HW.Memory <Error> core\memory.cpp:Memory::MemorySystem::Write:528: unmapped Write8 0x00000000 @ 0x00000BDA at PC 0x010F3548
[   6.359070] HW.Memory <Error> core\memory.cpp:Memory::MemorySystem::Write:528: unmapped Write8 0x00000000 @ 0x00000BDB at PC 0x010F3548
[   6.359071] HW.Memory <Error> core\memory.cpp:Memory::MemorySystem::Write:528: unmapped Write8 0x00000000 @ 0x00000BDC at PC 0x010F3548
[   6.359071] HW.Memory <Error> core\memory.cpp:Memory::MemorySystem::Write:528: unmapped Write8 0x00000000 @ 0x00000BDD at PC 0x010F3548
[   6.359072] HW.Memory <Error> core\memory.cpp:Memory::MemorySystem::Write:528: unmapped Write8 0x00000000 @ 0x00000BDE at PC 0x010F3548
[   6.359072] HW.Memory <Error> core\memory.cpp:Memory::MemorySystem::Write:528: unmapped Write8 0x00000000 @ 0x00000BDF at PC 0x010F3548
[   6.359073] HW.Memory <Error> core\memory.cpp:Memory::MemorySystem::Write:528: unmapped Write8 0x00000000 @ 0x00000BE0 at PC 0x010F3548
[   6.359073] HW.Memory <Error> core\memory.cpp:Memory::MemorySystem::Write:528: unmapped Write8 0x00000000 @ 0x00000BE1 at PC 0x010F3548
[   6.359074] HW.Memory <Error> core\memory.cpp:Memory::MemorySystem::Write:528: unmapped Write8 0x00000000 @ 0x00000BE2 at PC 0x010F3548
[   6.359074] HW.Memory <Error> core\memory.cpp:Memory::MemorySystem::Write:528: unmapped Write8 0x00000000 @ 0x00000BE3 at PC 0x010F3548
[   6.359075] HW.Memory <Error> core\memory.cpp:Memory::MemorySystem::Write:528: unmapped Write8 0x00000000 @ 0x00000BE4 at PC 0x010F3548
[   6.359075] HW.Memory <Error> core\memory.cpp:Memory::MemorySystem::Write:528: unmapped Write8 0x00000000 @ 0x00000BE5 at PC 0x010F3548
[   6.359076] HW.Memory <Error> core\memory.cpp:Memory::MemorySystem::Write:528: unmapped Write8 0x00000000 @ 0x00000BE6 at PC 0x010F3548
[   6.359076] HW.Memory <Error> core\memory.cpp:Memory::MemorySystem::Write:528: unmapped Write8 0x00000000 @ 0x00000BE7 at PC 0x010F3548
[   6.359077] HW.Memory <Error> core\memory.cpp:Memory::MemorySystem::Write:528: unmapped Write8 0x00000000 @ 0x00000BE8 at PC 0x010F3548
[   6.359077] HW.Memory <Error> core\memory.cpp:Memory::MemorySystem::Write:528: unmapped Write8 0x00000000 @ 0x00000BE9 at PC 0x010F3548
[   6.359078] HW.Memory <Error> core\memory.cpp:Memory::MemorySystem::Write:528: unmapped Write8 0x00000000 @ 0x00000BEA at PC 0x010F3548
[   6.359078] HW.Memory <Error> core\memory.cpp:Memory::MemorySystem::Write:528: unmapped Write8 0x00000000 @ 0x00000BEB at PC 0x010F3548
[   6.359079] HW.Memory <Error> core\memory.cpp:Memory::MemorySystem::Write:528: unmapped Write8 0x00000000 @ 0x00000BEC at PC 0x010F3548
[   6.359079] HW.Memory <Error> core\memory.cpp:Memory::MemorySystem::Write:528: unmapped Write8 0x00000000 @ 0x00000BED at PC 0x010F3548
[   6.359080] HW.Memory <Error> core\memory.cpp:Memory::MemorySystem::Write:528: unmapped Write8 0x00000000 @ 0x00000BEE at PC 0x010F3548
[   6.359080] HW.Memory <Error> core\memory.cpp:Memory::MemorySystem::Write:528: unmapped Write8 0x00000000 @ 0x00000BEF at PC 0x010F3548
[   6.359081] HW.Memory <Error> core\memory.cpp:Memory::MemorySystem::Write:528: unmapped Write8 0x00000000 @ 0x00000BF0 at PC 0x010F3548
[   6.359081] HW.Memory <Error> core\memory.cpp:Memory::MemorySystem::Write:528: unmapped Write8 0x00000000 @ 0x00000BF1 at PC 0x010F3548
[   6.359082] HW.Memory <Error> core\memory.cpp:Memory::MemorySystem::Write:528: unmapped Write8 0x00000000 @ 0x00000BF2 at PC 0x010F3548
[   6.359082] HW.Memory <Error> core\memory.cpp:Memory::MemorySystem::Write:528: unmapped Write8 0x00000000 @ 0x00000BF3 at PC 0x010F3548
[   6.359083] HW.Memory <Error> core\memory.cpp:Memory::MemorySystem::Write:528: unmapped Write8 0x00000000 @ 0x00000BF4 at PC 0x010F3548
[   6.359083] HW.Memory <Error> core\memory.cpp:Memory::MemorySystem::Write:528: unmapped Write8 0x00000000 @ 0x00000BF5 at PC 0x010F3548
[   6.359084] HW.Memory <Error> core\memory.cpp:Memory::MemorySystem::Write:528: unmapped Write8 0x00000000 @ 0x00000BF6 at PC 0x010F3548
[   6.359084] HW.Memory <Error> core\memory.cpp:Memory::MemorySystem::Write:528: unmapped Write8 0x00000000 @ 0x00000BF7 at PC 0x010F3548
[   6.359085] HW.Memory <Error> core\memory.cpp:Memory::MemorySystem::Write:528: unmapped Write8 0x00000000 @ 0x00000BF8 at PC 0x010F3548
[   6.359086] HW.Memory <Error> core\memory.cpp:Memory::MemorySystem::Write:528: unmapped Write8 0x00000000 @ 0x00000BF9 at PC 0x010F3548
[   6.359086] HW.Memory <Error> core\memory.cpp:Memory::MemorySystem::Write:528: unmapped Write8 0x00000000 @ 0x00000BFA at PC 0x010F3548
[   6.359087] HW.Memory <Error> core\memory.cpp:Memory::MemorySystem::Write:528: unmapped Write8 0x00000000 @ 0x00000BFB at PC 0x010F3548
[   6.359087] HW.Memory <Error> core\memory.cpp:Memory::MemorySystem::Write:528: unmapped Write8 0x00000000 @ 0x00000BFC at PC 0x010F3548
[   6.359088] HW.Memory <Error> core\memory.cpp:Memory::MemorySystem::Write:528: unmapped Write8 0x00000000 @ 0x00000BFD at PC 0x010F3548
[   6.359088] HW.Memory <Error> core\memory.cpp:Memory::MemorySystem::Write:528: unmapped Write8 0x00000000 @ 0x00000BFE at PC 0x010F3548
[   6.359089] HW.Memory <Error> core\memory.cpp:Memory::MemorySystem::Write:528: unmapped Write8 0x00000000 @ 0x00000BFF at PC 0x010F3548
[   6.359089] HW.Memory <Error> core\memory.cpp:Memory::MemorySystem::Write:528: unmapped Write8 0x00000000 @ 0x00000C00 at PC 0x010F3548
[   6.359090] HW.Memory <Error> core\memory.cpp:Memory::MemorySystem::Write:528: unmapped Write8 0x00000000 @ 0x00000C01 at PC 0x010F3548
[   6.359090] HW.Memory <Error> core\memory.cpp:Memory::MemorySystem::Write:528: unmapped Write8 0x00000000 @ 0x00000C02 at PC 0x010F3548
[   6.359091] HW.Memory <Error> core\memory.cpp:Memory::MemorySystem::Write:528: unmapped Write8 0x00000000 @ 0x00000C03 at PC 0x010F3548
[   6.359091] HW.Memory <Error> core\memory.cpp:Memory::MemorySystem::Write:528: unmapped Write8 0x00000000 @ 0x00000C04 at PC 0x010F3548
[   6.359092] HW.Memory <Error> core\memory.cpp:Memory::MemorySystem::Write:528: unmapped Write8 0x00000000 @ 0x00000C05 at PC 0x010F3548
[   6.359092] HW.Memory <Error> core\memory.cpp:Memory::MemorySystem::Write:528: unmapped Write8 0x00000000 @ 0x00000C06 at PC 0x010F3548
[   6.359093] HW.Memory <Error> core\memory.cpp:Memory::MemorySystem::Write:528: unmapped Write8 0x00000000 @ 0x00000C07 at PC 0x010F3548
[   6.359093] HW.Memory <Error> core\memory.cpp:Memory::MemorySystem::Write:528: unmapped Write8 0x00000000 @ 0x00000C08 at PC 0x010F3548
[   6.359094] HW.Memory <Error> core\memory.cpp:Memory::MemorySystem::Write:528: unmapped Write8 0x00000000 @ 0x00000C09 at PC 0x010F3548
[   6.359094] HW.Memory <Error> core\memory.cpp:Memory::MemorySystem::Write:528: unmapped Write8 0x00000000 @ 0x00000C0A at PC 0x010F3548
[   6.359095] HW.Memory <Error> core\memory.cpp:Memory::MemorySystem::Write:528: unmapped Write8 0x00000000 @ 0x00000C0B at PC 0x010F3548
[   6.359095] HW.Memory <Error> core\memory.cpp:Memory::MemorySystem::Write:528: unmapped Write8 0x00000000 @ 0x00000C0C at PC 0x010F3548
[   6.359096] HW.Memory <Error> core\memory.cpp:Memory::MemorySystem::Write:528: unmapped Write8 0x00000000 @ 0x00000C0D at PC 0x010F3548
[   6.359096] HW.Memory <Error> core\memory.cpp:Memory::MemorySystem::Write:528: unmapped Write8 0x00000000 @ 0x00000C0E at PC 0x010F3548
[   6.359097] HW.Memory <Error> core\memory.cpp:Memory::MemorySystem::Write:528: unmapped Write8 0x00000000 @ 0x00000C0F at PC 0x010F3548
[   6.359097] HW.Memory <Error> core\memory.cpp:Memory::MemorySystem::Write:528: unmapped Write8 0x00000000 @ 0x00000C10 at PC 0x010F3548
[   6.359098] HW.Memory <Error> core\memory.cpp:Memory::MemorySystem::Write:528: unmapped Write8 0x00000000 @ 0x00000C11 at PC 0x010F3548
[   6.359099] HW.Memory <Error> core\memory.cpp:Memory::MemorySystem::Write:528: unmapped Write8 0x00000000 @ 0x00000C12 at PC 0x010F3548
[   6.359099] HW.Memory <Error> core\memory.cpp:Memory::MemorySystem::Write:528: unmapped Write8 0x00000000 @ 0x00000C13 at PC 0x010F3548
[   6.359100] HW.Memory <Error> core\memory.cpp:Memory::MemorySystem::Write:528: unmapped Write8 0x00000000 @ 0x00000C14 at PC 0x010F3548
[   6.359100] HW.Memory <Error> core\memory.cpp:Memory::MemorySystem::Write:528: unmapped Write8 0x00000000 @ 0x00000C15 at PC 0x010F3548
[   6.359101] HW.Memory <Error> core\memory.cpp:Memory::MemorySystem::Write:528: unmapped Write8 0x00000000 @ 0x00000C16 at PC 0x010F3548
[   6.359101] HW.Memory <Error> core\memory.cpp:Memory::MemorySystem::Write:528: unmapped Write8 0x00000000 @ 0x00000C17 at PC 0x010F3548
[   6.359102] HW.Memory <Error> core\memory.cpp:Memory::MemorySystem::Write:528: unmapped Write8 0x00000000 @ 0x00000C18 at PC 0x010F3548
[   6.359102] HW.Memory <Error> core\memory.cpp:Memory::MemorySystem::Write:528: unmapped Write8 0x00000000 @ 0x00000C19 at PC 0x010F3548
[   6.359103] HW.Memory <Error> core\memory.cpp:Memory::MemorySystem::Write:528: unmapped Write8 0x00000000 @ 0x00000C1A at PC 0x010F3548
[   6.359103] HW.Memory <Error> core\memory.cpp:Memory::MemorySystem::Write:528: unmapped Write8 0x00000000 @ 0x00000C1B at PC 0x010F3548
[   6.359104] HW.Memory <Error> core\memory.cpp:Memory::MemorySystem::Write:528: unmapped Write8 0x00000000 @ 0x00000C1C at PC 0x010F3548
[   6.359104] HW.Memory <Error> core\memory.cpp:Memory::MemorySystem::Write:528: unmapped Write8 0x00000000 @ 0x00000C1D at PC 0x010F3548
[   6.359105] HW.Memory <Error> core\memory.cpp:Memory::MemorySystem::Write:528: unmapped Write8 0x00000000 @ 0x00000C1E at PC 0x010F3548
[   6.359105] HW.Memory <Error> core\memory.cpp:Memory::MemorySystem::Write:528: unmapped Write8 0x00000000 @ 0x00000C1F at PC 0x010F3548
[   6.359106] HW.Memory <Error> core\memory.cpp:Memory::MemorySystem::Write:528: unmapped Write8 0x00000000 @ 0x00000C20 at PC 0x010F3548
[   6.359106] HW.Memory <Error> core\memory.cpp:Memory::MemorySystem::Write:528: unmapped Write8 0x00000000 @ 0x00000C21 at PC 0x010F3548
[   6.359107] HW.Memory <Error> core\memory.cpp:Memory::MemorySystem::Write:528: unmapped Write8 0x00000000 @ 0x00000C22 at PC 0x010F3548
[   6.359107] HW.Memory <Error> core\memory.cpp:Memory::MemorySystem::Write:528: unmapped Write8 0x00000000 @ 0x00000C23 at PC 0x010F3548
[   6.359108] HW.Memory <Error> core\memory.cpp:Memory::MemorySystem::Write:528: unmapped Write8 0x00000000 @ 0x00000C24 at PC 0x010F3548
[   6.359108] HW.Memory <Error> core\memory.cpp:Memory::MemorySystem::Write:528: unmapped Write8 0x00000000 @ 0x00000C25 at PC 0x010F3548
[   6.359109] HW.Memory <Error> core\memory.cpp:Memory::MemorySystem::Write:528: unmapped Write8 0x00000000 @ 0x00000C26 at PC 0x010F3548
[   6.359109] HW.Memory <Error> core\memory.cpp:Memory::MemorySystem::Write:528: unmapped Write8 0x00000000 @ 0x00000C27 at PC 0x010F3548
[   6.359111] HW.Memory <Error> core\memory.cpp:Memory::MemorySystem::Read:479: unmapped Read8 @ 0x00000C28 at PC 0x010F348C
[   6.359111] HW.Memory <Error> core\memory.cpp:Memory::MemorySystem::Read:479: unmapped Read8 @ 0x00000828 at PC 0x010F348C
[   6.359113] HW.Memory <Error> core\memory.cpp:Memory::MemorySystem::Write:528: unmapped Write16 0x00000000 @ 0x00000024 at PC 0x010F34D0
[   6.359300] HW.Memory <Error> core\memory.cpp:Memory::MemorySystem::Impl::ReadBlockImpl:178: unmapped ReadBlock @ 0x00000024 (start address = 0x00000024, size = 2) at PC 0x010F0A78
[   6.359304] Service.FS <Error> core\file_sys\archive_sdmc.cpp:FileSys::DeleteDirectoryHelper:183: Invalid path [Wchar: ]
[   6.360835] HW.Memory <Error> core\memory.cpp:Memory::MemorySystem::Write:528: unmapped Write8 0x0000002F @ 0x00000828 at PC 0x010F3548
[   6.360836] HW.Memory <Error> core\memory.cpp:Memory::MemorySystem::Write:528: unmapped Write8 0x0000006F @ 0x00000829 at PC 0x010F3548
[   6.360836] HW.Memory <Error> core\memory.cpp:Memory::MemorySystem::Write:528: unmapped Write8 0x00000070 @ 0x0000082A at PC 0x010F3548
[   6.360837] HW.Memory <Error> core\memory.cpp:Memory::MemorySystem::Write:528: unmapped Write8 0x00000065 @ 0x0000082B at PC 0x010F3548
[   6.360837] HW.Memory <Error> core\memory.cpp:Memory::MemorySystem::Write:528: unmapped Write8 0x0000006E @ 0x0000082C at PC 0x010F3548
[   6.360838] HW.Memory <Error> core\memory.cpp:Memory::MemorySystem::Write:528: unmapped Write8 0x00000073 @ 0x0000082D at PC 0x010F3548
[   6.360838] HW.Memory <Error> core\memory.cpp:Memory::MemorySystem::Write:528: unmapped Write8 0x00000062 @ 0x0000082E at PC 0x010F3548
[   6.360839] HW.Memory <Error> core\memory.cpp:Memory::MemorySystem::Write:528: unmapped Write8 0x0000005F @ 0x0000082F at PC 0x010F3548
[   6.360839] HW.Memory <Error> core\memory.cpp:Memory::MemorySystem::Write:528: unmapped Write8 0x0000006D @ 0x00000830 at PC 0x010F3548
[   6.360840] HW.Memory <Error> core\memory.cpp:Memory::MemorySystem::Write:528: unmapped Write8 0x00000061 @ 0x00000831 at PC 0x010F3548
[   6.360840] HW.Memory <Error> core\memory.cpp:Memory::MemorySystem::Write:528: unmapped Write8 0x00000069 @ 0x00000832 at PC 0x010F3548
[   6.360841] HW.Memory <Error> core\memory.cpp:Memory::MemorySystem::Write:528: unmapped Write8 0x0000006E @ 0x00000833 at PC 0x010F3548
[   6.360841] HW.Memory <Error> core\memory.cpp:Memory::MemorySystem::Write:528: unmapped Write8 0x0000002E @ 0x00000834 at PC 0x010F3548
[   6.360842] HW.Memory <Error> core\memory.cpp:Memory::MemorySystem::Write:528: unmapped Write8 0x0000006C @ 0x00000835 at PC 0x010F3548
[   6.360842] HW.Memory <Error> core\memory.cpp:Memory::MemorySystem::Write:528: unmapped Write8 0x0000006F @ 0x00000836 at PC 0x010F3548
[   6.360843] HW.Memory <Error> core\memory.cpp:Memory::MemorySystem::Write:528: unmapped Write8 0x00000067 @ 0x00000837 at PC 0x010F3548
[   6.360843] HW.Memory <Error> core\memory.cpp:Memory::MemorySystem::Write:528: unmapped Write8 0x00000000 @ 0x00000838 at PC 0x010F3548
[   6.360844] HW.Memory <Error> core\memory.cpp:Memory::MemorySystem::Write:528: unmapped Write8 0x00000000 @ 0x00000839 at PC 0x010F3548
[   6.360845] HW.Memory <Error> core\memory.cpp:Memory::MemorySystem::Write:528: unmapped Write8 0x00000000 @ 0x0000083A at PC 0x010F3548
[   6.360845] HW.Memory <Error> core\memory.cpp:Memory::MemorySystem::Write:528: unmapped Write8 0x00000000 @ 0x0000083B at PC 0x010F3548
[   6.360846] HW.Memory <Error> core\memory.cpp:Memory::MemorySystem::Write:528: unmapped Write8 0x00000000 @ 0x0000083C at PC 0x010F3548
[   6.360846] HW.Memory <Error> core\memory.cpp:Memory::MemorySystem::Write:528: unmapped Write8 0x00000000 @ 0x0000083D at PC 0x010F3548
[   6.360847] HW.Memory <Error> core\memory.cpp:Memory::MemorySystem::Write:528: unmapped Write8 0x00000000 @ 0x0000083E at PC 0x010F3548
[   6.360847] HW.Memory <Error> core\memory.cpp:Memory::MemorySystem::Write:528: unmapped Write8 0x00000000 @ 0x0000083F at PC 0x010F3548
[   6.360848] HW.Memory <Error> core\memory.cpp:Memory::MemorySystem::Write:528: unmapped Write8 0x00000000 @ 0x00000840 at PC 0x010F3548
[   6.360848] HW.Memory <Error> core\memory.cpp:Memory::MemorySystem::Write:528: unmapped Write8 0x00000000 @ 0x00000841 at PC 0x010F3548
[   6.360849] HW.Memory <Error> core\memory.cpp:Memory::MemorySystem::Write:528: unmapped Write8 0x00000000 @ 0x00000842 at PC 0x010F3548
[   6.360850] HW.Memory <Error> core\memory.cpp:Memory::MemorySystem::Write:528: unmapped Write8 0x00000000 @ 0x00000843 at PC 0x010F3548
[   6.360850] HW.Memory <Error> core\memory.cpp:Memory::MemorySystem::Write:528: unmapped Write8 0x00000000 @ 0x00000844 at PC 0x010F3548
[   6.360851] HW.Memory <Error> core\memory.cpp:Memory::MemorySystem::Write:528: unmapped Write8 0x00000000 @ 0x00000845 at PC 0x010F3548
[   6.360851] HW.Memory <Error> core\memory.cpp:Memory::MemorySystem::Write:528: unmapped Write8 0x00000000 @ 0x00000846 at PC 0x010F3548
[   6.360852] HW.Memory <Error> core\memory.cpp:Memory::MemorySystem::Write:528: unmapped Write8 0x00000000 @ 0x00000847 at PC 0x010F3548
[   6.360853] HW.Memory <Error> core\memory.cpp:Memory::MemorySystem::Write:528: unmapped Write8 0x00000000 @ 0x00000848 at PC 0x010F3548
[   6.360853] HW.Memory <Error> core\memory.cpp:Memory::MemorySystem::Write:528: unmapped Write8 0x00000000 @ 0x00000849 at PC 0x010F3548
[   6.360854] HW.Memory <Error> core\memory.cpp:Memory::MemorySystem::Write:528: unmapped Write8 0x00000000 @ 0x0000084A at PC 0x010F3548
[   6.360854] HW.Memory <Error> core\memory.cpp:Memory::MemorySystem::Write:528: unmapped Write8 0x00000000 @ 0x0000084B at PC 0x010F3548
[   6.360855] HW.Memory <Error> core\memory.cpp:Memory::MemorySystem::Write:528: unmapped Write8 0x00000000 @ 0x0000084C at PC 0x010F3548
[   6.360855] HW.Memory <Error> core\memory.cpp:Memory::MemorySystem::Write:528: unmapped Write8 0x00000000 @ 0x0000084D at PC 0x010F3548
[   6.360856] HW.Memory <Error> core\memory.cpp:Memory::MemorySystem::Write:528: unmapped Write8 0x00000000 @ 0x0000084E at PC 0x010F3548
[   6.360856] HW.Memory <Error> core\memory.cpp:Memory::MemorySystem::Write:528: unmapped Write8 0x00000000 @ 0x0000084F at PC 0x010F3548
[   6.360857] HW.Memory <Error> core\memory.cpp:Memory::MemorySystem::Write:528: unmapped Write8 0x00000000 @ 0x00000850 at PC 0x010F3548
[   6.360858] HW.Memory <Error> core\memory.cpp:Memory::MemorySystem::Write:528: unmapped Write8 0x00000000 @ 0x00000851 at PC 0x010F3548
[   6.360858] HW.Memory <Error> core\memory.cpp:Memory::MemorySystem::Write:528: unmapped Write8 0x00000000 @ 0x00000852 at PC 0x010F3548
[   6.360859] HW.Memory <Error> core\memory.cpp:Memory::MemorySystem::Write:528: unmapped Write8 0x00000000 @ 0x00000853 at PC 0x010F3548
[   6.360859] HW.Memory <Error> core\memory.cpp:Memory::MemorySystem::Write:528: unmapped Write8 0x00000000 @ 0x00000854 at PC 0x010F3548
[   6.360860] HW.Memory <Error> core\memory.cpp:Memory::MemorySystem::Write:528: unmapped Write8 0x00000000 @ 0x00000855 at PC 0x010F3548
[   6.360861] HW.Memory <Error> core\memory.cpp:Memory::MemorySystem::Write:528: unmapped Write8 0x00000000 @ 0x00000856 at PC 0x010F3548
[   6.360861] HW.Memory <Error> core\memory.cpp:Memory::MemorySystem::Write:528: unmapped Write8 0x00000000 @ 0x00000857 at PC 0x010F3548
[   6.360862] HW.Memory <Error> core\memory.cpp:Memory::MemorySystem::Write:528: unmapped Write8 0x00000000 @ 0x00000858 at PC 0x010F3548
[   6.360863] HW.Memory <Error> core\memory.cpp:Memory::MemorySystem::Write:528: unmapped Write8 0x00000000 @ 0x00000859 at PC 0x010F3548
[   6.360863] HW.Memory <Error> core\memory.cpp:Memory::MemorySystem::Write:528: unmapped Write8 0x00000000 @ 0x0000085A at PC 0x010F3548
[   6.360864] HW.Memory <Error> core\memory.cpp:Memory::MemorySystem::Write:528: unmapped Write8 0x00000000 @ 0x0000085B at PC 0x010F3548
[   6.360864] HW.Memory <Error> core\memory.cpp:Memory::MemorySystem::Write:528: unmapped Write8 0x00000000 @ 0x0000085C at PC 0x010F3548
[   6.360865] HW.Memory <Error> core\memory.cpp:Memory::MemorySystem::Write:528: unmapped Write8 0x00000000 @ 0x0000085D at PC 0x010F3548
[   6.360865] HW.Memory <Error> core\memory.cpp:Memory::MemorySystem::Write:528: unmapped Write8 0x00000000 @ 0x0000085E at PC 0x010F3548
[   6.360866] HW.Memory <Error> core\memory.cpp:Memory::MemorySystem::Write:528: unmapped Write8 0x00000000 @ 0x0000085F at PC 0x010F3548
[   6.360866] HW.Memory <Error> core\memory.cpp:Memory::MemorySystem::Write:528: unmapped Write8 0x00000000 @ 0x00000860 at PC 0x010F3548
[   6.360867] HW.Memory <Error> core\memory.cpp:Memory::MemorySystem::Write:528: unmapped Write8 0x00000000 @ 0x00000861 at PC 0x010F3548
[   6.360868] HW.Memory <Error> core\memory.cpp:Memory::MemorySystem::Write:528: unmapped Write8 0x00000000 @ 0x00000862 at PC 0x010F3548
[   6.360868] HW.Memory <Error> core\memory.cpp:Memory::MemorySystem::Write:528: unmapped Write8 0x00000000 @ 0x00000863 at PC 0x010F3548
[   6.360869] HW.Memory <Error> core\memory.cpp:Memory::MemorySystem::Write:528: unmapped Write8 0x00000000 @ 0x00000864 at PC 0x010F3548
[   6.360869] HW.Memory <Error> core\memory.cpp:Memory::MemorySystem::Write:528: unmapped Write8 0x00000000 @ 0x00000865 at PC 0x010F3548
[   6.360870] HW.Memory <Error> core\memory.cpp:Memory::MemorySystem::Write:528: unmapped Write8 0x00000000 @ 0x00000866 at PC 0x010F3548
[   6.360870] HW.Memory <Error> core\memory.cpp:Memory::MemorySystem::Write:528: unmapped Write8 0x00000000 @ 0x00000867 at PC 0x010F3548
[   6.360871] HW.Memory <Error> core\memory.cpp:Memory::MemorySystem::Write:528: unmapped Write8 0x00000000 @ 0x00000868 at PC 0x010F3548
[   6.360872] HW.Memory <Error> core\memory.cpp:Memory::MemorySystem::Write:528: unmapped Write8 0x00000000 @ 0x00000869 at PC 0x010F3548
[   6.360872] HW.Memory <Error> core\memory.cpp:Memory::MemorySystem::Write:528: unmapped Write8 0x00000000 @ 0x0000086A at PC 0x010F3548
[   6.360873] HW.Memory <Error> core\memory.cpp:Memory::MemorySystem::Write:528: unmapped Write8 0x00000000 @ 0x0000086B at PC 0x010F3548
[   6.360873] HW.Memory <Error> core\memory.cpp:Memory::MemorySystem::Write:528: unmapped Write8 0x00000000 @ 0x0000086C at PC 0x010F3548
[   6.360874] HW.Memory <Error> core\memory.cpp:Memory::MemorySystem::Write:528: unmapped Write8 0x00000000 @ 0x0000086D at PC 0x010F3548
[   6.360874] HW.Memory <Error> core\memory.cpp:Memory::MemorySystem::Write:528: unmapped Write8 0x00000000 @ 0x0000086E at PC 0x010F3548
[   6.360875] HW.Memory <Error> core\memory.cpp:Memory::MemorySystem::Write:528: unmapped Write8 0x00000000 @ 0x0000086F at PC 0x010F3548
[   6.360875] HW.Memory <Error> core\memory.cpp:Memory::MemorySystem::Write:528: unmapped Write8 0x00000000 @ 0x00000870 at PC 0x010F3548
[   6.360876] HW.Memory <Error> core\memory.cpp:Memory::MemorySystem::Write:528: unmapped Write8 0x00000000 @ 0x00000871 at PC 0x010F3548
[   6.360876] HW.Memory <Error> core\memory.cpp:Memory::MemorySystem::Write:528: unmapped Write8 0x00000000 @ 0x00000872 at PC 0x010F3548
[   6.360877] HW.Memory <Error> core\memory.cpp:Memory::MemorySystem::Write:528: unmapped Write8 0x00000000 @ 0x00000873 at PC 0x010F3548
[   6.360877] HW.Memory <Error> core\memory.cpp:Memory::MemorySystem::Write:528: unmapped Write8 0x00000000 @ 0x00000874 at PC 0x010F3548
[   6.360878] HW.Memory <Error> core\memory.cpp:Memory::MemorySystem::Write:528: unmapped Write8 0x00000000 @ 0x00000875 at PC 0x010F3548
[   6.360879] HW.Memory <Error> core\memory.cpp:Memory::MemorySystem::Write:528: unmapped Write8 0x00000000 @ 0x00000876 at PC 0x010F3548
[   6.360879] HW.Memory <Error> core\memory.cpp:Memory::MemorySystem::Write:528: unmapped Write8 0x00000000 @ 0x00000877 at PC 0x010F3548
[   6.360880] HW.Memory <Error> core\memory.cpp:Memory::MemorySystem::Write:528: unmapped Write8 0x00000000 @ 0x00000878 at PC 0x010F3548
[   6.360880] HW.Memory <Error> core\memory.cpp:Memory::MemorySystem::Write:528: unmapped Write8 0x00000000 @ 0x00000879 at PC 0x010F3548
[   6.360881] HW.Memory <Error> core\memory.cpp:Memory::MemorySystem::Write:528: unmapped Write8 0x00000000 @ 0x0000087A at PC 0x010F3548
[   6.360882] HW.Memory <Error> core\memory.cpp:Memory::MemorySystem::Write:528: unmapped Write8 0x00000000 @ 0x0000087B at PC 0x010F3548
[   6.360882] HW.Memory <Error> core\memory.cpp:Memory::MemorySystem::Write:528: unmapped Write8 0x00000000 @ 0x0000087C at PC 0x010F3548
[   6.360883] HW.Memory <Error> core\memory.cpp:Memory::MemorySystem::Write:528: unmapped Write8 0x00000000 @ 0x0000087D at PC 0x010F3548
[   6.360883] HW.Memory <Error> core\memory.cpp:Memory::MemorySystem::Write:528: unmapped Write8 0x00000000 @ 0x0000087E at PC 0x010F3548
[   6.360884] HW.Memory <Error> core\memory.cpp:Memory::MemorySystem::Write:528: unmapped Write8 0x00000000 @ 0x0000087F at PC 0x010F3548
[   6.360885] HW.Memory <Error> core\memory.cpp:Memory::MemorySystem::Write:528: unmapped Write8 0x00000000 @ 0x00000880 at PC 0x010F3548
[   6.360885] HW.Memory <Error> core\memory.cpp:Memory::MemorySystem::Write:528: unmapped Write8 0x00000000 @ 0x00000881 at PC 0x010F3548
[   6.360886] HW.Memory <Error> core\memory.cpp:Memory::MemorySystem::Write:528: unmapped Write8 0x00000000 @ 0x00000882 at PC 0x010F3548
[   6.360887] HW.Memory <Error> core\memory.cpp:Memory::MemorySystem::Write:528: unmapped Write8 0x00000000 @ 0x00000883 at PC 0x010F3548
[   6.360887] HW.Memory <Error> core\memory.cpp:Memory::MemorySystem::Write:528: unmapped Write8 0x00000000 @ 0x00000884 at PC 0x010F3548
[   6.360888] HW.Memory <Error> core\memory.cpp:Memory::MemorySystem::Write:528: unmapped Write8 0x00000000 @ 0x00000885 at PC 0x010F3548
[   6.360888] HW.Memory <Error> core\memory.cpp:Memory::MemorySystem::Write:528: unmapped Write8 0x00000000 @ 0x00000886 at PC 0x010F3548
[   6.360889] HW.Memory <Error> core\memory.cpp:Memory::MemorySystem::Write:528: unmapped Write8 0x00000000 @ 0x00000887 at PC 0x010F3548
[   6.360890] HW.Memory <Error> core\memory.cpp:Memory::MemorySystem::Write:528: unmapped Write8 0x00000000 @ 0x00000888 at PC 0x010F3548
[   6.360890] HW.Memory <Error> core\memory.cpp:Memory::MemorySystem::Write:528: unmapped Write8 0x00000000 @ 0x00000889 at PC 0x010F3548
[   6.360891] HW.Memory <Error> core\memory.cpp:Memory::MemorySystem::Write:528: unmapped Write8 0x00000000 @ 0x0000088A at PC 0x010F3548
[   6.360891] HW.Memory <Error> core\memory.cpp:Memory::MemorySystem::Write:528: unmapped Write8 0x00000000 @ 0x0000088B at PC 0x010F3548
[   6.360892] HW.Memory <Error> core\memory.cpp:Memory::MemorySystem::Write:528: unmapped Write8 0x00000000 @ 0x0000088C at PC 0x010F3548
[   6.360892] HW.Memory <Error> core\memory.cpp:Memory::MemorySystem::Write:528: unmapped Write8 0x00000000 @ 0x0000088D at PC 0x010F3548
[   6.360893] HW.Memory <Error> core\memory.cpp:Memory::MemorySystem::Write:528: unmapped Write8 0x00000000 @ 0x0000088E at PC 0x010F3548
[   6.360893] HW.Memory <Error> core\memory.cpp:Memory::MemorySystem::Write:528: unmapped Write8 0x00000000 @ 0x0000088F at PC 0x010F3548
[   6.360894] HW.Memory <Error> core\memory.cpp:Memory::MemorySystem::Write:528: unmapped Write8 0x00000000 @ 0x00000890 at PC 0x010F3548
[   6.360895] HW.Memory <Error> core\memory.cpp:Memory::MemorySystem::Write:528: unmapped Write8 0x00000000 @ 0x00000891 at PC 0x010F3548
[   6.360895] HW.Memory <Error> core\memory.cpp:Memory::MemorySystem::Write:528: unmapped Write8 0x00000000 @ 0x00000892 at PC 0x010F3548
[   6.360896] HW.Memory <Error> core\memory.cpp:Memory::MemorySystem::Write:528: unmapped Write8 0x00000000 @ 0x00000893 at PC 0x010F3548
[   6.360896] HW.Memory <Error> core\memory.cpp:Memory::MemorySystem::Write:528: unmapped Write8 0x00000000 @ 0x00000894 at PC 0x010F3548
[   6.360897] HW.Memory <Error> core\memory.cpp:Memory::MemorySystem::Write:528: unmapped Write8 0x00000000 @ 0x00000895 at PC 0x010F3548
[   6.360897] HW.Memory <Error> core\memory.cpp:Memory::MemorySystem::Write:528: unmapped Write8 0x00000000 @ 0x00000896 at PC 0x010F3548
[   6.360898] HW.Memory <Error> core\memory.cpp:Memory::MemorySystem::Write:528: unmapped Write8 0x00000000 @ 0x00000897 at PC 0x010F3548
[   6.360898] HW.Memory <Error> core\memory.cpp:Memory::MemorySystem::Write:528: unmapped Write8 0x00000000 @ 0x00000898 at PC 0x010F3548
[   6.360899] HW.Memory <Error> core\memory.cpp:Memory::MemorySystem::Write:528: unmapped Write8 0x00000000 @ 0x00000899 at PC 0x010F3548
[   6.360900] HW.Memory <Error> core\memory.cpp:Memory::MemorySystem::Write:528: unmapped Write8 0x00000000 @ 0x0000089A at PC 0x010F3548
[   6.360900] HW.Memory <Error> core\memory.cpp:Memory::MemorySystem::Write:528: unmapped Write8 0x00000000 @ 0x0000089B at PC 0x010F3548
[   6.360901] HW.Memory <Error> core\memory.cpp:Memory::MemorySystem::Write:528: unmapped Write8 0x00000000 @ 0x0000089C at PC 0x010F3548
[   6.360901] HW.Memory <Error> core\memory.cpp:Memory::MemorySystem::Write:528: unmapped Write8 0x00000000 @ 0x0000089D at PC 0x010F3548
[   6.360902] HW.Memory <Error> core\memory.cpp:Memory::MemorySystem::Write:528: unmapped Write8 0x00000000 @ 0x0000089E at PC 0x010F3548
[   6.360902] HW.Memory <Error> core\memory.cpp:Memory::MemorySystem::Write:528: unmapped Write8 0x00000000 @ 0x0000089F at PC 0x010F3548
[   6.360903] HW.Memory <Error> core\memory.cpp:Memory::MemorySystem::Write:528: unmapped Write8 0x00000000 @ 0x000008A0 at PC 0x010F3548
[   6.360903] HW.Memory <Error> core\memory.cpp:Memory::MemorySystem::Write:528: unmapped Write8 0x00000000 @ 0x000008A1 at PC 0x010F3548
[   6.360904] HW.Memory <Error> core\memory.cpp:Memory::MemorySystem::Write:528: unmapped Write8 0x00000000 @ 0x000008A2 at PC 0x010F3548
[   6.360904] HW.Memory <Error> core\memory.cpp:Memory::MemorySystem::Write:528: unmapped Write8 0x00000000 @ 0x000008A3 at PC 0x010F3548
[   6.360905] HW.Memory <Error> core\memory.cpp:Memory::MemorySystem::Write:528: unmapped Write8 0x00000000 @ 0x000008A4 at PC 0x010F3548
[   6.360906] HW.Memory <Error> core\memory.cpp:Memory::MemorySystem::Write:528: unmapped Write8 0x00000000 @ 0x000008A5 at PC 0x010F3548
[   6.360907] HW.Memory <Error> core\memory.cpp:Memory::MemorySystem::Write:528: unmapped Write8 0x00000000 @ 0x000008A6 at PC 0x010F3548
[   6.360907] HW.Memory <Error> core\memory.cpp:Memory::MemorySystem::Write:528: unmapped Write8 0x00000000 @ 0x000008A7 at PC 0x010F3548
[   6.360908] HW.Memory <Error> core\memory.cpp:Memory::MemorySystem::Write:528: unmapped Write8 0x00000000 @ 0x000008A8 at PC 0x010F3548
[   6.360908] HW.Memory <Error> core\memory.cpp:Memory::MemorySystem::Write:528: unmapped Write8 0x00000000 @ 0x000008A9 at PC 0x010F3548
[   6.360909] HW.Memory <Error> core\memory.cpp:Memory::MemorySystem::Write:528: unmapped Write8 0x00000000 @ 0x000008AA at PC 0x010F3548
[   6.360909] HW.Memory <Error> core\memory.cpp:Memory::MemorySystem::Write:528: unmapped Write8 0x00000000 @ 0x000008AB at PC 0x010F3548
[   6.360910] HW.Memory <Error> core\memory.cpp:Memory::MemorySystem::Write:528: unmapped Write8 0x00000000 @ 0x000008AC at PC 0x010F3548
[   6.360911] HW.Memory <Error> core\memory.cpp:Memory::MemorySystem::Write:528: unmapped Write8 0x00000000 @ 0x000008AD at PC 0x010F3548
[   6.360911] HW.Memory <Error> core\memory.cpp:Memory::MemorySystem::Write:528: unmapped Write8 0x00000000 @ 0x000008AE at PC 0x010F3548
[   6.360912] HW.Memory <Error> core\memory.cpp:Memory::MemorySystem::Write:528: unmapped Write8 0x00000000 @ 0x000008AF at PC 0x010F3548
[   6.360912] HW.Memory <Error> core\memory.cpp:Memory::MemorySystem::Write:528: unmapped Write8 0x00000000 @ 0x000008B0 at PC 0x010F3548
[   6.360913] HW.Memory <Error> core\memory.cpp:Memory::MemorySystem::Write:528: unmapped Write8 0x00000000 @ 0x000008B1 at PC 0x010F3548
[   6.360914] HW.Memory <Error> core\memory.cpp:Memory::MemorySystem::Write:528: unmapped Write8 0x00000000 @ 0x000008B2 at PC 0x010F3548
[   6.360914] HW.Memory <Error> core\memory.cpp:Memory::MemorySystem::Write:528: unmapped Write8 0x00000000 @ 0x000008B3 at PC 0x010F3548
[   6.360915] HW.Memory <Error> core\memory.cpp:Memory::MemorySystem::Write:528: unmapped Write8 0x00000000 @ 0x000008B4 at PC 0x010F3548
[   6.360915] HW.Memory <Error> core\memory.cpp:Memory::MemorySystem::Write:528: unmapped Write8 0x00000000 @ 0x000008B5 at PC 0x010F3548
[   6.360916] HW.Memory <Error> core\memory.cpp:Memory::MemorySystem::Write:528: unmapped Write8 0x00000000 @ 0x000008B6 at PC 0x010F3548
[   6.360916] HW.Memory <Error> core\memory.cpp:Memory::MemorySystem::Write:528: unmapped Write8 0x00000000 @ 0x000008B7 at PC 0x010F3548
[   6.360917] HW.Memory <Error> core\memory.cpp:Memory::MemorySystem::Write:528: unmapped Write8 0x00000000 @ 0x000008B8 at PC 0x010F3548
[   6.360917] HW.Memory <Error> core\memory.cpp:Memory::MemorySystem::Write:528: unmapped Write8 0x00000000 @ 0x000008B9 at PC 0x010F3548
[   6.360918] HW.Memory <Error> core\memory.cpp:Memory::MemorySystem::Write:528: unmapped Write8 0x00000000 @ 0x000008BA at PC 0x010F3548
[   6.360918] HW.Memory <Error> core\memory.cpp:Memory::MemorySystem::Write:528: unmapped Write8 0x00000000 @ 0x000008BB at PC 0x010F3548
[   6.360919] HW.Memory <Error> core\memory.cpp:Memory::MemorySystem::Write:528: unmapped Write8 0x00000000 @ 0x000008BC at PC 0x010F3548
[   6.360919] HW.Memory <Error> core\memory.cpp:Memory::MemorySystem::Write:528: unmapped Write8 0x00000000 @ 0x000008BD at PC 0x010F3548
[   6.360920] HW.Memory <Error> core\memory.cpp:Memory::MemorySystem::Write:528: unmapped Write8 0x00000000 @ 0x000008BE at PC 0x010F3548
[   6.360921] HW.Memory <Error> core\memory.cpp:Memory::MemorySystem::Write:528: unmapped Write8 0x00000000 @ 0x000008BF at PC 0x010F3548
[   6.360921] HW.Memory <Error> core\memory.cpp:Memory::MemorySystem::Write:528: unmapped Write8 0x00000000 @ 0x000008C0 at PC 0x010F3548
[   6.360922] HW.Memory <Error> core\memory.cpp:Memory::MemorySystem::Write:528: unmapped Write8 0x00000000 @ 0x000008C1 at PC 0x010F3548
[   6.360922] HW.Memory <Error> core\memory.cpp:Memory::MemorySystem::Write:528: unmapped Write8 0x00000000 @ 0x000008C2 at PC 0x010F3548
[   6.360923] HW.Memory <Error> core\memory.cpp:Memory::MemorySystem::Write:528: unmapped Write8 0x00000000 @ 0x000008C3 at PC 0x010F3548
[   6.360923] HW.Memory <Error> core\memory.cpp:Memory::MemorySystem::Write:528: unmapped Write8 0x00000000 @ 0x000008C4 at PC 0x010F3548
[   6.360924] HW.Memory <Error> core\memory.cpp:Memory::MemorySystem::Write:528: unmapped Write8 0x00000000 @ 0x000008C5 at PC 0x010F3548
[   6.360925] HW.Memory <Error> core\memory.cpp:Memory::MemorySystem::Write:528: unmapped Write8 0x00000000 @ 0x000008C6 at PC 0x010F3548
[   6.360925] HW.Memory <Error> core\memory.cpp:Memory::MemorySystem::Write:528: unmapped Write8 0x00000000 @ 0x000008C7 at PC 0x010F3548
[   6.360926] HW.Memory <Error> core\memory.cpp:Memory::MemorySystem::Write:528: unmapped Write8 0x00000000 @ 0x000008C8 at PC 0x010F3548
[   6.360926] HW.Memory <Error> core\memory.cpp:Memory::MemorySystem::Write:528: unmapped Write8 0x00000000 @ 0x000008C9 at PC 0x010F3548
[   6.360927] HW.Memory <Error> core\memory.cpp:Memory::MemorySystem::Write:528: unmapped Write8 0x00000000 @ 0x000008CA at PC 0x010F3548
[   6.360927] HW.Memory <Error> core\memory.cpp:Memory::MemorySystem::Write:528: unmapped Write8 0x00000000 @ 0x000008CB at PC 0x010F3548
[   6.360928] HW.Memory <Error> core\memory.cpp:Memory::MemorySystem::Write:528: unmapped Write8 0x00000000 @ 0x000008CC at PC 0x010F3548
[   6.360929] HW.Memory <Error> core\memory.cpp:Memory::MemorySystem::Write:528: unmapped Write8 0x00000000 @ 0x000008CD at PC 0x010F3548
[   6.360929] HW.Memory <Error> core\memory.cpp:Memory::MemorySystem::Write:528: unmapped Write8 0x00000000 @ 0x000008CE at PC 0x010F3548
[   6.360930] HW.Memory <Error> core\memory.cpp:Memory::MemorySystem::Write:528: unmapped Write8 0x00000000 @ 0x000008CF at PC 0x010F3548
[   6.360931] HW.Memory <Error> core\memory.cpp:Memory::MemorySystem::Write:528: unmapped Write8 0x00000000 @ 0x000008D0 at PC 0x010F3548
[   6.360931] HW.Memory <Error> core\memory.cpp:Memory::MemorySystem::Write:528: unmapped Write8 0x00000000 @ 0x000008D1 at PC 0x010F3548
[   6.360932] HW.Memory <Error> core\memory.cpp:Memory::MemorySystem::Write:528: unmapped Write8 0x00000000 @ 0x000008D2 at PC 0x010F3548
[   6.360941] HW.Memory <Error> core\memory.cpp:Memory::MemorySystem::Write:528: unmapped Write8 0x00000000 @ 0x000008D3 at PC 0x010F3548
[   6.360942] HW.Memory <Error> core\memory.cpp:Memory::MemorySystem::Write:528: unmapped Write8 0x00000000 @ 0x000008D4 at PC 0x010F3548
[   6.360943] HW.Memory <Error> core\memory.cpp:Memory::MemorySystem::Write:528: unmapped Write8 0x00000000 @ 0x000008D5 at PC 0x010F3548
[   6.360943] HW.Memory <Error> core\memory.cpp:Memory::MemorySystem::Write:528: unmapped Write8 0x00000000 @ 0x000008D6 at PC 0x010F3548
[   6.360944] HW.Memory <Error> core\memory.cpp:Memory::MemorySystem::Write:528: unmapped Write8 0x00000000 @ 0x000008D7 at PC 0x010F3548
[   6.360945] HW.Memory <Error> core\memory.cpp:Memory::MemorySystem::Write:528: unmapped Write8 0x00000000 @ 0x000008D8 at PC 0x010F3548
[   6.360945] HW.Memory <Error> core\memory.cpp:Memory::MemorySystem::Write:528: unmapped Write8 0x00000000 @ 0x000008D9 at PC 0x010F3548
[   6.360946] HW.Memory <Error> core\memory.cpp:Memory::MemorySystem::Write:528: unmapped Write8 0x00000000 @ 0x000008DA at PC 0x010F3548
[   6.360947] HW.Memory <Error> core\memory.cpp:Memory::MemorySystem::Write:528: unmapped Write8 0x00000000 @ 0x000008DB at PC 0x010F3548
[   6.360947] HW.Memory <Error> core\memory.cpp:Memory::MemorySystem::Write:528: unmapped Write8 0x00000000 @ 0x000008DC at PC 0x010F3548
[   6.360948] HW.Memory <Error> core\memory.cpp:Memory::MemorySystem::Write:528: unmapped Write8 0x00000000 @ 0x000008DD at PC 0x010F3548
[   6.360948] HW.Memory <Error> core\memory.cpp:Memory::MemorySystem::Write:528: unmapped Write8 0x00000000 @ 0x000008DE at PC 0x010F3548
[   6.360949] HW.Memory <Error> core\memory.cpp:Memory::MemorySystem::Write:528: unmapped Write8 0x00000000 @ 0x000008DF at PC 0x010F3548
[   6.360950] HW.Memory <Error> core\memory.cpp:Memory::MemorySystem::Write:528: unmapped Write8 0x00000000 @ 0x000008E0 at PC 0x010F3548
[   6.360950] HW.Memory <Error> core\memory.cpp:Memory::MemorySystem::Write:528: unmapped Write8 0x00000000 @ 0x000008E1 at PC 0x010F3548
[   6.360951] HW.Memory <Error> core\memory.cpp:Memory::MemorySystem::Write:528: unmapped Write8 0x00000000 @ 0x000008E2 at PC 0x010F3548
[   6.360952] HW.Memory <Error> core\memory.cpp:Memory::MemorySystem::Write:528: unmapped Write8 0x00000000 @ 0x000008E3 at PC 0x010F3548
[   6.360953] HW.Memory <Error> core\memory.cpp:Memory::MemorySystem::Write:528: unmapped Write8 0x00000000 @ 0x000008E4 at PC 0x010F3548
[   6.360954] HW.Memory <Error> core\memory.cpp:Memory::MemorySystem::Write:528: unmapped Write8 0x00000000 @ 0x000008E5 at PC 0x010F3548
[   6.360954] HW.Memory <Error> core\memory.cpp:Memory::MemorySystem::Write:528: unmapped Write8 0x00000000 @ 0x000008E6 at PC 0x010F3548
[   6.360955] HW.Memory <Error> core\memory.cpp:Memory::MemorySystem::Write:528: unmapped Write8 0x00000000 @ 0x000008E7 at PC 0x010F3548
[   6.360978] HW.Memory <Error> core\memory.cpp:Memory::MemorySystem::Write:528: unmapped Write8 0x00000000 @ 0x000008E8 at PC 0x010F3548
[   6.360978] HW.Memory <Error> core\memory.cpp:Memory::MemorySystem::Write:528: unmapped Write8 0x00000000 @ 0x000008E9 at PC 0x010F3548
[   6.360979] HW.Memory <Error> core\memory.cpp:Memory::MemorySystem::Write:528: unmapped Write8 0x00000000 @ 0x000008EA at PC 0x010F3548
[   6.360979] HW.Memory <Error> core\memory.cpp:Memory::MemorySystem::Write:528: unmapped Write8 0x00000000 @ 0x000008EB at PC 0x010F3548
[   6.360980] HW.Memory <Error> core\memory.cpp:Memory::MemorySystem::Write:528: unmapped Write8 0x00000000 @ 0x000008EC at PC 0x010F3548
[   6.360980] HW.Memory <Error> core\memory.cpp:Memory::MemorySystem::Write:528: unmapped Write8 0x00000000 @ 0x000008ED at PC 0x010F3548
[   6.360981] HW.Memory <Error> core\memory.cpp:Memory::MemorySystem::Write:528: unmapped Write8 0x00000000 @ 0x000008EE at PC 0x010F3548
[   6.360981] HW.Memory <Error> core\memory.cpp:Memory::MemorySystem::Write:528: unmapped Write8 0x00000000 @ 0x000008EF at PC 0x010F3548
[   6.360982] HW.Memory <Error> core\memory.cpp:Memory::MemorySystem::Write:528: unmapped Write8 0x00000000 @ 0x000008F0 at PC 0x010F3548
[   6.360982] HW.Memory <Error> core\memory.cpp:Memory::MemorySystem::Write:528: unmapped Write8 0x00000000 @ 0x000008F1 at PC 0x010F3548
[   6.360983] HW.Memory <Error> core\memory.cpp:Memory::MemorySystem::Write:528: unmapped Write8 0x00000000 @ 0x000008F2 at PC 0x010F3548
[   6.360983] HW.Memory <Error> core\memory.cpp:Memory::MemorySystem::Write:528: unmapped Write8 0x00000000 @ 0x000008F3 at PC 0x010F3548
[   6.360984] HW.Memory <Error> core\memory.cpp:Memory::MemorySystem::Write:528: unmapped Write8 0x00000000 @ 0x000008F4 at PC 0x010F3548
[   6.360984] HW.Memory <Error> core\memory.cpp:Memory::MemorySystem::Write:528: unmapped Write8 0x00000000 @ 0x000008F5 at PC 0x010F3548
[   6.360985] HW.Memory <Error> core\memory.cpp:Memory::MemorySystem::Write:528: unmapped Write8 0x00000000 @ 0x000008F6 at PC 0x010F3548
[   6.360986] HW.Memory <Error> core\memory.cpp:Memory::MemorySystem::Write:528: unmapped Write8 0x00000000 @ 0x000008F7 at PC 0x010F3548
[   6.360986] HW.Memory <Error> core\memory.cpp:Memory::MemorySystem::Write:528: unmapped Write8 0x00000000 @ 0x000008F8 at PC 0x010F3548
[   6.360987] HW.Memory <Error> core\memory.cpp:Memory::MemorySystem::Write:528: unmapped Write8 0x00000000 @ 0x000008F9 at PC 0x010F3548
[   6.360987] HW.Memory <Error> core\memory.cpp:Memory::MemorySystem::Write:528: unmapped Write8 0x00000000 @ 0x000008FA at PC 0x010F3548
[   6.360988] HW.Memory <Error> core\memory.cpp:Memory::MemorySystem::Write:528: unmapped Write8 0x00000000 @ 0x000008FB at PC 0x010F3548
[   6.360988] HW.Memory <Error> core\memory.cpp:Memory::MemorySystem::Write:528: unmapped Write8 0x00000000 @ 0x000008FC at PC 0x010F3548
[   6.360989] HW.Memory <Error> core\memory.cpp:Memory::MemorySystem::Write:528: unmapped Write8 0x00000000 @ 0x000008FD at PC 0x010F3548
[   6.360989] HW.Memory <Error> core\memory.cpp:Memory::MemorySystem::Write:528: unmapped Write8 0x00000000 @ 0x000008FE at PC 0x010F3548
[   6.360990] HW.Memory <Error> core\memory.cpp:Memory::MemorySystem::Write:528: unmapped Write8 0x00000000 @ 0x000008FF at PC 0x010F3548
[   6.360991] HW.Memory <Error> core\memory.cpp:Memory::MemorySystem::Write:528: unmapped Write8 0x00000000 @ 0x00000900 at PC 0x010F3548
[   6.360991] HW.Memory <Error> core\memory.cpp:Memory::MemorySystem::Write:528: unmapped Write8 0x00000000 @ 0x00000901 at PC 0x010F3548
[   6.360992] HW.Memory <Error> core\memory.cpp:Memory::MemorySystem::Write:528: unmapped Write8 0x00000000 @ 0x00000902 at PC 0x010F3548
[   6.360992] HW.Memory <Error> core\memory.cpp:Memory::MemorySystem::Write:528: unmapped Write8 0x00000000 @ 0x00000903 at PC 0x010F3548
[   6.360993] HW.Memory <Error> core\memory.cpp:Memory::MemorySystem::Write:528: unmapped Write8 0x00000000 @ 0x00000904 at PC 0x010F3548
[   6.360994] HW.Memory <Error> core\memory.cpp:Memory::MemorySystem::Write:528: unmapped Write8 0x00000000 @ 0x00000905 at PC 0x010F3548
[   6.360994] HW.Memory <Error> core\memory.cpp:Memory::MemorySystem::Write:528: unmapped Write8 0x00000000 @ 0x00000906 at PC 0x010F3548
[   6.360995] HW.Memory <Error> core\memory.cpp:Memory::MemorySystem::Write:528: unmapped Write8 0x00000000 @ 0x00000907 at PC 0x010F3548
[   6.360995] HW.Memory <Error> core\memory.cpp:Memory::MemorySystem::Write:528: unmapped Write8 0x00000000 @ 0x00000908 at PC 0x010F3548
[   6.360996] HW.Memory <Error> core\memory.cpp:Memory::MemorySystem::Write:528: unmapped Write8 0x00000000 @ 0x00000909 at PC 0x010F3548
[   6.360997] HW.Memory <Error> core\memory.cpp:Memory::MemorySystem::Write:528: unmapped Write8 0x00000000 @ 0x0000090A at PC 0x010F3548
[   6.360997] HW.Memory <Error> core\memory.cpp:Memory::MemorySystem::Write:528: unmapped Write8 0x00000000 @ 0x0000090B at PC 0x010F3548
[   6.360998] HW.Memory <Error> core\memory.cpp:Memory::MemorySystem::Write:528: unmapped Write8 0x00000000 @ 0x0000090C at PC 0x010F3548
[   6.360998] HW.Memory <Error> core\memory.cpp:Memory::MemorySystem::Write:528: unmapped Write8 0x00000000 @ 0x0000090D at PC 0x010F3548
[   6.360999] HW.Memory <Error> core\memory.cpp:Memory::MemorySystem::Write:528: unmapped Write8 0x00000000 @ 0x0000090E at PC 0x010F3548
[   6.360999] HW.Memory <Error> core\memory.cpp:Memory::MemorySystem::Write:528: unmapped Write8 0x00000000 @ 0x0000090F at PC 0x010F3548
[   6.361000] HW.Memory <Error> core\memory.cpp:Memory::MemorySystem::Write:528: unmapped Write8 0x00000000 @ 0x00000910 at PC 0x010F3548
[   6.361000] HW.Memory <Error> core\memory.cpp:Memory::MemorySystem::Write:528: unmapped Write8 0x00000000 @ 0x00000911 at PC 0x010F3548
[   6.361001] HW.Memory <Error> core\memory.cpp:Memory::MemorySystem::Write:528: unmapped Write8 0x00000000 @ 0x00000912 at PC 0x010F3548
[   6.361001] HW.Memory <Error> core\memory.cpp:Memory::MemorySystem::Write:528: unmapped Write8 0x00000000 @ 0x00000913 at PC 0x010F3548
[   6.361002] HW.Memory <Error> core\memory.cpp:Memory::MemorySystem::Write:528: unmapped Write8 0x00000000 @ 0x00000914 at PC 0x010F3548
[   6.361002] HW.Memory <Error> core\memory.cpp:Memory::MemorySystem::Write:528: unmapped Write8 0x00000000 @ 0x00000915 at PC 0x010F3548
[   6.361003] HW.Memory <Error> core\memory.cpp:Memory::MemorySystem::Write:528: unmapped Write8 0x00000000 @ 0x00000916 at PC 0x010F3548
[   6.361003] HW.Memory <Error> core\memory.cpp:Memory::MemorySystem::Write:528: unmapped Write8 0x00000000 @ 0x00000917 at PC 0x010F3548
[   6.361004] HW.Memory <Error> core\memory.cpp:Memory::MemorySystem::Write:528: unmapped Write8 0x00000000 @ 0x00000918 at PC 0x010F3548
[   6.361004] HW.Memory <Error> core\memory.cpp:Memory::MemorySystem::Write:528: unmapped Write8 0x00000000 @ 0x00000919 at PC 0x010F3548
[   6.361005] HW.Memory <Error> core\memory.cpp:Memory::MemorySystem::Write:528: unmapped Write8 0x00000000 @ 0x0000091A at PC 0x010F3548
[   6.361005] HW.Memory <Error> core\memory.cpp:Memory::MemorySystem::Write:528: unmapped Write8 0x00000000 @ 0x0000091B at PC 0x010F3548
[   6.361006] HW.Memory <Error> core\memory.cpp:Memory::MemorySystem::Write:528: unmapped Write8 0x00000000 @ 0x0000091C at PC 0x010F3548
[   6.361006] HW.Memory <Error> core\memory.cpp:Memory::MemorySystem::Write:528: unmapped Write8 0x00000000 @ 0x0000091D at PC 0x010F3548
[   6.361007] HW.Memory <Error> core\memory.cpp:Memory::MemorySystem::Write:528: unmapped Write8 0x00000000 @ 0x0000091E at PC 0x010F3548
[   6.361008] HW.Memory <Error> core\memory.cpp:Memory::MemorySystem::Write:528: unmapped Write8 0x00000000 @ 0x0000091F at PC 0x010F3548
[   6.361008] HW.Memory <Error> core\memory.cpp:Memory::MemorySystem::Write:528: unmapped Write8 0x00000000 @ 0x00000920 at PC 0x010F3548
[   6.361009] HW.Memory <Error> core\memory.cpp:Memory::MemorySystem::Write:528: unmapped Write8 0x00000000 @ 0x00000921 at PC 0x010F3548
[   6.361009] HW.Memory <Error> core\memory.cpp:Memory::MemorySystem::Write:528: unmapped Write8 0x00000000 @ 0x00000922 at PC 0x010F3548
[   6.361010] HW.Memory <Error> core\memory.cpp:Memory::MemorySystem::Write:528: unmapped Write8 0x00000000 @ 0x00000923 at PC 0x010F3548
[   6.361010] HW.Memory <Error> core\memory.cpp:Memory::MemorySystem::Write:528: unmapped Write8 0x00000000 @ 0x00000924 at PC 0x010F3548
[   6.361011] HW.Memory <Error> core\memory.cpp:Memory::MemorySystem::Write:528: unmapped Write8 0x00000000 @ 0x00000925 at PC 0x010F3548
[   6.361011] HW.Memory <Error> core\memory.cpp:Memory::MemorySystem::Write:528: unmapped Write8 0x00000000 @ 0x00000926 at PC 0x010F3548
[   6.361012] HW.Memory <Error> core\memory.cpp:Memory::MemorySystem::Write:528: unmapped Write8 0x00000000 @ 0x00000927 at PC 0x010F3548
[   6.361012] HW.Memory <Error> core\memory.cpp:Memory::MemorySystem::Write:528: unmapped Write8 0x00000000 @ 0x00000928 at PC 0x010F3548
[   6.361013] HW.Memory <Error> core\memory.cpp:Memory::MemorySystem::Write:528: unmapped Write8 0x00000000 @ 0x00000929 at PC 0x010F3548
[   6.361013] HW.Memory <Error> core\memory.cpp:Memory::MemorySystem::Write:528: unmapped Write8 0x00000000 @ 0x0000092A at PC 0x010F3548
[   6.361014] HW.Memory <Error> core\memory.cpp:Memory::MemorySystem::Write:528: unmapped Write8 0x00000000 @ 0x0000092B at PC 0x010F3548
[   6.361015] HW.Memory <Error> core\memory.cpp:Memory::MemorySystem::Write:528: unmapped Write8 0x00000000 @ 0x0000092C at PC 0x010F3548
[   6.361015] HW.Memory <Error> core\memory.cpp:Memory::MemorySystem::Write:528: unmapped Write8 0x00000000 @ 0x0000092D at PC 0x010F3548
[   6.361016] HW.Memory <Error> core\memory.cpp:Memory::MemorySystem::Write:528: unmapped Write8 0x00000000 @ 0x0000092E at PC 0x010F3548
[   6.361016] HW.Memory <Error> core\memory.cpp:Memory::MemorySystem::Write:528: unmapped Write8 0x00000000 @ 0x0000092F at PC 0x010F3548
[   6.361017] HW.Memory <Error> core\memory.cpp:Memory::MemorySystem::Write:528: unmapped Write8 0x00000000 @ 0x00000930 at PC 0x010F3548
[   6.361017] HW.Memory <Error> core\memory.cpp:Memory::MemorySystem::Write:528: unmapped Write8 0x00000000 @ 0x00000931 at PC 0x010F3548
[   6.361018] HW.Memory <Error> core\memory.cpp:Memory::MemorySystem::Write:528: unmapped Write8 0x00000000 @ 0x00000932 at PC 0x010F3548
[   6.361018] HW.Memory <Error> core\memory.cpp:Memory::MemorySystem::Write:528: unmapped Write8 0x00000000 @ 0x00000933 at PC 0x010F3548
[   6.361019] HW.Memory <Error> core\memory.cpp:Memory::MemorySystem::Write:528: unmapped Write8 0x00000000 @ 0x00000934 at PC 0x010F3548
[   6.361019] HW.Memory <Error> core\memory.cpp:Memory::MemorySystem::Write:528: unmapped Write8 0x00000000 @ 0x00000935 at PC 0x010F3548
[   6.361020] HW.Memory <Error> core\memory.cpp:Memory::MemorySystem::Write:528: unmapped Write8 0x00000000 @ 0x00000936 at PC 0x010F3548
[   6.361020] HW.Memory <Error> core\memory.cpp:Memory::MemorySystem::Write:528: unmapped Write8 0x00000000 @ 0x00000937 at PC 0x010F3548
[   6.361021] HW.Memory <Error> core\memory.cpp:Memory::MemorySystem::Write:528: unmapped Write8 0x00000000 @ 0x00000938 at PC 0x010F3548
[   6.361021] HW.Memory <Error> core\memory.cpp:Memory::MemorySystem::Write:528: unmapped Write8 0x00000000 @ 0x00000939 at PC 0x010F3548
[   6.361022] HW.Memory <Error> core\memory.cpp:Memory::MemorySystem::Write:528: unmapped Write8 0x00000000 @ 0x0000093A at PC 0x010F3548
[   6.361022] HW.Memory <Error> core\memory.cpp:Memory::MemorySystem::Write:528: unmapped Write8 0x00000000 @ 0x0000093B at PC 0x010F3548
[   6.361023] HW.Memory <Error> core\memory.cpp:Memory::MemorySystem::Write:528: unmapped Write8 0x00000000 @ 0x0000093C at PC 0x010F3548
[   6.361023] HW.Memory <Error> core\memory.cpp:Memory::MemorySystem::Write:528: unmapped Write8 0x00000000 @ 0x0000093D at PC 0x010F3548
[   6.361024] HW.Memory <Error> core\memory.cpp:Memory::MemorySystem::Write:528: unmapped Write8 0x00000000 @ 0x0000093E at PC 0x010F3548
[   6.361025] HW.Memory <Error> core\memory.cpp:Memory::MemorySystem::Write:528: unmapped Write8 0x00000000 @ 0x0000093F at PC 0x010F3548
[   6.361025] HW.Memory <Error> core\memory.cpp:Memory::MemorySystem::Write:528: unmapped Write8 0x00000000 @ 0x00000940 at PC 0x010F3548
[   6.361026] HW.Memory <Error> core\memory.cpp:Memory::MemorySystem::Write:528: unmapped Write8 0x00000000 @ 0x00000941 at PC 0x010F3548
[   6.361026] HW.Memory <Error> core\memory.cpp:Memory::MemorySystem::Write:528: unmapped Write8 0x00000000 @ 0x00000942 at PC 0x010F3548
[   6.361027] HW.Memory <Error> core\memory.cpp:Memory::MemorySystem::Write:528: unmapped Write8 0x00000000 @ 0x00000943 at PC 0x010F3548
[   6.361027] HW.Memory <Error> core\memory.cpp:Memory::MemorySystem::Write:528: unmapped Write8 0x00000000 @ 0x00000944 at PC 0x010F3548
[   6.361028] HW.Memory <Error> core\memory.cpp:Memory::MemorySystem::Write:528: unmapped Write8 0x00000000 @ 0x00000945 at PC 0x010F3548
[   6.361029] HW.Memory <Error> core\memory.cpp:Memory::MemorySystem::Write:528: unmapped Write8 0x00000000 @ 0x00000946 at PC 0x010F3548
[   6.361029] HW.Memory <Error> core\memory.cpp:Memory::MemorySystem::Write:528: unmapped Write8 0x00000000 @ 0x00000947 at PC 0x010F3548
[   6.361030] HW.Memory <Error> core\memory.cpp:Memory::MemorySystem::Write:528: unmapped Write8 0x00000000 @ 0x00000948 at PC 0x010F3548
[   6.361030] HW.Memory <Error> core\memory.cpp:Memory::MemorySystem::Write:528: unmapped Write8 0x00000000 @ 0x00000949 at PC 0x010F3548
[   6.361031] HW.Memory <Error> core\memory.cpp:Memory::MemorySystem::Write:528: unmapped Write8 0x00000000 @ 0x0000094A at PC 0x010F3548
[   6.361032] HW.Memory <Error> core\memory.cpp:Memory::MemorySystem::Write:528: unmapped Write8 0x00000000 @ 0x0000094B at PC 0x010F3548
[   6.361032] HW.Memory <Error> core\memory.cpp:Memory::MemorySystem::Write:528: unmapped Write8 0x00000000 @ 0x0000094C at PC 0x010F3548
[   6.361033] HW.Memory <Error> core\memory.cpp:Memory::MemorySystem::Write:528: unmapped Write8 0x00000000 @ 0x0000094D at PC 0x010F3548
[   6.361033] HW.Memory <Error> core\memory.cpp:Memory::MemorySystem::Write:528: unmapped Write8 0x00000000 @ 0x0000094E at PC 0x010F3548
[   6.361034] HW.Memory <Error> core\memory.cpp:Memory::MemorySystem::Write:528: unmapped Write8 0x00000000 @ 0x0000094F at PC 0x010F3548
[   6.361034] HW.Memory <Error> core\memory.cpp:Memory::MemorySystem::Write:528: unmapped Write8 0x00000000 @ 0x00000950 at PC 0x010F3548
[   6.361035] HW.Memory <Error> core\memory.cpp:Memory::MemorySystem::Write:528: unmapped Write8 0x00000000 @ 0x00000951 at PC 0x010F3548
[   6.361036] HW.Memory <Error> core\memory.cpp:Memory::MemorySystem::Write:528: unmapped Write8 0x00000000 @ 0x00000952 at PC 0x010F3548
[   6.361036] HW.Memory <Error> core\memory.cpp:Memory::MemorySystem::Write:528: unmapped Write8 0x00000000 @ 0x00000953 at PC 0x010F3548
[   6.361037] HW.Memory <Error> core\memory.cpp:Memory::MemorySystem::Write:528: unmapped Write8 0x00000000 @ 0x00000954 at PC 0x010F3548
[   6.361038] HW.Memory <Error> core\memory.cpp:Memory::MemorySystem::Write:528: unmapped Write8 0x00000000 @ 0x00000955 at PC 0x010F3548
[   6.361038] HW.Memory <Error> core\memory.cpp:Memory::MemorySystem::Write:528: unmapped Write8 0x00000000 @ 0x00000956 at PC 0x010F3548
[   6.361039] HW.Memory <Error> core\memory.cpp:Memory::MemorySystem::Write:528: unmapped Write8 0x00000000 @ 0x00000957 at PC 0x010F3548
[   6.361039] HW.Memory <Error> core\memory.cpp:Memory::MemorySystem::Write:528: unmapped Write8 0x00000000 @ 0x00000958 at PC 0x010F3548
[   6.361040] HW.Memory <Error> core\memory.cpp:Memory::MemorySystem::Write:528: unmapped Write8 0x00000000 @ 0x00000959 at PC 0x010F3548
[   6.361041] HW.Memory <Error> core\memory.cpp:Memory::MemorySystem::Write:528: unmapped Write8 0x00000000 @ 0x0000095A at PC 0x010F3548
[   6.361041] HW.Memory <Error> core\memory.cpp:Memory::MemorySystem::Write:528: unmapped Write8 0x00000000 @ 0x0000095B at PC 0x010F3548
[   6.361042] HW.Memory <Error> core\memory.cpp:Memory::MemorySystem::Write:528: unmapped Write8 0x00000000 @ 0x0000095C at PC 0x010F3548
[   6.361042] HW.Memory <Error> core\memory.cpp:Memory::MemorySystem::Write:528: unmapped Write8 0x00000000 @ 0x0000095D at PC 0x010F3548
[   6.361043] HW.Memory <Error> core\memory.cpp:Memory::MemorySystem::Write:528: unmapped Write8 0x00000000 @ 0x0000095E at PC 0x010F3548
[   6.361044] HW.Memory <Error> core\memory.cpp:Memory::MemorySystem::Write:528: unmapped Write8 0x00000000 @ 0x0000095F at PC 0x010F3548
[   6.361044] HW.Memory <Error> core\memory.cpp:Memory::MemorySystem::Write:528: unmapped Write8 0x00000000 @ 0x00000960 at PC 0x010F3548
[   6.361045] HW.Memory <Error> core\memory.cpp:Memory::MemorySystem::Write:528: unmapped Write8 0x00000000 @ 0x00000961 at PC 0x010F3548
[   6.361045] HW.Memory <Error> core\memory.cpp:Memory::MemorySystem::Write:528: unmapped Write8 0x00000000 @ 0x00000962 at PC 0x010F3548
[   6.361046] HW.Memory <Error> core\memory.cpp:Memory::MemorySystem::Write:528: unmapped Write8 0x00000000 @ 0x00000963 at PC 0x010F3548
[   6.361046] HW.Memory <Error> core\memory.cpp:Memory::MemorySystem::Write:528: unmapped Write8 0x00000000 @ 0x00000964 at PC 0x010F3548
[   6.361047] HW.Memory <Error> core\memory.cpp:Memory::MemorySystem::Write:528: unmapped Write8 0x00000000 @ 0x00000965 at PC 0x010F3548
[   6.361047] HW.Memory <Error> core\memory.cpp:Memory::MemorySystem::Write:528: unmapped Write8 0x00000000 @ 0x00000966 at PC 0x010F3548
[   6.361048] HW.Memory <Error> core\memory.cpp:Memory::MemorySystem::Write:528: unmapped Write8 0x00000000 @ 0x00000967 at PC 0x010F3548
[   6.361048] HW.Memory <Error> core\memory.cpp:Memory::MemorySystem::Write:528: unmapped Write8 0x00000000 @ 0x00000968 at PC 0x010F3548
[   6.361049] HW.Memory <Error> core\memory.cpp:Memory::MemorySystem::Write:528: unmapped Write8 0x00000000 @ 0x00000969 at PC 0x010F3548
[   6.361050] HW.Memory <Error> core\memory.cpp:Memory::MemorySystem::Write:528: unmapped Write8 0x00000000 @ 0x0000096A at PC 0x010F3548
[   6.361050] HW.Memory <Error> core\memory.cpp:Memory::MemorySystem::Write:528: unmapped Write8 0x00000000 @ 0x0000096B at PC 0x010F3548
[   6.361051] HW.Memory <Error> core\memory.cpp:Memory::MemorySystem::Write:528: unmapped Write8 0x00000000 @ 0x0000096C at PC 0x010F3548
[   6.361051] HW.Memory <Error> core\memory.cpp:Memory::MemorySystem::Write:528: unmapped Write8 0x00000000 @ 0x0000096D at PC 0x010F3548
[   6.361052] HW.Memory <Error> core\memory.cpp:Memory::MemorySystem::Write:528: unmapped Write8 0x00000000 @ 0x0000096E at PC 0x010F3548
[   6.361052] HW.Memory <Error> core\memory.cpp:Memory::MemorySystem::Write:528: unmapped Write8 0x00000000 @ 0x0000096F at PC 0x010F3548
[   6.361053] HW.Memory <Error> core\memory.cpp:Memory::MemorySystem::Write:528: unmapped Write8 0x00000000 @ 0x00000970 at PC 0x010F3548
[   6.361053] HW.Memory <Error> core\memory.cpp:Memory::MemorySystem::Write:528: unmapped Write8 0x00000000 @ 0x00000971 at PC 0x010F3548
[   6.361054] HW.Memory <Error> core\memory.cpp:Memory::MemorySystem::Write:528: unmapped Write8 0x00000000 @ 0x00000972 at PC 0x010F3548
[   6.361054] HW.Memory <Error> core\memory.cpp:Memory::MemorySystem::Write:528: unmapped Write8 0x00000000 @ 0x00000973 at PC 0x010F3548
[   6.361055] HW.Memory <Error> core\memory.cpp:Memory::MemorySystem::Write:528: unmapped Write8 0x00000000 @ 0x00000974 at PC 0x010F3548
[   6.361056] HW.Memory <Error> core\memory.cpp:Memory::MemorySystem::Write:528: unmapped Write8 0x00000000 @ 0x00000975 at PC 0x010F3548
[   6.361056] HW.Memory <Error> core\memory.cpp:Memory::MemorySystem::Write:528: unmapped Write8 0x00000000 @ 0x00000976 at PC 0x010F3548
[   6.361057] HW.Memory <Error> core\memory.cpp:Memory::MemorySystem::Write:528: unmapped Write8 0x00000000 @ 0x00000977 at PC 0x010F3548
[   6.361057] HW.Memory <Error> core\memory.cpp:Memory::MemorySystem::Write:528: unmapped Write8 0x00000000 @ 0x00000978 at PC 0x010F3548
[   6.361058] HW.Memory <Error> core\memory.cpp:Memory::MemorySystem::Write:528: unmapped Write8 0x00000000 @ 0x00000979 at PC 0x010F3548
[   6.361058] HW.Memory <Error> core\memory.cpp:Memory::MemorySystem::Write:528: unmapped Write8 0x00000000 @ 0x0000097A at PC 0x010F3548
[   6.361059] HW.Memory <Error> core\memory.cpp:Memory::MemorySystem::Write:528: unmapped Write8 0x00000000 @ 0x0000097B at PC 0x010F3548
[   6.361059] HW.Memory <Error> core\memory.cpp:Memory::MemorySystem::Write:528: unmapped Write8 0x00000000 @ 0x0000097C at PC 0x010F3548
[   6.361060] HW.Memory <Error> core\memory.cpp:Memory::MemorySystem::Write:528: unmapped Write8 0x00000000 @ 0x0000097D at PC 0x010F3548
[   6.361060] HW.Memory <Error> core\memory.cpp:Memory::MemorySystem::Write:528: unmapped Write8 0x00000000 @ 0x0000097E at PC 0x010F3548
[   6.361061] HW.Memory <Error> core\memory.cpp:Memory::MemorySystem::Write:528: unmapped Write8 0x00000000 @ 0x0000097F at PC 0x010F3548
[   6.361061] HW.Memory <Error> core\memory.cpp:Memory::MemorySystem::Write:528: unmapped Write8 0x00000000 @ 0x00000980 at PC 0x010F3548
[   6.361062] HW.Memory <Error> core\memory.cpp:Memory::MemorySystem::Write:528: unmapped Write8 0x00000000 @ 0x00000981 at PC 0x010F3548
[   6.361063] HW.Memory <Error> core\memory.cpp:Memory::MemorySystem::Write:528: unmapped Write8 0x00000000 @ 0x00000982 at PC 0x010F3548
[   6.361063] HW.Memory <Error> core\memory.cpp:Memory::MemorySystem::Write:528: unmapped Write8 0x00000000 @ 0x00000983 at PC 0x010F3548
[   6.361064] HW.Memory <Error> core\memory.cpp:Memory::MemorySystem::Write:528: unmapped Write8 0x00000000 @ 0x00000984 at PC 0x010F3548
[   6.361064] HW.Memory <Error> core\memory.cpp:Memory::MemorySystem::Write:528: unmapped Write8 0x00000000 @ 0x00000985 at PC 0x010F3548
[   6.361065] HW.Memory <Error> core\memory.cpp:Memory::MemorySystem::Write:528: unmapped Write8 0x00000000 @ 0x00000986 at PC 0x010F3548
[   6.361066] HW.Memory <Error> core\memory.cpp:Memory::MemorySystem::Write:528: unmapped Write8 0x00000000 @ 0x00000987 at PC 0x010F3548
[   6.361066] HW.Memory <Error> core\memory.cpp:Memory::MemorySystem::Write:528: unmapped Write8 0x00000000 @ 0x00000988 at PC 0x010F3548
[   6.361067] HW.Memory <Error> core\memory.cpp:Memory::MemorySystem::Write:528: unmapped Write8 0x00000000 @ 0x00000989 at PC 0x010F3548
[   6.361068] HW.Memory <Error> core\memory.cpp:Memory::MemorySystem::Write:528: unmapped Write8 0x00000000 @ 0x0000098A at PC 0x010F3548
[   6.361068] HW.Memory <Error> core\memory.cpp:Memory::MemorySystem::Write:528: unmapped Write8 0x00000000 @ 0x0000098B at PC 0x010F3548
[   6.361069] HW.Memory <Error> core\memory.cpp:Memory::MemorySystem::Write:528: unmapped Write8 0x00000000 @ 0x0000098C at PC 0x010F3548
[   6.361069] HW.Memory <Error> core\memory.cpp:Memory::MemorySystem::Write:528: unmapped Write8 0x00000000 @ 0x0000098D at PC 0x010F3548
[   6.361070] HW.Memory <Error> core\memory.cpp:Memory::MemorySystem::Write:528: unmapped Write8 0x00000000 @ 0x0000098E at PC 0x010F3548
[   6.361070] HW.Memory <Error> core\memory.cpp:Memory::MemorySystem::Write:528: unmapped Write8 0x00000000 @ 0x0000098F at PC 0x010F3548
[   6.361071] HW.Memory <Error> core\memory.cpp:Memory::MemorySystem::Write:528: unmapped Write8 0x00000000 @ 0x00000990 at PC 0x010F3548
[   6.361072] HW.Memory <Error> core\memory.cpp:Memory::MemorySystem::Write:528: unmapped Write8 0x00000000 @ 0x00000991 at PC 0x010F3548
[   6.361072] HW.Memory <Error> core\memory.cpp:Memory::MemorySystem::Write:528: unmapped Write8 0x00000000 @ 0x00000992 at PC 0x010F3548
[   6.361073] HW.Memory <Error> core\memory.cpp:Memory::MemorySystem::Write:528: unmapped Write8 0x00000000 @ 0x00000993 at PC 0x010F3548
[   6.361073] HW.Memory <Error> core\memory.cpp:Memory::MemorySystem::Write:528: unmapped Write8 0x00000000 @ 0x00000994 at PC 0x010F3548
[   6.361074] HW.Memory <Error> core\memory.cpp:Memory::MemorySystem::Write:528: unmapped Write8 0x00000000 @ 0x00000995 at PC 0x010F3548
[   6.361074] HW.Memory <Error> core\memory.cpp:Memory::MemorySystem::Write:528: unmapped Write8 0x00000000 @ 0x00000996 at PC 0x010F3548
[   6.361075] HW.Memory <Error> core\memory.cpp:Memory::MemorySystem::Write:528: unmapped Write8 0x00000000 @ 0x00000997 at PC 0x010F3548
[   6.361076] HW.Memory <Error> core\memory.cpp:Memory::MemorySystem::Write:528: unmapped Write8 0x00000000 @ 0x00000998 at PC 0x010F3548
[   6.361076] HW.Memory <Error> core\memory.cpp:Memory::MemorySystem::Write:528: unmapped Write8 0x00000000 @ 0x00000999 at PC 0x010F3548
[   6.361077] HW.Memory <Error> core\memory.cpp:Memory::MemorySystem::Write:528: unmapped Write8 0x00000000 @ 0x0000099A at PC 0x010F3548
[   6.361077] HW.Memory <Error> core\memory.cpp:Memory::MemorySystem::Write:528: unmapped Write8 0x00000000 @ 0x0000099B at PC 0x010F3548
[   6.361078] HW.Memory <Error> core\memory.cpp:Memory::MemorySystem::Write:528: unmapped Write8 0x00000000 @ 0x0000099C at PC 0x010F3548
[   6.361078] HW.Memory <Error> core\memory.cpp:Memory::MemorySystem::Write:528: unmapped Write8 0x00000000 @ 0x0000099D at PC 0x010F3548
[   6.361079] HW.Memory <Error> core\memory.cpp:Memory::MemorySystem::Write:528: unmapped Write8 0x00000000 @ 0x0000099E at PC 0x010F3548
[   6.361080] HW.Memory <Error> core\memory.cpp:Memory::MemorySystem::Write:528: unmapped Write8 0x00000000 @ 0x0000099F at PC 0x010F3548
[   6.361080] HW.Memory <Error> core\memory.cpp:Memory::MemorySystem::Write:528: unmapped Write8 0x00000000 @ 0x000009A0 at PC 0x010F3548
[   6.361081] HW.Memory <Error> core\memory.cpp:Memory::MemorySystem::Write:528: unmapped Write8 0x00000000 @ 0x000009A1 at PC 0x010F3548
[   6.361081] HW.Memory <Error> core\memory.cpp:Memory::MemorySystem::Write:528: unmapped Write8 0x00000000 @ 0x000009A2 at PC 0x010F3548
[   6.361082] HW.Memory <Error> core\memory.cpp:Memory::MemorySystem::Write:528: unmapped Write8 0x00000000 @ 0x000009A3 at PC 0x010F3548
[   6.361082] HW.Memory <Error> core\memory.cpp:Memory::MemorySystem::Write:528: unmapped Write8 0x00000000 @ 0x000009A4 at PC 0x010F3548
[   6.361083] HW.Memory <Error> core\memory.cpp:Memory::MemorySystem::Write:528: unmapped Write8 0x00000000 @ 0x000009A5 at PC 0x010F3548
[   6.361083] HW.Memory <Error> core\memory.cpp:Memory::MemorySystem::Write:528: unmapped Write8 0x00000000 @ 0x000009A6 at PC 0x010F3548
[   6.361084] HW.Memory <Error> core\memory.cpp:Memory::MemorySystem::Write:528: unmapped Write8 0x00000000 @ 0x000009A7 at PC 0x010F3548
[   6.361084] HW.Memory <Error> core\memory.cpp:Memory::MemorySystem::Write:528: unmapped Write8 0x00000000 @ 0x000009A8 at PC 0x010F3548
[   6.361085] HW.Memory <Error> core\memory.cpp:Memory::MemorySystem::Write:528: unmapped Write8 0x00000000 @ 0x000009A9 at PC 0x010F3548
[   6.361085] HW.Memory <Error> core\memory.cpp:Memory::MemorySystem::Write:528: unmapped Write8 0x00000000 @ 0x000009AA at PC 0x010F3548
[   6.361086] HW.Memory <Error> core\memory.cpp:Memory::MemorySystem::Write:528: unmapped Write8 0x00000000 @ 0x000009AB at PC 0x010F3548
[   6.361086] HW.Memory <Error> core\memory.cpp:Memory::MemorySystem::Write:528: unmapped Write8 0x00000000 @ 0x000009AC at PC 0x010F3548
[   6.361087] HW.Memory <Error> core\memory.cpp:Memory::MemorySystem::Write:528: unmapped Write8 0x00000000 @ 0x000009AD at PC 0x010F3548
[   6.361087] HW.Memory <Error> core\memory.cpp:Memory::MemorySystem::Write:528: unmapped Write8 0x00000000 @ 0x000009AE at PC 0x010F3548
[   6.361088] HW.Memory <Error> core\memory.cpp:Memory::MemorySystem::Write:528: unmapped Write8 0x00000000 @ 0x000009AF at PC 0x010F3548
[   6.361088] HW.Memory <Error> core\memory.cpp:Memory::MemorySystem::Write:528: unmapped Write8 0x00000000 @ 0x000009B0 at PC 0x010F3548
[   6.361089] HW.Memory <Error> core\memory.cpp:Memory::MemorySystem::Write:528: unmapped Write8 0x00000000 @ 0x000009B1 at PC 0x010F3548
[   6.361089] HW.Memory <Error> core\memory.cpp:Memory::MemorySystem::Write:528: unmapped Write8 0x00000000 @ 0x000009B2 at PC 0x010F3548
[   6.361090] HW.Memory <Error> core\memory.cpp:Memory::MemorySystem::Write:528: unmapped Write8 0x00000000 @ 0x000009B3 at PC 0x010F3548
[   6.361090] HW.Memory <Error> core\memory.cpp:Memory::MemorySystem::Write:528: unmapped Write8 0x00000000 @ 0x000009B4 at PC 0x010F3548
[   6.361091] HW.Memory <Error> core\memory.cpp:Memory::MemorySystem::Write:528: unmapped Write8 0x00000000 @ 0x000009B5 at PC 0x010F3548
[   6.361091] HW.Memory <Error> core\memory.cpp:Memory::MemorySystem::Write:528: unmapped Write8 0x00000000 @ 0x000009B6 at PC 0x010F3548
[   6.361092] HW.Memory <Error> core\memory.cpp:Memory::MemorySystem::Write:528: unmapped Write8 0x00000000 @ 0x000009B7 at PC 0x010F3548
[   6.361092] HW.Memory <Error> core\memory.cpp:Memory::MemorySystem::Write:528: unmapped Write8 0x00000000 @ 0x000009B8 at PC 0x010F3548
[   6.361093] HW.Memory <Error> core\memory.cpp:Memory::MemorySystem::Write:528: unmapped Write8 0x00000000 @ 0x000009B9 at PC 0x010F3548
[   6.361093] HW.Memory <Error> core\memory.cpp:Memory::MemorySystem::Write:528: unmapped Write8 0x00000000 @ 0x000009BA at PC 0x010F3548
[   6.361094] HW.Memory <Error> core\memory.cpp:Memory::MemorySystem::Write:528: unmapped Write8 0x00000000 @ 0x000009BB at PC 0x010F3548
[   6.361094] HW.Memory <Error> core\memory.cpp:Memory::MemorySystem::Write:528: unmapped Write8 0x00000000 @ 0x000009BC at PC 0x010F3548
[   6.361095] HW.Memory <Error> core\memory.cpp:Memory::MemorySystem::Write:528: unmapped Write8 0x00000000 @ 0x000009BD at PC 0x010F3548
[   6.361096] HW.Memory <Error> core\memory.cpp:Memory::MemorySystem::Write:528: unmapped Write8 0x00000000 @ 0x000009BE at PC 0x010F3548
[   6.361096] HW.Memory <Error> core\memory.cpp:Memory::MemorySystem::Write:528: unmapped Write8 0x00000000 @ 0x000009BF at PC 0x010F3548
[   6.361097] HW.Memory <Error> core\memory.cpp:Memory::MemorySystem::Write:528: unmapped Write8 0x00000000 @ 0x000009C0 at PC 0x010F3548
[   6.361097] HW.Memory <Error> core\memory.cpp:Memory::MemorySystem::Write:528: unmapped Write8 0x00000000 @ 0x000009C1 at PC 0x010F3548
[   6.361098] HW.Memory <Error> core\memory.cpp:Memory::MemorySystem::Write:528: unmapped Write8 0x00000000 @ 0x000009C2 at PC 0x010F3548
[   6.361099] HW.Memory <Error> core\memory.cpp:Memory::MemorySystem::Write:528: unmapped Write8 0x00000000 @ 0x000009C3 at PC 0x010F3548
[   6.361099] HW.Memory <Error> core\memory.cpp:Memory::MemorySystem::Write:528: unmapped Write8 0x00000000 @ 0x000009C4 at PC 0x010F3548
[   6.361100] HW.Memory <Error> core\memory.cpp:Memory::MemorySystem::Write:528: unmapped Write8 0x00000000 @ 0x000009C5 at PC 0x010F3548
[   6.361100] HW.Memory <Error> core\memory.cpp:Memory::MemorySystem::Write:528: unmapped Write8 0x00000000 @ 0x000009C6 at PC 0x010F3548
[   6.361101] HW.Memory <Error> core\memory.cpp:Memory::MemorySystem::Write:528: unmapped Write8 0x00000000 @ 0x000009C7 at PC 0x010F3548
[   6.361101] HW.Memory <Error> core\memory.cpp:Memory::MemorySystem::Write:528: unmapped Write8 0x00000000 @ 0x000009C8 at PC 0x010F3548
[   6.361102] HW.Memory <Error> core\memory.cpp:Memory::MemorySystem::Write:528: unmapped Write8 0x00000000 @ 0x000009C9 at PC 0x010F3548
[   6.361102] HW.Memory <Error> core\memory.cpp:Memory::MemorySystem::Write:528: unmapped Write8 0x00000000 @ 0x000009CA at PC 0x010F3548
[   6.361103] HW.Memory <Error> core\memory.cpp:Memory::MemorySystem::Write:528: unmapped Write8 0x00000000 @ 0x000009CB at PC 0x010F3548
[   6.361104] HW.Memory <Error> core\memory.cpp:Memory::MemorySystem::Write:528: unmapped Write8 0x00000000 @ 0x000009CC at PC 0x010F3548
[   6.361104] HW.Memory <Error> core\memory.cpp:Memory::MemorySystem::Write:528: unmapped Write8 0x00000000 @ 0x000009CD at PC 0x010F3548
[   6.361105] HW.Memory <Error> core\memory.cpp:Memory::MemorySystem::Write:528: unmapped Write8 0x00000000 @ 0x000009CE at PC 0x010F3548
[   6.361105] HW.Memory <Error> core\memory.cpp:Memory::MemorySystem::Write:528: unmapped Write8 0x00000000 @ 0x000009CF at PC 0x010F3548
[   6.361106] HW.Memory <Error> core\memory.cpp:Memory::MemorySystem::Write:528: unmapped Write8 0x00000000 @ 0x000009D0 at PC 0x010F3548
[   6.361106] HW.Memory <Error> core\memory.cpp:Memory::MemorySystem::Write:528: unmapped Write8 0x00000000 @ 0x000009D1 at PC 0x010F3548
[   6.361107] HW.Memory <Error> core\memory.cpp:Memory::MemorySystem::Write:528: unmapped Write8 0x00000000 @ 0x000009D2 at PC 0x010F3548
[   6.361107] HW.Memory <Error> core\memory.cpp:Memory::MemorySystem::Write:528: unmapped Write8 0x00000000 @ 0x000009D3 at PC 0x010F3548
[   6.361108] HW.Memory <Error> core\memory.cpp:Memory::MemorySystem::Write:528: unmapped Write8 0x00000000 @ 0x000009D4 at PC 0x010F3548
[   6.361108] HW.Memory <Error> core\memory.cpp:Memory::MemorySystem::Write:528: unmapped Write8 0x00000000 @ 0x000009D5 at PC 0x010F3548
[   6.361109] HW.Memory <Error> core\memory.cpp:Memory::MemorySystem::Write:528: unmapped Write8 0x00000000 @ 0x000009D6 at PC 0x010F3548
[   6.361110] HW.Memory <Error> core\memory.cpp:Memory::MemorySystem::Write:528: unmapped Write8 0x00000000 @ 0x000009D7 at PC 0x010F3548
[   6.361110] HW.Memory <Error> core\memory.cpp:Memory::MemorySystem::Write:528: unmapped Write8 0x00000000 @ 0x000009D8 at PC 0x010F3548
[   6.361111] HW.Memory <Error> core\memory.cpp:Memory::MemorySystem::Write:528: unmapped Write8 0x00000000 @ 0x000009D9 at PC 0x010F3548
[   6.361111] HW.Memory <Error> core\memory.cpp:Memory::MemorySystem::Write:528: unmapped Write8 0x00000000 @ 0x000009DA at PC 0x010F3548
[   6.361112] HW.Memory <Error> core\memory.cpp:Memory::MemorySystem::Write:528: unmapped Write8 0x00000000 @ 0x000009DB at PC 0x010F3548
[   6.361112] HW.Memory <Error> core\memory.cpp:Memory::MemorySystem::Write:528: unmapped Write8 0x00000000 @ 0x000009DC at PC 0x010F3548
[   6.361113] HW.Memory <Error> core\memory.cpp:Memory::MemorySystem::Write:528: unmapped Write8 0x00000000 @ 0x000009DD at PC 0x010F3548
[   6.361114] HW.Memory <Error> core\memory.cpp:Memory::MemorySystem::Write:528: unmapped Write8 0x00000000 @ 0x000009DE at PC 0x010F3548
[   6.361114] HW.Memory <Error> core\memory.cpp:Memory::MemorySystem::Write:528: unmapped Write8 0x00000000 @ 0x000009DF at PC 0x010F3548
[   6.361115] HW.Memory <Error> core\memory.cpp:Memory::MemorySystem::Write:528: unmapped Write8 0x00000000 @ 0x000009E0 at PC 0x010F3548
[   6.361115] HW.Memory <Error> core\memory.cpp:Memory::MemorySystem::Write:528: unmapped Write8 0x00000000 @ 0x000009E1 at PC 0x010F3548
[   6.361116] HW.Memory <Error> core\memory.cpp:Memory::MemorySystem::Write:528: unmapped Write8 0x00000000 @ 0x000009E2 at PC 0x010F3548
[   6.361116] HW.Memory <Error> core\memory.cpp:Memory::MemorySystem::Write:528: unmapped Write8 0x00000000 @ 0x000009E3 at PC 0x010F3548
[   6.361117] HW.Memory <Error> core\memory.cpp:Memory::MemorySystem::Write:528: unmapped Write8 0x00000000 @ 0x000009E4 at PC 0x010F3548
[   6.361117] HW.Memory <Error> core\memory.cpp:Memory::MemorySystem::Write:528: unmapped Write8 0x00000000 @ 0x000009E5 at PC 0x010F3548
[   6.361118] HW.Memory <Error> core\memory.cpp:Memory::MemorySystem::Write:528: unmapped Write8 0x00000000 @ 0x000009E6 at PC 0x010F3548
[   6.361118] HW.Memory <Error> core\memory.cpp:Memory::MemorySystem::Write:528: unmapped Write8 0x00000000 @ 0x000009E7 at PC 0x010F3548
[   6.361119] HW.Memory <Error> core\memory.cpp:Memory::MemorySystem::Write:528: unmapped Write8 0x00000000 @ 0x000009E8 at PC 0x010F3548
[   6.361119] HW.Memory <Error> core\memory.cpp:Memory::MemorySystem::Write:528: unmapped Write8 0x00000000 @ 0x000009E9 at PC 0x010F3548
[   6.361120] HW.Memory <Error> core\memory.cpp:Memory::MemorySystem::Write:528: unmapped Write8 0x00000000 @ 0x000009EA at PC 0x010F3548
[   6.361120] HW.Memory <Error> core\memory.cpp:Memory::MemorySystem::Write:528: unmapped Write8 0x00000000 @ 0x000009EB at PC 0x010F3548
[   6.361121] HW.Memory <Error> core\memory.cpp:Memory::MemorySystem::Write:528: unmapped Write8 0x00000000 @ 0x000009EC at PC 0x010F3548
[   6.361121] HW.Memory <Error> core\memory.cpp:Memory::MemorySystem::Write:528: unmapped Write8 0x00000000 @ 0x000009ED at PC 0x010F3548
[   6.361122] HW.Memory <Error> core\memory.cpp:Memory::MemorySystem::Write:528: unmapped Write8 0x00000000 @ 0x000009EE at PC 0x010F3548
[   6.361123] HW.Memory <Error> core\memory.cpp:Memory::MemorySystem::Write:528: unmapped Write8 0x00000000 @ 0x000009EF at PC 0x010F3548
[   6.361123] HW.Memory <Error> core\memory.cpp:Memory::MemorySystem::Write:528: unmapped Write8 0x00000000 @ 0x000009F0 at PC 0x010F3548
[   6.361124] HW.Memory <Error> core\memory.cpp:Memory::MemorySystem::Write:528: unmapped Write8 0x00000000 @ 0x000009F1 at PC 0x010F3548
[   6.361124] HW.Memory <Error> core\memory.cpp:Memory::MemorySystem::Write:528: unmapped Write8 0x00000000 @ 0x000009F2 at PC 0x010F3548
[   6.361125] HW.Memory <Error> core\memory.cpp:Memory::MemorySystem::Write:528: unmapped Write8 0x00000000 @ 0x000009F3 at PC 0x010F3548
[   6.361125] HW.Memory <Error> core\memory.cpp:Memory::MemorySystem::Write:528: unmapped Write8 0x00000000 @ 0x000009F4 at PC 0x010F3548
[   6.361126] HW.Memory <Error> core\memory.cpp:Memory::MemorySystem::Write:528: unmapped Write8 0x00000000 @ 0x000009F5 at PC 0x010F3548
[   6.361126] HW.Memory <Error> core\memory.cpp:Memory::MemorySystem::Write:528: unmapped Write8 0x00000000 @ 0x000009F6 at PC 0x010F3548
[   6.361127] HW.Memory <Error> core\memory.cpp:Memory::MemorySystem::Write:528: unmapped Write8 0x00000000 @ 0x000009F7 at PC 0x010F3548
[   6.361127] HW.Memory <Error> core\memory.cpp:Memory::MemorySystem::Write:528: unmapped Write8 0x00000000 @ 0x000009F8 at PC 0x010F3548
[   6.361128] HW.Memory <Error> core\memory.cpp:Memory::MemorySystem::Write:528: unmapped Write8 0x00000000 @ 0x000009F9 at PC 0x010F3548
[   6.361128] HW.Memory <Error> core\memory.cpp:Memory::MemorySystem::Write:528: unmapped Write8 0x00000000 @ 0x000009FA at PC 0x010F3548
[   6.361129] HW.Memory <Error> core\memory.cpp:Memory::MemorySystem::Write:528: unmapped Write8 0x00000000 @ 0x000009FB at PC 0x010F3548
[   6.361129] HW.Memory <Error> core\memory.cpp:Memory::MemorySystem::Write:528: unmapped Write8 0x00000000 @ 0x000009FC at PC 0x010F3548
[   6.361130] HW.Memory <Error> core\memory.cpp:Memory::MemorySystem::Write:528: unmapped Write8 0x00000000 @ 0x000009FD at PC 0x010F3548
[   6.361131] HW.Memory <Error> core\memory.cpp:Memory::MemorySystem::Write:528: unmapped Write8 0x00000000 @ 0x000009FE at PC 0x010F3548
[   6.361131] HW.Memory <Error> core\memory.cpp:Memory::MemorySystem::Write:528: unmapped Write8 0x00000000 @ 0x000009FF at PC 0x010F3548
[   6.361132] HW.Memory <Error> core\memory.cpp:Memory::MemorySystem::Write:528: unmapped Write8 0x00000000 @ 0x00000A00 at PC 0x010F3548
[   6.361132] HW.Memory <Error> core\memory.cpp:Memory::MemorySystem::Write:528: unmapped Write8 0x00000000 @ 0x00000A01 at PC 0x010F3548
[   6.361133] HW.Memory <Error> core\memory.cpp:Memory::MemorySystem::Write:528: unmapped Write8 0x00000000 @ 0x00000A02 at PC 0x010F3548
[   6.361134] HW.Memory <Error> core\memory.cpp:Memory::MemorySystem::Write:528: unmapped Write8 0x00000000 @ 0x00000A03 at PC 0x010F3548
[   6.361134] HW.Memory <Error> core\memory.cpp:Memory::MemorySystem::Write:528: unmapped Write8 0x00000000 @ 0x00000A04 at PC 0x010F3548
[   6.361135] HW.Memory <Error> core\memory.cpp:Memory::MemorySystem::Write:528: unmapped Write8 0x00000000 @ 0x00000A05 at PC 0x010F3548
[   6.361135] HW.Memory <Error> core\memory.cpp:Memory::MemorySystem::Write:528: unmapped Write8 0x00000000 @ 0x00000A06 at PC 0x010F3548
[   6.361136] HW.Memory <Error> core\memory.cpp:Memory::MemorySystem::Write:528: unmapped Write8 0x00000000 @ 0x00000A07 at PC 0x010F3548
[   6.361137] HW.Memory <Error> core\memory.cpp:Memory::MemorySystem::Write:528: unmapped Write8 0x00000000 @ 0x00000A08 at PC 0x010F3548
[   6.361137] HW.Memory <Error> core\memory.cpp:Memory::MemorySystem::Write:528: unmapped Write8 0x00000000 @ 0x00000A09 at PC 0x010F3548
[   6.361138] HW.Memory <Error> core\memory.cpp:Memory::MemorySystem::Write:528: unmapped Write8 0x00000000 @ 0x00000A0A at PC 0x010F3548
[   6.361138] HW.Memory <Error> core\memory.cpp:Memory::MemorySystem::Write:528: unmapped Write8 0x00000000 @ 0x00000A0B at PC 0x010F3548
[   6.361139] HW.Memory <Error> core\memory.cpp:Memory::MemorySystem::Write:528: unmapped Write8 0x00000000 @ 0x00000A0C at PC 0x010F3548
[   6.361139] HW.Memory <Error> core\memory.cpp:Memory::MemorySystem::Write:528: unmapped Write8 0x00000000 @ 0x00000A0D at PC 0x010F3548
[   6.361140] HW.Memory <Error> core\memory.cpp:Memory::MemorySystem::Write:528: unmapped Write8 0x00000000 @ 0x00000A0E at PC 0x010F3548
[   6.361140] HW.Memory <Error> core\memory.cpp:Memory::MemorySystem::Write:528: unmapped Write8 0x00000000 @ 0x00000A0F at PC 0x010F3548
[   6.361141] HW.Memory <Error> core\memory.cpp:Memory::MemorySystem::Write:528: unmapped Write8 0x00000000 @ 0x00000A10 at PC 0x010F3548
[   6.361142] HW.Memory <Error> core\memory.cpp:Memory::MemorySystem::Write:528: unmapped Write8 0x00000000 @ 0x00000A11 at PC 0x010F3548
[   6.361142] HW.Memory <Error> core\memory.cpp:Memory::MemorySystem::Write:528: unmapped Write8 0x00000000 @ 0x00000A12 at PC 0x010F3548
[   6.361143] HW.Memory <Error> core\memory.cpp:Memory::MemorySystem::Write:528: unmapped Write8 0x00000000 @ 0x00000A13 at PC 0x010F3548
[   6.361143] HW.Memory <Error> core\memory.cpp:Memory::MemorySystem::Write:528: unmapped Write8 0x00000000 @ 0x00000A14 at PC 0x010F3548
[   6.361144] HW.Memory <Error> core\memory.cpp:Memory::MemorySystem::Write:528: unmapped Write8 0x00000000 @ 0x00000A15 at PC 0x010F3548
[   6.361144] HW.Memory <Error> core\memory.cpp:Memory::MemorySystem::Write:528: unmapped Write8 0x00000000 @ 0x00000A16 at PC 0x010F3548
[   6.361145] HW.Memory <Error> core\memory.cpp:Memory::MemorySystem::Write:528: unmapped Write8 0x00000000 @ 0x00000A17 at PC 0x010F3548
[   6.361145] HW.Memory <Error> core\memory.cpp:Memory::MemorySystem::Write:528: unmapped Write8 0x00000000 @ 0x00000A18 at PC 0x010F3548
[   6.361146] HW.Memory <Error> core\memory.cpp:Memory::MemorySystem::Write:528: unmapped Write8 0x00000000 @ 0x00000A19 at PC 0x010F3548
[   6.361147] HW.Memory <Error> core\memory.cpp:Memory::MemorySystem::Write:528: unmapped Write8 0x00000000 @ 0x00000A1A at PC 0x010F3548
[   6.361147] HW.Memory <Error> core\memory.cpp:Memory::MemorySystem::Write:528: unmapped Write8 0x00000000 @ 0x00000A1B at PC 0x010F3548
[   6.361148] HW.Memory <Error> core\memory.cpp:Memory::MemorySystem::Write:528: unmapped Write8 0x00000000 @ 0x00000A1C at PC 0x010F3548
[   6.361148] HW.Memory <Error> core\memory.cpp:Memory::MemorySystem::Write:528: unmapped Write8 0x00000000 @ 0x00000A1D at PC 0x010F3548
[   6.361149] HW.Memory <Error> core\memory.cpp:Memory::MemorySystem::Write:528: unmapped Write8 0x00000000 @ 0x00000A1E at PC 0x010F3548
[   6.361149] HW.Memory <Error> core\memory.cpp:Memory::MemorySystem::Write:528: unmapped Write8 0x00000000 @ 0x00000A1F at PC 0x010F3548
[   6.361150] HW.Memory <Error> core\memory.cpp:Memory::MemorySystem::Write:528: unmapped Write8 0x00000000 @ 0x00000A20 at PC 0x010F3548
[   6.361150] HW.Memory <Error> core\memory.cpp:Memory::MemorySystem::Write:528: unmapped Write8 0x00000000 @ 0x00000A21 at PC 0x010F3548
[   6.361151] HW.Memory <Error> core\memory.cpp:Memory::MemorySystem::Write:528: unmapped Write8 0x00000000 @ 0x00000A22 at PC 0x010F3548
[   6.361151] HW.Memory <Error> core\memory.cpp:Memory::MemorySystem::Write:528: unmapped Write8 0x00000000 @ 0x00000A23 at PC 0x010F3548
[   6.361152] HW.Memory <Error> core\memory.cpp:Memory::MemorySystem::Write:528: unmapped Write8 0x00000000 @ 0x00000A24 at PC 0x010F3548
[   6.361152] HW.Memory <Error> core\memory.cpp:Memory::MemorySystem::Write:528: unmapped Write8 0x00000000 @ 0x00000A25 at PC 0x010F3548
[   6.361153] HW.Memory <Error> core\memory.cpp:Memory::MemorySystem::Write:528: unmapped Write8 0x00000000 @ 0x00000A26 at PC 0x010F3548
[   6.361153] HW.Memory <Error> core\memory.cpp:Memory::MemorySystem::Write:528: unmapped Write8 0x00000000 @ 0x00000A27 at PC 0x010F3548
[   6.361154] HW.Memory <Error> core\memory.cpp:Memory::MemorySystem::Write:528: unmapped Write8 0x00000000 @ 0x00000A28 at PC 0x010F3548
[   6.361154] HW.Memory <Error> core\memory.cpp:Memory::MemorySystem::Write:528: unmapped Write8 0x00000000 @ 0x00000A29 at PC 0x010F3548
[   6.361155] HW.Memory <Error> core\memory.cpp:Memory::MemorySystem::Write:528: unmapped Write8 0x00000000 @ 0x00000A2A at PC 0x010F3548
[   6.361155] HW.Memory <Error> core\memory.cpp:Memory::MemorySystem::Write:528: unmapped Write8 0x00000000 @ 0x00000A2B at PC 0x010F3548
[   6.361156] HW.Memory <Error> core\memory.cpp:Memory::MemorySystem::Write:528: unmapped Write8 0x00000000 @ 0x00000A2C at PC 0x010F3548
[   6.361156] HW.Memory <Error> core\memory.cpp:Memory::MemorySystem::Write:528: unmapped Write8 0x00000000 @ 0x00000A2D at PC 0x010F3548
[   6.361157] HW.Memory <Error> core\memory.cpp:Memory::MemorySystem::Write:528: unmapped Write8 0x00000000 @ 0x00000A2E at PC 0x010F3548
[   6.361158] HW.Memory <Error> core\memory.cpp:Memory::MemorySystem::Write:528: unmapped Write8 0x00000000 @ 0x00000A2F at PC 0x010F3548
[   6.361158] HW.Memory <Error> core\memory.cpp:Memory::MemorySystem::Write:528: unmapped Write8 0x00000000 @ 0x00000A30 at PC 0x010F3548
[   6.361159] HW.Memory <Error> core\memory.cpp:Memory::MemorySystem::Write:528: unmapped Write8 0x00000000 @ 0x00000A31 at PC 0x010F3548
[   6.361159] HW.Memory <Error> core\memory.cpp:Memory::MemorySystem::Write:528: unmapped Write8 0x00000000 @ 0x00000A32 at PC 0x010F3548
[   6.361160] HW.Memory <Error> core\memory.cpp:Memory::MemorySystem::Write:528: unmapped Write8 0x00000000 @ 0x00000A33 at PC 0x010F3548
[   6.361160] HW.Memory <Error> core\memory.cpp:Memory::MemorySystem::Write:528: unmapped Write8 0x00000000 @ 0x00000A34 at PC 0x010F3548
[   6.361161] HW.Memory <Error> core\memory.cpp:Memory::MemorySystem::Write:528: unmapped Write8 0x00000000 @ 0x00000A35 at PC 0x010F3548
[   6.361161] HW.Memory <Error> core\memory.cpp:Memory::MemorySystem::Write:528: unmapped Write8 0x00000000 @ 0x00000A36 at PC 0x010F3548
[   6.361162] HW.Memory <Error> core\memory.cpp:Memory::MemorySystem::Write:528: unmapped Write8 0x00000000 @ 0x00000A37 at PC 0x010F3548
[   6.361162] HW.Memory <Error> core\memory.cpp:Memory::MemorySystem::Write:528: unmapped Write8 0x00000000 @ 0x00000A38 at PC 0x010F3548
[   6.361163] HW.Memory <Error> core\memory.cpp:Memory::MemorySystem::Write:528: unmapped Write8 0x00000000 @ 0x00000A39 at PC 0x010F3548
[   6.361163] HW.Memory <Error> core\memory.cpp:Memory::MemorySystem::Write:528: unmapped Write8 0x00000000 @ 0x00000A3A at PC 0x010F3548
[   6.361164] HW.Memory <Error> core\memory.cpp:Memory::MemorySystem::Write:528: unmapped Write8 0x00000000 @ 0x00000A3B at PC 0x010F3548
[   6.361165] HW.Memory <Error> core\memory.cpp:Memory::MemorySystem::Write:528: unmapped Write8 0x00000000 @ 0x00000A3C at PC 0x010F3548
[   6.361165] HW.Memory <Error> core\memory.cpp:Memory::MemorySystem::Write:528: unmapped Write8 0x00000000 @ 0x00000A3D at PC 0x010F3548
[   6.361166] HW.Memory <Error> core\memory.cpp:Memory::MemorySystem::Write:528: unmapped Write8 0x00000000 @ 0x00000A3E at PC 0x010F3548
[   6.361166] HW.Memory <Error> core\memory.cpp:Memory::MemorySystem::Write:528: unmapped Write8 0x00000000 @ 0x00000A3F at PC 0x010F3548
[   6.361167] HW.Memory <Error> core\memory.cpp:Memory::MemorySystem::Write:528: unmapped Write8 0x00000000 @ 0x00000A40 at PC 0x010F3548
[   6.361167] HW.Memory <Error> core\memory.cpp:Memory::MemorySystem::Write:528: unmapped Write8 0x00000000 @ 0x00000A41 at PC 0x010F3548
[   6.361168] HW.Memory <Error> core\memory.cpp:Memory::MemorySystem::Write:528: unmapped Write8 0x00000000 @ 0x00000A42 at PC 0x010F3548
[   6.361169] HW.Memory <Error> core\memory.cpp:Memory::MemorySystem::Write:528: unmapped Write8 0x00000000 @ 0x00000A43 at PC 0x010F3548
[   6.361169] HW.Memory <Error> core\memory.cpp:Memory::MemorySystem::Write:528: unmapped Write8 0x00000000 @ 0x00000A44 at PC 0x010F3548
[   6.361170] HW.Memory <Error> core\memory.cpp:Memory::MemorySystem::Write:528: unmapped Write8 0x00000000 @ 0x00000A45 at PC 0x010F3548
[   6.361170] HW.Memory <Error> core\memory.cpp:Memory::MemorySystem::Write:528: unmapped Write8 0x00000000 @ 0x00000A46 at PC 0x010F3548
[   6.361171] HW.Memory <Error> core\memory.cpp:Memory::MemorySystem::Write:528: unmapped Write8 0x00000000 @ 0x00000A47 at PC 0x010F3548
[   6.361171] HW.Memory <Error> core\memory.cpp:Memory::MemorySystem::Write:528: unmapped Write8 0x00000000 @ 0x00000A48 at PC 0x010F3548
[   6.361172] HW.Memory <Error> core\memory.cpp:Memory::MemorySystem::Write:528: unmapped Write8 0x00000000 @ 0x00000A49 at PC 0x010F3548
[   6.361172] HW.Memory <Error> core\memory.cpp:Memory::MemorySystem::Write:528: unmapped Write8 0x00000000 @ 0x00000A4A at PC 0x010F3548
[   6.361173] HW.Memory <Error> core\memory.cpp:Memory::MemorySystem::Write:528: unmapped Write8 0x00000000 @ 0x00000A4B at PC 0x010F3548
[   6.361173] HW.Memory <Error> core\memory.cpp:Memory::MemorySystem::Write:528: unmapped Write8 0x00000000 @ 0x00000A4C at PC 0x010F3548
[   6.361174] HW.Memory <Error> core\memory.cpp:Memory::MemorySystem::Write:528: unmapped Write8 0x00000000 @ 0x00000A4D at PC 0x010F3548
[   6.361175] HW.Memory <Error> core\memory.cpp:Memory::MemorySystem::Write:528: unmapped Write8 0x00000000 @ 0x00000A4E at PC 0x010F3548
[   6.361175] HW.Memory <Error> core\memory.cpp:Memory::MemorySystem::Write:528: unmapped Write8 0x00000000 @ 0x00000A4F at PC 0x010F3548
[   6.361176] HW.Memory <Error> core\memory.cpp:Memory::MemorySystem::Write:528: unmapped Write8 0x00000000 @ 0x00000A50 at PC 0x010F3548
[   6.361176] HW.Memory <Error> core\memory.cpp:Memory::MemorySystem::Write:528: unmapped Write8 0x00000000 @ 0x00000A51 at PC 0x010F3548
[   6.361177] HW.Memory <Error> core\memory.cpp:Memory::MemorySystem::Write:528: unmapped Write8 0x00000000 @ 0x00000A52 at PC 0x010F3548
[   6.361177] HW.Memory <Error> core\memory.cpp:Memory::MemorySystem::Write:528: unmapped Write8 0x00000000 @ 0x00000A53 at PC 0x010F3548
[   6.361178] HW.Memory <Error> core\memory.cpp:Memory::MemorySystem::Write:528: unmapped Write8 0x00000000 @ 0x00000A54 at PC 0x010F3548
[   6.361178] HW.Memory <Error> core\memory.cpp:Memory::MemorySystem::Write:528: unmapped Write8 0x00000000 @ 0x00000A55 at PC 0x010F3548
[   6.361179] HW.Memory <Error> core\memory.cpp:Memory::MemorySystem::Write:528: unmapped Write8 0x00000000 @ 0x00000A56 at PC 0x010F3548
[   6.361179] HW.Memory <Error> core\memory.cpp:Memory::MemorySystem::Write:528: unmapped Write8 0x00000000 @ 0x00000A57 at PC 0x010F3548
[   6.361180] HW.Memory <Error> core\memory.cpp:Memory::MemorySystem::Write:528: unmapped Write8 0x00000000 @ 0x00000A58 at PC 0x010F3548
[   6.361181] HW.Memory <Error> core\memory.cpp:Memory::MemorySystem::Write:528: unmapped Write8 0x00000000 @ 0x00000A59 at PC 0x010F3548
[   6.361181] HW.Memory <Error> core\memory.cpp:Memory::MemorySystem::Write:528: unmapped Write8 0x00000000 @ 0x00000A5A at PC 0x010F3548
[   6.361182] HW.Memory <Error> core\memory.cpp:Memory::MemorySystem::Write:528: unmapped Write8 0x00000000 @ 0x00000A5B at PC 0x010F3548
[   6.361182] HW.Memory <Error> core\memory.cpp:Memory::MemorySystem::Write:528: unmapped Write8 0x00000000 @ 0x00000A5C at PC 0x010F3548
[   6.361183] HW.Memory <Error> core\memory.cpp:Memory::MemorySystem::Write:528: unmapped Write8 0x00000000 @ 0x00000A5D at PC 0x010F3548
[   6.361183] HW.Memory <Error> core\memory.cpp:Memory::MemorySystem::Write:528: unmapped Write8 0x00000000 @ 0x00000A5E at PC 0x010F3548
[   6.361184] HW.Memory <Error> core\memory.cpp:Memory::MemorySystem::Write:528: unmapped Write8 0x00000000 @ 0x00000A5F at PC 0x010F3548
[   6.361184] HW.Memory <Error> core\memory.cpp:Memory::MemorySystem::Write:528: unmapped Write8 0x00000000 @ 0x00000A60 at PC 0x010F3548
[   6.361185] HW.Memory <Error> core\memory.cpp:Memory::MemorySystem::Write:528: unmapped Write8 0x00000000 @ 0x00000A61 at PC 0x010F3548
[   6.361185] HW.Memory <Error> core\memory.cpp:Memory::MemorySystem::Write:528: unmapped Write8 0x00000000 @ 0x00000A62 at PC 0x010F3548
[   6.361186] HW.Memory <Error> core\memory.cpp:Memory::MemorySystem::Write:528: unmapped Write8 0x00000000 @ 0x00000A63 at PC 0x010F3548
[   6.361186] HW.Memory <Error> core\memory.cpp:Memory::MemorySystem::Write:528: unmapped Write8 0x00000000 @ 0x00000A64 at PC 0x010F3548
[   6.361187] HW.Memory <Error> core\memory.cpp:Memory::MemorySystem::Write:528: unmapped Write8 0x00000000 @ 0x00000A65 at PC 0x010F3548
[   6.361187] HW.Memory <Error> core\memory.cpp:Memory::MemorySystem::Write:528: unmapped Write8 0x00000000 @ 0x00000A66 at PC 0x010F3548
[   6.361188] HW.Memory <Error> core\memory.cpp:Memory::MemorySystem::Write:528: unmapped Write8 0x00000000 @ 0x00000A67 at PC 0x010F3548
[   6.361188] HW.Memory <Error> core\memory.cpp:Memory::MemorySystem::Write:528: unmapped Write8 0x00000000 @ 0x00000A68 at PC 0x010F3548
[   6.361189] HW.Memory <Error> core\memory.cpp:Memory::MemorySystem::Write:528: unmapped Write8 0x00000000 @ 0x00000A69 at PC 0x010F3548
[   6.361189] HW.Memory <Error> core\memory.cpp:Memory::MemorySystem::Write:528: unmapped Write8 0x00000000 @ 0x00000A6A at PC 0x010F3548
[   6.361190] HW.Memory <Error> core\memory.cpp:Memory::MemorySystem::Write:528: unmapped Write8 0x00000000 @ 0x00000A6B at PC 0x010F3548
[   6.361190] HW.Memory <Error> core\memory.cpp:Memory::MemorySystem::Write:528: unmapped Write8 0x00000000 @ 0x00000A6C at PC 0x010F3548
[   6.361191] HW.Memory <Error> core\memory.cpp:Memory::MemorySystem::Write:528: unmapped Write8 0x00000000 @ 0x00000A6D at PC 0x010F3548
[   6.361192] HW.Memory <Error> core\memory.cpp:Memory::MemorySystem::Write:528: unmapped Write8 0x00000000 @ 0x00000A6E at PC 0x010F3548
[   6.361192] HW.Memory <Error> core\memory.cpp:Memory::MemorySystem::Write:528: unmapped Write8 0x00000000 @ 0x00000A6F at PC 0x010F3548
[   6.361193] HW.Memory <Error> core\memory.cpp:Memory::MemorySystem::Write:528: unmapped Write8 0x00000000 @ 0x00000A70 at PC 0x010F3548
[   6.361193] HW.Memory <Error> core\memory.cpp:Memory::MemorySystem::Write:528: unmapped Write8 0x00000000 @ 0x00000A71 at PC 0x010F3548
[   6.361194] HW.Memory <Error> core\memory.cpp:Memory::MemorySystem::Write:528: unmapped Write8 0x00000000 @ 0x00000A72 at PC 0x010F3548
[   6.361194] HW.Memory <Error> core\memory.cpp:Memory::MemorySystem::Write:528: unmapped Write8 0x00000000 @ 0x00000A73 at PC 0x010F3548
[   6.361195] HW.Memory <Error> core\memory.cpp:Memory::MemorySystem::Write:528: unmapped Write8 0x00000000 @ 0x00000A74 at PC 0x010F3548
[   6.361195] HW.Memory <Error> core\memory.cpp:Memory::MemorySystem::Write:528: unmapped Write8 0x00000000 @ 0x00000A75 at PC 0x010F3548
[   6.361196] HW.Memory <Error> core\memory.cpp:Memory::MemorySystem::Write:528: unmapped Write8 0x00000000 @ 0x00000A76 at PC 0x010F3548
[   6.361196] HW.Memory <Error> core\memory.cpp:Memory::MemorySystem::Write:528: unmapped Write8 0x00000000 @ 0x00000A77 at PC 0x010F3548
[   6.361197] HW.Memory <Error> core\memory.cpp:Memory::MemorySystem::Write:528: unmapped Write8 0x00000000 @ 0x00000A78 at PC 0x010F3548
[   6.361198] HW.Memory <Error> core\memory.cpp:Memory::MemorySystem::Write:528: unmapped Write8 0x00000000 @ 0x00000A79 at PC 0x010F3548
[   6.361198] HW.Memory <Error> core\memory.cpp:Memory::MemorySystem::Write:528: unmapped Write8 0x00000000 @ 0x00000A7A at PC 0x010F3548
[   6.361199] HW.Memory <Error> core\memory.cpp:Memory::MemorySystem::Write:528: unmapped Write8 0x00000000 @ 0x00000A7B at PC 0x010F3548
[   6.361199] HW.Memory <Error> core\memory.cpp:Memory::MemorySystem::Write:528: unmapped Write8 0x00000000 @ 0x00000A7C at PC 0x010F3548
[   6.361200] HW.Memory <Error> core\memory.cpp:Memory::MemorySystem::Write:528: unmapped Write8 0x00000000 @ 0x00000A7D at PC 0x010F3548
[   6.361200] HW.Memory <Error> core\memory.cpp:Memory::MemorySystem::Write:528: unmapped Write8 0x00000000 @ 0x00000A7E at PC 0x010F3548
[   6.361201] HW.Memory <Error> core\memory.cpp:Memory::MemorySystem::Write:528: unmapped Write8 0x00000000 @ 0x00000A7F at PC 0x010F3548
[   6.361201] HW.Memory <Error> core\memory.cpp:Memory::MemorySystem::Write:528: unmapped Write8 0x00000000 @ 0x00000A80 at PC 0x010F3548
[   6.361202] HW.Memory <Error> core\memory.cpp:Memory::MemorySystem::Write:528: unmapped Write8 0x00000000 @ 0x00000A81 at PC 0x010F3548
[   6.361203] HW.Memory <Error> core\memory.cpp:Memory::MemorySystem::Write:528: unmapped Write8 0x00000000 @ 0x00000A82 at PC 0x010F3548
[   6.361203] HW.Memory <Error> core\memory.cpp:Memory::MemorySystem::Write:528: unmapped Write8 0x00000000 @ 0x00000A83 at PC 0x010F3548
[   6.361204] HW.Memory <Error> core\memory.cpp:Memory::MemorySystem::Write:528: unmapped Write8 0x00000000 @ 0x00000A84 at PC 0x010F3548
[   6.361204] HW.Memory <Error> core\memory.cpp:Memory::MemorySystem::Write:528: unmapped Write8 0x00000000 @ 0x00000A85 at PC 0x010F3548
[   6.361205] HW.Memory <Error> core\memory.cpp:Memory::MemorySystem::Write:528: unmapped Write8 0x00000000 @ 0x00000A86 at PC 0x010F3548
[   6.361205] HW.Memory <Error> core\memory.cpp:Memory::MemorySystem::Write:528: unmapped Write8 0x00000000 @ 0x00000A87 at PC 0x010F3548
[   6.361206] HW.Memory <Error> core\memory.cpp:Memory::MemorySystem::Write:528: unmapped Write8 0x00000000 @ 0x00000A88 at PC 0x010F3548
[   6.361206] HW.Memory <Error> core\memory.cpp:Memory::MemorySystem::Write:528: unmapped Write8 0x00000000 @ 0x00000A89 at PC 0x010F3548
[   6.361207] HW.Memory <Error> core\memory.cpp:Memory::MemorySystem::Write:528: unmapped Write8 0x00000000 @ 0x00000A8A at PC 0x010F3548
[   6.361208] HW.Memory <Error> core\memory.cpp:Memory::MemorySystem::Write:528: unmapped Write8 0x00000000 @ 0x00000A8B at PC 0x010F3548
[   6.361209] HW.Memory <Error> core\memory.cpp:Memory::MemorySystem::Write:528: unmapped Write8 0x00000000 @ 0x00000A8C at PC 0x010F3548
[   6.361209] HW.Memory <Error> core\memory.cpp:Memory::MemorySystem::Write:528: unmapped Write8 0x00000000 @ 0x00000A8D at PC 0x010F3548
[   6.361210] HW.Memory <Error> core\memory.cpp:Memory::MemorySystem::Write:528: unmapped Write8 0x00000000 @ 0x00000A8E at PC 0x010F3548
[   6.361210] HW.Memory <Error> core\memory.cpp:Memory::MemorySystem::Write:528: unmapped Write8 0x00000000 @ 0x00000A8F at PC 0x010F3548
[   6.361211] HW.Memory <Error> core\memory.cpp:Memory::MemorySystem::Write:528: unmapped Write8 0x00000000 @ 0x00000A90 at PC 0x010F3548
[   6.361211] HW.Memory <Error> core\memory.cpp:Memory::MemorySystem::Write:528: unmapped Write8 0x00000000 @ 0x00000A91 at PC 0x010F3548
[   6.361212] HW.Memory <Error> core\memory.cpp:Memory::MemorySystem::Write:528: unmapped Write8 0x00000000 @ 0x00000A92 at PC 0x010F3548
[   6.361212] HW.Memory <Error> core\memory.cpp:Memory::MemorySystem::Write:528: unmapped Write8 0x00000000 @ 0x00000A93 at PC 0x010F3548
[   6.361213] HW.Memory <Error> core\memory.cpp:Memory::MemorySystem::Write:528: unmapped Write8 0x00000000 @ 0x00000A94 at PC 0x010F3548
[   6.361213] HW.Memory <Error> core\memory.cpp:Memory::MemorySystem::Write:528: unmapped Write8 0x00000000 @ 0x00000A95 at PC 0x010F3548
[   6.361214] HW.Memory <Error> core\memory.cpp:Memory::MemorySystem::Write:528: unmapped Write8 0x00000000 @ 0x00000A96 at PC 0x010F3548
[   6.361214] HW.Memory <Error> core\memory.cpp:Memory::MemorySystem::Write:528: unmapped Write8 0x00000000 @ 0x00000A97 at PC 0x010F3548
[   6.361215] HW.Memory <Error> core\memory.cpp:Memory::MemorySystem::Write:528: unmapped Write8 0x00000000 @ 0x00000A98 at PC 0x010F3548
[   6.361216] HW.Memory <Error> core\memory.cpp:Memory::MemorySystem::Write:528: unmapped Write8 0x00000000 @ 0x00000A99 at PC 0x010F3548
[   6.361216] HW.Memory <Error> core\memory.cpp:Memory::MemorySystem::Write:528: unmapped Write8 0x00000000 @ 0x00000A9A at PC 0x010F3548
[   6.361217] HW.Memory <Error> core\memory.cpp:Memory::MemorySystem::Write:528: unmapped Write8 0x00000000 @ 0x00000A9B at PC 0x010F3548
[   6.361217] HW.Memory <Error> core\memory.cpp:Memory::MemorySystem::Write:528: unmapped Write8 0x00000000 @ 0x00000A9C at PC 0x010F3548
[   6.361218] HW.Memory <Error> core\memory.cpp:Memory::MemorySystem::Write:528: unmapped Write8 0x00000000 @ 0x00000A9D at PC 0x010F3548
[   6.361218] HW.Memory <Error> core\memory.cpp:Memory::MemorySystem::Write:528: unmapped Write8 0x00000000 @ 0x00000A9E at PC 0x010F3548
[   6.361219] HW.Memory <Error> core\memory.cpp:Memory::MemorySystem::Write:528: unmapped Write8 0x00000000 @ 0x00000A9F at PC 0x010F3548
[   6.361219] HW.Memory <Error> core\memory.cpp:Memory::MemorySystem::Write:528: unmapped Write8 0x00000000 @ 0x00000AA0 at PC 0x010F3548
[   6.361220] HW.Memory <Error> core\memory.cpp:Memory::MemorySystem::Write:528: unmapped Write8 0x00000000 @ 0x00000AA1 at PC 0x010F3548
[   6.361220] HW.Memory <Error> core\memory.cpp:Memory::MemorySystem::Write:528: unmapped Write8 0x00000000 @ 0x00000AA2 at PC 0x010F3548
[   6.361221] HW.Memory <Error> core\memory.cpp:Memory::MemorySystem::Write:528: unmapped Write8 0x00000000 @ 0x00000AA3 at PC 0x010F3548
[   6.361222] HW.Memory <Error> core\memory.cpp:Memory::MemorySystem::Write:528: unmapped Write8 0x00000000 @ 0x00000AA4 at PC 0x010F3548
[   6.361222] HW.Memory <Error> core\memory.cpp:Memory::MemorySystem::Write:528: unmapped Write8 0x00000000 @ 0x00000AA5 at PC 0x010F3548
[   6.361223] HW.Memory <Error> core\memory.cpp:Memory::MemorySystem::Write:528: unmapped Write8 0x00000000 @ 0x00000AA6 at PC 0x010F3548
[   6.361223] HW.Memory <Error> core\memory.cpp:Memory::MemorySystem::Write:528: unmapped Write8 0x00000000 @ 0x00000AA7 at PC 0x010F3548
[   6.361224] HW.Memory <Error> core\memory.cpp:Memory::MemorySystem::Write:528: unmapped Write8 0x00000000 @ 0x00000AA8 at PC 0x010F3548
[   6.361224] HW.Memory <Error> core\memory.cpp:Memory::MemorySystem::Write:528: unmapped Write8 0x00000000 @ 0x00000AA9 at PC 0x010F3548
[   6.361225] HW.Memory <Error> core\memory.cpp:Memory::MemorySystem::Write:528: unmapped Write8 0x00000000 @ 0x00000AAA at PC 0x010F3548
[   6.361226] HW.Memory <Error> core\memory.cpp:Memory::MemorySystem::Write:528: unmapped Write8 0x00000000 @ 0x00000AAB at PC 0x010F3548
[   6.361226] HW.Memory <Error> core\memory.cpp:Memory::MemorySystem::Write:528: unmapped Write8 0x00000000 @ 0x00000AAC at PC 0x010F3548
[   6.361227] HW.Memory <Error> core\memory.cpp:Memory::MemorySystem::Write:528: unmapped Write8 0x00000000 @ 0x00000AAD at PC 0x010F3548
[   6.361227] HW.Memory <Error> core\memory.cpp:Memory::MemorySystem::Write:528: unmapped Write8 0x00000000 @ 0x00000AAE at PC 0x010F3548
[   6.361228] HW.Memory <Error> core\memory.cpp:Memory::MemorySystem::Write:528: unmapped Write8 0x00000000 @ 0x00000AAF at PC 0x010F3548
[   6.361228] HW.Memory <Error> core\memory.cpp:Memory::MemorySystem::Write:528: unmapped Write8 0x00000000 @ 0x00000AB0 at PC 0x010F3548
[   6.361229] HW.Memory <Error> core\memory.cpp:Memory::MemorySystem::Write:528: unmapped Write8 0x00000000 @ 0x00000AB1 at PC 0x010F3548
[   6.361229] HW.Memory <Error> core\memory.cpp:Memory::MemorySystem::Write:528: unmapped Write8 0x00000000 @ 0x00000AB2 at PC 0x010F3548
[   6.361230] HW.Memory <Error> core\memory.cpp:Memory::MemorySystem::Write:528: unmapped Write8 0x00000000 @ 0x00000AB3 at PC 0x010F3548
[   6.361230] HW.Memory <Error> core\memory.cpp:Memory::MemorySystem::Write:528: unmapped Write8 0x00000000 @ 0x00000AB4 at PC 0x010F3548
[   6.361231] HW.Memory <Error> core\memory.cpp:Memory::MemorySystem::Write:528: unmapped Write8 0x00000000 @ 0x00000AB5 at PC 0x010F3548
[   6.361231] HW.Memory <Error> core\memory.cpp:Memory::MemorySystem::Write:528: unmapped Write8 0x00000000 @ 0x00000AB6 at PC 0x010F3548
[   6.361232] HW.Memory <Error> core\memory.cpp:Memory::MemorySystem::Write:528: unmapped Write8 0x00000000 @ 0x00000AB7 at PC 0x010F3548
[   6.361232] HW.Memory <Error> core\memory.cpp:Memory::MemorySystem::Write:528: unmapped Write8 0x00000000 @ 0x00000AB8 at PC 0x010F3548
[   6.361233] HW.Memory <Error> core\memory.cpp:Memory::MemorySystem::Write:528: unmapped Write8 0x00000000 @ 0x00000AB9 at PC 0x010F3548
[   6.361233] HW.Memory <Error> core\memory.cpp:Memory::MemorySystem::Write:528: unmapped Write8 0x00000000 @ 0x00000ABA at PC 0x010F3548
[   6.361234] HW.Memory <Error> core\memory.cpp:Memory::MemorySystem::Write:528: unmapped Write8 0x00000000 @ 0x00000ABB at PC 0x010F3548
[   6.361234] HW.Memory <Error> core\memory.cpp:Memory::MemorySystem::Write:528: unmapped Write8 0x00000000 @ 0x00000ABC at PC 0x010F3548
[   6.361235] HW.Memory <Error> core\memory.cpp:Memory::MemorySystem::Write:528: unmapped Write8 0x00000000 @ 0x00000ABD at PC 0x010F3548
[   6.361235] HW.Memory <Error> core\memory.cpp:Memory::MemorySystem::Write:528: unmapped Write8 0x00000000 @ 0x00000ABE at PC 0x010F3548
[   6.361236] HW.Memory <Error> core\memory.cpp:Memory::MemorySystem::Write:528: unmapped Write8 0x00000000 @ 0x00000ABF at PC 0x010F3548
[   6.361237] HW.Memory <Error> core\memory.cpp:Memory::MemorySystem::Write:528: unmapped Write8 0x00000000 @ 0x00000AC0 at PC 0x010F3548
[   6.361237] HW.Memory <Error> core\memory.cpp:Memory::MemorySystem::Write:528: unmapped Write8 0x00000000 @ 0x00000AC1 at PC 0x010F3548
[   6.361238] HW.Memory <Error> core\memory.cpp:Memory::MemorySystem::Write:528: unmapped Write8 0x00000000 @ 0x00000AC2 at PC 0x010F3548
[   6.361238] HW.Memory <Error> core\memory.cpp:Memory::MemorySystem::Write:528: unmapped Write8 0x00000000 @ 0x00000AC3 at PC 0x010F3548
[   6.361239] HW.Memory <Error> core\memory.cpp:Memory::MemorySystem::Write:528: unmapped Write8 0x00000000 @ 0x00000AC4 at PC 0x010F3548
[   6.361240] HW.Memory <Error> core\memory.cpp:Memory::MemorySystem::Write:528: unmapped Write8 0x00000000 @ 0x00000AC5 at PC 0x010F3548
[   6.361240] HW.Memory <Error> core\memory.cpp:Memory::MemorySystem::Write:528: unmapped Write8 0x00000000 @ 0x00000AC6 at PC 0x010F3548
[   6.361241] HW.Memory <Error> core\memory.cpp:Memory::MemorySystem::Write:528: unmapped Write8 0x00000000 @ 0x00000AC7 at PC 0x010F3548
[   6.361241] HW.Memory <Error> core\memory.cpp:Memory::MemorySystem::Write:528: unmapped Write8 0x00000000 @ 0x00000AC8 at PC 0x010F3548
[   6.361242] HW.Memory <Error> core\memory.cpp:Memory::MemorySystem::Write:528: unmapped Write8 0x00000000 @ 0x00000AC9 at PC 0x010F3548
[   6.361242] HW.Memory <Error> core\memory.cpp:Memory::MemorySystem::Write:528: unmapped Write8 0x00000000 @ 0x00000ACA at PC 0x010F3548
[   6.361243] HW.Memory <Error> core\memory.cpp:Memory::MemorySystem::Write:528: unmapped Write8 0x00000000 @ 0x00000ACB at PC 0x010F3548
[   6.361244] HW.Memory <Error> core\memory.cpp:Memory::MemorySystem::Write:528: unmapped Write8 0x00000000 @ 0x00000ACC at PC 0x010F3548
[   6.361244] HW.Memory <Error> core\memory.cpp:Memory::MemorySystem::Write:528: unmapped Write8 0x00000000 @ 0x00000ACD at PC 0x010F3548
[   6.361245] HW.Memory <Error> core\memory.cpp:Memory::MemorySystem::Write:528: unmapped Write8 0x00000000 @ 0x00000ACE at PC 0x010F3548
[   6.361246] HW.Memory <Error> core\memory.cpp:Memory::MemorySystem::Write:528: unmapped Write8 0x00000000 @ 0x00000ACF at PC 0x010F3548
[   6.361246] HW.Memory <Error> core\memory.cpp:Memory::MemorySystem::Write:528: unmapped Write8 0x00000000 @ 0x00000AD0 at PC 0x010F3548
[   6.361247] HW.Memory <Error> core\memory.cpp:Memory::MemorySystem::Write:528: unmapped Write8 0x00000000 @ 0x00000AD1 at PC 0x010F3548
[   6.361247] HW.Memory <Error> core\memory.cpp:Memory::MemorySystem::Write:528: unmapped Write8 0x00000000 @ 0x00000AD2 at PC 0x010F3548
[   6.361248] HW.Memory <Error> core\memory.cpp:Memory::MemorySystem::Write:528: unmapped Write8 0x00000000 @ 0x00000AD3 at PC 0x010F3548
[   6.361248] HW.Memory <Error> core\memory.cpp:Memory::MemorySystem::Write:528: unmapped Write8 0x00000000 @ 0x00000AD4 at PC 0x010F3548
[   6.361249] HW.Memory <Error> core\memory.cpp:Memory::MemorySystem::Write:528: unmapped Write8 0x00000000 @ 0x00000AD5 at PC 0x010F3548
[   6.361249] HW.Memory <Error> core\memory.cpp:Memory::MemorySystem::Write:528: unmapped Write8 0x00000000 @ 0x00000AD6 at PC 0x010F3548
[   6.361250] HW.Memory <Error> core\memory.cpp:Memory::MemorySystem::Write:528: unmapped Write8 0x00000000 @ 0x00000AD7 at PC 0x010F3548
[   6.361251] HW.Memory <Error> core\memory.cpp:Memory::MemorySystem::Write:528: unmapped Write8 0x00000000 @ 0x00000AD8 at PC 0x010F3548
[   6.361251] HW.Memory <Error> core\memory.cpp:Memory::MemorySystem::Write:528: unmapped Write8 0x00000000 @ 0x00000AD9 at PC 0x010F3548
[   6.361252] HW.Memory <Error> core\memory.cpp:Memory::MemorySystem::Write:528: unmapped Write8 0x00000000 @ 0x00000ADA at PC 0x010F3548
[   6.361252] HW.Memory <Error> core\memory.cpp:Memory::MemorySystem::Write:528: unmapped Write8 0x00000000 @ 0x00000ADB at PC 0x010F3548
[   6.361253] HW.Memory <Error> core\memory.cpp:Memory::MemorySystem::Write:528: unmapped Write8 0x00000000 @ 0x00000ADC at PC 0x010F3548
[   6.361254] HW.Memory <Error> core\memory.cpp:Memory::MemorySystem::Write:528: unmapped Write8 0x00000000 @ 0x00000ADD at PC 0x010F3548
[   6.361254] HW.Memory <Error> core\memory.cpp:Memory::MemorySystem::Write:528: unmapped Write8 0x00000000 @ 0x00000ADE at PC 0x010F3548
[   6.361255] HW.Memory <Error> core\memory.cpp:Memory::MemorySystem::Write:528: unmapped Write8 0x00000000 @ 0x00000ADF at PC 0x010F3548
[   6.361255] HW.Memory <Error> core\memory.cpp:Memory::MemorySystem::Write:528: unmapped Write8 0x00000000 @ 0x00000AE0 at PC 0x010F3548
[   6.361256] HW.Memory <Error> core\memory.cpp:Memory::MemorySystem::Write:528: unmapped Write8 0x00000000 @ 0x00000AE1 at PC 0x010F3548
[   6.361256] HW.Memory <Error> core\memory.cpp:Memory::MemorySystem::Write:528: unmapped Write8 0x00000000 @ 0x00000AE2 at PC 0x010F3548
[   6.361257] HW.Memory <Error> core\memory.cpp:Memory::MemorySystem::Write:528: unmapped Write8 0x00000000 @ 0x00000AE3 at PC 0x010F3548
[   6.361257] HW.Memory <Error> core\memory.cpp:Memory::MemorySystem::Write:528: unmapped Write8 0x00000000 @ 0x00000AE4 at PC 0x010F3548
[   6.361258] HW.Memory <Error> core\memory.cpp:Memory::MemorySystem::Write:528: unmapped Write8 0x00000000 @ 0x00000AE5 at PC 0x010F3548
[   6.361258] HW.Memory <Error> core\memory.cpp:Memory::MemorySystem::Write:528: unmapped Write8 0x00000000 @ 0x00000AE6 at PC 0x010F3548
[   6.361259] HW.Memory <Error> core\memory.cpp:Memory::MemorySystem::Write:528: unmapped Write8 0x00000000 @ 0x00000AE7 at PC 0x010F3548
[   6.361259] HW.Memory <Error> core\memory.cpp:Memory::MemorySystem::Write:528: unmapped Write8 0x00000000 @ 0x00000AE8 at PC 0x010F3548
[   6.361260] HW.Memory <Error> core\memory.cpp:Memory::MemorySystem::Write:528: unmapped Write8 0x00000000 @ 0x00000AE9 at PC 0x010F3548
[   6.361260] HW.Memory <Error> core\memory.cpp:Memory::MemorySystem::Write:528: unmapped Write8 0x00000000 @ 0x00000AEA at PC 0x010F3548
[   6.361261] HW.Memory <Error> core\memory.cpp:Memory::MemorySystem::Write:528: unmapped Write8 0x00000000 @ 0x00000AEB at PC 0x010F3548
[   6.361262] HW.Memory <Error> core\memory.cpp:Memory::MemorySystem::Write:528: unmapped Write8 0x00000000 @ 0x00000AEC at PC 0x010F3548
[   6.361262] HW.Memory <Error> core\memory.cpp:Memory::MemorySystem::Write:528: unmapped Write8 0x00000000 @ 0x00000AED at PC 0x010F3548
[   6.361263] HW.Memory <Error> core\memory.cpp:Memory::MemorySystem::Write:528: unmapped Write8 0x00000000 @ 0x00000AEE at PC 0x010F3548
[   6.361263] HW.Memory <Error> core\memory.cpp:Memory::MemorySystem::Write:528: unmapped Write8 0x00000000 @ 0x00000AEF at PC 0x010F3548
[   6.361264] HW.Memory <Error> core\memory.cpp:Memory::MemorySystem::Write:528: unmapped Write8 0x00000000 @ 0x00000AF0 at PC 0x010F3548
[   6.361264] HW.Memory <Error> core\memory.cpp:Memory::MemorySystem::Write:528: unmapped Write8 0x00000000 @ 0x00000AF1 at PC 0x010F3548
[   6.361265] HW.Memory <Error> core\memory.cpp:Memory::MemorySystem::Write:528: unmapped Write8 0x00000000 @ 0x00000AF2 at PC 0x010F3548
[   6.361265] HW.Memory <Error> core\memory.cpp:Memory::MemorySystem::Write:528: unmapped Write8 0x00000000 @ 0x00000AF3 at PC 0x010F3548
[   6.361266] HW.Memory <Error> core\memory.cpp:Memory::MemorySystem::Write:528: unmapped Write8 0x00000000 @ 0x00000AF4 at PC 0x010F3548
[   6.361266] HW.Memory <Error> core\memory.cpp:Memory::MemorySystem::Write:528: unmapped Write8 0x00000000 @ 0x00000AF5 at PC 0x010F3548
[   6.361267] HW.Memory <Error> core\memory.cpp:Memory::MemorySystem::Write:528: unmapped Write8 0x00000000 @ 0x00000AF6 at PC 0x010F3548
[   6.361267] HW.Memory <Error> core\memory.cpp:Memory::MemorySystem::Write:528: unmapped Write8 0x00000000 @ 0x00000AF7 at PC 0x010F3548
[   6.361268] HW.Memory <Error> core\memory.cpp:Memory::MemorySystem::Write:528: unmapped Write8 0x00000000 @ 0x00000AF8 at PC 0x010F3548
[   6.361268] HW.Memory <Error> core\memory.cpp:Memory::MemorySystem::Write:528: unmapped Write8 0x00000000 @ 0x00000AF9 at PC 0x010F3548
[   6.361269] HW.Memory <Error> core\memory.cpp:Memory::MemorySystem::Write:528: unmapped Write8 0x00000000 @ 0x00000AFA at PC 0x010F3548
[   6.361269] HW.Memory <Error> core\memory.cpp:Memory::MemorySystem::Write:528: unmapped Write8 0x00000000 @ 0x00000AFB at PC 0x010F3548
[   6.361270] HW.Memory <Error> core\memory.cpp:Memory::MemorySystem::Write:528: unmapped Write8 0x00000000 @ 0x00000AFC at PC 0x010F3548
[   6.361270] HW.Memory <Error> core\memory.cpp:Memory::MemorySystem::Write:528: unmapped Write8 0x00000000 @ 0x00000AFD at PC 0x010F3548
[   6.361271] HW.Memory <Error> core\memory.cpp:Memory::MemorySystem::Write:528: unmapped Write8 0x00000000 @ 0x00000AFE at PC 0x010F3548
[   6.361271] HW.Memory <Error> core\memory.cpp:Memory::MemorySystem::Write:528: unmapped Write8 0x00000000 @ 0x00000AFF at PC 0x010F3548
[   6.361272] HW.Memory <Error> core\memory.cpp:Memory::MemorySystem::Write:528: unmapped Write8 0x00000000 @ 0x00000B00 at PC 0x010F3548
[   6.361272] HW.Memory <Error> core\memory.cpp:Memory::MemorySystem::Write:528: unmapped Write8 0x00000000 @ 0x00000B01 at PC 0x010F3548
[   6.361273] HW.Memory <Error> core\memory.cpp:Memory::MemorySystem::Write:528: unmapped Write8 0x00000000 @ 0x00000B02 at PC 0x010F3548
[   6.361274] HW.Memory <Error> core\memory.cpp:Memory::MemorySystem::Write:528: unmapped Write8 0x00000000 @ 0x00000B03 at PC 0x010F3548
[   6.361274] HW.Memory <Error> core\memory.cpp:Memory::MemorySystem::Write:528: unmapped Write8 0x00000000 @ 0x00000B04 at PC 0x010F3548
[   6.361275] HW.Memory <Error> core\memory.cpp:Memory::MemorySystem::Write:528: unmapped Write8 0x00000000 @ 0x00000B05 at PC 0x010F3548
[   6.361275] HW.Memory <Error> core\memory.cpp:Memory::MemorySystem::Write:528: unmapped Write8 0x00000000 @ 0x00000B06 at PC 0x010F3548
[   6.361276] HW.Memory <Error> core\memory.cpp:Memory::MemorySystem::Write:528: unmapped Write8 0x00000000 @ 0x00000B07 at PC 0x010F3548
[   6.361276] HW.Memory <Error> core\memory.cpp:Memory::MemorySystem::Write:528: unmapped Write8 0x00000000 @ 0x00000B08 at PC 0x010F3548
[   6.361277] HW.Memory <Error> core\memory.cpp:Memory::MemorySystem::Write:528: unmapped Write8 0x00000000 @ 0x00000B09 at PC 0x010F3548
[   6.361278] HW.Memory <Error> core\memory.cpp:Memory::MemorySystem::Write:528: unmapped Write8 0x00000000 @ 0x00000B0A at PC 0x010F3548
[   6.361278] HW.Memory <Error> core\memory.cpp:Memory::MemorySystem::Write:528: unmapped Write8 0x00000000 @ 0x00000B0B at PC 0x010F3548
[   6.361279] HW.Memory <Error> core\memory.cpp:Memory::MemorySystem::Write:528: unmapped Write8 0x00000000 @ 0x00000B0C at PC 0x010F3548
[   6.361279] HW.Memory <Error> core\memory.cpp:Memory::MemorySystem::Write:528: unmapped Write8 0x00000000 @ 0x00000B0D at PC 0x010F3548
[   6.361280] HW.Memory <Error> core\memory.cpp:Memory::MemorySystem::Write:528: unmapped Write8 0x00000000 @ 0x00000B0E at PC 0x010F3548
[   6.361280] HW.Memory <Error> core\memory.cpp:Memory::MemorySystem::Write:528: unmapped Write8 0x00000000 @ 0x00000B0F at PC 0x010F3548
[   6.361281] HW.Memory <Error> core\memory.cpp:Memory::MemorySystem::Write:528: unmapped Write8 0x00000000 @ 0x00000B10 at PC 0x010F3548
[   6.361282] HW.Memory <Error> core\memory.cpp:Memory::MemorySystem::Write:528: unmapped Write8 0x00000000 @ 0x00000B11 at PC 0x010F3548
[   6.361282] HW.Memory <Error> core\memory.cpp:Memory::MemorySystem::Write:528: unmapped Write8 0x00000000 @ 0x00000B12 at PC 0x010F3548
[   6.361283] HW.Memory <Error> core\memory.cpp:Memory::MemorySystem::Write:528: unmapped Write8 0x00000000 @ 0x00000B13 at PC 0x010F3548
[   6.361284] HW.Memory <Error> core\memory.cpp:Memory::MemorySystem::Write:528: unmapped Write8 0x00000000 @ 0x00000B14 at PC 0x010F3548
[   6.361284] HW.Memory <Error> core\memory.cpp:Memory::MemorySystem::Write:528: unmapped Write8 0x00000000 @ 0x00000B15 at PC 0x010F3548
[   6.361285] HW.Memory <Error> core\memory.cpp:Memory::MemorySystem::Write:528: unmapped Write8 0x00000000 @ 0x00000B16 at PC 0x010F3548
[   6.361285] HW.Memory <Error> core\memory.cpp:Memory::MemorySystem::Write:528: unmapped Write8 0x00000000 @ 0x00000B17 at PC 0x010F3548
[   6.361286] HW.Memory <Error> core\memory.cpp:Memory::MemorySystem::Write:528: unmapped Write8 0x00000000 @ 0x00000B18 at PC 0x010F3548
[   6.361286] HW.Memory <Error> core\memory.cpp:Memory::MemorySystem::Write:528: unmapped Write8 0x00000000 @ 0x00000B19 at PC 0x010F3548
[   6.361287] HW.Memory <Error> core\memory.cpp:Memory::MemorySystem::Write:528: unmapped Write8 0x00000000 @ 0x00000B1A at PC 0x010F3548
[   6.361287] HW.Memory <Error> core\memory.cpp:Memory::MemorySystem::Write:528: unmapped Write8 0x00000000 @ 0x00000B1B at PC 0x010F3548
[   6.361288] HW.Memory <Error> core\memory.cpp:Memory::MemorySystem::Write:528: unmapped Write8 0x00000000 @ 0x00000B1C at PC 0x010F3548
[   6.361289] HW.Memory <Error> core\memory.cpp:Memory::MemorySystem::Write:528: unmapped Write8 0x00000000 @ 0x00000B1D at PC 0x010F3548
[   6.361289] HW.Memory <Error> core\memory.cpp:Memory::MemorySystem::Write:528: unmapped Write8 0x00000000 @ 0x00000B1E at PC 0x010F3548
[   6.361290] HW.Memory <Error> core\memory.cpp:Memory::MemorySystem::Write:528: unmapped Write8 0x00000000 @ 0x00000B1F at PC 0x010F3548
[   6.361290] HW.Memory <Error> core\memory.cpp:Memory::MemorySystem::Write:528: unmapped Write8 0x00000000 @ 0x00000B20 at PC 0x010F3548
[   6.361291] HW.Memory <Error> core\memory.cpp:Memory::MemorySystem::Write:528: unmapped Write8 0x00000000 @ 0x00000B21 at PC 0x010F3548
[   6.361291] HW.Memory <Error> core\memory.cpp:Memory::MemorySystem::Write:528: unmapped Write8 0x00000000 @ 0x00000B22 at PC 0x010F3548
[   6.361292] HW.Memory <Error> core\memory.cpp:Memory::MemorySystem::Write:528: unmapped Write8 0x00000000 @ 0x00000B23 at PC 0x010F3548
[   6.361292] HW.Memory <Error> core\memory.cpp:Memory::MemorySystem::Write:528: unmapped Write8 0x00000000 @ 0x00000B24 at PC 0x010F3548
[   6.361293] HW.Memory <Error> core\memory.cpp:Memory::MemorySystem::Write:528: unmapped Write8 0x00000000 @ 0x00000B25 at PC 0x010F3548
[   6.361294] HW.Memory <Error> core\memory.cpp:Memory::MemorySystem::Write:528: unmapped Write8 0x00000000 @ 0x00000B26 at PC 0x010F3548
[   6.361294] HW.Memory <Error> core\memory.cpp:Memory::MemorySystem::Write:528: unmapped Write8 0x00000000 @ 0x00000B27 at PC 0x010F3548
[   6.361295] HW.Memory <Error> core\memory.cpp:Memory::MemorySystem::Write:528: unmapped Write8 0x00000000 @ 0x00000B28 at PC 0x010F3548
[   6.361295] HW.Memory <Error> core\memory.cpp:Memory::MemorySystem::Write:528: unmapped Write8 0x00000000 @ 0x00000B29 at PC 0x010F3548
[   6.361296] HW.Memory <Error> core\memory.cpp:Memory::MemorySystem::Write:528: unmapped Write8 0x00000000 @ 0x00000B2A at PC 0x010F3548
[   6.361296] HW.Memory <Error> core\memory.cpp:Memory::MemorySystem::Write:528: unmapped Write8 0x00000000 @ 0x00000B2B at PC 0x010F3548
[   6.361297] HW.Memory <Error> core\memory.cpp:Memory::MemorySystem::Write:528: unmapped Write8 0x00000000 @ 0x00000B2C at PC 0x010F3548
[   6.361297] HW.Memory <Error> core\memory.cpp:Memory::MemorySystem::Write:528: unmapped Write8 0x00000000 @ 0x00000B2D at PC 0x010F3548
[   6.361298] HW.Memory <Error> core\memory.cpp:Memory::MemorySystem::Write:528: unmapped Write8 0x00000000 @ 0x00000B2E at PC 0x010F3548
[   6.361298] HW.Memory <Error> core\memory.cpp:Memory::MemorySystem::Write:528: unmapped Write8 0x00000000 @ 0x00000B2F at PC 0x010F3548
[   6.361299] HW.Memory <Error> core\memory.cpp:Memory::MemorySystem::Write:528: unmapped Write8 0x00000000 @ 0x00000B30 at PC 0x010F3548
[   6.361300] HW.Memory <Error> core\memory.cpp:Memory::MemorySystem::Write:528: unmapped Write8 0x00000000 @ 0x00000B31 at PC 0x010F3548
[   6.361300] HW.Memory <Error> core\memory.cpp:Memory::MemorySystem::Write:528: unmapped Write8 0x00000000 @ 0x00000B32 at PC 0x010F3548
[   6.361301] HW.Memory <Error> core\memory.cpp:Memory::MemorySystem::Write:528: unmapped Write8 0x00000000 @ 0x00000B33 at PC 0x010F3548
[   6.361301] HW.Memory <Error> core\memory.cpp:Memory::MemorySystem::Write:528: unmapped Write8 0x00000000 @ 0x00000B34 at PC 0x010F3548
[   6.361302] HW.Memory <Error> core\memory.cpp:Memory::MemorySystem::Write:528: unmapped Write8 0x00000000 @ 0x00000B35 at PC 0x010F3548
[   6.361302] HW.Memory <Error> core\memory.cpp:Memory::MemorySystem::Write:528: unmapped Write8 0x00000000 @ 0x00000B36 at PC 0x010F3548
[   6.361303] HW.Memory <Error> core\memory.cpp:Memory::MemorySystem::Write:528: unmapped Write8 0x00000000 @ 0x00000B37 at PC 0x010F3548
[   6.361303] HW.Memory <Error> core\memory.cpp:Memory::MemorySystem::Write:528: unmapped Write8 0x00000000 @ 0x00000B38 at PC 0x010F3548
[   6.361304] HW.Memory <Error> core\memory.cpp:Memory::MemorySystem::Write:528: unmapped Write8 0x00000000 @ 0x00000B39 at PC 0x010F3548
[   6.361304] HW.Memory <Error> core\memory.cpp:Memory::MemorySystem::Write:528: unmapped Write8 0x00000000 @ 0x00000B3A at PC 0x010F3548
[   6.361305] HW.Memory <Error> core\memory.cpp:Memory::MemorySystem::Write:528: unmapped Write8 0x00000000 @ 0x00000B3B at PC 0x010F3548
[   6.361305] HW.Memory <Error> core\memory.cpp:Memory::MemorySystem::Write:528: unmapped Write8 0x00000000 @ 0x00000B3C at PC 0x010F3548
[   6.361306] HW.Memory <Error> core\memory.cpp:Memory::MemorySystem::Write:528: unmapped Write8 0x00000000 @ 0x00000B3D at PC 0x010F3548
[   6.361306] HW.Memory <Error> core\memory.cpp:Memory::MemorySystem::Write:528: unmapped Write8 0x00000000 @ 0x00000B3E at PC 0x010F3548
[   6.361307] HW.Memory <Error> core\memory.cpp:Memory::MemorySystem::Write:528: unmapped Write8 0x00000000 @ 0x00000B3F at PC 0x010F3548
[   6.361308] HW.Memory <Error> core\memory.cpp:Memory::MemorySystem::Write:528: unmapped Write8 0x00000000 @ 0x00000B40 at PC 0x010F3548
[   6.361308] HW.Memory <Error> core\memory.cpp:Memory::MemorySystem::Write:528: unmapped Write8 0x00000000 @ 0x00000B41 at PC 0x010F3548
[   6.361309] HW.Memory <Error> core\memory.cpp:Memory::MemorySystem::Write:528: unmapped Write8 0x00000000 @ 0x00000B42 at PC 0x010F3548
[   6.361310] HW.Memory <Error> core\memory.cpp:Memory::MemorySystem::Write:528: unmapped Write8 0x00000000 @ 0x00000B43 at PC 0x010F3548
[   6.361310] HW.Memory <Error> core\memory.cpp:Memory::MemorySystem::Write:528: unmapped Write8 0x00000000 @ 0x00000B44 at PC 0x010F3548
[   6.361311] HW.Memory <Error> core\memory.cpp:Memory::MemorySystem::Write:528: unmapped Write8 0x00000000 @ 0x00000B45 at PC 0x010F3548
[   6.361311] HW.Memory <Error> core\memory.cpp:Memory::MemorySystem::Write:528: unmapped Write8 0x00000000 @ 0x00000B46 at PC 0x010F3548
[   6.361312] HW.Memory <Error> core\memory.cpp:Memory::MemorySystem::Write:528: unmapped Write8 0x00000000 @ 0x00000B47 at PC 0x010F3548
[   6.361313] HW.Memory <Error> core\memory.cpp:Memory::MemorySystem::Write:528: unmapped Write8 0x00000000 @ 0x00000B48 at PC 0x010F3548
[   6.361313] HW.Memory <Error> core\memory.cpp:Memory::MemorySystem::Write:528: unmapped Write8 0x00000000 @ 0x00000B49 at PC 0x010F3548
[   6.361314] HW.Memory <Error> core\memory.cpp:Memory::MemorySystem::Write:528: unmapped Write8 0x00000000 @ 0x00000B4A at PC 0x010F3548
[   6.361314] HW.Memory <Error> core\memory.cpp:Memory::MemorySystem::Write:528: unmapped Write8 0x00000000 @ 0x00000B4B at PC 0x010F3548
[   6.361315] HW.Memory <Error> core\memory.cpp:Memory::MemorySystem::Write:528: unmapped Write8 0x00000000 @ 0x00000B4C at PC 0x010F3548
[   6.361315] HW.Memory <Error> core\memory.cpp:Memory::MemorySystem::Write:528: unmapped Write8 0x00000000 @ 0x00000B4D at PC 0x010F3548
[   6.361316] HW.Memory <Error> core\memory.cpp:Memory::MemorySystem::Write:528: unmapped Write8 0x00000000 @ 0x00000B4E at PC 0x010F3548
[   6.361317] HW.Memory <Error> core\memory.cpp:Memory::MemorySystem::Write:528: unmapped Write8 0x00000000 @ 0x00000B4F at PC 0x010F3548
[   6.361317] HW.Memory <Error> core\memory.cpp:Memory::MemorySystem::Write:528: unmapped Write8 0x00000000 @ 0x00000B50 at PC 0x010F3548
[   6.361318] HW.Memory <Error> core\memory.cpp:Memory::MemorySystem::Write:528: unmapped Write8 0x00000000 @ 0x00000B51 at PC 0x010F3548
[   6.361318] HW.Memory <Error> core\memory.cpp:Memory::MemorySystem::Write:528: unmapped Write8 0x00000000 @ 0x00000B52 at PC 0x010F3548
[   6.361319] HW.Memory <Error> core\memory.cpp:Memory::MemorySystem::Write:528: unmapped Write8 0x00000000 @ 0x00000B53 at PC 0x010F3548
[   6.361319] HW.Memory <Error> core\memory.cpp:Memory::MemorySystem::Write:528: unmapped Write8 0x00000000 @ 0x00000B54 at PC 0x010F3548
[   6.361320] HW.Memory <Error> core\memory.cpp:Memory::MemorySystem::Write:528: unmapped Write8 0x00000000 @ 0x00000B55 at PC 0x010F3548
[   6.361320] HW.Memory <Error> core\memory.cpp:Memory::MemorySystem::Write:528: unmapped Write8 0x00000000 @ 0x00000B56 at PC 0x010F3548
[   6.361321] HW.Memory <Error> core\memory.cpp:Memory::MemorySystem::Write:528: unmapped Write8 0x00000000 @ 0x00000B57 at PC 0x010F3548
[   6.361321] HW.Memory <Error> core\memory.cpp:Memory::MemorySystem::Write:528: unmapped Write8 0x00000000 @ 0x00000B58 at PC 0x010F3548
[   6.361322] HW.Memory <Error> core\memory.cpp:Memory::MemorySystem::Write:528: unmapped Write8 0x00000000 @ 0x00000B59 at PC 0x010F3548
[   6.361323] HW.Memory <Error> core\memory.cpp:Memory::MemorySystem::Write:528: unmapped Write8 0x00000000 @ 0x00000B5A at PC 0x010F3548
[   6.361323] HW.Memory <Error> core\memory.cpp:Memory::MemorySystem::Write:528: unmapped Write8 0x00000000 @ 0x00000B5B at PC 0x010F3548
[   6.361324] HW.Memory <Error> core\memory.cpp:Memory::MemorySystem::Write:528: unmapped Write8 0x00000000 @ 0x00000B5C at PC 0x010F3548
[   6.361324] HW.Memory <Error> core\memory.cpp:Memory::MemorySystem::Write:528: unmapped Write8 0x00000000 @ 0x00000B5D at PC 0x010F3548
[   6.361325] HW.Memory <Error> core\memory.cpp:Memory::MemorySystem::Write:528: unmapped Write8 0x00000000 @ 0x00000B5E at PC 0x010F3548
[   6.361325] HW.Memory <Error> core\memory.cpp:Memory::MemorySystem::Write:528: unmapped Write8 0x00000000 @ 0x00000B5F at PC 0x010F3548
[   6.361326] HW.Memory <Error> core\memory.cpp:Memory::MemorySystem::Write:528: unmapped Write8 0x00000000 @ 0x00000B60 at PC 0x010F3548
[   6.361326] HW.Memory <Error> core\memory.cpp:Memory::MemorySystem::Write:528: unmapped Write8 0x00000000 @ 0x00000B61 at PC 0x010F3548
[   6.361327] HW.Memory <Error> core\memory.cpp:Memory::MemorySystem::Write:528: unmapped Write8 0x00000000 @ 0x00000B62 at PC 0x010F3548
[   6.361327] HW.Memory <Error> core\memory.cpp:Memory::MemorySystem::Write:528: unmapped Write8 0x00000000 @ 0x00000B63 at PC 0x010F3548
[   6.361328] HW.Memory <Error> core\memory.cpp:Memory::MemorySystem::Write:528: unmapped Write8 0x00000000 @ 0x00000B64 at PC 0x010F3548
[   6.361328] HW.Memory <Error> core\memory.cpp:Memory::MemorySystem::Write:528: unmapped Write8 0x00000000 @ 0x00000B65 at PC 0x010F3548
[   6.361329] HW.Memory <Error> core\memory.cpp:Memory::MemorySystem::Write:528: unmapped Write8 0x00000000 @ 0x00000B66 at PC 0x010F3548
[   6.361330] HW.Memory <Error> core\memory.cpp:Memory::MemorySystem::Write:528: unmapped Write8 0x00000000 @ 0x00000B67 at PC 0x010F3548
[   6.361330] HW.Memory <Error> core\memory.cpp:Memory::MemorySystem::Write:528: unmapped Write8 0x00000000 @ 0x00000B68 at PC 0x010F3548
[   6.361331] HW.Memory <Error> core\memory.cpp:Memory::MemorySystem::Write:528: unmapped Write8 0x00000000 @ 0x00000B69 at PC 0x010F3548
[   6.361331] HW.Memory <Error> core\memory.cpp:Memory::MemorySystem::Write:528: unmapped Write8 0x00000000 @ 0x00000B6A at PC 0x010F3548
[   6.361332] HW.Memory <Error> core\memory.cpp:Memory::MemorySystem::Write:528: unmapped Write8 0x00000000 @ 0x00000B6B at PC 0x010F3548
[   6.361332] HW.Memory <Error> core\memory.cpp:Memory::MemorySystem::Write:528: unmapped Write8 0x00000000 @ 0x00000B6C at PC 0x010F3548
[   6.361333] HW.Memory <Error> core\memory.cpp:Memory::MemorySystem::Write:528: unmapped Write8 0x00000000 @ 0x00000B6D at PC 0x010F3548
[   6.361333] HW.Memory <Error> core\memory.cpp:Memory::MemorySystem::Write:528: unmapped Write8 0x00000000 @ 0x00000B6E at PC 0x010F3548
[   6.361334] HW.Memory <Error> core\memory.cpp:Memory::MemorySystem::Write:528: unmapped Write8 0x00000000 @ 0x00000B6F at PC 0x010F3548
[   6.361334] HW.Memory <Error> core\memory.cpp:Memory::MemorySystem::Write:528: unmapped Write8 0x00000000 @ 0x00000B70 at PC 0x010F3548
[   6.361335] HW.Memory <Error> core\memory.cpp:Memory::MemorySystem::Write:528: unmapped Write8 0x00000000 @ 0x00000B71 at PC 0x010F3548
[   6.361335] HW.Memory <Error> core\memory.cpp:Memory::MemorySystem::Write:528: unmapped Write8 0x00000000 @ 0x00000B72 at PC 0x010F3548
[   6.361336] HW.Memory <Error> core\memory.cpp:Memory::MemorySystem::Write:528: unmapped Write8 0x00000000 @ 0x00000B73 at PC 0x010F3548
[   6.361336] HW.Memory <Error> core\memory.cpp:Memory::MemorySystem::Write:528: unmapped Write8 0x00000000 @ 0x00000B74 at PC 0x010F3548
[   6.361337] HW.Memory <Error> core\memory.cpp:Memory::MemorySystem::Write:528: unmapped Write8 0x00000000 @ 0x00000B75 at PC 0x010F3548
[   6.361337] HW.Memory <Error> core\memory.cpp:Memory::MemorySystem::Write:528: unmapped Write8 0x00000000 @ 0x00000B76 at PC 0x010F3548
[   6.361338] HW.Memory <Error> core\memory.cpp:Memory::MemorySystem::Write:528: unmapped Write8 0x00000000 @ 0x00000B77 at PC 0x010F3548
[   6.361338] HW.Memory <Error> core\memory.cpp:Memory::MemorySystem::Write:528: unmapped Write8 0x00000000 @ 0x00000B78 at PC 0x010F3548
[   6.361339] HW.Memory <Error> core\memory.cpp:Memory::MemorySystem::Write:528: unmapped Write8 0x00000000 @ 0x00000B79 at PC 0x010F3548
[   6.361339] HW.Memory <Error> core\memory.cpp:Memory::MemorySystem::Write:528: unmapped Write8 0x00000000 @ 0x00000B7A at PC 0x010F3548
[   6.361340] HW.Memory <Error> core\memory.cpp:Memory::MemorySystem::Write:528: unmapped Write8 0x00000000 @ 0x00000B7B at PC 0x010F3548
[   6.361340] HW.Memory <Error> core\memory.cpp:Memory::MemorySystem::Write:528: unmapped Write8 0x00000000 @ 0x00000B7C at PC 0x010F3548
[   6.361341] HW.Memory <Error> core\memory.cpp:Memory::MemorySystem::Write:528: unmapped Write8 0x00000000 @ 0x00000B7D at PC 0x010F3548
[   6.361341] HW.Memory <Error> core\memory.cpp:Memory::MemorySystem::Write:528: unmapped Write8 0x00000000 @ 0x00000B7E at PC 0x010F3548
[   6.361342] HW.Memory <Error> core\memory.cpp:Memory::MemorySystem::Write:528: unmapped Write8 0x00000000 @ 0x00000B7F at PC 0x010F3548
[   6.361343] HW.Memory <Error> core\memory.cpp:Memory::MemorySystem::Write:528: unmapped Write8 0x00000000 @ 0x00000B80 at PC 0x010F3548
[   6.361343] HW.Memory <Error> core\memory.cpp:Memory::MemorySystem::Write:528: unmapped Write8 0x00000000 @ 0x00000B81 at PC 0x010F3548
[   6.361344] HW.Memory <Error> core\memory.cpp:Memory::MemorySystem::Write:528: unmapped Write8 0x00000000 @ 0x00000B82 at PC 0x010F3548
[   6.361344] HW.Memory <Error> core\memory.cpp:Memory::MemorySystem::Write:528: unmapped Write8 0x00000000 @ 0x00000B83 at PC 0x010F3548
[   6.361345] HW.Memory <Error> core\memory.cpp:Memory::MemorySystem::Write:528: unmapped Write8 0x00000000 @ 0x00000B84 at PC 0x010F3548
[   6.361346] HW.Memory <Error> core\memory.cpp:Memory::MemorySystem::Write:528: unmapped Write8 0x00000000 @ 0x00000B85 at PC 0x010F3548
[   6.361346] HW.Memory <Error> core\memory.cpp:Memory::MemorySystem::Write:528: unmapped Write8 0x00000000 @ 0x00000B86 at PC 0x010F3548
[   6.361347] HW.Memory <Error> core\memory.cpp:Memory::MemorySystem::Write:528: unmapped Write8 0x00000000 @ 0x00000B87 at PC 0x010F3548
[   6.361348] HW.Memory <Error> core\memory.cpp:Memory::MemorySystem::Write:528: unmapped Write8 0x00000000 @ 0x00000B88 at PC 0x010F3548
[   6.361348] HW.Memory <Error> core\memory.cpp:Memory::MemorySystem::Write:528: unmapped Write8 0x00000000 @ 0x00000B89 at PC 0x010F3548
[   6.361349] HW.Memory <Error> core\memory.cpp:Memory::MemorySystem::Write:528: unmapped Write8 0x00000000 @ 0x00000B8A at PC 0x010F3548
[   6.361349] HW.Memory <Error> core\memory.cpp:Memory::MemorySystem::Write:528: unmapped Write8 0x00000000 @ 0x00000B8B at PC 0x010F3548
[   6.361350] HW.Memory <Error> core\memory.cpp:Memory::MemorySystem::Write:528: unmapped Write8 0x00000000 @ 0x00000B8C at PC 0x010F3548
[   6.361350] HW.Memory <Error> core\memory.cpp:Memory::MemorySystem::Write:528: unmapped Write8 0x00000000 @ 0x00000B8D at PC 0x010F3548
[   6.361351] HW.Memory <Error> core\memory.cpp:Memory::MemorySystem::Write:528: unmapped Write8 0x00000000 @ 0x00000B8E at PC 0x010F3548
[   6.361352] HW.Memory <Error> core\memory.cpp:Memory::MemorySystem::Write:528: unmapped Write8 0x00000000 @ 0x00000B8F at PC 0x010F3548
[   6.361352] HW.Memory <Error> core\memory.cpp:Memory::MemorySystem::Write:528: unmapped Write8 0x00000000 @ 0x00000B90 at PC 0x010F3548
[   6.361353] HW.Memory <Error> core\memory.cpp:Memory::MemorySystem::Write:528: unmapped Write8 0x00000000 @ 0x00000B91 at PC 0x010F3548
[   6.361353] HW.Memory <Error> core\memory.cpp:Memory::MemorySystem::Write:528: unmapped Write8 0x00000000 @ 0x00000B92 at PC 0x010F3548
[   6.361354] HW.Memory <Error> core\memory.cpp:Memory::MemorySystem::Write:528: unmapped Write8 0x00000000 @ 0x00000B93 at PC 0x010F3548
[   6.361354] HW.Memory <Error> core\memory.cpp:Memory::MemorySystem::Write:528: unmapped Write8 0x00000000 @ 0x00000B94 at PC 0x010F3548
[   6.361355] HW.Memory <Error> core\memory.cpp:Memory::MemorySystem::Write:528: unmapped Write8 0x00000000 @ 0x00000B95 at PC 0x010F3548
[   6.361356] HW.Memory <Error> core\memory.cpp:Memory::MemorySystem::Write:528: unmapped Write8 0x00000000 @ 0x00000B96 at PC 0x010F3548
[   6.361356] HW.Memory <Error> core\memory.cpp:Memory::MemorySystem::Write:528: unmapped Write8 0x00000000 @ 0x00000B97 at PC 0x010F3548
[   6.361357] HW.Memory <Error> core\memory.cpp:Memory::MemorySystem::Write:528: unmapped Write8 0x00000000 @ 0x00000B98 at PC 0x010F3548
[   6.361357] HW.Memory <Error> core\memory.cpp:Memory::MemorySystem::Write:528: unmapped Write8 0x00000000 @ 0x00000B99 at PC 0x010F3548
[   6.361358] HW.Memory <Error> core\memory.cpp:Memory::MemorySystem::Write:528: unmapped Write8 0x00000000 @ 0x00000B9A at PC 0x010F3548
[   6.361358] HW.Memory <Error> core\memory.cpp:Memory::MemorySystem::Write:528: unmapped Write8 0x00000000 @ 0x00000B9B at PC 0x010F3548
[   6.361359] HW.Memory <Error> core\memory.cpp:Memory::MemorySystem::Write:528: unmapped Write8 0x00000000 @ 0x00000B9C at PC 0x010F3548
[   6.361359] HW.Memory <Error> core\memory.cpp:Memory::MemorySystem::Write:528: unmapped Write8 0x00000000 @ 0x00000B9D at PC 0x010F3548
[   6.361360] HW.Memory <Error> core\memory.cpp:Memory::MemorySystem::Write:528: unmapped Write8 0x00000000 @ 0x00000B9E at PC 0x010F3548
[   6.361360] HW.Memory <Error> core\memory.cpp:Memory::MemorySystem::Write:528: unmapped Write8 0x00000000 @ 0x00000B9F at PC 0x010F3548
[   6.361361] HW.Memory <Error> core\memory.cpp:Memory::MemorySystem::Write:528: unmapped Write8 0x00000000 @ 0x00000BA0 at PC 0x010F3548
[   6.361361] HW.Memory <Error> core\memory.cpp:Memory::MemorySystem::Write:528: unmapped Write8 0x00000000 @ 0x00000BA1 at PC 0x010F3548
[   6.361362] HW.Memory <Error> core\memory.cpp:Memory::MemorySystem::Write:528: unmapped Write8 0x00000000 @ 0x00000BA2 at PC 0x010F3548
[   6.361362] HW.Memory <Error> core\memory.cpp:Memory::MemorySystem::Write:528: unmapped Write8 0x00000000 @ 0x00000BA3 at PC 0x010F3548
[   6.361363] HW.Memory <Error> core\memory.cpp:Memory::MemorySystem::Write:528: unmapped Write8 0x00000000 @ 0x00000BA4 at PC 0x010F3548
[   6.361363] HW.Memory <Error> core\memory.cpp:Memory::MemorySystem::Write:528: unmapped Write8 0x00000000 @ 0x00000BA5 at PC 0x010F3548
[   6.361364] HW.Memory <Error> core\memory.cpp:Memory::MemorySystem::Write:528: unmapped Write8 0x00000000 @ 0x00000BA6 at PC 0x010F3548
[   6.361364] HW.Memory <Error> core\memory.cpp:Memory::MemorySystem::Write:528: unmapped Write8 0x00000000 @ 0x00000BA7 at PC 0x010F3548
[   6.361365] HW.Memory <Error> core\memory.cpp:Memory::MemorySystem::Write:528: unmapped Write8 0x00000000 @ 0x00000BA8 at PC 0x010F3548
[   6.361366] HW.Memory <Error> core\memory.cpp:Memory::MemorySystem::Write:528: unmapped Write8 0x00000000 @ 0x00000BA9 at PC 0x010F3548
[   6.361366] HW.Memory <Error> core\memory.cpp:Memory::MemorySystem::Write:528: unmapped Write8 0x00000000 @ 0x00000BAA at PC 0x010F3548
[   6.361367] HW.Memory <Error> core\memory.cpp:Memory::MemorySystem::Write:528: unmapped Write8 0x00000000 @ 0x00000BAB at PC 0x010F3548
[   6.361367] HW.Memory <Error> core\memory.cpp:Memory::MemorySystem::Write:528: unmapped Write8 0x00000000 @ 0x00000BAC at PC 0x010F3548
[   6.361368] HW.Memory <Error> core\memory.cpp:Memory::MemorySystem::Write:528: unmapped Write8 0x00000000 @ 0x00000BAD at PC 0x010F3548
[   6.361368] HW.Memory <Error> core\memory.cpp:Memory::MemorySystem::Write:528: unmapped Write8 0x00000000 @ 0x00000BAE at PC 0x010F3548
[   6.361369] HW.Memory <Error> core\memory.cpp:Memory::MemorySystem::Write:528: unmapped Write8 0x00000000 @ 0x00000BAF at PC 0x010F3548
[   6.361369] HW.Memory <Error> core\memory.cpp:Memory::MemorySystem::Write:528: unmapped Write8 0x00000000 @ 0x00000BB0 at PC 0x010F3548
[   6.361370] HW.Memory <Error> core\memory.cpp:Memory::MemorySystem::Write:528: unmapped Write8 0x00000000 @ 0x00000BB1 at PC 0x010F3548
[   6.361370] HW.Memory <Error> core\memory.cpp:Memory::MemorySystem::Write:528: unmapped Write8 0x00000000 @ 0x00000BB2 at PC 0x010F3548
[   6.361371] HW.Memory <Error> core\memory.cpp:Memory::MemorySystem::Write:528: unmapped Write8 0x00000000 @ 0x00000BB3 at PC 0x010F3548
[   6.361371] HW.Memory <Error> core\memory.cpp:Memory::MemorySystem::Write:528: unmapped Write8 0x00000000 @ 0x00000BB4 at PC 0x010F3548
[   6.361372] HW.Memory <Error> core\memory.cpp:Memory::MemorySystem::Write:528: unmapped Write8 0x00000000 @ 0x00000BB5 at PC 0x010F3548
[   6.361372] HW.Memory <Error> core\memory.cpp:Memory::MemorySystem::Write:528: unmapped Write8 0x00000000 @ 0x00000BB6 at PC 0x010F3548
[   6.361373] HW.Memory <Error> core\memory.cpp:Memory::MemorySystem::Write:528: unmapped Write8 0x00000000 @ 0x00000BB7 at PC 0x010F3548
[   6.361373] HW.Memory <Error> core\memory.cpp:Memory::MemorySystem::Write:528: unmapped Write8 0x00000000 @ 0x00000BB8 at PC 0x010F3548
[   6.361374] HW.Memory <Error> core\memory.cpp:Memory::MemorySystem::Write:528: unmapped Write8 0x00000000 @ 0x00000BB9 at PC 0x010F3548
[   6.361375] HW.Memory <Error> core\memory.cpp:Memory::MemorySystem::Write:528: unmapped Write8 0x00000000 @ 0x00000BBA at PC 0x010F3548
[   6.361375] HW.Memory <Error> core\memory.cpp:Memory::MemorySystem::Write:528: unmapped Write8 0x00000000 @ 0x00000BBB at PC 0x010F3548
[   6.361376] HW.Memory <Error> core\memory.cpp:Memory::MemorySystem::Write:528: unmapped Write8 0x00000000 @ 0x00000BBC at PC 0x010F3548
[   6.361376] HW.Memory <Error> core\memory.cpp:Memory::MemorySystem::Write:528: unmapped Write8 0x00000000 @ 0x00000BBD at PC 0x010F3548
[   6.361377] HW.Memory <Error> core\memory.cpp:Memory::MemorySystem::Write:528: unmapped Write8 0x00000000 @ 0x00000BBE at PC 0x010F3548
[   6.361377] HW.Memory <Error> core\memory.cpp:Memory::MemorySystem::Write:528: unmapped Write8 0x00000000 @ 0x00000BBF at PC 0x010F3548
[   6.361378] HW.Memory <Error> core\memory.cpp:Memory::MemorySystem::Write:528: unmapped Write8 0x00000000 @ 0x00000BC0 at PC 0x010F3548
[   6.361378] HW.Memory <Error> core\memory.cpp:Memory::MemorySystem::Write:528: unmapped Write8 0x00000000 @ 0x00000BC1 at PC 0x010F3548
[   6.361379] HW.Memory <Error> core\memory.cpp:Memory::MemorySystem::Write:528: unmapped Write8 0x00000000 @ 0x00000BC2 at PC 0x010F3548
[   6.361380] HW.Memory <Error> core\memory.cpp:Memory::MemorySystem::Write:528: unmapped Write8 0x00000000 @ 0x00000BC3 at PC 0x010F3548
[   6.361380] HW.Memory <Error> core\memory.cpp:Memory::MemorySystem::Write:528: unmapped Write8 0x00000000 @ 0x00000BC4 at PC 0x010F3548
[   6.361381] HW.Memory <Error> core\memory.cpp:Memory::MemorySystem::Write:528: unmapped Write8 0x00000000 @ 0x00000BC5 at PC 0x010F3548
[   6.361382] HW.Memory <Error> core\memory.cpp:Memory::MemorySystem::Write:528: unmapped Write8 0x00000000 @ 0x00000BC6 at PC 0x010F3548
[   6.361382] HW.Memory <Error> core\memory.cpp:Memory::MemorySystem::Write:528: unmapped Write8 0x00000000 @ 0x00000BC7 at PC 0x010F3548
[   6.361383] HW.Memory <Error> core\memory.cpp:Memory::MemorySystem::Write:528: unmapped Write8 0x00000000 @ 0x00000BC8 at PC 0x010F3548
[   6.361383] HW.Memory <Error> core\memory.cpp:Memory::MemorySystem::Write:528: unmapped Write8 0x00000000 @ 0x00000BC9 at PC 0x010F3548
[   6.361384] HW.Memory <Error> core\memory.cpp:Memory::MemorySystem::Write:528: unmapped Write8 0x00000000 @ 0x00000BCA at PC 0x010F3548
[   6.361384] HW.Memory <Error> core\memory.cpp:Memory::MemorySystem::Write:528: unmapped Write8 0x00000000 @ 0x00000BCB at PC 0x010F3548
[   6.361385] HW.Memory <Error> core\memory.cpp:Memory::MemorySystem::Write:528: unmapped Write8 0x00000000 @ 0x00000BCC at PC 0x010F3548
[   6.361385] HW.Memory <Error> core\memory.cpp:Memory::MemorySystem::Write:528: unmapped Write8 0x00000000 @ 0x00000BCD at PC 0x010F3548
[   6.361386] HW.Memory <Error> core\memory.cpp:Memory::MemorySystem::Write:528: unmapped Write8 0x00000000 @ 0x00000BCE at PC 0x010F3548
[   6.361386] HW.Memory <Error> core\memory.cpp:Memory::MemorySystem::Write:528: unmapped Write8 0x00000000 @ 0x00000BCF at PC 0x010F3548
[   6.361387] HW.Memory <Error> core\memory.cpp:Memory::MemorySystem::Write:528: unmapped Write8 0x00000000 @ 0x00000BD0 at PC 0x010F3548
[   6.361388] HW.Memory <Error> core\memory.cpp:Memory::MemorySystem::Write:528: unmapped Write8 0x00000000 @ 0x00000BD1 at PC 0x010F3548
[   6.361388] HW.Memory <Error> core\memory.cpp:Memory::MemorySystem::Write:528: unmapped Write8 0x00000000 @ 0x00000BD2 at PC 0x010F3548
[   6.361389] HW.Memory <Error> core\memory.cpp:Memory::MemorySystem::Write:528: unmapped Write8 0x00000000 @ 0x00000BD3 at PC 0x010F3548
[   6.361389] HW.Memory <Error> core\memory.cpp:Memory::MemorySystem::Write:528: unmapped Write8 0x00000000 @ 0x00000BD4 at PC 0x010F3548
[   6.361390] HW.Memory <Error> core\memory.cpp:Memory::MemorySystem::Write:528: unmapped Write8 0x00000000 @ 0x00000BD5 at PC 0x010F3548
[   6.361390] HW.Memory <Error> core\memory.cpp:Memory::MemorySystem::Write:528: unmapped Write8 0x00000000 @ 0x00000BD6 at PC 0x010F3548
[   6.361391] HW.Memory <Error> core\memory.cpp:Memory::MemorySystem::Write:528: unmapped Write8 0x00000000 @ 0x00000BD7 at PC 0x010F3548
[   6.361391] HW.Memory <Error> core\memory.cpp:Memory::MemorySystem::Write:528: unmapped Write8 0x00000000 @ 0x00000BD8 at PC 0x010F3548
[   6.361392] HW.Memory <Error> core\memory.cpp:Memory::MemorySystem::Write:528: unmapped Write8 0x00000000 @ 0x00000BD9 at PC 0x010F3548
[   6.361393] HW.Memory <Error> core\memory.cpp:Memory::MemorySystem::Write:528: unmapped Write8 0x00000000 @ 0x00000BDA at PC 0x010F3548
[   6.361393] HW.Memory <Error> core\memory.cpp:Memory::MemorySystem::Write:528: unmapped Write8 0x00000000 @ 0x00000BDB at PC 0x010F3548
[   6.361394] HW.Memory <Error> core\memory.cpp:Memory::MemorySystem::Write:528: unmapped Write8 0x00000000 @ 0x00000BDC at PC 0x010F3548
[   6.361394] HW.Memory <Error> core\memory.cpp:Memory::MemorySystem::Write:528: unmapped Write8 0x00000000 @ 0x00000BDD at PC 0x010F3548
[   6.361395] HW.Memory <Error> core\memory.cpp:Memory::MemorySystem::Write:528: unmapped Write8 0x00000000 @ 0x00000BDE at PC 0x010F3548
[   6.361395] HW.Memory <Error> core\memory.cpp:Memory::MemorySystem::Write:528: unmapped Write8 0x00000000 @ 0x00000BDF at PC 0x010F3548
[   6.361396] HW.Memory <Error> core\memory.cpp:Memory::MemorySystem::Write:528: unmapped Write8 0x00000000 @ 0x00000BE0 at PC 0x010F3548
[   6.361396] HW.Memory <Error> core\memory.cpp:Memory::MemorySystem::Write:528: unmapped Write8 0x00000000 @ 0x00000BE1 at PC 0x010F3548
[   6.361397] HW.Memory <Error> core\memory.cpp:Memory::MemorySystem::Write:528: unmapped Write8 0x00000000 @ 0x00000BE2 at PC 0x010F3548
[   6.361398] HW.Memory <Error> core\memory.cpp:Memory::MemorySystem::Write:528: unmapped Write8 0x00000000 @ 0x00000BE3 at PC 0x010F3548
[   6.361398] HW.Memory <Error> core\memory.cpp:Memory::MemorySystem::Write:528: unmapped Write8 0x00000000 @ 0x00000BE4 at PC 0x010F3548
[   6.361399] HW.Memory <Error> core\memory.cpp:Memory::MemorySystem::Write:528: unmapped Write8 0x00000000 @ 0x00000BE5 at PC 0x010F3548
[   6.361399] HW.Memory <Error> core\memory.cpp:Memory::MemorySystem::Write:528: unmapped Write8 0x00000000 @ 0x00000BE6 at PC 0x010F3548
[   6.361400] HW.Memory <Error> core\memory.cpp:Memory::MemorySystem::Write:528: unmapped Write8 0x00000000 @ 0x00000BE7 at PC 0x010F3548
[   6.361400] HW.Memory <Error> core\memory.cpp:Memory::MemorySystem::Write:528: unmapped Write8 0x00000000 @ 0x00000BE8 at PC 0x010F3548
[   6.361401] HW.Memory <Error> core\memory.cpp:Memory::MemorySystem::Write:528: unmapped Write8 0x00000000 @ 0x00000BE9 at PC 0x010F3548
[   6.361401] HW.Memory <Error> core\memory.cpp:Memory::MemorySystem::Write:528: unmapped Write8 0x00000000 @ 0x00000BEA at PC 0x010F3548
[   6.361402] HW.Memory <Error> core\memory.cpp:Memory::MemorySystem::Write:528: unmapped Write8 0x00000000 @ 0x00000BEB at PC 0x010F3548
[   6.361402] HW.Memory <Error> core\memory.cpp:Memory::MemorySystem::Write:528: unmapped Write8 0x00000000 @ 0x00000BEC at PC 0x010F3548
[   6.361403] HW.Memory <Error> core\memory.cpp:Memory::MemorySystem::Write:528: unmapped Write8 0x00000000 @ 0x00000BED at PC 0x010F3548
[   6.361403] HW.Memory <Error> core\memory.cpp:Memory::MemorySystem::Write:528: unmapped Write8 0x00000000 @ 0x00000BEE at PC 0x010F3548
[   6.361404] HW.Memory <Error> core\memory.cpp:Memory::MemorySystem::Write:528: unmapped Write8 0x00000000 @ 0x00000BEF at PC 0x010F3548
[   6.361404] HW.Memory <Error> core\memory.cpp:Memory::MemorySystem::Write:528: unmapped Write8 0x00000000 @ 0x00000BF0 at PC 0x010F3548
[   6.361405] HW.Memory <Error> core\memory.cpp:Memory::MemorySystem::Write:528: unmapped Write8 0x00000000 @ 0x00000BF1 at PC 0x010F3548
[   6.361405] HW.Memory <Error> core\memory.cpp:Memory::MemorySystem::Write:528: unmapped Write8 0x00000000 @ 0x00000BF2 at PC 0x010F3548
[   6.361406] HW.Memory <Error> core\memory.cpp:Memory::MemorySystem::Write:528: unmapped Write8 0x00000000 @ 0x00000BF3 at PC 0x010F3548
[   6.361406] HW.Memory <Error> core\memory.cpp:Memory::MemorySystem::Write:528: unmapped Write8 0x00000000 @ 0x00000BF4 at PC 0x010F3548
[   6.361407] HW.Memory <Error> core\memory.cpp:Memory::MemorySystem::Write:528: unmapped Write8 0x00000000 @ 0x00000BF5 at PC 0x010F3548
[   6.361407] HW.Memory <Error> core\memory.cpp:Memory::MemorySystem::Write:528: unmapped Write8 0x00000000 @ 0x00000BF6 at PC 0x010F3548
[   6.361408] HW.Memory <Error> core\memory.cpp:Memory::MemorySystem::Write:528: unmapped Write8 0x00000000 @ 0x00000BF7 at PC 0x010F3548
[   6.361408] HW.Memory <Error> core\memory.cpp:Memory::MemorySystem::Write:528: unmapped Write8 0x00000000 @ 0x00000BF8 at PC 0x010F3548
[   6.361409] HW.Memory <Error> core\memory.cpp:Memory::MemorySystem::Write:528: unmapped Write8 0x00000000 @ 0x00000BF9 at PC 0x010F3548
[   6.361409] HW.Memory <Error> core\memory.cpp:Memory::MemorySystem::Write:528: unmapped Write8 0x00000000 @ 0x00000BFA at PC 0x010F3548
[   6.361410] HW.Memory <Error> core\memory.cpp:Memory::MemorySystem::Write:528: unmapped Write8 0x00000000 @ 0x00000BFB at PC 0x010F3548
[   6.361410] HW.Memory <Error> core\memory.cpp:Memory::MemorySystem::Write:528: unmapped Write8 0x00000000 @ 0x00000BFC at PC 0x010F3548
[   6.361411] HW.Memory <Error> core\memory.cpp:Memory::MemorySystem::Write:528: unmapped Write8 0x00000000 @ 0x00000BFD at PC 0x010F3548
[   6.361412] HW.Memory <Error> core\memory.cpp:Memory::MemorySystem::Write:528: unmapped Write8 0x00000000 @ 0x00000BFE at PC 0x010F3548
[   6.361412] HW.Memory <Error> core\memory.cpp:Memory::MemorySystem::Write:528: unmapped Write8 0x00000000 @ 0x00000BFF at PC 0x010F3548
[   6.361413] HW.Memory <Error> core\memory.cpp:Memory::MemorySystem::Write:528: unmapped Write8 0x00000000 @ 0x00000C00 at PC 0x010F3548
[   6.361413] HW.Memory <Error> core\memory.cpp:Memory::MemorySystem::Write:528: unmapped Write8 0x00000000 @ 0x00000C01 at PC 0x010F3548
[   6.361414] HW.Memory <Error> core\memory.cpp:Memory::MemorySystem::Write:528: unmapped Write8 0x00000000 @ 0x00000C02 at PC 0x010F3548
[   6.361414] HW.Memory <Error> core\memory.cpp:Memory::MemorySystem::Write:528: unmapped Write8 0x00000000 @ 0x00000C03 at PC 0x010F3548
[   6.361415] HW.Memory <Error> core\memory.cpp:Memory::MemorySystem::Write:528: unmapped Write8 0x00000000 @ 0x00000C04 at PC 0x010F3548
[   6.361415] HW.Memory <Error> core\memory.cpp:Memory::MemorySystem::Write:528: unmapped Write8 0x00000000 @ 0x00000C05 at PC 0x010F3548
[   6.361416] HW.Memory <Error> core\memory.cpp:Memory::MemorySystem::Write:528: unmapped Write8 0x00000000 @ 0x00000C06 at PC 0x010F3548
[   6.361417] HW.Memory <Error> core\memory.cpp:Memory::MemorySystem::Write:528: unmapped Write8 0x00000000 @ 0x00000C07 at PC 0x010F3548
[   6.361417] HW.Memory <Error> core\memory.cpp:Memory::MemorySystem::Write:528: unmapped Write8 0x00000000 @ 0x00000C08 at PC 0x010F3548
[   6.361418] HW.Memory <Error> core\memory.cpp:Memory::MemorySystem::Write:528: unmapped Write8 0x00000000 @ 0x00000C09 at PC 0x010F3548
[   6.361418] HW.Memory <Error> core\memory.cpp:Memory::MemorySystem::Write:528: unmapped Write8 0x00000000 @ 0x00000C0A at PC 0x010F3548
[   6.361419] HW.Memory <Error> core\memory.cpp:Memory::MemorySystem::Write:528: unmapped Write8 0x00000000 @ 0x00000C0B at PC 0x010F3548
[   6.361419] HW.Memory <Error> core\memory.cpp:Memory::MemorySystem::Write:528: unmapped Write8 0x00000000 @ 0x00000C0C at PC 0x010F3548
[   6.361420] HW.Memory <Error> core\memory.cpp:Memory::MemorySystem::Write:528: unmapped Write8 0x00000000 @ 0x00000C0D at PC 0x010F3548
[   6.361420] HW.Memory <Error> core\memory.cpp:Memory::MemorySystem::Write:528: unmapped Write8 0x00000000 @ 0x00000C0E at PC 0x010F3548
[   6.361421] HW.Memory <Error> core\memory.cpp:Memory::MemorySystem::Write:528: unmapped Write8 0x00000000 @ 0x00000C0F at PC 0x010F3548
[   6.361422] HW.Memory <Error> core\memory.cpp:Memory::MemorySystem::Write:528: unmapped Write8 0x00000000 @ 0x00000C10 at PC 0x010F3548
[   6.361422] HW.Memory <Error> core\memory.cpp:Memory::MemorySystem::Write:528: unmapped Write8 0x00000000 @ 0x00000C11 at PC 0x010F3548
[   6.361423] HW.Memory <Error> core\memory.cpp:Memory::MemorySystem::Write:528: unmapped Write8 0x00000000 @ 0x00000C12 at PC 0x010F3548
[   6.361423] HW.Memory <Error> core\memory.cpp:Memory::MemorySystem::Write:528: unmapped Write8 0x00000000 @ 0x00000C13 at PC 0x010F3548
[   6.361424] HW.Memory <Error> core\memory.cpp:Memory::MemorySystem::Write:528: unmapped Write8 0x00000000 @ 0x00000C14 at PC 0x010F3548
[   6.361424] HW.Memory <Error> core\memory.cpp:Memory::MemorySystem::Write:528: unmapped Write8 0x00000000 @ 0x00000C15 at PC 0x010F3548
[   6.361425] HW.Memory <Error> core\memory.cpp:Memory::MemorySystem::Write:528: unmapped Write8 0x00000000 @ 0x00000C16 at PC 0x010F3548
[   6.361425] HW.Memory <Error> core\memory.cpp:Memory::MemorySystem::Write:528: unmapped Write8 0x00000000 @ 0x00000C17 at PC 0x010F3548
[   6.361426] HW.Memory <Error> core\memory.cpp:Memory::MemorySystem::Write:528: unmapped Write8 0x00000000 @ 0x00000C18 at PC 0x010F3548
[   6.361426] HW.Memory <Error> core\memory.cpp:Memory::MemorySystem::Write:528: unmapped Write8 0x00000000 @ 0x00000C19 at PC 0x010F3548
[   6.361427] HW.Memory <Error> core\memory.cpp:Memory::MemorySystem::Write:528: unmapped Write8 0x00000000 @ 0x00000C1A at PC 0x010F3548
[   6.361427] HW.Memory <Error> core\memory.cpp:Memory::MemorySystem::Write:528: unmapped Write8 0x00000000 @ 0x00000C1B at PC 0x010F3548
[   6.361428] HW.Memory <Error> core\memory.cpp:Memory::MemorySystem::Write:528: unmapped Write8 0x00000000 @ 0x00000C1C at PC 0x010F3548
[   6.361428] HW.Memory <Error> core\memory.cpp:Memory::MemorySystem::Write:528: unmapped Write8 0x00000000 @ 0x00000C1D at PC 0x010F3548
[   6.361429] HW.Memory <Error> core\memory.cpp:Memory::MemorySystem::Write:528: unmapped Write8 0x00000000 @ 0x00000C1E at PC 0x010F3548
[   6.361429] HW.Memory <Error> core\memory.cpp:Memory::MemorySystem::Write:528: unmapped Write8 0x00000000 @ 0x00000C1F at PC 0x010F3548
[   6.361430] HW.Memory <Error> core\memory.cpp:Memory::MemorySystem::Write:528: unmapped Write8 0x00000000 @ 0x00000C20 at PC 0x010F3548
[   6.361430] HW.Memory <Error> core\memory.cpp:Memory::MemorySystem::Write:528: unmapped Write8 0x00000000 @ 0x00000C21 at PC 0x010F3548
[   6.361431] HW.Memory <Error> core\memory.cpp:Memory::MemorySystem::Write:528: unmapped Write8 0x00000000 @ 0x00000C22 at PC 0x010F3548
[   6.361431] HW.Memory <Error> core\memory.cpp:Memory::MemorySystem::Write:528: unmapped Write8 0x00000000 @ 0x00000C23 at PC 0x010F3548
[   6.361432] HW.Memory <Error> core\memory.cpp:Memory::MemorySystem::Write:528: unmapped Write8 0x00000000 @ 0x00000C24 at PC 0x010F3548
[   6.361432] HW.Memory <Error> core\memory.cpp:Memory::MemorySystem::Write:528: unmapped Write8 0x00000000 @ 0x00000C25 at PC 0x010F3548
[   6.361433] HW.Memory <Error> core\memory.cpp:Memory::MemorySystem::Write:528: unmapped Write8 0x00000000 @ 0x00000C26 at PC 0x010F3548
[   6.361433] HW.Memory <Error> core\memory.cpp:Memory::MemorySystem::Write:528: unmapped Write8 0x00000000 @ 0x00000C27 at PC 0x010F3548
[   6.361435] HW.Memory <Error> core\memory.cpp:Memory::MemorySystem::Read:479: unmapped Read8 @ 0x00000C28 at PC 0x010F348C
[   6.361435] HW.Memory <Error> core\memory.cpp:Memory::MemorySystem::Read:479: unmapped Read8 @ 0x00000828 at PC 0x010F348C
[   6.361437] HW.Memory <Error> core\memory.cpp:Memory::MemorySystem::Write:528: unmapped Write16 0x00000000 @ 0x00000024 at PC 0x010F34D0
[   6.361725] HW.Memory <Error> core\memory.cpp:Memory::MemorySystem::Impl::ReadBlockImpl:178: unmapped ReadBlock @ 0x00000024 (start address = 0x00000024, size = 2) at PC 0x010F0A78
[   6.361733] Service.FS <Error> core\file_sys\archive_sdmc.cpp:FileSys::SDMCArchive::OpenFileBase:64: Invalid path [Wchar: ]
[   6.368805] HW.Memory <Error> core\memory.cpp:Memory::MemorySystem::Write:528: unmapped Write8 0x0000002F @ 0x00000828 at PC 0x010F3548
[   6.368806] HW.Memory <Error> core\memory.cpp:Memory::MemorySystem::Write:528: unmapped Write8 0x0000006F @ 0x00000829 at PC 0x010F3548
[   6.368807] HW.Memory <Error> core\memory.cpp:Memory::MemorySystem::Write:528: unmapped Write8 0x00000070 @ 0x0000082A at PC 0x010F3548
[   6.368807] HW.Memory <Error> core\memory.cpp:Memory::MemorySystem::Write:528: unmapped Write8 0x00000065 @ 0x0000082B at PC 0x010F3548
[   6.368808] HW.Memory <Error> core\memory.cpp:Memory::MemorySystem::Write:528: unmapped Write8 0x0000006E @ 0x0000082C at PC 0x010F3548
[   6.368808] HW.Memory <Error> core\memory.cpp:Memory::MemorySystem::Write:528: unmapped Write8 0x00000073 @ 0x0000082D at PC 0x010F3548
[   6.368809] HW.Memory <Error> core\memory.cpp:Memory::MemorySystem::Write:528: unmapped Write8 0x00000062 @ 0x0000082E at PC 0x010F3548
[   6.368809] HW.Memory <Error> core\memory.cpp:Memory::MemorySystem::Write:528: unmapped Write8 0x0000005F @ 0x0000082F at PC 0x010F3548
[   6.368810] HW.Memory <Error> core\memory.cpp:Memory::MemorySystem::Write:528: unmapped Write8 0x0000006D @ 0x00000830 at PC 0x010F3548
[   6.368810] HW.Memory <Error> core\memory.cpp:Memory::MemorySystem::Write:528: unmapped Write8 0x00000061 @ 0x00000831 at PC 0x010F3548
[   6.368811] HW.Memory <Error> core\memory.cpp:Memory::MemorySystem::Write:528: unmapped Write8 0x00000069 @ 0x00000832 at PC 0x010F3548
[   6.368811] HW.Memory <Error> core\memory.cpp:Memory::MemorySystem::Write:528: unmapped Write8 0x0000006E @ 0x00000833 at PC 0x010F3548
[   6.368812] HW.Memory <Error> core\memory.cpp:Memory::MemorySystem::Write:528: unmapped Write8 0x0000002E @ 0x00000834 at PC 0x010F3548
[   6.368812] HW.Memory <Error> core\memory.cpp:Memory::MemorySystem::Write:528: unmapped Write8 0x0000006C @ 0x00000835 at PC 0x010F3548
[   6.368813] HW.Memory <Error> core\memory.cpp:Memory::MemorySystem::Write:528: unmapped Write8 0x0000006F @ 0x00000836 at PC 0x010F3548
[   6.368813] HW.Memory <Error> core\memory.cpp:Memory::MemorySystem::Write:528: unmapped Write8 0x00000067 @ 0x00000837 at PC 0x010F3548
[   6.368814] HW.Memory <Error> core\memory.cpp:Memory::MemorySystem::Write:528: unmapped Write8 0x00000000 @ 0x00000838 at PC 0x010F3548
[   6.368814] HW.Memory <Error> core\memory.cpp:Memory::MemorySystem::Write:528: unmapped Write8 0x00000000 @ 0x00000839 at PC 0x010F3548
[   6.368815] HW.Memory <Error> core\memory.cpp:Memory::MemorySystem::Write:528: unmapped Write8 0x00000000 @ 0x0000083A at PC 0x010F3548
[   6.368815] HW.Memory <Error> core\memory.cpp:Memory::MemorySystem::Write:528: unmapped Write8 0x00000000 @ 0x0000083B at PC 0x010F3548
[   6.368816] HW.Memory <Error> core\memory.cpp:Memory::MemorySystem::Write:528: unmapped Write8 0x00000000 @ 0x0000083C at PC 0x010F3548
[   6.368817] HW.Memory <Error> core\memory.cpp:Memory::MemorySystem::Write:528: unmapped Write8 0x00000000 @ 0x0000083D at PC 0x010F3548
[   6.368817] HW.Memory <Error> core\memory.cpp:Memory::MemorySystem::Write:528: unmapped Write8 0x00000000 @ 0x0000083E at PC 0x010F3548
[   6.368818] HW.Memory <Error> core\memory.cpp:Memory::MemorySystem::Write:528: unmapped Write8 0x00000000 @ 0x0000083F at PC 0x010F3548
[   6.368818] HW.Memory <Error> core\memory.cpp:Memory::MemorySystem::Write:528: unmapped Write8 0x00000000 @ 0x00000840 at PC 0x010F3548
[   6.368819] HW.Memory <Error> core\memory.cpp:Memory::MemorySystem::Write:528: unmapped Write8 0x00000000 @ 0x00000841 at PC 0x010F3548
[   6.368819] HW.Memory <Error> core\memory.cpp:Memory::MemorySystem::Write:528: unmapped Write8 0x00000000 @ 0x00000842 at PC 0x010F3548
[   6.368820] HW.Memory <Error> core\memory.cpp:Memory::MemorySystem::Write:528: unmapped Write8 0x00000000 @ 0x00000843 at PC 0x010F3548
[   6.368820] HW.Memory <Error> core\memory.cpp:Memory::MemorySystem::Write:528: unmapped Write8 0x00000000 @ 0x00000844 at PC 0x010F3548
[   6.368821] HW.Memory <Error> core\memory.cpp:Memory::MemorySystem::Write:528: unmapped Write8 0x00000000 @ 0x00000845 at PC 0x010F3548
[   6.368821] HW.Memory <Error> core\memory.cpp:Memory::MemorySystem::Write:528: unmapped Write8 0x00000000 @ 0x00000846 at PC 0x010F3548
[   6.368822] HW.Memory <Error> core\memory.cpp:Memory::MemorySystem::Write:528: unmapped Write8 0x00000000 @ 0x00000847 at PC 0x010F3548
[   6.368822] HW.Memory <Error> core\memory.cpp:Memory::MemorySystem::Write:528: unmapped Write8 0x00000000 @ 0x00000848 at PC 0x010F3548
[   6.368823] HW.Memory <Error> core\memory.cpp:Memory::MemorySystem::Write:528: unmapped Write8 0x00000000 @ 0x00000849 at PC 0x010F3548
[   6.368823] HW.Memory <Error> core\memory.cpp:Memory::MemorySystem::Write:528: unmapped Write8 0x00000000 @ 0x0000084A at PC 0x010F3548
[   6.368824] HW.Memory <Error> core\memory.cpp:Memory::MemorySystem::Write:528: unmapped Write8 0x00000000 @ 0x0000084B at PC 0x010F3548
[   6.368824] HW.Memory <Error> core\memory.cpp:Memory::MemorySystem::Write:528: unmapped Write8 0x00000000 @ 0x0000084C at PC 0x010F3548
[   6.368825] HW.Memory <Error> core\memory.cpp:Memory::MemorySystem::Write:528: unmapped Write8 0x00000000 @ 0x0000084D at PC 0x010F3548
[   6.368825] HW.Memory <Error> core\memory.cpp:Memory::MemorySystem::Write:528: unmapped Write8 0x00000000 @ 0x0000084E at PC 0x010F3548
[   6.368826] HW.Memory <Error> core\memory.cpp:Memory::MemorySystem::Write:528: unmapped Write8 0x00000000 @ 0x0000084F at PC 0x010F3548
[   6.368826] HW.Memory <Error> core\memory.cpp:Memory::MemorySystem::Write:528: unmapped Write8 0x00000000 @ 0x00000850 at PC 0x010F3548
[   6.368827] HW.Memory <Error> core\memory.cpp:Memory::MemorySystem::Write:528: unmapped Write8 0x00000000 @ 0x00000851 at PC 0x010F3548
[   6.368827] HW.Memory <Error> core\memory.cpp:Memory::MemorySystem::Write:528: unmapped Write8 0x00000000 @ 0x00000852 at PC 0x010F3548
[   6.368828] HW.Memory <Error> core\memory.cpp:Memory::MemorySystem::Write:528: unmapped Write8 0x00000000 @ 0x00000853 at PC 0x010F3548
[   6.368828] HW.Memory <Error> core\memory.cpp:Memory::MemorySystem::Write:528: unmapped Write8 0x00000000 @ 0x00000854 at PC 0x010F3548
[   6.368829] HW.Memory <Error> core\memory.cpp:Memory::MemorySystem::Write:528: unmapped Write8 0x00000000 @ 0x00000855 at PC 0x010F3548
[   6.368829] HW.Memory <Error> core\memory.cpp:Memory::MemorySystem::Write:528: unmapped Write8 0x00000000 @ 0x00000856 at PC 0x010F3548
[   6.368830] HW.Memory <Error> core\memory.cpp:Memory::MemorySystem::Write:528: unmapped Write8 0x00000000 @ 0x00000857 at PC 0x010F3548
[   6.368830] HW.Memory <Error> core\memory.cpp:Memory::MemorySystem::Write:528: unmapped Write8 0x00000000 @ 0x00000858 at PC 0x010F3548
[   6.368831] HW.Memory <Error> core\memory.cpp:Memory::MemorySystem::Write:528: unmapped Write8 0x00000000 @ 0x00000859 at PC 0x010F3548
[   6.368831] HW.Memory <Error> core\memory.cpp:Memory::MemorySystem::Write:528: unmapped Write8 0x00000000 @ 0x0000085A at PC 0x010F3548
[   6.368832] HW.Memory <Error> core\memory.cpp:Memory::MemorySystem::Write:528: unmapped Write8 0x00000000 @ 0x0000085B at PC 0x010F3548
[   6.368832] HW.Memory <Error> core\memory.cpp:Memory::MemorySystem::Write:528: unmapped Write8 0x00000000 @ 0x0000085C at PC 0x010F3548
[   6.368833] HW.Memory <Error> core\memory.cpp:Memory::MemorySystem::Write:528: unmapped Write8 0x00000000 @ 0x0000085D at PC 0x010F3548
[   6.368834] HW.Memory <Error> core\memory.cpp:Memory::MemorySystem::Write:528: unmapped Write8 0x00000000 @ 0x0000085E at PC 0x010F3548
[   6.368834] HW.Memory <Error> core\memory.cpp:Memory::MemorySystem::Write:528: unmapped Write8 0x00000000 @ 0x0000085F at PC 0x010F3548
[   6.368835] HW.Memory <Error> core\memory.cpp:Memory::MemorySystem::Write:528: unmapped Write8 0x00000000 @ 0x00000860 at PC 0x010F3548
[   6.368835] HW.Memory <Error> core\memory.cpp:Memory::MemorySystem::Write:528: unmapped Write8 0x00000000 @ 0x00000861 at PC 0x010F3548
[   6.368836] HW.Memory <Error> core\memory.cpp:Memory::MemorySystem::Write:528: unmapped Write8 0x00000000 @ 0x00000862 at PC 0x010F3548
[   6.368836] HW.Memory <Error> core\memory.cpp:Memory::MemorySystem::Write:528: unmapped Write8 0x00000000 @ 0x00000863 at PC 0x010F3548
[   6.368837] HW.Memory <Error> core\memory.cpp:Memory::MemorySystem::Write:528: unmapped Write8 0x00000000 @ 0x00000864 at PC 0x010F3548
[   6.368837] HW.Memory <Error> core\memory.cpp:Memory::MemorySystem::Write:528: unmapped Write8 0x00000000 @ 0x00000865 at PC 0x010F3548
[   6.368838] HW.Memory <Error> core\memory.cpp:Memory::MemorySystem::Write:528: unmapped Write8 0x00000000 @ 0x00000866 at PC 0x010F3548
[   6.368838] HW.Memory <Error> core\memory.cpp:Memory::MemorySystem::Write:528: unmapped Write8 0x00000000 @ 0x00000867 at PC 0x010F3548
[   6.368839] HW.Memory <Error> core\memory.cpp:Memory::MemorySystem::Write:528: unmapped Write8 0x00000000 @ 0x00000868 at PC 0x010F3548
[   6.368839] HW.Memory <Error> core\memory.cpp:Memory::MemorySystem::Write:528: unmapped Write8 0x00000000 @ 0x00000869 at PC 0x010F3548
[   6.368840] HW.Memory <Error> core\memory.cpp:Memory::MemorySystem::Write:528: unmapped Write8 0x00000000 @ 0x0000086A at PC 0x010F3548
[   6.368840] HW.Memory <Error> core\memory.cpp:Memory::MemorySystem::Write:528: unmapped Write8 0x00000000 @ 0x0000086B at PC 0x010F3548
[   6.368841] HW.Memory <Error> core\memory.cpp:Memory::MemorySystem::Write:528: unmapped Write8 0x00000000 @ 0x0000086C at PC 0x010F3548
[   6.368841] HW.Memory <Error> core\memory.cpp:Memory::MemorySystem::Write:528: unmapped Write8 0x00000000 @ 0x0000086D at PC 0x010F3548
[   6.368842] HW.Memory <Error> core\memory.cpp:Memory::MemorySystem::Write:528: unmapped Write8 0x00000000 @ 0x0000086E at PC 0x010F3548
[   6.368842] HW.Memory <Error> core\memory.cpp:Memory::MemorySystem::Write:528: unmapped Write8 0x00000000 @ 0x0000086F at PC 0x010F3548
[   6.368843] HW.Memory <Error> core\memory.cpp:Memory::MemorySystem::Write:528: unmapped Write8 0x00000000 @ 0x00000870 at PC 0x010F3548
[   6.368843] HW.Memory <Error> core\memory.cpp:Memory::MemorySystem::Write:528: unmapped Write8 0x00000000 @ 0x00000871 at PC 0x010F3548
[   6.368844] HW.Memory <Error> core\memory.cpp:Memory::MemorySystem::Write:528: unmapped Write8 0x00000000 @ 0x00000872 at PC 0x010F3548
[   6.368845] HW.Memory <Error> core\memory.cpp:Memory::MemorySystem::Write:528: unmapped Write8 0x00000000 @ 0x00000873 at PC 0x010F3548
[   6.368845] HW.Memory <Error> core\memory.cpp:Memory::MemorySystem::Write:528: unmapped Write8 0x00000000 @ 0x00000874 at PC 0x010F3548
[   6.368846] HW.Memory <Error> core\memory.cpp:Memory::MemorySystem::Write:528: unmapped Write8 0x00000000 @ 0x00000875 at PC 0x010F3548
[   6.368846] HW.Memory <Error> core\memory.cpp:Memory::MemorySystem::Write:528: unmapped Write8 0x00000000 @ 0x00000876 at PC 0x010F3548
[   6.368847] HW.Memory <Error> core\memory.cpp:Memory::MemorySystem::Write:528: unmapped Write8 0x00000000 @ 0x00000877 at PC 0x010F3548
[   6.368847] HW.Memory <Error> core\memory.cpp:Memory::MemorySystem::Write:528: unmapped Write8 0x00000000 @ 0x00000878 at PC 0x010F3548
[   6.368848] HW.Memory <Error> core\memory.cpp:Memory::MemorySystem::Write:528: unmapped Write8 0x00000000 @ 0x00000879 at PC 0x010F3548
[   6.368848] HW.Memory <Error> core\memory.cpp:Memory::MemorySystem::Write:528: unmapped Write8 0x00000000 @ 0x0000087A at PC 0x010F3548
[   6.368849] HW.Memory <Error> core\memory.cpp:Memory::MemorySystem::Write:528: unmapped Write8 0x00000000 @ 0x0000087B at PC 0x010F3548
[   6.368849] HW.Memory <Error> core\memory.cpp:Memory::MemorySystem::Write:528: unmapped Write8 0x00000000 @ 0x0000087C at PC 0x010F3548
[   6.368850] HW.Memory <Error> core\memory.cpp:Memory::MemorySystem::Write:528: unmapped Write8 0x00000000 @ 0x0000087D at PC 0x010F3548
[   6.368850] HW.Memory <Error> core\memory.cpp:Memory::MemorySystem::Write:528: unmapped Write8 0x00000000 @ 0x0000087E at PC 0x010F3548
[   6.368851] HW.Memory <Error> core\memory.cpp:Memory::MemorySystem::Write:528: unmapped Write8 0x00000000 @ 0x0000087F at PC 0x010F3548
[   6.368851] HW.Memory <Error> core\memory.cpp:Memory::MemorySystem::Write:528: unmapped Write8 0x00000000 @ 0x00000880 at PC 0x010F3548
[   6.368852] HW.Memory <Error> core\memory.cpp:Memory::MemorySystem::Write:528: unmapped Write8 0x00000000 @ 0x00000881 at PC 0x010F3548
[   6.368852] HW.Memory <Error> core\memory.cpp:Memory::MemorySystem::Write:528: unmapped Write8 0x00000000 @ 0x00000882 at PC 0x010F3548
[   6.368853] HW.Memory <Error> core\memory.cpp:Memory::MemorySystem::Write:528: unmapped Write8 0x00000000 @ 0x00000883 at PC 0x010F3548
[   6.368853] HW.Memory <Error> core\memory.cpp:Memory::MemorySystem::Write:528: unmapped Write8 0x00000000 @ 0x00000884 at PC 0x010F3548
[   6.368854] HW.Memory <Error> core\memory.cpp:Memory::MemorySystem::Write:528: unmapped Write8 0x00000000 @ 0x00000885 at PC 0x010F3548
[   6.368854] HW.Memory <Error> core\memory.cpp:Memory::MemorySystem::Write:528: unmapped Write8 0x00000000 @ 0x00000886 at PC 0x010F3548
[   6.368855] HW.Memory <Error> core\memory.cpp:Memory::MemorySystem::Write:528: unmapped Write8 0x00000000 @ 0x00000887 at PC 0x010F3548
[   6.368855] HW.Memory <Error> core\memory.cpp:Memory::MemorySystem::Write:528: unmapped Write8 0x00000000 @ 0x00000888 at PC 0x010F3548
[   6.368856] HW.Memory <Error> core\memory.cpp:Memory::MemorySystem::Write:528: unmapped Write8 0x00000000 @ 0x00000889 at PC 0x010F3548
[   6.368856] HW.Memory <Error> core\memory.cpp:Memory::MemorySystem::Write:528: unmapped Write8 0x00000000 @ 0x0000088A at PC 0x010F3548
[   6.368857] HW.Memory <Error> core\memory.cpp:Memory::MemorySystem::Write:528: unmapped Write8 0x00000000 @ 0x0000088B at PC 0x010F3548
[   6.368857] HW.Memory <Error> core\memory.cpp:Memory::MemorySystem::Write:528: unmapped Write8 0x00000000 @ 0x0000088C at PC 0x010F3548
[   6.368858] HW.Memory <Error> core\memory.cpp:Memory::MemorySystem::Write:528: unmapped Write8 0x00000000 @ 0x0000088D at PC 0x010F3548
[   6.368858] HW.Memory <Error> core\memory.cpp:Memory::MemorySystem::Write:528: unmapped Write8 0x00000000 @ 0x0000088E at PC 0x010F3548
[   6.368859] HW.Memory <Error> core\memory.cpp:Memory::MemorySystem::Write:528: unmapped Write8 0x00000000 @ 0x0000088F at PC 0x010F3548
[   6.368860] HW.Memory <Error> core\memory.cpp:Memory::MemorySystem::Write:528: unmapped Write8 0x00000000 @ 0x00000890 at PC 0x010F3548
[   6.368860] HW.Memory <Error> core\memory.cpp:Memory::MemorySystem::Write:528: unmapped Write8 0x00000000 @ 0x00000891 at PC 0x010F3548
[   6.368861] HW.Memory <Error> core\memory.cpp:Memory::MemorySystem::Write:528: unmapped Write8 0x00000000 @ 0x00000892 at PC 0x010F3548
[   6.368861] HW.Memory <Error> core\memory.cpp:Memory::MemorySystem::Write:528: unmapped Write8 0x00000000 @ 0x00000893 at PC 0x010F3548
[   6.368862] HW.Memory <Error> core\memory.cpp:Memory::MemorySystem::Write:528: unmapped Write8 0x00000000 @ 0x00000894 at PC 0x010F3548
[   6.368863] HW.Memory <Error> core\memory.cpp:Memory::MemorySystem::Write:528: unmapped Write8 0x00000000 @ 0x00000895 at PC 0x010F3548
[   6.368863] HW.Memory <Error> core\memory.cpp:Memory::MemorySystem::Write:528: unmapped Write8 0x00000000 @ 0x00000896 at PC 0x010F3548
[   6.368864] HW.Memory <Error> core\memory.cpp:Memory::MemorySystem::Write:528: unmapped Write8 0x00000000 @ 0x00000897 at PC 0x010F3548
[   6.368864] HW.Memory <Error> core\memory.cpp:Memory::MemorySystem::Write:528: unmapped Write8 0x00000000 @ 0x00000898 at PC 0x010F3548
[   6.368865] HW.Memory <Error> core\memory.cpp:Memory::MemorySystem::Write:528: unmapped Write8 0x00000000 @ 0x00000899 at PC 0x010F3548
[   6.368865] HW.Memory <Error> core\memory.cpp:Memory::MemorySystem::Write:528: unmapped Write8 0x00000000 @ 0x0000089A at PC 0x010F3548
[   6.368866] HW.Memory <Error> core\memory.cpp:Memory::MemorySystem::Write:528: unmapped Write8 0x00000000 @ 0x0000089B at PC 0x010F3548
[   6.368866] HW.Memory <Error> core\memory.cpp:Memory::MemorySystem::Write:528: unmapped Write8 0x00000000 @ 0x0000089C at PC 0x010F3548
[   6.368867] HW.Memory <Error> core\memory.cpp:Memory::MemorySystem::Write:528: unmapped Write8 0x00000000 @ 0x0000089D at PC 0x010F3548
[   6.368867] HW.Memory <Error> core\memory.cpp:Memory::MemorySystem::Write:528: unmapped Write8 0x00000000 @ 0x0000089E at PC 0x010F3548
[   6.368868] HW.Memory <Error> core\memory.cpp:Memory::MemorySystem::Write:528: unmapped Write8 0x00000000 @ 0x0000089F at PC 0x010F3548
[   6.368869] HW.Memory <Error> core\memory.cpp:Memory::MemorySystem::Write:528: unmapped Write8 0x00000000 @ 0x000008A0 at PC 0x010F3548
[   6.368869] HW.Memory <Error> core\memory.cpp:Memory::MemorySystem::Write:528: unmapped Write8 0x00000000 @ 0x000008A1 at PC 0x010F3548
[   6.368870] HW.Memory <Error> core\memory.cpp:Memory::MemorySystem::Write:528: unmapped Write8 0x00000000 @ 0x000008A2 at PC 0x010F3548
[   6.368870] HW.Memory <Error> core\memory.cpp:Memory::MemorySystem::Write:528: unmapped Write8 0x00000000 @ 0x000008A3 at PC 0x010F3548
[   6.368871] HW.Memory <Error> core\memory.cpp:Memory::MemorySystem::Write:528: unmapped Write8 0x00000000 @ 0x000008A4 at PC 0x010F3548
[   6.368871] HW.Memory <Error> core\memory.cpp:Memory::MemorySystem::Write:528: unmapped Write8 0x00000000 @ 0x000008A5 at PC 0x010F3548
[   6.368872] HW.Memory <Error> core\memory.cpp:Memory::MemorySystem::Write:528: unmapped Write8 0x00000000 @ 0x000008A6 at PC 0x010F3548
[   6.368873] HW.Memory <Error> core\memory.cpp:Memory::MemorySystem::Write:528: unmapped Write8 0x00000000 @ 0x000008A7 at PC 0x010F3548
[   6.368873] HW.Memory <Error> core\memory.cpp:Memory::MemorySystem::Write:528: unmapped Write8 0x00000000 @ 0x000008A8 at PC 0x010F3548
[   6.368874] HW.Memory <Error> core\memory.cpp:Memory::MemorySystem::Write:528: unmapped Write8 0x00000000 @ 0x000008A9 at PC 0x010F3548
[   6.368874] HW.Memory <Error> core\memory.cpp:Memory::MemorySystem::Write:528: unmapped Write8 0x00000000 @ 0x000008AA at PC 0x010F3548
[   6.368875] HW.Memory <Error> core\memory.cpp:Memory::MemorySystem::Write:528: unmapped Write8 0x00000000 @ 0x000008AB at PC 0x010F3548
[   6.368875] HW.Memory <Error> core\memory.cpp:Memory::MemorySystem::Write:528: unmapped Write8 0x00000000 @ 0x000008AC at PC 0x010F3548
[   6.368876] HW.Memory <Error> core\memory.cpp:Memory::MemorySystem::Write:528: unmapped Write8 0x00000000 @ 0x000008AD at PC 0x010F3548
[   6.368876] HW.Memory <Error> core\memory.cpp:Memory::MemorySystem::Write:528: unmapped Write8 0x00000000 @ 0x000008AE at PC 0x010F3548
[   6.368877] HW.Memory <Error> core\memory.cpp:Memory::MemorySystem::Write:528: unmapped Write8 0x00000000 @ 0x000008AF at PC 0x010F3548
[   6.368877] HW.Memory <Error> core\memory.cpp:Memory::MemorySystem::Write:528: unmapped Write8 0x00000000 @ 0x000008B0 at PC 0x010F3548
[   6.368878] HW.Memory <Error> core\memory.cpp:Memory::MemorySystem::Write:528: unmapped Write8 0x00000000 @ 0x000008B1 at PC 0x010F3548
[   6.368878] HW.Memory <Error> core\memory.cpp:Memory::MemorySystem::Write:528: unmapped Write8 0x00000000 @ 0x000008B2 at PC 0x010F3548
[   6.368879] HW.Memory <Error> core\memory.cpp:Memory::MemorySystem::Write:528: unmapped Write8 0x00000000 @ 0x000008B3 at PC 0x010F3548
[   6.368879] HW.Memory <Error> core\memory.cpp:Memory::MemorySystem::Write:528: unmapped Write8 0x00000000 @ 0x000008B4 at PC 0x010F3548
[   6.368880] HW.Memory <Error> core\memory.cpp:Memory::MemorySystem::Write:528: unmapped Write8 0x00000000 @ 0x000008B5 at PC 0x010F3548
[   6.368880] HW.Memory <Error> core\memory.cpp:Memory::MemorySystem::Write:528: unmapped Write8 0x00000000 @ 0x000008B6 at PC 0x010F3548
[   6.368881] HW.Memory <Error> core\memory.cpp:Memory::MemorySystem::Write:528: unmapped Write8 0x00000000 @ 0x000008B7 at PC 0x010F3548
[   6.368881] HW.Memory <Error> core\memory.cpp:Memory::MemorySystem::Write:528: unmapped Write8 0x00000000 @ 0x000008B8 at PC 0x010F3548
[   6.368882] HW.Memory <Error> core\memory.cpp:Memory::MemorySystem::Write:528: unmapped Write8 0x00000000 @ 0x000008B9 at PC 0x010F3548
[   6.368882] HW.Memory <Error> core\memory.cpp:Memory::MemorySystem::Write:528: unmapped Write8 0x00000000 @ 0x000008BA at PC 0x010F3548
[   6.368883] HW.Memory <Error> core\memory.cpp:Memory::MemorySystem::Write:528: unmapped Write8 0x00000000 @ 0x000008BB at PC 0x010F3548
[   6.368883] HW.Memory <Error> core\memory.cpp:Memory::MemorySystem::Write:528: unmapped Write8 0x00000000 @ 0x000008BC at PC 0x010F3548
[   6.368884] HW.Memory <Error> core\memory.cpp:Memory::MemorySystem::Write:528: unmapped Write8 0x00000000 @ 0x000008BD at PC 0x010F3548
[   6.368884] HW.Memory <Error> core\memory.cpp:Memory::MemorySystem::Write:528: unmapped Write8 0x00000000 @ 0x000008BE at PC 0x010F3548
[   6.368885] HW.Memory <Error> core\memory.cpp:Memory::MemorySystem::Write:528: unmapped Write8 0x00000000 @ 0x000008BF at PC 0x010F3548
[   6.368885] HW.Memory <Error> core\memory.cpp:Memory::MemorySystem::Write:528: unmapped Write8 0x00000000 @ 0x000008C0 at PC 0x010F3548
[   6.368886] HW.Memory <Error> core\memory.cpp:Memory::MemorySystem::Write:528: unmapped Write8 0x00000000 @ 0x000008C1 at PC 0x010F3548
[   6.368886] HW.Memory <Error> core\memory.cpp:Memory::MemorySystem::Write:528: unmapped Write8 0x00000000 @ 0x000008C2 at PC 0x010F3548
[   6.368887] HW.Memory <Error> core\memory.cpp:Memory::MemorySystem::Write:528: unmapped Write8 0x00000000 @ 0x000008C3 at PC 0x010F3548
[   6.368888] HW.Memory <Error> core\memory.cpp:Memory::MemorySystem::Write:528: unmapped Write8 0x00000000 @ 0x000008C4 at PC 0x010F3548
[   6.368888] HW.Memory <Error> core\memory.cpp:Memory::MemorySystem::Write:528: unmapped Write8 0x00000000 @ 0x000008C5 at PC 0x010F3548
[   6.368889] HW.Memory <Error> core\memory.cpp:Memory::MemorySystem::Write:528: unmapped Write8 0x00000000 @ 0x000008C6 at PC 0x010F3548
[   6.368889] HW.Memory <Error> core\memory.cpp:Memory::MemorySystem::Write:528: unmapped Write8 0x00000000 @ 0x000008C7 at PC 0x010F3548
[   6.368890] HW.Memory <Error> core\memory.cpp:Memory::MemorySystem::Write:528: unmapped Write8 0x00000000 @ 0x000008C8 at PC 0x010F3548
[   6.368890] HW.Memory <Error> core\memory.cpp:Memory::MemorySystem::Write:528: unmapped Write8 0x00000000 @ 0x000008C9 at PC 0x010F3548
[   6.368891] HW.Memory <Error> core\memory.cpp:Memory::MemorySystem::Write:528: unmapped Write8 0x00000000 @ 0x000008CA at PC 0x010F3548
[   6.368891] HW.Memory <Error> core\memory.cpp:Memory::MemorySystem::Write:528: unmapped Write8 0x00000000 @ 0x000008CB at PC 0x010F3548
[   6.368892] HW.Memory <Error> core\memory.cpp:Memory::MemorySystem::Write:528: unmapped Write8 0x00000000 @ 0x000008CC at PC 0x010F3548
[   6.368892] HW.Memory <Error> core\memory.cpp:Memory::MemorySystem::Write:528: unmapped Write8 0x00000000 @ 0x000008CD at PC 0x010F3548
[   6.368893] HW.Memory <Error> core\memory.cpp:Memory::MemorySystem::Write:528: unmapped Write8 0x00000000 @ 0x000008CE at PC 0x010F3548
[   6.368894] HW.Memory <Error> core\memory.cpp:Memory::MemorySystem::Write:528: unmapped Write8 0x00000000 @ 0x000008CF at PC 0x010F3548
[   6.368894] HW.Memory <Error> core\memory.cpp:Memory::MemorySystem::Write:528: unmapped Write8 0x00000000 @ 0x000008D0 at PC 0x010F3548
[   6.368895] HW.Memory <Error> core\memory.cpp:Memory::MemorySystem::Write:528: unmapped Write8 0x00000000 @ 0x000008D1 at PC 0x010F3548
[   6.368895] HW.Memory <Error> core\memory.cpp:Memory::MemorySystem::Write:528: unmapped Write8 0x00000000 @ 0x000008D2 at PC 0x010F3548
[   6.368896] HW.Memory <Error> core\memory.cpp:Memory::MemorySystem::Write:528: unmapped Write8 0x00000000 @ 0x000008D3 at PC 0x010F3548
[   6.368897] HW.Memory <Error> core\memory.cpp:Memory::MemorySystem::Write:528: unmapped Write8 0x00000000 @ 0x000008D4 at PC 0x010F3548
[   6.368897] HW.Memory <Error> core\memory.cpp:Memory::MemorySystem::Write:528: unmapped Write8 0x00000000 @ 0x000008D5 at PC 0x010F3548
[   6.368898] HW.Memory <Error> core\memory.cpp:Memory::MemorySystem::Write:528: unmapped Write8 0x00000000 @ 0x000008D6 at PC 0x010F3548
[   6.368898] HW.Memory <Error> core\memory.cpp:Memory::MemorySystem::Write:528: unmapped Write8 0x00000000 @ 0x000008D7 at PC 0x010F3548
[   6.368899] HW.Memory <Error> core\memory.cpp:Memory::MemorySystem::Write:528: unmapped Write8 0x00000000 @ 0x000008D8 at PC 0x010F3548
[   6.368899] HW.Memory <Error> core\memory.cpp:Memory::MemorySystem::Write:528: unmapped Write8 0x00000000 @ 0x000008D9 at PC 0x010F3548
[   6.368900] HW.Memory <Error> core\memory.cpp:Memory::MemorySystem::Write:528: unmapped Write8 0x00000000 @ 0x000008DA at PC 0x010F3548
[   6.368901] HW.Memory <Error> core\memory.cpp:Memory::MemorySystem::Write:528: unmapped Write8 0x00000000 @ 0x000008DB at PC 0x010F3548
[   6.368901] HW.Memory <Error> core\memory.cpp:Memory::MemorySystem::Write:528: unmapped Write8 0x00000000 @ 0x000008DC at PC 0x010F3548
[   6.368902] HW.Memory <Error> core\memory.cpp:Memory::MemorySystem::Write:528: unmapped Write8 0x00000000 @ 0x000008DD at PC 0x010F3548
[   6.368902] HW.Memory <Error> core\memory.cpp:Memory::MemorySystem::Write:528: unmapped Write8 0x00000000 @ 0x000008DE at PC 0x010F3548
[   6.368903] HW.Memory <Error> core\memory.cpp:Memory::MemorySystem::Write:528: unmapped Write8 0x00000000 @ 0x000008DF at PC 0x010F3548
[   6.368903] HW.Memory <Error> core\memory.cpp:Memory::MemorySystem::Write:528: unmapped Write8 0x00000000 @ 0x000008E0 at PC 0x010F3548
[   6.368904] HW.Memory <Error> core\memory.cpp:Memory::MemorySystem::Write:528: unmapped Write8 0x00000000 @ 0x000008E1 at PC 0x010F3548
[   6.368905] HW.Memory <Error> core\memory.cpp:Memory::MemorySystem::Write:528: unmapped Write8 0x00000000 @ 0x000008E2 at PC 0x010F3548
[   6.368905] HW.Memory <Error> core\memory.cpp:Memory::MemorySystem::Write:528: unmapped Write8 0x00000000 @ 0x000008E3 at PC 0x010F3548
[   6.368906] HW.Memory <Error> core\memory.cpp:Memory::MemorySystem::Write:528: unmapped Write8 0x00000000 @ 0x000008E4 at PC 0x010F3548
[   6.368906] HW.Memory <Error> core\memory.cpp:Memory::MemorySystem::Write:528: unmapped Write8 0x00000000 @ 0x000008E5 at PC 0x010F3548
[   6.368907] HW.Memory <Error> core\memory.cpp:Memory::MemorySystem::Write:528: unmapped Write8 0x00000000 @ 0x000008E6 at PC 0x010F3548
[   6.368908] HW.Memory <Error> core\memory.cpp:Memory::MemorySystem::Write:528: unmapped Write8 0x00000000 @ 0x000008E7 at PC 0x010F3548
[   6.368908] HW.Memory <Error> core\memory.cpp:Memory::MemorySystem::Write:528: unmapped Write8 0x00000000 @ 0x000008E8 at PC 0x010F3548
[   6.368909] HW.Memory <Error> core\memory.cpp:Memory::MemorySystem::Write:528: unmapped Write8 0x00000000 @ 0x000008E9 at PC 0x010F3548
[   6.368909] HW.Memory <Error> core\memory.cpp:Memory::MemorySystem::Write:528: unmapped Write8 0x00000000 @ 0x000008EA at PC 0x010F3548
[   6.368910] HW.Memory <Error> core\memory.cpp:Memory::MemorySystem::Write:528: unmapped Write8 0x00000000 @ 0x000008EB at PC 0x010F3548
[   6.368910] HW.Memory <Error> core\memory.cpp:Memory::MemorySystem::Write:528: unmapped Write8 0x00000000 @ 0x000008EC at PC 0x010F3548
[   6.368911] HW.Memory <Error> core\memory.cpp:Memory::MemorySystem::Write:528: unmapped Write8 0x00000000 @ 0x000008ED at PC 0x010F3548
[   6.368911] HW.Memory <Error> core\memory.cpp:Memory::MemorySystem::Write:528: unmapped Write8 0x00000000 @ 0x000008EE at PC 0x010F3548
[   6.368912] HW.Memory <Error> core\memory.cpp:Memory::MemorySystem::Write:528: unmapped Write8 0x00000000 @ 0x000008EF at PC 0x010F3548
[   6.368912] HW.Memory <Error> core\memory.cpp:Memory::MemorySystem::Write:528: unmapped Write8 0x00000000 @ 0x000008F0 at PC 0x010F3548
[   6.368913] HW.Memory <Error> core\memory.cpp:Memory::MemorySystem::Write:528: unmapped Write8 0x00000000 @ 0x000008F1 at PC 0x010F3548
[   6.368913] HW.Memory <Error> core\memory.cpp:Memory::MemorySystem::Write:528: unmapped Write8 0x00000000 @ 0x000008F2 at PC 0x010F3548
[   6.368914] HW.Memory <Error> core\memory.cpp:Memory::MemorySystem::Write:528: unmapped Write8 0x00000000 @ 0x000008F3 at PC 0x010F3548
[   6.368915] HW.Memory <Error> core\memory.cpp:Memory::MemorySystem::Write:528: unmapped Write8 0x00000000 @ 0x000008F4 at PC 0x010F3548
[   6.368915] HW.Memory <Error> core\memory.cpp:Memory::MemorySystem::Write:528: unmapped Write8 0x00000000 @ 0x000008F5 at PC 0x010F3548
[   6.368916] HW.Memory <Error> core\memory.cpp:Memory::MemorySystem::Write:528: unmapped Write8 0x00000000 @ 0x000008F6 at PC 0x010F3548
[   6.368916] HW.Memory <Error> core\memory.cpp:Memory::MemorySystem::Write:528: unmapped Write8 0x00000000 @ 0x000008F7 at PC 0x010F3548
[   6.368917] HW.Memory <Error> core\memory.cpp:Memory::MemorySystem::Write:528: unmapped Write8 0x00000000 @ 0x000008F8 at PC 0x010F3548
[   6.368918] HW.Memory <Error> core\memory.cpp:Memory::MemorySystem::Write:528: unmapped Write8 0x00000000 @ 0x000008F9 at PC 0x010F3548
[   6.368918] HW.Memory <Error> core\memory.cpp:Memory::MemorySystem::Write:528: unmapped Write8 0x00000000 @ 0x000008FA at PC 0x010F3548
[   6.368919] HW.Memory <Error> core\memory.cpp:Memory::MemorySystem::Write:528: unmapped Write8 0x00000000 @ 0x000008FB at PC 0x010F3548
[   6.368920] HW.Memory <Error> core\memory.cpp:Memory::MemorySystem::Write:528: unmapped Write8 0x00000000 @ 0x000008FC at PC 0x010F3548
[   6.368920] HW.Memory <Error> core\memory.cpp:Memory::MemorySystem::Write:528: unmapped Write8 0x00000000 @ 0x000008FD at PC 0x010F3548
[   6.368921] HW.Memory <Error> core\memory.cpp:Memory::MemorySystem::Write:528: unmapped Write8 0x00000000 @ 0x000008FE at PC 0x010F3548
[   6.368921] HW.Memory <Error> core\memory.cpp:Memory::MemorySystem::Write:528: unmapped Write8 0x00000000 @ 0x000008FF at PC 0x010F3548
[   6.368922] HW.Memory <Error> core\memory.cpp:Memory::MemorySystem::Write:528: unmapped Write8 0x00000000 @ 0x00000900 at PC 0x010F3548
[   6.368923] HW.Memory <Error> core\memory.cpp:Memory::MemorySystem::Write:528: unmapped Write8 0x00000000 @ 0x00000901 at PC 0x010F3548
[   6.368923] HW.Memory <Error> core\memory.cpp:Memory::MemorySystem::Write:528: unmapped Write8 0x00000000 @ 0x00000902 at PC 0x010F3548
[   6.368924] HW.Memory <Error> core\memory.cpp:Memory::MemorySystem::Write:528: unmapped Write8 0x00000000 @ 0x00000903 at PC 0x010F3548
[   6.368924] HW.Memory <Error> core\memory.cpp:Memory::MemorySystem::Write:528: unmapped Write8 0x00000000 @ 0x00000904 at PC 0x010F3548
[   6.368925] HW.Memory <Error> core\memory.cpp:Memory::MemorySystem::Write:528: unmapped Write8 0x00000000 @ 0x00000905 at PC 0x010F3548
[   6.368925] HW.Memory <Error> core\memory.cpp:Memory::MemorySystem::Write:528: unmapped Write8 0x00000000 @ 0x00000906 at PC 0x010F3548
[   6.368926] HW.Memory <Error> core\memory.cpp:Memory::MemorySystem::Write:528: unmapped Write8 0x00000000 @ 0x00000907 at PC 0x010F3548
[   6.368927] HW.Memory <Error> core\memory.cpp:Memory::MemorySystem::Write:528: unmapped Write8 0x00000000 @ 0x00000908 at PC 0x010F3548
[   6.368927] HW.Memory <Error> core\memory.cpp:Memory::MemorySystem::Write:528: unmapped Write8 0x00000000 @ 0x00000909 at PC 0x010F3548
[   6.368928] HW.Memory <Error> core\memory.cpp:Memory::MemorySystem::Write:528: unmapped Write8 0x00000000 @ 0x0000090A at PC 0x010F3548
[   6.368928] HW.Memory <Error> core\memory.cpp:Memory::MemorySystem::Write:528: unmapped Write8 0x00000000 @ 0x0000090B at PC 0x010F3548
[   6.368929] HW.Memory <Error> core\memory.cpp:Memory::MemorySystem::Write:528: unmapped Write8 0x00000000 @ 0x0000090C at PC 0x010F3548
[   6.368929] HW.Memory <Error> core\memory.cpp:Memory::MemorySystem::Write:528: unmapped Write8 0x00000000 @ 0x0000090D at PC 0x010F3548
[   6.368930] HW.Memory <Error> core\memory.cpp:Memory::MemorySystem::Write:528: unmapped Write8 0x00000000 @ 0x0000090E at PC 0x010F3548
[   6.368931] HW.Memory <Error> core\memory.cpp:Memory::MemorySystem::Write:528: unmapped Write8 0x00000000 @ 0x0000090F at PC 0x010F3548
[   6.368931] HW.Memory <Error> core\memory.cpp:Memory::MemorySystem::Write:528: unmapped Write8 0x00000000 @ 0x00000910 at PC 0x010F3548
[   6.368932] HW.Memory <Error> core\memory.cpp:Memory::MemorySystem::Write:528: unmapped Write8 0x00000000 @ 0x00000911 at PC 0x010F3548
[   6.368932] HW.Memory <Error> core\memory.cpp:Memory::MemorySystem::Write:528: unmapped Write8 0x00000000 @ 0x00000912 at PC 0x010F3548
[   6.368933] HW.Memory <Error> core\memory.cpp:Memory::MemorySystem::Write:528: unmapped Write8 0x00000000 @ 0x00000913 at PC 0x010F3548
[   6.368933] HW.Memory <Error> core\memory.cpp:Memory::MemorySystem::Write:528: unmapped Write8 0x00000000 @ 0x00000914 at PC 0x010F3548
[   6.368934] HW.Memory <Error> core\memory.cpp:Memory::MemorySystem::Write:528: unmapped Write8 0x00000000 @ 0x00000915 at PC 0x010F3548
[   6.368934] HW.Memory <Error> core\memory.cpp:Memory::MemorySystem::Write:528: unmapped Write8 0x00000000 @ 0x00000916 at PC 0x010F3548
[   6.368935] HW.Memory <Error> core\memory.cpp:Memory::MemorySystem::Write:528: unmapped Write8 0x00000000 @ 0x00000917 at PC 0x010F3548
[   6.368935] HW.Memory <Error> core\memory.cpp:Memory::MemorySystem::Write:528: unmapped Write8 0x00000000 @ 0x00000918 at PC 0x010F3548
[   6.368936] HW.Memory <Error> core\memory.cpp:Memory::MemorySystem::Write:528: unmapped Write8 0x00000000 @ 0x00000919 at PC 0x010F3548
[   6.368936] HW.Memory <Error> core\memory.cpp:Memory::MemorySystem::Write:528: unmapped Write8 0x00000000 @ 0x0000091A at PC 0x010F3548
[   6.368937] HW.Memory <Error> core\memory.cpp:Memory::MemorySystem::Write:528: unmapped Write8 0x00000000 @ 0x0000091B at PC 0x010F3548
[   6.368937] HW.Memory <Error> core\memory.cpp:Memory::MemorySystem::Write:528: unmapped Write8 0x00000000 @ 0x0000091C at PC 0x010F3548
[   6.368938] HW.Memory <Error> core\memory.cpp:Memory::MemorySystem::Write:528: unmapped Write8 0x00000000 @ 0x0000091D at PC 0x010F3548
[   6.368939] HW.Memory <Error> core\memory.cpp:Memory::MemorySystem::Write:528: unmapped Write8 0x00000000 @ 0x0000091E at PC 0x010F3548
[   6.368939] HW.Memory <Error> core\memory.cpp:Memory::MemorySystem::Write:528: unmapped Write8 0x00000000 @ 0x0000091F at PC 0x010F3548
[   6.368940] HW.Memory <Error> core\memory.cpp:Memory::MemorySystem::Write:528: unmapped Write8 0x00000000 @ 0x00000920 at PC 0x010F3548
[   6.368940] HW.Memory <Error> core\memory.cpp:Memory::MemorySystem::Write:528: unmapped Write8 0x00000000 @ 0x00000921 at PC 0x010F3548
[   6.368941] HW.Memory <Error> core\memory.cpp:Memory::MemorySystem::Write:528: unmapped Write8 0x00000000 @ 0x00000922 at PC 0x010F3548
[   6.368941] HW.Memory <Error> core\memory.cpp:Memory::MemorySystem::Write:528: unmapped Write8 0x00000000 @ 0x00000923 at PC 0x010F3548
[   6.368942] HW.Memory <Error> core\memory.cpp:Memory::MemorySystem::Write:528: unmapped Write8 0x00000000 @ 0x00000924 at PC 0x010F3548
[   6.368942] HW.Memory <Error> core\memory.cpp:Memory::MemorySystem::Write:528: unmapped Write8 0x00000000 @ 0x00000925 at PC 0x010F3548
[   6.368943] HW.Memory <Error> core\memory.cpp:Memory::MemorySystem::Write:528: unmapped Write8 0x00000000 @ 0x00000926 at PC 0x010F3548
[   6.368943] HW.Memory <Error> core\memory.cpp:Memory::MemorySystem::Write:528: unmapped Write8 0x00000000 @ 0x00000927 at PC 0x010F3548
[   6.368944] HW.Memory <Error> core\memory.cpp:Memory::MemorySystem::Write:528: unmapped Write8 0x00000000 @ 0x00000928 at PC 0x010F3548
[   6.368945] HW.Memory <Error> core\memory.cpp:Memory::MemorySystem::Write:528: unmapped Write8 0x00000000 @ 0x00000929 at PC 0x010F3548
[   6.368945] HW.Memory <Error> core\memory.cpp:Memory::MemorySystem::Write:528: unmapped Write8 0x00000000 @ 0x0000092A at PC 0x010F3548
[   6.368951] HW.Memory <Error> core\memory.cpp:Memory::MemorySystem::Write:528: unmapped Write8 0x00000000 @ 0x0000092B at PC 0x010F3548
[   6.368951] HW.Memory <Error> core\memory.cpp:Memory::MemorySystem::Write:528: unmapped Write8 0x00000000 @ 0x0000092C at PC 0x010F3548
[   6.368952] HW.Memory <Error> core\memory.cpp:Memory::MemorySystem::Write:528: unmapped Write8 0x00000000 @ 0x0000092D at PC 0x010F3548
[   6.368952] HW.Memory <Error> core\memory.cpp:Memory::MemorySystem::Write:528: unmapped Write8 0x00000000 @ 0x0000092E at PC 0x010F3548
[   6.368953] HW.Memory <Error> core\memory.cpp:Memory::MemorySystem::Write:528: unmapped Write8 0x00000000 @ 0x0000092F at PC 0x010F3548
[   6.368953] HW.Memory <Error> core\memory.cpp:Memory::MemorySystem::Write:528: unmapped Write8 0x00000000 @ 0x00000930 at PC 0x010F3548
[   6.368954] HW.Memory <Error> core\memory.cpp:Memory::MemorySystem::Write:528: unmapped Write8 0x00000000 @ 0x00000931 at PC 0x010F3548
[   6.368954] HW.Memory <Error> core\memory.cpp:Memory::MemorySystem::Write:528: unmapped Write8 0x00000000 @ 0x00000932 at PC 0x010F3548
[   6.368955] HW.Memory <Error> core\memory.cpp:Memory::MemorySystem::Write:528: unmapped Write8 0x00000000 @ 0x00000933 at PC 0x010F3548
[   6.368955] HW.Memory <Error> core\memory.cpp:Memory::MemorySystem::Write:528: unmapped Write8 0x00000000 @ 0x00000934 at PC 0x010F3548
[   6.368956] HW.Memory <Error> core\memory.cpp:Memory::MemorySystem::Write:528: unmapped Write8 0x00000000 @ 0x00000935 at PC 0x010F3548
[   6.368956] HW.Memory <Error> core\memory.cpp:Memory::MemorySystem::Write:528: unmapped Write8 0x00000000 @ 0x00000936 at PC 0x010F3548
[   6.368957] HW.Memory <Error> core\memory.cpp:Memory::MemorySystem::Write:528: unmapped Write8 0x00000000 @ 0x00000937 at PC 0x010F3548
[   6.368957] HW.Memory <Error> core\memory.cpp:Memory::MemorySystem::Write:528: unmapped Write8 0x00000000 @ 0x00000938 at PC 0x010F3548
[   6.368958] HW.Memory <Error> core\memory.cpp:Memory::MemorySystem::Write:528: unmapped Write8 0x00000000 @ 0x00000939 at PC 0x010F3548
[   6.368958] HW.Memory <Error> core\memory.cpp:Memory::MemorySystem::Write:528: unmapped Write8 0x00000000 @ 0x0000093A at PC 0x010F3548
[   6.368959] HW.Memory <Error> core\memory.cpp:Memory::MemorySystem::Write:528: unmapped Write8 0x00000000 @ 0x0000093B at PC 0x010F3548
[   6.368959] HW.Memory <Error> core\memory.cpp:Memory::MemorySystem::Write:528: unmapped Write8 0x00000000 @ 0x0000093C at PC 0x010F3548
[   6.368960] HW.Memory <Error> core\memory.cpp:Memory::MemorySystem::Write:528: unmapped Write8 0x00000000 @ 0x0000093D at PC 0x010F3548
[   6.368960] HW.Memory <Error> core\memory.cpp:Memory::MemorySystem::Write:528: unmapped Write8 0x00000000 @ 0x0000093E at PC 0x010F3548
[   6.368961] HW.Memory <Error> core\memory.cpp:Memory::MemorySystem::Write:528: unmapped Write8 0x00000000 @ 0x0000093F at PC 0x010F3548
[   6.368962] HW.Memory <Error> core\memory.cpp:Memory::MemorySystem::Write:528: unmapped Write8 0x00000000 @ 0x00000940 at PC 0x010F3548
[   6.368962] HW.Memory <Error> core\memory.cpp:Memory::MemorySystem::Write:528: unmapped Write8 0x00000000 @ 0x00000941 at PC 0x010F3548
[   6.368963] HW.Memory <Error> core\memory.cpp:Memory::MemorySystem::Write:528: unmapped Write8 0x00000000 @ 0x00000942 at PC 0x010F3548
[   6.368963] HW.Memory <Error> core\memory.cpp:Memory::MemorySystem::Write:528: unmapped Write8 0x00000000 @ 0x00000943 at PC 0x010F3548
[   6.368964] HW.Memory <Error> core\memory.cpp:Memory::MemorySystem::Write:528: unmapped Write8 0x00000000 @ 0x00000944 at PC 0x010F3548
[   6.368964] HW.Memory <Error> core\memory.cpp:Memory::MemorySystem::Write:528: unmapped Write8 0x00000000 @ 0x00000945 at PC 0x010F3548
[   6.368965] HW.Memory <Error> core\memory.cpp:Memory::MemorySystem::Write:528: unmapped Write8 0x00000000 @ 0x00000946 at PC 0x010F3548
[   6.368965] HW.Memory <Error> core\memory.cpp:Memory::MemorySystem::Write:528: unmapped Write8 0x00000000 @ 0x00000947 at PC 0x010F3548
[   6.368966] HW.Memory <Error> core\memory.cpp:Memory::MemorySystem::Write:528: unmapped Write8 0x00000000 @ 0x00000948 at PC 0x010F3548
[   6.368967] HW.Memory <Error> core\memory.cpp:Memory::MemorySystem::Write:528: unmapped Write8 0x00000000 @ 0x00000949 at PC 0x010F3548
[   6.368967] HW.Memory <Error> core\memory.cpp:Memory::MemorySystem::Write:528: unmapped Write8 0x00000000 @ 0x0000094A at PC 0x010F3548
[   6.368968] HW.Memory <Error> core\memory.cpp:Memory::MemorySystem::Write:528: unmapped Write8 0x00000000 @ 0x0000094B at PC 0x010F3548
[   6.368968] HW.Memory <Error> core\memory.cpp:Memory::MemorySystem::Write:528: unmapped Write8 0x00000000 @ 0x0000094C at PC 0x010F3548
[   6.368969] HW.Memory <Error> core\memory.cpp:Memory::MemorySystem::Write:528: unmapped Write8 0x00000000 @ 0x0000094D at PC 0x010F3548
[   6.368969] HW.Memory <Error> core\memory.cpp:Memory::MemorySystem::Write:528: unmapped Write8 0x00000000 @ 0x0000094E at PC 0x010F3548
[   6.368970] HW.Memory <Error> core\memory.cpp:Memory::MemorySystem::Write:528: unmapped Write8 0x00000000 @ 0x0000094F at PC 0x010F3548
[   6.368971] HW.Memory <Error> core\memory.cpp:Memory::MemorySystem::Write:528: unmapped Write8 0x00000000 @ 0x00000950 at PC 0x010F3548
[   6.368971] HW.Memory <Error> core\memory.cpp:Memory::MemorySystem::Write:528: unmapped Write8 0x00000000 @ 0x00000951 at PC 0x010F3548
[   6.368972] HW.Memory <Error> core\memory.cpp:Memory::MemorySystem::Write:528: unmapped Write8 0x00000000 @ 0x00000952 at PC 0x010F3548
[   6.368972] HW.Memory <Error> core\memory.cpp:Memory::MemorySystem::Write:528: unmapped Write8 0x00000000 @ 0x00000953 at PC 0x010F3548
[   6.368973] HW.Memory <Error> core\memory.cpp:Memory::MemorySystem::Write:528: unmapped Write8 0x00000000 @ 0x00000954 at PC 0x010F3548
[   6.368973] HW.Memory <Error> core\memory.cpp:Memory::MemorySystem::Write:528: unmapped Write8 0x00000000 @ 0x00000955 at PC 0x010F3548
[   6.368974] HW.Memory <Error> core\memory.cpp:Memory::MemorySystem::Write:528: unmapped Write8 0x00000000 @ 0x00000956 at PC 0x010F3548
[   6.368974] HW.Memory <Error> core\memory.cpp:Memory::MemorySystem::Write:528: unmapped Write8 0x00000000 @ 0x00000957 at PC 0x010F3548
[   6.368975] HW.Memory <Error> core\memory.cpp:Memory::MemorySystem::Write:528: unmapped Write8 0x00000000 @ 0x00000958 at PC 0x010F3548
[   6.368976] HW.Memory <Error> core\memory.cpp:Memory::MemorySystem::Write:528: unmapped Write8 0x00000000 @ 0x00000959 at PC 0x010F3548
[   6.368976] HW.Memory <Error> core\memory.cpp:Memory::MemorySystem::Write:528: unmapped Write8 0x00000000 @ 0x0000095A at PC 0x010F3548
[   6.368977] HW.Memory <Error> core\memory.cpp:Memory::MemorySystem::Write:528: unmapped Write8 0x00000000 @ 0x0000095B at PC 0x010F3548
[   6.368977] HW.Memory <Error> core\memory.cpp:Memory::MemorySystem::Write:528: unmapped Write8 0x00000000 @ 0x0000095C at PC 0x010F3548
[   6.368978] HW.Memory <Error> core\memory.cpp:Memory::MemorySystem::Write:528: unmapped Write8 0x00000000 @ 0x0000095D at PC 0x010F3548
[   6.368978] HW.Memory <Error> core\memory.cpp:Memory::MemorySystem::Write:528: unmapped Write8 0x00000000 @ 0x0000095E at PC 0x010F3548
[   6.368979] HW.Memory <Error> core\memory.cpp:Memory::MemorySystem::Write:528: unmapped Write8 0x00000000 @ 0x0000095F at PC 0x010F3548
[   6.368980] HW.Memory <Error> core\memory.cpp:Memory::MemorySystem::Write:528: unmapped Write8 0x00000000 @ 0x00000960 at PC 0x010F3548
[   6.368980] HW.Memory <Error> core\memory.cpp:Memory::MemorySystem::Write:528: unmapped Write8 0x00000000 @ 0x00000961 at PC 0x010F3548
[   6.368981] HW.Memory <Error> core\memory.cpp:Memory::MemorySystem::Write:528: unmapped Write8 0x00000000 @ 0x00000962 at PC 0x010F3548
[   6.368981] HW.Memory <Error> core\memory.cpp:Memory::MemorySystem::Write:528: unmapped Write8 0x00000000 @ 0x00000963 at PC 0x010F3548
[   6.368982] HW.Memory <Error> core\memory.cpp:Memory::MemorySystem::Write:528: unmapped Write8 0x00000000 @ 0x00000964 at PC 0x010F3548
[   6.368983] HW.Memory <Error> core\memory.cpp:Memory::MemorySystem::Write:528: unmapped Write8 0x00000000 @ 0x00000965 at PC 0x010F3548
[   6.368983] HW.Memory <Error> core\memory.cpp:Memory::MemorySystem::Write:528: unmapped Write8 0x00000000 @ 0x00000966 at PC 0x010F3548
[   6.368984] HW.Memory <Error> core\memory.cpp:Memory::MemorySystem::Write:528: unmapped Write8 0x00000000 @ 0x00000967 at PC 0x010F3548
[   6.368984] HW.Memory <Error> core\memory.cpp:Memory::MemorySystem::Write:528: unmapped Write8 0x00000000 @ 0x00000968 at PC 0x010F3548
[   6.368985] HW.Memory <Error> core\memory.cpp:Memory::MemorySystem::Write:528: unmapped Write8 0x00000000 @ 0x00000969 at PC 0x010F3548
[   6.368985] HW.Memory <Error> core\memory.cpp:Memory::MemorySystem::Write:528: unmapped Write8 0x00000000 @ 0x0000096A at PC 0x010F3548
[   6.368986] HW.Memory <Error> core\memory.cpp:Memory::MemorySystem::Write:528: unmapped Write8 0x00000000 @ 0x0000096B at PC 0x010F3548
[   6.368986] HW.Memory <Error> core\memory.cpp:Memory::MemorySystem::Write:528: unmapped Write8 0x00000000 @ 0x0000096C at PC 0x010F3548
[   6.368987] HW.Memory <Error> core\memory.cpp:Memory::MemorySystem::Write:528: unmapped Write8 0x00000000 @ 0x0000096D at PC 0x010F3548
[   6.368988] HW.Memory <Error> core\memory.cpp:Memory::MemorySystem::Write:528: unmapped Write8 0x00000000 @ 0x0000096E at PC 0x010F3548
[   6.368988] HW.Memory <Error> core\memory.cpp:Memory::MemorySystem::Write:528: unmapped Write8 0x00000000 @ 0x0000096F at PC 0x010F3548
[   6.368989] HW.Memory <Error> core\memory.cpp:Memory::MemorySystem::Write:528: unmapped Write8 0x00000000 @ 0x00000970 at PC 0x010F3548
[   6.368989] HW.Memory <Error> core\memory.cpp:Memory::MemorySystem::Write:528: unmapped Write8 0x00000000 @ 0x00000971 at PC 0x010F3548
[   6.368990] HW.Memory <Error> core\memory.cpp:Memory::MemorySystem::Write:528: unmapped Write8 0x00000000 @ 0x00000972 at PC 0x010F3548
[   6.368991] HW.Memory <Error> core\memory.cpp:Memory::MemorySystem::Write:528: unmapped Write8 0x00000000 @ 0x00000973 at PC 0x010F3548
[   6.368991] HW.Memory <Error> core\memory.cpp:Memory::MemorySystem::Write:528: unmapped Write8 0x00000000 @ 0x00000974 at PC 0x010F3548
[   6.368992] HW.Memory <Error> core\memory.cpp:Memory::MemorySystem::Write:528: unmapped Write8 0x00000000 @ 0x00000975 at PC 0x010F3548
[   6.368993] HW.Memory <Error> core\memory.cpp:Memory::MemorySystem::Write:528: unmapped Write8 0x00000000 @ 0x00000976 at PC 0x010F3548
[   6.368993] HW.Memory <Error> core\memory.cpp:Memory::MemorySystem::Write:528: unmapped Write8 0x00000000 @ 0x00000977 at PC 0x010F3548
[   6.368994] HW.Memory <Error> core\memory.cpp:Memory::MemorySystem::Write:528: unmapped Write8 0x00000000 @ 0x00000978 at PC 0x010F3548
[   6.368994] HW.Memory <Error> core\memory.cpp:Memory::MemorySystem::Write:528: unmapped Write8 0x00000000 @ 0x00000979 at PC 0x010F3548
[   6.368995] HW.Memory <Error> core\memory.cpp:Memory::MemorySystem::Write:528: unmapped Write8 0x00000000 @ 0x0000097A at PC 0x010F3548
[   6.368996] HW.Memory <Error> core\memory.cpp:Memory::MemorySystem::Write:528: unmapped Write8 0x00000000 @ 0x0000097B at PC 0x010F3548
[   6.368996] HW.Memory <Error> core\memory.cpp:Memory::MemorySystem::Write:528: unmapped Write8 0x00000000 @ 0x0000097C at PC 0x010F3548
[   6.368997] HW.Memory <Error> core\memory.cpp:Memory::MemorySystem::Write:528: unmapped Write8 0x00000000 @ 0x0000097D at PC 0x010F3548
[   6.368997] HW.Memory <Error> core\memory.cpp:Memory::MemorySystem::Write:528: unmapped Write8 0x00000000 @ 0x0000097E at PC 0x010F3548
[   6.368998] HW.Memory <Error> core\memory.cpp:Memory::MemorySystem::Write:528: unmapped Write8 0x00000000 @ 0x0000097F at PC 0x010F3548
[   6.368998] HW.Memory <Error> core\memory.cpp:Memory::MemorySystem::Write:528: unmapped Write8 0x00000000 @ 0x00000980 at PC 0x010F3548
[   6.368999] HW.Memory <Error> core\memory.cpp:Memory::MemorySystem::Write:528: unmapped Write8 0x00000000 @ 0x00000981 at PC 0x010F3548
[   6.368999] HW.Memory <Error> core\memory.cpp:Memory::MemorySystem::Write:528: unmapped Write8 0x00000000 @ 0x00000982 at PC 0x010F3548
[   6.369000] HW.Memory <Error> core\memory.cpp:Memory::MemorySystem::Write:528: unmapped Write8 0x00000000 @ 0x00000983 at PC 0x010F3548
[   6.369000] HW.Memory <Error> core\memory.cpp:Memory::MemorySystem::Write:528: unmapped Write8 0x00000000 @ 0x00000984 at PC 0x010F3548
[   6.369001] HW.Memory <Error> core\memory.cpp:Memory::MemorySystem::Write:528: unmapped Write8 0x00000000 @ 0x00000985 at PC 0x010F3548
[   6.369001] HW.Memory <Error> core\memory.cpp:Memory::MemorySystem::Write:528: unmapped Write8 0x00000000 @ 0x00000986 at PC 0x010F3548
[   6.369002] HW.Memory <Error> core\memory.cpp:Memory::MemorySystem::Write:528: unmapped Write8 0x00000000 @ 0x00000987 at PC 0x010F3548
[   6.369003] HW.Memory <Error> core\memory.cpp:Memory::MemorySystem::Write:528: unmapped Write8 0x00000000 @ 0x00000988 at PC 0x010F3548
[   6.369003] HW.Memory <Error> core\memory.cpp:Memory::MemorySystem::Write:528: unmapped Write8 0x00000000 @ 0x00000989 at PC 0x010F3548
[   6.369004] HW.Memory <Error> core\memory.cpp:Memory::MemorySystem::Write:528: unmapped Write8 0x00000000 @ 0x0000098A at PC 0x010F3548
[   6.369005] HW.Memory <Error> core\memory.cpp:Memory::MemorySystem::Write:528: unmapped Write8 0x00000000 @ 0x0000098B at PC 0x010F3548
[   6.369005] HW.Memory <Error> core\memory.cpp:Memory::MemorySystem::Write:528: unmapped Write8 0x00000000 @ 0x0000098C at PC 0x010F3548
[   6.369006] HW.Memory <Error> core\memory.cpp:Memory::MemorySystem::Write:528: unmapped Write8 0x00000000 @ 0x0000098D at PC 0x010F3548
[   6.369006] HW.Memory <Error> core\memory.cpp:Memory::MemorySystem::Write:528: unmapped Write8 0x00000000 @ 0x0000098E at PC 0x010F3548
[   6.369007] HW.Memory <Error> core\memory.cpp:Memory::MemorySystem::Write:528: unmapped Write8 0x00000000 @ 0x0000098F at PC 0x010F3548
[   6.369007] HW.Memory <Error> core\memory.cpp:Memory::MemorySystem::Write:528: unmapped Write8 0x00000000 @ 0x00000990 at PC 0x010F3548
[   6.369008] HW.Memory <Error> core\memory.cpp:Memory::MemorySystem::Write:528: unmapped Write8 0x00000000 @ 0x00000991 at PC 0x010F3548
[   6.369008] HW.Memory <Error> core\memory.cpp:Memory::MemorySystem::Write:528: unmapped Write8 0x00000000 @ 0x00000992 at PC 0x010F3548
[   6.369009] HW.Memory <Error> core\memory.cpp:Memory::MemorySystem::Write:528: unmapped Write8 0x00000000 @ 0x00000993 at PC 0x010F3548
[   6.369010] HW.Memory <Error> core\memory.cpp:Memory::MemorySystem::Write:528: unmapped Write8 0x00000000 @ 0x00000994 at PC 0x010F3548
[   6.369010] HW.Memory <Error> core\memory.cpp:Memory::MemorySystem::Write:528: unmapped Write8 0x00000000 @ 0x00000995 at PC 0x010F3548
[   6.369011] HW.Memory <Error> core\memory.cpp:Memory::MemorySystem::Write:528: unmapped Write8 0x00000000 @ 0x00000996 at PC 0x010F3548
[   6.369011] HW.Memory <Error> core\memory.cpp:Memory::MemorySystem::Write:528: unmapped Write8 0x00000000 @ 0x00000997 at PC 0x010F3548
[   6.369012] HW.Memory <Error> core\memory.cpp:Memory::MemorySystem::Write:528: unmapped Write8 0x00000000 @ 0x00000998 at PC 0x010F3548
[   6.369012] HW.Memory <Error> core\memory.cpp:Memory::MemorySystem::Write:528: unmapped Write8 0x00000000 @ 0x00000999 at PC 0x010F3548
[   6.369013] HW.Memory <Error> core\memory.cpp:Memory::MemorySystem::Write:528: unmapped Write8 0x00000000 @ 0x0000099A at PC 0x010F3548
[   6.369013] HW.Memory <Error> core\memory.cpp:Memory::MemorySystem::Write:528: unmapped Write8 0x00000000 @ 0x0000099B at PC 0x010F3548
[   6.369014] HW.Memory <Error> core\memory.cpp:Memory::MemorySystem::Write:528: unmapped Write8 0x00000000 @ 0x0000099C at PC 0x010F3548
[   6.369014] HW.Memory <Error> core\memory.cpp:Memory::MemorySystem::Write:528: unmapped Write8 0x00000000 @ 0x0000099D at PC 0x010F3548
[   6.369015] HW.Memory <Error> core\memory.cpp:Memory::MemorySystem::Write:528: unmapped Write8 0x00000000 @ 0x0000099E at PC 0x010F3548
[   6.369016] HW.Memory <Error> core\memory.cpp:Memory::MemorySystem::Write:528: unmapped Write8 0x00000000 @ 0x0000099F at PC 0x010F3548
[   6.369016] HW.Memory <Error> core\memory.cpp:Memory::MemorySystem::Write:528: unmapped Write8 0x00000000 @ 0x000009A0 at PC 0x010F3548
[   6.369017] HW.Memory <Error> core\memory.cpp:Memory::MemorySystem::Write:528: unmapped Write8 0x00000000 @ 0x000009A1 at PC 0x010F3548
[   6.369017] HW.Memory <Error> core\memory.cpp:Memory::MemorySystem::Write:528: unmapped Write8 0x00000000 @ 0x000009A2 at PC 0x010F3548
[   6.369018] HW.Memory <Error> core\memory.cpp:Memory::MemorySystem::Write:528: unmapped Write8 0x00000000 @ 0x000009A3 at PC 0x010F3548
[   6.369018] HW.Memory <Error> core\memory.cpp:Memory::MemorySystem::Write:528: unmapped Write8 0x00000000 @ 0x000009A4 at PC 0x010F3548
[   6.369019] HW.Memory <Error> core\memory.cpp:Memory::MemorySystem::Write:528: unmapped Write8 0x00000000 @ 0x000009A5 at PC 0x010F3548
[   6.369019] HW.Memory <Error> core\memory.cpp:Memory::MemorySystem::Write:528: unmapped Write8 0x00000000 @ 0x000009A6 at PC 0x010F3548
[   6.369020] HW.Memory <Error> core\memory.cpp:Memory::MemorySystem::Write:528: unmapped Write8 0x00000000 @ 0x000009A7 at PC 0x010F3548
[   6.369021] HW.Memory <Error> core\memory.cpp:Memory::MemorySystem::Write:528: unmapped Write8 0x00000000 @ 0x000009A8 at PC 0x010F3548
[   6.369021] HW.Memory <Error> core\memory.cpp:Memory::MemorySystem::Write:528: unmapped Write8 0x00000000 @ 0x000009A9 at PC 0x010F3548
[   6.369022] HW.Memory <Error> core\memory.cpp:Memory::MemorySystem::Write:528: unmapped Write8 0x00000000 @ 0x000009AA at PC 0x010F3548
[   6.369022] HW.Memory <Error> core\memory.cpp:Memory::MemorySystem::Write:528: unmapped Write8 0x00000000 @ 0x000009AB at PC 0x010F3548
[   6.369023] HW.Memory <Error> core\memory.cpp:Memory::MemorySystem::Write:528: unmapped Write8 0x00000000 @ 0x000009AC at PC 0x010F3548
[   6.369024] HW.Memory <Error> core\memory.cpp:Memory::MemorySystem::Write:528: unmapped Write8 0x00000000 @ 0x000009AD at PC 0x010F3548
[   6.369024] HW.Memory <Error> core\memory.cpp:Memory::MemorySystem::Write:528: unmapped Write8 0x00000000 @ 0x000009AE at PC 0x010F3548
[   6.369025] HW.Memory <Error> core\memory.cpp:Memory::MemorySystem::Write:528: unmapped Write8 0x00000000 @ 0x000009AF at PC 0x010F3548
[   6.369026] HW.Memory <Error> core\memory.cpp:Memory::MemorySystem::Write:528: unmapped Write8 0x00000000 @ 0x000009B0 at PC 0x010F3548
[   6.369026] HW.Memory <Error> core\memory.cpp:Memory::MemorySystem::Write:528: unmapped Write8 0x00000000 @ 0x000009B1 at PC 0x010F3548
[   6.369027] HW.Memory <Error> core\memory.cpp:Memory::MemorySystem::Write:528: unmapped Write8 0x00000000 @ 0x000009B2 at PC 0x010F3548
[   6.369027] HW.Memory <Error> core\memory.cpp:Memory::MemorySystem::Write:528: unmapped Write8 0x00000000 @ 0x000009B3 at PC 0x010F3548
[   6.369028] HW.Memory <Error> core\memory.cpp:Memory::MemorySystem::Write:528: unmapped Write8 0x00000000 @ 0x000009B4 at PC 0x010F3548
[   6.369028] HW.Memory <Error> core\memory.cpp:Memory::MemorySystem::Write:528: unmapped Write8 0x00000000 @ 0x000009B5 at PC 0x010F3548
[   6.369029] HW.Memory <Error> core\memory.cpp:Memory::MemorySystem::Write:528: unmapped Write8 0x00000000 @ 0x000009B6 at PC 0x010F3548
[   6.369029] HW.Memory <Error> core\memory.cpp:Memory::MemorySystem::Write:528: unmapped Write8 0x00000000 @ 0x000009B7 at PC 0x010F3548
[   6.369030] HW.Memory <Error> core\memory.cpp:Memory::MemorySystem::Write:528: unmapped Write8 0x00000000 @ 0x000009B8 at PC 0x010F3548
[   6.369030] HW.Memory <Error> core\memory.cpp:Memory::MemorySystem::Write:528: unmapped Write8 0x00000000 @ 0x000009B9 at PC 0x010F3548
[   6.369031] HW.Memory <Error> core\memory.cpp:Memory::MemorySystem::Write:528: unmapped Write8 0x00000000 @ 0x000009BA at PC 0x010F3548
[   6.369031] HW.Memory <Error> core\memory.cpp:Memory::MemorySystem::Write:528: unmapped Write8 0x00000000 @ 0x000009BB at PC 0x010F3548
[   6.369032] HW.Memory <Error> core\memory.cpp:Memory::MemorySystem::Write:528: unmapped Write8 0x00000000 @ 0x000009BC at PC 0x010F3548
[   6.369032] HW.Memory <Error> core\memory.cpp:Memory::MemorySystem::Write:528: unmapped Write8 0x00000000 @ 0x000009BD at PC 0x010F3548
[   6.369033] HW.Memory <Error> core\memory.cpp:Memory::MemorySystem::Write:528: unmapped Write8 0x00000000 @ 0x000009BE at PC 0x010F3548
[   6.369033] HW.Memory <Error> core\memory.cpp:Memory::MemorySystem::Write:528: unmapped Write8 0x00000000 @ 0x000009BF at PC 0x010F3548
[   6.369034] HW.Memory <Error> core\memory.cpp:Memory::MemorySystem::Write:528: unmapped Write8 0x00000000 @ 0x000009C0 at PC 0x010F3548
[   6.369035] HW.Memory <Error> core\memory.cpp:Memory::MemorySystem::Write:528: unmapped Write8 0x00000000 @ 0x000009C1 at PC 0x010F3548
[   6.369035] HW.Memory <Error> core\memory.cpp:Memory::MemorySystem::Write:528: unmapped Write8 0x00000000 @ 0x000009C2 at PC 0x010F3548
[   6.369036] HW.Memory <Error> core\memory.cpp:Memory::MemorySystem::Write:528: unmapped Write8 0x00000000 @ 0x000009C3 at PC 0x010F3548
[   6.369036] HW.Memory <Error> core\memory.cpp:Memory::MemorySystem::Write:528: unmapped Write8 0x00000000 @ 0x000009C4 at PC 0x010F3548
[   6.369037] HW.Memory <Error> core\memory.cpp:Memory::MemorySystem::Write:528: unmapped Write8 0x00000000 @ 0x000009C5 at PC 0x010F3548
[   6.369037] HW.Memory <Error> core\memory.cpp:Memory::MemorySystem::Write:528: unmapped Write8 0x00000000 @ 0x000009C6 at PC 0x010F3548
[   6.369038] HW.Memory <Error> core\memory.cpp:Memory::MemorySystem::Write:528: unmapped Write8 0x00000000 @ 0x000009C7 at PC 0x010F3548
[   6.369038] HW.Memory <Error> core\memory.cpp:Memory::MemorySystem::Write:528: unmapped Write8 0x00000000 @ 0x000009C8 at PC 0x010F3548
[   6.369039] HW.Memory <Error> core\memory.cpp:Memory::MemorySystem::Write:528: unmapped Write8 0x00000000 @ 0x000009C9 at PC 0x010F3548
[   6.369040] HW.Memory <Error> core\memory.cpp:Memory::MemorySystem::Write:528: unmapped Write8 0x00000000 @ 0x000009CA at PC 0x010F3548
[   6.369040] HW.Memory <Error> core\memory.cpp:Memory::MemorySystem::Write:528: unmapped Write8 0x00000000 @ 0x000009CB at PC 0x010F3548
[   6.369041] HW.Memory <Error> core\memory.cpp:Memory::MemorySystem::Write:528: unmapped Write8 0x00000000 @ 0x000009CC at PC 0x010F3548
[   6.369041] HW.Memory <Error> core\memory.cpp:Memory::MemorySystem::Write:528: unmapped Write8 0x00000000 @ 0x000009CD at PC 0x010F3548
[   6.369042] HW.Memory <Error> core\memory.cpp:Memory::MemorySystem::Write:528: unmapped Write8 0x00000000 @ 0x000009CE at PC 0x010F3548
[   6.369042] HW.Memory <Error> core\memory.cpp:Memory::MemorySystem::Write:528: unmapped Write8 0x00000000 @ 0x000009CF at PC 0x010F3548
[   6.369043] HW.Memory <Error> core\memory.cpp:Memory::MemorySystem::Write:528: unmapped Write8 0x00000000 @ 0x000009D0 at PC 0x010F3548
[   6.369044] HW.Memory <Error> core\memory.cpp:Memory::MemorySystem::Write:528: unmapped Write8 0x00000000 @ 0x000009D1 at PC 0x010F3548
[   6.369044] HW.Memory <Error> core\memory.cpp:Memory::MemorySystem::Write:528: unmapped Write8 0x00000000 @ 0x000009D2 at PC 0x010F3548
[   6.369045] HW.Memory <Error> core\memory.cpp:Memory::MemorySystem::Write:528: unmapped Write8 0x00000000 @ 0x000009D3 at PC 0x010F3548
[   6.369045] HW.Memory <Error> core\memory.cpp:Memory::MemorySystem::Write:528: unmapped Write8 0x00000000 @ 0x000009D4 at PC 0x010F3548
[   6.369046] HW.Memory <Error> core\memory.cpp:Memory::MemorySystem::Write:528: unmapped Write8 0x00000000 @ 0x000009D5 at PC 0x010F3548
[   6.369046] HW.Memory <Error> core\memory.cpp:Memory::MemorySystem::Write:528: unmapped Write8 0x00000000 @ 0x000009D6 at PC 0x010F3548
[   6.369047] HW.Memory <Error> core\memory.cpp:Memory::MemorySystem::Write:528: unmapped Write8 0x00000000 @ 0x000009D7 at PC 0x010F3548
[   6.369047] HW.Memory <Error> core\memory.cpp:Memory::MemorySystem::Write:528: unmapped Write8 0x00000000 @ 0x000009D8 at PC 0x010F3548
[   6.369048] HW.Memory <Error> core\memory.cpp:Memory::MemorySystem::Write:528: unmapped Write8 0x00000000 @ 0x000009D9 at PC 0x010F3548
[   6.369048] HW.Memory <Error> core\memory.cpp:Memory::MemorySystem::Write:528: unmapped Write8 0x00000000 @ 0x000009DA at PC 0x010F3548
[   6.369049] HW.Memory <Error> core\memory.cpp:Memory::MemorySystem::Write:528: unmapped Write8 0x00000000 @ 0x000009DB at PC 0x010F3548
[   6.369049] HW.Memory <Error> core\memory.cpp:Memory::MemorySystem::Write:528: unmapped Write8 0x00000000 @ 0x000009DC at PC 0x010F3548
[   6.369050] HW.Memory <Error> core\memory.cpp:Memory::MemorySystem::Write:528: unmapped Write8 0x00000000 @ 0x000009DD at PC 0x010F3548
[   6.369051] HW.Memory <Error> core\memory.cpp:Memory::MemorySystem::Write:528: unmapped Write8 0x00000000 @ 0x000009DE at PC 0x010F3548
[   6.369051] HW.Memory <Error> core\memory.cpp:Memory::MemorySystem::Write:528: unmapped Write8 0x00000000 @ 0x000009DF at PC 0x010F3548
[   6.369052] HW.Memory <Error> core\memory.cpp:Memory::MemorySystem::Write:528: unmapped Write8 0x00000000 @ 0x000009E0 at PC 0x010F3548
[   6.369052] HW.Memory <Error> core\memory.cpp:Memory::MemorySystem::Write:528: unmapped Write8 0x00000000 @ 0x000009E1 at PC 0x010F3548
[   6.369053] HW.Memory <Error> core\memory.cpp:Memory::MemorySystem::Write:528: unmapped Write8 0x00000000 @ 0x000009E2 at PC 0x010F3548
[   6.369054] HW.Memory <Error> core\memory.cpp:Memory::MemorySystem::Write:528: unmapped Write8 0x00000000 @ 0x000009E3 at PC 0x010F3548
[   6.369054] HW.Memory <Error> core\memory.cpp:Memory::MemorySystem::Write:528: unmapped Write8 0x00000000 @ 0x000009E4 at PC 0x010F3548
[   6.369055] HW.Memory <Error> core\memory.cpp:Memory::MemorySystem::Write:528: unmapped Write8 0x00000000 @ 0x000009E5 at PC 0x010F3548
[   6.369055] HW.Memory <Error> core\memory.cpp:Memory::MemorySystem::Write:528: unmapped Write8 0x00000000 @ 0x000009E6 at PC 0x010F3548
[   6.369056] HW.Memory <Error> core\memory.cpp:Memory::MemorySystem::Write:528: unmapped Write8 0x00000000 @ 0x000009E7 at PC 0x010F3548
[   6.369057] HW.Memory <Error> core\memory.cpp:Memory::MemorySystem::Write:528: unmapped Write8 0x00000000 @ 0x000009E8 at PC 0x010F3548
[   6.369057] HW.Memory <Error> core\memory.cpp:Memory::MemorySystem::Write:528: unmapped Write8 0x00000000 @ 0x000009E9 at PC 0x010F3548
[   6.369058] HW.Memory <Error> core\memory.cpp:Memory::MemorySystem::Write:528: unmapped Write8 0x00000000 @ 0x000009EA at PC 0x010F3548
[   6.369058] HW.Memory <Error> core\memory.cpp:Memory::MemorySystem::Write:528: unmapped Write8 0x00000000 @ 0x000009EB at PC 0x010F3548
[   6.369059] HW.Memory <Error> core\memory.cpp:Memory::MemorySystem::Write:528: unmapped Write8 0x00000000 @ 0x000009EC at PC 0x010F3548
[   6.369059] HW.Memory <Error> core\memory.cpp:Memory::MemorySystem::Write:528: unmapped Write8 0x00000000 @ 0x000009ED at PC 0x010F3548
[   6.369060] HW.Memory <Error> core\memory.cpp:Memory::MemorySystem::Write:528: unmapped Write8 0x00000000 @ 0x000009EE at PC 0x010F3548
[   6.369060] HW.Memory <Error> core\memory.cpp:Memory::MemorySystem::Write:528: unmapped Write8 0x00000000 @ 0x000009EF at PC 0x010F3548
[   6.369061] HW.Memory <Error> core\memory.cpp:Memory::MemorySystem::Write:528: unmapped Write8 0x00000000 @ 0x000009F0 at PC 0x010F3548
[   6.369062] HW.Memory <Error> core\memory.cpp:Memory::MemorySystem::Write:528: unmapped Write8 0x00000000 @ 0x000009F1 at PC 0x010F3548
[   6.369062] HW.Memory <Error> core\memory.cpp:Memory::MemorySystem::Write:528: unmapped Write8 0x00000000 @ 0x000009F2 at PC 0x010F3548
[   6.369063] HW.Memory <Error> core\memory.cpp:Memory::MemorySystem::Write:528: unmapped Write8 0x00000000 @ 0x000009F3 at PC 0x010F3548
[   6.369063] HW.Memory <Error> core\memory.cpp:Memory::MemorySystem::Write:528: unmapped Write8 0x00000000 @ 0x000009F4 at PC 0x010F3548
[   6.369064] HW.Memory <Error> core\memory.cpp:Memory::MemorySystem::Write:528: unmapped Write8 0x00000000 @ 0x000009F5 at PC 0x010F3548
[   6.369064] HW.Memory <Error> core\memory.cpp:Memory::MemorySystem::Write:528: unmapped Write8 0x00000000 @ 0x000009F6 at PC 0x010F3548
[   6.369065] HW.Memory <Error> core\memory.cpp:Memory::MemorySystem::Write:528: unmapped Write8 0x00000000 @ 0x000009F7 at PC 0x010F3548
[   6.369065] HW.Memory <Error> core\memory.cpp:Memory::MemorySystem::Write:528: unmapped Write8 0x00000000 @ 0x000009F8 at PC 0x010F3548
[   6.369066] HW.Memory <Error> core\memory.cpp:Memory::MemorySystem::Write:528: unmapped Write8 0x00000000 @ 0x000009F9 at PC 0x010F3548
[   6.369067] HW.Memory <Error> core\memory.cpp:Memory::MemorySystem::Write:528: unmapped Write8 0x00000000 @ 0x000009FA at PC 0x010F3548
[   6.369067] HW.Memory <Error> core\memory.cpp:Memory::MemorySystem::Write:528: unmapped Write8 0x00000000 @ 0x000009FB at PC 0x010F3548
[   6.369068] HW.Memory <Error> core\memory.cpp:Memory::MemorySystem::Write:528: unmapped Write8 0x00000000 @ 0x000009FC at PC 0x010F3548
[   6.369068] HW.Memory <Error> core\memory.cpp:Memory::MemorySystem::Write:528: unmapped Write8 0x00000000 @ 0x000009FD at PC 0x010F3548
[   6.369069] HW.Memory <Error> core\memory.cpp:Memory::MemorySystem::Write:528: unmapped Write8 0x00000000 @ 0x000009FE at PC 0x010F3548
[   6.369069] HW.Memory <Error> core\memory.cpp:Memory::MemorySystem::Write:528: unmapped Write8 0x00000000 @ 0x000009FF at PC 0x010F3548
[   6.369070] HW.Memory <Error> core\memory.cpp:Memory::MemorySystem::Write:528: unmapped Write8 0x00000000 @ 0x00000A00 at PC 0x010F3548
[   6.369070] HW.Memory <Error> core\memory.cpp:Memory::MemorySystem::Write:528: unmapped Write8 0x00000000 @ 0x00000A01 at PC 0x010F3548
[   6.369071] HW.Memory <Error> core\memory.cpp:Memory::MemorySystem::Write:528: unmapped Write8 0x00000000 @ 0x00000A02 at PC 0x010F3548
[   6.369071] HW.Memory <Error> core\memory.cpp:Memory::MemorySystem::Write:528: unmapped Write8 0x00000000 @ 0x00000A03 at PC 0x010F3548
[   6.369072] HW.Memory <Error> core\memory.cpp:Memory::MemorySystem::Write:528: unmapped Write8 0x00000000 @ 0x00000A04 at PC 0x010F3548
[   6.369072] HW.Memory <Error> core\memory.cpp:Memory::MemorySystem::Write:528: unmapped Write8 0x00000000 @ 0x00000A05 at PC 0x010F3548
[   6.369073] HW.Memory <Error> core\memory.cpp:Memory::MemorySystem::Write:528: unmapped Write8 0x00000000 @ 0x00000A06 at PC 0x010F3548
[   6.369073] HW.Memory <Error> core\memory.cpp:Memory::MemorySystem::Write:528: unmapped Write8 0x00000000 @ 0x00000A07 at PC 0x010F3548
[   6.369074] HW.Memory <Error> core\memory.cpp:Memory::MemorySystem::Write:528: unmapped Write8 0x00000000 @ 0x00000A08 at PC 0x010F3548
[   6.369075] HW.Memory <Error> core\memory.cpp:Memory::MemorySystem::Write:528: unmapped Write8 0x00000000 @ 0x00000A09 at PC 0x010F3548
[   6.369075] HW.Memory <Error> core\memory.cpp:Memory::MemorySystem::Write:528: unmapped Write8 0x00000000 @ 0x00000A0A at PC 0x010F3548
[   6.369076] HW.Memory <Error> core\memory.cpp:Memory::MemorySystem::Write:528: unmapped Write8 0x00000000 @ 0x00000A0B at PC 0x010F3548
[   6.369076] HW.Memory <Error> core\memory.cpp:Memory::MemorySystem::Write:528: unmapped Write8 0x00000000 @ 0x00000A0C at PC 0x010F3548
[   6.369077] HW.Memory <Error> core\memory.cpp:Memory::MemorySystem::Write:528: unmapped Write8 0x00000000 @ 0x00000A0D at PC 0x010F3548
[   6.369077] HW.Memory <Error> core\memory.cpp:Memory::MemorySystem::Write:528: unmapped Write8 0x00000000 @ 0x00000A0E at PC 0x010F3548
[   6.369078] HW.Memory <Error> core\memory.cpp:Memory::MemorySystem::Write:528: unmapped Write8 0x00000000 @ 0x00000A0F at PC 0x010F3548
[   6.369078] HW.Memory <Error> core\memory.cpp:Memory::MemorySystem::Write:528: unmapped Write8 0x00000000 @ 0x00000A10 at PC 0x010F3548
[   6.369079] HW.Memory <Error> core\memory.cpp:Memory::MemorySystem::Write:528: unmapped Write8 0x00000000 @ 0x00000A11 at PC 0x010F3548
[   6.369079] HW.Memory <Error> core\memory.cpp:Memory::MemorySystem::Write:528: unmapped Write8 0x00000000 @ 0x00000A12 at PC 0x010F3548
[   6.369080] HW.Memory <Error> core\memory.cpp:Memory::MemorySystem::Write:528: unmapped Write8 0x00000000 @ 0x00000A13 at PC 0x010F3548
[   6.369081] HW.Memory <Error> core\memory.cpp:Memory::MemorySystem::Write:528: unmapped Write8 0x00000000 @ 0x00000A14 at PC 0x010F3548
[   6.369081] HW.Memory <Error> core\memory.cpp:Memory::MemorySystem::Write:528: unmapped Write8 0x00000000 @ 0x00000A15 at PC 0x010F3548
[   6.369082] HW.Memory <Error> core\memory.cpp:Memory::MemorySystem::Write:528: unmapped Write8 0x00000000 @ 0x00000A16 at PC 0x010F3548
[   6.369082] HW.Memory <Error> core\memory.cpp:Memory::MemorySystem::Write:528: unmapped Write8 0x00000000 @ 0x00000A17 at PC 0x010F3548
[   6.369083] HW.Memory <Error> core\memory.cpp:Memory::MemorySystem::Write:528: unmapped Write8 0x00000000 @ 0x00000A18 at PC 0x010F3548
[   6.369083] HW.Memory <Error> core\memory.cpp:Memory::MemorySystem::Write:528: unmapped Write8 0x00000000 @ 0x00000A19 at PC 0x010F3548
[   6.369084] HW.Memory <Error> core\memory.cpp:Memory::MemorySystem::Write:528: unmapped Write8 0x00000000 @ 0x00000A1A at PC 0x010F3548
[   6.369084] HW.Memory <Error> core\memory.cpp:Memory::MemorySystem::Write:528: unmapped Write8 0x00000000 @ 0x00000A1B at PC 0x010F3548
[   6.369085] HW.Memory <Error> core\memory.cpp:Memory::MemorySystem::Write:528: unmapped Write8 0x00000000 @ 0x00000A1C at PC 0x010F3548
[   6.369085] HW.Memory <Error> core\memory.cpp:Memory::MemorySystem::Write:528: unmapped Write8 0x00000000 @ 0x00000A1D at PC 0x010F3548
[   6.369086] HW.Memory <Error> core\memory.cpp:Memory::MemorySystem::Write:528: unmapped Write8 0x00000000 @ 0x00000A1E at PC 0x010F3548
[   6.369087] HW.Memory <Error> core\memory.cpp:Memory::MemorySystem::Write:528: unmapped Write8 0x00000000 @ 0x00000A1F at PC 0x010F3548
[   6.369087] HW.Memory <Error> core\memory.cpp:Memory::MemorySystem::Write:528: unmapped Write8 0x00000000 @ 0x00000A20 at PC 0x010F3548
[   6.369088] HW.Memory <Error> core\memory.cpp:Memory::MemorySystem::Write:528: unmapped Write8 0x00000000 @ 0x00000A21 at PC 0x010F3548
[   6.369088] HW.Memory <Error> core\memory.cpp:Memory::MemorySystem::Write:528: unmapped Write8 0x00000000 @ 0x00000A22 at PC 0x010F3548
[   6.369089] HW.Memory <Error> core\memory.cpp:Memory::MemorySystem::Write:528: unmapped Write8 0x00000000 @ 0x00000A23 at PC 0x010F3548
[   6.369089] HW.Memory <Error> core\memory.cpp:Memory::MemorySystem::Write:528: unmapped Write8 0x00000000 @ 0x00000A24 at PC 0x010F3548
[   6.369090] HW.Memory <Error> core\memory.cpp:Memory::MemorySystem::Write:528: unmapped Write8 0x00000000 @ 0x00000A25 at PC 0x010F3548
[   6.369090] HW.Memory <Error> core\memory.cpp:Memory::MemorySystem::Write:528: unmapped Write8 0x00000000 @ 0x00000A26 at PC 0x010F3548
[   6.369091] HW.Memory <Error> core\memory.cpp:Memory::MemorySystem::Write:528: unmapped Write8 0x00000000 @ 0x00000A27 at PC 0x010F3548
[   6.369091] HW.Memory <Error> core\memory.cpp:Memory::MemorySystem::Write:528: unmapped Write8 0x00000000 @ 0x00000A28 at PC 0x010F3548
[   6.369092] HW.Memory <Error> core\memory.cpp:Memory::MemorySystem::Write:528: unmapped Write8 0x00000000 @ 0x00000A29 at PC 0x010F3548
[   6.369093] HW.Memory <Error> core\memory.cpp:Memory::MemorySystem::Write:528: unmapped Write8 0x00000000 @ 0x00000A2A at PC 0x010F3548
[   6.369093] HW.Memory <Error> core\memory.cpp:Memory::MemorySystem::Write:528: unmapped Write8 0x00000000 @ 0x00000A2B at PC 0x010F3548
[   6.369094] HW.Memory <Error> core\memory.cpp:Memory::MemorySystem::Write:528: unmapped Write8 0x00000000 @ 0x00000A2C at PC 0x010F3548
[   6.369094] HW.Memory <Error> core\memory.cpp:Memory::MemorySystem::Write:528: unmapped Write8 0x00000000 @ 0x00000A2D at PC 0x010F3548
[   6.369095] HW.Memory <Error> core\memory.cpp:Memory::MemorySystem::Write:528: unmapped Write8 0x00000000 @ 0x00000A2E at PC 0x010F3548
[   6.369095] HW.Memory <Error> core\memory.cpp:Memory::MemorySystem::Write:528: unmapped Write8 0x00000000 @ 0x00000A2F at PC 0x010F3548
[   6.369096] HW.Memory <Error> core\memory.cpp:Memory::MemorySystem::Write:528: unmapped Write8 0x00000000 @ 0x00000A30 at PC 0x010F3548
[   6.369097] HW.Memory <Error> core\memory.cpp:Memory::MemorySystem::Write:528: unmapped Write8 0x00000000 @ 0x00000A31 at PC 0x010F3548
[   6.369097] HW.Memory <Error> core\memory.cpp:Memory::MemorySystem::Write:528: unmapped Write8 0x00000000 @ 0x00000A32 at PC 0x010F3548
[   6.369098] HW.Memory <Error> core\memory.cpp:Memory::MemorySystem::Write:528: unmapped Write8 0x00000000 @ 0x00000A33 at PC 0x010F3548
[   6.369098] HW.Memory <Error> core\memory.cpp:Memory::MemorySystem::Write:528: unmapped Write8 0x00000000 @ 0x00000A34 at PC 0x010F3548
[   6.369099] HW.Memory <Error> core\memory.cpp:Memory::MemorySystem::Write:528: unmapped Write8 0x00000000 @ 0x00000A35 at PC 0x010F3548
[   6.369099] HW.Memory <Error> core\memory.cpp:Memory::MemorySystem::Write:528: unmapped Write8 0x00000000 @ 0x00000A36 at PC 0x010F3548
[   6.369100] HW.Memory <Error> core\memory.cpp:Memory::MemorySystem::Write:528: unmapped Write8 0x00000000 @ 0x00000A37 at PC 0x010F3548
[   6.369100] HW.Memory <Error> core\memory.cpp:Memory::MemorySystem::Write:528: unmapped Write8 0x00000000 @ 0x00000A38 at PC 0x010F3548
[   6.369101] HW.Memory <Error> core\memory.cpp:Memory::MemorySystem::Write:528: unmapped Write8 0x00000000 @ 0x00000A39 at PC 0x010F3548
[   6.369101] HW.Memory <Error> core\memory.cpp:Memory::MemorySystem::Write:528: unmapped Write8 0x00000000 @ 0x00000A3A at PC 0x010F3548
[   6.369102] HW.Memory <Error> core\memory.cpp:Memory::MemorySystem::Write:528: unmapped Write8 0x00000000 @ 0x00000A3B at PC 0x010F3548
[   6.369102] HW.Memory <Error> core\memory.cpp:Memory::MemorySystem::Write:528: unmapped Write8 0x00000000 @ 0x00000A3C at PC 0x010F3548
[   6.369103] HW.Memory <Error> core\memory.cpp:Memory::MemorySystem::Write:528: unmapped Write8 0x00000000 @ 0x00000A3D at PC 0x010F3548
[   6.369103] HW.Memory <Error> core\memory.cpp:Memory::MemorySystem::Write:528: unmapped Write8 0x00000000 @ 0x00000A3E at PC 0x010F3548
[   6.369104] HW.Memory <Error> core\memory.cpp:Memory::MemorySystem::Write:528: unmapped Write8 0x00000000 @ 0x00000A3F at PC 0x010F3548
[   6.369104] HW.Memory <Error> core\memory.cpp:Memory::MemorySystem::Write:528: unmapped Write8 0x00000000 @ 0x00000A40 at PC 0x010F3548
[   6.369105] HW.Memory <Error> core\memory.cpp:Memory::MemorySystem::Write:528: unmapped Write8 0x00000000 @ 0x00000A41 at PC 0x010F3548
[   6.369105] HW.Memory <Error> core\memory.cpp:Memory::MemorySystem::Write:528: unmapped Write8 0x00000000 @ 0x00000A42 at PC 0x010F3548
[   6.369106] HW.Memory <Error> core\memory.cpp:Memory::MemorySystem::Write:528: unmapped Write8 0x00000000 @ 0x00000A43 at PC 0x010F3548
[   6.369106] HW.Memory <Error> core\memory.cpp:Memory::MemorySystem::Write:528: unmapped Write8 0x00000000 @ 0x00000A44 at PC 0x010F3548
[   6.369107] HW.Memory <Error> core\memory.cpp:Memory::MemorySystem::Write:528: unmapped Write8 0x00000000 @ 0x00000A45 at PC 0x010F3548
[   6.369108] HW.Memory <Error> core\memory.cpp:Memory::MemorySystem::Write:528: unmapped Write8 0x00000000 @ 0x00000A46 at PC 0x010F3548
[   6.369108] HW.Memory <Error> core\memory.cpp:Memory::MemorySystem::Write:528: unmapped Write8 0x00000000 @ 0x00000A47 at PC 0x010F3548
[   6.369109] HW.Memory <Error> core\memory.cpp:Memory::MemorySystem::Write:528: unmapped Write8 0x00000000 @ 0x00000A48 at PC 0x010F3548
[   6.369109] HW.Memory <Error> core\memory.cpp:Memory::MemorySystem::Write:528: unmapped Write8 0x00000000 @ 0x00000A49 at PC 0x010F3548
[   6.369110] HW.Memory <Error> core\memory.cpp:Memory::MemorySystem::Write:528: unmapped Write8 0x00000000 @ 0x00000A4A at PC 0x010F3548
[   6.369110] HW.Memory <Error> core\memory.cpp:Memory::MemorySystem::Write:528: unmapped Write8 0x00000000 @ 0x00000A4B at PC 0x010F3548
[   6.369111] HW.Memory <Error> core\memory.cpp:Memory::MemorySystem::Write:528: unmapped Write8 0x00000000 @ 0x00000A4C at PC 0x010F3548
[   6.369111] HW.Memory <Error> core\memory.cpp:Memory::MemorySystem::Write:528: unmapped Write8 0x00000000 @ 0x00000A4D at PC 0x010F3548
[   6.369112] HW.Memory <Error> core\memory.cpp:Memory::MemorySystem::Write:528: unmapped Write8 0x00000000 @ 0x00000A4E at PC 0x010F3548
[   6.369112] HW.Memory <Error> core\memory.cpp:Memory::MemorySystem::Write:528: unmapped Write8 0x00000000 @ 0x00000A4F at PC 0x010F3548
[   6.369113] HW.Memory <Error> core\memory.cpp:Memory::MemorySystem::Write:528: unmapped Write8 0x00000000 @ 0x00000A50 at PC 0x010F3548
[   6.369113] HW.Memory <Error> core\memory.cpp:Memory::MemorySystem::Write:528: unmapped Write8 0x00000000 @ 0x00000A51 at PC 0x010F3548
[   6.369114] HW.Memory <Error> core\memory.cpp:Memory::MemorySystem::Write:528: unmapped Write8 0x00000000 @ 0x00000A52 at PC 0x010F3548
[   6.369114] HW.Memory <Error> core\memory.cpp:Memory::MemorySystem::Write:528: unmapped Write8 0x00000000 @ 0x00000A53 at PC 0x010F3548
[   6.369115] HW.Memory <Error> core\memory.cpp:Memory::MemorySystem::Write:528: unmapped Write8 0x00000000 @ 0x00000A54 at PC 0x010F3548
[   6.369116] HW.Memory <Error> core\memory.cpp:Memory::MemorySystem::Write:528: unmapped Write8 0x00000000 @ 0x00000A55 at PC 0x010F3548
[   6.369116] HW.Memory <Error> core\memory.cpp:Memory::MemorySystem::Write:528: unmapped Write8 0x00000000 @ 0x00000A56 at PC 0x010F3548
[   6.369117] HW.Memory <Error> core\memory.cpp:Memory::MemorySystem::Write:528: unmapped Write8 0x00000000 @ 0x00000A57 at PC 0x010F3548
[   6.369117] HW.Memory <Error> core\memory.cpp:Memory::MemorySystem::Write:528: unmapped Write8 0x00000000 @ 0x00000A58 at PC 0x010F3548
[   6.369118] HW.Memory <Error> core\memory.cpp:Memory::MemorySystem::Write:528: unmapped Write8 0x00000000 @ 0x00000A59 at PC 0x010F3548
[   6.369118] HW.Memory <Error> core\memory.cpp:Memory::MemorySystem::Write:528: unmapped Write8 0x00000000 @ 0x00000A5A at PC 0x010F3548
[   6.369119] HW.Memory <Error> core\memory.cpp:Memory::MemorySystem::Write:528: unmapped Write8 0x00000000 @ 0x00000A5B at PC 0x010F3548
[   6.369120] HW.Memory <Error> core\memory.cpp:Memory::MemorySystem::Write:528: unmapped Write8 0x00000000 @ 0x00000A5C at PC 0x010F3548
[   6.369120] HW.Memory <Error> core\memory.cpp:Memory::MemorySystem::Write:528: unmapped Write8 0x00000000 @ 0x00000A5D at PC 0x010F3548
[   6.369121] HW.Memory <Error> core\memory.cpp:Memory::MemorySystem::Write:528: unmapped Write8 0x00000000 @ 0x00000A5E at PC 0x010F3548
[   6.369121] HW.Memory <Error> core\memory.cpp:Memory::MemorySystem::Write:528: unmapped Write8 0x00000000 @ 0x00000A5F at PC 0x010F3548
[   6.369122] HW.Memory <Error> core\memory.cpp:Memory::MemorySystem::Write:528: unmapped Write8 0x00000000 @ 0x00000A60 at PC 0x010F3548
[   6.369122] HW.Memory <Error> core\memory.cpp:Memory::MemorySystem::Write:528: unmapped Write8 0x00000000 @ 0x00000A61 at PC 0x010F3548
[   6.369123] HW.Memory <Error> core\memory.cpp:Memory::MemorySystem::Write:528: unmapped Write8 0x00000000 @ 0x00000A62 at PC 0x010F3548
[   6.369123] HW.Memory <Error> core\memory.cpp:Memory::MemorySystem::Write:528: unmapped Write8 0x00000000 @ 0x00000A63 at PC 0x010F3548
[   6.369124] HW.Memory <Error> core\memory.cpp:Memory::MemorySystem::Write:528: unmapped Write8 0x00000000 @ 0x00000A64 at PC 0x010F3548
[   6.369125] HW.Memory <Error> core\memory.cpp:Memory::MemorySystem::Write:528: unmapped Write8 0x00000000 @ 0x00000A65 at PC 0x010F3548
[   6.369125] HW.Memory <Error> core\memory.cpp:Memory::MemorySystem::Write:528: unmapped Write8 0x00000000 @ 0x00000A66 at PC 0x010F3548
[   6.369126] HW.Memory <Error> core\memory.cpp:Memory::MemorySystem::Write:528: unmapped Write8 0x00000000 @ 0x00000A67 at PC 0x010F3548
[   6.369126] HW.Memory <Error> core\memory.cpp:Memory::MemorySystem::Write:528: unmapped Write8 0x00000000 @ 0x00000A68 at PC 0x010F3548
[   6.369127] HW.Memory <Error> core\memory.cpp:Memory::MemorySystem::Write:528: unmapped Write8 0x00000000 @ 0x00000A69 at PC 0x010F3548
[   6.369128] HW.Memory <Error> core\memory.cpp:Memory::MemorySystem::Write:528: unmapped Write8 0x00000000 @ 0x00000A6A at PC 0x010F3548
[   6.369128] HW.Memory <Error> core\memory.cpp:Memory::MemorySystem::Write:528: unmapped Write8 0x00000000 @ 0x00000A6B at PC 0x010F3548
[   6.369129] HW.Memory <Error> core\memory.cpp:Memory::MemorySystem::Write:528: unmapped Write8 0x00000000 @ 0x00000A6C at PC 0x010F3548
[   6.369129] HW.Memory <Error> core\memory.cpp:Memory::MemorySystem::Write:528: unmapped Write8 0x00000000 @ 0x00000A6D at PC 0x010F3548
[   6.369130] HW.Memory <Error> core\memory.cpp:Memory::MemorySystem::Write:528: unmapped Write8 0x00000000 @ 0x00000A6E at PC 0x010F3548
[   6.369130] HW.Memory <Error> core\memory.cpp:Memory::MemorySystem::Write:528: unmapped Write8 0x00000000 @ 0x00000A6F at PC 0x010F3548
[   6.369131] HW.Memory <Error> core\memory.cpp:Memory::MemorySystem::Write:528: unmapped Write8 0x00000000 @ 0x00000A70 at PC 0x010F3548
[   6.369131] HW.Memory <Error> core\memory.cpp:Memory::MemorySystem::Write:528: unmapped Write8 0x00000000 @ 0x00000A71 at PC 0x010F3548
[   6.369132] HW.Memory <Error> core\memory.cpp:Memory::MemorySystem::Write:528: unmapped Write8 0x00000000 @ 0x00000A72 at PC 0x010F3548
[   6.369133] HW.Memory <Error> core\memory.cpp:Memory::MemorySystem::Write:528: unmapped Write8 0x00000000 @ 0x00000A73 at PC 0x010F3548
[   6.369133] HW.Memory <Error> core\memory.cpp:Memory::MemorySystem::Write:528: unmapped Write8 0x00000000 @ 0x00000A74 at PC 0x010F3548
[   6.369134] HW.Memory <Error> core\memory.cpp:Memory::MemorySystem::Write:528: unmapped Write8 0x00000000 @ 0x00000A75 at PC 0x010F3548
[   6.369134] HW.Memory <Error> core\memory.cpp:Memory::MemorySystem::Write:528: unmapped Write8 0x00000000 @ 0x00000A76 at PC 0x010F3548
[   6.369135] HW.Memory <Error> core\memory.cpp:Memory::MemorySystem::Write:528: unmapped Write8 0x00000000 @ 0x00000A77 at PC 0x010F3548
[   6.369135] HW.Memory <Error> core\memory.cpp:Memory::MemorySystem::Write:528: unmapped Write8 0x00000000 @ 0x00000A78 at PC 0x010F3548
[   6.369136] HW.Memory <Error> core\memory.cpp:Memory::MemorySystem::Write:528: unmapped Write8 0x00000000 @ 0x00000A79 at PC 0x010F3548
[   6.369137] HW.Memory <Error> core\memory.cpp:Memory::MemorySystem::Write:528: unmapped Write8 0x00000000 @ 0x00000A7A at PC 0x010F3548
[   6.369137] HW.Memory <Error> core\memory.cpp:Memory::MemorySystem::Write:528: unmapped Write8 0x00000000 @ 0x00000A7B at PC 0x010F3548
[   6.369138] HW.Memory <Error> core\memory.cpp:Memory::MemorySystem::Write:528: unmapped Write8 0x00000000 @ 0x00000A7C at PC 0x010F3548
[   6.369138] HW.Memory <Error> core\memory.cpp:Memory::MemorySystem::Write:528: unmapped Write8 0x00000000 @ 0x00000A7D at PC 0x010F3548
[   6.369139] HW.Memory <Error> core\memory.cpp:Memory::MemorySystem::Write:528: unmapped Write8 0x00000000 @ 0x00000A7E at PC 0x010F3548
[   6.369139] HW.Memory <Error> core\memory.cpp:Memory::MemorySystem::Write:528: unmapped Write8 0x00000000 @ 0x00000A7F at PC 0x010F3548
[   6.369140] HW.Memory <Error> core\memory.cpp:Memory::MemorySystem::Write:528: unmapped Write8 0x00000000 @ 0x00000A80 at PC 0x010F3548
[   6.369140] HW.Memory <Error> core\memory.cpp:Memory::MemorySystem::Write:528: unmapped Write8 0x00000000 @ 0x00000A81 at PC 0x010F3548
[   6.369141] HW.Memory <Error> core\memory.cpp:Memory::MemorySystem::Write:528: unmapped Write8 0x00000000 @ 0x00000A82 at PC 0x010F3548
[   6.369141] HW.Memory <Error> core\memory.cpp:Memory::MemorySystem::Write:528: unmapped Write8 0x00000000 @ 0x00000A83 at PC 0x010F3548
[   6.369142] HW.Memory <Error> core\memory.cpp:Memory::MemorySystem::Write:528: unmapped Write8 0x00000000 @ 0x00000A84 at PC 0x010F3548
[   6.369142] HW.Memory <Error> core\memory.cpp:Memory::MemorySystem::Write:528: unmapped Write8 0x00000000 @ 0x00000A85 at PC 0x010F3548
[   6.369143] HW.Memory <Error> core\memory.cpp:Memory::MemorySystem::Write:528: unmapped Write8 0x00000000 @ 0x00000A86 at PC 0x010F3548
[   6.369143] HW.Memory <Error> core\memory.cpp:Memory::MemorySystem::Write:528: unmapped Write8 0x00000000 @ 0x00000A87 at PC 0x010F3548
[   6.369144] HW.Memory <Error> core\memory.cpp:Memory::MemorySystem::Write:528: unmapped Write8 0x00000000 @ 0x00000A88 at PC 0x010F3548
[   6.369145] HW.Memory <Error> core\memory.cpp:Memory::MemorySystem::Write:528: unmapped Write8 0x00000000 @ 0x00000A89 at PC 0x010F3548
[   6.369145] HW.Memory <Error> core\memory.cpp:Memory::MemorySystem::Write:528: unmapped Write8 0x00000000 @ 0x00000A8A at PC 0x010F3548
[   6.369146] HW.Memory <Error> core\memory.cpp:Memory::MemorySystem::Write:528: unmapped Write8 0x00000000 @ 0x00000A8B at PC 0x010F3548
[   6.369146] HW.Memory <Error> core\memory.cpp:Memory::MemorySystem::Write:528: unmapped Write8 0x00000000 @ 0x00000A8C at PC 0x010F3548
[   6.369147] HW.Memory <Error> core\memory.cpp:Memory::MemorySystem::Write:528: unmapped Write8 0x00000000 @ 0x00000A8D at PC 0x010F3548
[   6.369147] HW.Memory <Error> core\memory.cpp:Memory::MemorySystem::Write:528: unmapped Write8 0x00000000 @ 0x00000A8E at PC 0x010F3548
[   6.369148] HW.Memory <Error> core\memory.cpp:Memory::MemorySystem::Write:528: unmapped Write8 0x00000000 @ 0x00000A8F at PC 0x010F3548
[   6.369149] HW.Memory <Error> core\memory.cpp:Memory::MemorySystem::Write:528: unmapped Write8 0x00000000 @ 0x00000A90 at PC 0x010F3548
[   6.369149] HW.Memory <Error> core\memory.cpp:Memory::MemorySystem::Write:528: unmapped Write8 0x00000000 @ 0x00000A91 at PC 0x010F3548
[   6.369150] HW.Memory <Error> core\memory.cpp:Memory::MemorySystem::Write:528: unmapped Write8 0x00000000 @ 0x00000A92 at PC 0x010F3548
[   6.369150] HW.Memory <Error> core\memory.cpp:Memory::MemorySystem::Write:528: unmapped Write8 0x00000000 @ 0x00000A93 at PC 0x010F3548
[   6.369151] HW.Memory <Error> core\memory.cpp:Memory::MemorySystem::Write:528: unmapped Write8 0x00000000 @ 0x00000A94 at PC 0x010F3548
[   6.369151] HW.Memory <Error> core\memory.cpp:Memory::MemorySystem::Write:528: unmapped Write8 0x00000000 @ 0x00000A95 at PC 0x010F3548
[   6.369152] HW.Memory <Error> core\memory.cpp:Memory::MemorySystem::Write:528: unmapped Write8 0x00000000 @ 0x00000A96 at PC 0x010F3548
[   6.369152] HW.Memory <Error> core\memory.cpp:Memory::MemorySystem::Write:528: unmapped Write8 0x00000000 @ 0x00000A97 at PC 0x010F3548
[   6.369153] HW.Memory <Error> core\memory.cpp:Memory::MemorySystem::Write:528: unmapped Write8 0x00000000 @ 0x00000A98 at PC 0x010F3548
[   6.369153] HW.Memory <Error> core\memory.cpp:Memory::MemorySystem::Write:528: unmapped Write8 0x00000000 @ 0x00000A99 at PC 0x010F3548
[   6.369154] HW.Memory <Error> core\memory.cpp:Memory::MemorySystem::Write:528: unmapped Write8 0x00000000 @ 0x00000A9A at PC 0x010F3548
[   6.369154] HW.Memory <Error> core\memory.cpp:Memory::MemorySystem::Write:528: unmapped Write8 0x00000000 @ 0x00000A9B at PC 0x010F3548
[   6.369155] HW.Memory <Error> core\memory.cpp:Memory::MemorySystem::Write:528: unmapped Write8 0x00000000 @ 0x00000A9C at PC 0x010F3548
[   6.369155] HW.Memory <Error> core\memory.cpp:Memory::MemorySystem::Write:528: unmapped Write8 0x00000000 @ 0x00000A9D at PC 0x010F3548
[   6.369156] HW.Memory <Error> core\memory.cpp:Memory::MemorySystem::Write:528: unmapped Write8 0x00000000 @ 0x00000A9E at PC 0x010F3548
[   6.369157] HW.Memory <Error> core\memory.cpp:Memory::MemorySystem::Write:528: unmapped Write8 0x00000000 @ 0x00000A9F at PC 0x010F3548
[   6.369157] HW.Memory <Error> core\memory.cpp:Memory::MemorySystem::Write:528: unmapped Write8 0x00000000 @ 0x00000AA0 at PC 0x010F3548
[   6.369158] HW.Memory <Error> core\memory.cpp:Memory::MemorySystem::Write:528: unmapped Write8 0x00000000 @ 0x00000AA1 at PC 0x010F3548
[   6.369158] HW.Memory <Error> core\memory.cpp:Memory::MemorySystem::Write:528: unmapped Write8 0x00000000 @ 0x00000AA2 at PC 0x010F3548
[   6.369159] HW.Memory <Error> core\memory.cpp:Memory::MemorySystem::Write:528: unmapped Write8 0x00000000 @ 0x00000AA3 at PC 0x010F3548
[   6.369159] HW.Memory <Error> core\memory.cpp:Memory::MemorySystem::Write:528: unmapped Write8 0x00000000 @ 0x00000AA4 at PC 0x010F3548
[   6.369160] HW.Memory <Error> core\memory.cpp:Memory::MemorySystem::Write:528: unmapped Write8 0x00000000 @ 0x00000AA5 at PC 0x010F3548
[   6.369160] HW.Memory <Error> core\memory.cpp:Memory::MemorySystem::Write:528: unmapped Write8 0x00000000 @ 0x00000AA6 at PC 0x010F3548
[   6.369161] HW.Memory <Error> core\memory.cpp:Memory::MemorySystem::Write:528: unmapped Write8 0x00000000 @ 0x00000AA7 at PC 0x010F3548
[   6.369161] HW.Memory <Error> core\memory.cpp:Memory::MemorySystem::Write:528: unmapped Write8 0x00000000 @ 0x00000AA8 at PC 0x010F3548
[   6.369162] HW.Memory <Error> core\memory.cpp:Memory::MemorySystem::Write:528: unmapped Write8 0x00000000 @ 0x00000AA9 at PC 0x010F3548
[   6.369163] HW.Memory <Error> core\memory.cpp:Memory::MemorySystem::Write:528: unmapped Write8 0x00000000 @ 0x00000AAA at PC 0x010F3548
[   6.369163] HW.Memory <Error> core\memory.cpp:Memory::MemorySystem::Write:528: unmapped Write8 0x00000000 @ 0x00000AAB at PC 0x010F3548
[   6.369164] HW.Memory <Error> core\memory.cpp:Memory::MemorySystem::Write:528: unmapped Write8 0x00000000 @ 0x00000AAC at PC 0x010F3548
[   6.369164] HW.Memory <Error> core\memory.cpp:Memory::MemorySystem::Write:528: unmapped Write8 0x00000000 @ 0x00000AAD at PC 0x010F3548
[   6.369165] HW.Memory <Error> core\memory.cpp:Memory::MemorySystem::Write:528: unmapped Write8 0x00000000 @ 0x00000AAE at PC 0x010F3548
[   6.369165] HW.Memory <Error> core\memory.cpp:Memory::MemorySystem::Write:528: unmapped Write8 0x00000000 @ 0x00000AAF at PC 0x010F3548
[   6.369166] HW.Memory <Error> core\memory.cpp:Memory::MemorySystem::Write:528: unmapped Write8 0x00000000 @ 0x00000AB0 at PC 0x010F3548
[   6.369166] HW.Memory <Error> core\memory.cpp:Memory::MemorySystem::Write:528: unmapped Write8 0x00000000 @ 0x00000AB1 at PC 0x010F3548
[   6.369167] HW.Memory <Error> core\memory.cpp:Memory::MemorySystem::Write:528: unmapped Write8 0x00000000 @ 0x00000AB2 at PC 0x010F3548
[   6.369167] HW.Memory <Error> core\memory.cpp:Memory::MemorySystem::Write:528: unmapped Write8 0x00000000 @ 0x00000AB3 at PC 0x010F3548
[   6.369168] HW.Memory <Error> core\memory.cpp:Memory::MemorySystem::Write:528: unmapped Write8 0x00000000 @ 0x00000AB4 at PC 0x010F3548
[   6.369168] HW.Memory <Error> core\memory.cpp:Memory::MemorySystem::Write:528: unmapped Write8 0x00000000 @ 0x00000AB5 at PC 0x010F3548
[   6.369169] HW.Memory <Error> core\memory.cpp:Memory::MemorySystem::Write:528: unmapped Write8 0x00000000 @ 0x00000AB6 at PC 0x010F3548
[   6.369169] HW.Memory <Error> core\memory.cpp:Memory::MemorySystem::Write:528: unmapped Write8 0x00000000 @ 0x00000AB7 at PC 0x010F3548
[   6.369170] HW.Memory <Error> core\memory.cpp:Memory::MemorySystem::Write:528: unmapped Write8 0x00000000 @ 0x00000AB8 at PC 0x010F3548
[   6.369170] HW.Memory <Error> core\memory.cpp:Memory::MemorySystem::Write:528: unmapped Write8 0x00000000 @ 0x00000AB9 at PC 0x010F3548
[   6.369171] HW.Memory <Error> core\memory.cpp:Memory::MemorySystem::Write:528: unmapped Write8 0x00000000 @ 0x00000ABA at PC 0x010F3548
[   6.369171] HW.Memory <Error> core\memory.cpp:Memory::MemorySystem::Write:528: unmapped Write8 0x00000000 @ 0x00000ABB at PC 0x010F3548
[   6.369172] HW.Memory <Error> core\memory.cpp:Memory::MemorySystem::Write:528: unmapped Write8 0x00000000 @ 0x00000ABC at PC 0x010F3548
[   6.369173] HW.Memory <Error> core\memory.cpp:Memory::MemorySystem::Write:528: unmapped Write8 0x00000000 @ 0x00000ABD at PC 0x010F3548
[   6.369173] HW.Memory <Error> core\memory.cpp:Memory::MemorySystem::Write:528: unmapped Write8 0x00000000 @ 0x00000ABE at PC 0x010F3548
[   6.369174] HW.Memory <Error> core\memory.cpp:Memory::MemorySystem::Write:528: unmapped Write8 0x00000000 @ 0x00000ABF at PC 0x010F3548
[   6.369174] HW.Memory <Error> core\memory.cpp:Memory::MemorySystem::Write:528: unmapped Write8 0x00000000 @ 0x00000AC0 at PC 0x010F3548
[   6.369175] HW.Memory <Error> core\memory.cpp:Memory::MemorySystem::Write:528: unmapped Write8 0x00000000 @ 0x00000AC1 at PC 0x010F3548
[   6.369175] HW.Memory <Error> core\memory.cpp:Memory::MemorySystem::Write:528: unmapped Write8 0x00000000 @ 0x00000AC2 at PC 0x010F3548
[   6.369176] HW.Memory <Error> core\memory.cpp:Memory::MemorySystem::Write:528: unmapped Write8 0x00000000 @ 0x00000AC3 at PC 0x010F3548
[   6.369177] HW.Memory <Error> core\memory.cpp:Memory::MemorySystem::Write:528: unmapped Write8 0x00000000 @ 0x00000AC4 at PC 0x010F3548
[   6.369177] HW.Memory <Error> core\memory.cpp:Memory::MemorySystem::Write:528: unmapped Write8 0x00000000 @ 0x00000AC5 at PC 0x010F3548
[   6.369178] HW.Memory <Error> core\memory.cpp:Memory::MemorySystem::Write:528: unmapped Write8 0x00000000 @ 0x00000AC6 at PC 0x010F3548
[   6.369178] HW.Memory <Error> core\memory.cpp:Memory::MemorySystem::Write:528: unmapped Write8 0x00000000 @ 0x00000AC7 at PC 0x010F3548
[   6.369179] HW.Memory <Error> core\memory.cpp:Memory::MemorySystem::Write:528: unmapped Write8 0x00000000 @ 0x00000AC8 at PC 0x010F3548
[   6.369179] HW.Memory <Error> core\memory.cpp:Memory::MemorySystem::Write:528: unmapped Write8 0x00000000 @ 0x00000AC9 at PC 0x010F3548
[   6.369180] HW.Memory <Error> core\memory.cpp:Memory::MemorySystem::Write:528: unmapped Write8 0x00000000 @ 0x00000ACA at PC 0x010F3548
[   6.369180] HW.Memory <Error> core\memory.cpp:Memory::MemorySystem::Write:528: unmapped Write8 0x00000000 @ 0x00000ACB at PC 0x010F3548
[   6.369181] HW.Memory <Error> core\memory.cpp:Memory::MemorySystem::Write:528: unmapped Write8 0x00000000 @ 0x00000ACC at PC 0x010F3548
[   6.369182] HW.Memory <Error> core\memory.cpp:Memory::MemorySystem::Write:528: unmapped Write8 0x00000000 @ 0x00000ACD at PC 0x010F3548
[   6.369182] HW.Memory <Error> core\memory.cpp:Memory::MemorySystem::Write:528: unmapped Write8 0x00000000 @ 0x00000ACE at PC 0x010F3548
[   6.369183] HW.Memory <Error> core\memory.cpp:Memory::MemorySystem::Write:528: unmapped Write8 0x00000000 @ 0x00000ACF at PC 0x010F3548
[   6.369183] HW.Memory <Error> core\memory.cpp:Memory::MemorySystem::Write:528: unmapped Write8 0x00000000 @ 0x00000AD0 at PC 0x010F3548
[   6.369184] HW.Memory <Error> core\memory.cpp:Memory::MemorySystem::Write:528: unmapped Write8 0x00000000 @ 0x00000AD1 at PC 0x010F3548
[   6.369184] HW.Memory <Error> core\memory.cpp:Memory::MemorySystem::Write:528: unmapped Write8 0x00000000 @ 0x00000AD2 at PC 0x010F3548
[   6.369185] HW.Memory <Error> core\memory.cpp:Memory::MemorySystem::Write:528: unmapped Write8 0x00000000 @ 0x00000AD3 at PC 0x010F3548
[   6.369185] HW.Memory <Error> core\memory.cpp:Memory::MemorySystem::Write:528: unmapped Write8 0x00000000 @ 0x00000AD4 at PC 0x010F3548
[   6.369186] HW.Memory <Error> core\memory.cpp:Memory::MemorySystem::Write:528: unmapped Write8 0x00000000 @ 0x00000AD5 at PC 0x010F3548
[   6.369186] HW.Memory <Error> core\memory.cpp:Memory::MemorySystem::Write:528: unmapped Write8 0x00000000 @ 0x00000AD6 at PC 0x010F3548
[   6.369187] HW.Memory <Error> core\memory.cpp:Memory::MemorySystem::Write:528: unmapped Write8 0x00000000 @ 0x00000AD7 at PC 0x010F3548
[   6.369187] HW.Memory <Error> core\memory.cpp:Memory::MemorySystem::Write:528: unmapped Write8 0x00000000 @ 0x00000AD8 at PC 0x010F3548
[   6.369188] HW.Memory <Error> core\memory.cpp:Memory::MemorySystem::Write:528: unmapped Write8 0x00000000 @ 0x00000AD9 at PC 0x010F3548
[   6.369188] HW.Memory <Error> core\memory.cpp:Memory::MemorySystem::Write:528: unmapped Write8 0x00000000 @ 0x00000ADA at PC 0x010F3548
[   6.369189] HW.Memory <Error> core\memory.cpp:Memory::MemorySystem::Write:528: unmapped Write8 0x00000000 @ 0x00000ADB at PC 0x010F3548
[   6.369190] HW.Memory <Error> core\memory.cpp:Memory::MemorySystem::Write:528: unmapped Write8 0x00000000 @ 0x00000ADC at PC 0x010F3548
[   6.369190] HW.Memory <Error> core\memory.cpp:Memory::MemorySystem::Write:528: unmapped Write8 0x00000000 @ 0x00000ADD at PC 0x010F3548
[   6.369191] HW.Memory <Error> core\memory.cpp:Memory::MemorySystem::Write:528: unmapped Write8 0x00000000 @ 0x00000ADE at PC 0x010F3548
[   6.369191] HW.Memory <Error> core\memory.cpp:Memory::MemorySystem::Write:528: unmapped Write8 0x00000000 @ 0x00000ADF at PC 0x010F3548
[   6.369192] HW.Memory <Error> core\memory.cpp:Memory::MemorySystem::Write:528: unmapped Write8 0x00000000 @ 0x00000AE0 at PC 0x010F3548
[   6.369193] HW.Memory <Error> core\memory.cpp:Memory::MemorySystem::Write:528: unmapped Write8 0x00000000 @ 0x00000AE1 at PC 0x010F3548
[   6.369193] HW.Memory <Error> core\memory.cpp:Memory::MemorySystem::Write:528: unmapped Write8 0x00000000 @ 0x00000AE2 at PC 0x010F3548
[   6.369194] HW.Memory <Error> core\memory.cpp:Memory::MemorySystem::Write:528: unmapped Write8 0x00000000 @ 0x00000AE3 at PC 0x010F3548
[   6.369194] HW.Memory <Error> core\memory.cpp:Memory::MemorySystem::Write:528: unmapped Write8 0x00000000 @ 0x00000AE4 at PC 0x010F3548
[   6.369195] HW.Memory <Error> core\memory.cpp:Memory::MemorySystem::Write:528: unmapped Write8 0x00000000 @ 0x00000AE5 at PC 0x010F3548
[   6.369195] HW.Memory <Error> core\memory.cpp:Memory::MemorySystem::Write:528: unmapped Write8 0x00000000 @ 0x00000AE6 at PC 0x010F3548
[   6.369196] HW.Memory <Error> core\memory.cpp:Memory::MemorySystem::Write:528: unmapped Write8 0x00000000 @ 0x00000AE7 at PC 0x010F3548
[   6.369197] HW.Memory <Error> core\memory.cpp:Memory::MemorySystem::Write:528: unmapped Write8 0x00000000 @ 0x00000AE8 at PC 0x010F3548
[   6.369197] HW.Memory <Error> core\memory.cpp:Memory::MemorySystem::Write:528: unmapped Write8 0x00000000 @ 0x00000AE9 at PC 0x010F3548
[   6.369198] HW.Memory <Error> core\memory.cpp:Memory::MemorySystem::Write:528: unmapped Write8 0x00000000 @ 0x00000AEA at PC 0x010F3548
[   6.369198] HW.Memory <Error> core\memory.cpp:Memory::MemorySystem::Write:528: unmapped Write8 0x00000000 @ 0x00000AEB at PC 0x010F3548
[   6.369199] HW.Memory <Error> core\memory.cpp:Memory::MemorySystem::Write:528: unmapped Write8 0x00000000 @ 0x00000AEC at PC 0x010F3548
[   6.369199] HW.Memory <Error> core\memory.cpp:Memory::MemorySystem::Write:528: unmapped Write8 0x00000000 @ 0x00000AED at PC 0x010F3548
[   6.369200] HW.Memory <Error> core\memory.cpp:Memory::MemorySystem::Write:528: unmapped Write8 0x00000000 @ 0x00000AEE at PC 0x010F3548
[   6.369200] HW.Memory <Error> core\memory.cpp:Memory::MemorySystem::Write:528: unmapped Write8 0x00000000 @ 0x00000AEF at PC 0x010F3548
[   6.369201] HW.Memory <Error> core\memory.cpp:Memory::MemorySystem::Write:528: unmapped Write8 0x00000000 @ 0x00000AF0 at PC 0x010F3548
[   6.369201] HW.Memory <Error> core\memory.cpp:Memory::MemorySystem::Write:528: unmapped Write8 0x00000000 @ 0x00000AF1 at PC 0x010F3548
[   6.369202] HW.Memory <Error> core\memory.cpp:Memory::MemorySystem::Write:528: unmapped Write8 0x00000000 @ 0x00000AF2 at PC 0x010F3548
[   6.369202] HW.Memory <Error> core\memory.cpp:Memory::MemorySystem::Write:528: unmapped Write8 0x00000000 @ 0x00000AF3 at PC 0x010F3548
[   6.369203] HW.Memory <Error> core\memory.cpp:Memory::MemorySystem::Write:528: unmapped Write8 0x00000000 @ 0x00000AF4 at PC 0x010F3548
[   6.369203] HW.Memory <Error> core\memory.cpp:Memory::MemorySystem::Write:528: unmapped Write8 0x00000000 @ 0x00000AF5 at PC 0x010F3548
[   6.369204] HW.Memory <Error> core\memory.cpp:Memory::MemorySystem::Write:528: unmapped Write8 0x00000000 @ 0x00000AF6 at PC 0x010F3548
[   6.369204] HW.Memory <Error> core\memory.cpp:Memory::MemorySystem::Write:528: unmapped Write8 0x00000000 @ 0x00000AF7 at PC 0x010F3548
[   6.369205] HW.Memory <Error> core\memory.cpp:Memory::MemorySystem::Write:528: unmapped Write8 0x00000000 @ 0x00000AF8 at PC 0x010F3548
[   6.369206] HW.Memory <Error> core\memory.cpp:Memory::MemorySystem::Write:528: unmapped Write8 0x00000000 @ 0x00000AF9 at PC 0x010F3548
[   6.369206] HW.Memory <Error> core\memory.cpp:Memory::MemorySystem::Write:528: unmapped Write8 0x00000000 @ 0x00000AFA at PC 0x010F3548
[   6.369207] HW.Memory <Error> core\memory.cpp:Memory::MemorySystem::Write:528: unmapped Write8 0x00000000 @ 0x00000AFB at PC 0x010F3548
[   6.369207] HW.Memory <Error> core\memory.cpp:Memory::MemorySystem::Write:528: unmapped Write8 0x00000000 @ 0x00000AFC at PC 0x010F3548
[   6.369208] HW.Memory <Error> core\memory.cpp:Memory::MemorySystem::Write:528: unmapped Write8 0x00000000 @ 0x00000AFD at PC 0x010F3548
[   6.369208] HW.Memory <Error> core\memory.cpp:Memory::MemorySystem::Write:528: unmapped Write8 0x00000000 @ 0x00000AFE at PC 0x010F3548
[   6.369209] HW.Memory <Error> core\memory.cpp:Memory::MemorySystem::Write:528: unmapped Write8 0x00000000 @ 0x00000AFF at PC 0x010F3548
[   6.369209] HW.Memory <Error> core\memory.cpp:Memory::MemorySystem::Write:528: unmapped Write8 0x00000000 @ 0x00000B00 at PC 0x010F3548
[   6.369210] HW.Memory <Error> core\memory.cpp:Memory::MemorySystem::Write:528: unmapped Write8 0x00000000 @ 0x00000B01 at PC 0x010F3548
[   6.369210] HW.Memory <Error> core\memory.cpp:Memory::MemorySystem::Write:528: unmapped Write8 0x00000000 @ 0x00000B02 at PC 0x010F3548
[   6.369211] HW.Memory <Error> core\memory.cpp:Memory::MemorySystem::Write:528: unmapped Write8 0x00000000 @ 0x00000B03 at PC 0x010F3548
[   6.369211] HW.Memory <Error> core\memory.cpp:Memory::MemorySystem::Write:528: unmapped Write8 0x00000000 @ 0x00000B04 at PC 0x010F3548
[   6.369212] HW.Memory <Error> core\memory.cpp:Memory::MemorySystem::Write:528: unmapped Write8 0x00000000 @ 0x00000B05 at PC 0x010F3548
[   6.369212] HW.Memory <Error> core\memory.cpp:Memory::MemorySystem::Write:528: unmapped Write8 0x00000000 @ 0x00000B06 at PC 0x010F3548
[   6.369213] HW.Memory <Error> core\memory.cpp:Memory::MemorySystem::Write:528: unmapped Write8 0x00000000 @ 0x00000B07 at PC 0x010F3548
[   6.369213] HW.Memory <Error> core\memory.cpp:Memory::MemorySystem::Write:528: unmapped Write8 0x00000000 @ 0x00000B08 at PC 0x010F3548
[   6.369214] HW.Memory <Error> core\memory.cpp:Memory::MemorySystem::Write:528: unmapped Write8 0x00000000 @ 0x00000B09 at PC 0x010F3548
[   6.369215] HW.Memory <Error> core\memory.cpp:Memory::MemorySystem::Write:528: unmapped Write8 0x00000000 @ 0x00000B0A at PC 0x010F3548
[   6.369215] HW.Memory <Error> core\memory.cpp:Memory::MemorySystem::Write:528: unmapped Write8 0x00000000 @ 0x00000B0B at PC 0x010F3548
[   6.369216] HW.Memory <Error> core\memory.cpp:Memory::MemorySystem::Write:528: unmapped Write8 0x00000000 @ 0x00000B0C at PC 0x010F3548
[   6.369216] HW.Memory <Error> core\memory.cpp:Memory::MemorySystem::Write:528: unmapped Write8 0x00000000 @ 0x00000B0D at PC 0x010F3548
[   6.369217] HW.Memory <Error> core\memory.cpp:Memory::MemorySystem::Write:528: unmapped Write8 0x00000000 @ 0x00000B0E at PC 0x010F3548
[   6.369217] HW.Memory <Error> core\memory.cpp:Memory::MemorySystem::Write:528: unmapped Write8 0x00000000 @ 0x00000B0F at PC 0x010F3548
[   6.369218] HW.Memory <Error> core\memory.cpp:Memory::MemorySystem::Write:528: unmapped Write8 0x00000000 @ 0x00000B10 at PC 0x010F3548
[   6.369218] HW.Memory <Error> core\memory.cpp:Memory::MemorySystem::Write:528: unmapped Write8 0x00000000 @ 0x00000B11 at PC 0x010F3548
[   6.369219] HW.Memory <Error> core\memory.cpp:Memory::MemorySystem::Write:528: unmapped Write8 0x00000000 @ 0x00000B12 at PC 0x010F3548
[   6.369219] HW.Memory <Error> core\memory.cpp:Memory::MemorySystem::Write:528: unmapped Write8 0x00000000 @ 0x00000B13 at PC 0x010F3548
[   6.369220] HW.Memory <Error> core\memory.cpp:Memory::MemorySystem::Write:528: unmapped Write8 0x00000000 @ 0x00000B14 at PC 0x010F3548
[   6.369220] HW.Memory <Error> core\memory.cpp:Memory::MemorySystem::Write:528: unmapped Write8 0x00000000 @ 0x00000B15 at PC 0x010F3548
[   6.369221] HW.Memory <Error> core\memory.cpp:Memory::MemorySystem::Write:528: unmapped Write8 0x00000000 @ 0x00000B16 at PC 0x010F3548
[   6.369221] HW.Memory <Error> core\memory.cpp:Memory::MemorySystem::Write:528: unmapped Write8 0x00000000 @ 0x00000B17 at PC 0x010F3548
[   6.369222] HW.Memory <Error> core\memory.cpp:Memory::MemorySystem::Write:528: unmapped Write8 0x00000000 @ 0x00000B18 at PC 0x010F3548
[   6.369223] HW.Memory <Error> core\memory.cpp:Memory::MemorySystem::Write:528: unmapped Write8 0x00000000 @ 0x00000B19 at PC 0x010F3548
[   6.369223] HW.Memory <Error> core\memory.cpp:Memory::MemorySystem::Write:528: unmapped Write8 0x00000000 @ 0x00000B1A at PC 0x010F3548
[   6.369224] HW.Memory <Error> core\memory.cpp:Memory::MemorySystem::Write:528: unmapped Write8 0x00000000 @ 0x00000B1B at PC 0x010F3548
[   6.369224] HW.Memory <Error> core\memory.cpp:Memory::MemorySystem::Write:528: unmapped Write8 0x00000000 @ 0x00000B1C at PC 0x010F3548
[   6.369225] HW.Memory <Error> core\memory.cpp:Memory::MemorySystem::Write:528: unmapped Write8 0x00000000 @ 0x00000B1D at PC 0x010F3548
[   6.369225] HW.Memory <Error> core\memory.cpp:Memory::MemorySystem::Write:528: unmapped Write8 0x00000000 @ 0x00000B1E at PC 0x010F3548
[   6.369226] HW.Memory <Error> core\memory.cpp:Memory::MemorySystem::Write:528: unmapped Write8 0x00000000 @ 0x00000B1F at PC 0x010F3548
[   6.369226] HW.Memory <Error> core\memory.cpp:Memory::MemorySystem::Write:528: unmapped Write8 0x00000000 @ 0x00000B20 at PC 0x010F3548
[   6.369227] HW.Memory <Error> core\memory.cpp:Memory::MemorySystem::Write:528: unmapped Write8 0x00000000 @ 0x00000B21 at PC 0x010F3548
[   6.369227] HW.Memory <Error> core\memory.cpp:Memory::MemorySystem::Write:528: unmapped Write8 0x00000000 @ 0x00000B22 at PC 0x010F3548
[   6.369228] HW.Memory <Error> core\memory.cpp:Memory::MemorySystem::Write:528: unmapped Write8 0x00000000 @ 0x00000B23 at PC 0x010F3548
[   6.369228] HW.Memory <Error> core\memory.cpp:Memory::MemorySystem::Write:528: unmapped Write8 0x00000000 @ 0x00000B24 at PC 0x010F3548
[   6.369229] HW.Memory <Error> core\memory.cpp:Memory::MemorySystem::Write:528: unmapped Write8 0x00000000 @ 0x00000B25 at PC 0x010F3548
[   6.369229] HW.Memory <Error> core\memory.cpp:Memory::MemorySystem::Write:528: unmapped Write8 0x00000000 @ 0x00000B26 at PC 0x010F3548
[   6.369230] HW.Memory <Error> core\memory.cpp:Memory::MemorySystem::Write:528: unmapped Write8 0x00000000 @ 0x00000B27 at PC 0x010F3548
[   6.369230] HW.Memory <Error> core\memory.cpp:Memory::MemorySystem::Write:528: unmapped Write8 0x00000000 @ 0x00000B28 at PC 0x010F3548
[   6.369231] HW.Memory <Error> core\memory.cpp:Memory::MemorySystem::Write:528: unmapped Write8 0x00000000 @ 0x00000B29 at PC 0x010F3548
[   6.369232] HW.Memory <Error> core\memory.cpp:Memory::MemorySystem::Write:528: unmapped Write8 0x00000000 @ 0x00000B2A at PC 0x010F3548
[   6.369232] HW.Memory <Error> core\memory.cpp:Memory::MemorySystem::Write:528: unmapped Write8 0x00000000 @ 0x00000B2B at PC 0x010F3548
[   6.369233] HW.Memory <Error> core\memory.cpp:Memory::MemorySystem::Write:528: unmapped Write8 0x00000000 @ 0x00000B2C at PC 0x010F3548
[   6.369233] HW.Memory <Error> core\memory.cpp:Memory::MemorySystem::Write:528: unmapped Write8 0x00000000 @ 0x00000B2D at PC 0x010F3548
[   6.369234] HW.Memory <Error> core\memory.cpp:Memory::MemorySystem::Write:528: unmapped Write8 0x00000000 @ 0x00000B2E at PC 0x010F3548
[   6.369234] HW.Memory <Error> core\memory.cpp:Memory::MemorySystem::Write:528: unmapped Write8 0x00000000 @ 0x00000B2F at PC 0x010F3548
[   6.369235] HW.Memory <Error> core\memory.cpp:Memory::MemorySystem::Write:528: unmapped Write8 0x00000000 @ 0x00000B30 at PC 0x010F3548
[   6.369235] HW.Memory <Error> core\memory.cpp:Memory::MemorySystem::Write:528: unmapped Write8 0x00000000 @ 0x00000B31 at PC 0x010F3548
[   6.369236] HW.Memory <Error> core\memory.cpp:Memory::MemorySystem::Write:528: unmapped Write8 0x00000000 @ 0x00000B32 at PC 0x010F3548
[   6.369236] HW.Memory <Error> core\memory.cpp:Memory::MemorySystem::Write:528: unmapped Write8 0x00000000 @ 0x00000B33 at PC 0x010F3548
[   6.369237] HW.Memory <Error> core\memory.cpp:Memory::MemorySystem::Write:528: unmapped Write8 0x00000000 @ 0x00000B34 at PC 0x010F3548
[   6.369237] HW.Memory <Error> core\memory.cpp:Memory::MemorySystem::Write:528: unmapped Write8 0x00000000 @ 0x00000B35 at PC 0x010F3548
[   6.369238] HW.Memory <Error> core\memory.cpp:Memory::MemorySystem::Write:528: unmapped Write8 0x00000000 @ 0x00000B36 at PC 0x010F3548
[   6.369238] HW.Memory <Error> core\memory.cpp:Memory::MemorySystem::Write:528: unmapped Write8 0x00000000 @ 0x00000B37 at PC 0x010F3548
[   6.369239] HW.Memory <Error> core\memory.cpp:Memory::MemorySystem::Write:528: unmapped Write8 0x00000000 @ 0x00000B38 at PC 0x010F3548
[   6.369239] HW.Memory <Error> core\memory.cpp:Memory::MemorySystem::Write:528: unmapped Write8 0x00000000 @ 0x00000B39 at PC 0x010F3548
[   6.369240] HW.Memory <Error> core\memory.cpp:Memory::MemorySystem::Write:528: unmapped Write8 0x00000000 @ 0x00000B3A at PC 0x010F3548
[   6.369241] HW.Memory <Error> core\memory.cpp:Memory::MemorySystem::Write:528: unmapped Write8 0x00000000 @ 0x00000B3B at PC 0x010F3548
[   6.369241] HW.Memory <Error> core\memory.cpp:Memory::MemorySystem::Write:528: unmapped Write8 0x00000000 @ 0x00000B3C at PC 0x010F3548
[   6.369242] HW.Memory <Error> core\memory.cpp:Memory::MemorySystem::Write:528: unmapped Write8 0x00000000 @ 0x00000B3D at PC 0x010F3548
[   6.369242] HW.Memory <Error> core\memory.cpp:Memory::MemorySystem::Write:528: unmapped Write8 0x00000000 @ 0x00000B3E at PC 0x010F3548
[   6.369243] HW.Memory <Error> core\memory.cpp:Memory::MemorySystem::Write:528: unmapped Write8 0x00000000 @ 0x00000B3F at PC 0x010F3548
[   6.369243] HW.Memory <Error> core\memory.cpp:Memory::MemorySystem::Write:528: unmapped Write8 0x00000000 @ 0x00000B40 at PC 0x010F3548
[   6.369244] HW.Memory <Error> core\memory.cpp:Memory::MemorySystem::Write:528: unmapped Write8 0x00000000 @ 0x00000B41 at PC 0x010F3548
[   6.369244] HW.Memory <Error> core\memory.cpp:Memory::MemorySystem::Write:528: unmapped Write8 0x00000000 @ 0x00000B42 at PC 0x010F3548
[   6.369245] HW.Memory <Error> core\memory.cpp:Memory::MemorySystem::Write:528: unmapped Write8 0x00000000 @ 0x00000B43 at PC 0x010F3548
[   6.369245] HW.Memory <Error> core\memory.cpp:Memory::MemorySystem::Write:528: unmapped Write8 0x00000000 @ 0x00000B44 at PC 0x010F3548
[   6.369246] HW.Memory <Error> core\memory.cpp:Memory::MemorySystem::Write:528: unmapped Write8 0x00000000 @ 0x00000B45 at PC 0x010F3548
[   6.369246] HW.Memory <Error> core\memory.cpp:Memory::MemorySystem::Write:528: unmapped Write8 0x00000000 @ 0x00000B46 at PC 0x010F3548
[   6.369247] HW.Memory <Error> core\memory.cpp:Memory::MemorySystem::Write:528: unmapped Write8 0x00000000 @ 0x00000B47 at PC 0x010F3548
[   6.369248] HW.Memory <Error> core\memory.cpp:Memory::MemorySystem::Write:528: unmapped Write8 0x00000000 @ 0x00000B48 at PC 0x010F3548
[   6.369248] HW.Memory <Error> core\memory.cpp:Memory::MemorySystem::Write:528: unmapped Write8 0x00000000 @ 0x00000B49 at PC 0x010F3548
[   6.369249] HW.Memory <Error> core\memory.cpp:Memory::MemorySystem::Write:528: unmapped Write8 0x00000000 @ 0x00000B4A at PC 0x010F3548
[   6.369249] HW.Memory <Error> core\memory.cpp:Memory::MemorySystem::Write:528: unmapped Write8 0x00000000 @ 0x00000B4B at PC 0x010F3548
[   6.369250] HW.Memory <Error> core\memory.cpp:Memory::MemorySystem::Write:528: unmapped Write8 0x00000000 @ 0x00000B4C at PC 0x010F3548
[   6.369251] HW.Memory <Error> core\memory.cpp:Memory::MemorySystem::Write:528: unmapped Write8 0x00000000 @ 0x00000B4D at PC 0x010F3548
[   6.369251] HW.Memory <Error> core\memory.cpp:Memory::MemorySystem::Write:528: unmapped Write8 0x00000000 @ 0x00000B4E at PC 0x010F3548
[   6.369252] HW.Memory <Error> core\memory.cpp:Memory::MemorySystem::Write:528: unmapped Write8 0x00000000 @ 0x00000B4F at PC 0x010F3548
[   6.369252] HW.Memory <Error> core\memory.cpp:Memory::MemorySystem::Write:528: unmapped Write8 0x00000000 @ 0x00000B50 at PC 0x010F3548
[   6.369253] HW.Memory <Error> core\memory.cpp:Memory::MemorySystem::Write:528: unmapped Write8 0x00000000 @ 0x00000B51 at PC 0x010F3548
[   6.369254] HW.Memory <Error> core\memory.cpp:Memory::MemorySystem::Write:528: unmapped Write8 0x00000000 @ 0x00000B52 at PC 0x010F3548
[   6.369254] HW.Memory <Error> core\memory.cpp:Memory::MemorySystem::Write:528: unmapped Write8 0x00000000 @ 0x00000B53 at PC 0x010F3548
[   6.369255] HW.Memory <Error> core\memory.cpp:Memory::MemorySystem::Write:528: unmapped Write8 0x00000000 @ 0x00000B54 at PC 0x010F3548
[   6.369256] HW.Memory <Error> core\memory.cpp:Memory::MemorySystem::Write:528: unmapped Write8 0x00000000 @ 0x00000B55 at PC 0x010F3548
[   6.369256] HW.Memory <Error> core\memory.cpp:Memory::MemorySystem::Write:528: unmapped Write8 0x00000000 @ 0x00000B56 at PC 0x010F3548
[   6.369257] HW.Memory <Error> core\memory.cpp:Memory::MemorySystem::Write:528: unmapped Write8 0x00000000 @ 0x00000B57 at PC 0x010F3548
[   6.369257] HW.Memory <Error> core\memory.cpp:Memory::MemorySystem::Write:528: unmapped Write8 0x00000000 @ 0x00000B58 at PC 0x010F3548
[   6.369258] HW.Memory <Error> core\memory.cpp:Memory::MemorySystem::Write:528: unmapped Write8 0x00000000 @ 0x00000B59 at PC 0x010F3548
[   6.369258] HW.Memory <Error> core\memory.cpp:Memory::MemorySystem::Write:528: unmapped Write8 0x00000000 @ 0x00000B5A at PC 0x010F3548
[   6.369259] HW.Memory <Error> core\memory.cpp:Memory::MemorySystem::Write:528: unmapped Write8 0x00000000 @ 0x00000B5B at PC 0x010F3548
[   6.369259] HW.Memory <Error> core\memory.cpp:Memory::MemorySystem::Write:528: unmapped Write8 0x00000000 @ 0x00000B5C at PC 0x010F3548
[   6.369260] HW.Memory <Error> core\memory.cpp:Memory::MemorySystem::Write:528: unmapped Write8 0x00000000 @ 0x00000B5D at PC 0x010F3548
[   6.369260] HW.Memory <Error> core\memory.cpp:Memory::MemorySystem::Write:528: unmapped Write8 0x00000000 @ 0x00000B5E at PC 0x010F3548
[   6.369261] HW.Memory <Error> core\memory.cpp:Memory::MemorySystem::Write:528: unmapped Write8 0x00000000 @ 0x00000B5F at PC 0x010F3548
[   6.369262] HW.Memory <Error> core\memory.cpp:Memory::MemorySystem::Write:528: unmapped Write8 0x00000000 @ 0x00000B60 at PC 0x010F3548
[   6.369262] HW.Memory <Error> core\memory.cpp:Memory::MemorySystem::Write:528: unmapped Write8 0x00000000 @ 0x00000B61 at PC 0x010F3548
[   6.369263] HW.Memory <Error> core\memory.cpp:Memory::MemorySystem::Write:528: unmapped Write8 0x00000000 @ 0x00000B62 at PC 0x010F3548
[   6.369263] HW.Memory <Error> core\memory.cpp:Memory::MemorySystem::Write:528: unmapped Write8 0x00000000 @ 0x00000B63 at PC 0x010F3548
[   6.369264] HW.Memory <Error> core\memory.cpp:Memory::MemorySystem::Write:528: unmapped Write8 0x00000000 @ 0x00000B64 at PC 0x010F3548
[   6.369264] HW.Memory <Error> core\memory.cpp:Memory::MemorySystem::Write:528: unmapped Write8 0x00000000 @ 0x00000B65 at PC 0x010F3548
[   6.369265] HW.Memory <Error> core\memory.cpp:Memory::MemorySystem::Write:528: unmapped Write8 0x00000000 @ 0x00000B66 at PC 0x010F3548
[   6.369265] HW.Memory <Error> core\memory.cpp:Memory::MemorySystem::Write:528: unmapped Write8 0x00000000 @ 0x00000B67 at PC 0x010F3548
[   6.369266] HW.Memory <Error> core\memory.cpp:Memory::MemorySystem::Write:528: unmapped Write8 0x00000000 @ 0x00000B68 at PC 0x010F3548
[   6.369266] HW.Memory <Error> core\memory.cpp:Memory::MemorySystem::Write:528: unmapped Write8 0x00000000 @ 0x00000B69 at PC 0x010F3548
[   6.369267] HW.Memory <Error> core\memory.cpp:Memory::MemorySystem::Write:528: unmapped Write8 0x00000000 @ 0x00000B6A at PC 0x010F3548
[   6.369267] HW.Memory <Error> core\memory.cpp:Memory::MemorySystem::Write:528: unmapped Write8 0x00000000 @ 0x00000B6B at PC 0x010F3548
[   6.369268] HW.Memory <Error> core\memory.cpp:Memory::MemorySystem::Write:528: unmapped Write8 0x00000000 @ 0x00000B6C at PC 0x010F3548
[   6.369269] HW.Memory <Error> core\memory.cpp:Memory::MemorySystem::Write:528: unmapped Write8 0x00000000 @ 0x00000B6D at PC 0x010F3548
[   6.369269] HW.Memory <Error> core\memory.cpp:Memory::MemorySystem::Write:528: unmapped Write8 0x00000000 @ 0x00000B6E at PC 0x010F3548
[   6.369270] HW.Memory <Error> core\memory.cpp:Memory::MemorySystem::Write:528: unmapped Write8 0x00000000 @ 0x00000B6F at PC 0x010F3548
[   6.369270] HW.Memory <Error> core\memory.cpp:Memory::MemorySystem::Write:528: unmapped Write8 0x00000000 @ 0x00000B70 at PC 0x010F3548
[   6.369271] HW.Memory <Error> core\memory.cpp:Memory::MemorySystem::Write:528: unmapped Write8 0x00000000 @ 0x00000B71 at PC 0x010F3548
[   6.369271] HW.Memory <Error> core\memory.cpp:Memory::MemorySystem::Write:528: unmapped Write8 0x00000000 @ 0x00000B72 at PC 0x010F3548
[   6.369272] HW.Memory <Error> core\memory.cpp:Memory::MemorySystem::Write:528: unmapped Write8 0x00000000 @ 0x00000B73 at PC 0x010F3548
[   6.369272] HW.Memory <Error> core\memory.cpp:Memory::MemorySystem::Write:528: unmapped Write8 0x00000000 @ 0x00000B74 at PC 0x010F3548
[   6.369273] HW.Memory <Error> core\memory.cpp:Memory::MemorySystem::Write:528: unmapped Write8 0x00000000 @ 0x00000B75 at PC 0x010F3548
[   6.369274] HW.Memory <Error> core\memory.cpp:Memory::MemorySystem::Write:528: unmapped Write8 0x00000000 @ 0x00000B76 at PC 0x010F3548
[   6.369274] HW.Memory <Error> core\memory.cpp:Memory::MemorySystem::Write:528: unmapped Write8 0x00000000 @ 0x00000B77 at PC 0x010F3548
[   6.369275] HW.Memory <Error> core\memory.cpp:Memory::MemorySystem::Write:528: unmapped Write8 0x00000000 @ 0x00000B78 at PC 0x010F3548
[   6.369275] HW.Memory <Error> core\memory.cpp:Memory::MemorySystem::Write:528: unmapped Write8 0x00000000 @ 0x00000B79 at PC 0x010F3548
[   6.369276] HW.Memory <Error> core\memory.cpp:Memory::MemorySystem::Write:528: unmapped Write8 0x00000000 @ 0x00000B7A at PC 0x010F3548
[   6.369276] HW.Memory <Error> core\memory.cpp:Memory::MemorySystem::Write:528: unmapped Write8 0x00000000 @ 0x00000B7B at PC 0x010F3548
[   6.369277] HW.Memory <Error> core\memory.cpp:Memory::MemorySystem::Write:528: unmapped Write8 0x00000000 @ 0x00000B7C at PC 0x010F3548
[   6.369278] HW.Memory <Error> core\memory.cpp:Memory::MemorySystem::Write:528: unmapped Write8 0x00000000 @ 0x00000B7D at PC 0x010F3548
[   6.369278] HW.Memory <Error> core\memory.cpp:Memory::MemorySystem::Write:528: unmapped Write8 0x00000000 @ 0x00000B7E at PC 0x010F3548
[   6.369279] HW.Memory <Error> core\memory.cpp:Memory::MemorySystem::Write:528: unmapped Write8 0x00000000 @ 0x00000B7F at PC 0x010F3548
[   6.369279] HW.Memory <Error> core\memory.cpp:Memory::MemorySystem::Write:528: unmapped Write8 0x00000000 @ 0x00000B80 at PC 0x010F3548
[   6.369280] HW.Memory <Error> core\memory.cpp:Memory::MemorySystem::Write:528: unmapped Write8 0x00000000 @ 0x00000B81 at PC 0x010F3548
[   6.369280] HW.Memory <Error> core\memory.cpp:Memory::MemorySystem::Write:528: unmapped Write8 0x00000000 @ 0x00000B82 at PC 0x010F3548
[   6.369281] HW.Memory <Error> core\memory.cpp:Memory::MemorySystem::Write:528: unmapped Write8 0x00000000 @ 0x00000B83 at PC 0x010F3548
[   6.369281] HW.Memory <Error> core\memory.cpp:Memory::MemorySystem::Write:528: unmapped Write8 0x00000000 @ 0x00000B84 at PC 0x010F3548
[   6.369282] HW.Memory <Error> core\memory.cpp:Memory::MemorySystem::Write:528: unmapped Write8 0x00000000 @ 0x00000B85 at PC 0x010F3548
[   6.369283] HW.Memory <Error> core\memory.cpp:Memory::MemorySystem::Write:528: unmapped Write8 0x00000000 @ 0x00000B86 at PC 0x010F3548
[   6.369283] HW.Memory <Error> core\memory.cpp:Memory::MemorySystem::Write:528: unmapped Write8 0x00000000 @ 0x00000B87 at PC 0x010F3548
[   6.369284] HW.Memory <Error> core\memory.cpp:Memory::MemorySystem::Write:528: unmapped Write8 0x00000000 @ 0x00000B88 at PC 0x010F3548
[   6.369285] HW.Memory <Error> core\memory.cpp:Memory::MemorySystem::Write:528: unmapped Write8 0x00000000 @ 0x00000B89 at PC 0x010F3548
[   6.369285] HW.Memory <Error> core\memory.cpp:Memory::MemorySystem::Write:528: unmapped Write8 0x00000000 @ 0x00000B8A at PC 0x010F3548
[   6.369286] HW.Memory <Error> core\memory.cpp:Memory::MemorySystem::Write:528: unmapped Write8 0x00000000 @ 0x00000B8B at PC 0x010F3548
[   6.369286] HW.Memory <Error> core\memory.cpp:Memory::MemorySystem::Write:528: unmapped Write8 0x00000000 @ 0x00000B8C at PC 0x010F3548
[   6.369287] HW.Memory <Error> core\memory.cpp:Memory::MemorySystem::Write:528: unmapped Write8 0x00000000 @ 0x00000B8D at PC 0x010F3548
[   6.369287] HW.Memory <Error> core\memory.cpp:Memory::MemorySystem::Write:528: unmapped Write8 0x00000000 @ 0x00000B8E at PC 0x010F3548
[   6.369288] HW.Memory <Error> core\memory.cpp:Memory::MemorySystem::Write:528: unmapped Write8 0x00000000 @ 0x00000B8F at PC 0x010F3548
[   6.369288] HW.Memory <Error> core\memory.cpp:Memory::MemorySystem::Write:528: unmapped Write8 0x00000000 @ 0x00000B90 at PC 0x010F3548
[   6.369289] HW.Memory <Error> core\memory.cpp:Memory::MemorySystem::Write:528: unmapped Write8 0x00000000 @ 0x00000B91 at PC 0x010F3548
[   6.369289] HW.Memory <Error> core\memory.cpp:Memory::MemorySystem::Write:528: unmapped Write8 0x00000000 @ 0x00000B92 at PC 0x010F3548
[   6.369290] HW.Memory <Error> core\memory.cpp:Memory::MemorySystem::Write:528: unmapped Write8 0x00000000 @ 0x00000B93 at PC 0x010F3548
[   6.369290] HW.Memory <Error> core\memory.cpp:Memory::MemorySystem::Write:528: unmapped Write8 0x00000000 @ 0x00000B94 at PC 0x010F3548
[   6.369291] HW.Memory <Error> core\memory.cpp:Memory::MemorySystem::Write:528: unmapped Write8 0x00000000 @ 0x00000B95 at PC 0x010F3548
[   6.369291] HW.Memory <Error> core\memory.cpp:Memory::MemorySystem::Write:528: unmapped Write8 0x00000000 @ 0x00000B96 at PC 0x010F3548
[   6.369292] HW.Memory <Error> core\memory.cpp:Memory::MemorySystem::Write:528: unmapped Write8 0x00000000 @ 0x00000B97 at PC 0x010F3548
[   6.369293] HW.Memory <Error> core\memory.cpp:Memory::MemorySystem::Write:528: unmapped Write8 0x00000000 @ 0x00000B98 at PC 0x010F3548
[   6.369293] HW.Memory <Error> core\memory.cpp:Memory::MemorySystem::Write:528: unmapped Write8 0x00000000 @ 0x00000B99 at PC 0x010F3548
[   6.369294] HW.Memory <Error> core\memory.cpp:Memory::MemorySystem::Write:528: unmapped Write8 0x00000000 @ 0x00000B9A at PC 0x010F3548
[   6.369294] HW.Memory <Error> core\memory.cpp:Memory::MemorySystem::Write:528: unmapped Write8 0x00000000 @ 0x00000B9B at PC 0x010F3548
[   6.369295] HW.Memory <Error> core\memory.cpp:Memory::MemorySystem::Write:528: unmapped Write8 0x00000000 @ 0x00000B9C at PC 0x010F3548
[   6.369295] HW.Memory <Error> core\memory.cpp:Memory::MemorySystem::Write:528: unmapped Write8 0x00000000 @ 0x00000B9D at PC 0x010F3548
[   6.369296] HW.Memory <Error> core\memory.cpp:Memory::MemorySystem::Write:528: unmapped Write8 0x00000000 @ 0x00000B9E at PC 0x010F3548
[   6.369296] HW.Memory <Error> core\memory.cpp:Memory::MemorySystem::Write:528: unmapped Write8 0x00000000 @ 0x00000B9F at PC 0x010F3548
[   6.369297] HW.Memory <Error> core\memory.cpp:Memory::MemorySystem::Write:528: unmapped Write8 0x00000000 @ 0x00000BA0 at PC 0x010F3548
[   6.369297] HW.Memory <Error> core\memory.cpp:Memory::MemorySystem::Write:528: unmapped Write8 0x00000000 @ 0x00000BA1 at PC 0x010F3548
[   6.369298] HW.Memory <Error> core\memory.cpp:Memory::MemorySystem::Write:528: unmapped Write8 0x00000000 @ 0x00000BA2 at PC 0x010F3548
[   6.369299] HW.Memory <Error> core\memory.cpp:Memory::MemorySystem::Write:528: unmapped Write8 0x00000000 @ 0x00000BA3 at PC 0x010F3548
[   6.369299] HW.Memory <Error> core\memory.cpp:Memory::MemorySystem::Write:528: unmapped Write8 0x00000000 @ 0x00000BA4 at PC 0x010F3548
[   6.369300] HW.Memory <Error> core\memory.cpp:Memory::MemorySystem::Write:528: unmapped Write8 0x00000000 @ 0x00000BA5 at PC 0x010F3548
[   6.369300] HW.Memory <Error> core\memory.cpp:Memory::MemorySystem::Write:528: unmapped Write8 0x00000000 @ 0x00000BA6 at PC 0x010F3548
[   6.369301] HW.Memory <Error> core\memory.cpp:Memory::MemorySystem::Write:528: unmapped Write8 0x00000000 @ 0x00000BA7 at PC 0x010F3548
[   6.369301] HW.Memory <Error> core\memory.cpp:Memory::MemorySystem::Write:528: unmapped Write8 0x00000000 @ 0x00000BA8 at PC 0x010F3548
[   6.369302] HW.Memory <Error> core\memory.cpp:Memory::MemorySystem::Write:528: unmapped Write8 0x00000000 @ 0x00000BA9 at PC 0x010F3548
[   6.369302] HW.Memory <Error> core\memory.cpp:Memory::MemorySystem::Write:528: unmapped Write8 0x00000000 @ 0x00000BAA at PC 0x010F3548
[   6.369303] HW.Memory <Error> core\memory.cpp:Memory::MemorySystem::Write:528: unmapped Write8 0x00000000 @ 0x00000BAB at PC 0x010F3548
[   6.369303] HW.Memory <Error> core\memory.cpp:Memory::MemorySystem::Write:528: unmapped Write8 0x00000000 @ 0x00000BAC at PC 0x010F3548
[   6.369304] HW.Memory <Error> core\memory.cpp:Memory::MemorySystem::Write:528: unmapped Write8 0x00000000 @ 0x00000BAD at PC 0x010F3548
[   6.369304] HW.Memory <Error> core\memory.cpp:Memory::MemorySystem::Write:528: unmapped Write8 0x00000000 @ 0x00000BAE at PC 0x010F3548
[   6.369305] HW.Memory <Error> core\memory.cpp:Memory::MemorySystem::Write:528: unmapped Write8 0x00000000 @ 0x00000BAF at PC 0x010F3548
[   6.369305] HW.Memory <Error> core\memory.cpp:Memory::MemorySystem::Write:528: unmapped Write8 0x00000000 @ 0x00000BB0 at PC 0x010F3548
[   6.369306] HW.Memory <Error> core\memory.cpp:Memory::MemorySystem::Write:528: unmapped Write8 0x00000000 @ 0x00000BB1 at PC 0x010F3548
[   6.369307] HW.Memory <Error> core\memory.cpp:Memory::MemorySystem::Write:528: unmapped Write8 0x00000000 @ 0x00000BB2 at PC 0x010F3548
[   6.369307] HW.Memory <Error> core\memory.cpp:Memory::MemorySystem::Write:528: unmapped Write8 0x00000000 @ 0x00000BB3 at PC 0x010F3548
[   6.369308] HW.Memory <Error> core\memory.cpp:Memory::MemorySystem::Write:528: unmapped Write8 0x00000000 @ 0x00000BB4 at PC 0x010F3548
[   6.369308] HW.Memory <Error> core\memory.cpp:Memory::MemorySystem::Write:528: unmapped Write8 0x00000000 @ 0x00000BB5 at PC 0x010F3548
[   6.369309] HW.Memory <Error> core\memory.cpp:Memory::MemorySystem::Write:528: unmapped Write8 0x00000000 @ 0x00000BB6 at PC 0x010F3548
[   6.369309] HW.Memory <Error> core\memory.cpp:Memory::MemorySystem::Write:528: unmapped Write8 0x00000000 @ 0x00000BB7 at PC 0x010F3548
[   6.369310] HW.Memory <Error> core\memory.cpp:Memory::MemorySystem::Write:528: unmapped Write8 0x00000000 @ 0x00000BB8 at PC 0x010F3548
[   6.369310] HW.Memory <Error> core\memory.cpp:Memory::MemorySystem::Write:528: unmapped Write8 0x00000000 @ 0x00000BB9 at PC 0x010F3548
[   6.369311] HW.Memory <Error> core\memory.cpp:Memory::MemorySystem::Write:528: unmapped Write8 0x00000000 @ 0x00000BBA at PC 0x010F3548
[   6.369311] HW.Memory <Error> core\memory.cpp:Memory::MemorySystem::Write:528: unmapped Write8 0x00000000 @ 0x00000BBB at PC 0x010F3548
[   6.369312] HW.Memory <Error> core\memory.cpp:Memory::MemorySystem::Write:528: unmapped Write8 0x00000000 @ 0x00000BBC at PC 0x010F3548
[   6.369312] HW.Memory <Error> core\memory.cpp:Memory::MemorySystem::Write:528: unmapped Write8 0x00000000 @ 0x00000BBD at PC 0x010F3548
[   6.369313] HW.Memory <Error> core\memory.cpp:Memory::MemorySystem::Write:528: unmapped Write8 0x00000000 @ 0x00000BBE at PC 0x010F3548
[   6.369313] HW.Memory <Error> core\memory.cpp:Memory::MemorySystem::Write:528: unmapped Write8 0x00000000 @ 0x00000BBF at PC 0x010F3548
[   6.369314] HW.Memory <Error> core\memory.cpp:Memory::MemorySystem::Write:528: unmapped Write8 0x00000000 @ 0x00000BC0 at PC 0x010F3548
[   6.369315] HW.Memory <Error> core\memory.cpp:Memory::MemorySystem::Write:528: unmapped Write8 0x00000000 @ 0x00000BC1 at PC 0x010F3548
[   6.369315] HW.Memory <Error> core\memory.cpp:Memory::MemorySystem::Write:528: unmapped Write8 0x00000000 @ 0x00000BC2 at PC 0x010F3548
[   6.369316] HW.Memory <Error> core\memory.cpp:Memory::MemorySystem::Write:528: unmapped Write8 0x00000000 @ 0x00000BC3 at PC 0x010F3548
[   6.369316] HW.Memory <Error> core\memory.cpp:Memory::MemorySystem::Write:528: unmapped Write8 0x00000000 @ 0x00000BC4 at PC 0x010F3548
[   6.369317] HW.Memory <Error> core\memory.cpp:Memory::MemorySystem::Write:528: unmapped Write8 0x00000000 @ 0x00000BC5 at PC 0x010F3548
[   6.369317] HW.Memory <Error> core\memory.cpp:Memory::MemorySystem::Write:528: unmapped Write8 0x00000000 @ 0x00000BC6 at PC 0x010F3548
[   6.369318] HW.Memory <Error> core\memory.cpp:Memory::MemorySystem::Write:528: unmapped Write8 0x00000000 @ 0x00000BC7 at PC 0x010F3548
[   6.369318] HW.Memory <Error> core\memory.cpp:Memory::MemorySystem::Write:528: unmapped Write8 0x00000000 @ 0x00000BC8 at PC 0x010F3548
[   6.369319] HW.Memory <Error> core\memory.cpp:Memory::MemorySystem::Write:528: unmapped Write8 0x00000000 @ 0x00000BC9 at PC 0x010F3548
[   6.369320] HW.Memory <Error> core\memory.cpp:Memory::MemorySystem::Write:528: unmapped Write8 0x00000000 @ 0x00000BCA at PC 0x010F3548
[   6.369321] HW.Memory <Error> core\memory.cpp:Memory::MemorySystem::Write:528: unmapped Write8 0x00000000 @ 0x00000BCB at PC 0x010F3548
[   6.369321] HW.Memory <Error> core\memory.cpp:Memory::MemorySystem::Write:528: unmapped Write8 0x00000000 @ 0x00000BCC at PC 0x010F3548
[   6.369322] HW.Memory <Error> core\memory.cpp:Memory::MemorySystem::Write:528: unmapped Write8 0x00000000 @ 0x00000BCD at PC 0x010F3548
[   6.369323] HW.Memory <Error> core\memory.cpp:Memory::MemorySystem::Write:528: unmapped Write8 0x00000000 @ 0x00000BCE at PC 0x010F3548
[   6.369323] HW.Memory <Error> core\memory.cpp:Memory::MemorySystem::Write:528: unmapped Write8 0x00000000 @ 0x00000BCF at PC 0x010F3548
[   6.369324] HW.Memory <Error> core\memory.cpp:Memory::MemorySystem::Write:528: unmapped Write8 0x00000000 @ 0x00000BD0 at PC 0x010F3548
[   6.369324] HW.Memory <Error> core\memory.cpp:Memory::MemorySystem::Write:528: unmapped Write8 0x00000000 @ 0x00000BD1 at PC 0x010F3548
[   6.369325] HW.Memory <Error> core\memory.cpp:Memory::MemorySystem::Write:528: unmapped Write8 0x00000000 @ 0x00000BD2 at PC 0x010F3548
[   6.369325] HW.Memory <Error> core\memory.cpp:Memory::MemorySystem::Write:528: unmapped Write8 0x00000000 @ 0x00000BD3 at PC 0x010F3548
[   6.369326] HW.Memory <Error> core\memory.cpp:Memory::MemorySystem::Write:528: unmapped Write8 0x00000000 @ 0x00000BD4 at PC 0x010F3548
[   6.369326] HW.Memory <Error> core\memory.cpp:Memory::MemorySystem::Write:528: unmapped Write8 0x00000000 @ 0x00000BD5 at PC 0x010F3548
[   6.369327] HW.Memory <Error> core\memory.cpp:Memory::MemorySystem::Write:528: unmapped Write8 0x00000000 @ 0x00000BD6 at PC 0x010F3548
[   6.369327] HW.Memory <Error> core\memory.cpp:Memory::MemorySystem::Write:528: unmapped Write8 0x00000000 @ 0x00000BD7 at PC 0x010F3548
[   6.369328] HW.Memory <Error> core\memory.cpp:Memory::MemorySystem::Write:528: unmapped Write8 0x00000000 @ 0x00000BD8 at PC 0x010F3548
[   6.369329] HW.Memory <Error> core\memory.cpp:Memory::MemorySystem::Write:528: unmapped Write8 0x00000000 @ 0x00000BD9 at PC 0x010F3548
[   6.369329] HW.Memory <Error> core\memory.cpp:Memory::MemorySystem::Write:528: unmapped Write8 0x00000000 @ 0x00000BDA at PC 0x010F3548
[   6.369330] HW.Memory <Error> core\memory.cpp:Memory::MemorySystem::Write:528: unmapped Write8 0x00000000 @ 0x00000BDB at PC 0x010F3548
[   6.369330] HW.Memory <Error> core\memory.cpp:Memory::MemorySystem::Write:528: unmapped Write8 0x00000000 @ 0x00000BDC at PC 0x010F3548
[   6.369331] HW.Memory <Error> core\memory.cpp:Memory::MemorySystem::Write:528: unmapped Write8 0x00000000 @ 0x00000BDD at PC 0x010F3548
[   6.369331] HW.Memory <Error> core\memory.cpp:Memory::MemorySystem::Write:528: unmapped Write8 0x00000000 @ 0x00000BDE at PC 0x010F3548
[   6.369332] HW.Memory <Error> core\memory.cpp:Memory::MemorySystem::Write:528: unmapped Write8 0x00000000 @ 0x00000BDF at PC 0x010F3548
[   6.369332] HW.Memory <Error> core\memory.cpp:Memory::MemorySystem::Write:528: unmapped Write8 0x00000000 @ 0x00000BE0 at PC 0x010F3548
[   6.369333] HW.Memory <Error> core\memory.cpp:Memory::MemorySystem::Write:528: unmapped Write8 0x00000000 @ 0x00000BE1 at PC 0x010F3548
[   6.369334] HW.Memory <Error> core\memory.cpp:Memory::MemorySystem::Write:528: unmapped Write8 0x00000000 @ 0x00000BE2 at PC 0x010F3548
[   6.369334] HW.Memory <Error> core\memory.cpp:Memory::MemorySystem::Write:528: unmapped Write8 0x00000000 @ 0x00000BE3 at PC 0x010F3548
[   6.369335] HW.Memory <Error> core\memory.cpp:Memory::MemorySystem::Write:528: unmapped Write8 0x00000000 @ 0x00000BE4 at PC 0x010F3548
[   6.369335] HW.Memory <Error> core\memory.cpp:Memory::MemorySystem::Write:528: unmapped Write8 0x00000000 @ 0x00000BE5 at PC 0x010F3548
[   6.369336] HW.Memory <Error> core\memory.cpp:Memory::MemorySystem::Write:528: unmapped Write8 0x00000000 @ 0x00000BE6 at PC 0x010F3548
[   6.369336] HW.Memory <Error> core\memory.cpp:Memory::MemorySystem::Write:528: unmapped Write8 0x00000000 @ 0x00000BE7 at PC 0x010F3548
[   6.369337] HW.Memory <Error> core\memory.cpp:Memory::MemorySystem::Write:528: unmapped Write8 0x00000000 @ 0x00000BE8 at PC 0x010F3548
[   6.369337] HW.Memory <Error> core\memory.cpp:Memory::MemorySystem::Write:528: unmapped Write8 0x00000000 @ 0x00000BE9 at PC 0x010F3548
[   6.369338] HW.Memory <Error> core\memory.cpp:Memory::MemorySystem::Write:528: unmapped Write8 0x00000000 @ 0x00000BEA at PC 0x010F3548
[   6.369338] HW.Memory <Error> core\memory.cpp:Memory::MemorySystem::Write:528: unmapped Write8 0x00000000 @ 0x00000BEB at PC 0x010F3548
[   6.369339] HW.Memory <Error> core\memory.cpp:Memory::MemorySystem::Write:528: unmapped Write8 0x00000000 @ 0x00000BEC at PC 0x010F3548
[   6.369339] HW.Memory <Error> core\memory.cpp:Memory::MemorySystem::Write:528: unmapped Write8 0x00000000 @ 0x00000BED at PC 0x010F3548
[   6.369340] HW.Memory <Error> core\memory.cpp:Memory::MemorySystem::Write:528: unmapped Write8 0x00000000 @ 0x00000BEE at PC 0x010F3548
[   6.369340] HW.Memory <Error> core\memory.cpp:Memory::MemorySystem::Write:528: unmapped Write8 0x00000000 @ 0x00000BEF at PC 0x010F3548
[   6.369341] HW.Memory <Error> core\memory.cpp:Memory::MemorySystem::Write:528: unmapped Write8 0x00000000 @ 0x00000BF0 at PC 0x010F3548
[   6.369341] HW.Memory <Error> core\memory.cpp:Memory::MemorySystem::Write:528: unmapped Write8 0x00000000 @ 0x00000BF1 at PC 0x010F3548
[   6.369342] HW.Memory <Error> core\memory.cpp:Memory::MemorySystem::Write:528: unmapped Write8 0x00000000 @ 0x00000BF2 at PC 0x010F3548
[   6.369343] HW.Memory <Error> core\memory.cpp:Memory::MemorySystem::Write:528: unmapped Write8 0x00000000 @ 0x00000BF3 at PC 0x010F3548
[   6.369343] HW.Memory <Error> core\memory.cpp:Memory::MemorySystem::Write:528: unmapped Write8 0x00000000 @ 0x00000BF4 at PC 0x010F3548
[   6.369344] HW.Memory <Error> core\memory.cpp:Memory::MemorySystem::Write:528: unmapped Write8 0x00000000 @ 0x00000BF5 at PC 0x010F3548
[   6.369344] HW.Memory <Error> core\memory.cpp:Memory::MemorySystem::Write:528: unmapped Write8 0x00000000 @ 0x00000BF6 at PC 0x010F3548
[   6.369345] HW.Memory <Error> core\memory.cpp:Memory::MemorySystem::Write:528: unmapped Write8 0x00000000 @ 0x00000BF7 at PC 0x010F3548
[   6.369345] HW.Memory <Error> core\memory.cpp:Memory::MemorySystem::Write:528: unmapped Write8 0x00000000 @ 0x00000BF8 at PC 0x010F3548
[   6.369346] HW.Memory <Error> core\memory.cpp:Memory::MemorySystem::Write:528: unmapped Write8 0x00000000 @ 0x00000BF9 at PC 0x010F3548
[   6.369347] HW.Memory <Error> core\memory.cpp:Memory::MemorySystem::Write:528: unmapped Write8 0x00000000 @ 0x00000BFA at PC 0x010F3548
[   6.369347] HW.Memory <Error> core\memory.cpp:Memory::MemorySystem::Write:528: unmapped Write8 0x00000000 @ 0x00000BFB at PC 0x010F3548
[   6.369348] HW.Memory <Error> core\memory.cpp:Memory::MemorySystem::Write:528: unmapped Write8 0x00000000 @ 0x00000BFC at PC 0x010F3548
[   6.369348] HW.Memory <Error> core\memory.cpp:Memory::MemorySystem::Write:528: unmapped Write8 0x00000000 @ 0x00000BFD at PC 0x010F3548
[   6.369349] HW.Memory <Error> core\memory.cpp:Memory::MemorySystem::Write:528: unmapped Write8 0x00000000 @ 0x00000BFE at PC 0x010F3548
[   6.369350] HW.Memory <Error> core\memory.cpp:Memory::MemorySystem::Write:528: unmapped Write8 0x00000000 @ 0x00000BFF at PC 0x010F3548
[   6.369350] HW.Memory <Error> core\memory.cpp:Memory::MemorySystem::Write:528: unmapped Write8 0x00000000 @ 0x00000C00 at PC 0x010F3548
[   6.369351] HW.Memory <Error> core\memory.cpp:Memory::MemorySystem::Write:528: unmapped Write8 0x00000000 @ 0x00000C01 at PC 0x010F3548
[   6.369351] HW.Memory <Error> core\memory.cpp:Memory::MemorySystem::Write:528: unmapped Write8 0x00000000 @ 0x00000C02 at PC 0x010F3548
[   6.369352] HW.Memory <Error> core\memory.cpp:Memory::MemorySystem::Write:528: unmapped Write8 0x00000000 @ 0x00000C03 at PC 0x010F3548
[   6.369352] HW.Memory <Error> core\memory.cpp:Memory::MemorySystem::Write:528: unmapped Write8 0x00000000 @ 0x00000C04 at PC 0x010F3548
[   6.369353] HW.Memory <Error> core\memory.cpp:Memory::MemorySystem::Write:528: unmapped Write8 0x00000000 @ 0x00000C05 at PC 0x010F3548
[   6.369354] HW.Memory <Error> core\memory.cpp:Memory::MemorySystem::Write:528: unmapped Write8 0x00000000 @ 0x00000C06 at PC 0x010F3548
[   6.369354] HW.Memory <Error> core\memory.cpp:Memory::MemorySystem::Write:528: unmapped Write8 0x00000000 @ 0x00000C07 at PC 0x010F3548
[   6.369355] HW.Memory <Error> core\memory.cpp:Memory::MemorySystem::Write:528: unmapped Write8 0x00000000 @ 0x00000C08 at PC 0x010F3548
[   6.369355] HW.Memory <Error> core\memory.cpp:Memory::MemorySystem::Write:528: unmapped Write8 0x00000000 @ 0x00000C09 at PC 0x010F3548
[   6.369356] HW.Memory <Error> core\memory.cpp:Memory::MemorySystem::Write:528: unmapped Write8 0x00000000 @ 0x00000C0A at PC 0x010F3548
[   6.369356] HW.Memory <Error> core\memory.cpp:Memory::MemorySystem::Write:528: unmapped Write8 0x00000000 @ 0x00000C0B at PC 0x010F3548
[   6.369357] HW.Memory <Error> core\memory.cpp:Memory::MemorySystem::Write:528: unmapped Write8 0x00000000 @ 0x00000C0C at PC 0x010F3548
[   6.369358] HW.Memory <Error> core\memory.cpp:Memory::MemorySystem::Write:528: unmapped Write8 0x00000000 @ 0x00000C0D at PC 0x010F3548
[   6.369358] HW.Memory <Error> core\memory.cpp:Memory::MemorySystem::Write:528: unmapped Write8 0x00000000 @ 0x00000C0E at PC 0x010F3548
[   6.369359] HW.Memory <Error> core\memory.cpp:Memory::MemorySystem::Write:528: unmapped Write8 0x00000000 @ 0x00000C0F at PC 0x010F3548
[   6.369359] HW.Memory <Error> core\memory.cpp:Memory::MemorySystem::Write:528: unmapped Write8 0x00000000 @ 0x00000C10 at PC 0x010F3548
[   6.369360] HW.Memory <Error> core\memory.cpp:Memory::MemorySystem::Write:528: unmapped Write8 0x00000000 @ 0x00000C11 at PC 0x010F3548
[   6.369360] HW.Memory <Error> core\memory.cpp:Memory::MemorySystem::Write:528: unmapped Write8 0x00000000 @ 0x00000C12 at PC 0x010F3548
[   6.369361] HW.Memory <Error> core\memory.cpp:Memory::MemorySystem::Write:528: unmapped Write8 0x00000000 @ 0x00000C13 at PC 0x010F3548
[   6.369362] HW.Memory <Error> core\memory.cpp:Memory::MemorySystem::Write:528: unmapped Write8 0x00000000 @ 0x00000C14 at PC 0x010F3548
[   6.369362] HW.Memory <Error> core\memory.cpp:Memory::MemorySystem::Write:528: unmapped Write8 0x00000000 @ 0x00000C15 at PC 0x010F3548
[   6.369363] HW.Memory <Error> core\memory.cpp:Memory::MemorySystem::Write:528: unmapped Write8 0x00000000 @ 0x00000C16 at PC 0x010F3548
[   6.369363] HW.Memory <Error> core\memory.cpp:Memory::MemorySystem::Write:528: unmapped Write8 0x00000000 @ 0x00000C17 at PC 0x010F3548
[   6.369364] HW.Memory <Error> core\memory.cpp:Memory::MemorySystem::Write:528: unmapped Write8 0x00000000 @ 0x00000C18 at PC 0x010F3548
[   6.369365] HW.Memory <Error> core\memory.cpp:Memory::MemorySystem::Write:528: unmapped Write8 0x00000000 @ 0x00000C19 at PC 0x010F3548
[   6.369365] HW.Memory <Error> core\memory.cpp:Memory::MemorySystem::Write:528: unmapped Write8 0x00000000 @ 0x00000C1A at PC 0x010F3548
[   6.369366] HW.Memory <Error> core\memory.cpp:Memory::MemorySystem::Write:528: unmapped Write8 0x00000000 @ 0x00000C1B at PC 0x010F3548
[   6.369366] HW.Memory <Error> core\memory.cpp:Memory::MemorySystem::Write:528: unmapped Write8 0x00000000 @ 0x00000C1C at PC 0x010F3548
[   6.369367] HW.Memory <Error> core\memory.cpp:Memory::MemorySystem::Write:528: unmapped Write8 0x00000000 @ 0x00000C1D at PC 0x010F3548
[   6.369367] HW.Memory <Error> core\memory.cpp:Memory::MemorySystem::Write:528: unmapped Write8 0x00000000 @ 0x00000C1E at PC 0x010F3548
[   6.369368] HW.Memory <Error> core\memory.cpp:Memory::MemorySystem::Write:528: unmapped Write8 0x00000000 @ 0x00000C1F at PC 0x010F3548
[   6.369369] HW.Memory <Error> core\memory.cpp:Memory::MemorySystem::Write:528: unmapped Write8 0x00000000 @ 0x00000C20 at PC 0x010F3548
[   6.369369] HW.Memory <Error> core\memory.cpp:Memory::MemorySystem::Write:528: unmapped Write8 0x00000000 @ 0x00000C21 at PC 0x010F3548
[   6.369370] HW.Memory <Error> core\memory.cpp:Memory::MemorySystem::Write:528: unmapped Write8 0x00000000 @ 0x00000C22 at PC 0x010F3548
[   6.369370] HW.Memory <Error> core\memory.cpp:Memory::MemorySystem::Write:528: unmapped Write8 0x00000000 @ 0x00000C23 at PC 0x010F3548
[   6.369371] HW.Memory <Error> core\memory.cpp:Memory::MemorySystem::Write:528: unmapped Write8 0x00000000 @ 0x00000C24 at PC 0x010F3548
[   6.369385] HW.Memory <Error> core\memory.cpp:Memory::MemorySystem::Write:528: unmapped Write8 0x00000000 @ 0x00000C25 at PC 0x010F3548
[   6.369386] HW.Memory <Error> core\memory.cpp:Memory::MemorySystem::Write:528: unmapped Write8 0x00000000 @ 0x00000C26 at PC 0x010F3548
[   6.369387] HW.Memory <Error> core\memory.cpp:Memory::MemorySystem::Write:528: unmapped Write8 0x00000000 @ 0x00000C27 at PC 0x010F3548
[   6.369387] HW.Memory <Error> core\memory.cpp:Memory::MemorySystem::Read:479: unmapped Read8 @ 0x00000C28 at PC 0x010F348C
[   6.369388] HW.Memory <Error> core\memory.cpp:Memory::MemorySystem::Read:479: unmapped Read8 @ 0x00000828 at PC 0x010F348C
[   6.369390] HW.Memory <Error> core\memory.cpp:Memory::MemorySystem::Write:528: unmapped Write16 0x00000000 @ 0x00000024 at PC 0x010F34D0
[   6.369393] HW.Memory <Error> core\memory.cpp:Memory::MemorySystem::Impl::ReadBlockImpl:178: unmapped ReadBlock @ 0x00000024 (start address = 0x00000024, size = 2) at PC 0x010F0A78
[   6.369398] Service.FS <Error> core\file_sys\archive_sdmc.cpp:FileSys::SDMCArchive::OpenFileBase:64: Invalid path [Wchar: ]
[   6.473058] RPC_Server <Info> core\rpc\server.cpp:Core::RPC::Server::NewRequestCallback:36: Received end packet
[   6.473941] Audio.DSP <Info> audio_core\hle\aac_decoder.cpp:AudioCore::HLE::AACDecoder::~AACDecoder:35: Destroyed FAAD2 AAC decoder.
[   6.474398] Audio.Sink <Info> audio_core\cubeb_sink.cpp:AudioCore::CubebSink::Impl::StateCallback:138: Cubeb Audio Stream Stopped
[   6.478536] Kernel <Info> core\hle\kernel\process.cpp:Kernel::Process::~Process:634: Cleaning up process 11
[   6.478536] Kernel <Info> core\hle\kernel\process.cpp:Kernel::Process::~Process:634: Cleaning up process 11
